ID,BC,pMHC,NT400-R1-1E3X,NT400-R1-1E4X,NT400-R2-1E1X,NT400-R2-1E2X,NT400-R2-1E3X,NT400-R2-1E4X,NT438-1E1X-R1,NT438-1E1X-R2,NT438-1E2X-R1,NT438-1E2X-R2,NT438-1E3X-R1,NT438-1E3X-R2,NT438-1E4X-R1,NT438-A02-1E1-T,NT438-A02-1E2-T,NT438-A02-1E3-T,NT438-B08-1E1-T,NT438-B08-1E2-T,NT438-B08-1E3-T
1,CCAGccagcacgcaagacgaactgc,NC,-2.882643049361841,-1.560714954474479,-2.0413407953808993,1.820106829466452,-0.03297732244627283,-1.024662054234269,-0.9816991832570563,-0.5456000684503828,-2.969626350956481,-1.9938738972031587,-2.518964941946916,-3.628589433121414,-1.306661338234052,1.0,0.0,0.0,0.0,0.0,0.0
2,CCACccagcacgcaagacgaactgc,NC,-3.230297619421794,-2.34577483684173,4.407441912337225,-1.976541027176011,-1.5044725828607883,-1.316027493447678,1.1412194177318091,1.7703417313712484,-1.4391116342577015,-1.891623838955208,-2.817623257511431,-3.232660756790275,-0.4391116342577015,0.0,0.0,0.0,1.0,0.0,0.0
3,CCCGccagcacgcaagacgaactgc,NC,-2.8744691179161412,-2.312590230308026,-1.538866086131702,0.5080005189062721,-1.137503523749935,-1.6520766965796931,-1.6020360140800978,-1.5514099410101296,-2.051838931519618,-2.9499593175004044,-2.1239887172754535,-2.321928094887362,-1.4786535985748155,0.0,0.0,0.0,0.0,0.0,0.0
4,CCCCccagcacgcaagacgaactgc,NC,-2.3536369546147005,-1.3536369546147005,2.847125450750205,-1.7162070339994087,-1.7162070339994087,-1.9385994553358568,3.3923174227787602,0.5849625007211562,-1.6166713604484944,-2.0641303374197157,-2.3536369546147005,-1.8231222379159209,-0.9385994553358568,0.0,0.0,0.0,0.0,0.0,0.0
5,CCTGccagcacgcaagacgaactgc,NC,-2.270853910293093,-2.572023445013658,-6.0574502721839,-3.2919155258209227,-1.4368638617320222,-1.7794655248841345,-4.014950341465972,-3.314510623324879,-2.6691755046242416,-3.351985328743542,-3.429987840744815,-2.277984747299765,-0.5999128421871277,0.0,0.0,0.0,0.0,0.0,0.0
6,CCTCccagcacgcaagacgaactgc,NC,-2.807354922057604,-1.8073549220576042,-2.642295675787108,-2.9448584458075393,-2.018859027251316,-1.944858445807539,-3.6363093807213764,-3.115477217419936,-2.574908836057233,-3.5160151470036647,-2.5160151470036647,-3.3525164147207853,-1.0830557397275584,0.0,0.0,0.0,0.0,0.0,0.0
7,CGAGccagcacgcaagacgaactgc,NC,-3.23116263096418,-2.6818240399737454,-5.266786540694901,-2.755824621417522,0.03699420748220157,-1.4288432988038742,-3.4594316186372973,-3.7295207820050416,-2.390718868553283,-1.4950555283680185,-2.667236503750699,-3.357552004618084,-1.9100930276468626,0.0,0.0,0.0,0.0,0.0,0.0
8,CGACccagcacgcaagacgaactgc,NC,-2.7813597135246595,-1.7813597135246597,-4.196397212803504,-2.4594316186372973,-1.533432200081074,-0.8744691179161412,-2.526068811667588,-2.710493382805015,-2.6463630453852995,-1.8845227825800641,-0.6621303612436161,-2.3625700793847084,-0.8300749985576876,0.0,0.0,0.0,0.0,-1.0,0.0
9,CGCGccagcacgcaagacgaactgc,NC,-2.2563397532597853,-2.59618975614441,-5.274261661257048,-2.4669067391994437,-0.19104829300806642,-1.4162806661294758,-2.934546938511384,-3.3341543972206216,-2.496425826119499,-1.9114633253983428,-2.5311912442801754,-2.911463325398343,-1.8553202473608088,0.0,0.0,0.0,1.0,0.0,0.0
10,CGCCccagcacgcaagacgaactgc,NC,-2.9341120643435428,-2.571541984958835,-2.0410272682600548,-1.9865794842376785,-2.9341120643435428,-1.4935394729575615,-3.075288127304237,-2.490325626583081,-2.975752453753323,-3.075288127304237,-1.423211430724544,-2.297680548640685,-1.1822033312207492,0.0,0.0,0.0,0.0,0.0,0.0
11,CGTGccagcacgcaagacgaactgc,NC,-2.9381312758604228,-2.236036141541269,-9.004220466318195,-3.0269405428182785,-2.4573260064305584,-1.8852793935946874,-3.7246262869773803,-3.266636642513989,-2.7010394666597644,-2.8401035043973164,-2.716721088892034,-2.6177110830608683,-1.4642366023991502,0.0,0.0,0.0,0.0,0.0,0.0
12,CGTCccagcacgcaagacgaactgc,NC,-2.7500217469916524,-2.6244908649077936,-3.261920785523085,-3.5573766690492565,-1.9507190972287816,-1.3947564682301776,-4.022936811277159,-2.3894757928648125,-2.168787677740614,-2.7691802190313757,-2.9684890272547824,-2.041552489444506,-1.9774221520247903,0.0,0.0,0.0,0.0,0.0,-1.0
13,CTAGccagcacgcaagacgaactgc,NC,-2.876193798385602,-1.5849625007211563,-9.124121311829187,-3.66468969319189,-2.0473057147783567,-0.9049527913670259,-2.713695814843359,-2.5893676798411573,-2.2490275478399147,-3.524661990453342,-2.1480986389891337,-2.438688767343489,-1.2914628141603113,0.0,0.0,0.0,0.0,0.0,0.0
14,CTACccagcacgcaagacgaactgc,NC,-2.532787035708294,-2.441156560242726,-3.1059723686530964,-3.7086368711077116,-3.1059723686530964,-1.6691085069210743,-4.019193565233311,-1.569160644598263,-2.8041806742624606,-2.9196578916823963,-0.866546555222834,-2.7821543679324616,-2.5597619465960135,0.0,0.0,0.0,0.0,0.0,0.0
15,CTCGccagcacgcaagacgaactgc,NC,-2.4623432140572006,-2.3692338096657193,-4.146841388329271,-2.4306343543298623,-2.1728365968622154,-1.446401670188179,-2.103747924837829,-2.766712937560258,-1.292781749227846,-2.6147098441152083,-2.5103731843004726,-2.155278225477911,-0.41307598294555764,0.0,0.0,0.0,0.0,0.0,0.0
16,CTCCccagcacgcaagacgaactgc,NC,-2.351985328743542,-2.599912842187128,-5.014950341465972,-3.7925579201295236,-0.09211820198843142,-1.7419318470595555,-4.139551352398794,-2.7472339296200334,-3.3321964303411895,-2.3321964303411895,-2.4391116342577015,-2.5545888516776376,-1.2088140148359072,0.0,0.0,0.0,0.0,0.0,0.0
17,CTTGccagcacgcaagacgaactgc,NC,-2.668730858413754,-1.6531340033627355,-2.592379972283639,-3.3343118193431946,-1.007417471562483,-1.6453983545831303,-1.4249122472139593,-2.697490425718624,-1.9029595440186036,-2.9785105770257805,-1.342743705633133,-2.6473046685504076,-1.0378891241047121,0.0,0.0,0.0,0.0,0.0,-1.0
18,CTTCccagcacgcaagacgaactgc,NC,-2.9574395377719545,-2.372477037050798,-5.06177619758669,-3.0983020736118037,-2.4411897871348125,-1.2441529400752587,-3.4186397359590392,-3.0036022366801953,-2.581369235997148,-2.8660987129302606,-2.764815377093079,-2.4380050608259705,-0.7587151775566611,0.0,0.0,0.0,0.0,0.0,0.0
19,GCAGccagcacgcaagacgaactgc,NC,-2.37601561044966,-2.179323699444562,-2.193537558664263,-2.9937680462884857,-2.6229303509201767,-1.5118990385314328,-2.008933124770008,-1.4572069535227834,-2.8006911917765933,-2.7548875021634687,-2.930459066746923,-1.2791540711970708,-1.68163852013283,0.0,0.0,0.0,0.0,0.0,0.0
20,GCACccagcacgcaagacgaactgc,NC,-2.700439718141092,-2.1544713490358,-4.174370906473505,-2.700439718141092,-1.5241169455006291,-1.2047445555170233,-2.9781956296816516,-1.9078063017902536,-1.6562675347942892,-2.949626477484881,-1.6447718959564597,-2.374124306012791,-1.0674629677787388,0.0,0.0,0.0,0.0,0.0,0.0
21,GCCGccagcacgcaagacgaactgc,NC,-2.645603852060992,-2.230566352782148,-3.73580166103257,-2.8320169762918734,-1.1742981331354028,-1.5402508519147633,-2.7340773148413797,-2.623046002452636,2.430494452106726,-3.2349755507740614,-1.0086996949503853,-2.6591152571601575,-1.8131488858325784,0.0,0.0,0.0,0.0,0.0,0.0
22,GCCCccagcacgcaagacgaactgc,NC,-1.6629650127224294,-2.2844533894686996,-5.247927513443585,-1.6391182707680616,-1.7118746132033758,-1.9259994185562233,-2.2163179069267636,-2.6408157354546735,-1.6989186900182418,-2.274033404783051,-2.365181292841246,-2.2163179069267636,-1.0558532347335174,0.0,0.0,0.0,0.0,0.0,0.0
23,GCTGccagcacgcaagacgaactgc,NC,-2.664993834658367,-2.156605859044814,-10.211888294546004,-3.6883263384889906,-2.504529162465121,-1.7689447986972753,-3.313634073086282,-3.9217542947946904,0.22384402406122533,-3.713437058669965,-3.1653113261291805,-1.6686756076632159,-1.3113386150986195,0.0,0.0,0.0,0.0,0.0,0.0
24,GCTCccagcacgcaagacgaactgc,NC,-2.6274458320426697,-1.3438305487864237,-6.0,-3.6374299206152916,-0.42149252141614324,-1.7040671136455823,-3.2232438200279554,-2.421007868595365,-0.8022570544179252,-1.7033152047242892,-2.4838955745507554,-2.8292241020181947,-0.9671813748018714,0.0,0.0,0.0,0.0,0.0,0.0
25,GGAGccagcacgcaagacgaactgc,NC,-1.6983443001388987,-2.1910482930080666,-6.551795636785957,-2.8716759030244607,-2.249676022978775,-1.3282326717415713,-3.53561644734295,-2.6890263620022457,-2.2495653887841844,-2.8371250009913793,-2.2238482186758093,-2.717454770328763,-1.5515228382523107,0.0,0.0,0.0,0.0,0.0,0.0
26,GGACccagcacgcaagacgaactgc,NC,-1.76690287832031,-1.8466300707910441,-3.8797969347262433,-2.498706767370737,-1.9223573969542889,-1.3812491858225604,-3.6546360285279675,-1.9403905108618447,-2.2883138142821515,-3.211692532679239,-0.06404897861293311,-2.6659513417558016,-0.6716424538336572,0.0,0.0,0.0,0.0,-1.0,0.0
27,GGCGccagcacgcaagacgaactgc,NC,-2.0947782247521,-1.2950768752379311,-4.042310804857965,-2.3330902011746626,-0.9670226775537272,-1.4921137222974847,-2.7283266758923332,-2.757326547614886,-2.8324839071836254,-3.2398270146724686,-2.611194042294336,-2.9447501394345377,-1.5496556319852035,0.0,0.0,0.0,1.0,0.0,0.0
28,GGCCccagcacgcaagacgaactgc,NC,-2.7951802081115016,-2.6096245549554253,-5.297680548640685,0.40891139648200237,-2.219678036639412,-1.11887739585192,-2.3146047540815036,-1.6297008154864405,-2.428560943378589,-3.063796650580969,-2.596017689230152,-2.2260680794798464,-0.8836758820327681,0.0,0.0,0.0,0.0,0.0,0.0
29,GGTGccagcacgcaagacgaactgc,NC,-2.513024385734272,-2.4854268271702415,2.107234777383092,-1.5893079709971203,-1.374395514781498,-1.5538432903423167,-1.2072585886465987,-0.29300996959388204,-2.7996168326135837,-2.502044008075311,-2.4994608470613087,-2.4764182003998165,-1.1006445108094287,0.0,0.0,0.0,2.0,0.0,-1.0
30,GGTCccagcacgcaagacgaactgc,NC,-2.6865005271832185,-1.9631239977649675,-1.4966759683032012,-3.3766452645964313,-1.0717906830680102,-1.3318838135896813,-2.459885367671039,-2.2211831211475452,-2.618002762485164,-3.321928094887362,-1.7956072620747738,-2.5741151184841637,-0.8649732065422777,0.0,0.0,0.0,1.0,0.0,0.0
31,GTAGccagcacgcaagacgaactgc,NC,-1.702867816959778,-1.5593139133505458,-2.46104989703568,-3.091241651749834,0.08377941659805524,-1.9892576194596026,-3.006426269159433,-2.2363523631812883,-3.5563933485243853,-2.580161514457335,-2.742318828660413,-2.774862201924735,-0.8222593451413417,0.0,0.0,0.0,0.0,0.0,0.0
32,GTACccagcacgcaagacgaactgc,NC,-1.705256734438868,-2.2213241539489568,-8.228818690495881,-3.8830438536541507,-2.1844245711374275,-1.5054421610776298,-4.503747807135994,-1.9329991656345389,-1.840782794413565,-2.4013860895063166,-2.4414635288816515,-2.539548528563841,-2.5323169593327655,-1.0,0.0,0.0,0.0,0.0,0.0
33,GTCGccagcacgcaagacgaactgc,NC,-2.7219634308269596,-1.9075190839830363,-5.258016331067169,-3.8795047078134397,-1.6413449706186751,-1.6973013765926903,-3.877953048710621,-3.2230885347593086,-2.832629058201131,-3.67765439822479,-1.9326960133050533,-2.4325419003882587,-1.262616898945946,0.0,0.0,0.0,0.0,0.0,1.0
34,GTCCccagcacgcaagacgaactgc,NC,-3.019469864198225,-2.3532072613752204,-2.870606478283742,-2.520664007226783,-1.0431859331720323,-1.9580693195340815,-2.4405725913859815,-2.42349907802704,-1.9021526766018555,-2.623436648535792,-3.2479275134435857,-2.493040011280117,-1.3816789023324128,0.0,0.0,0.0,0.0,0.0,0.0
35,GTTGccagcacgcaagacgaactgc,NC,-2.174830046680283,-2.076031570406977,-3.283872805975573,-2.8364138290043517,-0.7038868367184429,-1.4230166881067634,-2.223248061620641,-2.2136937549073923,-1.01185289251192,-2.787982754114096,-2.4653458923046476,-2.1900811976854415,-1.2449794438343393,-1.0,0.0,0.0,0.0,0.0,0.0
36,GTTCccagcacgcaagacgaactgc,NC,-2.8279162445399204,-1.075843757983506,-4.862850034649307,-3.5465906898486375,-1.0414199273799807,-1.2778875339281515,-1.778739192997897,-2.3842240175923988,-3.030407343881746,-2.825682694608173,-2.7652180533442783,-2.4781604183039683,-1.2369826398772032,0.0,0.0,0.0,0.0,0.0,1.0
37,TCAGccagcacgcaagacgaactgc,NC,-2.671976254017398,-2.0053999877425897,-1.3965907450670658,0.7257832538296102,-0.8354749863002774,-1.094667325839677,-0.6800246976927627,-1.9016728863374994,-2.777010313061609,-2.4762562412786564,-2.7116343042095847,-3.3429897104151918,-1.304608618687336,1.0,0.0,0.0,0.0,0.0,0.0
38,TCACccagcacgcaagacgaactgc,NC,-0.2986088243022374,-2.744408577351768,-3.4059923596758366,-2.4594316186372973,-0.6677158203572837,-0.9681835527383348,-4.384212373141705,-1.4829905276198785,-1.5291607090528045,-2.8134637316402498,-2.5890321650302033,-2.9170863627144072,-1.1273793064762276,0.0,0.0,0.0,0.0,0.0,0.0
39,TCCGccagcacgcaagacgaactgc,NC,-3.0169133829363464,-1.8259706002249512,-4.937478915441941,-1.6680182404487147,-1.5160151470036647,-1.2854022188622485,-1.9431818680001554,-2.5458463704547705,-2.563768278452033,-2.63776885989581,-1.798233532089056,-2.442752877490667,-1.695871814459378,0.0,-1.0,0.0,0.0,0.0,0.0
40,TCCCccagcacgcaagacgaactgc,NC,-2.0928240330047556,-2.2880803244036896,-3.074676686294496,-3.5892498591242545,-2.0215653498349337,-1.8420159295042209,-2.3362833878644325,-2.9302910281885954,-3.2658940599730344,-3.2658940599730344,-2.592122292294022,-2.7513208871432764,-0.7940253380975146,0.0,0.0,0.0,0.0,0.0,0.0
41,TCTGccagcacgcaagacgaactgc,NC,-2.7240621469305513,-2.015033429267468,-10.498849206531725,-0.6517918604403891,-1.2532965002760426,-2.0435219862271636,-3.116008107965352,-2.4396629475721827,-2.257313201875143,-2.880852734706995,-2.3721561282139065,-2.741218198692364,-1.4680161436214223,0.0,0.0,0.0,0.0,0.0,0.0
42,TCTCccagcacgcaagacgaactgc,NC,-2.4028236893027874,-2.095734103391058,-3.2806518193088436,-2.485680621707072,-0.8178611885816314,-1.4163069186664097,-1.5961738926777806,-2.956991000958738,-2.224763325799195,-3.0976514078958557,-2.3958752421919494,-2.627200788298405,-2.0632999031050785,0.0,0.0,0.0,0.0,0.0,0.0
43,TGAGccagcacgcaagacgaactgc,NC,-3.126592257618081,-2.3372712583907385,-3.792173218547522,-2.46527887076681,0.1491274078468282,-1.6728742901751774,-1.8077358316415697,-2.4567680638028535,-1.5473706125837603,-2.3441887952131473,-2.5429247075525683,-2.2947635782003046,-1.1423867779688395,-1.0,0.0,0.0,0.0,0.0,1.0
44,TGACccagcacgcaagacgaactgc,NC,-2.939680530726188,-2.4757334309663976,-4.4401095212356765,-3.493880777676657,-1.3547180300050319,-1.4847785705694048,-2.324371270815691,-3.534588978206037,-2.0171897612975154,-2.5703896996338838,-2.6447718959564597,-2.4859151314703474,-1.462180482677987,0.0,0.0,0.0,0.0,0.0,0.0
45,TGCGccagcacgcaagacgaactgc,NC,-3.0018772872406703,-2.416914786519514,-3.831952285798358,-3.358021097465946,-1.6268378558937455,-1.531557352460637,-3.0620961210919124,-3.1304830960721626,-0.674876565952831,-3.3091889830566847,-2.637074533240446,-3.2623947715777435,-1.9652345818393233,0.0,0.0,1.0,0.0,0.0,0.0
46,TGCCccagcacgcaagacgaactgc,NC,-2.2308838822300876,-2.5798915111737344,-2.4773217775331866,-3.6578940231750074,-1.7747076881577573,-2.1610624327325163,-3.813403966730409,-2.9466704975938733,-2.9780346685032084,-2.652939294537163,-2.6154645891185,-2.84197311892718,-1.9859834216186993,0.0,0.0,0.0,0.0,0.0,0.0
47,TGTGccagcacgcaagacgaactgc,NC,-2.7683686547043354,-2.834143922354574,-2.615963752305041,-3.48802436375046,-0.7693736669643364,-1.0334137856592758,-2.4775961021048323,-2.4306147342345166,-3.154662994957469,-2.8287218375634833,-2.048178424855673,-2.673836235585312,-1.980724931008533,1.0,0.0,0.0,0.0,0.0,0.0
48,TGTCccagcacgcaagacgaactgc,NC,-2.9068905956085187,-2.1674818255139834,-5.234944793292723,-2.6757914789211714,-2.3138002140039617,-1.9377846035543023,1.167313276947316,-3.2255694652120668,-2.897716536367599,-3.715753741181123,-2.4850460516326716,-2.6505360817346424,-0.9605574099378305,0.0,0.0,0.0,0.0,0.0,0.0
49,TTAGccagcacgcaagacgaactgc,NC,-2.486714373030702,-1.4939459422617778,-6.6711389441681295,0.658963082164933,-1.1851267264275152,-1.2327251067999152,-1.4671260104272978,-1.9696263509564813,2.4306838625758096,-2.969626350956481,-2.8467696031709475,-0.6144221011948203,-1.1508666656266278,0.0,-1.0,0.0,0.0,1.0,0.0
50,TTACccagcacgcaagacgaactgc,NC,-1.7098537485489649,-2.182293558872731,-1.800918226955422,-3.0845335102116676,-1.381799550864761,-2.11978435739472,-2.394620944010419,-2.86559661488312,-2.5585070289713907,-3.659593154085705,-2.731146415110739,-2.4640423449678983,-1.028826963751424,0.0,0.0,0.0,0.0,0.0,0.0
51,TTCGccagcacgcaagacgaactgc,NC,-3.0526974230896626,-1.6058110577714793,-5.123086750981061,-2.8451020036812955,-1.0743274390612054,-1.8156582257888136,-2.3050363154885893,-2.4578878035719605,-2.3050363154885893,-2.71753162020498,-2.449426224823764,-2.424335243860934,-1.3437167836526491,1.0,0.0,0.0,0.0,0.0,0.0
52,TTCCccagcacgcaagacgaactgc,NC,-3.0988856645104574,-2.3658245248001677,-3.0045582819623045,-2.8989480940017054,-1.5872398414322222,-1.560146180549947,-2.656267534794289,-3.355265278761475,-2.85386749467945,-2.992695199376767,-2.221172383174192,-2.7891618052916347,-1.1063519811723337,0.0,0.0,0.0,0.0,0.0,0.0
53,TTTGccagcacgcaagacgaactgc,NC,-1.84799690655495,-1.84799690655495,-4.169925001442312,-2.1699250014423126,-1.1699250014423124,-1.5849625007211563,-4.247927513443585,-4.247927513443585,-4.247927513443585,-1.9259994185562233,-2.2479275134435857,-2.2479275134435857,-1.0780025120012733,0.0,0.0,0.0,0.0,0.0,0.0
54,TTTCccagcacgcaagacgaactgc,NC,-3.9783699840284577,-2.878834310477543,-0.9277439109584895,-3.9783699840284577,-1.4758696434992742,-1.0397705286926007,-4.834576390792629,-2.315202231699049,-2.156504485679991,-2.654004145150808,-2.383914981783063,-3.1267571422859386,-0.8772808417468668,0.0,0.0,0.0,0.0,0.0,0.0
55,AACGgagcattcatgtgtctcgatg,NC,-4.532495080827021,-2.6959938131099,-8.339850002884624,-0.6051403826587864,-2.6394102847435326,-1.241817919924098,-1.7862419349044056,-2.7381476467033607,-2.242620229564149,-2.2938455529193225,-3.025028794491522,-3.668884984266247,-1.940964529703048,0.0,0.0,0.0,-1.0,0.0,0.0
56,AACCgagcattcatgtgtctcgatg,NC,-3.2593866288186493,-1.7491918964994657,-1.8280473172107052,-2.78021879212009,-1.9639307452924784,-1.2925534927538487,-1.1581478336659587,-2.9307373375628862,-2.5615035278971674,-3.19377174339668,-3.3062464726550926,-3.123382415505282,-1.4388842412332115,0.0,-1.0,0.0,0.0,0.0,0.0
57,AAGGgagcattcatgtgtctcgatg,NC,-3.3536369546147005,-2.4791678366985597,-7.523561956057013,-1.7686744538935442,-1.8231222379159209,-2.314108590428063,-1.5277376320282061,-2.3053452106917582,-1.305345210691758,-1.305345210691758,-3.186700714193139,-3.0423108048579643,-1.94277513130705,0.0,0.0,0.0,0.0,0.0,0.0
58,AAGCgagcattcatgtgtctcgatg,NC,-3.3538214306766987,-2.178249866093244,-3.1050008840626053,-3.5537590011854503,-0.3058314877418648,-2.076711839631182,-2.3802267354520295,-2.2936390504559387,-1.395177076918001,-3.3507829575595474,-2.9577717646107025,-2.570748641501455,-1.0732489820306386,0.0,0.0,0.0,0.0,0.0,0.0
59,AATGgagcattcatgtgtctcgatg,NC,-2.8953737794403467,-2.5760952629669336,-9.663558104217273,-3.271240681438513,-1.942458915510088,-2.4347394137213922,-3.042586457123601,-1.7040618517055441,-1.3357408513337308,-3.2890243524267,-3.5864102630512713,-3.732631003902315,-1.1540947723405917,0.0,0.0,0.0,0.0,0.0,0.0
60,AATCgagcattcatgtgtctcgatg,NC,-2.8505526114587063,-2.346247774082775,-9.9901039638575,-2.686323215680397,-1.7709354433953386,-1.4982508675278254,-4.353146825498083,-0.9480053623617386,-3.0677446066358343,-3.0493660773209794,-2.910203329649354,-3.0402638702137272,-1.873366561468983,0.0,0.0,0.0,0.0,0.0,0.0
61,ACCGgagcattcatgtgtctcgatg,NC,-4.222392421336448,-2.415037499278844,-6.807354922057605,-1.2837929660005913,-3.807354922057604,-2.0524674198941355,-3.2428565238961635,-2.8278190246173196,-2.0622842782543427,-2.626185163447669,-1.8643449006424335,-3.342392197447078,-1.8278190246173196,0.0,0.0,0.0,0.0,0.0,0.0
62,ACCCgagcattcatgtgtctcgatg,NC,-4.536052900240209,-1.6100534816839867,-4.273018494406416,-3.15754127698648,-1.6485276294986222,-0.8807010716276555,-4.681824039973745,-3.179323699444562,-3.4594316186372973,-4.096861539252589,-2.511899038531433,-2.9448584458075393,-2.312590230308026,0.0,0.0,0.0,0.0,0.0,0.0
63,ACGGgagcattcatgtgtctcgatg,NC,-3.9341120643435428,-2.4935394729575617,-7.741466986401147,-3.0410272682600548,-1.9085769722364054,-1.512648295905266,-3.2801079191927354,-4.502500340529183,-2.3061031277256796,-2.532873989572702,-4.502500340529183,-3.502500340529183,-1.5639008851933265,0.0,0.0,0.0,0.0,0.0,0.0
64,ACGCgagcattcatgtgtctcgatg,NC,-3.609794353701092,-1.3938569545019432,-3.76849209972015,-3.065473837477281,-1.20040341756339,-2.0148477644073135,-3.1638248019058945,-1.2387868595871165,-3.219678036639412,-3.634715535918256,-2.380142708832658,-2.9440435940259846,-1.6862458365583377,0.0,0.0,0.0,0.0,0.0,0.0
65,ACTGgagcattcatgtgtctcgatg,NC,-2.2675735654489615,-2.355036406699301,-3.7029597101196075,-3.5774288280357487,-3.5476814846416964,-1.6001489045358321,-3.909125599991827,-2.0969856153688458,0.5760016331495343,-2.477409359566353,-2.765534746362977,-3.3353903546939248,-0.896598502115664,-1.0,0.0,0.0,1.0,0.0,0.0
66,ACTCgagcattcatgtgtctcgatg,NC,-2.8360948174986587,-2.7379144235597552,-7.663913842115978,-3.5428984411546125,-1.4159863286723926,-2.1278609418757686,-4.271833529213812,-2.9453327045366255,-1.4449824315304107,-2.765297675449472,-3.403623401769353,-2.702218992826092,-1.3124755137111577,0.0,1.0,0.0,-1.0,0.0,0.0
67,ATCGgagcattcatgtgtctcgatg,NC,-3.35453276031929,-3.1262637726461726,-8.483815777264256,-3.1262637726461726,-2.1800350290871537,-1.439421657905803,-2.0157329262645964,-3.639169574800388,-0.7987743909787764,-3.894426630042463,-3.6786979389870256,-3.389191321792041,-2.40567944458061,0.0,0.0,0.0,0.0,0.0,0.0
68,ATCCgagcattcatgtgtctcgatg,NC,-3.5420906934601484,-2.7071499397306447,-2.3421531229513963,-2.3939920544710147,-1.6222610421441317,-1.6326029863655909,-2.971379322060232,-2.19377174339668,-1.7431103343871148,-3.852734825561613,-2.725622907658274,-2.8338757983102973,-2.045379903504009,0.0,0.0,0.0,0.0,0.0,0.0
69,ATGGgagcattcatgtgtctcgatg,NC,-4.36564947231668,-1.1003049057956853,-1.74416109557041,-2.3656494723166803,-2.111892880070897,-1.9163420709530905,-1.3457748368417302,-2.6677029317290923,-1.608809242675524,-2.5522257143091567,-2.524744977887049,-2.729103476393236,-3.0827404310079363,0.0,0.0,1.0,0.0,0.0,0.0
70,ATGCgagcattcatgtgtctcgatg,NC,-3.7379144235597552,-2.037474705418663,-3.8983790957530013,-3.1529519228385987,0.086960597540867,-1.2715964193372178,-2.998820845834735,-2.612352498752662,-3.5282882339641874,-2.8898864742815706,-2.331396184921606,-3.2449814331041322,-1.5732141048457038,0.0,1.0,0.0,0.0,0.0,1.0
71,ATTGgagcattcatgtgtctcgatg,NC,-3.2678466963146025,-2.5528236550290733,-5.2408796487143325,-2.6294449366319856,-1.796094806041437,-1.647038996646724,-3.4424870190086954,-1.8312929767143593,-2.751239725148324,-2.759460231953293,-2.962743830342036,-3.144582153327849,-1.4827508892224224,0.0,0.0,0.0,0.0,0.0,0.0
72,ATTCgagcattcatgtgtctcgatg,NC,-2.1368866798550297,-2.0792598622729743,-6.454299293619899,-3.0364467787340015,-1.8469689798702884,-1.8958785803512348,-2.499677312776187,-3.419153607751076,-3.089005006058745,-3.0759488532332986,-1.9816214706851454,-3.5665839714063017,-0.8466103662839873,0.0,-1.0,1.0,1.0,1.0,0.0
73,CACGgagcattcatgtgtctcgatg,NC,-2.078002512001273,-2.078002512001273,-6.247927513443585,-3.078002512001273,-0.9259994185562233,-1.5474877953024933,-4.9696263509564815,-1.9107326619029128,-2.232660756790275,-2.854149133536545,-2.969626350956481,-2.7472339296200334,-2.384663850235325,0.0,0.0,0.0,0.0,0.0,0.0
74,CACCgagcattcatgtgtctcgatg,NC,-2.0,-2.678071905112638,-2.0,-2.0,-0.9125371587496606,-1.6780719051126376,-2.321928094887362,-1.7813597135246597,-0.2267708618470223,-2.9740047914670558,-3.4594316186372973,-2.6114347120823473,-1.3890422907458992,0.0,0.0,0.0,0.0,0.0,0.0
75,CAGGgagcattcatgtgtctcgatg,NC,-3.0210616155278296,-2.4646682670034443,-7.108524456778169,-2.108524456778169,-3.649092838140872,-1.7162070339994087,-4.4500329206350475,-2.797956224055355,-2.009460329249066,-1.4760281291679922,-4.257387842692652,-2.8650704199138914,-1.2573878426926517,0.0,0.0,0.0,0.0,0.0,0.0
76,CAGCgagcattcatgtgtctcgatg,NC,-2.911943823334804,-2.205675026391514,-0.4387721480712042,-1.1486440813551353,-1.2410080995037949,-1.093782146320617,-2.222392421336448,-1.8333501305905486,-2.6147098441152083,-2.527247002864869,-3.155278225477911,-1.3479233034203069,-1.914270125974116,0.0,-1.0,0.0,0.0,0.0,0.0
77,CATGgagcattcatgtgtctcgatg,NC,-2.911066271579712,-3.0016688203606186,-9.756556322524087,-2.9751966089994273,-1.1566434803369594,-0.8861916029406826,-3.8059802720813867,-3.376587479825473,-3.1399811992693243,-3.420089118462059,-2.7963942232521886,-3.6085342078751697,-1.9579833655264367,0.0,0.0,0.0,0.0,0.0,0.0
78,CATCgagcattcatgtgtctcgatg,NC,-1.7144953133625116,-3.286401661258221,-5.036423408249874,-2.3461079073824886,-2.069590272185073,-1.1829720716028156,-3.816419004485841,-2.3340262374052325,-3.3492929940585427,-3.6944284801072307,-2.9038818457361804,-3.7339568442938678,-1.372500385219868,0.0,1.0,0.0,0.0,0.0,0.0
79,CCCGgagcattcatgtgtctcgatg,NC,-2.741466986401147,-1.8834859912735749,-6.741466986401147,-1.5320136207721973,-1.9865794842376785,-2.2820353677638496,-3.3525164147207853,-2.700439718141092,-2.205675026391514,-2.404983834614921,-2.837943241891027,-3.700439718141092,-1.3018903416508174,0.0,0.0,0.0,0.0,0.0,0.0
80,CCCCgagcattcatgtgtctcgatg,NC,-2.321928094887362,-1.9068905956085185,-4.906890595608519,-1.9068905956085185,-1.2064508774674263,-1.3219280948873622,-1.1699250014423124,-3.1699250014423126,-2.584962500721156,-1.84799690655495,-3.1699250014423126,-2.584962500721156,-1.84799690655495,0.0,0.0,0.0,0.0,0.0,0.0
81,CCGGgagcattcatgtgtctcgatg,NC,-2.3854310371935203,-2.3150417093021227,-7.7073591320808825,-2.063502942306158,-2.2155060357512077,-1.8004685364723643,-4.247927513443585,-2.604071323668861,-2.2937312030567103,-3.203533394085132,-3.493040011280117,-2.8216627587414878,-1.5897160306917908,0.0,0.0,0.0,0.0,0.0,0.0
82,CCGCgagcattcatgtgtctcgatg,NC,-3.1127001327493624,-2.4346282276367246,-5.8496657269155685,-2.077076223018641,-1.305345210691758,-1.8800393759590874,-2.6421064078247647,-2.438573013739633,-2.732304216796343,-2.1946474308535437,-2.732304216796343,-3.1629385711262055,-1.4385730137396329,0.0,0.0,0.0,0.0,0.0,0.0
83,CCTGgagcattcatgtgtctcgatg,NC,-3.036740546815018,-2.7660929568713493,-4.37016428054021,-2.728618251452686,-1.299774952648812,-2.119202707006991,-1.6524254684998951,-2.4256546066528726,-2.592304476062324,-3.1846465071490777,-2.731280889211135,-3.452126818014064,-2.288151082902938,0.0,0.0,0.0,0.0,0.0,0.0
84,CCTCgagcattcatgtgtctcgatg,NC,-2.6890709040618948,-2.6599245584023783,-4.396890152568584,-2.575860293613904,-1.6744241280974932,-2.0,-2.782692867823335,-3.273018494406416,-2.711139606798301,-3.495410915742864,-2.910448415021708,-2.73459857962229,-1.6880559936852597,-1.0,0.0,0.0,-1.0,0.0,0.0
85,CTCGgagcattcatgtgtctcgatg,NC,-2.716207033999409,-2.0641303374197157,-3.408084738637077,-2.716207033999409,-1.7162070339994087,-1.7865963618908067,-2.690315500867385,-2.5647846187835257,-0.7574296967259218,-2.0204641025597154,-2.3948596173412136,-3.0622842782543427,-1.2190097819417958,0.0,0.0,0.0,0.0,0.0,0.0
86,CTCCgagcattcatgtgtctcgatg,NC,-3.019899557437705,-2.3824696368224134,-2.102361717629678,1.4175057548695935,-2.189824558880017,-1.1023617176296778,-0.9328858041414629,-1.070389327891398,-2.932885804141463,-3.070389327891398,-2.3048545815284207,-4.070389327891398,-0.7198920808072649,0.0,-1.0,0.0,0.0,0.0,0.0
87,CTGGgagcattcatgtgtctcgatg,NC,-3.1699250014423126,-2.8969065070358964,-3.7548875021634687,-2.397335497545385,-1.8006911917765933,-1.1699250014423124,-0.11501666033992283,-3.4429434958487284,-3.1210154009613658,-2.3840498067951597,-3.779978483126299,-2.2205510745122803,-2.1950159824051427,0.0,0.0,0.0,0.0,0.0,0.0
88,CTGCgagcattcatgtgtctcgatg,NC,-2.6686843266186595,-2.206780222301841,-4.589249859124254,-3.8730428251248457,-3.004287358403098,-1.3631817796444081,-2.7380418307255456,-3.8972404255747994,-1.6044586763469533,-3.7166681799329786,-2.7597369018248643,-2.556203507739732,-1.556203507739732,0.0,0.0,0.0,0.0,0.0,0.0
89,CTTGgagcattcatgtgtctcgatg,NC,-2.777023846087962,-2.5210098679319404,-4.419130253912727,-2.4522971178479263,-1.8561940595215696,-2.1326074951565634,-3.7966550334003952,-2.6659513417558016,3.013584170360928,-2.5778204314771367,-2.332707933640605,-1.4114620450550164,-2.069673527806811,0.0,0.0,1.0,1.0,0.0,0.0
90,CTTCgagcattcatgtgtctcgatg,NC,-2.2604372943477546,-2.5464883529065205,-4.919946748433965,-2.3240959315700724,-1.6244908649077936,-1.3625700793847082,-3.380142708832658,-2.767165831941905,-0.20645087746742632,-2.6810091881921907,-2.882643049361841,-2.6096245549554253,-1.3057178677061032,0.0,0.0,1.0,0.0,0.0,0.0
91,GACGgagcattcatgtgtctcgatg,NC,-4.009460329249066,-1.0,-4.4500329206350475,-3.3504972470841334,-1.4118977917482765,-1.8650704199138914,-2.0763508861301148,-2.242360837569044,-2.0,-2.5775450291586735,-2.7172697928252867,-2.4706298252421615,-1.657398336847888,0.0,0.0,0.0,0.0,0.0,0.0
92,GACCgagcattcatgtgtctcgatg,NC,-2.7900769306257684,-2.2051144299046124,-0.45617619407233034,-2.4208431209600496,-3.2051144299046124,-1.3750394313469247,-2.3117682286671406,-2.122290429803428,-2.3117682286671406,-4.337303320774279,-3.5596957421107263,-3.057195401581543,-1.7183934881297844,0.0,0.0,0.0,0.0,0.0,0.0
93,GAGGgagcattcatgtgtctcgatg,NC,-3.4918530963296748,-2.134301091711591,-4.169925001442312,-1.9372642446520372,-1.4918530963296746,-2.0324214776923775,-2.513623719000894,-3.3021196138071818,-1.8789081830826382,-2.3692338096657193,-4.061111514303387,-3.3692338096657193,-1.8546606368359606,0.0,0.0,0.0,0.0,0.0,0.0
94,GAGCgagcattcatgtgtctcgatg,NC,-3.2954558835261714,-2.3286227474613708,-6.169925001442312,-2.3625700793847084,-3.2954558835261714,-1.6463630453852995,-4.159871336778389,-2.205675026391514,-1.6520766965796931,-2.9504179711494394,-3.7675539139996292,-3.7675539139996292,-1.989946335336077,0.0,0.0,0.0,0.0,0.0,0.0
95,GATGgagcattcatgtgtctcgatg,NC,-2.3154537607268124,-2.4867251878766417,-0.2241960158217422,-1.1867860967623372,-1.55499446389367,-1.1241551084919332,-2.3805402550024066,-1.8615753130554908,-2.7380922596204904,-2.425209304336135,-3.3805402550024066,-2.9966252732193435,-1.3118275049183925,0.0,0.0,0.0,1.0,0.0,0.0
96,GATCgagcattcatgtgtctcgatg,NC,-2.441032707811788,-2.6474835852792147,-3.079434467494405,-2.6474835852792147,-0.9776321869715455,-1.6780719051126376,-2.7244746499830095,-3.34723918341655,-3.4949928038602422,-3.643856189774725,-2.4949928038602422,-2.801095931585922,-0.6876378818026377,0.0,0.0,0.0,0.0,0.0,0.0
97,GCCGgagcattcatgtgtctcgatg,NC,-2.864455329288122,-1.5300362902175626,-6.388017285345135,-3.6331297831816665,-1.555127271180393,-1.5300362902175626,-3.0033357125632563,-2.925333200561983,-3.6707603734763854,-4.436295119839363,-2.8040269043398496,0.4777909771733599,-1.2036343630490876,0.0,0.0,0.0,0.0,0.0,1.0
98,GCCCgagcattcatgtgtctcgatg,NC,-3.2479275134435857,-2.160464672193246,-2.0,-2.6629650127224296,-1.6040713236688606,-1.493040011280117,-3.4093909361377017,-3.4093909361377017,-3.0874628412503395,-2.2394659346953896,-2.502500340529183,-1.765534746362977,-1.0874628412503393,0.0,0.0,0.0,0.0,0.0,0.0
99,GCGGgagcattcatgtgtctcgatg,NC,-1.3145106233248793,-2.7925579201295236,-6.014950341465972,-0.8856673245210052,-1.7925579201295236,-1.4913883854089587,-1.3488951424876316,-3.4329594072761065,-1.9270684775461489,-2.2954558835261714,-3.9893527558004918,-2.7914133781885826,-1.650550842348733,0.0,0.0,0.0,0.0,0.0,0.0
100,GCGCgagcattcatgtgtctcgatg,NC,-3.1092986424908116,-1.578783925792032,-7.864186144654281,-2.578783925792032,-2.6547327790253306,-1.7556616878761113,-1.4398693522587793,-2.6401680027446104,-2.3367758592946757,-2.494317136281156,-3.2878662588137293,-3.4398693522587793,-1.361866840257506,0.0,0.0,0.0,0.0,0.0,0.0
101,GCTGgagcattcatgtgtctcgatg,NC,-3.4093909361377017,-1.7583392449587731,-1.7159039786383767,0.4839105947228616,-1.224515593229418,-2.2801079191927354,-1.0216950710993191,-1.780686971595524,-1.1157763145581254,-3.403124177735343,-2.7441610955704103,-2.818161677014187,-1.5582945502590761,0.0,0.0,0.0,0.0,0.0,0.0
102,GCTCgagcattcatgtgtctcgatg,NC,-3.2102177073903455,-2.3512615888455293,-2.905363125861925,-2.542793046477217,-2.5163208351160256,-1.6731896837328915,-3.3461756411340398,-3.1202942337177118,-2.651389862460132,-3.6141088463806725,-2.6289058483087535,-2.810966175609983,-1.4086397280806933,0.0,0.0,0.0,0.0,0.0,0.0
103,GTCGgagcattcatgtgtctcgatg,NC,-3.602664502454615,-2.8339900485610707,-2.1480986389891337,-3.357552004618084,-3.187627003175771,-2.0537712564409807,-2.55307843970137,-2.7289282751007877,-2.55307843970137,-2.7289282751007877,-1.3340686577595742,-3.161887682376894,0.39270116930074317,0.0,0.0,0.0,0.0,0.0,0.0
104,GTCCgagcattcatgtgtctcgatg,NC,-3.0132968226134578,-1.5982593233346138,-7.768184324776926,-3.375866901998166,-0.40186211053111054,-1.446256229889564,-1.258533013598853,-2.8707169830550336,0.3083390301394073,-2.5405683813627027,-2.9125371587496605,-3.1420190048724277,-0.5405683813627028,0.0,0.0,0.0,0.0,0.0,0.0
105,GTGGgagcattcatgtgtctcgatg,NC,-4.1404812235498305,-2.7925579201295236,-0.8054969758370218,-1.818553128662468,-2.599912842187128,-3.207595419408367,-2.7062687969432897,-2.527931555684777,-2.1728365968622154,-2.1993088082234067,-4.146841388329271,-3.494764691749578,-1.369233809665719,0.0,0.0,0.0,0.0,0.0,0.0
106,GTGCgagcattcatgtgtctcgatg,NC,-2.7518598094659006,-2.4136910735713273,-3.309855262586787,-2.5490429264662136,-1.6342902130847243,-2.0874628412503395,-2.4653808849684835,-3.252387161634285,-3.1174575815481766,-3.1174575815481766,-2.584962500721156,-1.6394102847435326,-1.1699250014423124,0.0,0.0,0.0,0.0,0.0,0.0
107,GTTGgagcattcatgtgtctcgatg,NC,-3.550459653321217,-2.132733066514733,-8.031586343057834,-3.157117225141692,-2.594181030750535,-2.132733066514733,-3.187806521006015,-3.0745959105580236,0.8048139486283877,-2.3187005878569664,-2.4361941508754072,-3.326782934154825,-1.1336313808549758,0.0,0.0,0.0,1.0,0.0,0.0
108,GTTCgagcattcatgtgtctcgatg,NC,-2.530640250311292,-2.3819048707001533,-5.51118788764512,-3.352758525040637,-1.4481780901193193,-1.2021988484652555,-3.5626213329667538,-3.072816065285938,-2.3184683928914955,-2.5322476839232353,-1.7833094480909533,-2.7773601817597666,-1.9948135532846647,0.0,0.0,0.0,0.0,0.0,0.0
109,aagtcACAAacgcaagacgaactgc,B0801,-2.547900406499611,0.9797465783581407,0.7180712824137355,-4.071462362556624,-1.1705955545758757,-1.5092199383355513,-1.6354468343361899,-0.8837597344632181,-2.9666527428115628,-4.046379935282297,-2.575074216356708,-1.7915660362534715,-0.42100316611523286,1.0,0.0,-1.0,-0.5092066630799429,0.19306834185650387,-1.0067337113652033
110,aagtcACATacgcaagacgaactgc,B0801,-4.0413407953809,-1.9837897728187412,-2.6862458365583377,-3.423211430724544,-0.47042606914537605,-1.9918721191165996,-3.365121611990683,-3.42283710984697,0.7584926548675917,-4.204656939797437,-4.789619440518593,-4.42283710984697,-1.918605881238671,0.0,-1.0,0.0,0.0941698197577743,-0.06893069192021359,0.384703152695067
111,aagtcACCAacgcaagacgaactgc,B0801,-4.140233316505507,-2.3192034575508265,-9.047123912114026,-3.689571907495942,0.20080360132955988,-0.9281828393905183,-2.2305877833489367,-4.257387842692652,-5.119884318942717,-4.409390936137702,-3.8244284354165456,-4.119884318942717,-1.4500329206350477,-1.0,0.0,0.0,-1.7511413629305739,-0.5385566177776323,-0.058994046957048026
112,aagtcACCTacgcaagacgaactgc,B0801,-4.832016976291873,-3.520072969977133,-1.3236757571736295,-4.01757262944795,-2.2142645404530477,-2.783107375810927,-4.0237543532994176,-3.0695580429125418,-5.0237543532994176,-4.8538293518571045,-4.56432273466212,-4.069558042912542,-3.2688668511359484,0.0,0.0,1.0,1.009244373101535,-0.1965752966057384,-0.0018507956879414962
113,aagtcACTAacgcaagacgaactgc,B0801,-3.422312163076598,-2.8373496623554413,-4.865918814552212,-3.2059942561498342,-2.3702236519281437,-1.1217577189818022,-4.181750436839102,-3.6147098441152083,-5.477206320365274,-4.766712937560258,-2.0974341509056265,-4.444784842672896,-3.142222072652465,0.0,-1.0,0.0,-0.9796262098157179,-0.8125468126483825,-0.02622572623590183
114,aagtcACTTacgcaagacgaactgc,B0801,-3.682925754453317,-3.6274306418616136,-2.1754420064098783,-3.8317891403677997,0.9161119314795619,-2.1655265375447956,-2.20702600007456,-2.556833127537359,-4.007494536546925,-3.488120377453345,-4.007494536546925,-3.4065904919567465,-1.5177803509735843,1.0,0.0,0.0,0.2373318838505952,-0.2990064287428001,0.4107776421711836
115,aagtcAGAAacgcaagacgaactgc,B0801,-3.4574124510006454,-2.879867421841972,-8.479780264029099,-4.122228259411016,-1.0874628412503393,-1.69842055050444,-5.484866666013568,-3.668578619185956,-3.9860608090421263,-4.008428622070581,-3.7605011086269955,-4.12578557270874,-1.823553279162297,-1.0,1.0,-0.5849625007211563,0.026553419041316566,-0.4685253607064008,0.26352403592194484
116,aagtcAGATacgcaagacgaactgc,B0801,-2.444324726247089,-2.6717352223501614,-2.1775381855521876,-3.006919413939791,-4.1223966313597264,-2.1963972128035034,-4.31517975963866,-3.589802139747666,-4.151681027355781,-4.1177336954324435,-4.036203809935845,-2.2447904317472624,-1.5188588878560332,0.5849625007211562,0.0,1.0,-0.22490887542904348,-0.034920921894980875,0.06113866500452252
117,aagtcAGCAacgcaagacgaactgc,B0801,-4.254661224808789,-1.3628100286644111,-8.161551820417307,-4.1026581313637385,0.5663686341458919,-2.4611121022762155,-2.813475826618397,-3.2057932493971575,-3.9390067087022556,-3.4915477317310346,-3.533367907425662,-4.097268792618988,-1.7964023132594555,0.0,0.0,0.0,-0.05014940968943435,0.7463629466526231,0.4175658590807775
118,aagtcAGCTacgcaagacgaactgc,B0801,-3.5127504372229406,-2.4696817153310544,-9.14210705730255,-3.952282498422533,-2.8659826520283125,-2.065291460251719,-5.230225511710127,-3.1120440853618128,-4.128345897690913,-4.780422594270606,-3.8735319986620875,-4.479253059550041,-1.826226283883731,0.0,0.0,-1.0,-0.5014075197860786,0.5254286001004028,0.6513315028436574
119,aagtcAGTAacgcaagacgaactgc,B0801,-3.8852146989570158,-2.040385071480749,-10.133142212400601,0.9773410974156247,-2.0298544039885793,-1.9285710681513977,-2.6356521076473887,-2.258416641080929,-3.630135102679823,-3.7809150548554316,-3.9493125865511503,-2.6692046673584153,-0.5787497164129114,0.0,0.0,0.0,-1.7191908924382302,-1.0622498182919797,-0.5142418615317378
120,aagtcAGTTacgcaagacgaactgc,B0801,-3.6227839661561236,-2.8732496984868616,-10.944712061043486,-0.33276511922350505,-1.019899557437705,-1.5915652355454033,-2.2144169206883326,-2.7470849139672757,-3.3461225999001547,-1.1597898419362294,-4.705664986587295,-4.367496250692722,-2.4335854411504942,0.0,0.0,0.0,-0.1266553291011711,0.32231638584405664,-0.08051460568994517
121,aagtcATAAacgcaagacgaactgc,B0801,-1.1783372412585125,-1.0742794259585557,-2.8928325546210236,-4.352264173258321,-0.9982352352039345,-2.474519923309319,-3.6898876553598337,-2.7361813076337684,-3.9559625155136784,-4.215349144332328,-1.8418907488048837,-4.151218806912612,-1.89779948995554,0.0,0.0,0.0,-0.39375394091087834,-0.05230887326604162,-0.17089383838751898
122,aagtcATATacgcaagacgaactgc,B0801,-2.9167216049682123,-2.2479275134435857,-2.963719084505382,-3.420764110305801,-1.6629650127224294,-2.2021238238304606,-3.0558089089007807,-3.1648806080482506,-3.324456921198101,-3.731082180660745,-4.367270004737074,-4.53285607045505,-1.7794134307467386,1.0,1.0,1.0,-0.225559700415131,0.42919232385478173,-0.3026470350201524
123,aagtcATCAacgcaagacgaactgc,B0801,-3.630898784888015,-2.548436624696042,-9.040289721025717,-4.157646671663875,-3.665250289678792,-1.1424442650202054,-5.509658587539229,-4.222081997442643,0.7962690286544181,-3.5310322383317962,-2.0932956907938176,-3.726756709206164,-1.660483489786998,1.584962500721156,-1.0,-1.0,-0.34245674836304846,-0.5079897105826213,0.13637244173128568
124,aagtcATCTacgcaagacgaactgc,B0801,-0.31050691580753703,-2.21062655343862,-3.2848811081320424,-3.640212361286619,-1.653268514112065,-2.640212361286619,-3.4879561750769392,-2.330127365445583,-0.5324154465134802,-4.194663948150464,-4.4631527840763665,-3.8781902833552104,-3.330127365445583,0.0,0.0,1.0,-0.8627749619262294,0.5735531121291749,0.43244703516784405
125,aagtcATTAacgcaagacgaactgc,B0801,-3.8686467604683794,-2.594998680609734,-6.00250250720317,-4.10633831818771,-1.1472879463669743,-1.3363771535874127,-4.593062999492273,-3.883653127846628,-4.116015837938004,-4.825236441621307,-3.462666362236598,-4.3430847464839255,-1.384663850235325,0.0,1.0,-1.0,-0.6691576281375845,-0.266551337850989,0.3852674203450685
126,aagtcATTTacgcaagacgaactgc,B0801,-2.449079072639383,-2.541108211131729,-6.224372785464689,-3.816288046827612,-3.4091126653217385,-2.2991036605413155,-4.896043213371526,-3.9123450257006267,-3.31108071265037,-3.713565161586129,-3.742420024258314,-3.664417512257041,-2.2869682565335623,0.0,0.0,1.0,-0.3590041664931946,0.07467330210539916,0.24759514486681317
127,aagtcGCAAacgcaagacgaactgc,B0801,-3.895750038003318,-2.8547227697432636,-1.5961897561444103,-3.9237644141729144,-2.7506997052000353,-1.7888348340868063,-3.511944514269144,-3.3529549905079867,-4.739013422815065,-4.34046404632479,-3.02852004001005,-4.365555027287621,-0.5800595391937556,0.0,0.0,0.0,-0.3174738707990755,-0.24320398279057262,1.008384738695508
128,aagtcGCATacgcaagacgaactgc,B0801,-3.84878764104495,-1.0882865324179551,-5.289360232430932,-3.9267901530462237,-1.1689371924061935,-1.921789471987857,-3.3065174452498187,-3.352321134862944,-2.169013921499884,-4.013735696021973,-3.244741247663129,-2.093170163516378,-1.9142000224710585,1.0,0.0,0.0,-0.23721864127487985,0.06547246859315686,-0.35870649936417826
129,aagtcGCCAacgcaagacgaactgc,B0801,-3.8950042664483866,-1.9400921559769246,-9.917372079476841,-4.595443984589479,-2.4497665293938438,-2.0844820653120997,-4.421463768438277,-2.6844981742720706,-3.6173839784135335,-4.35434957257974,-3.9068905956085187,-4.248996572433511,-1.9311381418551956,0.0,0.0,-1.0,-0.19876005245375758,0.14586897609874924,0.6502962079146978
130,aagtcGCCTacgcaagacgaactgc,B0801,-3.1533284909116173,-2.163975735111126,-5.485903829998488,-4.485903829998488,-1.2073683306245064,-2.0509667732819397,-4.181940377599154,-2.7669028783203102,-3.0772429989324603,-4.531274629827168,-3.721099188707185,-4.1975372326501725,-1.863118193579613,0.0,0.0,0.0,-0.6931374436712457,-0.020731441584086373,0.47348721385871645
131,aagtcGCTAacgcaagacgaactgc,B0801,-3.531124349093606,-2.4766765650712297,-2.9096359723473357,-4.366493647320807,-0.5918357630826502,-1.366493647320807,-1.6662626028230045,-3.495237566984363,-3.8527895716024467,-0.11695152344196573,-4.11582397743624,-4.329227615545434,-0.5551090229617616,0.0,0.0,-0.5849625007211563,0.9077908189903019,-0.13166545087157794,0.46654460751566706
132,aagtcGCTTacgcaagacgaactgc,B0801,-0.7552433403388854,-2.7483961749426102,-3.1274543771158876,-3.215361466265315,-1.165256409828272,-1.0614712632759997,-2.48520708837751,-2.48520708837751,-3.7513208871432764,-4.819492389784855,-3.89921958225559,-2.3033687653916974,-1.913636355024464,1.584962500721156,1.0,0.0,0.25373358734180185,0.23268597895202336,0.09916087772642915
133,aagtcGGAAacgcaagacgaactgc,B0801,-3.8858996986925454,-2.051323307899917,-4.838593983914189,-3.583336928672114,-2.185459980551453,-0.45516839230855644,-3.60282892151467,-3.524116945500629,-3.7295860638006086,-4.437405312307298,-4.616375453352618,-4.390099597528941,-2.220174596086629,0.0,0.0,0.0,-0.2526469223263727,-0.7393210151643359,-0.43985237328348936
134,aagtcGGATacgcaagacgaactgc,B0801,-1.5129763878954288,-2.689299160535892,-5.525800428253012,-3.267066159852844,-1.6892991605358918,-2.163230348868304,-4.931138141855196,-3.0995356735509145,-4.058893689053568,-4.2591923395394,-4.2591923395394,-2.290219235160024,-3.955800196089465,1.3219280948873624,0.0,0.0,0.19860174701846645,0.7534552186038062,-0.02864343281458834
135,aagtcGGCAacgcaagacgaactgc,B0801,-3.499411056605943,-2.879891333848418,-6.032843256687017,-4.473415848072999,-3.6660609260153945,-1.385953006822659,-4.775293712825306,-3.3630332982170357,-3.8203816023538435,-4.775293712825306,-4.3058084295240855,-2.100693999619473,-1.9774825634385724,0.0,2.0,-1.0,-0.030287669423070342,0.4119949075552265,-0.019193565233310863
136,aagtcGGCTacgcaagacgaactgc,B0801,-3.5679560754154664,-0.9459042559590901,-9.567956075415466,-4.044394119358453,-1.114685441404843,-1.4594316186372973,-4.3155491823246575,-3.358617904216543,-3.2197901995192266,-3.5041587470318967,-3.6042702318221007,-1.46833827145294,-1.9879745242961528,0.0,1.0,-1.0,-0.12831056566272556,0.44041856426354936,0.6596708451366103
137,aagtcGGTAacgcaagacgaactgc,B0801,-3.347729588073807,-2.2634606711762033,-6.010694600796237,-4.193558657946047,-1.7700168264320388,-1.899186285579246,-3.428050391369302,-4.562143286956585,-3.689378475252693,-4.15650448567999,-4.03451396130138,-4.259074219320539,-0.017555134141544523,1.0,0.0,1.0,0.2925554973586629,0.20523792631638957,0.12544510693945427
138,aagtcGGTTacgcaagacgaactgc,B0801,-3.6823473053818567,-1.3831648737256996,-5.956709717017164,-3.358808160588509,-2.9229890991731624,-1.331692032661891,-3.898709345277366,-3.344120493599729,-4.238458717251973,-3.848083272207398,-4.11360723006689,-4.214211171005296,-2.1630324470797326,1.0,-0.5849625007211563,1.0,-0.6215975023498084,-0.17273053730291607,-0.7402514850407511
139,aagtcGTAAacgcaagacgaactgc,B0801,-3.5410626412054516,-2.194043565355259,-5.850390699313181,-0.18660058216969694,-0.9455924826659021,-2.346046658800309,-3.0,-2.505829539757782,-4.66706358093605,-4.291554445843843,-4.176077228423908,-4.261807102449792,-1.5014775152180748,0.5849625007211562,1.0,0.0,-1.4845743836515175,-0.8592181955995367,-0.6510490139711973
140,aagtcGTATacgcaagacgaactgc,B0801,-0.843598442657433,-2.2260680794798464,-5.840777923595054,-4.085890421431586,0.011751585809141341,-0.936896077858874,-3.5445131195270654,-2.3201958212661253,-3.778185465729516,-0.7991450843651622,-4.106071015913278,-4.038052592484627,-1.370100727092439,0.0,0.0,0.0,-0.9506302830932466,0.4688012497950252,0.25722828703075296
141,aagtcGTCAacgcaagacgaactgc,B0801,-3.557164048377584,-2.273174436150165,-3.4820625931368654,-3.2868063017379314,-3.3144626446407965,-1.6190434959642623,-3.8579809951275723,-3.0315172501222634,-4.372554167957331,-4.009984088572622,-3.352090065397615,-2.1442851802842133,-1.513152498130131,1.0,0.0,0.0,-0.7937307421011259,0.4792337237143446,0.2654209986706718
142,aagtcGTCTacgcaagacgaactgc,B0801,-1.82884936341398,-1.6244908649077936,-5.236934102051057,-1.1808174976680619,-1.4275988158652118,-1.957234242552992,-2.6493008691492914,-2.9080351375494597,-3.942800555710136,-4.160801207929426,-4.071533869832339,-3.996571812151117,-2.0595612281662627,0.0,0.0,0.0,-0.6912409640156632,0.31054964086404313,1.0379341624419376
143,aagtcGTTAacgcaagacgaactgc,B0801,-2.2960660315753967,-2.7836915308108465,-2.9639215406448973,-3.61433710285467,-0.6666354404115605,-1.578267848147148,-4.110562881760015,-4.01690377454577,-2.7504384633117027,-4.0086832677408015,-2.2857205329735697,-3.6999305616011724,-1.8850321188751653,0.0,1.0,0.0,0.23342234532148007,0.15570157085839914,0.24380240300871758
144,aagtcGTTTacgcaagacgaactgc,B0801,-3.230076567549625,-2.209992321506293,-4.749151132614324,-3.667762805773669,-2.255009859689379,-2.0909396498625292,-4.308273070827891,-4.0244801048273,-4.0828967910526215,-4.07102269076433,-4.047563717940341,-4.181581065912028,-1.3108890190349023,0.0,2.321928094887362,-1.5849625007211563,-0.4954752690084971,-0.05503896983995296,0.07453624659846947
145,aagtcTCAAacgcaagacgaactgc,B0801,-0.7495752073829633,-2.382118772638229,-8.782998208920414,-1.9564497216294985,-0.5589965347223085,-1.7886447720615557,-3.716207033999409,-2.5693656456701377,-3.672705395362822,-4.20163386116965,-2.2381597371947644,-2.319689622691363,-1.1913655257158235,0.0,0.0,0.0,-0.5212284645457985,0.42966181717553126,0.1067787078625866
146,aagtcTCATacgcaagacgaactgc,B0801,-1.471305718925589,-2.0,-5.552225714309157,-4.062840873570232,-1.6980765807726113,-1.318974777498015,-4.226184000498822,-3.211077108108614,-4.054572622428623,-4.181329764714562,-3.567220918333889,-4.01467989530511,-1.9758606464145823,1.0,1.0,0.0,-0.5115964969988837,0.250679062494196,0.43828049979091915
147,aagtcTCCAacgcaagacgaactgc,B0801,-3.7085767675794306,-1.8073549220576042,-5.272477652772757,-2.8535251034905302,-3.7085767675794306,-1.4297173945839543,-5.004501392234941,-4.2603402966645305,0.40912653678923155,-4.711719643007095,-4.349149563622387,-3.9170385509846013,-0.92768579518411,0.0,-1.0,0.0,-0.09114788805819528,-0.44180560559787607,-0.2882192480920538
148,aagtcTCCTacgcaagacgaactgc,B0801,-3.3987619595660132,-1.7107059658807535,-2.429922891052474,-3.7613320389507217,-2.442578191858503,-2.0694543343130536,-3.948918151910954,-3.011502689288977,0.620650894686826,-3.2931343140001013,-4.654470793445699,-4.301799175127228,-1.2484784337698622,0.0,1.584962500721156,-1.0,-0.6212440155301521,-0.5951661344910262,0.572148909912589
149,aagtcTCTAacgcaagacgaactgc,B0801,-3.6853984520179086,-2.8212818800996815,-8.161131882984307,-4.03184886603934,-3.5912762746533584,-1.5208869467619603,-4.508880107890327,-3.791814071161826,-4.289313730632642,-4.791814071161826,-3.9438171646068763,-3.7679673292074582,-2.336760893035103,1.0,-1.0,0.0,-0.2556726378579079,-0.6997094245082421,-0.35109667844933695
150,aagtcTCTTacgcaagacgaactgc,B0801,-3.4006535811161878,-1.8701388644174082,-4.833612988392294,-4.262456287196168,-2.5705785825585004,-2.5324434536717293,-4.956286415846094,-3.8621642384815438,-4.432019846812492,-4.788163657037767,-4.17463200411984,-4.432019846812492,-1.3862601854298087,1.0,0.0,-1.0,-0.4461178706316645,0.016107504831902816,0.25361517373868175
151,aagtcTGAAacgcaagacgaactgc,B0801,-3.3119440063147403,-2.6385435409260003,-5.6463630453853,1.7226178152062397,-0.16149637937173164,-1.8300749985576876,-1.3917457640793247,-1.2676158483656976,-3.740323895428669,-3.6687706344036353,-3.657182660128423,-2.064546231521846,-1.9399723611088273,0.0,-1.0,0.0,-0.4031859882202878,0.7551909855623674,0.5664196436446501
152,aagtcTGATacgcaagacgaactgc,B0801,-2.23691283907516,-2.5947254696610536,-5.584078225461545,-4.195807635745487,-2.1285092464566464,-1.5091497379549794,-3.448975032381678,-2.316997906267449,-4.370263056367638,-3.6668800627258125,-4.190442018782825,-4.39602615243272,-1.8088990675982404,1.0,0.0,0.0,0.3427392903237433,0.5682897210134285,-0.11126457975534126
153,aagtcTGCAacgcaagacgaactgc,B0801,-3.520967646706798,-2.606940869816651,-5.047513461202632,-3.4740465993193057,-1.1269479286970372,-1.4740465993193055,-3.3709936539697134,-4.044394119358453,-4.019732065124185,-3.025858167921026,-3.5360529002402097,-1.001508306505277,-0.6978039702368218,1.0,0.0,0.0,-0.5973080752942398,0.6008088552425191,0.19382147580124204
154,aagtcTGCTacgcaagacgaactgc,B0801,-3.3488951424876316,-1.6146541856579613,-9.661778097771988,-3.7669603344640437,-1.1014452635595458,-2.2780738052979346,-3.5900966521925928,-3.464565770108734,-2.0284666553020605,-4.125763856656976,-3.797141109195605,-2.748973826735095,-1.9348672882497688,0.0,0.0,1.0,-0.2962072749806078,-0.46452233702454404,0.28948301964780165
155,aagtcTGTAacgcaagacgaactgc,B0801,-4.131977126114229,-2.1052597877384502,-3.851076299486922,-3.9427067749524904,-2.8790906756565184,-1.143823368962338,-5.261423355927809,-3.0070020803987227,-0.879942204954884,-4.495888609564831,-2.951914520294514,-3.5203416532893703,-2.238421530566193,1.0,-1.0,0.0,-0.1497959807656241,0.3502868770185519,0.36440312242625356
156,aagtcTGTTacgcaagacgaactgc,B0801,-0.8740321626955222,-2.103812329428848,-3.1311196754245834,-2.7497833913744616,-2.4744557093492388,-2.0036756581433983,-3.119202707006991,-2.958738034813745,-2.6303161778408826,-3.8950793975914273,-4.474861659206903,-2.9398790075624293,-1.3222769511436598,1.0,1.0,0.0,-0.01717077588448833,-0.09650703084279996,0.25491763655323196
157,aagtcTTAAacgcaagacgaactgc,B0801,-4.081917562004656,-3.0819175620046564,-1.713695814843359,-1.3223911650376674,-0.6068890883163406,-1.2304400867147445,-2.5007078942158163,-2.95301976633772,-4.437405312307298,-3.9272105799881145,-3.0223678130284544,-3.62381843653818,-2.3559554986875564,0.0,0.0,0.0,-0.00706719861781752,0.5445439993070376,0.2873440943548125
158,aagtcTTATacgcaagacgaactgc,B0801,-2.5276663543897495,-2.603615207623048,-1.6929747277616918,-4.268748057028188,-1.7279650048755808,-1.5906761519155497,1.1069152039165118,-3.0388559358170233,-3.3680572656165633,-4.321928094887363,-3.4483764301283015,-1.8615796061582655,-1.960198991942025,0.5849625007211562,0.0,0.0,-0.6988304652794349,-0.2575553770186116,-0.06733654232439884
159,aagtcTTCAacgcaagacgaactgc,B0801,-1.2613225621024182,-0.41374046148502663,-3.379913735060868,-3.5702449471650173,-1.9608294027193223,-1.9278692039449237,-2.643582667157375,-2.6504363381984377,-4.2561573990863915,-0.5686422470347903,-2.5067008607369883,-3.980977563390508,-1.8391610467694905,0.0,1.0,1.0,-0.5956396054188783,0.4285070454423967,-0.22185580424233523
160,aagtcTTCTacgcaagacgaactgc,B0801,-3.88764271101524,-1.8703647195834043,-4.576181615178946,-3.5011309099176855,-1.970360509560126,-2.3408412052876746,-4.127527913272437,-3.2474885373133495,-3.81175204536667,-2.7105732109993026,-4.182270877866869,-4.1585548088930615,-2.114160689534608,2.584962500721156,0.0,1.0,-0.18451431609350055,0.06283389350266955,0.5246766851516503
161,aagtcTTTAacgcaagacgaactgc,B0801,-2.311176708075946,-2.155830171556526,-1.3162064460265808,-3.029297765627594,-1.5313393066487322,-1.5509681133976645,-3.2407836149248044,-2.4381051800766733,-2.083886470124887,-4.163518488598101,-3.077618415192454,-2.5435798496339705,-1.2141840751101622,0.0,1.0,-1.0,0.055395455926786755,0.27556170459038903,0.07444566122301763
162,aagtcTTTTacgcaagacgaactgc,B0801,-3.5156998382840423,-2.760812336120574,-7.515699838284043,-4.123382415505282,-1.1581478336659587,-2.267772324840457,-3.3247541389661257,-3.269259026374422,-4.090288885329103,-3.9971794809376213,-4.537747862300324,-4.189824558880018,-1.3824696368224132,0.0,-1.0,0.0,0.14279410564908473,0.4049384298657382,-0.11599329506481997
163,tgaggCAAGttcatgtgtctcgatg,B0801,-4.002729792755573,-2.339764780033143,-9.047123912114026,0.18289652359160843,-0.13723082834398376,-2.4925350604363885,-2.10827845199611,-1.7965701994266265,-4.388386371188846,-4.058237769496515,-3.917756545946684,-3.776202401732665,-2.3377602981188774,0.0,0.0,0.0,0.07384022854365732,0.4352196798580514,-0.21527744654709682
164,tgaggCAACttcatgtgtctcgatg,B0801,-2.6805162637480207,-1.392535500783996,-8.691743519171276,-3.625654328713502,-3.2488000233225462,-2.084413205421664,-4.030588319833423,-2.9310526462825086,-5.404983834614921,0.49565938637725326,-2.856090588601287,-3.970046777898372,-2.1045889012771997,0.0,1.584962500721156,0.0,-0.9226942738325513,0.07566426993207225,-1.2563397532597855
165,tgaggCAGGttcatgtgtctcgatg,B0801,-2.0675068193582766,-2.2032835983887433,-8.866248611111173,-4.321928094887363,-2.8365012677171206,-2.0207585601667972,-3.48357444723561,-3.48357444723561,-4.312689888032025,0.7670785614283142,-3.5543957844253065,-3.628874000384583,-1.3012247015385703,1.0,0.0,1.0,0.194434384736438,-0.08909134920166198,-0.1322262924456994
166,tgaggCAGCttcatgtgtctcgatg,B0801,-4.053866871978736,-3.304410333629333,-10.162391328756906,-4.185111405256988,-3.1179972093984514,-1.6545966885582084,-5.261110928735369,-5.163813727380454,-4.687375683437467,-4.163813727380454,-3.854485669272725,-1.5199575376057295,0.006982203783984724,1.0,0.0,-1.0,-0.07461616416830721,0.3359895613776693,0.49457086904911496
167,tgaggCATGttcatgtgtctcgatg,B0801,-2.266329485395375,-3.357094949318557,-5.453956488571146,-3.7535167704300543,-2.835978930622027,-1.919977916568795,-5.577955711616097,-4.249332964154727,-4.0853572290436,-4.262753479917048,-4.146239471190623,-4.577955711616097,-1.3442245738882175,0.0,1.0,1.0,0.11593170158409709,0.9742141326293413,0.728336741493325
168,tgaggCATCttcatgtgtctcgatg,B0801,-3.8244284354165456,-3.4833915175814787,-5.792719575689207,-4.483391517581478,-1.8609543114416598,-2.2448191691895962,-4.7124123598071685,-4.510778498637517,-4.176359459566958,-3.7613219602881145,-4.209912019277985,-3.1598713367783895,-0.854431364679596,-1.0,0.0,0.0,-0.20404984121464526,0.5832431057298275,-0.2691185267786408
169,tgaggCCAGttcatgtgtctcgatg,B0801,-3.947018708313828,-3.380671885760019,-8.64745842645492,-3.8401035043973164,-1.188026807817623,-1.5867624947673662,-3.5738647918378255,-2.091995784080773,-4.183918273521813,-4.731406068824305,-3.9293454464362148,-4.235448574161894,-1.4622194360089165,0.0,0.0,0.0,-0.04414710368438212,-0.1303240557645373,-0.2389421753718336
170,tgaggCCACttcatgtgtctcgatg,B0801,-3.7981657506029434,-3.646162657157894,-0.19198676397209155,-4.897701424153858,-1.6389671557536898,-1.6826885331830077,-2.826338025425177,-1.7027989910150143,-4.779340545888007,-4.779340545888007,-4.257387842692652,-4.510153913072618,-3.6724253419714956,-1.5849625007211563,1.0,-1.0,-0.04567185838528243,0.6351147045009748,0.8471380218396574
171,tgaggCCGGttcatgtgtctcgatg,B0801,-3.6093466593481156,-2.280875718593981,-0.809035014294631,-3.410566795233618,-1.6467135118126002,-1.192261331420413,-4.259867126755111,-2.5477927081306153,-2.4045068317866742,-4.204013892021593,-4.032061209232299,-3.4854268271702415,-1.5134412033398383,0.0,0.0,-1.0,0.5929098181941996,0.6403563639428282,0.1455369169810298
172,tgaggCCGCttcatgtgtctcgatg,B0801,-3.92997420872156,-3.063991556693247,-9.884170519108435,-3.694345960228418,-3.580389770931332,-2.5987683002461868,-5.077731303232566,-4.563158130402808,-0.9449194748073532,-4.1409251297197605,-4.652425468499895,-1.7031885821817818,-1.2762769826146463,1.0,1.0,-1.0,-1.0033713469811036,-0.18041211521922584,-0.6507645591169023
173,tgaggCCTGttcatgtgtctcgatg,B0801,-2.462292406885605,-0.6904713976751966,-0.7642777944439527,-4.3014961949825485,-2.167069874761623,-2.809643098652874,-3.295841909547496,-1.8205770534141785,-3.8849800862398456,-3.8975801230194786,-4.372918132566137,-3.860105417600816,-1.5332534440741683,0.0,1.584962500721156,0.0,-0.2291631403900203,0.265335838316881,0.04296358375201255
174,tgaggCCTCttcatgtgtctcgatg,B0801,-3.5613499434992058,-1.8914985451915365,-9.828136484194108,-4.658211482751795,-3.9454934348322657,-2.5062083893067446,-4.7215355535966,-4.443234391109496,-5.146841388329271,-4.167599948496068,-4.066671039645287,-3.9010849739273126,-3.507940080497311,0.0,0.0,1.584962500721156,0.8580152801129203,0.43854878879053755,0.18241404022362845
175,tgaggCTAGttcatgtgtctcgatg,B0801,-3.565226282659894,-2.0887882387169068,-10.088788238716907,-4.230807243589335,-2.5265458144958344,-1.8744691179161412,-4.324630615267186,-3.6692787866546315,-1.03184886603934,0.7901528319826657,-3.7040442048153084,-3.306708707269923,-0.984780612382561,1.0,0.0,0.0,0.10926901623346386,0.07403914535072731,-0.008123522163011392
176,tgaggCTACttcatgtgtctcgatg,B0801,-0.27800079159539537,-2.5875318603332893,-4.8864988067773405,-3.433986602079834,-1.1628827662701542,-1.3400104538708202,-3.6905852055027033,-2.2253619490556424,-4.533484244417974,-4.838338825946395,-4.206983419740788,-1.69378054466251,-1.1865836212991498,1.0,-1.0,-2.0,-0.1450890280717256,0.6379463677448048,0.005579490537836193
177,tgaggCTGGttcatgtgtctcgatg,B0801,-3.495935488774006,-0.9158223877142455,-9.130141508515011,-2.6382884121853367,0.030570314765966777,-1.7010835389212327,-3.050718538703128,-2.638365123995496,-4.110953645836498,-4.380713914858606,-3.314825979202148,-4.40793538359363,-1.5372184005385963,0.0,1.0,0.0,0.32480381305430195,0.28245441863465587,-0.005836582234130046
178,tgaggCTGCttcatgtgtctcgatg,B0801,-3.65299570820917,-2.6329114621658376,-4.613102981085658,-3.8246070862793693,-1.8246070862793693,-1.5179457480453173,-3.4491857216906894,-3.756074417113911,-3.6730186773863522,-4.878693703777866,-4.389946518316013,-4.160464672193246,-2.2218652168573896,0.0,0.0,0.0,0.5929855168426889,0.1555609128582391,-0.17064214105546813
179,tgaggCTTGttcatgtgtctcgatg,B0801,-3.7579252128018523,-1.1343856799700005,-10.700439718141093,-3.9190800046164327,-1.7231597946411759,-1.6560455987826388,-3.6710023317878475,-3.4683175818688854,-3.8974302663594522,-4.728553354350006,-4.025535092107138,-3.6629650127224296,-2.7625006862733437,0.0,0.0,0.0,-0.04774444747576417,0.23181567522307372,0.6769847320630206
180,tgaggCTTCttcatgtgtctcgatg,B0801,-3.2389075081194645,-1.9711351832790078,-9.486835021563051,-4.111795590216126,-2.6288540264354783,-1.8795047078134395,-4.703357201523387,-4.525019960264874,-5.020547377404085,-4.044394119358453,-2.1311057525517842,-3.5250199602648737,-1.3890422907458992,0.0,0.0,0.0,-0.1941136458183813,0.4537323607848591,-0.23170734904064538
181,tgaggGAAGttcatgtgtctcgatg,B0801,-5.539158811108031,-1.6811778159804593,-7.539158811108031,-1.9244489669928233,-1.1641193797611067,-2.0473057147783567,-1.7905466343710503,5.0075529346137175,-2.5081469036703252,-3.1420190048724277,-4.192645077942396,-4.299560281858908,-2.299560281858908,0.0,0.0,0.0,-1.3206099631913832,-0.6815645111020657,-1.3467464577388584
182,tgaggGAACttcatgtgtctcgatg,B0801,-3.3692338096657193,-2.8953026213333066,-6.539158811108031,-2.409875794163065,-4.079727192470734,-2.584962500721156,-3.023846741954368,-5.34577483684173,-2.645335118700638,-2.843274496312547,-3.9307373375628862,-4.760812336120574,-3.4071753815058736,0.0,0.0,0.0,-0.5980294039222812,-0.2828539491265077,-0.32002438441862346
183,tgaggGAGGttcatgtgtctcgatg,B0801,-2.7665693072111037,-2.4802651220544627,-7.124121311829188,-2.5695324601515503,-3.1699250014423126,-1.480265122054463,-3.360402242701998,-4.762500686273344,-2.569855608330948,-2.3999306068886352,-2.0306967972229164,-4.321928094887363,-3.078002512001273,0.0,0.0,0.0,-0.7502379512592434,0.6996133534172735,-0.178726186476448
184,tgaggGAGCttcatgtgtctcgatg,B0801,-4.0081739314457,-1.4676055500829974,-3.660250628025393,-0.18220333122074914,-3.145677455195635,-2.2581521844540475,-1.753516770430054,-2.084722678905427,1.906524847085609,-2.994524869933849,-2.86899398784999,-5.038918989292302,-1.909635972347336,0.0,0.0,1.0,-0.41905727073118154,0.10870625944249998,-0.4838955745507552
185,tgaggGATGttcatgtgtctcgatg,B0801,-1.9307373375628862,-1.8603480096714882,-1.6677029317290923,-3.0827404310079363,-1.594453949698454,-2.123382415505282,-2.8744691179161412,-2.684991319052428,-1.6198962908305434,-3.4594316186372973,-4.619896290830543,-4.247927513443585,-1.3150417093021225,-1.0,0.0,0.0,-0.8182656962680543,-0.43937945965080527,-0.1350431915395585
186,tgaggGATCttcatgtgtctcgatg,B0801,-3.295932886354418,-2.0809199953835673,-8.103287808412022,-2.0158249671616826,-4.103287808412022,-1.4167872812288034,-6.845490050944375,-2.055413120318607,-3.038135128886771,-3.0041877969634334,-2.7580272096940357,-4.9710209330282344,-1.5724715565379594,0.0,1.0,0.0,-0.944706110129145,-1.0411970710027256,0.3774860713776746
187,tgaggGCAGttcatgtgtctcgatg,B0801,-4.005624549193878,-2.2868063017379314,-2.975877205799826,-2.9323755671632394,-2.636390739528159,-1.9758772057998262,-4.351254766156874,-4.275966638852637,-3.8010576835963947,-3.7835702568675535,-4.604020836536841,-4.54389984409927,-1.5887540798835302,0.0,0.0,0.0,-0.3749207519005747,-0.08018685653105492,-0.08685509215440852
188,tgaggGCACttcatgtgtctcgatg,B0801,-1.504974368019845,-2.383914981783063,-2.944454008565002,-3.3491495636223867,-1.1930303617051048,-1.5011526570674365,-2.181404009885609,-3.1259088972939058,-4.153389633716013,-4.508054515015375,-4.135011104401158,-4.081239847960177,-1.4643772627727338,0.0,1.0,1.0,0.47474512067608254,-0.13401734797168754,0.5466894642574514
189,tgaggGCGGttcatgtgtctcgatg,B0801,-2.6593098421812376,-2.102361717629678,-4.315355440963876,-3.9003179416850324,-1.261717477361803,-1.9085384484900008,-4.309559537456944,-2.24925902718913,-3.994686200103532,-3.09725593374408,-3.9391910875118286,-4.2076799234377305,-1.6558842866517738,1.0,0.0,0.0,-0.3465756199585603,0.11647665981590898,0.43175364453070936
190,tgaggGCGCttcatgtgtctcgatg,B0801,-4.5777309314900805,-1.7621555026275078,-9.221587121264806,-2.0923041043198385,-2.57773093149008,-2.0416780312498704,-5.008988783227255,3.306432532718523,-3.145050332803283,-4.2265802182998815,-4.745954377393461,-2.8454900509443752,-3.145050332803283,0.0,1.0,0.0,-0.5835022829437759,-0.6616132886088438,-0.37644225396626574
191,tgaggGCTGttcatgtgtctcgatg,B0801,-1.605947525850492,-1.6791139384124638,-9.113742166049189,1.385107040482536,-2.4555306832973933,-1.7561901614311046,-2.0731075482732693,-1.2801079191927354,-3.6020360140800975,-3.3562795996781394,-2.885828980080689,-3.9239641089674597,-0.9864851935255183,0.0,0.0,0.0,0.02958755639311053,-0.41378374492785264,-0.1279411829859918
192,tgaggGCTCttcatgtgtctcgatg,B0801,-3.9251616976147203,-1.745837998170158,-10.01262453886506,-0.10273145509501763,-1.099735202635098,-1.9251616976147201,-2.55307843970137,-2.0162102271812588,-4.439421657905803,-4.755895322701057,-5.274362411635306,-4.334068657759574,-1.35453276031929,-1.0,1.0,0.0,0.3894538200314289,0.4418905569893299,0.1740582626233507
193,tgaggGTAGttcatgtgtctcgatg,B0801,-4.655351828612554,-1.9923868158901248,-0.4854268271702417,-2.4747795829707333,-2.222392421336448,-1.4124953047163906,-2.4140462968757936,4.752240961561834,-2.751915935632178,-2.8343780958241505,-4.166953434911021,-4.599912842187128,-3.495576182372392,0.0,1.584962500721156,0.0,0.41474447702925527,-0.06150740700565274,-0.5022886930497618
194,tgaggGTACttcatgtgtctcgatg,B0801,-1.8860438107029143,-2.9803711932510675,-9.189824558880018,-3.904422340017769,-3.2356282484931422,-2.4216402341030907,-4.246074340368108,-3.0644675338781604,0.7659710012924849,-3.45387922548151,-4.9031866268451,-4.049037493308554,-1.8893808273200692,0.0,0.0,0.0,-0.2601432324395715,-0.16099711385669904,-0.7606108677236917
195,tgaggGTGGttcatgtgtctcgatg,B0801,-4.197216693110052,-2.49677697496896,-2.0373453563316626,-3.5533605033353277,-2.33923569798248,-1.6815168548260095,-1.8132878778113453,-2.8843709758728275,0.4125683988286743,-2.6189098326444937,-4.304274230323488,-4.758840093788969,-2.112848159670253,0.0,0.0,0.0,-0.10904275929528989,0.534238617154748,-0.07293750937379875
196,tgaggGTGCttcatgtgtctcgatg,B0801,-2.147430363655226,-2.4970148014454536,-8.451211111832329,2.057574050232184,-2.7232906572691293,-1.9434164716336324,-0.542452205405195,-0.9129432657307768,-3.006919413939791,0.9878691594148676,-4.006919413939791,-3.9524716299174143,-1.5576120125762007,0.0,0.0,0.0,-0.6954832149658731,0.2838445931558828,-0.5619479342491527
197,tgaggGTTGttcatgtgtctcgatg,B0801,-4.1384140286970945,-3.0045582819623045,-9.308339030139408,-2.8989480940017054,-3.0045582819623045,-1.7384834218084593,2.4679707774477544,-3.3053979899648764,-0.45183180277913654,-4.054589886464342,-3.5647846187835257,-4.654982427755105,-2.5538963026407897,1.0,1.0,1.584962500721156,0.14991504071081813,-0.1437284349605603,-0.09085343045111353
198,tgaggGTTCttcatgtgtctcgatg,B0801,-2.2789395873370992,-2.7251958172266635,-5.140233316505507,-2.2789395873370992,-2.417767292034416,-1.2922364099505572,-1.8293476503996604,-2.9761890387289314,-2.7685936193205642,-3.6136189593442234,-4.909074842870394,-2.302417271049919,-1.9255629656589632,0.0,0.0,-1.0,-0.9341714601747083,0.24759465148702656,-0.33482858359516865
199,tgaggTAAGttcatgtgtctcgatg,B0801,-4.090602548780907,-2.1040230645432283,-5.730012833524439,-4.59756253750079,-2.285794308833649,-2.560087832082127,-4.701221031477756,-3.7956857154812487,-1.5655659321201898,-4.082783826205512,-3.9929871558548657,-3.043613228924834,-0.846747684664243,0.0,0.0,0.0,-0.7052982203999898,0.20406895080740356,0.6437394464101912
200,tgaggTAACttcatgtgtctcgatg,B0801,-4.14019879442415,-1.6495636762511472,-2.617431055310338,-4.743539824460161,-0.5537152655801436,-1.6824283101567736,-3.4803574574918454,-3.186174353087387,0.4859763206222814,-4.965784284662087,-3.6828503213905885,-4.396941449304208,-0.9808911770522952,0.0,0.0,0.0,-1.547018427747555,0.18347524568427073,0.19743885975458814
201,tgaggTAGGttcatgtgtctcgatg,B0801,-4.334241356326213,-2.376061532020841,-8.46352437327118,-2.7086368711077116,-0.19439769412176233,-2.3239730208723866,-4.067183661397269,-3.4420320705604146,-2.9956304003722356,-3.3351168666439026,-3.9956304003722356,-3.523561956057013,-1.9956304003722358,0.0,0.0,-1.0,-0.32619192120660845,0.7460555119835779,0.11528487090396686
202,tgaggTAGCttcatgtgtctcgatg,B0801,-4.692490965025601,-1.7503116194139436,-2.5456495766963303,-1.646848299469889,-2.7449583849197365,-1.87340675038589,-3.7865963618908065,-3.7509724521600853,-2.649092838140872,-3.0641303374197157,-3.7686744538935444,-2.6991335206404674,-2.263034405833794,0.0,-1.5849625007211563,0.0,-1.0725395126503205,0.05243143842387187,0.4460531838847006
203,tgaggTATGttcatgtgtctcgatg,B0801,-3.811884580538118,-2.2148744520524315,-3.732450113043713,-4.4809113460477485,-0.7595386865709287,-1.9877764237422437,-3.3715064590943715,-3.7125433769294385,1.7638074478800774,-4.726349176454469,-3.685321908194414,-2.8837570743403234,-1.494574142627176,1.584962500721156,1.584962500721156,2.0,-0.09250693352963169,0.009156207869585436,-0.03289936594883915
204,tgaggTATCttcatgtgtctcgatg,B0801,-3.6039806385123105,-3.1571344010027906,-4.015958338042096,-3.5766732925165754,-1.7387300506255483,-2.2949750424177457,-5.6282352091868555,-2.881591701118295,-4.3513950038280305,-0.7112074620337511,-4.080747413884362,-2.2306428443674204,-1.0169266123229885,0.0,0.0,0.0,-0.15994240658326517,-0.2704684955308155,0.5409806152829544
205,tgaggTCAGttcatgtgtctcgatg,B0801,-2.932386446190789,-2.788795592561939,-8.77368870017173,-3.949260264755185,-1.6409747778264907,-1.5163008574790788,-3.3425089723098145,-3.2462936570505114,-0.5387118696653993,-4.978097546100939,-3.2080236401227937,-4.46352437327118,-2.004092754633883,1.0,-1.0,-1.0,0.2587196168661621,0.5628112435383332,0.5974968544649301
206,tgaggTCACttcatgtgtctcgatg,B0801,-4.043902821876815,-2.1060083238190406,-5.9960742967862,-4.819196534702121,-0.1764505373953316,-2.281231513518134,-2.996940200250942,-4.046693235448042,-5.83518913025433,-3.436639753764055,-3.612796708917882,-3.5220312449946998,-1.6555815754146783,1.0,0.0,0.5849625007211562,0.16638393916419061,0.682626856774297,-0.2638776292775142
207,tgaggTCGGttcatgtgtctcgatg,B0801,-2.075977843679117,-3.5107474080821452,-10.393390457443987,-3.665470002880787,-2.0669609703216834,-2.3544714681516843,-5.169072092732346,-2.8471439978449835,-3.7349762576378174,-4.314270008272281,-4.769464634023108,-4.184502133301952,-1.4686323745912537,0.0,0.0,-1.0,-0.7533898158589197,-0.3838977287928588,-0.025516531411370714
208,tgaggTCGCttcatgtgtctcgatg,B0801,-4.230954434839872,-3.5595771823012425,-8.98584193700334,-1.9971572502311747,-3.3419857472286156,-2.2176576122264144,-4.371558862611963,-4.420468463092909,-3.8521847035183834,1.1655300843807717,-3.497089744695822,-4.634593268445757,-3.347712120657595,0.0,0.0,0.0,-0.2093950808075747,-0.5145731728297583,0.6520766965796931
209,tgaggTCTGttcatgtgtctcgatg,B0801,-3.7040442048153084,-2.315641832039931,-3.7396681145460295,-3.0767031018236,-2.1467128230713426,-1.8586561507631165,-4.351448937764285,-3.1939076607778056,-4.466926155184222,-4.23170969349019,-4.466926155184222,-3.943364199127209,-1.4744598278696288,1.0,0.0,0.0,-0.6031447655643881,-0.038806817276352476,0.4545734924333481
210,tgaggTCTCttcatgtgtctcgatg,B0801,-4.300123724569014,-1.596912257177868,-5.49276880251141,-4.412598453827426,-2.6220518194563764,-1.7640708243288041,-4.822799979985042,-3.7552366961724077,-4.205269616807455,-4.708843790687957,-1.812952194028695,-4.01262453886506,-1.4988969429126222,0.0,0.0,0.0,0.26892380374598257,0.04109434695544716,0.2234225499349372
211,tgaggTTAGttcatgtgtctcgatg,B0801,-4.225130503465767,-1.5800470103070396,-9.779719355143405,-3.9468293409786623,-2.1503627350637946,-1.7490522188964626,-4.502075956045791,-2.7196673911184175,-3.391044643657047,-0.5193104934621449,-4.391044643657047,-4.338577223762911,-2.690604925515955,0.0,1.0,0.5849625007211562,-0.6489886962449263,-0.2624612978849134,0.20023123145425037
212,tgaggTTACttcatgtgtctcgatg,B0801,-2.233069973936938,-1.4044383922489194,-3.841302253980942,-4.260254803263169,-1.4066062289316297,-2.4618886644328195,-3.427655602152545,-3.0859190261850022,-4.421022509820098,-4.155783833059574,-4.421022509820098,-4.421022509820098,-1.1544078720197566,1.0,0.0,-1.0,0.1674090660630433,0.43327271011000057,0.137970188816559
213,tgaggTTGGttcatgtgtctcgatg,B0801,-2.5194993441377718,-2.913163192624048,-4.711119416679403,-3.5780939980486197,-0.39906156581610186,-1.6766955860758779,-3.9002092305168694,-3.5360529002402097,-4.3587483684323,0.08272788414256847,-4.524997711731214,-4.725530699103922,-2.261504506389375,1.0,0.0,2.0,-0.40497686721100423,0.018791349399146756,-0.11170302822857167
214,tgaggTTGCttcatgtgtctcgatg,B0801,-4.7027989910150145,-2.3932016980383715,-4.584962500721156,-3.476028129167992,-1.9906013019977504,-1.515920856291505,-4.832890014164742,-3.793361649978104,-3.056396055811898,-3.7675985539130226,-4.5216883258704375,-4.680886920719692,-0.5934240794693524,0.0,1.0,0.0,-0.8832609333802487,-0.22924830584853992,-0.412168201265261
215,tgaggTTTGttcatgtgtctcgatg,B0801,-2.8328900141647417,-2.4199509807698956,-3.322516829864269,-3.504267266703371,-1.5973766710948525,-1.7976753215806838,-3.6135856369041965,-3.4522517840193987,-4.069579810405898,-4.123446682384634,-3.704494133102407,-2.66686906080249,-1.507457286042853,0.0,1.0,0.0,-0.6163871835547032,0.2789819008135359,0.02398086089041726
216,tgaggTTTCttcatgtgtctcgatg,B0801,-3.7409675247237026,-2.41193254334208,-0.4744123149105424,-4.2994578140836675,-1.3159459368722366,-1.7101301208011093,-3.7261712787559187,-2.428266413075072,-3.7394681013693765,-4.334484266754456,-4.57549236625825,-3.8008686460335195,-2.0226803891408003,-1.0,1.584962500721156,1.0,-0.761605841302639,0.7749879999454442,-0.6371639615324317
217,aagtccagcaAAAGagacgaactgc,A0201,0.2035927142077074,-0.015866405459021096,-3.830074998557688,-0.26123216319980846,0.2403143293337102,-0.07162967698102997,-0.8921711196496,-1.148098638989134,-1.2096533095057702,-0.9404666766903811,-0.7863164870084396,-0.5018340609990807,-1.3865310715898496,1.0,0.0,0.0,1.0,1.0,-1.0
218,aagtccagcaAAACagacgaactgc,A0201,-0.06152525357556544,0.3384683654788282,-2.824667470300845,-0.4785595629183562,-0.6212677643074446,0.01993884705333094,-0.5720145121663324,0.37804978841836445,-0.9860608090421262,-1.0060154154177712,-0.7557631896203322,-0.8463970227859022,-1.1674259621185192,0.0,1.0,0.0,0.0,0.0,0.0
219,aagtccagcaAAGGagacgaactgc,A0201,-0.012922498792797419,0.3244987625615912,-2.2071579076412875,-0.3925471695808842,-0.2502266295331735,-0.173605347930261,-1.4581699700733861,-0.7922874739686623,-1.0500852314363092,-0.8918231475195768,-0.7218981460772644,-0.7323449335123802,-0.7094610428390419,0.0,0.0,0.0,0.0,0.0,0.0
220,aagtccagcaAAGCagacgaactgc,A0201,0.09519910915722887,0.24885952046505266,-0.36285127908170783,0.3725948888872974,0.2000070349325842,-0.06439875412318863,-0.6516629019286736,-0.4189053167185571,-0.8698895124037922,-1.1918176072911546,-0.5463740030439086,-0.5170584362193525,-0.6358213854493399,0.0,0.0,0.0,0.0,0.0,0.0
221,aagtccagcaAATGagacgaactgc,A0201,-0.11688130029561891,0.32976580550004675,-1.6776977136850726,0.0369468345577574,-0.2913790315277555,0.12880177102704785,-1.4800545250114077,-0.7761039880731645,-0.8188084390274027,-1.1309659723226095,-0.9550741291184837,-0.6736324804779917,-1.0732002299805912,0.0,0.0,0.0,0.0,0.0,1.0
222,aagtccagcaAATCagacgaactgc,A0201,-0.061811650882093096,0.2510092404563844,-1.153474480661718,0.011300541127295945,0.07909678169343679,0.1975999598851607,-0.9359791359681192,-0.8449787149920355,-0.7132426833814686,-1.015186403814676,-0.558764983770713,-0.3438091512760466,-0.5680667248320574,0.0,0.0,0.0,0.0,0.0,1.0
223,aagtccagcaACAGagacgaactgc,A0201,-0.26825211510481306,0.12227202585089636,-1.6958896511632904,-0.4990323219339802,-0.1279002290458478,0.17397021350026112,-0.7481467833426145,-0.4006951801197054,-0.9012507505846064,-1.2388654827126102,-0.6187694448624643,-0.421604169882686,-0.7580850203987336,-1.0,0.0,0.0,0.0,0.0,0.0
224,aagtccagcaACACagacgaactgc,A0201,-0.18879389506285674,0.1345010355884116,-3.1285333702453824,-0.4020984435713456,-0.6152723348784148,0.2600319176722705,-1.3353903546939248,-1.0134622598065626,-0.7962315435858935,-1.140633500271677,-0.7808015030162877,-0.7466757191116612,-0.44664710579566574,0.0,0.0,0.0,0.0,0.0,0.0
225,aagtccagcaACGGagacgaactgc,A0201,0.36900896823443885,0.5143408360805823,1.8430840591195503,0.2626471571290425,0.16656538764794182,0.11815532296137696,-0.23388806017427743,0.2133510608012596,-0.7590997534503832,-0.7782085763980876,-0.8446359381370635,-0.7147056340919296,-0.09264213473852571,0.0,0.0,0.0,0.0,0.0,-1.0
226,aagtccagcaACGCagacgaactgc,A0201,0.012005853260154152,0.14878458672059738,-3.680485111765447,-0.5077004561838941,-0.28816768898668704,0.11207280836407618,-1.0940891633703178,-0.5429744331328346,-1.0569361649528517,-0.7083580336035076,-0.8600944304878777,-0.4780997670285371,-0.7276909197686895,0.0,-1.0,0.0,-1.0,0.0,0.0
227,aagtccagcaACTGagacgaactgc,A0201,0.16414365631726197,0.36156629083081027,0.33137957023193415,-0.14225258295775786,-0.3395325433078374,-0.10778382640099084,-0.8526582839248131,-0.5710680590627755,-0.8221679167030915,-0.5756846871331452,-0.47738261352134154,-0.4903994991881761,-0.037719665949158585,0.0,0.0,0.0,0.0,0.0,0.0
228,aagtccagcaACTCagacgaactgc,A0201,-0.26385903863183235,0.1944473205763814,-0.5777669993169522,-0.17044034170172626,-0.5746941652673292,-0.05460633065047034,2.5888828700924993,0.1848955783374613,-1.0724517943482903,-1.168453614225644,-0.7345141151721098,-0.5572595719313084,-0.11805576152171242,0.0,0.0,1.0,0.0,0.0,0.0
229,aagtccagcaATAGagacgaactgc,A0201,-0.2518161816763479,-0.033392662542845605,-0.6153774634641063,-0.26109399526435867,0.14577618314308655,-0.08600728870626738,-1.3029271329573067,-0.451937082090373,-0.871966610712971,-0.729244557102153,-0.7917286869082049,-0.65422516315827,-1.2178456320675384,0.0,0.0,0.0,1.584962500721156,0.0,0.0
230,aagtccagcaATACagacgaactgc,A0201,-0.1277151293457349,0.14916292662612013,0.6690404924544867,-0.4586133777376497,-0.033116106813766776,0.017355939133769087,1.2109824543156946,-0.16515197041995233,-0.8150247702173241,-0.6912894017950795,-0.674099640497564,-0.7212426238967071,-0.22826898767311726,1.0,0.0,0.0,1.0,0.0,0.0
231,aagtccagcaATGGagacgaactgc,A0201,0.08191575870911402,0.19912753666156752,0.6717365666235539,-0.3020477809526475,0.38702312310924725,0.12119300416511983,0.673470003153629,-0.22208614916867223,-1.2199440625971307,-0.7171919208558784,-0.8091939217213853,-0.5028066777298011,-0.7963698813638017,-1.0,0.0,1.0,1.0,0.0,-1.0
232,aagtccagcaATGCagacgaactgc,A0201,0.02315307530718026,0.14028570890517797,-1.3914059974904465,-0.07330976419411105,0.002914536427377258,0.0890922785331914,-1.2944660412637468,0.1742094216171702,-0.9852232060074996,-0.9930853237804702,-0.31649234759374567,-0.5944000299090698,-0.11861620586432908,0.0,0.0,0.0,-1.0,0.0,-1.0
233,aagtccagcaATTGagacgaactgc,A0201,-0.02880249101835227,0.16747450220748997,-4.03277503609162,0.2912731106701117,-0.16749663015547134,0.1229361061309916,0.6467974650868471,-0.44729169828347065,-1.1989680758251178,-1.0505603541294766,-0.6707299297714695,-0.3931227228504031,-0.5757908548229059,-1.0,0.0,0.0,0.0,-1.0,-1.0
234,aagtccagcaATTCagacgaactgc,A0201,0.08253952271663906,0.29947324405966647,-0.05970624612426777,-0.2403752552418208,0.46094997875733423,0.09953567355091437,-0.4782171315301266,-0.7246550268332257,-0.9895765422112849,-0.8137886210680784,-0.6259577639064529,-0.4835260429151919,-0.6288960440277946,0.0,0.0,1.0,0.0,1.0,0.0
235,aagtccagcaGAAGagacgaactgc,A0201,0.6028342762232662,0.18435495811703273,-1.629139101037978,-0.27106200267765035,0.23403011714122268,-0.27106200267765035,-1.0113847634796242,0.12195647003969565,-0.9688390685135395,-0.20257916755329505,-0.135992320705798,-0.8826824247638249,-0.3830547534489481,-1.5849625007211563,1.0,0.0,0.0,1.0,1.584962500721156
236,aagtccagcaGAACagacgaactgc,A0201,-0.10376788589020366,0.29157381204772037,-0.7271384482144502,1.3596595055331206,0.3534390676325799,-0.23687666758278303,-0.26458485739719384,-0.07310371258843384,-0.9201228522195538,-0.7436962848352863,-0.6507490630127901,-0.7778289697544323,-0.32347854645076235,0.0,0.0,-1.0,0.0,0.0,0.0
237,aagtccagcaGAGGagacgaactgc,A0201,-0.09861588069802506,0.06177619758668981,-0.32031884202570515,-0.3610986921680401,-0.3561438102252753,0.0874628412503394,-0.4481093208844926,-0.5687066099632367,-0.6610080081499575,-0.9696689240303576,-0.5431715178560991,-0.6870913408264472,-0.5049716578401692,0.0,0.0,1.0,0.0,0.0,-0.5849625007211563
238,aagtccagcaGAGCagacgaactgc,A0201,-0.08579058201642036,0.4124323482327006,-0.15035146757389165,0.051138848991801066,-0.16695343491102138,0.0014865483447022256,-0.46297197634254583,-0.509940764658123,-0.6071338817197763,-0.9294610071838465,-0.6824790066354184,-0.6039456040887291,-0.44860238502860694,1.0,0.0,0.0,0.0,0.0,-1.5849625007211563
239,aagtccagcaGATGagacgaactgc,A0201,0.2578710943331606,0.46101975000826734,0.3567319280615781,-0.5013803225854302,0.11247472925841265,0.005368173787685712,-1.0156167177182576,-0.19225355547197837,-0.917436323779354,-0.8649072726384018,-0.4687123795715553,-0.6970174937778949,-1.095364901714086,0.0,0.0,0.0,1.584962500721156,0.0,-1.0
240,aagtccagcaGATCagacgaactgc,A0201,-0.047798339081200826,0.45085797485780016,0.41201192311040374,-0.1694213550623016,-0.5103575647167483,-0.14248228320430104,-1.4137758507149327,-0.09791375652692422,-1.0520467477695954,-0.9962183594575732,-0.763075552752175,-0.6788294241853786,0.23853011802112525,0.0,0.0,0.0,1.0,0.0,0.0
241,aagtccagcaGCAGagacgaactgc,A0201,0.0019378042414926874,0.2405605440353726,-0.44904639144374264,-0.3894116916033494,0.33428530140734514,-0.1554545186339792,-1.0729794453571055,-0.33655836715920107,-0.9012408735428622,-0.8560414541127657,-0.5210572063999571,-0.6881997671709426,-0.698661705989567,1.0,0.0,0.0,-1.0,0.0,0.0
242,aagtccagcaGCACagacgaactgc,A0201,0.10833262178807349,0.27438705897470916,1.540154705362481,-0.2603896845782301,0.07939507489017608,-0.056230618618793284,-0.059598051840236,-0.012343990094980753,-0.6389671557536897,-0.7928323062999029,-0.24380429194979605,-0.4217107136431513,-0.8778018667161531,0.0,0.0,0.0,0.0,-1.0,0.0
243,aagtccagcaGCGGagacgaactgc,A0201,0.11169287151572739,0.333494629572322,-0.7108994897861314,0.15244967912912638,0.035297052113292884,0.1470815053414408,-0.7966765211661769,-0.21344698766947634,-0.5859598703017631,0.8891680788134101,-0.6300266517567257,-0.4395047457072996,-0.6947181853484068,-1.0,-1.0,0.0,0.0,0.0,0.0
244,aagtccagcaGCGCagacgaactgc,A0201,0.11941516694477058,0.17496115837976878,1.1173912783160722,-0.03408683057369674,0.03186805366304603,0.13816912701013295,-0.17429252604853346,0.07594885323329842,-0.8818416322380049,-0.4715389420691949,-0.5580239561494243,-0.574737829710694,-0.5385176417979408,0.0,0.0,0.0,1.584962500721156,0.0,0.0
245,aagtccagcaGCTGagacgaactgc,A0201,0.332408108874456,0.36808708435227405,-1.08639720409179,-0.04474950673329874,-0.2695875890061425,-0.015720458121766662,-0.8436526258428633,-0.17091416503326617,-0.8051317805564763,-0.9485217436968182,-0.5815057592809177,-0.6637068218265554,-1.0169087186770684,-1.0,0.0,0.0,0.0,0.0,-1.0
246,aagtccagcaGCTCagacgaactgc,A0201,-0.09076546392318241,0.18418996750395028,-0.4169936962441701,0.5463298411180966,-0.3821816711267985,-0.13838348415592208,-0.46556003459644285,-0.2242055358655113,-0.6648688428198497,-0.8741067682869881,-0.6124014229257141,-0.5844190103998337,-0.48065112450962993,1.0,1.0,1.0,0.0,0.0,0.0
247,aagtccagcaGTAGagacgaactgc,A0201,0.3738148365523309,0.1709782283010229,0.1709782283010229,-0.23805553763234238,-0.21114766416882533,0.11453908253857133,-0.6728211389061949,-0.3095610224207368,-0.8634709410226008,-1.0873410794204248,-0.40049896468005486,-0.5839886937041702,-0.48659626390616467,0.0,1.0,0.0,1.0,0.0,0.0
248,aagtccagcaGTACagacgaactgc,A0201,-0.026364703999399903,0.04148838818304251,0.31785843057831525,0.09002187055173955,-0.5141585457135578,-0.1069152039165119,-0.6657283702522306,0.8076602220356536,-0.7730348488737281,-1.0949629437610904,-0.38472322162325867,-0.6827817016830491,-0.6606514323177028,0.0,0.0,0.0,1.0,0.0,-1.0
249,aagtccagcaGTGGagacgaactgc,A0201,0.3675738824061527,0.17961660746983593,-1.1252848353465204,-0.15712491477842733,-0.02365126806464533,0.06181401588226677,-0.626964841538866,-0.47516311525736277,-0.7586409103029291,-0.5990472729975133,-0.4742571842757018,-0.6472419854670722,-0.6782022946505173,-1.0,-1.5849625007211563,0.0,0.0,0.0,-1.0
250,aagtccagcaGTGCagacgaactgc,A0201,0.2753996709996094,0.2807429920739191,-0.27779578390289467,-0.5148817376990532,-0.03276511092762143,-0.0043259254027900335,-0.9513900557753785,-1.1333148583081012,-0.7629154056651819,-0.5073148516022254,-0.5905914389618222,-0.3491495636223867,-0.6053302984151181,0.0,0.0,0.0,0.0,1.0,0.0
251,aagtccagcaGTTGagacgaactgc,A0201,0.4568710753853294,0.3049439152564838,-1.1626734991437264,-0.28877722024280994,-0.2347963621663932,-0.006581220462038646,-0.8636785287872195,-0.3805652820217044,-0.6825938194713618,-0.9208098624536597,-0.526643541509649,-0.3238105037244706,-0.7755568390987903,0.0,0.0,0.0,0.0,0.0,0.0
252,aagtccagcaGTTCagacgaactgc,A0201,-0.1557832095916808,0.21114766416882527,-0.8845227825800641,-0.6086785696949636,0.24130963467907787,-0.047828525090615165,-1.311358853177175,-1.3390016082463039,-1.1690766068039915,-1.490527698863107,-1.060662781906624,-1.0274154575804004,-0.6571775682725586,0.0,0.0,0.0,0.0,0.0,0.0
253,aagtccagcaTAAGagacgaactgc,A0201,-0.2890372954469004,0.33412765910675357,-0.23086642538180666,-0.07366710029095186,-0.11653374990281169,-0.0472353067823987,-1.4269784302253774,-0.776996137653811,-0.7171246816764124,-1.267321764236892,-0.8861702591104581,-0.19203363693265482,-0.023014566472003395,-1.0,0.0,1.0,0.0,1.0,0.0
254,aagtccagcaTAACagacgaactgc,A0201,0.01413032883488816,0.23772750601661968,1.0611638626783955,-0.3702991845135595,0.5773693513989259,0.24253649393901947,-0.8383536476517526,-0.05817396090649434,-1.1357767790304667,-0.940760796625324,-0.6288167903105837,-0.8138486841431043,-0.41792000781196514,1.0,0.0,0.0,0.0,1.0,-1.0
255,aagtccagcaTAGGagacgaactgc,A0201,-0.2037133148985957,0.35827584941822094,0.566038373134517,-0.15994091286969028,-0.3721434060915092,-0.14345279008112133,-1.5025003405291832,-0.4731165337480889,-0.6959938131099002,-0.538569595236705,-0.8274000019478364,-0.5740032887312896,-1.316177173900257,0.0,0.0,0.0,1.0,1.0,-1.0
256,aagtccagcaTAGCagacgaactgc,A0201,-0.07283288001144222,0.34570206350362864,-0.9663624032997125,-0.2030402493047744,0.19227510870305858,-0.04203779316858809,-0.9641154643014685,-0.7476920007592648,-0.7157491082565103,-0.9599518393599322,-0.607580803383175,-0.6338721012021025,-0.8595848808301618,0.0,0.0,0.0,0.0,0.0,0.0
257,aagtccagcaTATGagacgaactgc,A0201,-0.03105870422246869,0.18126063646527846,-0.7556192774978941,-0.26596373687246544,-0.016185427740938563,-0.17230462965822033,-0.8172296699927196,-0.3730111453019296,-0.5533285203413936,-0.5634730777469367,-0.7346711792133981,-0.48287042555654425,-0.8120370007723974,0.0,0.0,0.0,0.0,0.0,0.0
258,aagtccagcaTATCagacgaactgc,A0201,-0.10884233065607783,0.3087239949335048,-1.68371601375365,-0.009419152332394033,0.3777892523594477,-0.09206661790525102,-1.7883124741664265,-0.6616204692505642,-0.7103099621651534,-0.8837469315041518,-0.9081522441724298,-0.6504921878637011,-0.9641300435319399,0.0,1.0,0.0,1.0,0.0,0.0
259,aagtccagcaTCAGagacgaactgc,A0201,0.08177793203549606,0.3451354860486875,1.0523941252544018,-0.3514723705013777,0.00614349419864512,0.09144102938621569,-1.1185240929787998,-0.09133113008823351,-0.707304259438906,-0.9929932108949411,-0.3142224948987498,-0.544788847680898,-0.48065851026118217,0.0,1.0,0.0,0.0,0.0,0.0
260,aagtccagcaTCACagacgaactgc,A0201,0.05359197762578788,0.002098465883997877,0.2500259793275832,-0.3934991525711587,-0.4440267111789431,-0.08209162081896157,-1.6364387182122415,0.1656219041758494,-0.6954287442857043,-0.5999128421871277,-0.4788974412257617,-0.5598971633392484,-0.8747170249604644,0.0,0.0,0.0,1.0,0.0,0.0
261,aagtccagcaTCGGagacgaactgc,A0201,-0.053637963602073215,0.17343094494384773,-0.6365526356743707,-0.25097473686919114,-0.13369121516810847,0.20574866521657612,-0.7772150619856066,-0.9899590575706626,-0.6211361132746411,-0.9754776808659311,-0.7631551181470692,-0.4944316404314511,-0.9103296795752897,-1.0,0.0,0.0,0.0,0.0,0.0
262,aagtccagcaTCGCagacgaactgc,A0201,0.17513296828360506,0.4872761400860353,-3.0179219079972626,-0.0360692547075218,-0.06457200129608377,0.024085618524313155,-0.2824589899084262,-0.4135765421505638,-0.3976029059428231,0.9159247724415993,-0.6842241320942327,-0.508634218331567,-0.01653852701744606,-1.0,0.0,0.0,0.0,0.0,-1.0
263,aagtccagcaTCTGagacgaactgc,A0201,0.2156469033040113,0.2825305814595909,0.818249563160898,-0.1867685116057266,-0.21212408588262077,-0.05246741989413554,-0.35401971211798683,-0.5663846731668398,-0.6612438595082811,-0.5943419027146195,-0.5810314491312414,-0.3845271757332106,-0.7135383669504942,0.0,0.0,1.0,-1.0,-1.0,1.0
264,aagtccagcaTCTCagacgaactgc,A0201,0.36853903717895226,0.3968512139566635,-0.22778568010666636,-0.08717448486691051,-0.26057561522433587,0.2519693579679384,-0.6050811429174314,0.2253936602821079,-0.9422845021437125,-0.5923420310867538,-0.6873551459469741,-0.6621765829509773,-0.42206476617281236,0.0,0.0,0.0,0.0,0.0,0.0
265,aagtccagcaTTAGagacgaactgc,A0201,0.20104751893809295,0.03858058966072196,-2.478432580567353,-0.6905300211759215,-0.2416210993179415,-0.10049907595124881,-1.2176357568200962,-0.30205464461555215,-0.8671819637514446,-1.1067686109131964,-1.0,-0.9402679999722732,-0.9476006462067423,-1.0,0.0,0.0,0.0,0.0,0.0
266,aagtccagcaTTACagacgaactgc,A0201,0.03338616849454672,0.2530819628012293,-2.074254554693423,-0.48253468779695813,-0.03417711531808778,0.1408625358398497,-1.3602246146494603,-1.0707179974544754,-0.930497729868256,-0.7612688418488044,-0.9097689962458912,-0.7066147669787339,-0.9138909848810779,-1.0,0.0,0.0,0.0,-1.0,0.0
267,aagtccagcaTTGGagacgaactgc,A0201,0.3036162166104208,0.12841627312743414,0.7479711739878566,-0.2359951530814417,0.2554326831004556,-0.06990201323015617,-0.8936989266529132,-0.29022312828042984,-0.17171694682346686,0.36900271593620654,-0.6973985097863032,-0.8071758498745542,-0.8286430430645559,0.0,0.0,0.0,-1.0,1.0,0.0
268,aagtccagcaTTGCagacgaactgc,A0201,0.09361305077149217,0.16928519698777605,-0.0034583197724111707,-0.09149835448549612,0.4023162581774647,0.0023009495162738276,-0.8481546729765508,-0.42638800824472184,-0.5688822753458774,-0.7467269400844279,-0.6371670149123521,-0.5353431647661675,-0.7153058424086847,0.0,0.0,1.0,1.584962500721156,0.0,1.0
269,aagtccagcaTTTGagacgaactgc,A0201,-0.11325255230542224,0.22766736337712226,-2.260570365882313,-0.14131051640320283,0.0030793929319720063,0.026472211361191177,-1.2376915577193306,-0.35227185559474883,-0.9381312758604228,-0.4211376988152617,-0.5927094783061239,-0.6291810349712703,-0.736263381915356,1.584962500721156,0.0,0.0,0.5849625007211562,0.0,0.0
270,aagtccagcaTTTCagacgaactgc,A0201,0.10819874051442137,0.19320676572090967,-0.758093304988556,-0.16051754818661407,-0.26357383191631273,-0.15150380462162433,-1.103921601430906,-0.31095334841624617,-0.866508083252483,1.3916177867745276,-0.4628684162936256,-0.49401012893816415,-0.25348642233463037,0.0,0.0,0.0,1.0,-1.0,-1.0
271,tgaggagcatAACGgtgtctcgatg,A0201,0.08048991786036779,0.0670066884967459,-0.2302976194217942,-0.3219280948873623,-0.4647628730588171,-0.20554152033622292,-0.9155674829859295,-0.6755896959993325,-0.9841169583933448,-1.0124755135470604,0.2899904994872585,-0.5173644225703458,-0.9222777045754823,0.0,0.0,0.0,0.0,0.0,0.0
272,tgaggagcatAACCgtgtctcgatg,A0201,0.01810938055173162,0.2167407535598589,-1.0400346618022527,-0.5124053361470481,0.9693032027770836,-0.15369144359781986,-0.47999294111961377,-0.2254201140340159,-0.5446986305074291,-0.5883691021644056,-0.6124432371432633,-0.6690267655096307,-0.9291786628103031,0.0,0.0,0.0,0.0,0.0,0.0
273,tgaggagcatAAGGgtgtctcgatg,A0201,0.3554806545983888,0.22844146600925302,-1.2048197918884982,-0.25036057579868326,-0.21299372333419825,-0.09499651393574689,-0.25485626208445494,-0.8390775888664278,-1.1783372412585125,-0.9284868244153177,-0.5481570597226086,-0.7196728095794105,-0.7931349715204316,-1.0,0.0,0.0,0.0,0.0,0.0
274,tgaggagcatAAGCgtgtctcgatg,A0201,-0.2095267945660257,0.16835770629535207,0.30395919280091244,-0.22867184383272904,-0.09467669953844186,0.07106050494043711,-0.9121566510220457,-0.27342289385990876,-0.8408979678522239,-0.8150579629169642,-0.8380038945830441,-0.8351156152582178,-0.5865807791195389,0.0,0.0,0.0,1.0,0.0,0.0
275,tgaggagcatAATGgtgtctcgatg,A0201,0.32002438441862346,0.2023229918447497,-0.690171382687265,-0.35196446864217057,-0.461216273578367,-0.1949116849143409,-1.0320103949026211,-0.5725787762653237,-0.9532779587568178,-1.0934109395667644,-0.4594316186372972,-0.803685017812432,-0.9016708454747788,0.0,-1.5849625007211563,1.0,0.0,0.0,1.0
276,tgaggagcatAATCgtgtctcgatg,A0201,-0.11038305578790676,0.017899671808562927,0.11256478231801476,-0.7267951951341155,-0.09491164702546696,0.054781285732382175,-0.7199694433319308,-0.3427914878791058,-0.7751672637844518,0.5810117131105199,-0.7178048592186078,-0.5875951566358133,-1.1775068733287029,1.0,0.0,-1.0,-1.0,1.0,-1.0
277,tgaggagcatAGCGgtgtctcgatg,A0201,0.16759994849606863,0.3536369546147004,0.28092763230620194,-0.1179477106647948,0.0017413339964251686,-0.07510145524071878,-0.28143193810626677,-0.14543043952156387,-0.6237705207089256,-0.4366078097010623,-0.6333185042080891,-0.3954086925299112,-0.5677727394236409,0.0,1.584962500721156,0.0,-1.0,-1.0,-1.0
278,tgaggagcatAGCCgtgtctcgatg,A0201,0.2188766195155756,0.2156236417204879,-0.4462562298895639,-0.044157786318218324,0.2269771182866924,0.10041778610721833,-1.5695736077077296,-0.9381697620963768,-1.11118603328984,0.6377061666747073,-0.6542885713569787,-0.8776959030700615,-0.22260731595826316,1.0,0.0,0.0,0.0,1.0,0.0
279,tgaggagcatAGGGgtgtctcgatg,A0201,-0.018753960065362334,0.1904807436224982,0.05227727886705446,-0.40266894184842555,-0.43289286383655706,0.08401404129224173,-1.2457822416120286,-0.5109619192773794,-0.7228728567455046,-1.0914230277635948,-0.4541306966807032,-0.6889602212553738,-1.0609289986423316,0.0,0.0,0.0,1.0,-1.0,0.0
280,tgaggagcatAGGCgtgtctcgatg,A0201,-0.021718400013412603,0.15738198930905814,1.8538870338349702,-0.4795878148804266,-0.164546105578304,-0.10703364692309615,-0.7309574853647306,0.6110652166158919,-0.9555374659389426,-0.6507871366807474,-0.6002833000049123,-0.2522377601904725,-0.9621201163289108,0.0,-1.0,-1.0,0.5849625007211562,-1.0,0.0
281,tgaggagcatAGTGgtgtctcgatg,A0201,0.13464952669478186,0.18326609004662678,-0.7666207951255698,0.1258324172591418,0.21479017838015574,-0.22400167419810507,-0.768985869492761,-0.060961968876941795,-0.799390001121634,-0.701806553904998,-0.439912167917873,-0.02288022469815983,-0.6065620373273244,1.0,0.0,0.0,0.0,0.0,1.0
282,tgaggagcatAGTCgtgtctcgatg,A0201,0.19763998786278836,0.21066993631190645,-0.06655835110464166,-0.03204246940413731,-0.3032856885134638,-0.3642388997453268,-0.20824918875154944,-0.1269121124822196,-1.0152667566533105,-0.7804473660327422,-0.6336707059283913,0.06844105610187626,-0.8067709532008596,0.0,-1.0,1.0,0.0,1.0,0.0
283,tgaggagcatATCGgtgtctcgatg,A0201,0.24742008801802892,0.11868677389582613,0.04896315164150603,1.0605635495018984,0.7837529691837005,-0.14168665047489992,-0.4451648877724411,0.15641597225652268,-0.8606800215667845,-0.8645068011072976,-0.5277113249186626,-0.28018308500622513,-0.667796106600271,0.0,0.0,0.0,0.0,-1.0,0.0
284,tgaggagcatATCCgtgtctcgatg,A0201,0.1481871587486959,0.2508853231676774,0.7830414647141802,0.03761429179977787,-0.07447821595927644,-0.057382222135969004,-1.0035843373490387,-0.3831730006235928,-0.5583601174713189,-1.062178991259887,-0.823856760959033,-0.7140777201540539,-0.6735444910780318,0.0,0.0,0.0,0.0,0.0,-1.0
285,tgaggagcatATGGgtgtctcgatg,A0201,0.25599186822604464,0.4436466435764334,0.04286874475713976,-0.1353295620789916,0.06383470924694502,-0.16398832544637976,1.265749597143568,-0.3909234626174264,-0.8885555219452524,-1.132021241733234,-0.6210263235642628,-0.6329549678822958,-0.5666274270578899,1.0,0.0,0.0,0.0,0.0,0.0
286,tgaggagcatATGCgtgtctcgatg,A0201,0.4438771821588256,0.17994081003063922,-1.3466694522122247,-0.26334106861332857,0.14153981562934415,-0.06747927798738981,-0.9595428460763344,-0.2874135239586195,-0.47658269194279634,-0.5921884975388404,-0.5156825116317368,-0.6694482137760465,-0.4967823062884575,0.0,1.0,0.0,1.0,0.0,0.0
287,tgaggagcatATTGgtgtctcgatg,A0201,-0.002271961163853003,0.09019780897157816,0.48753330651696314,-0.14684138832927116,-0.11330327355259688,-0.40035632716149955,-0.42254764138612283,-0.5693173198443208,-0.15650448567999078,0.7120323020264521,-0.8265836000390979,-0.6898048665786544,-1.025695614504064,0.0,0.0,0.0,0.0,0.0,1.0
288,tgaggagcatATTCgtgtctcgatg,A0201,0.11337458101597896,0.04882682730665646,-1.040287296101979,-0.2740017326307784,-0.31666108255277003,-0.1781738870863337,-1.2252923118422427,-0.7559199198937064,-0.9844405257944638,-1.1773312733910744,-0.7427712158474119,-0.6015705034417305,-0.8577637381373431,-1.0,1.0,0.0,1.0,0.0,0.0
289,tgaggagcatCACGgtgtctcgatg,A0201,-0.023150964250556835,0.22209412813970883,-0.14713968152601015,-0.004181727683967156,-0.07498989577017483,-0.06185449358104076,-0.7270306161084863,-0.2497088385753,-0.7676726006058322,-0.921023377512629,-0.32442256637116057,-0.5147766415616222,-0.842311401498588,-1.0,1.584962500721156,0.0,1.0,0.0,0.0
290,tgaggagcatCACCgtgtctcgatg,A0201,1.371812880579146,0.06482601926326681,-2.6867863508673406,-0.0726775044866682,-0.12158710496761459,0.11846398286534007,-0.507137202212415,-0.10290645789015407,-0.9357964720548958,-0.8453059381069882,-0.5239828736503384,-0.6797563128239905,-0.9552488347210683,0.0,0.0,0.0,0.0,0.0,0.0
291,tgaggagcatCAGGgtgtctcgatg,A0201,0.5740568566774742,0.1326609501741937,0.7698673184467604,-0.23820372381125612,0.5378854947322589,-0.05418389248315723,-0.3651230707444142,-0.111317022864158,-0.8594696909988987,0.6808962021123935,-0.6619734015479938,-0.5939178059556365,-0.5496870259736256,0.0,0.0,0.0,1.0,1.0,0.0
292,tgaggagcatCAGCgtgtctcgatg,A0201,0.20804333615600856,0.3528810232162743,-1.160720310546159,-0.05311133645956242,-0.1534523100821198,0.2813854319308556,-0.510010085079833,-0.26516879601200877,-0.3079046778883709,-0.6298327727757334,-0.5585456881404378,-0.5540652651577685,-0.2112635825266361,0.0,0.0,0.0,0.0,0.0,0.0
293,tgaggagcatCATGgtgtctcgatg,A0201,0.026607834866897457,0.10638227382257603,-1.4095774392781448,0.13655380205426337,-0.12295621312673523,-0.23262345905521548,-1.0981653757994343,-0.9798813578037247,-0.8113590740615029,-1.0643242219840297,-0.4565022875986256,-0.6354172153776725,-0.47120878641365094,0.0,0.0,0.0,0.0,-1.0,0.0
294,tgaggagcatCATCgtgtctcgatg,A0201,0.01101299272241796,0.20251479852249804,1.6891991752354787,-0.06597403740340402,-0.28643901016873746,-0.12101540096136597,-0.07380472719442446,-0.2647721441986238,-1.016217235641481,1.3340340066605936,-0.534379203955904,-0.5254238987214236,-0.8393394735574013,1.584962500721156,0.0,-1.0,0.0,1.0,0.0
295,tgaggagcatCGCGgtgtctcgatg,A0201,0.1612999881554335,0.3318163792518104,-0.94739084065093,-0.4641524022823798,0.3552753520757994,-0.13730509241190267,-0.8776098018765047,-0.39854937649027494,-0.5205399008688854,-0.6989278992488303,-0.6411696060544239,-0.7275843578718972,-1.087294783117365,-1.0,0.0,0.0,0.0,0.0,-1.0
296,tgaggagcatCGCCgtgtctcgatg,A0201,-0.07362286314317992,0.23566102249195958,-1.7124522358430718,0.2234174267372125,0.2518258419229664,-0.26159960209455774,-1.3384162176759313,-0.4526847861967122,-0.4752980240963182,-1.0398927271235126,-0.43042053197822877,-0.696551325720298,-1.2422009024166283,0.0,0.0,0.0,1.0,-1.0,0.0
297,tgaggagcatCGGGgtgtctcgatg,A0201,0.3283517628363532,0.19154727570231803,1.3101749134616847,0.021782422458082103,-0.09369479496185405,-0.28010791919273537,-0.5971888030544157,0.5706883697390382,-0.6858031902279836,-0.7188182474559467,-0.3942209657926,-0.5326581432788348,-0.6744241280974933,0.0,1.0,0.0,1.584962500721156,1.0,0.0
298,tgaggagcatCGGCgtgtctcgatg,A0201,-0.049280902771218604,-0.012615777188456901,-0.6766371013734015,-0.43673257037816277,0.04591583505535836,0.23921258584218089,-0.5158841179821052,-0.2638208299693146,-0.718736352922908,-0.8448554898735874,-0.2924214480499217,-0.7079939723825104,-0.14749671200208278,-1.5849625007211563,-1.0,1.584962500721156,0.0,0.0,0.0
299,tgaggagcatCGTGgtgtctcgatg,A0201,0.22444900763038553,0.17061085600283546,-3.060953211231863,0.32972757490979054,0.36690832840456444,-0.03964270498645069,-0.2975275213867163,-0.5537168136732322,-0.7350080700654895,-1.0878301728986355,-0.1897097869178491,-0.6199070933676988,-0.528068226302622,0.0,0.0,0.0,0.0,0.0,0.0
300,tgaggagcatCGTCgtgtctcgatg,A0201,0.16963509989589548,0.09098815359575359,-0.26878532682089906,-0.12814209554039682,0.69943596450644,0.007805402488800258,-0.7257528819664326,-0.8186554631849001,0.8033291682383571,-0.9538445908188687,-0.3896230948517743,-0.1838277643868297,-0.7288587928342545,0.0,0.0,1.0,1.0,-1.0,-1.0
301,tgaggagcatCTCGgtgtctcgatg,A0201,0.13055355427137114,0.07733335844526538,0.2489306621971019,-0.2397086993290885,-0.17549679611198638,0.06826927601702844,-0.37317398053571227,-0.723376529418251,-0.6253444464577245,-0.22087618888906785,-0.5451266633250071,-0.07831859443377316,-0.7595171216806562,0.0,0.0,0.0,0.0,0.0,0.0
302,tgaggagcatCTCCgtgtctcgatg,A0201,0.13089406685095173,0.09172346957027393,-0.9641795244210436,0.09361305077149217,0.3988272720975848,0.2304297404018662,-1.2381942774593409,-0.8973246189185183,-0.6574750005055242,-0.5353122106041049,-0.47228572748217545,-0.5294673881294526,-0.3487807744951117,0.0,0.0,-1.0,1.0,1.0,-1.0
303,tgaggagcatCTGGgtgtctcgatg,A0201,0.24621169411133464,0.1211801699781499,0.009094010558479623,0.015554814194841804,0.35108486648962794,0.005203594607539678,-1.2498329494269826,-0.367442754139731,-0.729517487582787,-0.307439726284184,-0.5326070956600198,-0.4348872751378654,-0.5614095866783722,1.0,0.0,1.0,0.0,0.0,1.0
304,tgaggagcatCTGCgtgtctcgatg,A0201,0.6163754533526176,0.2734877398296091,-1.5579954531208868,-0.06970897181140442,0.3727418844419994,-0.08948454057272737,-0.42256496542281335,0.025847019426873126,-0.827048686540916,-1.0107087133886494,-0.599857275196414,-0.638088655406376,0.04090539421888994,-1.5849625007211563,0.0,0.0,0.0,-1.0,0.0
305,tgaggagcatCTTGgtgtctcgatg,A0201,0.36030116585954947,0.15140284586373073,-1.1305588417059869,-0.07640307165908135,0.21689512469827776,-0.19093145968546854,-1.5176956306425826,0.3554613498107676,-0.7075953318461611,-0.5033403376655126,-0.5505270231099549,-0.6723728583859581,-0.8128236661862298,-1.0,0.0,0.0,1.584962500721156,-0.5849625007211563,1.0
306,tgaggagcatCTTCgtgtctcgatg,A0201,0.0844878704704106,0.15172238616896475,-0.25073704703040955,0.11720344561378887,-0.08081204558809724,-0.22262634027346456,-0.6469298254512634,-0.43692499520919326,-0.5542129377377273,-0.38363380114891527,-0.38625212317592883,-0.6595436329382471,-0.35385976466006835,0.0,0.0,0.0,1.584962500721156,0.0,-1.0
307,tgaggagcatGACGgtgtctcgatg,A0201,2.3211974313919326,0.24156989664519674,-0.19525629139893388,0.20876220691975667,0.9202209260210021,-0.05965480489337356,-0.47676196604311427,0.5145731728297582,-0.3831127318826068,-0.8248423487864452,-0.4208431209600496,-0.5170584362193525,-0.3306453119884713,1.584962500721156,-1.0,1.0,0.0,0.0,-1.0
308,tgaggagcatGACCgtgtctcgatg,A0201,-0.1644268088931343,0.22106641477169428,0.1847956346787964,-0.48960788157558427,-0.42902172871454497,-0.11837944137369766,-1.4907186993699957,-0.216900617822961,-0.9291391260867903,-0.8736440134950869,-0.7658649203067203,-0.8202047545336264,-1.1531039672419918,-1.0,-1.0,0.0,0.0,0.0,0.0
309,tgaggagcatGAGGgtgtctcgatg,A0201,0.12092478225960651,0.27546305027097573,0.951226316900179,-0.5327062635897324,0.34745396640426435,0.005246169565959087,-0.6964173849957391,0.17166300368596235,-0.6654222328879025,-0.8841687209195419,-0.45897135542047623,-0.4987458143108703,-0.1594901708526812,0.0,2.0,1.0,1.0,1.0,-1.0
310,tgaggagcatGAGCgtgtctcgatg,A0201,0.11602379633948338,0.18015413375919892,0.7744949667962164,-0.26445648090299195,0.8699394594356271,-0.12423930183565228,-0.4787148712188921,-0.19442596329492642,-1.133025418630783,1.3387729398901302,-0.6875715775499389,-0.14813231102099148,-0.9826626835669888,0.0,0.0,1.0,1.0,0.0,1.0
311,tgaggagcatGATGgtgtctcgatg,A0201,0.13880383482569336,0.28049048530059323,-1.2354604005489267,-0.29486468774652214,-0.19618041288711538,-0.03555886633489472,-0.9423452075797901,-0.665741103201918,-0.9708846137937169,-0.8089037091530906,-0.6245876154051566,-0.7608983362422582,-0.9085362371259063,-1.0,0.0,0.0,0.0,-1.0,0.0
312,tgaggagcatGATCgtgtctcgatg,A0201,-0.02216164992415881,0.24483756786125668,-1.9090915038017897,-0.050730802120929674,-0.3726588970082921,-0.026635126503466736,-1.228915027515775,-0.7308133671846111,-0.7811349521588773,-0.5394478414687875,-0.49243121496730025,-0.5439352324611014,-0.2667383745972125,1.0,0.0,0.0,0.0,-1.0,0.0
313,tgaggagcatGGCGgtgtctcgatg,A0201,0.2683678501368345,0.3103401206121505,-1.2064508774674263,-0.04559686644011067,0.2683678501368345,0.26570359260977827,-1.3986450427507713,-0.3455337062912089,0.6075839212878823,-0.8136825420296153,-0.6661253536157573,-0.6913921122261875,-0.32561583298666935,-1.0,0.0,1.0,0.0,1.0,1.0
314,tgaggagcatGGCCgtgtctcgatg,A0201,-0.09455226603665878,0.1544969489336078,0.36552528726147976,-0.17492568250067878,-0.2187915678723111,0.11201705443735191,-1.865153863335696,-0.5187512673829419,-1.1410123095270734,0.9324407167781276,-0.740864772325889,-0.8149681061674793,-0.5406745829190016,0.0,0.0,0.0,0.0,1.0,0.0
315,tgaggagcatGGGGgtgtctcgatg,A0201,-0.12416643285105243,0.17492168567819855,-0.07588641782233597,0.0353703332794049,-0.1702138003704891,-0.10913822361872083,-1.1904155272300967,-0.07941895722954682,-0.794261740497613,-0.7716307659980449,-0.6098371693601854,-0.5874307563119058,-0.6161234322076168,0.0,0.0,0.0,0.0,0.0,0.0
316,tgaggagcatGGGCgtgtctcgatg,A0201,0.09665316501779318,0.20768447740653695,-1.0337122791688136,0.27144305806560776,0.23310707428644392,-0.09698152885975167,-0.8623420038433766,-0.8577155058938516,-0.8107575062784439,-0.8257388978168583,-0.3987038654384216,-0.20998449070982567,-0.9433511159045724,1.0,0.0,0.0,0.0,0.0,0.0
317,tgaggagcatGGTGgtgtctcgatg,A0201,0.27976196298447775,0.2942211657175205,0.8767838404776819,-0.14960930068681944,0.47149851097570633,-0.04985620643759752,-0.5627998345172052,-0.19150265076836115,-1.0187888521392614,-0.21684742626802153,-0.542266383288219,-0.5896368233875176,-0.5956690065625587,-1.0,1.0,1.584962500721156,1.584962500721156,1.0,1.0
318,tgaggagcatGGTCgtgtctcgatg,A0201,0.031650886407891855,0.24582067126286727,-1.483295027682405,-0.4519508993540234,0.01986302657637772,-0.11803508942861933,-1.3874516676069442,-0.5794029753792554,-0.7578497371186755,-0.8138682290162784,-0.5919421710396016,-0.29913186462015773,-0.3082991395695757,0.0,0.0,0.0,0.0,-1.0,0.0
319,tgaggagcatGTCGgtgtctcgatg,A0201,0.33598369010878165,0.27267056360986924,-2.3396923743632017,-0.05396282820723173,-0.2559894910422092,0.19547975964642336,-0.8535799636263975,-0.7430731722544798,-0.8410483318177773,-0.4910098842416892,-0.3313182569649375,-0.3735573383398149,-0.3758150775187281,0.0,1.584962500721156,0.0,0.0,0.0,1.0
320,tgaggagcatGTCCgtgtctcgatg,A0201,0.25836031089752015,0.19669191100509772,-0.4018353172978612,-0.23819752336940792,0.2888366245944099,-0.08654210917435701,-0.385084277177216,-0.526149524137378,-0.6584321916195166,-1.0347162054560997,-0.5930561827674927,-0.5644273521889105,-0.7352851105272883,-1.0,0.0,0.0,0.0,0.0,-1.0
321,tgaggagcatGTGGgtgtctcgatg,A0201,0.36464291744372207,0.34027248928896914,-0.8930847960834881,-0.03889468096724231,0.07969373518148752,-0.06469617415368722,-0.8439347497680291,-0.5842613123521215,-0.6378196170172422,-0.959202166410908,-0.5336352392821536,-0.6698195187146796,-0.40269973353874206,0.0,0.0,-1.0,-1.0,0.0,1.0
322,tgaggagcatGTGCgtgtctcgatg,A0201,1.5841499436504571,0.13816800293918477,0.9453647434231542,0.1513937185507149,-0.16642608203440237,-0.062248440686720925,-0.4257639058719022,-0.07000972124774253,-0.6299499554944662,-0.9832242872491731,-0.5862285780651483,-0.6443835869807037,-0.40886373165864315,1.0,0.0,1.0,1.584962500721156,-1.0,0.0
323,tgaggagcatGTTGgtgtctcgatg,A0201,0.1022985758461419,0.2444785868055501,0.09195663162468291,-0.202556005682279,0.17677139087047783,-0.03735341448236971,-1.130232470773831,-0.6716472558222301,-1.0313174447011437,-0.8539622377833431,-0.4364564829137494,-0.49005085369568935,-0.6137989559185448,-1.0,1.584962500721156,0.0,1.0,1.0,0.0
324,tgaggagcatGTTCgtgtctcgatg,A0201,0.12877404003339368,0.22620403528646707,-0.6887983117056962,-0.07072332373520682,0.20704445700301197,-0.2183164855445929,-0.8399440580247721,-0.6367398835145419,-0.8469102475175935,0.2825722709198973,-0.515238878466836,-0.540991976679929,-0.5466518310982975,0.0,0.0,1.0,0.0,1.0,-1.5849625007211563
325,aagtccagcacgcaaACAAaactgc,A0201-MART1,0.9795358974402845,1.2652903797741617,0.3685781881861837,1.1356550993575665,0.7966718402904739,1.1989810347263956,0.05307062893452798,0.22480374571677011,-0.6036659393995644,-0.5731853329448027,0.17778711921528267,0.02345897282398896,0.10111152847645366,-0.1795494203307126,-0.36257007938470825,-1.0,0.7533600324168748,2.0874628412503395,2.0
326,aagtccagcacgcaaACATaactgc,A0201-MART1,0.9691939532188254,1.3461079073824889,-0.48441120231950574,1.4631213777863588,0.8530678961023719,1.1721809753826804,-0.3376060124347936,-0.2160786474042457,0.40824193776999074,0.21150410519371182,0.2462137594813595,0.3391802591091276,-0.11276793016194972,0.19129865223487943,0.0,-2.0,1.4212426488055518,0.7369655941662062,0.5849625007211562
327,aagtccagcacgcaaACGAaactgc,A0201-MART1,1.26038968457823,1.6351633136433468,2.6111464325248113,1.609415544445695,1.1716854593067498,1.5456787730706192,0.36991803782219584,0.9920219425764759,0.19330792888026305,0.4555689790048984,0.3534063263605304,0.7166681799329783,-0.01332137849783389,0.9491757409223175,0.289506617194985,0.0,1.5516424275211298,-0.15200309344504995,0.5849625007211562
328,aagtccagcacgcaaACGTaactgc,A0201-MART1,1.1797060222348978,1.312798782571805,-0.12285674778553347,1.2545334645754418,1.326737973529679,1.461133913868298,-0.10374792483782898,0.7206805105787167,0.16139414395795626,0.3101026594905728,0.4362271211100172,0.5217686742339621,0.6990801813284772,0.48542682717024166,0.5849625007211562,0.5849625007211562,1.9673338110796779,0.8875252707415875,2.4594316186372973
329,aagtccagcacgcaaACTAaactgc,A0201-MART1,0.8849416227748736,1.2592593621424124,1.511050106266061,1.8876611241284658,0.8294465101831702,1.3067682877163567,0.19264507794239583,0.6686068015021791,-0.21226820406274058,0.3259863114617158,0.3535107400972421,0.39383713998414466,0.1488064670088715,0.49595749466241135,0.13750352374993502,1.0,0.8358806202388933,0.32192809488736235,0.0
330,aagtccagcacgcaaACTTaactgc,A0201-MART1,0.9750248516378652,1.2972888084848142,1.0677143185963456,1.2577977574676467,0.9598295615244657,1.2660574844615802,-0.038196323560950006,0.005131108103150446,0.010244031496803134,-0.03292780264477035,0.424430634236154,0.31436930386441236,0.07998510278736398,0.30868551810650996,-0.18057224564182092,1.3219280948873624,2.1941725476889897,2.722466024471091,-1.3219280948873622
331,aagtccagcacgcaaAGAAaactgc,A0201-MART1,0.9853532240355987,1.3460137134116754,1.2914924331188284,1.5050697001413165,0.9581083878447166,1.2492052524704145,-0.587491327031895,0.14186108302443604,0.5603294877035533,0.8580681170238447,0.4407055647987571,0.12342383476775967,-0.2207089963602722,0.5454341365345188,0.9385994553358568,-0.4150374992788438,0.9365746198583664,-0.3785116232537297,1.0
332,aagtccagcacgcaaAGATaactgc,A0201-MART1,1.004769244147872,1.1962234883116458,0.7138511604923611,1.096985615368846,1.2772950989589635,1.0729651638637068,0.2718391474586286,0.5244535175484969,0.25474877929959966,0.03545713381690178,0.4699600258244711,0.4834719555420184,-0.031101217287739846,-0.1098232779527512,-0.2837929660005913,1.0,1.0384741478146355,1.6780719051126378,0.8073549220576041
333,aagtccagcacgcaaAGGAaactgc,A0201-MART1,1.1656171599588487,1.2720392190950032,2.063120086036827,1.761277660215264,1.199725014279113,1.3347749744429658,0.4388158848786519,0.60703092400049,0.4367636867504076,1.038400994401295,0.3812887079243036,0.6006290971496057,0.0027770846705737194,0.27840280725699795,0.6280312226130421,1.584962500721156,2.075815781698741,1.5090136474878577,-1.8073549220576042
334,aagtccagcacgcaaAGGTaactgc,A0201-MART1,1.2090133915352481,1.3139155748359777,1.4587588767081618,1.2141248053528473,0.9302763777456798,1.2077327034432566,-0.1586437195790389,0.3605897152564674,0.08641475181747328,0.4568244863000114,0.29140615011046656,0.24576574441363708,-0.1388981058216878,0.051877770545636866,0.4059923596758368,1.3625700793847084,1.6650316999245618,0.920565532505595,2.321928094887362
335,aagtccagcacgcaaAGTAaactgc,A0201-MART1,1.1711297572875963,1.3541085006365121,1.267772324840457,0.9334022512709762,0.9003674720271844,1.1938310172125388,0.1734402641073417,0.7204576117180496,0.2697379461298706,0.05647276908329975,0.24686620655044733,0.3282494136840809,-0.09368544554143389,0.4454111483223626,0.6166713604484945,0.0,1.0174874267288412,2.867896463992655,1.584962500721156
336,aagtccagcacgcaaAGTTaactgc,A0201-MART1,1.1883717556540903,1.287381761485256,1.6978114796485562,1.1605119511930992,1.065847831718853,1.2613865529523114,-0.5734558594006413,0.25205623294157276,0.12391260368547623,0.057969180825270264,0.3098630290538637,0.2628803622651366,0.20552636923912826,0.7720480533216514,-0.0995356735509144,-0.5849625007211563,1.5450697735976435,0.9175378398080271,-0.7369655941662062
337,aagtccagcacgcaaATAAaactgc,A0201-MART1,1.167362032139917,1.2703139872798228,0.0631279785654641,1.3375150375401734,0.972075998437561,0.99538337192963,0.8596273436354478,0.8569922834674777,0.16247469695710534,0.08577580729366217,0.12134482099725062,0.1941371610631795,-0.16962646133966622,-0.17859730345676314,-0.2895066171949848,1.584962500721156,0.9781956296816515,2.523561956057013,1.584962500721156
338,aagtccagcacgcaaATATaactgc,A0201-MART1,0.8654803346888865,1.2935739867931766,0.7369655941662062,1.0104166159453385,0.9513993608738888,0.9058946031347945,-0.4243682587185914,0.09372475737197243,-0.046704033457441334,-0.24056054403537258,0.2454202071351042,0.20612258185993654,0.2356956972432835,0.9834361551255515,0.5594274086140185,-2.321928094887362,0.9102971970517679,2.0,-1.0
339,aagtccagcacgcaaATGAaactgc,A0201-MART1,0.9290640931890546,1.1563682860064517,-1.0544477840223765,1.027664028893563,0.9085088740069013,1.1121103663215375,0.5276167678685502,0.32220684960581986,0.24197279030596425,0.06806427494515407,0.36504601270228554,0.2676733006373144,-0.0496307677246006,0.8325874672325457,-0.19264507794239588,-1.0,1.1622714288988771,2.169925001442312,0.5849625007211562
340,aagtccagcacgcaaATGTaactgc,A0201-MART1,1.0925476569657622,1.2333211007094147,2.2703680874647345,1.2676562538826388,0.8808419144265618,1.3326714450750414,0.11541024148896195,0.6866442223294743,-0.14072859330508722,-0.06045447787293279,0.29432679955071417,0.35956799430965286,-0.10377083730641752,0.6295008967976546,-0.08488889758651305,0.0,1.618909832644494,1.7162070339994087,0.41503749927884376
341,aagtccagcacgcaaATTAaactgc,A0201-MART1,0.8234582302415216,1.3074285251922473,1.0293266712695117,1.0740649860347962,0.8791456051256142,1.0995356735509143,0.2714677202746228,0.2726684652801742,-0.08818799584760668,-0.08664747777182433,0.3245356375929907,0.2798520238940678,-0.020443389211772522,-0.08890050458893065,0.09953567355091437,-1.5849625007211563,1.3138457485895036,0.8579809951275721,-1.0
342,aagtccagcacgcaaATTTaactgc,A0201-MART1,1.149747119504682,1.4153192481403756,1.146695948030656,1.3601886700627122,1.1639012138145424,1.3557915467536463,-0.0856182681990597,0.12361549720579172,0.11757910747512296,0.03778317432345206,0.24579594805580768,0.3412671688096433,0.00763621086104292,0.5621706358479138,0.16349873228287956,0.5849625007211562,1.5285713188707577,1.1292830169449664,-1.0
343,aagtccagcacgcaaCCAAaactgc,A0201-MART1,1.1076407231879695,1.4844589002363233,1.9073420727021386,1.1076407231879695,0.9966094107992258,1.4941090702700426,-0.44424942049533106,0.5774456506039878,-0.24832921052007423,-0.12407110755792852,0.2848253880514095,0.2419964160630068,0.2795407849231417,0.2606517545227997,1.6520766965796931,0.0,1.877744249949002,1.84799690655495,-1.5849625007211563
344,aagtccagcacgcaaCCATaactgc,A0201-MART1,1.0065826503899682,1.3532544290812678,-0.5437708134010465,1.2027808295943576,1.0729005470474475,1.327196615803542,-0.518049167381689,0.7873326186257904,0.12073603284561378,-0.022264254218483402,0.2208134619571146,0.19402525124280642,-0.07016841141582825,1.0,0.41503749927884376,4.339850002884624,1.0891258904729837,0.6280312226130421,1.0
345,aagtccagcacgcaaCCGAaactgc,A0201-MART1,1.2016338611696504,1.656782364218995,0.213347281733441,0.8303567474192195,1.0832133682489815,1.4245862262511013,-0.6808942634452222,0.8800122119323706,-0.7113480599869361,-1.0141673319265938,0.3378179968169482,0.3191057365547778,0.22975825095949542,0.19822611020569572,0.09953567355091437,0.0,1.204091604593504,1.9068905956085185,0.0
346,aagtccagcacgcaaCCGTaactgc,A0201-MART1,1.1013037808915773,1.385177063943874,1.439556430019168,1.222047732518445,0.9891025454438016,1.3861003888015593,0.03517354001287007,0.48768574471037685,0.01573864744215038,-0.017246215057906352,0.5017244059970118,0.31080798262629766,-0.015912238965741374,0.38763134193819204,0.056583528366367514,1.0,1.7984767707111513,1.6724253419714956,0.5849625007211562
347,aagtccagcacgcaaCCTAaactgc,A0201-MART1,0.9606618520494993,1.3090877491139377,1.7268863880698384,1.1920742787100682,1.530690301807119,1.2334376523614934,0.35916749516386837,0.2084885826662002,0.17049131942441806,-0.04662615987135561,0.10800718961836644,0.39643837251764164,0.254085449106311,0.6928184904818241,1.1699250014423124,1.8073549220576042,2.5818363997344367,2.192645077942396,-1.3219280948873622
348,aagtccagcacgcaaCCTTaactgc,A0201-MART1,1.2244437440777365,1.4067513019611197,2.0911772132142725,1.9606711980176132,1.2999194739536026,1.266861185374307,0.13834580948421632,1.0229855373114474,-0.11239123754619339,1.4123318413428232,0.3200733334908346,0.4238919596121985,0.33851450968749536,0.8818954006102413,0.9541963103868752,1.584962500721156,1.7978111493867333,1.632268215499513,0.7369655941662062
349,aagtccagcacgcaaCGAAaactgc,A0201-MART1,1.9254981346592797,1.7037322909834467,1.0719755787833494,1.5479889050820674,1.2725258548110916,1.4881450475521132,0.6704102034045708,0.6565157617461902,0.12858420606141283,0.14194258891643194,0.8260959919977378,0.6219773430417114,0.2912838826379674,0.30642700134717454,-0.18057224564182092,0.5849625007211562,1.2016338611696504,1.4405725913859815,0.5849625007211562
350,aagtccagcacgcaaCGATaactgc,A0201-MART1,1.1965601279457792,1.4764380439429872,0.8572598278839181,1.3833286395515056,1.2134036381091933,1.3093280581077287,0.017312548243241035,0.06387789734192548,0.36031057220258317,0.05831301082440156,0.33406865775957445,0.24502178226817467,0.17860724454211313,0.7252431091416648,0.0,1.222392421336448,1.673593799993486,1.7725895038969275,0.0
351,aagtccagcacgcaaCGGAaactgc,A0201-MART1,1.521138923889645,1.5299305113695216,1.3076841635451601,1.3608817292319384,1.2619794185539561,1.436704237518631,0.33994592994612405,0.6300105417490663,0.30263277147806833,-0.15286672414482338,0.6241408066621025,0.513277532831686,0.09157070230187492,1.3286227474613705,-0.3081222953623318,-0.3219280948873623,2.375039431346925,1.4854268271702418,0.0
352,aagtccagcacgcaaCGGTaactgc,A0201-MART1,1.5815304293366395,1.5741483816377442,2.0294474878360775,1.40193960893055,1.044839244486445,1.4124642114807402,0.21696123708588527,0.49916930755106803,-0.13185835900339196,0.5337055474828479,0.3610577785771779,0.389758090830486,0.003575454223827242,0.21681138907314804,0.08572987402588404,0.7104933828050152,1.5311912442801754,1.0752881273042372,1.584962500721156
353,aagtccagcacgcaaCGTAaactgc,A0201-MART1,1.2025952662156325,1.4064096518761398,0.9060711153019697,1.139289866700202,1.7907578311861008,1.280541573333836,-0.3216034925593221,0.38419408351320483,0.15731737075150953,-0.040827504338261045,0.4234535139604318,0.48319901299820917,-0.055596963668601354,0.4749089552562425,0.8479969065549501,-1.0,1.5041633897518276,1.5272470028648688,1.0
354,aagtccagcacgcaaCGTTaactgc,A0201-MART1,1.3391051678822379,1.4350710365681392,2.376001496407564,1.2886171627642904,1.1602930657887511,1.518236386920343,0.4260589053700959,0.7466688685614791,0.048732571823642414,0.1795305885273342,0.5259458774047303,0.6450594089037619,0.0674360105020504,1.1599283343897944,-0.09729720135491486,-0.4150374992788438,1.4286351026795663,1.0418201756946268,-1.0
355,aagtccagcacgcaaCTAAaactgc,A0201-MART1,1.3484543893975498,1.4893169252373994,1.5086116145910413,1.657475000505524,1.1858120638989338,1.4499357072634338,0.1785116729009483,0.42562499151611743,-0.030320451342932493,0.3744669512421541,0.3294096762568144,0.7919133591469358,0.18071931685260004,0.10561018796059878,-0.765534746362977,-1.0,1.2810943773787848,0.5405683813627028,0.0
356,aagtccagcacgcaaCTATaactgc,A0201-MART1,1.8161674251945923,1.4685803751357633,0.5838765427919064,1.1542809478228933,1.0145809835966004,1.3042341342375383,-0.4886049597412523,0.008791587479876935,0.26948680343616277,0.23393605082829302,0.27094924151464883,0.4351786372929583,-0.16816239274305256,0.22239242133644802,-0.07400058144377693,0.0,2.053938807110804,2.273018494406416,-2.0
357,aagtccagcacgcaaCTGAaactgc,A0201-MART1,1.0634396120438232,1.5981378894688893,2.0462379217898667,1.3795293975752274,1.09228193374024,1.4166910181313577,0.5955670559519857,0.8876037228496516,0.0652657714661683,0.3155277434140835,0.6622009138534005,0.4837671260485836,0.13168619715462057,1.2737955992142647,0.0,0.2630344058337938,1.1012833358371816,1.0,1.584962500721156
358,aagtccagcacgcaaCTGTaactgc,A0201-MART1,1.2667451796180536,1.4150374992788437,1.4678034592756255,1.4985608548411273,1.0992171626674285,1.3104171691336721,-0.07755631305518422,0.7290718714968892,0.3174226862352471,0.14362467564572814,0.38725936327105,0.3537068035600233,0.016771069492968874,0.7534880500788682,0.5719063478957097,-0.5849625007211563,1.8149681061674794,1.8395353278067539,1.584962500721156
359,aagtccagcacgcaaCTTAaactgc,A0201-MART1,1.3706043116097553,1.3869495818812008,-0.4242346590560221,1.0683638235164745,1.3123953856166632,1.3264216978862422,-0.016149739993329578,0.4523577763840605,0.09202161989360777,0.1891277376201561,0.4415583755315369,0.34581871509538364,-0.039342500175237834,0.44430209378403845,3.048363021561399,0.32192809488736235,1.5785362315617233,1.5235619560570128,0.0
360,aagtccagcacgcaaCTTTaactgc,A0201-MART1,1.411352452470988,1.4017270456954656,0.7132169913935973,1.3935320092269237,2.081562239810655,1.4289554573237853,-0.015512999371324597,0.31186364004778405,-0.009676059349040476,-0.13856471912024537,0.3652463964080844,0.4782451023908716,-0.16427043331272045,0.7236687715527484,0.5670405927238937,-0.4854268271702417,1.0688618581448044,0.41503749927884376,1.0
361,aagtccagcacgcaaTCAAaactgc,A0201-MART1,0.906191784724965,1.2481113547997935,3.2142603113810724,1.1586249690098926,0.8684227418492189,1.2872819520804712,0.2519677574959702,0.8009560157947548,0.3783740992994872,-0.3826292640635158,0.18592548013602778,0.2444419447029681,0.03531865589349427,0.8160985551295804,0.0,-1.0,1.7800690961364654,1.3219280948873624,2.584962500721156
362,aagtccagcacgcaaTCATaactgc,A0201-MART1,1.0476629722656992,1.313596820295408,2.2780703866662666,1.3596441878148446,1.3235885919525694,1.164684996601509,0.020444768796997567,0.703077090527235,-0.055979672059163835,-0.15185058062278312,0.27306582769734977,0.265091969825374,0.1670241902870251,0.6626575657226745,0.24100809950379498,0.41503749927884376,1.1688769120094462,2.4329594072761065,0.0
363,aagtccagcacgcaaTCGAaactgc,A0201-MART1,1.1460782594879446,1.4061410987904477,1.2019765847823536,1.2425233764426826,1.1460782594879446,1.308728597132503,0.44930740136358993,0.3596557161222297,0.4173476599660448,-0.08736651066299092,0.5972408304995929,0.5390262165542972,0.1366625473105641,0.37312385754544947,-0.6100534816839867,-1.0,1.3468855177089303,1.8875252707415875,0.0
364,aagtccagcacgcaaTCGTaactgc,A0201-MART1,1.1697446758323171,1.4554428017904422,1.558209773115471,1.4085315354194337,1.198313828029088,1.4536664481399344,0.49670943684681346,0.2888013152787675,0.15200309344505006,0.1834590040982082,0.38697242663060233,0.5652943406960194,0.002583161014002632,0.3937783799070403,0.932885804141463,0.2630344058337938,1.6728352567464906,3.254813899028825,1.3219280948873624
365,aagtccagcacgcaaTCTAaactgc,A0201-MART1,0.9836477945925566,1.3523510154611154,2.395692149559417,1.355820424045071,0.9131837137261481,1.3372197468399527,0.8757670892505565,0.773634304213603,-0.05334942459293368,-0.03209687536433709,0.18867180349244692,0.39103203626805444,-0.279314575735356,0.24433831212388876,0.27563444261342734,0.41503749927884376,0.9730329523997306,0.6166713604484945,1.4405725913859815
366,aagtccagcacgcaaTCTTaactgc,A0201-MART1,1.3765002974377696,1.4266553349793643,2.1259196543627183,1.139538115753695,1.3822395194904824,1.2944186449734116,0.0,0.6208717086279308,0.27938239992127745,-0.03164562661646529,0.5066789191350107,0.34582148448673905,0.21383040783302382,0.03625052626936076,0.6918777046376682,-0.3219280948873623,1.3464504140214313,0.48542682717024166,-0.7369655941662062
367,aagtccagcacgcaaTGAAaactgc,A0201-MART1,1.2003719116279512,1.3701693820168421,1.5063737656151535,1.0287242890366308,1.08202251519668,1.3742447944469596,-0.04525429273994403,0.36096765124503,0.2003229160173035,0.23302314842813862,0.34867188044625413,0.2909353818979341,-0.11875681656102836,0.5451222361893651,0.561878887608115,0.8073549220576041,2.3498467984523357,1.4594316186372973,3.0874628412503395
368,aagtccagcacgcaaTGATaactgc,A0201-MART1,1.163328110197542,1.5224815034598327,1.0817188587155355,1.4126469518538496,1.487472719795148,1.3314508690058688,-0.10853878749779584,0.06017714408975931,-0.005513490943106346,0.1661495127428561,0.2724807478026236,0.26104585274034,-0.1264483352409392,0.42075115047323747,0.14438990933517493,3.584962500721156,1.6291623046316912,1.371968777386958,0.0
369,aagtccagcacgcaaTGGAaactgc,A0201-MART1,2.9100489278799215,1.5461988834598677,1.465399772490539,1.2241398190257866,1.212303603712864,1.3228457425643658,0.2702722302327213,0.8635094599239658,0.1202041562933578,0.09582784554444454,0.35722242571070706,0.3560499794528518,-0.041886408547548395,0.5307814625700934,-0.35049724708413327,0.0,1.1344090334303119,1.7983661388303493,-1.0
370,aagtccagcacgcaaTGGTaactgc,A0201-MART1,1.2696704508106735,1.372358832014172,1.835161797632573,1.1891542735643503,1.0744296357341923,1.3176305193505466,0.15351657843910976,0.6262756425055915,-0.05471254243109307,0.01778593937731452,0.3621111339248528,0.28587278054191134,-0.044738314765284504,0.11848200949292219,0.25633975325978553,-0.4594316186372972,1.1610512187549031,1.6835263352047456,-0.3219280948873623
371,aagtccagcacgcaaTGTAaactgc,A0201-MART1,1.0229279741851285,1.3129358099688657,2.601211852366231,1.1053135439786077,0.9752775705887687,1.1646238357035343,0.2617944443987283,0.8541807781783225,0.1755328319157324,0.0272562186547178,0.2253639878677389,0.2876124285544599,-0.1470538774733166,0.29098615279885326,0.9462287435590192,0.8930847960834881,1.6244908649077936,1.222392421336448,-1.5849625007211563
372,aagtccagcacgcaaTGTTaactgc,A0201-MART1,1.2151680945685353,1.4019893715942098,1.4201987540027439,1.2129937233341985,0.9852966022399954,1.3142401771640182,0.028004305667878353,0.44560750905685664,0.10500630750276226,0.18687324065668834,0.28383037010582635,0.3013592556735743,0.006270325151434753,0.6591870857428832,0.13972476366661318,-0.19264507794239588,1.2454547452425666,1.8845227825800641,1.3219280948873624
373,aagtccagcacgcaaTTAAaactgc,A0201-MART1,1.0901216431430418,1.355711753880592,2.8244875731690446,1.1065561012286869,0.7628710354066544,1.2914474884326008,0.7145195756876234,0.7639882519519231,-0.025244651831256164,-0.215526890123398,0.06603316310324966,0.17755135657930565,-0.2508239422366907,-0.4560647675388987,0.3942789391120464,0.0,1.008562013503424,1.8194277543581792,-0.4150374992788438
374,aagtccagcacgcaaTTATaactgc,A0201-MART1,0.9617250300465703,1.287243565686416,1.244334974217125,1.0762559076222176,1.070126086390642,1.2049146244834927,0.18279808275670925,-0.003699220080310053,0.6974526235705216,-0.45436062908987535,0.1590055866349471,0.23944420228735858,0.1161875197536623,0.08721099608239802,1.8300749985576876,3.5391588111080314,1.5240979750269126,1.5145731728297582,-1.3219280948873622
375,aagtccagcacgcaaTTGAaactgc,A0201-MART1,1.1785818635727645,1.3546167135935367,1.159198594849254,1.0796625541481406,0.9803300198598665,1.265536913036964,-0.09941936938374363,0.6610783518757997,-0.06579663065937652,0.08228122396035825,0.29696280363318833,0.23950424769192305,0.05354287585691945,0.4002024581159019,0.0,-0.5849625007211563,1.6523117206155455,1.4764380439429872,-0.2630344058337938
376,aagtccagcacgcaaTTGTaactgc,A0201-MART1,1.0575190390773512,1.3751313959710763,2.1528615850150947,1.0552250410731236,0.9744904656143418,1.1779599645468273,0.10921257945567667,0.7105520134530587,0.20891131545840522,0.3123983315260342,0.40417916501518086,0.30216338437815027,-0.11358757866128487,0.6540264311459867,0.6438561897747247,-0.2630344058337938,2.1354428701521613,1.8144443468439235,1.4854268271702418
377,aagtccagcacgcaaTTTAaactgc,A0201-MART1,1.1548017267977235,1.2612175727635613,0.8967912205534243,0.8799764026927595,0.9525386462937305,1.089018307752381,0.1752616741213266,0.5122966613988974,-0.2310212683291787,0.11836818871415157,0.2906196851754945,0.4172230701269018,0.04479174222591808,0.895842768708708,-0.1219905243786103,0.22239242133644802,1.3168571053399405,0.6780719051126377,-0.2630344058337938
378,aagtccagcacgcaaTTTTaactgc,A0201-MART1,1.1903865354687766,1.2944221076091014,1.5539950709505659,0.9834930116709961,0.9422342576579816,1.309068883573503,-0.7652746685373971,0.5981956885931491,-0.13343434789405867,0.017236704925304016,0.3163685695454618,0.4869123550594043,-0.005211426645341826,0.6435301201517096,0.15200309344505006,-0.36257007938470825,1.494764691749578,1.1963972128035034,1.8073549220576042
379,tgaggagcattcatgAAAAtcgatg,A0201-MART1,1.360139253129946,1.301169534720565,0.4814063088945589,1.4445936432768318,0.9850903183326588,1.093694794961854,-0.07982236019007931,0.15504515053609336,0.08068466013675428,0.0698454277752898,0.15025100167332536,0.21070796361513952,-0.046417785327878935,1.0855568952310424,1.0,1.7369655941662063,1.0842513362411341,1.3890422907458992,-1.1699250014423124
380,tgaggagcattcatgAAATtcgatg,A0201-MART1,1.074591728774682,1.2517877006590596,1.8520022852404696,1.3982918136996203,1.1689565175616627,1.2093524343386632,-0.14937762403822666,0.7324841770787694,0.11306587658931778,0.2638864330493979,0.34965725724746166,0.2633539750101782,0.06621321078201091,0.06665473883526224,1.3219280948873624,-0.4150374992788438,1.392888222011088,1.6009040445901777,0.5849625007211562
381,tgaggagcattcatgAACAtcgatg,A0201-MART1,1.1467402140215126,1.2695535992173348,1.5230164105633164,1.2246308935324475,1.400062655311307,1.071882028532466,-0.31725986153059216,0.30946228518911584,0.8377589330815075,0.432361033441643,0.4361360771330244,0.44802562860493533,0.1833700067530576,0.7643977214459412,1.990954860396993,-0.2630344058337938,1.689373222757263,2.478047296804644,-0.4854268271702417
382,tgaggagcattcatgAACTtcgatg,A0201-MART1,1.0917924759194906,1.1985564248734264,0.8545011782037042,1.5271548953701277,1.3252339281117353,1.0783191876412188,0.16956794289801014,0.7935182267280327,-0.0877641035716002,0.5464304575238373,0.316777906317972,0.5436777472040939,0.015976852549768075,0.5430143187231854,0.0,1.0,1.225453844322665,1.584962500721156,0.0
383,tgaggagcattcatgAAGAtcgatg,A0201-MART1,1.3477072502501706,1.36542374436715,1.0527104410420005,1.1823058536085758,1.2301488649708825,1.1383281565479735,0.013743906518268746,0.2279519466783486,-0.08274889278575961,0.07671931789293933,0.3029579026401165,0.2689792149384034,-0.055479184673966654,0.43681444167409544,-0.3942789391120463,0.36257007938470837,1.5865383556466952,2.050626073069968,0.32192809488736235
384,tgaggagcattcatgAAGTtcgatg,A0201-MART1,1.3019533951260962,1.3340497675995797,0.26584942144084794,1.2779847472997652,1.2148047949480523,1.0901124196642886,1.6363831391840382,0.08421904497278951,0.09797220004011956,0.2416840776383085,0.3596371752624158,0.35872349882852766,-0.045236718789229295,0.6318220901418717,0.24100809950379498,0.0,1.54992568672192,1.5474877953024933,1.4854268271702418
385,tgaggagcattcatgACAAtcgatg,A0201-MART1,1.3554438853901014,1.1277284377881047,1.56887877738608,1.2026071051025,1.1393925339942894,1.0906581804101463,0.17627137983938174,0.23172493357121443,0.049738973910450006,0.1292593135539762,0.2980039204139035,0.5080043070833506,-0.13013880795806798,0.3797044261665631,-0.1219905243786103,-1.0,1.2018817682139737,1.422233000683048,2.4594316186372973
386,tgaggagcattcatgACATtcgatg,A0201-MART1,1.1375035237499351,1.2655901107375505,1.2767817362899034,1.292405835287936,1.0730179864520124,1.0536290013438219,0.10133929003428711,0.3196814205273025,0.011836215312922277,-0.11900297458243367,0.48401126364778807,0.4659595261387225,0.22625455655903362,0.6450290692931345,0.16664986940945128,-0.2630344058337938,1.6066575718204752,0.9786263492074331,3.4594316186372973
387,tgaggagcattcatgACCAtcgatg,A0201-MART1,1.3125107247259593,1.4428262159643515,1.6682180043705084,1.444326678960643,1.082292101249018,1.3207032228390672,-0.0987704841383535,0.730913275083814,0.1356426103836801,-0.008793969231834925,0.35028712407299345,0.3782868051807784,0.09791119973792187,0.6527912558022697,0.38994651831601335,0.8073549220576041,2.183825818258574,1.874469117916141,0.0
388,tgaggagcattcatgACCTtcgatg,A0201-MART1,1.3299953761554772,1.2739480659855404,1.7332529601253355,1.0779138044634526,0.9898520446239172,1.0374314896072292,0.07587486697512764,0.49501287599943977,0.10388924314472413,0.07404867047699368,0.31343935927103694,0.47162102764521135,0.1924046087292567,0.8099746704456849,-0.6844981742720706,0.0,1.343778816109022,1.4918530963296748,0.874469117916141
389,tgaggagcattcatgACGAtcgatg,A0201-MART1,1.119209936296266,1.527132583473042,1.7384598408465366,1.079084029443804,0.9153376029306158,1.3316131483172642,-0.42160105247316587,0.2198276294771444,-0.34908855268879807,-0.28004690825914663,0.12196743848764866,0.1545633337636141,-0.05928523728384424,0.6536224966213858,0.3410369178350669,1.1699250014423124,1.123382415505282,1.3625700793847084,2.4594316186372973
390,tgaggagcattcatgACGTtcgatg,A0201-MART1,1.4067453039826736,1.3510561929052696,1.1601344982495028,1.2448629983661872,1.240525512096422,1.1824159456255094,0.07004463907339482,0.32530169431546946,0.08774664080685374,0.5724435848637454,0.37776911420960496,0.3501187608116434,-0.06413033741971558,1.1408320899219857,-0.02748073642210701,-0.16992500144231246,1.3769905951308796,1.2983412745697467,-0.3219280948873623
391,tgaggagcattcatgATAAtcgatg,A0201-MART1,1.1698085846546042,1.2335744261676016,1.0367223080549481,1.2205952301468435,0.9291391260867905,0.9804860060870108,-0.12528847343994012,-0.0037382457659100345,0.13289000374045287,0.049798233118151194,0.11773190928323687,0.20452956091119048,-0.1624111209485949,0.33138842413642866,-0.33703498727757075,-1.1926450779423958,1.2664329822956586,1.4757334309663979,-0.4150374992788438
392,tgaggagcattcatgATATtcgatg,A0201-MART1,1.1394801310603995,1.2196402133155786,2.0847035875988023,1.2600326440870788,0.9605529919984477,1.0670381183917599,-0.21675265004920014,0.2935710497792003,0.20584220040772552,-0.028977807037168075,0.24157641214093875,0.12763029566585818,-0.19967913669025875,0.05875660937833701,0.14622074085104392,-0.2630344058337938,1.6452405126452654,1.386058432307078,1.0
393,tgaggagcattcatgATCAtcgatg,A0201-MART1,1.4280936521042902,1.5553699837140635,1.1652541918881012,1.4551329048566424,1.305572627612738,1.2981250703021556,-0.22216886899372285,0.4145343798174626,0.24492384859914093,0.27904228203418585,0.4125201455762921,0.40088340496898356,-0.0013420419952774826,0.7663427525677379,3.834740809852683,-1.0,1.4022088975805784,1.7513208871432762,1.4594316186372973
394,tgaggagcattcatgATCTtcgatg,A0201-MART1,1.1904619324450072,1.3562099146052675,1.314717785686804,1.3884844895618933,1.0575392047002192,1.1380803325965159,0.2513031095238806,0.5376567859427995,0.13541339888000833,0.16250955426179695,0.4433294033946465,0.44462854354626996,0.1839296459782609,0.2923682971602482,0.6548645139513125,0.16992500144231237,1.520775089024274,1.8875252707415875,0.5849625007211562
395,tgaggagcattcatgATGAtcgatg,A0201-MART1,0.7103713841544931,1.3432888286640872,0.8678663830918941,1.901757748879726,0.5335519705382339,1.1400963267608757,0.7000118345656067,0.29475535607934833,0.31546209902608086,0.4680014106675617,-0.34378328331407815,-0.3665481744461723,-0.12785854460979282,0.33920608631919785,0.3692338096657191,1.222392421336448,1.1332665308634642,1.4405725913859815,-0.4150374992788438
396,tgaggagcattcatgATGTtcgatg,A0201-MART1,1.336054054573685,1.3124834944635735,1.6698300517705058,1.3103762712853506,1.0510124643949514,1.1048057074741446,-0.010971117821003148,0.2515387669959644,0.07639917475297962,0.0058432442814682455,0.2290684861922696,0.4310498172674749,-0.07572732616324505,0.5352094655240565,0.8852298127539253,0.0,1.720194121013725,1.767553913999629,1.0
397,tgaggagcattcatgCAAAtcgatg,A0201-MART1,1.247844526009878,1.3044791241311453,0.5503893521737301,1.4031633989905519,1.0031499904236496,1.0434860275036917,0.22519957809034588,0.46152918052124187,0.32209912150612574,0.921355957546791,0.3282426157047707,0.4546814242131131,0.08227210683365715,0.8079321155203497,0.5979015564286544,-0.6780719051126377,1.3544017015400494,1.3219280948873624,1.222392421336448
398,tgaggagcattcatgCAATtcgatg,A0201-MART1,2.106915203916512,1.2803383019213894,0.862431194454498,1.3117082525694834,1.088000343733403,1.1153767826647079,0.36949971972838114,0.652513810669051,0.23119831871178895,0.11611122975309689,0.30701210289439607,0.3588249019481869,0.22944143393097224,0.32612110813004275,0.6076825772212396,1.584962500721156,1.3035048613384657,1.2868811477881617,1.0
399,tgaggagcattcatgCACAtcgatg,A0201-MART1,1.4038346549686957,1.3333103633239005,1.4966066263003093,1.452271827064431,1.2710469258851784,1.2621413726632864,0.31100566804368507,0.5437307748436002,0.2719183119735943,-0.049621387423230266,0.34758825266497734,0.3327684506414272,-0.12638389165218988,0.6203753292119132,-0.22239242133644802,0.16992500144231237,1.1819978337428874,1.584962500721156,-0.5849625007211563
400,tgaggagcattcatgCACTtcgatg,A0201-MART1,1.168357706295352,1.3495447804318346,0.2860848663092657,3.159794655657439,1.2647303897096762,1.2854423835371738,0.14893212823311613,0.9832499152509021,0.6902908109252991,0.4618200553191601,0.5566387435773108,0.497024818387182,0.19253551310156955,0.37798805400795843,0.9719856238304033,-3.0,1.7277026728372382,2.074000581443777,0.0
401,tgaggagcattcatgCAGAtcgatg,A0201-MART1,1.0335240341395358,1.2741590550167652,1.6063118209145897,1.262482811470015,0.7911927657497568,1.2402442972936545,0.09092254324620648,0.8416445709930802,0.21659739968684255,0.38458554290820246,0.3063872439915841,0.22764049929859972,0.07964804310624359,0.26507499321909905,-0.2817709684153795,2.169925001442312,0.9641229636714035,2.9324668423145344,1.3219280948873624
402,tgaggagcattcatgCAGTtcgatg,A0201-MART1,1.354814927174933,1.3261108923419977,1.5746589642757114,1.5190016399386082,1.2847386710805047,1.1351495668267322,0.15598719880253067,0.5155380787006766,0.9509128752882469,1.1259330046276137,0.47444588510593755,0.2825284221098365,-0.19172610533925566,0.8852793935946877,-0.03170885972733814,-0.7369655941662062,1.2296547931219421,1.4594316186372973,0.8073549220576041
403,tgaggagcattcatgCCAAtcgatg,A0201-MART1,1.328405658958567,1.3902549563218678,1.02945288578697,1.1358631653686793,1.0967678547146886,1.1268077031420347,-0.21193195070126297,0.06457200129608381,0.8525053322266967,0.43220663134413584,0.5332474641770008,0.49483023751369676,0.24514424693790474,0.1887616434551679,0.38702312310924725,0.0,1.9275641638732683,1.5459683691052926,1.584962500721156
404,tgaggagcattcatgCCATtcgatg,A0201-MART1,1.2524429945660784,1.397405288372514,1.5864692319713107,1.3893711663479136,1.1664031634993872,1.3306453119884714,-0.0749715149068498,0.768119250869225,0.004956503175218979,-0.10212183079904594,0.33069658502413685,0.4155693684243659,-0.20546911829997946,0.8626506021025581,2.5658536777734517,-1.4594316186372973,1.4637317560709229,1.9385994553358568,0.5849625007211562
405,tgaggagcattcatgCCCAtcgatg,A0201-MART1,1.5379845594398107,1.5328956827670108,1.4359066913264429,1.43808598938569,1.552138653749671,1.5123587517643162,0.2585941351620447,0.5253297149408553,0.389781798895741,0.10702696709903585,0.6271104905370599,0.45629872915233455,0.04012030846892105,0.8209099391640052,0.8556100906648252,1.222392421336448,1.5817313794581431,1.584962500721156,-2.0
406,tgaggagcattcatgCCCTtcgatg,A0201-MART1,1.6681564362475547,1.7324412626154173,2.6147674608823595,1.9021774419854898,1.4206730339482765,1.570776594477845,0.49241428287089833,1.0927843528013195,0.4571335796697809,0.5391747871780719,0.8759541361027298,0.7205287043555325,0.36438489413025704,0.3275746580285044,1.7369655941662063,1.222392421336448,1.5974805405675845,1.6674246609131291,2.321928094887362
407,tgaggagcattcatgCCGAtcgatg,A0201-MART1,1.2788593729954763,1.296961179370787,1.3155491823246572,1.0035316909702532,1.0520885111484544,1.20024953829911,-0.1052065975562804,0.2398183091856404,-0.32120354726643047,-0.18974906818930048,0.3919032321330456,0.6377749886742663,0.1007591423817158,1.6161351422520633,-0.4854268271702417,1.3785116232537298,1.3832354391870632,1.7705181538772325,1.0
408,tgaggagcattcatgCCGTtcgatg,A0201-MART1,1.2676957832036566,1.5292751258370638,2.6055909923651406,1.3174389585048376,1.3860340725397362,1.3573470132556877,0.7810931929246585,0.5889122279156165,0.09846506237556402,-0.04825991668081985,0.3950070673419438,0.47802940013798706,0.24170589639328197,0.777607578663552,0.8382489300033878,-0.8930847960834881,1.2899422792973108,1.7548875021634684,2.169925001442312
409,tgaggagcattcatgCTAAtcgatg,A0201-MART1,1.340640355149533,1.347564513306324,1.3221791948864106,1.2679438459638415,1.079389623609569,1.20778957272408,0.03264155168271928,0.31225576789390547,0.12696076330726724,-0.11756959638117603,0.4825943098188193,0.3223242039021298,-0.03949168285685604,1.656600374809813,0.3584539709124765,0.0,1.7059779016825223,1.082462160191973,1.0
410,tgaggagcattcatgCTATtcgatg,A0201-MART1,1.3065513926437344,1.2589810411253182,1.9601845380350795,1.2057617467923272,1.1634802777153883,1.1754262284736825,-0.0038058681525826796,0.5158214841745158,-0.02630128367305453,0.908084655000994,0.33393214821620903,0.29949240789493836,0.600265455516278,0.5603004464868871,-0.04580368961312479,-0.12553088208385899,1.241757746203379,1.3870231231092474,-1.3219280948873622
411,tgaggagcattcatgCTCAtcgatg,A0201-MART1,1.3501298218839073,1.3151672101539167,1.6692624229817143,1.4056388012765941,1.1661728665812048,1.131529622705302,2.7009727945168804,0.5938467267904554,0.038109297823124166,0.7128019592002924,0.4329960802140176,0.44395608512197565,0.03907334399390416,0.6465728461623563,1.0,-1.0,1.3656494723166803,1.73039294024272,3.321928094887362
412,tgaggagcattcatgCTCTtcgatg,A0201-MART1,1.27628542933165,1.3532028002205456,0.9841046778383397,1.220251394417322,1.00746867090385,1.1515038046216242,-0.28321761403249157,0.46817161651262557,0.37063599388902824,0.4216402341030908,0.5691189959973518,0.5026115609001198,0.13268248320382217,1.9066133941395345,-0.03394733192333771,1.7369655941662063,1.652317768522921,1.584962500721156,0.0
413,tgaggagcattcatgCTGAtcgatg,A0201-MART1,0.7618402628052354,1.1260535030063967,2.4245716217833873,1.5982823418193635,0.1545099490556248,1.0420352197972123,0.2767710196477026,1.0478680045802282,0.3719027365528665,0.20422142925001566,0.07225608904151047,-0.05629298460526281,-0.16285961322731005,0.6940134489816592,-0.18641312423088133,0.0,1.3320760502634452,1.4854268271702418,1.584962500721156
414,tgaggagcattcatgCTGTtcgatg,A0201-MART1,1.2298405279198672,1.341999493792829,0.22164549145132503,1.3485143487798081,1.4045451254612016,1.1937336579690596,-0.021096614473538514,0.28460870086144513,0.19887882683556116,0.1331265299860154,0.38825454536095155,0.45713643626043,0.025944209786405794,0.8262175228881736,0.732066794753367,0.22239242133644802,1.0919574812561463,1.4498029174395206,0.289506617194985
415,tgaggagcattcatgGAAAtcgatg,A0201-MART1,1.9149336964278694,1.2895657476760019,1.4245998560763262,1.4148748779586142,1.1847367526968298,1.1610807551125277,-0.14301250323389716,0.12170743484306595,0.1330932491944249,0.36678233067162275,0.24558290074886321,0.31668192532140343,-0.18779065753938506,0.6928689070407182,0.37851162325372983,2.1154772174199357,1.148943293695992,1.1643868179008823,0.5849625007211562
416,tgaggagcattcatgGAATtcgatg,A0201-MART1,1.272770264403807,1.318839913099792,1.2951511719500164,1.2504689457426994,0.9771983106381518,1.0520082874804073,-0.36795729640215125,0.6619174991798799,0.21399500572567068,0.18638053494625903,0.23104670287488874,0.25061359696182467,0.02874838010443526,0.9196901526656577,0.3536369546147004,0.5025003405291834,1.1801829068077512,1.584962500721156,2.222392421336448
417,tgaggagcattcatgGACAtcgatg,A0201-MART1,1.3664669404890226,1.518361064936635,0.570373061019416,1.3746162468924192,1.1719526827892948,1.207059481163813,0.2288861834219483,0.03147302890688826,-0.12770198112548606,-0.04928369487974653,0.41503749927884376,0.2928555387090215,0.7872774344602075,0.3434078222978139,1.0,-0.3219280948873623,1.5772598927770436,0.7693870718585837,1.1375035237499351
418,tgaggagcattcatgGACTtcgatg,A0201-MART1,1.3252175877676515,1.4375027423286684,1.219856928520584,1.6903690195809227,1.219856928520584,1.1581962832968469,-0.3023935984629099,0.6723507011539872,-0.026895227063060367,0.16413302336405253,0.33983433784805,0.3547950150273465,-0.003175645219910451,0.6994060467915139,0.021373650792567037,0.22239242133644802,1.8685121750904707,1.0641303374197155,0.0
419,tgaggagcattcatgGAGAtcgatg,A0201-MART1,0.825321468587053,1.226724842132481,1.8248452530221122,1.564570711889978,0.4586644316791018,1.0843825999708976,0.4608702939696073,0.42524638423888594,0.2724724144512156,0.942037382318463,-0.0009316726451581317,-0.09031799099392217,-0.25727142590494373,0.7209176529343362,0.8831863350172501,1.584962500721156,1.1042109949881338,0.13750352374993502,-1.3219280948873622
420,tgaggagcattcatgGAGTtcgatg,A0201-MART1,1.1942910507859557,1.338955106448015,1.6156890163534192,1.1069824232544807,1.2959089310697594,1.122193989523542,0.1385937902222945,0.28650412903346145,0.09479556202358724,0.1740293997750489,0.28322154504416,0.2803431444067873,0.016402911011069478,0.5404419123693377,1.0331668639351994,0.48542682717024166,1.1315166372098193,0.7852611512069873,0.0
421,tgaggagcattcatgGCAAtcgatg,A0201-MART1,1.194018709928527,1.2345568698034046,1.6075871375275703,1.2025364913702339,1.1053874106561974,1.1934846751118098,-0.13087222487853764,0.27072475385355754,0.31853566580651704,0.10733404411132155,0.24840757739811253,0.3263523457967087,0.014910034277566483,0.07967036772563006,1.970252656605948,1.1154772174199359,1.0985093921340712,1.1118928800708971,0.6520766965796931
422,tgaggagcattcatgGCATtcgatg,A0201-MART1,1.3542910526892156,1.2600531436084161,-0.04877988504830289,1.4782884251568775,1.255727218205626,1.2145787583508267,-0.42851926353047903,0.3652721455155349,0.4461789263202319,0.8891184729609781,0.44067113612924974,0.20719964875237448,-0.10281612495173507,0.5698123419739475,1.1699250014423124,0.5849625007211562,1.2828539491265079,1.3810901673555063,1.0
423,tgaggagcattcatgGCCAtcgatg,A0201-MART1,1.4501887697267934,1.6164121393462088,1.8069290342195625,1.7482483048004331,1.4713057189255891,1.2554383071930364,0.22063918394505677,0.6865749500668356,0.016008933545485268,1.1198342151005745,0.3904910875715862,0.456222372578654,-0.12066090336189811,0.2296582686287517,1.078002512001273,1.584962500721156,1.252284795647022,1.8889686876112561,0.777607578663552
424,tgaggagcattcatgGCCTtcgatg,A0201-MART1,1.0551262842657478,1.1610753367699358,0.6707236971678425,1.182762254585404,0.9703798997103328,1.069749306689565,-0.09804783941423917,0.20985303937383462,-0.05062607306996795,-0.02031044864249609,0.2763065577156787,0.3275641537451498,0.2162328067349787,0.7910729995056568,0.2527660703799667,0.0,1.5139735904809375,0.9402937538757322,-1.0
425,tgaggagcattcatgGCGAtcgatg,A0201-MART1,1.1355149706564809,1.233161531113416,1.7738193181738444,1.0904270811279428,1.269884092360464,1.2122682040627406,-0.10684806903477201,0.5546816969633683,-0.09374958050274527,-0.09374958050274527,0.05143842679168512,-0.008754244342239346,0.45887611021236824,0.04953946080131528,0.3536369546147004,-0.2630344058337938,1.2103069471788805,1.5215371205795225,1.0
426,tgaggagcattcatgGCGTtcgatg,A0201-MART1,1.1626621543311106,1.3414476907971533,1.4566739974583092,1.6525357880842477,1.3117909433427766,1.2162132833605457,0.20075951312890103,0.576962618623102,0.04708952748121308,0.9508262845425245,0.4414792498452609,0.4467567647203712,0.034526066017300606,1.0607431905538554,0.37304341061421675,-0.22239242133644802,1.3060567022444802,1.268488835925902,0.22239242133644802
427,tgaggagcattcatgGTAAtcgatg,A0201-MART1,1.1113943001981539,1.1984419518024338,1.1544333696489835,1.0927917151224997,0.878489881112348,1.1340671178319357,-0.19609856861814978,0.1523803179316778,-0.02703823309377262,-0.1568739469205739,0.13565026250576895,0.19782328869284496,-0.36705041854738263,0.20780488511340164,0.22948184612276717,0.5849625007211562,1.086028167222623,1.6052824851007519,1.0
428,tgaggagcattcatgGTATtcgatg,A0201-MART1,1.1165383418333765,1.2432981877725315,1.2661672953187566,1.2648627513824233,0.9083952316297165,0.9772400970001447,0.20937311509589535,0.05120614243218156,-0.05480311512744914,-0.06305103682549848,0.25680768877439986,0.2849707339900545,-0.1658892578233176,0.1734124540689546,1.1219905243786104,-0.8300749985576876,1.3512980302009634,1.461904104316818,3.1963972128035034
429,tgaggagcattcatgGTCAtcgatg,A0201-MART1,1.4661397727020327,1.4777045243349547,1.579605953574233,1.372879844543824,1.299838724536492,1.235066622509602,0.393173774107334,0.28401780743187127,0.04950909977936687,0.07278583183264539,0.5016535642519675,0.43002493040458706,-0.12095918731835437,0.4014868629927853,0.7040151723649196,1.078002512001273,1.8459564301737281,1.0138057995250305,1.4594316186372973
430,tgaggagcattcatgGTCTtcgatg,A0201-MART1,1.2900907042640517,1.4043545532012878,1.7663850299649448,1.3543352919345408,1.1670660556647292,1.257870781284679,0.023202947662998928,0.6666973907678748,0.11245384469727779,-0.007957983823461837,0.3150616942450144,0.39537722252781843,0.23143383157571096,1.0,0.5902374427618304,0.7369655941662062,1.8236647472446497,1.2493594689367173,1.1699250014423124
431,tgaggagcattcatgGTGAtcgatg,A0201-MART1,0.8024394316434876,1.12075215946061,1.8428990389152713,1.8187596853298535,0.4447848426728959,1.0114047632722494,0.9186153917474285,0.5512531391143809,1.1494185889388024,1.258585072959829,-0.16763616481169055,-0.3659057919479645,-0.4682043677941065,0.3400754415976219,-0.43295940727610627,-0.3219280948873623,1.0966357830451197,1.1069152039165118,-0.7369655941662062
432,tgaggagcattcatgGTGTtcgatg,A0201-MART1,1.2111835300407248,1.1979243094352419,1.2470302861452665,1.1294676969534787,1.1001623702907184,1.0938437872227573,-0.45040896451454865,0.17308578429020344,-0.026292690738677703,0.019858055484687456,0.30056348764553664,0.24207971336696327,0.10907758185196896,0.6536545401333896,0.31530515269362724,0.5025003405291834,1.4422523844386788,1.513527362678207,3.222392421336448
433,aagtccagcacgcaagacgaCAAAc,A0201-NYESO1,-0.007948753115490878,0.5529012914888576,-0.199455610059289,0.2768402053588242,-0.18136515307639317,0.1856923173006289,-0.9925248794378534,-0.03029392231359944,-0.8573956045571995,-1.1963972128035034,-0.5092298517554485,-0.07301479729822127,-0.8744691179161412,-0.017594060014738185,0.6507766979567029,0.1851738285112606,1.0,0.0,-1.5849625007211563
434,aagtccagcacgcaagacgaCAATc,A0201-NYESO1,0.5945273647566902,0.32512343404716904,0.163155954383776,-0.16593193207645232,0.49362915840414723,0.38758752099382254,3.3581774278600833,0.28556661918615583,0.6690267655096307,-0.7183841684244806,-0.4650530369859595,-0.6363616532278005,-0.8222593451413417,0.5304539063533098,0.2727205708037281,0.14379239636706087,0.0,0.0,0.0
435,aagtccagcacgcaagacgaCACAc,A0201-NYESO1,1.0358451989467221,0.13832815654797342,0.37361757189886297,0.17093282197990103,-0.26848883592590184,0.053439258961460415,-0.594181030750535,-0.1147116588766925,-0.22584247090621443,-1.051446765418676,-0.5264364241147007,-0.5067181895001955,-0.995412730504348,0.13296674315316262,-0.12884108248266898,0.6810806549849759,0.0,0.0,0.0
436,aagtccagcacgcaagacgaCACTc,A0201-NYESO1,0.23893873021633086,0.3590810933048283,-0.5043683908237019,0.1569231557084343,0.06140054466414327,0.05278741435943534,-0.1989040684140782,-0.4564291304757739,-0.5145731728297583,-0.4715044509378723,-0.5557505795046689,-0.6282299546253254,-0.1544339196998122,0.20294511523140543,0.789176967375689,0.4129308621935676,0.0,0.0,0.0
437,aagtccagcacgcaagacgaCAGAc,A0201-NYESO1,0.41242155107183226,0.3563615919512362,0.8933528304625014,-0.23405533886202798,0.05134688000022028,0.1298802825469098,-1.1585800278483032,-0.04629365227393495,-0.3474631869944999,-0.7036069972197752,-0.6130761369300701,-0.3690932029660425,-0.8694158901898555,0.12159661446738812,0.30860788777381254,0.15651834289116234,0.0,-1.0,0.0
438,aagtccagcacgcaagacgaCAGTc,A0201-NYESO1,0.16146342269411632,0.27787291480942683,-2.1127679301619495,-0.27392272197653006,-0.11864449649861908,0.005413496186364215,-1.026782601861719,-1.1924455764498718,0.04671992195936546,-0.764697025421474,-0.5308251071993076,-0.6117451025828753,-0.50087188509768,0.04497806195229057,0.570264563543909,-0.12260485170214294,0.0,-1.0,0.0
439,aagtccagcacgcaagacgaCGAAc,A0201-NYESO1,0.04508788952853819,0.2824633401908649,0.7179483679958338,-0.41122588532882476,0.0028596541392406044,0.03114869857066415,-1.0980776693430534,-0.4559712615182884,-0.8491643717539122,-0.9274588977306565,-0.5068832149103825,-0.09495832749887444,-0.6346771485028105,-0.18543158770982135,0.7291745125949307,0.5536275261861101,-1.0,-1.0,0.0
440,aagtccagcacgcaagacgaCGATc,A0201-NYESO1,0.19708733242483753,0.17623877537451452,0.3047415840706863,0.04898869343570383,0.1783372412585124,-0.06057544024308898,2.490891853043272,-0.8261492953438875,-0.2388654827126103,-0.7714434032537525,-0.4006951801197054,-0.14025788577195067,-0.5290595067298385,-0.10549312884731384,0.5347968809719423,0.04984073862277503,0.0,0.0,-1.0
441,aagtccagcacgcaagacgaCGCAc,A0201-NYESO1,0.15743096655014607,0.36789171965290296,-0.5223628743637538,4.005587207694787,-0.38653107158984945,0.20538418977307366,0.38637374102670025,0.7407447581893999,-0.4888997789403274,-1.0464650446163866,-0.5044725828607883,-0.5944539496984539,-0.4453105103926446,0.15824014428945155,0.24143817702699463,-0.427852776938058,1.0,0.0,0.0
442,aagtccagcacgcaagacgaCGCTc,A0201-NYESO1,0.08820060400785847,0.28121442189881485,0.16293857112620563,-0.025311088529187526,0.30171487399785374,-0.06413033741971558,-1.4348123639730925,-0.49759868785681777,-1.0742664098462529,0.05774850580780477,-0.5632423040975655,-0.5508585796417329,-0.2613519624467481,0.43500814469807975,0.15286391338053343,0.09157321089172656,0.0,0.0,0.0
443,aagtccagcacgcaagacgaCGGAc,A0201-NYESO1,0.12790418670405648,0.31048156823625406,-0.4135765421505638,0.02176051873881071,-0.03776322711650052,0.22864327617979288,-1.153610691051203,-0.7225772619930931,-0.6045608329334092,-0.7025268502612277,-0.3241544765651456,-0.4986124208378915,-0.40727210929946567,0.09795809543757943,0.37140718071166406,0.4964615168100267,1.0,0.0,0.0
444,aagtccagcacgcaagacgaCGGTc,A0201-NYESO1,0.06280078701607025,0.4004453036621605,0.14664417760640383,-0.12608672683775438,0.13137742095309346,-0.06725975354830274,-0.5239665823507573,-0.21418953793422366,-0.8256763978194677,0.620921868154231,-0.354041580908445,-0.5309643084755771,-0.7099785679607064,0.4353607815026404,0.4641538241468689,0.3034847508348819,1.584962500721156,0.0,-1.5849625007211563
445,aagtccagcacgcaagacgaCTAAc,A0201-NYESO1,0.27356507332596325,0.3059865510183408,-2.625151590836855,0.042952145184546806,-0.1069152039165119,0.05825939797239554,-0.9628470015825339,-0.9982089444740119,-0.7191543180497456,-0.8846606482250529,-0.4168307811018945,-0.6029964235514178,-0.5548128900414526,0.5545052099092928,0.16041691585696058,0.27091492896804,0.0,0.0,0.0
446,aagtccagcacgcaagacgaCTATc,A0201-NYESO1,-0.19725098678845132,0.17608968096212022,-1.7457714915415472,0.21694749237899333,-0.3908549847002742,-0.08435693038251788,2.0108630895707096,-0.8995699091601224,-0.5832859229137723,-1.0339473319233377,-0.5266057283246554,-0.15200309344504995,-0.5707733116002238,-0.054861935034518305,0.10664256004517442,0.530616433132769,1.0,0.0,0.0
447,aagtccagcacgcaagacgaCTCAc,A0201-NYESO1,0.314468006234827,0.37628401383658294,-0.4755396722588802,0.4386131471297429,0.31113998851707264,0.14910652993475806,-0.5023336031651272,-0.9702934931838096,-0.7190683896396491,-0.5929886412600739,-0.4037430295765338,-0.5869648536323039,-0.6452325088114844,0.25722052675675944,0.05996951049957662,0.31227225923862534,0.0,0.0,0.0
448,aagtccagcacgcaagacgaCTCTc,A0201-NYESO1,0.24359331778998927,0.3353209248142618,0.42713369108980026,0.2530330136762948,0.18890267625657925,0.06575444548371424,-0.45251220469750675,2.7203100401557068,-0.8025942621355806,1.1036913030422257,-0.5971519097290703,-0.5919152613629232,-0.6976247025340382,0.17981432860789923,0.44550278000589494,0.3970651767361632,-1.0,0.0,-1.0
449,aagtccagcacgcaagacgaCTGAc,A0201-NYESO1,-0.16992500144231246,0.47614901358223094,-2.315775867905767,-0.10549312884731384,0.15200309344505006,0.2459792416540638,-1.8032435056504015,-1.0813001021018482,-0.27693522265005566,-0.48016631070954635,-0.21254463538010074,-0.5056603804517555,-0.15273524014479714,-0.2928425382209188,0.3803333824010119,0.30347350487858366,-1.0,0.0,0.0
450,aagtccagcacgcaagacgaCTGTc,A0201-NYESO1,0.20102866153514917,0.1847956346787964,0.08773569137708905,-0.18273868717007588,0.2388654827126102,0.02300997804650047,-1.6914134423517988,-0.10255702552615141,0.31345231282001734,-0.7715837910357821,-0.6340802672858472,-0.46290671964627594,-0.6062460590891215,0.3885740111960791,0.13142121505434606,0.5758920863738684,0.0,0.0,0.0
451,aagtccagcacgcaagacgaGAAAc,A0201-NYESO1,0.10415723129129205,0.27753397552890896,-2.0874628412503395,-0.2926531725118489,0.1325856396178093,0.012801282223089632,-2.0950377898113204,-0.3374499721907984,-0.6556474931367755,-1.2088786357868884,-0.6494512271728698,-0.46948528330122025,-0.5289096955016531,0.5805180374125631,0.27738755114585895,0.28956322121817574,0.0,0.0,0.0
452,aagtccagcacgcaagacgaGAATc,A0201-NYESO1,0.0064262691594330875,0.2658940599730344,0.2658940599730344,-0.33974937197460675,0.03813512888677098,-0.04358926854768275,-0.9806346751330688,-0.4237284595428882,-0.9097365498317461,-0.9322951408616099,-0.6981399552934574,-0.5947435215137415,-0.9636365987811716,0.22785373400661385,0.5681706744298568,0.3419402960993301,0.0,1.0,0.0
453,aagtccagcacgcaagacgaGACAc,A0201-NYESO1,-0.11076478827180454,0.2861709046317284,-1.0303027601635257,-0.18079438669097622,-0.2504285745280286,0.49680535509200463,-1.2939912183842393,-0.35041665184705817,-0.7945166167283648,-1.0145809835966004,-0.707711789191092,-0.5413012719250165,-0.36072902628319564,0.24181791992409815,0.7471172114418304,0.004266227971027753,0.0,1.0,0.0
454,aagtccagcacgcaagacgaGACTc,A0201-NYESO1,0.23286492619518045,0.32256772914341253,0.11965431574718956,-0.05876040852865605,0.13138360832929685,0.3504345225763566,-1.1687768159134315,-0.6151406493861811,-0.7425921375325537,0.21052917005150548,-0.6221954069201315,-0.5441928949188584,-0.43043460423734686,0.2210706667402028,-0.017296823481032498,0.17810105781982283,0.0,1.0,-1.0
455,aagtccagcacgcaagacgaGAGAc,A0201-NYESO1,0.16519439334702515,0.27258733722294065,0.680882046758192,-0.22406027706080484,0.0024981738551963137,0.18732205167684704,-0.9694283009814444,-0.4317715150386451,-0.6794986680845905,-1.1527955653358295,-0.7738774918636376,-0.6948059208724389,-0.8880007016375985,0.06290841628739056,0.5252077582007332,0.29889270744466007,2.0,1.0,0.0
456,aagtccagcacgcaagacgaGAGTc,A0201-NYESO1,0.49928883551997794,0.20170571032133183,0.38750909173340276,-0.4233241104638045,-0.6175530013228581,0.022952450671623756,-1.0046284769917169,-0.6266875400748942,0.554136506778996,-0.49973036519973985,-0.429589970971437,-0.4134979675556609,0.06770221096384009,0.20116156903070254,0.5537205903766508,0.5198712529930951,1.0,-1.0,0.0
457,aagtccagcacgcaagacgaGGAAc,A0201-NYESO1,0.08867715807622067,0.24123502754844506,-0.3079818118877684,-0.289834465177509,0.09421534161765083,0.13777170760439034,-1.1206917068695204,-0.7023452725601012,-0.4949031926896247,-0.19897030633520693,-0.5788815853289777,-0.3953675191387103,-0.6632189412702799,0.27781974259746506,0.3305871774795324,0.31157687530006045,0.5849625007211562,0.5849625007211562,1.0
458,aagtccagcacgcaagacgaGGATc,A0201-NYESO1,0.35201489731677615,0.46021363783119756,1.6006518747731293,0.22525775503083736,0.3190570590326072,0.2675685598888018,-0.8538863044671388,-0.42074391855664567,-0.03668359645318741,-1.0089119007698883,-0.6697582079769625,-0.601804158804917,-0.226727240091775,0.45402249410174184,0.3888874495956204,0.07300986390273977,1.3219280948873624,0.0,-1.5849625007211563
459,aagtccagcacgcaagacgaGGCAc,A0201-NYESO1,0.009206764116627188,0.2749917809664557,-0.18711397196916707,-0.11332371125480836,0.025632312029738327,0.12383658354398334,-0.49459514244383695,-0.9495990490403254,-0.7687089941581207,-0.9477990549941152,-0.5291682909912633,-0.6512775671052972,-0.21263345487411933,0.16064302332482727,0.2918783143928316,0.19223701824772543,-1.0,0.0,0.0
460,aagtccagcacgcaagacgaGGCTc,A0201-NYESO1,0.0544477840223765,0.2711038358096797,-0.871774289838076,-0.07351392431624476,-0.4652232564470607,-0.0980501456617519,-0.6456252826277805,-0.04161218967236978,-0.5956097449206648,0.3686861933976565,-0.35410850063651217,0.2910487820033905,-0.28010791919273537,0.2709817905909922,0.541419668413661,0.2283759371554221,2.0,-1.0,-1.0
461,aagtccagcacgcaagacgaGGGAc,A0201-NYESO1,0.042740600505939606,0.3268773108590957,0.8235532791622968,-0.22053447511586563,-0.20616488380192657,0.052334617846737735,-0.7458269664770364,-0.3402216823410314,-0.8194677287293012,0.48290055557488937,-0.5660593472034731,-0.04346003383479691,-0.5832646129873592,0.06335472782654325,0.07853340254668963,0.41769390776436904,0.0,-1.0,0.0
462,aagtccagcacgcaagacgaGGGTc,A0201-NYESO1,0.6049276271590808,0.19742380056564468,-1.061608674710653,-0.16300100698750689,0.3486752945975563,0.14557468738859275,-1.12662424707813,-1.1631781690017273,1.0751522739173587,-0.9536641642772561,-0.6573820463454527,-0.5603768624428831,-0.4508784975123685,0.053274123827501005,0.47966165667287897,0.4086993240081177,0.0,-1.0,-2.321928094887362
463,aagtccagcacgcaagacgaGTAAc,A0201-NYESO1,-0.08166499671222668,0.2451730122989421,0.23533641709520903,-0.21691606873078295,0.017324097919140368,-0.1552342147080631,-1.4999361184972981,-0.8116924083273693,-0.4230801951046695,-0.5811178747526512,-0.636895331717898,-0.5725047444479431,-0.6671416185860184,0.21599772509647583,0.18240674831298717,0.17195268278929485,-1.5849625007211563,1.0,-2.0
464,aagtccagcacgcaagacgaGTATc,A0201-NYESO1,0.2992453402442196,0.266110217726596,0.5073331638489398,-0.14474353273075344,0.28553140579234493,-0.01519529011339949,-1.0070778312405329,-0.5932233537917257,-0.45024306980162065,-1.0470442385581777,-0.6462607229595756,-0.4038365968010678,-0.15383475511962383,-0.04828903820461057,0.167692467497023,0.32117631745024255,1.0,-1.0,-1.0
465,aagtccagcacgcaagacgaGTCAc,A0201-NYESO1,0.12633970367867675,0.4126083102205146,-0.28218983071986664,-0.25876894231811476,0.45996108039902506,0.11741762798937111,-0.9019194534582496,-0.5878108630301866,-0.5484366246960422,-0.4557607875627867,-0.6297568313839159,-0.6866339186160618,-0.022945931666079923,0.0665078413660892,-0.0364079689378362,0.4139035076202034,1.0,-1.5849625007211563,0.0
466,aagtccagcacgcaagacgaGTCTc,A0201-NYESO1,0.407686171062398,0.2578310872210503,0.4579309822271639,0.021831867420490418,0.4118259014233221,0.1178724341130039,-0.7454806823645834,-0.6467585969028402,-0.7638983159943167,-0.3951628638038936,-0.47256736748950023,-0.48779384171415796,-0.18823355985525014,0.24674128525025327,0.04412716747179967,0.20973712053041899,1.0,0.0,1.0
467,aagtccagcacgcaagacgaGTGAc,A0201-NYESO1,0.014679895305110392,0.22145530208239456,-0.7645514258381058,1.0130561528254463,0.6994304875711568,0.12853337024538244,-0.16675354481037188,-0.8278190246173196,-0.5301384759766347,-0.5647846187835259,-0.452779593270395,-0.42409683856631,-0.6971626662636597,0.2283608852555618,0.024346547450414053,0.6097446939168792,-0.5849625007211563,-1.0,0.0
468,aagtccagcacgcaagacgaGTGTc,A0201-NYESO1,0.13578705116091336,0.3688463975492173,0.2512642685808494,0.10899675027337823,0.5461328551150351,-0.0051555565557926605,-0.5479943373453146,-0.989340653111072,-0.6489058079163479,-0.8853460037384285,-0.5348189485975812,-0.4257761893022913,-0.8316303664157995,0.3984318333562134,0.2647889166058081,0.20782219326531978,1.0,1.0,-1.0
469,aagtccagcacgcaagacgaTAAAc,A0201-NYESO1,0.6822597020760711,0.23480072510484973,-0.2168113890731482,-0.4474589769712214,0.6597829858551973,-0.01122725542325414,-1.5587595457639363,-1.0494932740161207,-0.2512366002672675,-0.8361991009884239,-0.8249132934419087,-0.6857074744609732,-0.4306343543298623,0.08452862912643418,0.06990957561488605,-0.004458116978583355,1.0,0.0,0.0
470,aagtccagcacgcaagacgaTAATc,A0201-NYESO1,0.0580760664525463,0.189320599730799,0.20003373094609272,-0.05413343713347851,-0.1438522523241858,0.026323587168117425,1.409118871249118,-0.3809265129918926,-0.5694629420862091,-1.1031307290889978,-0.758914566999851,-0.6523639715788283,-0.6273002351803972,0.24655029142776858,0.4230120979268586,0.3936574816000206,0.0,-0.5849625007211563,0.0
471,aagtccagcacgcaagacgaTACAc,A0201-NYESO1,-0.06917408561185864,0.24536575774078725,0.4089458855519622,-0.18725181917217734,0.05564802954991435,0.026766909562785535,-1.0192545570799452,-0.8471774262484012,0.4221922183607911,-0.9332584491237463,-0.49364733397521027,-0.4426233309507433,-0.7917286869082049,-0.3048545815284209,0.35477697446136935,0.041699291280388205,1.0,1.0,0.0
472,aagtccagcacgcaagacgaTACTc,A0201-NYESO1,0.38799267626461503,0.25384523437913326,1.0710434630378978,0.027221468735024214,0.13375138888882745,0.19023858023530066,-0.9776525684822,-0.7668601438295446,-0.6772772507048357,-0.6583356870513756,-0.6211826886339094,-0.3355714895379519,-0.45579304157394906,0.17176634826647985,0.606909605544677,0.2587689423181148,-1.5849625007211563,0.0,-0.5849625007211563
473,aagtccagcacgcaagacgaTAGAc,A0201-NYESO1,-0.006941609418846889,0.022900402110078828,-0.4081291299366661,-0.08069805937191694,-0.4739311883324124,0.0023064673831690087,-0.878176259247301,-1.0362411054795524,-0.9840448943541239,-0.7133009480877683,-0.5239476724566285,-0.3708802521164687,-0.8601423364170393,-0.27117286765531157,-0.21539866816920125,0.21752769161550525,0.0,-1.0,0.0
474,aagtccagcacgcaagacgaTAGTc,A0201-NYESO1,0.5191292401487777,0.3028473533216575,-1.2113193692896385,-0.23178347184935416,0.051715036544155435,-0.010569241710187294,-0.30733687022313094,-0.795261084978964,-0.1793506578966166,-0.5025767241183943,-0.48707761310688513,-0.5327569842571469,-0.6924418634251444,-0.018510141059502036,0.31983454810801903,0.34708437773910344,0.0,0.0,0.0
475,aagtccagcacgcaagacgaTGAAc,A0201-NYESO1,-0.004563087749925243,0.3213205164235965,-1.5386368777202277,-0.012200453605527073,1.040431048750075,0.13197065008110676,-0.5660540381710918,-0.8178611885816314,-0.8573149968115127,-0.999238884160195,-0.6165191051540796,-0.6870835280200097,-0.9064148511554395,0.21490348692668484,0.25596653863804647,0.15270913500744956,0.0,-1.0,0.0
476,aagtccagcacgcaagacgaTGATc,A0201-NYESO1,0.26620367285010454,0.33788458098970914,1.2091225776428374,-0.3164993206889265,0.5726725490986937,0.19790451179896354,-0.833811268556601,-0.39574832817903377,-0.4735504797826667,-0.49174601189534184,-0.5822236388812232,-0.5288403500358675,-0.5229195686441482,0.04568607381016899,0.5615861626317857,0.4577279732709684,0.0,0.0,-1.5849625007211563
477,aagtccagcacgcaagacgaTGCAc,A0201-NYESO1,0.0628947913444738,0.27296694104505353,0.12316182180673553,0.18364695080508406,0.017829619812942343,0.16109401733257406,-0.7630494829733825,-0.4596145276760068,-0.44460195682098214,-0.6235157414905492,-0.552053378933925,-0.17395436687731317,-0.9328192975128519,-0.2329467413118485,0.32720402618281597,0.40828013310353506,0.0,1.0,0.0
478,aagtccagcacgcaagacgaTGCTc,A0201-NYESO1,0.5085861471022125,0.4194239272273938,-0.30402788138925274,0.3794575199097491,0.19527853478719498,0.2917413742884862,-1.4350670702380974,-0.1438357725736515,-0.509317447378263,1.2967878470214036,-0.5981861958773212,0.18505627006347525,-0.2960543383573724,0.0008946946276753434,0.44203922329731204,0.34206425330417745,-1.5849625007211563,0.0,-1.5849625007211563
479,aagtccagcacgcaagacgaTGGAc,A0201-NYESO1,0.2717692158114024,0.22655845091600121,-1.2069002451835307,0.3388834116699392,0.24145732729533964,0.0380437036673672,-1.0615752791209534,-0.6740588426060143,-0.6786461121016661,-0.7579765553420591,-0.621002687734972,-0.6043239465883417,-1.0202344837400539,0.04364691314988024,0.2643120963634367,0.0771013277622772,0.0,-1.0,-1.0
480,aagtccagcacgcaagacgaTGGTc,A0201-NYESO1,0.04176864995163002,0.15218341905504534,-0.3971155912815814,-0.16205675810897285,0.10097764772482092,0.08831123588866045,-1.1832125617906843,-0.9540573826540036,-0.36250656790395186,-0.39721622219159947,-0.6625945684936925,-0.5085520315743636,-0.5738903432222121,0.2739275580500716,0.43726921095532817,0.35919568545516206,1.584962500721156,-1.0,1.0
481,aagtccagcacgcaagacgaTTAAc,A0201-NYESO1,-0.10052687595396445,0.4002226208641066,-0.29104878200339046,-0.13819729392001953,-0.3275746580285044,-0.3124224327959573,-1.088355874420847,-1.1865362683597502,0.5073236586261292,-0.5084643632471127,-0.7679472057306853,-0.5854089482075873,-0.3453285274674393,-0.19285250576009122,-0.04705880479300496,0.3202650456647181,1.0,-1.0,1.584962500721156
482,aagtccagcacgcaagacgaTTATc,A0201-NYESO1,0.1309606778831631,0.20927692154618963,0.8854065161702634,-0.1225666422062554,0.19223701824772543,-0.1512779388477827,-0.76409835536341,-0.42384665540229655,-0.6357454093913811,-0.6862385784639985,-0.32852991412430166,-0.3086166229467086,-0.4952002442458587,0.037484848563849336,0.017785580509422264,0.22677714165593668,0.0,0.0,1.0
483,aagtccagcacgcaagacgaTTCAc,A0201-NYESO1,0.27376081242685224,0.3168295343187384,0.17665187627047801,-0.033667712765394986,0.007808923210764111,0.14336417517117744,-1.0450597226186515,1.996224181403325,-0.5160950031827799,-0.7814151687356325,-0.7602209464665092,-0.6336885405375774,-0.8485293645941694,0.11835397817549947,-0.010173884241584257,0.0,0.0,1.0,0.0
484,aagtccagcacgcaagacgaTTCTc,A0201-NYESO1,0.07698703012582202,0.3554806545983888,1.728066012252965,0.17932369944456192,-0.053039010646814225,-0.1269342820397476,-0.8437054903431634,0.6034028498440036,-0.611082031287948,-0.7259377456435664,-0.495031109227339,-0.27224542223740267,-0.4745282292336846,0.15424337921004272,0.2937553540371147,0.39527712422906125,0.5849625007211562,0.0,-1.0
485,aagtccagcacgcaagacgaTTGAc,A0201-NYESO1,0.20377674316910083,0.275567426237111,-0.28728195208047114,-0.039057475781353816,0.06185003238498081,0.22503230320915213,-0.9075753340887575,-0.46816187534036474,-0.7492751300261451,-0.7001463582510608,-0.5188266022086361,-0.274975752936016,-0.8055956568347904,0.19914327173746782,-0.18959842049673228,0.397829577702259,2.321928094887362,-1.0,-1.0
486,aagtccagcacgcaagacgaTTGTc,A0201-NYESO1,0.8983158598705089,0.3165748603931557,-0.05306124375141378,0.12408300798761328,-0.017471136226406003,0.29604946306175695,-0.40563880127659424,-0.5593626774848597,-0.4477944484390482,-0.7897822926096542,-0.6195029512316569,-0.5458330843534146,-0.5849625007211563,0.03191227306139313,0.42311655386421465,0.24892077299122148,0.0,-1.0,1.0
487,tgaggagcattcatgtgtctAACGg,A0201-NYESO1,0.007379530365597499,0.3214347814816705,0.3194598392966127,-0.37530919121538586,0.1957244708743678,0.009831009359693797,-0.20959939478448608,-0.9756745775804131,-0.6445864834075746,-0.7644837725524457,-0.7234008665844034,-0.6574268291809993,-0.825280480603617,0.30395364787660556,-0.060569554343130744,0.4152719885180254,0.0,0.0,0.0
488,tgaggagcattcatgtgtctAACCg,A0201-NYESO1,-0.4599050214441337,0.08456429525847275,-6.573647187493322,-0.06982144949757138,-0.47035937908130016,-0.08580715367027064,-1.915111102413487,-1.0294437778924819,-0.915111102413487,-0.939358648660164,-1.0747677684019723,-1.1176039663122301,-0.489805267680816,-0.05794734920927964,0.3996762332517721,-0.29966730274400477,0.0,0.0,0.0
489,tgaggagcattcatgtgtctAAGGg,A0201-NYESO1,0.343778816109022,-0.06670040120751751,0.02299164262622916,-0.40349587739615284,-0.29466601488290467,-0.15264701001047687,-1.3147683033144961,-1.6398244357556746,-1.1916200725416313,-1.4474589769712214,-0.4002795595789988,-0.8347079858940698,-0.8775827632737343,0.0889787702311611,0.04854281479968886,-0.24905748175644168,0.0,-1.0,-1.5849625007211563
490,tgaggagcattcatgtgtctAAGCg,A0201-NYESO1,1.086929004041329,0.3164736647952542,-1.382145617721469,-0.5348058257489972,-0.14797602860866751,-0.11075913145389472,-1.099848928365062,-1.224952661655012,-0.6859867407934926,-1.0928170945858238,-0.8208471583857174,-0.8325132195890904,-0.9546760094905097,-0.1795494203307126,0.3792850166517085,-0.16981848624857732,-1.5849625007211563,-1.0,0.0
491,tgaggagcattcatgtgtctAATGg,A0201-NYESO1,-0.35040819458320144,-0.11231427827221707,-0.19689204904258167,-0.7791350484101458,-0.43295940727610627,-0.6730934109998211,-1.7004397181410922,-1.1902011355752249,-0.8930847960834881,-1.1072567106149673,-0.9729859789669492,-0.8801878020690463,-1.0977249484423164,0.022763268246740125,0.1309308698264487,-0.06686798115687466,1.584962500721156,0.0,-1.0
492,tgaggagcattcatgtgtctAATCg,A0201-NYESO1,-0.3916370666987667,0.06041724132403267,0.5819348080235881,-0.6069050536018333,-0.6981731111691472,-0.3727162048015382,-1.0455968664401107,-0.7067509811191983,1.3040474061595673,-0.8949179539424424,-0.8779847191621414,-0.9172325398299775,-0.5863371506973735,0.03259994245388802,-0.11606591446492358,0.15303170247424785,2.0,-1.0,-1.5849625007211563
493,tgaggagcattcatgtgtctACCGg,A0201-NYESO1,-0.22611791092350308,0.01111909196357353,-1.1252772214166755,1.666339053198778,-0.5504960970437542,-0.3345403708094885,-0.7548875021634687,-1.0199843744541548,-0.941656013769195,-0.7652294463849277,-0.7471794070282055,-0.6844981742720706,-0.5781088296800938,0.6427282430631746,0.3725462018657042,-0.020805829872110847,1.584962500721156,-1.0,0.0
494,tgaggagcattcatgtgtctACCCg,A0201-NYESO1,-0.4999873716985642,-0.030502088397344033,-2.0428858128531764,-0.12607974837957514,-0.7819257352572411,-0.049117766564690975,-0.6988304652794349,-0.7849871090291495,-0.4809254349353011,-0.7145977811377516,-0.8415706373955171,-0.9744649078928626,-1.4586267678265266,0.034439368635435064,-0.13041238522444415,-0.030564317786397135,0.0,0.0,0.0
495,tgaggagcattcatgtgtctACGGg,A0201-NYESO1,0.0971323407627017,0.15105488766600125,-0.6648620478950269,-0.4068457168278576,0.3766145880811323,-0.08190468306424765,-1.1855556531560765,-1.1384605354207753,-0.12379248563193972,0.253756592245783,-0.6455313770387026,-0.7350534732224291,-0.2141248053528475,0.11899648130242434,0.47249399320740365,-0.014881800000253792,1.584962500721156,-1.0,1.0
496,tgaggagcattcatgtgtctACGCg,A0201-NYESO1,0.20474455551702336,0.21359547309928892,-0.36476429279762024,0.45663840374561676,-0.10612835086134326,-0.24473358909085005,-1.1449083049716864,-0.06547383747728142,-0.3430078130061904,1.2450740295591447,-1.1613338528847976,-1.3243921348388434,-0.30906048108285267,-0.27021305834320697,0.087518708775697,0.007365402294531798,1.0,-0.5849625007211563,0.0
497,tgaggagcattcatgtgtctACTGg,A0201-NYESO1,-0.1922057007375717,0.05729322504750976,-1.25505861025677,-0.35774427423133404,-0.024821172086038543,-0.2134482200853989,-1.4000871578128724,-1.3769023703920726,-1.119104612924426,-0.6858214047175724,-0.848802206626593,-0.729204114322954,-0.7001378464662213,0.018708527038276218,0.19064629181639808,0.2045406056194335,0.0,-1.5849625007211563,0.0
498,tgaggagcattcatgtgtctACTCg,A0201-NYESO1,0.0,0.1737366153923314,-2.283792966000591,-0.2553263106985307,-0.20496534957826382,-0.2148978847895236,-1.5839475903445213,-1.504024046047572,-0.889608071739847,-1.0611798512307091,-0.704506514465854,-0.8234346617254659,-0.6847882798513487,0.2794265723938668,0.17381558798645616,0.15840270748451069,1.0,0.0,0.0
499,tgaggagcattcatgtgtctATCGg,A0201-NYESO1,-0.021904693328081763,0.1956064783135031,-2.629109604405538,-0.10448488952264777,0.12124254337557831,-0.2853404609785939,-1.30426499351844,-1.0547983526438591,-1.2127037718470906,-0.9262728547716336,-0.6411815280646427,-0.761166800427519,-0.2686959798148515,0.08782480126321371,0.2519948830417772,0.016922200228498174,0.0,0.0,1.0
500,tgaggagcattcatgtgtctATCCg,A0201-NYESO1,-0.1693289696053327,0.058416686225322076,-1.4726070073850306,-0.670935723831009,-0.6938968722743203,-0.2073683306245065,-0.7953922080689094,-1.0132745775103282,-0.8227526714609021,-1.1883612840684195,-1.1058991238764464,-1.1828965235916085,-1.0651135090299464,0.1383960916550889,0.19776404856740948,0.18136643243280273,-1.0,-1.0,-1.5849625007211563
501,tgaggagcattcatgtgtctATGGg,A0201-NYESO1,0.37167677523224,-0.01809856223889123,0.29207369089878316,0.03928529624488123,0.11122162271990924,-0.2581608647468267,-1.5934202636284378,-0.6012716845896955,-0.8060581174391521,0.34815496118223965,-0.8439806005829058,-0.8925288799347219,-0.13167706065096887,-0.10330138051319827,-0.08700667232373535,0.10022429587419146,-0.4150374992788438,-1.0,0.0
502,tgaggagcattcatgtgtctATGCg,A0201-NYESO1,0.002340138454516545,0.15317363715298785,-0.03316686393519929,0.0139842294357013,-0.08439218729037243,-0.2895066171949848,-0.05307062893452795,-0.8466948351300234,-0.4965421396633913,-0.8525634332191617,-1.1521237150780694,-0.7799356331317642,-0.4190233477138884,0.01825331943713302,0.02160225448521121,0.18843640420822505,1.0,0.0,0.0
503,tgaggagcattcatgtgtctATTGg,A0201-NYESO1,0.13628485969811954,-0.19200714070410443,-1.7354775125067972,-0.6789654914161446,-0.2693011642361524,-0.4993399996358553,1.0182333553770113,-1.2147671655254175,-1.0886818485395007,-1.179273105490197,-0.9738614465376426,-0.9099759615549787,-0.9659993287646723,-0.19601955545394162,0.051872518627659396,0.04482730207719738,1.0,-1.0,-1.0
504,tgaggagcattcatgtgtctATTCg,A0201-NYESO1,-0.27893616548636946,0.0059554059423510735,-0.4477302622373251,-0.36855017101809007,-0.32304747555199387,-0.12946952008540963,-0.7427616740768118,-0.9680168049737176,-0.1750612619767294,-1.0262677250075696,-0.8524209009475783,-0.7694049989921946,-0.1234528448116864,0.09213252022760943,0.1268729720966749,0.23573289914442866,0.0,0.0,0.0
505,tgaggagcattcatgtgtctGACGg,A0201-NYESO1,-0.3014297845708042,0.4826484054335213,-0.6181293646563556,0.2994084751516714,-0.3439544012173613,0.10309349296410372,-0.796069114511089,0.16964521960474613,0.6807445823544446,-0.8631833103696261,-0.776528928115444,-1.0,0.11953869819853835,-0.3930220357553496,0.23130784704139307,-0.18931232914238386,1.584962500721156,0.0,-1.5849625007211563
506,tgaggagcattcatgtgtctGACCg,A0201-NYESO1,0.3430513864531163,-0.038819248890528166,-0.32832586608551295,-0.45677423155166635,-1.1383549224414424,-0.021437170662291644,-1.251006308956745,-0.9581159189636915,-1.9068905956085185,-1.8493395730463602,-1.5517956367859569,-1.3163470626240628,-0.18595042536838757,-0.21271282085952756,-0.1486574350676681,-0.06772908986502761,0.0,-1.0,0.0
507,tgaggagcattcatgtgtctGAGGg,A0201-NYESO1,0.21452535673667913,0.15790541920323167,0.3290920692094552,1.1659295902880533,0.31217868627310874,-0.18332084111401398,-1.1764830216408562,-0.7348306399609955,-0.8275252810054217,-1.1947067802597635,-0.7653745151604479,-0.7836482875408695,-0.8601191134009357,-0.17493573781593771,-0.11454433989574772,0.22342213263341212,1.584962500721156,-1.0,0.0
508,tgaggagcattcatgtgtctGAGCg,A0201-NYESO1,-0.6592562830684703,-0.43937945965080527,0.49494436608082576,0.9803711932510675,-0.19025980039563886,-0.35859680493475915,2.9715070981687703,0.08871821646613197,1.0626708582452826,0.08871821646613197,-1.2932393360713148,-1.57281341805504,-0.6520766965796931,-0.15231499379020358,0.0997077199455956,-0.060523526375196465,-1.0,-1.5849625007211563,0.0
509,tgaggagcattcatgtgtctGATGg,A0201-NYESO1,-0.3743215095471393,0.14980340552153906,0.4495888094907406,0.5348121093597703,-0.5100130898838305,-0.31346067348264217,-0.9829857093598489,-0.6566864100680385,0.44960514636465826,0.6882295635119696,-1.0212985209909653,-1.0925054714833855,-0.7791905069007311,-0.23799165164962105,0.03381015840523162,-0.11908847097231487,1.0,1.0,0.0
510,tgaggagcattcatgtgtctGATCg,A0201-NYESO1,-0.27321055924606447,0.03190924795474395,-1.2676510339041638,1.241362613583694,-0.9501688440479937,-0.3358225365457432,-1.767248161102249,-0.8691277751214624,0.09524831514781627,-0.24178667212975444,-1.1439393487316099,-1.2018479267596105,-0.9087647473588071,-0.26723964107697445,0.1618325804935909,-0.16886020322371345,0.0,0.0,0.0
511,tgaggagcattcatgtgtctGCCGg,A0201-NYESO1,-0.041363373651425284,0.32231638584405664,-4.367293399096284,-0.3108062077498106,0.24414131298606348,0.15277957088084912,-2.116917751779151,-1.3814518407426737,-1.3591186541957792,-1.518280314160918,-0.7897530085256415,-1.0314401192157312,-0.3535889615659813,0.13675509928536242,0.28264553132438774,0.07497460018339248,0.0,0.0,-1.0
512,tgaggagcattcatgtgtctGCCCg,A0201-NYESO1,-0.6074173515488521,0.12274306471223972,0.28239973070072494,-0.49324633162954096,-0.628791002341419,0.07858873510600267,-1.7024807866836873,-0.7634965613653153,-1.4438786271651542,-1.2633063815233332,-0.8712998508998303,-0.673998410526213,-0.38943084314277765,-0.2762933032085989,0.2504608758536204,-0.10942282846227601,1.0,0.0,0.0
513,tgaggagcattcatgtgtctGCGGg,A0201-NYESO1,0.0644610158887238,0.2760753303977095,-0.38907247549218177,2.552267279155697,0.12151075690768277,-0.16929126761227176,-0.47016807735650756,-0.18002299357329005,-0.6908053950204259,0.3907469779486559,-0.6877390919726426,-0.8281042956878409,-0.16005457734069395,0.15339038841223845,0.008991811557554937,0.2616122569844561,-1.0,-1.0,-1.0
514,tgaggagcattcatgtgtctGCGCg,A0201-NYESO1,-0.4633478494745851,0.08766731932323339,0.7480473196341361,0.6045286687482619,-0.8327813815800068,0.1579008570259493,-0.8930847960834881,-0.7117550313689261,-0.44777428569084365,-0.6533158060270664,-1.1574078978858544,-1.3695228400264752,-0.6808489897832115,-0.0911641636744801,0.3013149281157206,0.3210208617544495,0.0,-1.0,0.0
515,tgaggagcattcatgtgtctGCTGg,A0201-NYESO1,0.07612063331814621,0.11993686561063566,0.059072339916392234,-0.384105639726953,0.46064925413584495,-0.22034670453221492,-1.7321423839308385,-0.918715170734608,-0.9966591377408083,-0.04127921729961807,-0.6337183285478439,-0.8527990077303618,-0.7293670800145987,-0.1608502763344682,0.16117642564187676,0.4038122754069724,0.5849625007211562,0.0,-1.5849625007211563
516,tgaggagcattcatgtgtctGCTCg,A0201-NYESO1,-0.0032167126835427775,0.20344883557378765,-1.3429660846581495,-0.14701353052387403,0.7478490785275173,0.16956794289801014,-1.3550399280829648,-1.0786161450219915,-0.6396226666386643,-0.8811894522203425,-0.7427616740768118,-0.7667184152718938,-0.8652958057979445,0.4803511521806443,0.11085557603509626,0.2177550466065564,-1.0,-1.5849625007211563,1.0
517,tgaggagcattcatgtgtctGTCGg,A0201-NYESO1,-0.1935762695069578,0.3428877135230085,0.8833276440962492,1.216235420546395,0.06746958323338223,0.0026041433801578225,-0.650636833150462,-0.417280147081428,-0.746633811874885,-1.1002081019205283,-0.7511528290103014,-0.8183209080427936,-0.3369642235723014,0.27376081242685224,0.05162663949800408,0.2841363636955847,0.0,-2.0,-2.0
518,tgaggagcattcatgtgtctGTCCg,A0201-NYESO1,-0.7474743454029903,-0.07837650942161484,-1.1688035905495577,-0.0618883866330459,-0.19939191038298082,-0.029466908940668488,-1.1244172617731505,-1.3108303860040318,-1.0884379646675837,-1.1763450538170115,-0.8589561185448165,-1.1763450538170115,-1.025853427289561,-0.052084894360703016,0.12040109605922128,-0.23084525120249458,1.0,0.0,0.0
519,tgaggagcattcatgtgtctGTGGg,A0201-NYESO1,0.40012929198267105,0.2396245510487886,-1.0880247477972242,-0.25818862580948204,0.38023919505744275,0.13382161182154295,-1.6685311379030314,-1.2906466370416538,-0.8921693610556989,-0.48987800799599956,-0.8097072008637257,-0.6849255761537001,-0.5505481533904849,-0.1302808004005273,0.3879977940283602,0.09616534816070779,0.0,0.0,-1.5849625007211563
520,tgaggagcattcatgtgtctGTGCg,A0201-NYESO1,-0.41949714746954353,-0.1328356827070922,-0.33703498727757075,0.9385994553358568,-0.6051403826587864,-0.5650629432834513,-0.12794450281689138,0.08902244686823865,0.3578008352368363,2.6768597975095814,-1.0689616236275403,-1.2081785621167471,-0.8693766486649884,-0.11691775177915077,-0.14684138832927116,0.05606939205381267,0.0,0.0,0.0
521,tgaggagcattcatgtgtctGTTGg,A0201-NYESO1,-0.2186402864753404,0.09905081552555121,-0.7145977811377516,-0.42086657808104144,-0.13801262895453353,-0.2641983389674299,-1.1898468393683599,-1.0423235365234549,-0.2983268225450746,-0.609772073556836,-0.73767874051829,-0.7811257891692781,-0.7478197025520998,0.07745138121530304,0.21336397818107267,0.023592114504488598,0.41503749927884376,1.0,-1.0
522,tgaggagcattcatgtgtctGTTCg,A0201-NYESO1,-0.6398244357556746,0.07277987531639198,-1.8283215432344087,0.20568506494018093,-0.6510516911789287,-0.3255213596113707,-0.9977345794231892,-0.8514774752899119,-0.5073577979764953,-0.8084889677396488,-1.042175858778407,-1.2728925443394723,-0.6879300436183162,0.1570232091436863,-0.1856484421606277,0.04282518795462811,-1.0,0.0,-1.5849625007211563
523,tgaggagcattcatgtgtctTACGg,A0201-NYESO1,0.2825186129092623,0.17131135137207318,-0.13251888636958145,-0.20672525841935435,-0.13643393637296464,-0.06194339226837762,-1.5840496914272506,-0.6257088430644653,-0.8758394156676212,-0.7912377930802433,-0.854219373563867,-0.862496476250065,-0.4951382802590385,-0.023765679935724284,0.5808195574019891,0.196229210585997,1.584962500721156,0.0,-1.0
524,tgaggagcattcatgtgtctTACCg,A0201-NYESO1,-0.5945485495503541,-0.24593841201048644,-1.2687783883685977,-0.22717748390182474,-0.668549130994131,-0.4224878037640507,0.44928171257803906,-1.123708146477041,-1.0091483822141853,-0.8759898253836936,-0.7726655012125555,-0.8693106697460669,-0.252494453125867,0.19702063162813638,0.5540617304963313,0.11480945761125966,1.584962500721156,0.0,0.0
525,tgaggagcattcatgtgtctTAGGg,A0201-NYESO1,0.15738629014195316,0.002245440205644109,-0.17287745541419125,-0.5239131220010802,-0.38685027280761003,-0.20878638573321112,-1.344042097712488,-0.9880791783458147,0.6519730546945273,-1.0258812110581992,-0.9756954538899822,-0.8563431467352478,-0.7634272498272416,-0.02940657690950399,0.08991119437474435,-0.18879342809002866,0.0,0.0,-1.0
526,tgaggagcattcatgtgtctTAGCg,A0201-NYESO1,-0.3468909634543336,-0.09733494205942551,-2.3041865125000953,-0.3386587297572346,-0.34895638262011774,-0.21672367124975592,-1.3376463286342928,-0.8419351537677487,0.40742431516896854,0.6814179329926291,-0.6915341649192001,-0.6829038597757601,-0.4613311515527787,0.06559667317571226,0.3086312722739044,0.1881689755288438,-0.5849625007211563,-1.0,0.0
527,tgaggagcattcatgtgtctTATGg,A0201-NYESO1,-0.20876055574868144,-0.17597062063101196,-1.4781404730917493,-0.784706183112404,-0.3849175109025085,-0.6619870248592705,-2.0330625330421337,-1.1533567667598454,-0.9651735438023837,-1.2506539681147606,-1.0770058806297307,-0.8280113113147484,-1.082424459923051,-0.09990397420582427,-0.06567128850513011,0.12323766688313302,1.0,0.0,0.0
528,tgaggagcattcatgtgtctTATCg,A0201-NYESO1,-0.1796643192173375,0.07045419873117101,-0.19986393356299847,-0.5526318471051656,0.09744527182817923,-0.15822259697122706,-0.907142133407236,-1.2910724542796568,-0.09996690806044375,-0.9979892748788534,-0.7488637145356984,-0.5550919711390184,-0.6518850781651613,0.2345734439801208,-0.07702691757813988,0.33427955165975826,-1.0,-1.0,0.0
529,tgaggagcattcatgtgtctTCCGg,A0201-NYESO1,-0.2170981216669348,0.19485339773816623,-2.42449782852791,-0.2048197918884981,0.6629650127224292,-0.12167855658825244,-1.4607830895004263,-0.6683785089087937,-0.6741148784579382,-0.8017373811196757,-0.6039992807714953,0.14469006434320403,-1.0968365239499591,-0.014950341465971444,0.21868528000528817,-0.15922688992237835,1.0,-1.0,-1.0
530,tgaggagcattcatgtgtctTCCCg,A0201-NYESO1,-0.2333635391574511,-0.18730175686808606,-1.0283818013698225,-0.11703942119021934,-0.5802860135116831,-0.18730175686808606,-1.598955772800656,-0.23217344212903337,1.6771142003944606,-0.8294562144860573,-0.7016587254302534,-0.800062429491248,-0.8798171756063244,0.09914964001743759,0.4578984196248007,-0.1030233494121266,-1.5849625007211563,1.0,-1.0
531,tgaggagcattcatgtgtctTCGGg,A0201-NYESO1,-0.19691145092724735,0.06140054466414327,0.5989478322925273,-0.3444686393411052,0.009225079651281276,-0.21112531014694821,-1.3184475261524005,-0.4676306808593059,-0.7727905623657761,-1.140079190653014,-0.7392906471124501,-0.6986983841446669,-0.32582019978164417,-0.004339622646250931,0.20516153446884447,0.2545872853091444,0.0,0.5849625007211562,1.0
532,tgaggagcattcatgtgtctTCGCg,A0201-NYESO1,-0.24100809950379493,0.37914382967966126,-1.0248746686390293,0.253756592245783,0.38859383098447375,0.07019358879050884,1.2426107007550997,-0.31878048341280335,-0.6889719734622572,-1.0175583713843046,-0.7842713089445628,-0.9061636139650737,-0.8935003786993212,-0.14452734813120985,0.14575747504666123,0.45628506332043334,0.0,-1.0,-1.0
533,tgaggagcattcatgtgtctTCTGg,A0201-NYESO1,-0.1914260706532345,0.07305175205022797,-0.7206176000787226,-0.31695695273709346,-0.4210573182198146,-0.17206074578630348,-1.404628156723258,-1.1523401323534603,-0.8205581367239687,0.40501918378419804,-0.7940209990541378,-0.7688242392432664,-0.5223934622260932,-0.02520347619006106,0.16025870530862352,0.2026344588568915,-1.0,0.0,0.0
534,tgaggagcattcatgtgtctTCTCg,A0201-NYESO1,0.5900068941152183,0.14071563235617368,-0.7758039841782578,2.838773427670203,0.263665920416383,-0.16157978448504132,-0.18997572086696995,-0.04387021372727719,-0.6405145194960687,-0.8997335976448951,-0.494354343916161,-0.48529784813114196,-0.7675999807367891,0.08919655819040885,0.3179551501888077,0.4617207028793564,0.41503749927884376,0.0,0.0
535,tgaggagcattcatgtgtctTTCGg,A0201-NYESO1,-0.06246408694665355,0.0967171845791225,-0.6802965702271514,-0.2322440137203445,-0.4321815842290965,-0.27329639001372585,-1.263516187451525,-0.585263595377553,0.389217444179312,-1.0365876339087685,-0.568200710036991,-0.6339551555207052,-0.6080266905301791,-0.10530479139661217,0.11065760560232851,0.06533648658988117,1.0,-0.8073549220576042,-1.5849625007211563
536,tgaggagcattcatgtgtctTTCCg,A0201-NYESO1,0.2885148307295841,-0.009378332315861222,-1.1303545301402866,-0.20920995085152622,0.42821996976376553,-0.19665690050844162,-1.8808141310721624,-0.7619779015623116,-0.9509848853640378,0.7080291925429655,-0.7472904582347728,-0.5758901575117477,-0.31935838323563587,0.21596203084470933,-0.25480700490659774,0.560887009988368,-0.5849625007211563,0.5849625007211562,-1.5849625007211563
537,tgaggagcattcatgtgtctTTGGg,A0201-NYESO1,-0.07747875267771735,0.1535452582534555,-0.2502331236107044,-0.38142910663602425,-0.5393999233407123,-0.28636690966441763,-1.5251694158788986,-1.0590275756520486,1.1053077440946262,-1.2274888672382134,-0.5781507075650705,-1.0137208394739872,-0.8361570449356197,-0.006926407688882949,0.16371724702766977,0.14189467726743535,0.5849625007211562,-2.321928094887362,-1.0
538,tgaggagcattcatgtgtctTTGCg,A0201-NYESO1,0.1648413987742895,0.0746049360044079,0.9248677820311838,-0.42492208821068794,0.43901636221328355,-0.12479836364167399,-0.7154407129982484,-0.4643865967252762,-0.7993287815186865,-1.0567713391081262,-0.537462077117227,-0.813403966730409,0.00935950019102641,-0.12553088208385899,0.4754202581332538,0.06507683247802992,1.0,-1.5849625007211563,-1.0
539,tgaggagcattcatgtgtctTTTGg,A0201-NYESO1,-0.5219527031953558,-0.025995208532944573,-1.7198920808072649,-0.31550182572792934,-0.13492958008610853,-0.22239242133644802,-2.760812336120574,-1.316027493447678,-0.28688114778816154,-0.011874100288291778,-0.7809902180582042,-0.7809902180582042,-0.42294269736418993,-0.22239242133644802,-0.12405799268498334,-0.07038932789139803,0.0,0.0,0.0
540,tgaggagcattcatgtgtctTTTCg,A0201-NYESO1,-0.11121747859854979,0.16266744730402338,-0.1623822392250492,-0.28743971850207173,-0.028196891830652136,-0.13657305287544402,-1.9014770994221541,-1.2791784474280252,-0.3493045338186674,-0.7884958948062882,-0.6323766928890064,-0.7369655941662062,-0.27392272197653006,0.202062448103799,0.14592377956285055,0.29464401235061594,1.584962500721156,0.0,0.0
