Gene,preferred_symbol,selected_query,resolved_symbol,entrezgene,gene_name,program,program_evidence,annotation_blob
PREB,PREB,PREB,PREB,10113,prolactin regulatory element binding,ER-Golgi / COPII vesicular transport,copii,prolactin regulatory element binding | endoplasmic reticulum to golgi vesicle-mediated transport | endoplasmic reticulum to golgi vesicle-mediated transport | endoplasmic reticulum to golgi vesicle-mediated transport | endoplasmic reticulum to golgi vesicle-mediated transport | lipoprotein transport | copii vesicle coat assembly | copii vesicle coat assembly | copii vesicle coat assembly | guanyl-nucleotide exchange factor activity | guanyl-nucleotide exchange factor activity | guanyl-nucleotide exchange factor activity | protein binding | gtpase binding
SNRPF,SNRPF,SNRPF,SNRPF,6636,small nuclear ribonucleoprotein polypeptide F,Spliceosome / RNA processing (likely general),spliceosom,"small nuclear ribonucleoprotein polypeptide f | spliceosomal tri-snrnp complex assembly | spliceosomal complex assembly | spliceosomal snrnp assembly | spliceosomal snrnp assembly | spliceosome conformational change to release u4 (or u4atac) and u1 (or u11) | mrna splicing, via spliceosome | mrna splicing, via spliceosome | mrna splicing, via spliceosome | mrna splicing, via spliceosome | mrna splicing, via spliceosome | rna splicing | protein-rna complex assembly | 7-methylguanosine cap hypermethylation | negative regulation of mrna splicing, via spliceosome | nuclear histone mrna catabolic process | u2-type prespliceosome assembly | rna binding | rna binding | rna binding | protein binding"
GOSR2,GOSR2,GOSR2,GOSR2,9570,golgi SNAP receptor complex member 2,ER-Golgi / COPII vesicular transport,endoplasmic reticulum to golgi,golgi snap receptor complex member 2 | endoplasmic reticulum to golgi vesicle-mediated transport | intra-golgi vesicle-mediated transport | intra-golgi vesicle-mediated transport | vesicle fusion | vesicle-mediated transport | membrane fusion | snare binding | snap receptor activity | snap receptor activity | protein binding
BET1,BET1,BET1,BET1,10282,Bet1 golgi vesicular membrane trafficking protein,ER-Golgi / COPII vesicular transport,endoplasmic reticulum to golgi,bet1 golgi vesicular membrane trafficking protein | endoplasmic reticulum to golgi vesicle-mediated transport | endoplasmic reticulum to golgi vesicle-mediated transport | vesicle-mediated transport | vesicle fusion with golgi apparatus | snap receptor activity | protein binding
TRAPPC4,TRAPPC4,TRAPPC4,TRAPPC4,51399,trafficking protein particle complex subunit 4,TRAPP tethering complex,trafficking protein particle,trafficking protein particle complex subunit 4 | endoplasmic reticulum to golgi vesicle-mediated transport | endoplasmic reticulum to golgi vesicle-mediated transport | endoplasmic reticulum to golgi vesicle-mediated transport | vesicle coat assembly | autophagy | vesicle-mediated transport | dendrite development | dendrite development | copii vesicle coat assembly | protein binding
SNRPD2,SNRPD2,SNRPD2,SNRPD2,6633,small nuclear ribonucleoprotein D2 polypeptide,Spliceosome / RNA processing (likely general),spliceosom,"small nuclear ribonucleoprotein d2 polypeptide | spliceosomal tri-snrnp complex assembly | spliceosomal complex assembly | spliceosomal complex assembly | spliceosomal snrnp assembly | spliceosomal snrnp assembly | spliceosomal snrnp assembly | spliceosome conformational change to release u4 (or u4atac) and u1 (or u11) | mrna splicing, via spliceosome | mrna splicing, via spliceosome | mrna splicing, via spliceosome | mrna splicing, via spliceosome | rna splicing | rna splicing | 7-methylguanosine cap hypermethylation | negative regulation of mrna splicing, via spliceosome | u2-type prespliceosome assembly | rna binding | rna binding | protein binding"
TRAPPC8,TRAPPC8,TRAPPC8,TRAPPC8,22878,trafficking protein particle complex subunit 8,TRAPP tethering complex,trafficking protein particle,trafficking protein particle complex subunit 8 | endoplasmic reticulum to golgi vesicle-mediated transport | golgi organization | collagen biosynthetic process | copii vesicle coat assembly | protein binding
TRAPPC3,TRAPPC3,TRAPPC3,TRAPPC3,27095,trafficking protein particle complex subunit 3,TRAPP tethering complex,trafficking protein particle,trafficking protein particle complex subunit 3 | endoplasmic reticulum to golgi vesicle-mediated transport | endoplasmic reticulum to golgi vesicle-mediated transport | intra-golgi vesicle-mediated transport | vesicle coat assembly | golgi vesicle transport | copii vesicle coat assembly | guanyl-nucleotide exchange factor activity | protein binding
KIAA0947,ICE1,ICE1,ICE1,23379,interactor of little elongation complex ELL subunit 1,Transcription / chromatin (likely general),transcription by rna pol,interactor of little elongation complex ell subunit 1 | positive regulation of protein-containing complex assembly | snrna transcription by rna polymerase ii | snrna transcription by rna polymerase ii | snrna transcription by rna polymerase iii | snrna transcription by rna polymerase iii | positive regulation of transcription by rna polymerase iii | positive regulation of intracellular protein transport | positive regulation of snrna transcription by rna polymerase ii | protein binding | protein-macromolecule adaptor activity | protein-macromolecule adaptor activity
USP30,USP30,USP30,USP30,84749,ubiquitin specific peptidase 30,Ubiquitin–proteasome / protein degradation,deubiquitinat,ubiquitin specific peptidase 30 | pexophagy | mitochondrial fusion | mitochondrial fusion | protein deubiquitination | protein deubiquitination | protein deubiquitination | regulation of protein stability | protein k11-linked deubiquitination | protein k6-linked deubiquitination | negative regulation of mitophagy | negative regulation of mitophagy | negative regulation of mitophagy | cysteine-type endopeptidase activity | cysteine-type deubiquitinase activity | cysteine-type deubiquitinase activity | cysteine-type deubiquitinase activity | cysteine-type deubiquitinase activity | protein binding | deubiquitinase activity
CNTROB,CNTROB,CNTROB,CNTROB,116840,"centrobin, centriole duplication and spindle assembly protein",Cytokine / GPCR / surface receptor signaling,cytokine,"centrobin, centriole duplication and spindle assembly protein | centriole replication | centriole replication | centriole replication | centrosome separation | centrosome separation | regulation of cilium assembly | mitotic cytokinetic process | mitotic cytokinetic process | protein binding | protein domain specific binding"
SEC23B,SEC23B,SEC23B,SEC23B,10483,"SEC23 homolog B, COPII component",ER-Golgi / COPII vesicular transport,copii,"sec23 homolog b, copii component | intracellular protein transport | endoplasmic reticulum to golgi vesicle-mediated transport | copii-coated vesicle cargo loading | copii-coated vesicle budding | gtpase activator activity | protein binding | zinc ion binding"
PLRG1,PLRG1,PLRG1,PLRG1,5356,pleiotropic regulator 1,Spliceosome / RNA processing (likely general),spliceosom,"pleiotropic regulator 1 | mrna splicing, via spliceosome | mrna splicing, via spliceosome | mrna splicing, via spliceosome | mrna splicing, via spliceosome | mrna splicing, via spliceosome | protein binding"
C9orf170,LINC02872,LINC02872,LINC02872,401535,long independently transcribed non-coding RNA 2872,Other / unclear,no keyword match,long independently transcribed non-coding rna 2872
TAP2,TAP2,TAP2,TAP2,6891,"transporter 2, ATP binding cassette subfamily B member",Antigen processing & presentation (MHC-I),antigen process,"transporter 2, atp binding cassette subfamily b member | adaptive immune response | antigen processing and presentation of endogenous peptide antigen via mhc class ib via er pathway, tap-dependent | defense response | peptide transport | peptide transport | antigen processing and presentation of endogenous peptide antigen via mhc class i | antigen processing and presentation of endogenous peptide antigen via mhc class i | antigen processing and presentation of endogenous peptide antigen via mhc class i | antigen processing and presentation of endogenous peptide antigen via mhc class i | cytosol to endoplasmic reticulum transport | peptide antigen transport | peptide antigen transport | transmembrane transport | transmembrane transport | protein binding | atp binding | atp binding | atp binding | abc-type peptide antigen transporter activity | abc-type peptide antigen transporter activity | abc-type peptide antigen transporter activity | abc-type peptide antigen transporter activity | abc-type peptide antigen transporter activity | abc-type peptide transporter activity | abc-type peptide transporter activity | atp hydrolysis activity | mhc class ib protein binding | mhc protein binding | peptide antigen binding | tap1 binding | tap1 binding | tapasin binding | abc-type transporter activity | peptide transmembrane transporter activity | peptide transmembrane transporter activity"
ARHGEF35,ARHGEF35,ARHGEF35,ARHGEF35,445328,Rho guanine nucleotide exchange factor 35,Actin & Rho signaling,rho guanine nucleotide,rho guanine nucleotide exchange factor 35
SPCS2,SPCS2,SPCS2,SPCS2,9789,signal peptidase complex subunit 2,Membrane-protein biogenesis (ER/GET/ERAD),signal peptidase,signal peptidase complex subunit 2 | protein processing | protein targeting to er | protein maturation | protein binding
STX18,STX18,STX18,STX18,53407,syntaxin 18,ER-Golgi / COPII vesicular transport,golgi to endoplasmic reticulum,"syntaxin 18 | intracellular protein transport | retrograde vesicle-mediated transport, golgi to endoplasmic reticulum | membrane fusion | endoplasmic reticulum membrane organization | positive regulation of organelle assembly | positive regulation of er to golgi vesicle-mediated transport | regulation of golgi organization | snap receptor activity | protein binding | protein domain specific binding"
TAPBP,TAPBP,TAPBP,TAPBP,6892,TAP binding protein,Antigen processing & presentation (MHC-I),antigen process,"tap binding protein | mhc class ib protein complex assembly | antigen processing and presentation of peptide antigen via mhc class i | peptide antigen assembly with mhc class i protein complex | peptide antigen assembly with mhc class i protein complex | protein folding | retrograde vesicle-mediated transport, golgi to endoplasmic reticulum | regulation of gene expression | antigen processing and presentation of endogenous peptide antigen via mhc class i | peptide antigen stabilization | peptide antigen stabilization | regulation of protein complex stability | protein-containing complex assembly | protein binding | mhc class i protein complex binding | mhc class i protein binding | peptide antigen binding | peptide antigen binding | protein folding chaperone | tap1 binding | tap1 binding | tap1 binding | tap2 binding | tap2 binding | tap2 binding | molecular adaptor activity | tap complex binding | tap complex binding"
USO1,USO1,USO1,USO1,8615,USO1 vesicle transport factor,ER-Golgi / COPII vesicular transport,endoplasmic reticulum to golgi,uso1 vesicle transport factor | intracellular protein transport | intracellular protein transport | endoplasmic reticulum to golgi vesicle-mediated transport | endoplasmic reticulum to golgi vesicle-mediated transport | vesicle-mediated transport | transcytosis | golgi vesicle transport | vesicle fusion with golgi apparatus | membrane fusion | rna binding | protein binding | cadherin binding
ZKSCAN1,ZKSCAN1,ZKSCAN1,ZKSCAN1,7586,zinc finger with KRAB and SCAN domains 1,Transcription / chromatin (likely general),transcription by rna pol,"zinc finger with krab and scan domains 1 | regulation of dna-templated transcription | regulation of transcription by rna polymerase ii | rna polymerase ii cis-regulatory region sequence-specific dna binding | dna-binding transcription factor activity, rna polymerase ii-specific | protein binding | identical protein binding | sequence-specific double-stranded dna binding"
NDUFA1,NDUFA1,NDUFA1,NDUFA1,4694,NADH:ubiquinone oxidoreductase subunit A1,Metabolism / mitochondria (likely general),mitochondrial,"nadh:ubiquinone oxidoreductase subunit a1 | mitochondrial electron transport, nadh to ubiquinone | aerobic respiration | proton motive force-driven mitochondrial atp synthesis | proton transmembrane transport | nadh dehydrogenase (ubiquinone) activity | nadh dehydrogenase (ubiquinone) activity"
TRAPPC1,TRAPPC1,TRAPPC1,TRAPPC1,58485,trafficking protein particle complex subunit 1,TRAPP tethering complex,trafficking protein particle,trafficking protein particle complex subunit 1 | endoplasmic reticulum to golgi vesicle-mediated transport | endoplasmic reticulum to golgi vesicle-mediated transport | vesicle coat assembly | vesicle-mediated transport | copii vesicle coat assembly | protein binding
SEC22B,SEC22B,SEC22B,SEC22B,9554,"SEC22 homolog B, vesicle trafficking protein",ER-Golgi / COPII vesicular transport,endoplasmic reticulum to golgi,"sec22 homolog b, vesicle trafficking protein | endoplasmic reticulum to golgi vesicle-mediated transport | endoplasmic reticulum to golgi vesicle-mediated transport | retrograde vesicle-mediated transport, golgi to endoplasmic reticulum | vesicle fusion | cellular response to starvation | vesicle-mediated transport | macroautophagy | positive regulation of protein catabolic process | negative regulation of autophagosome assembly | snap receptor activity | protein binding"
RPH3AL,RPH3AL,RPH3AL,RPH3AL,9501,rabphilin 3A like (without C2 domains),Polarized exocytosis & fusion,\bexocytos,rabphilin 3a like (without c2 domains) | intracellular protein transport | exocytosis | positive regulation of insulin secretion | glucose homeostasis | positive regulation of calcium ion-dependent exocytosis | calcium-dependent activation of synaptic vesicle fusion | protein binding | cytoskeletal protein binding | small gtpase binding
ICE1,ICE1,ICE1,ICE1,23379,interactor of little elongation complex ELL subunit 1,Transcription / chromatin (likely general),transcription by rna pol,interactor of little elongation complex ell subunit 1 | positive regulation of protein-containing complex assembly | snrna transcription by rna polymerase ii | snrna transcription by rna polymerase ii | snrna transcription by rna polymerase iii | snrna transcription by rna polymerase iii | positive regulation of transcription by rna polymerase iii | positive regulation of intracellular protein transport | positive regulation of snrna transcription by rna polymerase ii | protein binding | protein-macromolecule adaptor activity | protein-macromolecule adaptor activity
PARD6A,PARD6A,PARD6A,PARD6A,50855,par-6 family cell polarity regulator alpha,Cell polarity,cell polarity,par-6 family cell polarity regulator alpha | centrosome cycle | centrosome cycle | establishment or maintenance of cell polarity | viral process | establishment or maintenance of epithelial cell apical/basal polarity | cell-cell junction maintenance | regulation of cellular localization | positive regulation of protein localization to centrosome | protein binding | protein-macromolecule adaptor activity | gtp-dependent protein binding | small gtpase binding
PSMB9,PSMB9,PSMB9,PSMB9,5698,proteasome 20S subunit beta 9,Ubiquitin–proteasome / protein degradation,proteasom,"proteasome 20s subunit beta 9 | immune system process | proteasomal protein catabolic process | protein catabolic process | positive regulation of type ii interferon production | positive regulation of interleukin-2 production | positive regulation of tumor necrosis factor production | response to type ii interferon | proteasome-mediated ubiquitin-dependent protein catabolic process | proteasome-mediated ubiquitin-dependent protein catabolic process | cd8-positive, alpha-beta t cell differentiation | thymic t cell selection | t-helper 1 cell differentiation | negative regulation of regulatory t cell differentiation | t-helper 17 cell differentiation | cd8-positive, alpha-beta t cell homeostasis | endopeptidase activity | threonine-type endopeptidase activity | protein binding"
BNIP1,BNIP1,BNIP1,BNIP1,662,BCL2 interacting protein 1,ER-Golgi / COPII vesicular transport,golgi to endoplasmic reticulum,"bcl2 interacting protein 1 | retrograde vesicle-mediated transport, golgi to endoplasmic reticulum | retrograde vesicle-mediated transport, golgi to endoplasmic reticulum | apoptotic process | endoplasmic reticulum organization | endoplasmic reticulum organization | response to activity | endoplasmic reticulum membrane fusion | calcium-mediated signaling | response to starvation | negative regulation of apoptotic process | response to oxygen-glucose deprivation | execution phase of apoptosis | apoptotic process in response to mitochondrial fragmentation | snap receptor activity | snap receptor activity | snap receptor activity | protein binding | calcium-induced calcium release activity"
USPL1,USPL1,USPL1,USPL1,10208,ubiquitin specific peptidase like 1,Other / unclear,no keyword match,ubiquitin specific peptidase like 1 | cell population proliferation | snrna transcription | protein desumoylation | protein desumoylation | cajal body organization | cajal body organization | cajal body organization | protein binding | desumoylase activity | sumo binding | sumo binding | sumo binding | ubiquitin binding
FBXW12,FBXW12,FBXW12,FBXW12,285231,F-box and WD repeat domain containing 12,Ubiquitin–proteasome / protein degradation,proteasom,f-box and wd repeat domain containing 12 | protein ubiquitination | scf-dependent proteasomal ubiquitin-dependent protein catabolic process
COPS3,COPS3,COPS3,COPS3,8533,COP9 signalosome subunit 3,COP9 signalosome / neddylation,cop9 signalosome,"cop9 signalosome subunit 3 | protein deneddylation | ubiquitin-dependent protein catabolic process | signal transduction | response to light stimulus | regulation of dna damage response, signal transduction by p53 class mediator | protein neddylation | positive regulation of keratinocyte differentiation | regulation of protein neddylation | protein binding"
OPTN,OPTN,OPTN,OPTN,10133,optineurin,ER-Golgi / COPII vesicular transport,golgi organization,optineurin | negative regulation of receptor recycling | golgi organization | signal transduction | cell death | positive regulation of autophagy | protein localization to golgi apparatus | protein localization to golgi apparatus | cellular response to unfolded protein | golgi to plasma membrane protein transport | regulation of canonical nf-kappab signal transduction | defense response to gram-negative bacterium | type 2 mitophagy | golgi ribbon formation | golgi ribbon formation | golgi ribbon formation | positive regulation of xenophagy | protein binding | protein-macromolecule adaptor activity | polyubiquitin modification-dependent protein binding | identical protein binding | k63-linked polyubiquitin modification-dependent protein binding | k63-linked polyubiquitin modification-dependent protein binding
KCNAB3,KCNAB3,KCNAB3,KCNAB3,9196,potassium voltage-gated channel subfamily A regulatory beta subunit 3,Transport — ion channels & solute carriers,potassium ion transmembrane,potassium voltage-gated channel subfamily a regulatory beta subunit 3 | potassium ion transport | potassium ion transport | potassium ion transmembrane transport | regulation of potassium ion transmembrane transport | voltage-gated potassium channel activity | protein binding | alcohol dehydrogenase (nadp+) activity | potassium channel regulator activity | potassium channel regulator activity | transmembrane transporter binding
NSF,NSF,NSF,NSF,4905,"N-ethylmaleimide sensitive factor, vesicle fusing ATPase",ER-Golgi / COPII vesicular transport,intra-golgi,"n-ethylmaleimide sensitive factor, vesicle fusing atpase | positive regulation of receptor recycling | intracellular protein transport | exocytosis | intra-golgi vesicle-mediated transport | vesicle-mediated transport | regulation of exocytosis | endosomal vesicle fusion | snare complex disassembly | snare complex disassembly | golgi to plasma membrane protein transport | positive regulation of protein catabolic process | snare binding | protein binding | atp binding | atp hydrolysis activity | atp hydrolysis activity | atp hydrolysis activity | syntaxin-1 binding | protein kinase binding | protein kinase binding | pdz domain binding | ionotropic glutamate receptor binding | protein-containing complex binding | protein-containing complex binding | atp-dependent protein disaggregase activity"
OR4A16,OR4A16,OR4A16,OR4A16,81327,olfactory receptor family 4 subfamily A member 16,Cytokine / GPCR / surface receptor signaling,g protein-coupled receptor,olfactory receptor family 4 subfamily a member 16 | g protein-coupled receptor signaling pathway | detection of chemical stimulus involved in sensory perception of smell | g protein-coupled receptor activity | olfactory receptor activity | olfactory receptor activity
ABCD4,ABCD4,ABCD4,ABCD4,5826,ATP binding cassette subfamily D member 4,Transport — ion channels & solute carriers,atp binding cassette,atp binding cassette subfamily d member 4 | fatty acid beta-oxidation | peroxisome organization | cobalamin metabolic process | cobalamin metabolic process | cobalamin transport | cobalamin transport | long-chain fatty acid import into peroxisome | very long-chain fatty acid catabolic process | transmembrane transport | transmembrane transport | long-chain fatty acid transmembrane transporter activity | protein binding | atp binding | atp binding | atp binding | abc-type vitamin b12 transporter activity | abc-type vitamin b12 transporter activity | abc-type vitamin b12 transporter activity | abc-type vitamin b12 transporter activity | atp hydrolysis activity | atpase-coupled transmembrane transporter activity | atpase-coupled transmembrane transporter activity | identical protein binding | abc-type transporter activity
RWDD4,RWDD4,RWDD4,RWDD4,201965,RWD domain containing 4,Other / unclear,no keyword match,rwd domain containing 4 | protein binding
AQP12A,AQP12A,AQP12A,AQP12A,375318,aquaporin 12A,Transport — ion channels & solute carriers,aquaporin,aquaporin 12a | water transport | intracellular water homeostasis | transmembrane transport | water channel activity | water channel activity | channel activity
CACNG7,CACNG7,CACNG7,CACNG7,59284,calcium voltage-gated channel auxiliary subunit gamma 7,Transport — ion channels & solute carriers,voltage-gated (potassium|sodium|calcium),"calcium voltage-gated channel auxiliary subunit gamma 7 | calcium ion transport | calcium ion transport | transmission of nerve impulse | regulation of mrna stability | positive regulation of synaptic transmission, glutamatergic | calcium ion transmembrane transport | postsynaptic neurotransmitter receptor diffusion trapping | neurotransmitter receptor localization to postsynaptic specialization membrane | positive regulation of dendrite extension | regulation of ampa receptor activity | voltage-gated calcium channel activity | voltage-gated calcium channel activity | calcium channel regulator activity | protein binding | channel regulator activity"
EXOC5,EXOC5,EXOC5,EXOC5,10640,exocyst complex component 5,Polarized exocytosis & fusion,exocyst,exocyst complex component 5 | mitotic cytokinesis | kidney development | exocytosis | post-golgi vesicle-mediated transport | golgi to plasma membrane transport | protein localization to plasma membrane | membrane fission | protein binding | small gtpase binding
TAP1,TAP1,TAP1,TAP1,6890,"transporter 1, ATP binding cassette subfamily B member",Antigen processing & presentation (MHC-I),antigen process,"transporter 1, atp binding cassette subfamily b member | adaptive immune response | defense response | peptide transport | peptide transport | peptide transport | antigen processing and presentation of endogenous peptide antigen via mhc class i | antigen processing and presentation of endogenous peptide antigen via mhc class i | antigen processing and presentation of endogenous peptide antigen via mhc class i | cytosol to endoplasmic reticulum transport | transmembrane transport | transmembrane transport | protein binding | atp binding | atp binding | atp binding | abc-type peptide antigen transporter activity | abc-type peptide antigen transporter activity | abc-type peptide antigen transporter activity | abc-type peptide antigen transporter activity | abc-type peptide antigen transporter activity | abc-type peptide antigen transporter activity | abc-type peptide transporter activity | atp hydrolysis activity | mhc class ib protein binding | mhc protein binding | mhc class i protein binding | peptide antigen binding | peptide antigen binding | protein homodimerization activity | adp binding | tap1 binding | tap1 binding | tap2 binding | abc-type transporter activity | peptide transmembrane transporter activity | peptide transmembrane transporter activity"
COPS4,COPS4,COPS4,COPS4,51138,COP9 signalosome subunit 4,COP9 signalosome / neddylation,cop9 signalosome,cop9 signalosome subunit 4 | protein deneddylation | protein deneddylation | protein neddylation | regulation of protein neddylation | protein binding | deneddylase activity
WNT2B,WNT2B,WNT2B,WNT2B,7482,Wnt family member 2B,Cytokine / GPCR / surface receptor signaling,cytokine,wnt family member 2b | chondrocyte differentiation | lens development in camera-type eye | male gonad development | wnt signaling pathway | forebrain regionalization | forebrain regionalization | neuron differentiation | neuron differentiation | cell fate commitment | animal organ development | system development | canonical wnt signaling pathway | canonical wnt signaling pathway | canonical wnt signaling pathway | iris morphogenesis | cornea development in camera-type eye | hematopoietic stem cell proliferation | signaling receptor binding | frizzled binding | cytokine activity | protein binding
STX5,STX5,STX5,STX5,6811,syntaxin 5,ER-Golgi / COPII vesicular transport,endoplasmic reticulum to golgi,"syntaxin 5 | intracellular protein transport | intracellular protein transport | endoplasmic reticulum to golgi vesicle-mediated transport | retrograde vesicle-mediated transport, golgi to endoplasmic reticulum | vesicle fusion | vesicle-mediated transport | early endosome to golgi transport | retrograde transport, endosome to golgi | positive regulation of protein catabolic process | membrane fusion | golgi disassembly | regulation of golgi organization | snare binding | snap receptor activity | snap receptor activity | snap receptor activity | protein binding | cadherin binding"
MBD3,MBD3,MBD3,MBD3,53615,methyl-CpG binding domain protein 3,Transcription / chromatin (likely general),transcription by rna pol,methyl-cpg binding domain protein 3 | negative regulation of transcription by rna polymerase ii | ventricular cardiac muscle tissue development | chromatin remodeling | chromatin remodeling | dna methylation-dependent constitutive heterochromatin formation | response to nutrient levels | response to estradiol | epigenetic regulation of gene expression | regulation of cell fate specification | negative regulation of dna-templated transcription | positive regulation of dna-templated transcription | embryonic organ development | response to bisphenol a | regulation of stem cell differentiation | dna binding | dna binding | protein binding | methyl-cpg binding | methyl-cpg binding | methyl-cpg binding | nucleosomal dna binding
INTS9,INTS9,INTS9,INTS9,55756,integrator complex subunit 9,Cytokine / GPCR / surface receptor signaling,growth factor.*signal,integrator complex subunit 9 | snrna processing | snrna processing | snrna processing | negative regulation of transforming growth factor beta receptor signaling pathway | regulation of transcription elongation by rna polymerase ii | regulation of transcription elongation by rna polymerase ii | snrna 3'-end processing | snrna 3'-end processing | snrna 3'-end processing | negative regulation of transmembrane receptor protein serine/threonine kinase signaling pathway | regulation of cellular response to growth factor stimulus | rna polymerase ii transcription initiation surveillance | rna polymerase ii transcription initiation surveillance | protein binding
NKAP,NKAP,NKAP,NKAP,79576,NFKB activating protein,Spliceosome / RNA processing (likely general),spliceosom,"nfkb activating protein | negative regulation of transcription by rna polymerase ii | mrna splicing, via spliceosome | negative regulation of dna-templated transcription | negative regulation of dna-templated transcription | positive regulation of alpha-beta t cell differentiation | chromatin binding | chromatin binding | chromatin binding | rna binding | protein binding | chromatin dna binding"
HSPH1,HSPH1,HSPH1,HSPH1,10808,heat shock protein family H (Hsp110) member 1,Antigen processing & presentation (MHC-I),mhc class i,heat shock protein family h (hsp110) member 1 | protein folding | response to unfolded protein | response to unfolded protein | positive regulation of mhc class i biosynthetic process | positive regulation of mhc class i biosynthetic process | positive regulation of nk t cell activation | positive regulation of nk t cell activation | adenyl-nucleotide exchange factor activity | adenyl-nucleotide exchange factor activity | protein binding | atp binding | atp hydrolysis activity | alpha-tubulin binding
ALDH1A3,ALDH1A3,ALDH1A3,ALDH1A3,220,aldehyde dehydrogenase 1 family member A3,Other / unclear,no keyword match,aldehyde dehydrogenase 1 family member a3 | retinoic acid biosynthetic process | retinoic acid biosynthetic process | aldehyde metabolic process | embryonic camera-type eye development | embryonic camera-type eye development | retinol metabolic process | retinoic acid metabolic process | retinal metabolic process | 9-cis-retinoic acid biosynthetic process | nose development | embryonic eye morphogenesis | protein homotetramerization | harderian gland development | retinal dehydrogenase (nad+) activity | retinal dehydrogenase (nad+) activity | aldehyde dehydrogenase (nad+) activity | aldehyde dehydrogenase (nad+) activity | aldehyde dehydrogenase [nad(p)+] activity | aldehyde dehydrogenase [nad(p)+] activity | oxidoreductase activity | protein homodimerization activity | thyroid hormone binding | nad+ binding | nad+ binding
INTS11,INTS11,INTS11,INTS11,54973,integrator complex subunit 11,Spliceosome / RNA processing (likely general),rna processing,integrator complex subunit 11 | snrna processing | snrna processing | snrna processing | regulation of transcription elongation by rna polymerase ii | regulation of transcription elongation by rna polymerase ii | snrna 3'-end processing | rna polymerase ii transcription initiation surveillance | rna polymerase ii transcription initiation surveillance | rna endonuclease activity | rna endonuclease activity | rna endonuclease activity | rna endonuclease activity | protein binding | protein binding
KCTD3,KCTD3,KCTD3,KCTD3,51133,potassium channel tetramerization domain containing 3,Other / unclear,no keyword match,potassium channel tetramerization domain containing 3 | protein homooligomerization | protein binding
PDHA1,PDHA1,PDHA1,PDHA1,5160,pyruvate dehydrogenase E1 subunit alpha 1,Other / unclear,no keyword match,"pyruvate dehydrogenase e1 subunit alpha 1 | pyruvate decarboxylation to acetyl-coa | pyruvate decarboxylation to acetyl-coa | pyruvate decarboxylation to acetyl-coa | pyruvate dehydrogenase (acetyl-transferring) activity | pyruvate dehydrogenase (acetyl-transferring) activity | pyruvate dehydrogenase (acetyl-transferring) activity | protein binding | oxidoreductase activity, acting on the aldehyde or oxo group of donors, disulfide as acceptor"
FNDC1,FNDC1,FNDC1,FNDC1,84624,fibronectin type III domain containing 1,Other / unclear,no keyword match,fibronectin type iii domain containing 1
PSMB8,PSMB8,PSMB8,PSMB8,5696,proteasome 20S subunit beta 8,Ubiquitin–proteasome / protein degradation,proteasom,"proteasome 20s subunit beta 8 | immune system process | proteasomal protein catabolic process | protein catabolic process | positive regulation of type ii interferon production | positive regulation of interleukin-2 production | positive regulation of tumor necrosis factor production | response to type ii interferon | proteasome-mediated ubiquitin-dependent protein catabolic process | proteasome-mediated ubiquitin-dependent protein catabolic process | t-helper 1 cell differentiation | fat cell differentiation | fat cell differentiation | negative regulation of regulatory t cell differentiation | t-helper 17 cell differentiation | cd8-positive, alpha-beta t cell homeostasis | endopeptidase activity | threonine-type endopeptidase activity | protein binding"
COPS5,COPS5,COPS5,COPS5,10987,COP9 signalosome subunit 5,COP9 signalosome / neddylation,cop9 signalosome,cop9 signalosome subunit 5 | protein deneddylation | protein deneddylation | translation | translational initiation | negative regulation of apoptotic process | post-translational protein modification | protein neddylation | positive regulation of transcription by rna polymerase ii | regulation of jnk cascade | regulation of cell cycle | regulation of ire1-mediated unfolded protein response | exosomal secretion | regulation of protein neddylation | transcription coactivator activity | translation initiation factor activity | protein binding | peptidase activity | metallopeptidase activity | metallopeptidase activity | metallopeptidase activity | deneddylase activity | deneddylase activity | enzyme binding | macrophage migration inhibitory factor binding | deubiquitinase activity | metal-dependent deubiquitinase activity | metal-dependent deubiquitinase activity
GDPGP1,GDPGP1,GDPGP1,GDPGP1,390637,GDP-D-glucose phosphorylase 1,Other / unclear,no keyword match,gdp-d-glucose phosphorylase 1 | glucose metabolic process | glucose metabolic process | response to stress | response to stress | gdp-d-glucose phosphorylase activity | gdp-d-glucose phosphorylase activity | gdp-d-glucose phosphorylase activity
XRRA1,XRRA1,XRRA1,XRRA1,143570,X-ray radiation resistance associated 1,Other / unclear,no keyword match,x-ray radiation resistance associated 1 | response to x-ray
RUNX3,RUNX3,RUNX3,RUNX3,864,RUNX family transcription factor 3,Transcription / chromatin (likely general),transcription by rna pol,"runx family transcription factor 3 | negative regulation of transcription by rna polymerase ii | negative regulation of transcription by rna polymerase ii | ossification | chondrocyte differentiation | regulation of dna-templated transcription | regulation of dna-templated transcription | regulation of transcription by rna polymerase ii | regulation of transcription by rna polymerase ii | protein phosphorylation | hemopoiesis | neuron differentiation | negative regulation of cd4-positive, alpha-beta t cell differentiation | negative regulation of cd4-positive, alpha-beta t cell differentiation | positive regulation of cd8-positive, alpha-beta t cell differentiation | positive regulation of cd8-positive, alpha-beta t cell differentiation | regulation of cell differentiation | negative regulation of cell cycle | negative regulation of cell cycle | positive regulation of dna-templated transcription | positive regulation of dna-templated transcription | peripheral nervous system neuron development | negative regulation of epithelial cell proliferation | negative regulation of epithelial cell proliferation | response to transforming growth factor beta | rna polymerase ii transcription regulatory region sequence-specific dna binding | rna polymerase ii transcription regulatory region sequence-specific dna binding | rna polymerase ii cis-regulatory region sequence-specific dna binding | dna-binding transcription factor activity, rna polymerase ii-specific | dna-binding transcription factor activity, rna polymerase ii-specific | dna-binding transcription factor activity, rna polymerase ii-specific | dna-binding transcription factor activity, rna polymerase ii-specific | transcription corepressor binding | dna binding | dna-binding transcription factor activity | dna-binding transcription factor activity | protein binding | atp binding | atp binding | sequence-specific double-stranded dna binding | sequence-specific double-stranded dna binding"
GJD3,GJD3,GJD3,GJD3,125111,gap junction protein delta 3,Transport — ion channels & solute carriers,ion channel,gap junction protein delta 3 | cell communication | cell communication | cell-cell signaling | response to glucose | negative regulation of heart rate | gap junction assembly | monoatomic ion transmembrane transport | transmembrane transport | av node cell to bundle of his cell communication by electrical coupling | av node cell to bundle of his cell communication by electrical coupling | cell communication involved in cardiac conduction | negative regulation of cell communication by electrical coupling involved in cardiac conduction | negative regulation of cardiac conduction | monoatomic ion channel activity | gap junction channel activity | protein binding | gap junction channel activity involved in cardiac conduction electrical coupling | gap junction channel activity involved in av node cell-bundle of his cell electrical coupling
CLK3,CLK3,CLK3,CLK3,1198,CDC like kinase 3,Spliceosome / RNA processing (likely general),rna splic,cdc like kinase 3 | protein phosphorylation | regulation of rna splicing | regulation of rna splicing | regulation of rna splicing | rna binding | protein kinase activity | protein serine/threonine kinase activity | protein serine/threonine kinase activity | protein serine/threonine kinase activity | protein serine/threonine kinase activity | protein serine/threonine/tyrosine kinase activity | protein tyrosine kinase activity | protein tyrosine kinase activity | protein binding | atp binding | identical protein binding | protein serine kinase activity
DHX15,DHX15,DHX15,DHX15,1665,DEAH-box helicase 15,Spliceosome / RNA processing (likely general),spliceosom,"deah-box helicase 15 | mrna splicing, via spliceosome | mrna splicing, via spliceosome | mrna processing | rna splicing | response to toxic substance | defense response to bacterium | positive regulation of canonical nf-kappab signal transduction | response to alkaloid | defense response to virus | defense response to virus | antiviral innate immune response | antiviral innate immune response | nucleic acid binding | rna binding | rna binding | rna binding | rna helicase activity | rna helicase activity | rna helicase activity | double-stranded rna binding | helicase activity | protein binding | atp binding | atp-dependent activity, acting on rna | atp hydrolysis activity | atp hydrolysis activity"
TRAPPC12,TRAPPC12,TRAPPC12,TRAPPC12,51112,trafficking protein particle complex subunit 12,TRAPP tethering complex,trafficking protein particle,trafficking protein particle complex subunit 12 | endoplasmic reticulum to golgi vesicle-mediated transport | endoplasmic reticulum to golgi vesicle-mediated transport | golgi organization | copii vesicle coat assembly | metaphase chromosome alignment | regulation of kinetochore assembly | positive regulation of protein localization to kinetochore | protein binding
ADPGK,ADPGK,ADPGK,ADPGK,83440,ADP dependent glucokinase,Metabolism / mitochondria (likely general),glycolytic,"adp dependent glucokinase | carbohydrate metabolic process | glucose metabolic process | glucose metabolic process | glucose metabolic process | glycolytic process | glycolytic process through glucose-6-phosphate | phosphotransferase activity, alcohol group as acceptor | adp-specific glucokinase activity | adp-specific glucokinase activity | adp-specific glucokinase activity | adp-specific glucokinase activity"
ZFYVE19,ZFYVE19,ZFYVE19,ZFYVE19,84936,zinc finger FYVE-type containing 19,Membrane lipid remodeling,phosphatidylinositol.*(phosphat|kinase),zinc finger fyve-type containing 19 | negative regulation of cytokinesis | mitotic cytokinesis checkpoint signaling | mitotic cytokinesis checkpoint signaling | midbody abscission | protein binding | phosphatidylinositol-3-phosphate binding | phosphatidylinositol-3-phosphate binding | metal ion binding
PIGA,PIGA,PIGA,PIGA,5277,phosphatidylinositol glycan anchor biosynthesis class A,GPI-anchor & glycan surface display,gpi[ -]anchor,phosphatidylinositol glycan anchor biosynthesis class a | gpi anchor biosynthetic process | gpi anchor biosynthetic process | gpi anchor biosynthetic process | protein binding | udp-glycosyltransferase activity | glycosyltransferase activity | phosphatidylinositol n-acetylglucosaminyltransferase activity | phosphatidylinositol n-acetylglucosaminyltransferase activity | phosphatidylinositol n-acetylglucosaminyltransferase activity
SLC9A6,SLC9A6,SLC9A6,SLC9A6,10479,solute carrier family 9 member A6,Endosomal pH & recycling,sodium.*proton antiport,solute carrier family 9 member a6 | monoatomic ion transport | monoatomic cation transport | sodium ion transport | regulation of ph | establishment of cell polarity | sodium ion transmembrane transport | axon extension | neuron projection morphogenesis | regulation of intracellular ph | regulation of intracellular ph | regulation of intracellular ph | transmembrane transport | potassium ion transmembrane transport | potassium ion transmembrane transport | dendrite extension | sodium ion import across plasma membrane | proton transmembrane transport | protein binding | antiporter activity | sodium:proton antiporter activity | sodium:proton antiporter activity | sodium:proton antiporter activity | potassium:proton antiporter activity | potassium:proton antiporter activity | identical protein binding
MTMR11,MTMR11,MTMR11,MTMR11,10903,myotubularin related protein 11,Membrane lipid remodeling,myotubularin,myotubularin related protein 11
TRAPPC13,TRAPPC13,TRAPPC13,TRAPPC13,80006,trafficking protein particle complex subunit 13,TRAPP tethering complex,trafficking protein particle,trafficking protein particle complex subunit 13 | endoplasmic reticulum to golgi vesicle-mediated transport | vesicle coat assembly | protein binding
NEDD8,NEDD8,NEDD8,NEDD8,4738,NEDD8 ubiquitin like modifier,COP9 signalosome / neddylation,neddylat,nedd8 ubiquitin like modifier | proteolysis | ubiquitin-dependent protein catabolic process | anatomical structure morphogenesis | protein ubiquitination | modification-dependent protein catabolic process | regulation of proteolysis | protein modification process | protein neddylation | protein neddylation | protein neddylation | protein neddylation | cellular response to camptothecin | regulation of postsynapse assembly | protein binding | protein tag activity | ubiquitin protein ligase binding
MATN1,MATN1,MATN1,MATN1,4146,matrilin 1,Other / unclear,no keyword match,matrilin 1 | extracellular matrix organization | protein-containing complex assembly | extracellular matrix structural constituent | calcium ion binding | protein binding
INTS4,INTS4,INTS4,INTS4,92105,integrator complex subunit 4,Spliceosome / RNA processing (likely general),rna processing,integrator complex subunit 4 | snrna processing | snrna processing | snrna processing | regulation of transcription elongation by rna polymerase ii | regulation of transcription elongation by rna polymerase ii | rna polymerase ii transcription initiation surveillance | protein binding | protein-macromolecule adaptor activity
ALG1,ALG1,ALG1,ALG1,56052,ALG1 chitobiosyldiphosphodolichol beta-mannosyltransferase,GPI-anchor & glycan surface display,n-linked glycosyl,alg1 chitobiosyldiphosphodolichol beta-mannosyltransferase | protein n-linked glycosylation | dolichol-linked oligosaccharide biosynthetic process | dolichol-linked oligosaccharide biosynthetic process | glycoprotein biosynthetic process | mannosyltransferase activity | mannosyltransferase activity | chitobiosyldiphosphodolichol beta-mannosyltransferase activity | chitobiosyldiphosphodolichol beta-mannosyltransferase activity | chitobiosyldiphosphodolichol beta-mannosyltransferase activity | glycosyltransferase activity
EXOC4,EXOC4,EXOC4,EXOC4,60412,exocyst complex component 4,Polarized exocytosis & fusion,exocyst,exocyst complex component 4 | mitotic cytokinesis | exocytosis | exocytosis | golgi to plasma membrane transport | chemical synaptic transmission | regulation of macroautophagy | cilium assembly | membrane fission | protein localization to ciliary membrane | protein binding | pdz domain binding | gtp-dependent protein binding
AMIGO3,AMIGO3,AMIGO3,AMIGO3,386724,adhesion molecule with Ig like domain 3,Surface sensing & adhesion,cell-cell adhesion,adhesion molecule with ig like domain 3 | heterophilic cell-cell adhesion | heterophilic cell-cell adhesion | heterophilic cell-cell adhesion | nervous system development | brain development | negative regulation of neuron projection development | positive regulation of synapse assembly | protein-containing complex binding
ARRB1,ARRB1,ARRB1,ARRB1,408,arrestin beta 1,Ubiquitin–proteasome / protein degradation,proteasom,arrestin beta 1 | intracellular glucose homeostasis | positive regulation of protein phosphorylation | desensitization of g protein-coupled receptor signaling pathway | g protein-coupled receptor internalization | g protein-coupled receptor internalization | g protein-coupled receptor internalization | positive regulation of receptor internalization | positive regulation of receptor internalization | regulation of transcription by rna polymerase ii | ubiquitin-dependent protein catabolic process | ubiquitin-dependent protein catabolic process | signal transduction | cell surface receptor signaling pathway | sensory perception | protein ubiquitination | negative regulation of protein ubiquitination | negative regulation of interleukin-6 production | negative regulation of interleukin-8 production | positive regulation of rho protein signal transduction | intraciliary retrograde transport | positive regulation of insulin secretion involved in cellular response to glucose stimulus | regulation of apoptotic process | negative regulation of canonical nf-kappab signal transduction | stress fiber assembly | proteasome-mediated ubiquitin-dependent protein catabolic process | proteasome-mediated ubiquitin-dependent protein catabolic process | negative regulation of notch signaling pathway | negative regulation of notch signaling pathway | negative regulation of notch signaling pathway | positive regulation of smoothened signaling pathway | positive regulation of smoothened signaling pathway | positive regulation of transcription by rna polymerase ii | positive regulation of erk1 and erk2 cascade | positive regulation of erk1 and erk2 cascade | positive regulation of erk1 and erk2 cascade | protein localization to non-motile cilium | protein localization to non-motile cilium | positive regulation of intracellular signal transduction | negative regulation of protein localization to ciliary membrane | g protein-coupled receptor binding | g protein-coupled receptor binding | transcription coactivator activity | histone acetyltransferase activity | enzyme inhibitor activity | cysteine-type endopeptidase inhibitor activity | gtpase activator activity | insulin-like growth factor receptor binding | protein binding | enzyme binding | protein-macromolecule adaptor activity | mitogen-activated protein kinase kinase binding | ubiquitin protein ligase binding | angiotensin receptor binding | angiotensin receptor binding | molecular adaptor activity | molecular adaptor activity | molecular adaptor activity | arrestin family protein binding
GOLT1B,GOLT1B,GOLT1B,GOLT1B,51026,golgi transport 1B,ER-Golgi / COPII vesicular transport,endoplasmic reticulum to golgi,"golgi transport 1b | endoplasmic reticulum to golgi vesicle-mediated transport | vesicle-mediated transport | retrograde transport, endosome to golgi | positive regulation of canonical nf-kappab signal transduction | protein binding"
WRB,GET1,GET1,GET1,7485,guided entry of tail-anchored proteins factor 1,Membrane-protein biogenesis (ER/GET/ERAD),tail-anchored,guided entry of tail-anchored proteins factor 1 | protein insertion into er membrane | protein insertion into er membrane | protein insertion into er membrane | protein stabilization | tail-anchored membrane protein insertion into er membrane | tail-anchored membrane protein insertion into er membrane | tail-anchored membrane protein insertion into er membrane | tail-anchored membrane protein insertion into er membrane | establishment of protein localization to membrane | protein binding | protein-membrane adaptor activity
KCNJ4,KCNJ4,KCNJ4,KCNJ4,3761,potassium inwardly rectifying channel subfamily J member 4,Other / unclear,no keyword match,potassium inwardly rectifying channel subfamily j member 4 | potassium ion transport | potassium ion transport | potassium ion import across plasma membrane | inward rectifier potassium channel activity | inward rectifier potassium channel activity | inward rectifier potassium channel activity | inward rectifier potassium channel activity | protein binding | pdz domain binding
UBA3,UBA3,UBA3,UBA3,9039,ubiquitin like modifier activating enzyme 3,COP9 signalosome / neddylation,neddylat,ubiquitin like modifier activating enzyme 3 | proteolysis | protein modification process | post-translational protein modification | protein neddylation | protein neddylation | protein neddylation | protein binding | ubiquitin-like modifier activating enzyme activity | nedd8 activating enzyme activity | nedd8 activating enzyme activity | nedd8 activating enzyme activity | nedd8 activating enzyme activity | nedd8 transferase activity | identical protein binding | protein heterodimerization activity
RILP,RILP,RILP,RILP,83547,Rab interacting lysosomal protein,Endosomal pH & recycling,endosome to lysosome,rab interacting lysosomal protein | endosome to lysosome transport | protein transport | endosome transport via multivesicular body sorting pathway | negative regulation of protein catabolic process | cholesterol homeostasis | early endosome to late endosome transport | early endosome to late endosome transport | positive regulation of protein catabolic process | cilium assembly | intralumenal vesicle formation | lysosome to er cholesterol transport | protein binding | small gtpase binding | small gtpase binding | small gtpase binding | sterol sensor activity | protein dimerization activity | dynein light intermediate chain binding | dynein light intermediate chain binding
DHDDS,DHDDS,DHDDS,DHDDS,79947,dehydrodolichyl diphosphate synthase subunit,GPI-anchor & glycan surface display,dolich,"dehydrodolichyl diphosphate synthase subunit | dolichyl diphosphate biosynthetic process | polyprenol biosynthetic process | dolichyl monophosphate biosynthetic process | prenyltransferase activity | protein binding | transferase activity, transferring alkyl or aryl (other than methyl) groups | ditrans,polycis-polyprenyl diphosphate synthase [(2e,6e)-farnesyl diphosphate specific] activity | ditrans,polycis-polyprenyl diphosphate synthase [(2e,6e)-farnesyl diphosphate specific] activity | ditrans,polycis-polyprenyl diphosphate synthase [(2e,6e)-farnesyl diphosphate specific] activity | ditrans,polycis-polyprenyl diphosphate synthase [(2e,6e)-farnesyl diphosphate specific] activity | ditrans,polycis-polyprenyl diphosphate synthase [(2e,6e)-farnesyl diphosphate specific] activity"
KIF13A,KIF13A,KIF13A,KIF13A,63971,kinesin family member 13A,Polarized exocytosis & fusion,golgi to plasma membrane,kinesin family member 13a | intracellular protein transport | intracellular protein transport | microtubule-based movement | microtubule-based movement | endosome to lysosome transport | melanosome organization | regulation of cytokinesis | vesicle cargo loading | golgi to plasma membrane protein transport | establishment of protein localization | plus-end-directed vesicle transport along microtubule | microtubule motor activity | microtubule motor activity | microtubule motor activity | protein binding | atp binding | microtubule binding | microtubule binding | atp hydrolysis activity
SEL1L,SEL1L,SEL1L,SEL1L,6400,SEL1L adaptor subunit of SYVN1 ubiquitin ligase,Ubiquitin–proteasome / protein degradation,ubiquitin ligase,"sel1l adaptor subunit of syvn1 ubiquitin ligase | triglyceride metabolic process | triglyceride metabolic process | protein secretion | protein secretion | protein transport | retrograde protein transport, er to cytosol | erad pathway | erad pathway | erad pathway | erad pathway | erad pathway | erad pathway | protein stabilization | protein binding | ubiquitin-like ligase-substrate adaptor activity"
DFFA,DFFA,DFFA,DFFA,1676,DNA fragmentation factor subunit alpha,Other / unclear,no keyword match,dna fragmentation factor subunit alpha | apoptotic dna fragmentation | apoptotic process | apoptotic process | regulation of apoptotic process | negative regulation of execution phase of apoptosis | negative regulation of execution phase of apoptosis | negative regulation of apoptotic dna fragmentation | negative regulation of apoptotic dna fragmentation | negative regulation of apoptotic dna fragmentation | negative regulation of apoptotic dna fragmentation | negative regulation of apoptotic dna fragmentation | protein binding | deoxyribonuclease inhibitor activity | deoxyribonuclease inhibitor activity
C2orf72,C2orf72,C2orf72,C2orf72,257407,chromosome 2 open reading frame 72,Other / unclear,no keyword match,chromosome 2 open reading frame 72
RPRD1B,RPRD1B,RPRD1B,RPRD1B,58490,regulation of nuclear pre-mRNA domain containing 1B,Spliceosome / RNA processing (likely general),pre-mrna,regulation of nuclear pre-mrna domain containing 1b | rna polymerase ii promoter clearance | rna polymerase ii promoter clearance | positive regulation of cell population proliferation | regulation of cell cycle process | mrna 3'-end processing | positive regulation of transcription by rna polymerase ii | rna polymerase ii complex binding | rna polymerase ii complex binding | protein binding | identical protein binding | identical protein binding | rna polymerase ii c-terminal domain binding
ALG2,ALG2,ALG2,ALG2,85365,"ALG2 alpha-1,3/1,6-mannosyltransferase",GPI-anchor & glycan surface display,n-linked glycosyl,"alg2 alpha-1,3/1,6-mannosyltransferase | protein n-linked glycosylation | dolichol-linked oligosaccharide biosynthetic process | dolichol-linked oligosaccharide biosynthetic process | dolichol-linked oligosaccharide biosynthetic process | dolichol-linked oligosaccharide biosynthetic process | glycoprotein biosynthetic process | glycoprotein biosynthetic process | alpha-1,3-mannosyltransferase activity | alpha-1,3-mannosyltransferase activity | alpha-1,3-mannosyltransferase activity | gdp-man:man(1)glcnac(2)-pp-dol alpha-1,3-mannosyltransferase activity | gdp-man:man(1)glcnac(2)-pp-dol alpha-1,3-mannosyltransferase activity | protein binding | glycosyltransferase activity | gdp-man:man(2)glcnac(2)-pp-dol alpha-1,6-mannosyltransferase activity | gdp-man:man(2)glcnac(2)-pp-dol alpha-1,6-mannosyltransferase activity"
CD58,CD58,CD58,CD58,965,CD58 molecule,Surface sensing & adhesion,cell-cell adhesion,cd58 molecule | immune response | positive regulation of interleukin-8 production | heterotypic cell-cell adhesion | heterotypic cell-cell adhesion | cellular response to type ii interferon | cellular response to tumor necrosis factor | cell-cell adhesion | signaling receptor binding | signaling receptor binding | protein binding
MAP3K8,MAP3K8,MAP3K8,MAP3K8,1326,mitogen-activated protein kinase kinase kinase 8,Cytokine / GPCR / surface receptor signaling,mapk cascade,mitogen-activated protein kinase kinase kinase 8 | mapk cascade | mapk cascade | protein phosphorylation | signal transduction | t cell costimulation | positive regulation of inflammatory response | magnesium ion binding | protein kinase activity | protein serine/threonine kinase activity | map kinase kinase kinase activity | map kinase kinase kinase activity | map kinase kinase kinase activity | protein binding | atp binding | protein serine kinase activity
ACVR1,ACVR1,ACVR1,ACVR1,90,activin A receptor type 1,Cytokine / GPCR / surface receptor signaling,growth factor.*signal,"activin a receptor type 1 | osteoblast differentiation | acute inflammatory response | embryonic heart tube morphogenesis | outflow tract septum morphogenesis | atrioventricular valve morphogenesis | atrioventricular valve morphogenesis | mitral valve morphogenesis | endocardial cushion formation | endocardial cushion formation | endocardial cushion fusion | endocardial cushion fusion | atrial septum primum morphogenesis | atrial septum primum morphogenesis | atrial septum primum morphogenesis | cell surface receptor protein serine/threonine kinase signaling pathway | transforming growth factor beta receptor signaling pathway | transforming growth factor beta receptor signaling pathway | transforming growth factor beta receptor signaling pathway | heart development | dorsal/ventral pattern formation | negative regulation of signal transduction | cell differentiation | regulation of ossification | positive regulation of cell migration | positive regulation of bone mineralization | bmp signaling pathway | bmp signaling pathway | bmp signaling pathway | bmp signaling pathway | bmp signaling pathway | activin receptor signaling pathway | activin receptor signaling pathway | negative regulation of activin receptor signaling pathway | endothelial cell differentiation | positive regulation of cell differentiation | positive regulation of osteoblast differentiation | positive regulation of dna-templated transcription | positive regulation of transcription by rna polymerase ii | positive regulation of transcription by rna polymerase ii | positive regulation of transcription by rna polymerase ii | positive regulation of transcription by rna polymerase ii | positive regulation of multicellular organismal process | positive regulation of smad protein signal transduction | positive regulation of smad protein signal transduction | positive regulation of smad protein signal transduction | ventricular septum morphogenesis | ventricular septum morphogenesis | epithelial tube morphogenesis | cardiac muscle cell fate commitment | endocardial cushion cell fate commitment | positive regulation of cardiac epithelial to mesenchymal transition | positive regulation of cardiac epithelial to mesenchymal transition | cellular response to growth factor stimulus | cellular response to bmp stimulus | circulatory system development | positive regulation of intracellular signal transduction | positive regulation of determination of dorsal identity | regulation of multicellular organismal development | negative regulation of g1/s transition of mitotic cell cycle | negative regulation of extrinsic apoptotic signaling pathway | protein kinase activity | protein kinase activity | protein serine/threonine kinase activity | transmembrane receptor protein serine/threonine kinase activity | transmembrane receptor protein serine/threonine kinase activity | transmembrane receptor protein serine/threonine kinase activity | transmembrane receptor protein serine/threonine kinase activity | transforming growth factor beta receptor activity, type i | transforming growth factor beta receptor activity, type i | protein binding | atp binding | atp binding | activin receptor activity, type i | activin receptor activity, type i | peptide hormone binding | growth factor binding | protein homodimerization activity | cadherin binding | smad binding | smad binding | smad binding | activin binding | activin binding | transforming growth factor beta binding | transforming growth factor beta binding | bmp receptor activity | bmp receptor activity | protein tyrosine kinase binding"
RABGGTB,RABGGTB,RABGGTB,RABGGTB,5876,Rab geranylgeranyltransferase subunit beta,ER-Golgi / COPII vesicular transport,endoplasmic reticulum to golgi,rab geranylgeranyltransferase subunit beta | endoplasmic reticulum to golgi vesicle-mediated transport | visual perception | protein geranylgeranylation | protein modification process | catalytic activity | protein geranylgeranyltransferase activity | protein geranylgeranyltransferase activity | rab geranylgeranyltransferase activity | rab geranylgeranyltransferase activity | rab geranylgeranyltransferase activity | protein binding | zinc ion binding | protein prenyltransferase activity | small gtpase binding
ITIH5,ITIH5,ITIH5,ITIH5,80760,inter-alpha-trypsin inhibitor heavy chain 5,Other / unclear,no keyword match,inter-alpha-trypsin inhibitor heavy chain 5 | hyaluronan metabolic process | serine-type endopeptidase inhibitor activity
TSSC1,EIPR1,EIPR1,EIPR1,7260,EARP complex and GARP complex interacting protein 1,Other / unclear,no keyword match,"earp complex and garp complex interacting protein 1 | protein ubiquitination | endocytic recycling | endocytic recycling | regulation of insulin secretion | regulation of insulin secretion | regulation of transport | positive regulation of retrograde transport, endosome to golgi | positive regulation of endocytic recycling | protein binding"
TUBGCP4,TUBGCP4,TUBGCP4,TUBGCP4,27229,tubulin gamma complex component 4,Other / unclear,no keyword match,tubulin gamma complex component 4 | microtubule cytoskeleton organization | mitotic cell cycle | microtubule nucleation | microtubule nucleation | microtubule nucleation | cytoplasmic microtubule organization | spindle assembly | meiotic cell cycle | protein-containing complex assembly | structural constituent of cytoskeleton | protein binding | gamma-tubulin binding | gamma-tubulin binding | microtubule minus-end binding
C17orf72,HROB,HROB,HROB,78995,homologous recombination factor with OB-fold,Other / unclear,no keyword match,homologous recombination factor with ob-fold | recombinational repair | dna synthesis involved in dna repair | dna damage response | female gamete generation | female gamete generation | interstrand cross-link repair | male gamete generation | male gamete generation | single-stranded dna binding | single-stranded dna binding | protein binding
ATP11A,ATP11A,ATP11A,ATP11A,23250,ATPase phospholipid transporting 11A,Membrane lipid remodeling,phosphatidylserine,atpase phospholipid transporting 11a | positive regulation of myotube differentiation | positive regulation of myotube differentiation | phospholipid transport | phospholipid translocation | phospholipid translocation | regulation of membrane lipid distribution | aminophospholipid translocation | nucleotide binding | magnesium ion binding | protein binding | atp binding | atp hydrolysis activity | phosphatidylethanolamine flippase activity | phosphatidylethanolamine flippase activity | phosphatidylethanolamine flippase activity | phosphatidylserine floppase activity | phosphatidylserine floppase activity | atpase-coupled intramembrane lipid carrier activity | atpase-coupled intramembrane lipid carrier activity | atpase-coupled intramembrane lipid carrier activity | phosphatidylserine flippase activity | phosphatidylserine flippase activity
KCNQ3,KCNQ3,KCNQ3,KCNQ3,3786,potassium voltage-gated channel subfamily Q member 3,Transport — ion channels & solute carriers,ion channel,potassium voltage-gated channel subfamily q member 3 | monoatomic ion transport | potassium ion transport | chemical synaptic transmission | transmembrane transport | potassium ion transmembrane transport | potassium ion transmembrane transport | monoatomic ion channel activity | voltage-gated monoatomic ion channel activity | voltage-gated potassium channel activity | voltage-gated potassium channel activity | voltage-gated potassium channel activity | potassium channel activity | protein binding | calmodulin binding | calmodulin binding | voltage-gated monoatomic cation channel activity
TAF1A,TAF1A,TAF1A,TAF1A,9015,"TATA-box binding protein associated factor, RNA polymerase I subunit A",Transcription / chromatin (likely general),transcription by rna pol,"tata-box binding protein associated factor, rna polymerase i subunit a | regulation of dna-templated transcription | transcription by rna polymerase i | transcription by rna polymerase i | transcription by rna polymerase ii | protein binding"
MTMR9,MTMR9,MTMR9,MTMR9,66036,myotubularin related protein 9,Membrane lipid remodeling,phosphatidylinositol.*(phosphat|kinase),myotubularin related protein 9 | phosphatidylinositol biosynthetic process | negative regulation of autophagy | negative regulation of autophagy | positive regulation of phosphatase activity | phosphatidylinositol dephosphorylation | protein stabilization | regulation of phosphatidylinositol dephosphorylation | protein binding | phosphatase activator activity | protein phosphatase binding | protein phosphatase binding | enzyme regulator activity
FAM204A,FAM204A,FAM204A,FAM204A,63877,family with sequence similarity 204 member A,Other / unclear,no keyword match,family with sequence similarity 204 member a | protein binding
GTF2F2,GTF2F2,GTF2F2,GTF2F2,2963,general transcription factor IIF subunit 2,Transcription / chromatin (likely general),transcription by rna pol,general transcription factor iif subunit 2 | transcription by rna polymerase ii | transcription by rna polymerase ii | transcription by rna polymerase ii | transcription initiation at rna polymerase ii promoter | transcription initiation at rna polymerase ii promoter | transcription initiation at rna polymerase ii promoter | transcription initiation at rna polymerase ii promoter | transcription elongation by rna polymerase ii | transcription elongation by rna polymerase ii | transcription elongation by rna polymerase ii | positive regulation of transcription by rna polymerase ii | protein binding | rna polymerase ii general transcription initiation factor activity
EPB41L1,EPB41L1,EPB41L1,EPB41L1,2036,erythrocyte membrane protein band 4.1 like 1,Membrane–cortex mechanics,band 4\.1,erythrocyte membrane protein band 4.1 like 1 | cortical actin cytoskeleton organization | actomyosin structure organization | actin binding | structural molecule activity | protein binding | cytoskeletal protein binding
QSOX2,QSOX2,QSOX2,QSOX2,169714,quiescin sulfhydryl oxidase 2,Other / unclear,no keyword match,quiescin sulfhydryl oxidase 2 | protein folding | female gonad development | female gonad development | protein disulfide isomerase activity | flavin-dependent sulfhydryl oxidase activity | flavin-dependent sulfhydryl oxidase activity | thiol oxidase activity
CRYGB,CRYGB,CRYGB,CRYGB,1419,crystallin gamma B,Other / unclear,no keyword match,crystallin gamma b | lens development in camera-type eye | visual perception | visual perception | visual perception | structural constituent of eye lens | structural constituent of eye lens | structural constituent of eye lens | protein binding
NFKBID,NFKBID,NFKBID,NFKBID,84807,NFKB inhibitor delta,Other / unclear,no keyword match,nfkb inhibitor delta | regulation of gene expression | t cell receptor signaling pathway | positive regulation of t-helper 17 cell differentiation | protein binding
TAF1D,TAF1D,TAF1D,TAF1D,79101,"TATA-box binding protein associated factor, RNA polymerase I subunit D",Transcription / chromatin (likely general),dna-templated transcription,"tata-box binding protein associated factor, rna polymerase i subunit d | regulation of dna-templated transcription | regulation of dna-templated transcription | protein binding | identical protein binding"
CCDC50,CCDC50,CCDC50,CCDC50,152137,coiled-coil domain containing 50,Other / unclear,no keyword match,coiled-coil domain containing 50 | sensory perception of sound | protein binding | ubiquitin protein ligase binding | ubiquitin protein ligase binding
TMC7,TMC7,TMC7,TMC7,79905,transmembrane channel like 7,Surface sensing & adhesion,mechanosensit,transmembrane channel like 7 | monoatomic ion transmembrane transport | sensory perception of mechanical stimulus | sensory perception of mechanical stimulus | ion channel inhibitor activity | ion channel inhibitor activity | mechanosensitive monoatomic ion channel activity
ID2,ID2,ID2,ID2,3398,inhibitor of DNA binding 2,Transcription / chromatin (likely general),transcription by rna pol,inhibitor of dna binding 2 | negative regulation of transcription by rna polymerase ii | negative regulation of transcription by rna polymerase ii | negative regulation of transcription by rna polymerase ii | membranous septum morphogenesis | bundle of his development | regulation of transcription by rna polymerase ii | regulation of transcription by rna polymerase ii | heart development | circadian rhythm | circadian rhythm | positive regulation of gene expression | positive regulation of gene expression | negative regulation of gene expression | negative regulation of gene expression | regulation of lipid metabolic process | olfactory bulb development | neuron differentiation | circadian regulation of gene expression | circadian regulation of gene expression | mammary gland epithelial cell proliferation | mammary gland epithelial cell proliferation | regulation of circadian rhythm | regulation of circadian rhythm | entrainment of circadian clock by photoperiod | entrainment of circadian clock by photoperiod | enucleate erythrocyte differentiation | locomotor rhythm | locomotor rhythm | negative regulation of b cell differentiation | positive regulation of fat cell differentiation | positive regulation of macrophage differentiation | regulation of neuron differentiation | positive regulation of blood pressure | positive regulation of blood pressure | negative regulation of dna-templated transcription | negative regulation of dna-templated transcription | positive regulation of dna-templated transcription | positive regulation of dna-templated transcription | embryonic digestive tract morphogenesis | embryonic digestive tract morphogenesis | positive regulation of smooth muscle cell proliferation | positive regulation of smooth muscle cell proliferation | neuron fate commitment | positive regulation of astrocyte differentiation | negative regulation of muscle cell differentiation | negative regulation of muscle cell differentiation | mammary gland alveolus development | mammary gland alveolus development | epithelial cell differentiation involved in mammary gland alveolus development | epithelial cell differentiation involved in mammary gland alveolus development | endodermal digestive tract morphogenesis | endodermal digestive tract morphogenesis | cellular senescence | cellular senescence | regulation of g1/s transition of mitotic cell cycle | regulation of neural precursor cell proliferation | transcription corepressor activity | protein binding | transmembrane transporter binding | protein dimerization activity | rna polymerase ii-specific dna-binding transcription factor binding | rna polymerase ii-specific dna-binding transcription factor binding | transcription regulator inhibitor activity | transcription regulator inhibitor activity | transcription regulator inhibitor activity
LOXL1,LOXL1,LOXL1,LOXL1,4016,lysyl oxidase like 1,Other / unclear,no keyword match,"lysyl oxidase like 1 | protein deamination | collagen fibril organization | response to lipopolysaccharide | aorta development | protein-lysine 6-oxidase activity | protein-lysine 6-oxidase activity | protein-lysine 6-oxidase activity | copper ion binding | protein binding | oxidoreductase activity, acting on the ch-nh2 group of donors, oxygen as acceptor"
RFWD2,COP1,COP1,COP1,64326,COP1 E3 ubiquitin ligase,Ubiquitin–proteasome / protein degradation,ubiquitin ligase,cop1 e3 ubiquitin ligase | ubiquitin-dependent protein catabolic process | response to ionizing radiation | protein ubiquitination | positive regulation of proteasomal ubiquitin-dependent protein catabolic process | proteasome-mediated ubiquitin-dependent protein catabolic process | proteasome-mediated ubiquitin-dependent protein catabolic process | negative regulation of fatty acid biosynthetic process | ubiquitin-protein transferase activity | protein binding | ubiquitin protein ligase activity | ubiquitin protein ligase activity | ubiquitin protein ligase activity | ubiquitin protein ligase activity
SCAF8,SCAF8,SCAF8,SCAF8,22828,SR-related CTD associated factor 8,Transcription / chromatin (likely general),dna-templated transcription,"sr-related ctd associated factor 8 | termination of rna polymerase ii transcription | positive regulation of dna-templated transcription, elongation | negative regulation of termination of rna polymerase ii transcription, poly(a)-coupled | negative regulation of termination of rna polymerase ii transcription, poly(a)-coupled | rna polymerase ii complex binding | nucleic acid binding | rna binding | rna binding | mrna binding | protein binding | rna polymerase core enzyme binding | rna polymerase ii c-terminal domain phosphoserine binding | rna polymerase ii c-terminal domain phosphoserine binding"
KANSL3,KANSL3,KANSL3,KANSL3,55683,KAT8 regulatory NSL complex subunit 3,Transcription / chromatin (likely general),transcription by rna pol,kat8 regulatory nsl complex subunit 3 | positive regulation of dna-templated transcription | positive regulation of transcription by rna polymerase ii | regulation of mitochondrial transcription | protein binding
JAK3,JAK3,JAK3,JAK3,3718,Janus kinase 3,GPI-anchor & glycan surface display,glycoprotein biosynthetic,janus kinase 3 | negative regulation of dendritic cell cytokine production | enzyme-linked receptor protein signaling pathway | cell surface receptor signaling pathway via jak-stat | cell surface receptor signaling pathway via jak-stat | cell surface receptor signaling pathway via jak-stat | tyrosine phosphorylation of stat protein | negative regulation of glycoprotein biosynthetic process | cytokine-mediated signaling pathway | cytokine-mediated signaling pathway | cell differentiation | b cell differentiation | negative regulation of interleukin-10 production | negative regulation of interleukin-12 production | intracellular signal transduction | intracellular signal transduction | intracellular signal transduction | interleukin-15-mediated signaling pathway | interleukin-4-mediated signaling pathway | interleukin-4-mediated signaling pathway | interleukin-2-mediated signaling pathway | interleukin-2-mediated signaling pathway | interleukin-7-mediated signaling pathway | interleukin-9-mediated signaling pathway | regulation of apoptotic process | t cell homeostasis | t cell homeostasis | negative regulation of t-helper 1 cell differentiation | regulation of receptor signaling pathway via jak-stat | regulation of receptor signaling pathway via jak-stat | regulation of alpha-beta t cell activation | negative regulation of t cell activation | growth hormone receptor signaling pathway via jak-stat | growth hormone receptor signaling pathway via jak-stat | regulation of t cell apoptotic process | negative regulation of thymocyte apoptotic process | response to interleukin-2 | response to interleukin-4 | response to interleukin-15 | response to interleukin-9 | regulation of leukocyte cell-cell adhesion | negative regulation of t-helper 17 cell lineage commitment | protein kinase activity | protein tyrosine kinase activity | protein tyrosine kinase activity | protein tyrosine kinase activity | protein tyrosine kinase activity | protein tyrosine kinase activity | non-membrane spanning protein tyrosine kinase activity | non-membrane spanning protein tyrosine kinase activity | growth hormone receptor binding | protein binding | atp binding | protein phosphatase binding
TRPT1,TRPT1,TRPT1,TRPT1,83707,tRNA phosphotransferase 1,Spliceosome / RNA processing (likely general),rna splic,"trna phosphotransferase 1 | trna splicing, via endonucleolytic cleavage and ligation | trna 2'-phosphotransferase activity | trna 2'-phosphotransferase activity | trna 2'-phosphotransferase activity | protein binding | transferase activity"
DPP4,DPP4,DPP4,DPP4,1803,dipeptidyl peptidase 4,Polarized exocytosis & fusion,membrane fusion,dipeptidyl peptidase 4 | response to hypoxia | proteolysis | proteolysis | proteolysis | positive regulation of cell population proliferation | negative regulation of extracellular matrix disassembly | peptide hormone processing | receptor-mediated endocytosis of virus by host cell | t cell costimulation | regulation of cell-cell adhesion mediated by integrin | t cell activation | endothelial cell migration | symbiont entry into host cell | receptor-mediated virion attachment to host cell | negative chemotaxis | membrane fusion | negative regulation of neutrophil chemotaxis | glucagon processing | virus receptor activity | protease binding | serine-type endopeptidase activity | serine-type endopeptidase activity | signaling receptor binding | protein binding | serine-type peptidase activity | serine-type peptidase activity | dipeptidyl-peptidase activity | dipeptidyl-peptidase activity | dipeptidyl-peptidase activity | tripeptidyl-peptidase activity | identical protein binding | protein homodimerization activity | chemorepellent activity | chemorepellent activity
NDP,NDP,NDP,NDP,4693,norrin cystine knot growth factor NDP,Cytokine / GPCR / surface receptor signaling,cytokine,norrin cystine knot growth factor ndp | vacuole organization | nervous system development | nervous system development | visual perception | wnt signaling pathway | extracellular matrix-cell signaling | positive regulation of dna-templated transcription | positive regulation of dna-templated transcription | positive regulation of transcription by rna polymerase ii | positive regulation of transcription by rna polymerase ii | decidualization | norrin signaling pathway | norrin signaling pathway | norrin signaling pathway | frizzled binding | frizzled binding | frizzled binding | cytokine activity | cytokine activity | cytokine activity | protein binding | protein homodimerization activity
PHACTR2,PHACTR2,PHACTR2,PHACTR2,9749,phosphatase and actin regulator 2,Actin & Rho signaling,actin cytoskeleton organization,phosphatase and actin regulator 2 | actin cytoskeleton organization | actin binding | protein binding
KCTD10,KCTD10,KCTD10,KCTD10,83892,potassium channel tetramerization domain containing 10,Ubiquitin–proteasome / protein degradation,ubiquitin-protein transferase,potassium channel tetramerization domain containing 10 | ubiquitin-dependent protein catabolic process | ubiquitin-dependent protein catabolic process | protein ubiquitination | protein ubiquitination | protein ubiquitination | negative regulation of rho protein signal transduction | proteasome-mediated ubiquitin-dependent protein catabolic process | proteasome-mediated ubiquitin-dependent protein catabolic process | proteasome-mediated ubiquitin-dependent protein catabolic process | positive regulation of cilium assembly | protein homooligomerization | cilium assembly | establishment of endothelial barrier | positive regulation of ferroptosis | positive regulation of protein k63-linked ubiquitination | ubiquitin-protein transferase activity | notch binding | protein binding | identical protein binding | ubiquitin-like ligase-substrate adaptor activity
WDR44,WDR44,WDR44,WDR44,54521,WD repeat domain 44,Other / unclear,no keyword match,wd repeat domain 44 | regulation of vesicle-mediated transport | regulation of vesicle-mediated transport | cytosolic ciliogenesis | cytosolic ciliogenesis | negative regulation of cilium assembly | protein binding | small gtpase binding | molecular sequestering activity | molecular sequestering activity
RASGEF1B,RASGEF1B,RASGEF1B,RASGEF1B,153020,RasGEF domain family member 1B,Actin & Rho signaling,small gtpase-mediated,rasgef domain family member 1b | small gtpase-mediated signal transduction | ras protein signal transduction | guanyl-nucleotide exchange factor activity | guanyl-nucleotide exchange factor activity | guanyl-nucleotide exchange factor activity | protein binding
SEPN1,SELENON,SELENON,SELENON,57190,selenoprotein N,Other / unclear,no keyword match,selenoprotein n | skeletal muscle satellite cell maintenance involved in skeletal muscle regeneration | skeletal muscle fiber development | calcium ion homeostasis | calcium ion homeostasis | regulation of ryanodine-sensitive calcium-release channel activity | positive regulation of response to oxidative stress | calcium ion binding | protein binding
DGCR2,DGCR2,DGCR2,DGCR2,9993,DiGeorge syndrome critical region gene 2,Other / unclear,no keyword match,digeorge syndrome critical region gene 2 | animal organ morphogenesis | cognition | protein binding
KYNU,KYNU,KYNU,KYNU,8942,kynureninase,Other / unclear,no keyword match,kynureninase | l-tryptophan catabolic process | l-tryptophan catabolic process | l-tryptophan catabolic process | nucleoside phosphate metabolic process | nad+ biosynthetic process | nad+ biosynthetic process | quinolinate biosynthetic process | quinolinate biosynthetic process | response to type ii interferon | 'de novo' nad+ biosynthetic process from l-tryptophan | response to vitamin b6 | purine-containing compound metabolic process | protein binding | pyridoxal phosphate binding | kynureninase activity | kynureninase activity | kynureninase activity | kynureninase activity | kynureninase activity | protein homodimerization activity
NKX2-6,NKX2-6,NKX2-6,NKX2-6,137814,NK2 homeobox 6,Transcription / chromatin (likely general),transcription by rna pol,"nk2 homeobox 6 | regulation of dna-templated transcription | regulation of transcription by rna polymerase ii | positive regulation of cell population proliferation | hypothalamus development | hypothalamus development | cell differentiation | cell differentiation | embryonic heart tube development | embryonic heart tube development | embryonic heart tube development | negative regulation of apoptotic process | tongue development | tongue development | positive regulation of transcription by rna polymerase ii | digestive tract development | digestive tract development | atrial cardiac muscle cell development | atrial cardiac muscle cell development | ventricular cardiac muscle cell development | ventricular cardiac muscle cell development | pharyngeal system development | pericardium development | pericardium development | rna polymerase ii cis-regulatory region sequence-specific dna binding | rna polymerase ii cis-regulatory region sequence-specific dna binding | dna-binding transcription factor activity, rna polymerase ii-specific | dna-binding transcription factor activity, rna polymerase ii-specific | dna-binding transcription factor activity, rna polymerase ii-specific | dna-binding transcription activator activity, rna polymerase ii-specific | dna binding | dna-binding transcription factor activity"
METTL5,METTL5,METTL5,METTL5,29081,"methyltransferase 5, N6-adenosine",Spliceosome / RNA processing (likely general),rna processing,"methyltransferase 5, n6-adenosine | rrna processing | rrna methylation | rrna methylation | rrna methylation | positive regulation of translation | positive regulation of translation | stem cell differentiation | stem cell differentiation | nucleic acid binding | protein binding | methyltransferase activity | s-adenosylmethionine-dependent methyltransferase activity | rrna (adenine-n6-)-methyltransferase activity | rrna (adenine-n6-)-methyltransferase activity | rrna (adenine-n6-)-methyltransferase activity | s-adenosyl-l-methionine binding"
CEP112,CEP112,CEP112,CEP112,201134,centrosomal protein 112,Other / unclear,no keyword match,centrosomal protein 112 | protein binding | molecular condensate scaffold activity
NPAP1,NPAP1,NPAP1,NPAP1,23742,nuclear pore associated protein 1,Other / unclear,no keyword match,nuclear pore associated protein 1 | rna export from nucleus | protein import into nucleus | spermatogenesis | nuclear localization sequence binding | structural constituent of nuclear pore
TSPEAR,TSPEAR,TSPEAR,TSPEAR,54084,thrombospondin type laminin G domain and EAR repeats,Other / unclear,no keyword match,thrombospondin type laminin g domain and ear repeats | signal transduction | sensory perception of sound | sensory perception of sound | regulation of notch signaling pathway | tooth mineralization
SCAI,SCAI,SCAI,SCAI,286205,suppressor of cancer cell invasion,Actin & Rho signaling,rho protein signal,suppressor of cancer cell invasion | dna-templated transcription | negative regulation of cell migration | negative regulation of cell migration | negative regulation of rho protein signal transduction | negative regulation of rho protein signal transduction | negative regulation of dna-templated transcription | transcription corepressor activity | transcription corepressor activity | transcription corepressor activity | protein binding
GTF3A,GTF3A,GTF3A,GTF3A,2971,general transcription factor IIIA,Transcription / chromatin (likely general),transcription by rna pol,general transcription factor iiia | transcription by rna polymerase iii | rrna transcription | ribosomal large subunit biogenesis | nucleic acid binding | dna binding | 5s rrna binding
KIAA1199,CEMIP,CEMIP,CEMIP,57214,cell migration inducing hyaluronidase 1,Other / unclear,no keyword match,cell migration inducing hyaluronidase 1 | sensory perception of sound | hyaluronan metabolic process | hyaluronan catabolic process | hyaluronan catabolic process | hyaluronan catabolic process | positive regulation of cell migration | positive regulation of release of sequestered calcium ion into cytosol | positive regulation of protein targeting to membrane | hyalurononglucosaminidase activity | hyalurononglucosaminidase activity | hyalurononglucosaminidase activity | hyalurononglucosaminidase activity | protein binding | hyaluronic acid binding | hyaluronic acid binding | clathrin heavy chain binding | er lumen protein retrieval receptor activity
MRPS12,MRPS12,MRPS12,MRPS12,6183,mitochondrial ribosomal protein S12,Metabolism / mitochondria (likely general),mitochondrial,mitochondrial ribosomal protein s12 | translation | translation | mitochondrial translation | mitochondrial translation | rna binding | structural constituent of ribosome | structural constituent of ribosome | structural constituent of ribosome | structural constituent of ribosome | protein binding
AP3B2,AP3B2,AP3B2,AP3B2,8120,adaptor related protein complex 3 subunit beta 2,ER-Golgi / COPII vesicular transport,vesicle coating,"adaptor related protein complex 3 subunit beta 2 | intracellular protein transport | endocytosis | anterograde axonal transport | anterograde axonal transport | synaptic vesicle coating | vesicle-mediated transport | clathrin-coated vesicle cargo loading, ap-3-mediated | synaptic vesicle recycling | synaptic vesicle endocytosis | anterograde synaptic vesicle transport | anterograde synaptic vesicle transport | anterograde synaptic vesicle transport | ap-3 adaptor complex binding"
KLHL35,KLHL35,KLHL35,KLHL35,283212,kelch like family member 35,Ubiquitin–proteasome / protein degradation,proteasom,kelch like family member 35 | proteasome-mediated ubiquitin-dependent protein catabolic process | proteasome-mediated ubiquitin-dependent protein catabolic process | protein binding | ubiquitin-like ligase-substrate adaptor activity
UFM1,UFM1,UFM1,UFM1,51569,ubiquitin fold modifier 1,Other / unclear,no keyword match,ubiquitin fold modifier 1 | brain development | regulation of intracellular estrogen receptor signaling pathway | response to endoplasmic reticulum stress | response to endoplasmic reticulum stress | response to endoplasmic reticulum stress | response to endoplasmic reticulum stress | negative regulation of protein import into nucleus | negative regulation of apoptotic process | negative regulation of apoptotic process | reticulophagy | reticulophagy | protein ufmylation | protein ufmylation | protein ufmylation | protein k69-linked ufmylation | protein binding
DCLRE1A,DCLRE1A,DCLRE1A,DCLRE1A,9937,DNA cross-link repair 1A,Other / unclear,no keyword match,dna cross-link repair 1a | dna repair | double-strand break repair via nonhomologous end joining | interstrand cross-link repair | dna binding | damaged dna binding | beta-lactamase activity | beta-lactamase activity | 5'-3' dna exonuclease activity | 5'-3' dna exonuclease activity
EMC6,EMC6,EMC6,EMC6,83460,ER membrane protein complex subunit 6,Autophagy–secretion & DAMP,\bautophagosome\b,er membrane protein complex subunit 6 | autophagosome assembly | autophagosome assembly | protein insertion into er membrane by stop-transfer membrane-anchor sequence | protein insertion into er membrane by stop-transfer membrane-anchor sequence | tail-anchored membrane protein insertion into er membrane | tail-anchored membrane protein insertion into er membrane | protein binding | membrane insertase activity
TMEM186,TMEM186,TMEM186,TMEM186,25880,transmembrane protein 186,Metabolism / mitochondria (likely general),mitochondrial,transmembrane protein 186 | mitochondrial respiratory chain complex i assembly | mitochondrial respiratory chain complex i assembly | protein binding
CCDC115,CCDC115,CCDC115,VMA22,84317,vacuolar ATPase assembly factor VMA22,Other / unclear,no keyword match,vacuolar atpase assembly factor vma22 | intracellular iron ion homeostasis | lysosomal lumen acidification | cellular response to increased oxygen levels | vacuolar proton-transporting v-type atpase complex assembly | lysosomal protein catabolic process | protein binding
ZFYVE20,ZFYVE20,ZFYVE20,RBSN,64145,"rabenosyn, RAB effector",ER-Golgi / COPII vesicular transport,golgi organization,"rabenosyn, rab effector | endosomal transport | early endosome to golgi transport | golgi to lysosome transport | regulation of golgi organization | protein binding | zinc ion binding | small gtpase binding | phosphatidylinositol-3-phosphate binding | metal ion binding"
TBC1D10C,TBC1D10C,TBC1D10C,TBC1D10C,374403,TBC1 domain family member 10C,Other / unclear,no keyword match,"tbc1 domain family member 10c | retrograde transport, endosome to golgi | retrograde transport, endosome to golgi | retrograde transport, endosome to golgi | regulation of cilium assembly | gtpase activator activity | protein binding"
CSNK2A1,CSNK2A1,CSNK2A1,CSNK2A1,1457,casein kinase 2 alpha 1,Ubiquitin–proteasome / protein degradation,proteasom,casein kinase 2 alpha 1 | double-strand break repair | double-strand break repair | protein folding | dna damage response | signal transduction | positive regulation of cell population proliferation | negative regulation of translation | peptidyl-serine phosphorylation | positive regulation of wnt signaling pathway | positive regulation of cell growth | heterochromatin formation | negative regulation of proteasomal ubiquitin-dependent protein catabolic process | regulation of protein catabolic process | positive regulation of protein catabolic process | positive regulation of dna-templated transcription | protein stabilization | regulation of cell cycle | symbiont-mediated disruption of host cell pml body | negative regulation of signal transduction by p53 class mediator | positive regulation of aggrephagy | regulation of chromosome separation | negative regulation of double-strand break repair via homologous recombination | negative regulation of apoptotic signaling pathway | negative regulation of apoptotic signaling pathway | protein kinase activity | protein serine/threonine kinase activity | protein serine/threonine kinase activity | protein serine/threonine kinase activity | protein serine/threonine kinase activity | protein serine/threonine kinase activity | protein serine/threonine kinase activity | protein binding | atp binding | kinase activity | identical protein binding | hsp90 protein binding | protein serine kinase activity | protein serine kinase activity
UGCG,UGCG,UGCG,UGCG,7357,UDP-glucose ceramide glucosyltransferase,Membrane lipid remodeling,sphingolipid,udp-glucose ceramide glucosyltransferase | protein lipidation | sphingolipid metabolic process | glucosylceramide biosynthetic process | glucosylceramide biosynthetic process | glucosylceramide biosynthetic process | glycosphingolipid biosynthetic process | epidermis development | regulation of signal transduction | regulation of signal transduction | cell differentiation | cell differentiation | keratinocyte differentiation | keratinocyte differentiation | leptin-mediated signaling pathway | leptin-mediated signaling pathway | neuron development | neuron development | establishment of skin barrier | establishment of skin barrier | intestinal lipid absorption | intestinal lipid absorption | cornified envelope assembly | cornified envelope assembly | protein binding | ceramide glucosyltransferase activity | ceramide glucosyltransferase activity | ceramide glucosyltransferase activity | ceramide glucosyltransferase activity | glycosyltransferase activity
ACTB,ACTB,ACTB,ACTB,60,actin beta,Cell polarity,cell polarity,actin beta | morphogenesis of a polarized epithelium | chromatin remodeling | chromatin remodeling | regulation of transcription by rna polymerase ii | cytoskeleton organization | microtubule nucleation | establishment or maintenance of cell polarity | axonogenesis | positive regulation of cell population proliferation | substantia nigra development | regulation of mitotic metaphase/anaphase transition | adherens junction assembly | maintenance of blood-brain barrier | regulation of apoptotic process | apical protein localization | positive regulation of t cell differentiation | negative regulation of cell differentiation | positive regulation of cell differentiation | positive regulation of myoblast differentiation | positive regulation of dna-templated transcription | cell motility | cell motility | regulation of norepinephrine uptake | regulation of norepinephrine uptake | positive regulation of norepinephrine uptake | regulation of cell cycle | regulation of g0 to g1 transition | platelet aggregation | protein localization to adherens junction | cellular response to cytochalasin b | postsynaptic actin cytoskeleton organization | regulation of transepithelial transport | regulation of synaptic vesicle endocytosis | positive regulation of stem cell population maintenance | positive regulation of double-strand break repair via homologous recombination | regulation of g1/s transition of mitotic cell cycle | regulation of double-strand break repair | positive regulation of double-strand break repair | regulation of nucleotide-excision repair | structural constituent of cytoskeleton | protein binding | atp hydrolysis activity | kinesin binding | protein kinase binding | protein kinase binding | nitric-oxide synthase regulator activity | tat protein binding | nucleosomal dna binding | identical protein binding | tau protein binding | nitric-oxide synthase binding | structural constituent of postsynaptic actin cytoskeleton | structural constituent of postsynaptic actin cytoskeleton | structural constituent of postsynaptic actin cytoskeleton | structural constituent of postsynaptic actin cytoskeleton | transporter regulator activity
HTR3C,HTR3C,HTR3C,HTR3C,170572,5-hydroxytryptamine receptor 3C,Transport — ion channels & solute carriers,ion channel,5-hydroxytryptamine receptor 3c | monoatomic ion transport | calcium ion transport | serotonin receptor signaling pathway | monoatomic ion transmembrane transport | monoatomic ion transmembrane transport | transmembrane transport | serotonin-gated cation-selective signaling pathway | serotonin-gated cation-selective signaling pathway | serotonin-gated cation-selective signaling pathway | transmembrane signaling receptor activity | monoatomic ion channel activity | extracellular ligand-gated monoatomic ion channel activity | protein binding | serotonin-gated monoatomic cation channel activity | serotonin-gated monoatomic cation channel activity | serotonin-gated monoatomic cation channel activity
PNPT1,PNPT1,PNPT1,PNPT1,87178,polyribonucleotide nucleotidyltransferase 1,Spliceosome / RNA processing (likely general),rna processing,polyribonucleotide nucleotidyltransferase 1 | mitochondrial rna catabolic process | mitochondrial rna catabolic process | mitochondrial mrna catabolic process | mitochondrial mrna catabolic process | mitochondrial mrna catabolic process | mitochondrial mrna catabolic process | positive regulation of mitochondrial rna catabolic process | mitochondrial rna 5'-end processing | mitochondrial rna 3'-end processing | mitochondrial rna 3'-end processing | rna processing | rna catabolic process | mrna catabolic process | mrna catabolic process | mitochondrion organization | mitochondrion organization | cellular response to oxidative stress | cellular response to interferon-beta | rna import into mitochondrion | rrna import into mitochondrion | regulation of cellular respiration | regulation of cellular respiration | protein homooligomerization | response to camp | response to growth hormone | positive regulation of mrna catabolic process | positive regulation of mrna catabolic process | protein homotrimerization | nuclear polyadenylation-dependent mrna catabolic process | mitochondrial mrna polyadenylation | liver regeneration | positive regulation of mirna catabolic process | regulation of cellular senescence | 3'-5'-rna exonuclease activity | 3'-5'-rna exonuclease activity | nucleic acid binding | rna binding | rna binding | polyribonucleotide nucleotidyltransferase activity | polyribonucleotide nucleotidyltransferase activity | polyribonucleotide nucleotidyltransferase activity | protein binding | poly(u) rna binding | poly(g) binding | mirna binding | identical protein binding
SMIM3,SMIM3,SMIM3,SMIM3,85027,small integral membrane protein 3,Other / unclear,no keyword match,small integral membrane protein 3 | protein binding | identical protein binding
UBE2N,UBE2N,UBE2N,UBE2N,7334,ubiquitin conjugating enzyme E2 N,Ubiquitin–proteasome / protein degradation,ubiquitin-protein transferase,ubiquitin conjugating enzyme e2 n | protein polyubiquitination | protein polyubiquitination | double-strand break repair via homologous recombination | dna double-strand break processing | regulation of dna repair | dna damage tolerance | dna damage tolerance | protein monoubiquitination | protein ubiquitination | protein ubiquitination | positive regulation of canonical nf-kappab signal transduction | proteasome-mediated ubiquitin-dependent protein catabolic process | positive regulation of dna repair | t cell receptor signaling pathway | protein k63-linked ubiquitination | protein k63-linked ubiquitination | protein k63-linked ubiquitination | protein k63-linked ubiquitination | antiviral innate immune response | positive regulation of protein k63-linked ubiquitination | positive regulation of intracellular signal transduction | negative regulation of torc1 signaling | positive regulation of double-strand break repair | rna binding | ubiquitin-protein transferase activity | ubiquitin-protein transferase activity | protein binding | ubiquitin protein ligase binding | ubiquitin binding | ubiquitin conjugating enzyme activity | ubiquitin conjugating enzyme activity | ubiquitin conjugating enzyme activity | ubiquitin conjugating enzyme activity | ubiquitin conjugating enzyme activity | ubiquitin conjugating enzyme activity | ubiquitin conjugating enzyme activity | ubiquitin-protein transferase activator activity
NOTCH2,NOTCH2,NOTCH2,NOTCH2,4853,notch receptor 2,Transcription / chromatin (likely general),transcription by rna pol,notch receptor 2 | cell fate determination | cell fate determination | heart looping | marginal zone b cell differentiation | marginal zone b cell differentiation | atrioventricular node development | pulmonary valve morphogenesis | pulmonary valve morphogenesis | regulation of dna-templated transcription | apoptotic process | apoptotic process | notch signaling pathway | notch signaling pathway | notch signaling pathway | notch signaling pathway | nervous system development | axon guidance | positive regulation of cell population proliferation | animal organ morphogenesis | negative regulation of gene expression | positive regulation of keratinocyte proliferation | hemopoiesis | hemopoiesis | cell differentiation | intracellular signal transduction | wound healing | regulation of apoptotic process | negative regulation of apoptotic process | positive regulation of osteoclast differentiation | positive regulation of transcription by rna polymerase ii | positive regulation of transcription by rna polymerase ii | positive regulation of ras protein signal transduction | positive regulation of ras protein signal transduction | bone remodeling | regulation of developmental process | positive regulation of smooth muscle cell differentiation | positive regulation of smooth muscle cell differentiation | cardiac septum morphogenesis | atrial septum morphogenesis | positive regulation of erk1 and erk2 cascade | positive regulation of erk1 and erk2 cascade | left/right axis specification | cellular response to tumor cell | cellular response to tumor cell | proximal tubule development | podocyte development | glomerular capillary formation | positive regulation of mirna transcription | positive regulation of mirna transcription | regulation of hemopoiesis | regulation of osteoclast development | transcription coactivator activity | calcium ion binding | protein binding | enzyme binding | signaling receptor activity | signaling receptor activity | nf-kappab binding
STIM1,STIM1,STIM1,STIM1,6786,stromal interaction molecule 1,Other / unclear,no keyword match,stromal interaction molecule 1 | store-operated calcium entry | store-operated calcium entry | detection of calcium ion | intracellular calcium ion homeostasis | activation of store-operated calcium channel activity | positive regulation of adenylate cyclase activity | positive regulation of angiogenesis | regulation of calcium ion transport | regulation of calcium ion transport | enamel mineralization | regulation of store-operated calcium entry | protease binding | calcium channel regulator activity | calcium channel regulator activity | calcium channel regulator activity | calcium channel regulator activity | calcium ion binding | calcium ion binding | calcium ion binding | protein binding | identical protein binding | microtubule plus-end binding
EMC2,EMC2,EMC2,EMC2,9694,ER membrane protein complex subunit 2,Membrane-protein biogenesis (ER/GET/ERAD),tail-anchored,er membrane protein complex subunit 2 | protein insertion into er membrane by stop-transfer membrane-anchor sequence | protein insertion into er membrane by stop-transfer membrane-anchor sequence | tail-anchored membrane protein insertion into er membrane | tail-anchored membrane protein insertion into er membrane | protein binding | membrane insertase activity | membrane insertase activity
USP8,USP8,USP8,USP8,9101,ubiquitin specific peptidase 8,Ubiquitin–proteasome / protein degradation,deubiquitinat,"ubiquitin specific peptidase 8 | mitotic cytokinesis | endosome organization | endosome organization | ras protein signal transduction | protein deubiquitination | protein deubiquitination | protein deubiquitination | regulation of protein stability | regulation of protein localization | protein k63-linked deubiquitination | protein k48-linked deubiquitination | cellular response to dexamethasone stimulus | positive regulation of canonical wnt signaling pathway | regulation of protein catabolic process at postsynapse, modulating synaptic transmission | negative regulation of lysosomal protein catabolic process | positive regulation of amyloid fibril formation | cellular response to nerve growth factor stimulus | cysteine-type endopeptidase activity | cysteine-type deubiquitinase activity | cysteine-type deubiquitinase activity | cysteine-type deubiquitinase activity | cysteine-type deubiquitinase activity | protein binding | cadherin binding | k63-linked deubiquitinase activity | k48-linked deubiquitinase activity"
VPS8,VPS8,VPS8,VPS8,23355,VPS8 subunit of CORVET complex,Polarized exocytosis & fusion,\bsnare\b,vps8 subunit of corvet complex | protein targeting to vacuole | endosomal vesicle fusion | endosomal vesicle fusion | endosomal vesicle fusion | regulation of snare complex assembly | protein binding | protein-membrane adaptor activity
IFI30,IFI30,IFI30,IFI30,10437,IFI30 lysosomal thiol reductase,Antigen processing & presentation (MHC-I),antigen process,"ifi30 lysosomal thiol reductase | antigen processing and presentation of exogenous peptide antigen via mhc class ii | antigen processing and presentation of exogenous peptide antigen via mhc class i | antigen processing and presentation of exogenous peptide antigen via mhc class i | protein binding | oxidoreductase activity, acting on a sulfur group of donors | oxidoreductase activity, acting on a sulfur group of donors | oxidoreductase activity, acting on a sulfur group of donors, disulfide as acceptor | oxidoreductase activity, acting on a sulfur group of donors, disulfide as acceptor"
RAB7A,RAB7A,RAB7A,RAB7A,7879,"RAB7A, member RAS oncogene family",Autophagy–secretion & DAMP,\bautophagosome\b,"rab7a, member ras oncogene family | autophagosome assembly | protein targeting to lysosome | endocytosis | epidermal growth factor catabolic process | endosome to lysosome transport | endosome to lysosome transport | response to bacterium | protein transport | viral release from host cell | protein to membrane docking | retrograde transport, endosome to golgi | cholesterol homeostasis | early endosome to late endosome transport | positive regulation of protein catabolic process | positive regulation of viral process | protein localization to lysosome | lipophagy | lysosome to er cholesterol transport | phagosome maturation | phagosome acidification | phagosome-lysosome fusion | phagosome-lysosome fusion | endosome to plasma membrane protein transport | negative regulation of exosomal secretion | positive regulation of exosomal secretion | negative regulation of intralumenal vesicle formation | gtpase activity | gtpase activity | gtpase activity | gtpase activity | g protein activity | g protein activity | protein binding | gtp binding | gtp binding | gdp binding | sterol sensor activity | retromer complex binding"
TSEN15,TSEN15,TSEN15,TSEN15,116461,tRNA splicing endonuclease subunit 15,Spliceosome / RNA processing (likely general),rna splic,"trna splicing endonuclease subunit 15 | trna-type intron splice site recognition and cleavage | trna splicing, via endonucleolytic cleavage and ligation | nucleic acid binding | protein binding"
CARD17,CARD17,CARD17,CARD17P,440068,"caspase recruitment domain family member 17, pseudogene",Cytokine / GPCR / surface receptor signaling,interleukin,"caspase recruitment domain family member 17, pseudogene | proteolysis | regulation of interleukin-1 beta production | negative regulation of interleukin-1 beta production | regulation of apoptotic process | cellular response to lipopolysaccharide | cysteine-type endopeptidase activity | protein binding | enzyme binding | identical protein binding | caspase binding"
MXD1,MXD1,MXD1,MXD1,4084,MAX dimerization protein 1,Transcription / chromatin (likely general),transcription by rna pol,"max dimerization protein 1 | negative regulation of transcription by rna polymerase ii | negative regulation of transcription by rna polymerase ii | negative regulation of transcription by rna polymerase ii | regulation of transcription by rna polymerase ii | rna polymerase ii cis-regulatory region sequence-specific dna binding | rna polymerase ii cis-regulatory region sequence-specific dna binding | dna-binding transcription factor activity, rna polymerase ii-specific | dna-binding transcription factor activity, rna polymerase ii-specific | dna-binding transcription repressor activity, rna polymerase ii-specific | protein binding | protein dimerization activity"
PRPF38B,PRPF38B,PRPF38B,PRPF38B,55119,pre-mRNA processing factor 38B,Spliceosome / RNA processing (likely general),pre-mrna,pre-mrna processing factor 38b | rna binding
NUDT5,NUDT5,NUDT5,NUDT5,11164,nudix hydrolase 5,Transcription / chromatin (likely general),chromatin,nudix hydrolase 5 | chromatin remodeling | nucleoside phosphate metabolic process | nucleotide metabolic process | ribonucleoside diphosphate catabolic process | ribonucleoside diphosphate catabolic process | d-ribose catabolic process | d-ribose catabolic process | ribose phosphate metabolic process | nucleobase-containing small molecule metabolic process | atp generation from poly-adp-d-ribose | magnesium ion binding | protein binding | nucleotidyltransferase activity | hydrolase activity | nucleoside diphosphate phosphatase activity | adp-sugar pyrophosphatase activity | snorna binding | snorna binding | identical protein binding | protein homodimerization activity | 8-oxo-dgdp phosphatase activity | 8-oxo-dgdp phosphatase activity | 8-oxo-dgdp phosphatase activity | adp-ribose diphosphatase activity | adp-ribose diphosphatase activity | adp-ribose diphosphatase activity | adp-ribose diphosphatase activity | 5'-(n(7)-methylguanosine 5'-triphospho)-[mrna] hydrolase activity
TSEN2,TSEN2,TSEN2,TSEN2,80746,tRNA splicing endonuclease subunit 2,Spliceosome / RNA processing (likely general),rna splic,"trna splicing endonuclease subunit 2 | trna-type intron splice site recognition and cleavage | trna-type intron splice site recognition and cleavage | trna splicing, via endonucleolytic cleavage and ligation | trna splicing, via endonucleolytic cleavage and ligation | trna processing | trna-intron lyase activity | trna-intron lyase activity | nucleic acid binding | protein binding"
ZNF71,ZNF71,ZNF71,ZNF71,58491,zinc finger protein 71,Transcription / chromatin (likely general),transcription by rna pol,"zinc finger protein 71 | regulation of transcription by rna polymerase ii | positive regulation of transcription by rna polymerase ii | rna polymerase ii cis-regulatory region sequence-specific dna binding | dna-binding transcription activator activity, rna polymerase ii-specific | protein binding"
SLC2A8,SLC2A8,SLC2A8,SLC2A8,29988,solute carrier family 2 member 8,Transport — ion channels & solute carriers,solute carrier,solute carrier family 2 member 8 | carbohydrate metabolic process | male meiosis i | hexose transmembrane transport | fructose transmembrane transport | fructose transmembrane transport | transmembrane transport | dehydroascorbic acid transport | dehydroascorbic acid transport | d-glucose transmembrane transport | d-glucose transmembrane transport | d-glucose transmembrane transport | fructose transmembrane transporter activity | fructose transmembrane transporter activity | d-glucose binding | transmembrane transporter activity | dehydroascorbic acid transmembrane transporter activity | dehydroascorbic acid transmembrane transporter activity | d-glucose transmembrane transporter activity | d-glucose transmembrane transporter activity | d-glucose transmembrane transporter activity | d-glucose transmembrane transporter activity
TSEN54,TSEN54,TSEN54,TSEN54,283989,tRNA splicing endonuclease subunit 54,Spliceosome / RNA processing (likely general),rna splic,"trna splicing endonuclease subunit 54 | trna-type intron splice site recognition and cleavage | trna-type intron splice site recognition and cleavage | trna splicing, via endonucleolytic cleavage and ligation | protein binding"
ACTA1,ACTA1,ACTA1,ACTA1,58,"actin alpha 1, skeletal muscle",Other / unclear,no keyword match,"actin alpha 1, skeletal muscle | muscle contraction | positive regulation of gene expression | skeletal muscle thin filament assembly | skeletal muscle thin filament assembly | skeletal muscle fiber development | skeletal muscle fiber development | mesenchyme migration | structural constituent of cytoskeleton | structural constituent of cytoskeleton | protein binding | atp binding | atp hydrolysis activity | myosin binding | adp binding"
SRF,SRF,SRF,SRF,6722,serum response factor,Actin & Rho signaling,actin cytoskeleton organization,"serum response factor | response to hypoxia | in utero embryonic development | trophectodermal cell differentiation | heart looping | cell migration involved in sprouting angiogenesis | cell migration involved in sprouting angiogenesis | heart development | long-term memory | negative regulation of cell population proliferation | response to toxic substance | response to hormone | actin cytoskeleton organization | actin cytoskeleton organization | negative regulation of cell migration | response to cytokine | response to cytokine | wound healing | positive regulation of cell differentiation | positive regulation of dna-templated transcription | positive regulation of transcription by rna polymerase ii | positive regulation of transcription by rna polymerase ii | positive regulation of transcription by rna polymerase ii | positive regulation of transcription by rna polymerase ii | positive regulation of transcription by rna polymerase ii | positive regulation of transcription by rna polymerase ii | positive regulation of smooth muscle contraction | positive regulation of transcription by glucose | muscle cell cellular homeostasis | neuron development | regulation of smooth muscle cell differentiation | angiogenesis involved in wound healing | positive regulation of transcription initiation by rna polymerase ii | cardiac muscle cell myoblast differentiation | cardiac muscle cell myoblast differentiation | cellular response to glucose stimulus | cellular senescence | negative regulation of amyloid-beta clearance | negative regulation of mirna transcription | negative regulation of mirna transcription | positive regulation of mirna transcription | positive regulation of mirna transcription | positive regulation of mirna transcription | rna polymerase ii cis-regulatory region sequence-specific dna binding | rna polymerase ii cis-regulatory region sequence-specific dna binding | rna polymerase ii cis-regulatory region sequence-specific dna binding | dna-binding transcription factor activity, rna polymerase ii-specific | dna-binding transcription factor activity, rna polymerase ii-specific | cis-regulatory region sequence-specific dna binding | dna-binding transcription activator activity, rna polymerase ii-specific | dna-binding transcription activator activity, rna polymerase ii-specific | dna-binding transcription activator activity, rna polymerase ii-specific | dna-binding transcription activator activity, rna polymerase ii-specific | dna binding | chromatin binding | dna-binding transcription factor activity | dna-binding transcription factor activity | dna-binding transcription factor activity | protein binding | serum response element binding | serum response element binding | serum response element binding | chromatin dna binding | protein homodimerization activity | histone deacetylase binding | sequence-specific dna binding | protein dimerization activity | rna polymerase ii-specific dna-binding transcription factor binding | primary mirna binding | primary mirna binding | dna-binding transcription factor binding | sequence-specific double-stranded dna binding"
ATP6V1C1,ATP6V1C1,ATP6V1C1,ATP6V1C1,528,ATPase H+ transporting V1 subunit C1,Polarized exocytosis & fusion,synaptic vesicle,"atpase h+ transporting v1 subunit c1 | regulation of macroautophagy | synaptic vesicle lumen acidification | proton transmembrane transport | proton transmembrane transport | protein binding | proton transmembrane transporter activity | proton transmembrane transporter activity | proton-transporting atpase activity, rotational mechanism | proton-transporting atpase activity, rotational mechanism | proton-transporting atpase activity, rotational mechanism"
TCERG1,TCERG1,TCERG1,TCERG1,10915,transcription elongation regulator 1,Spliceosome / RNA processing (likely general),rna splic,transcription elongation regulator 1 | negative regulation of transcription by rna polymerase ii | mrna processing | rna splicing | positive regulation of transcription elongation by rna polymerase ii | negative regulation of transcription elongation by rna polymerase ii | positive regulation of transcription by rna polymerase ii | transcription elongation factor activity | transcription coregulator activity | transcription coactivator activity | transcription corepressor activity | rna binding | protein binding | identical protein binding | ubiquitin-like protein conjugating enzyme binding | rna polymerase ii-specific dna-binding transcription factor binding | rna polymerase binding | rna polymerase binding | rna polymerase binding
XPOT,XPOT,XPOT,XPOT,11260,exportin for tRNA,Other / unclear,no keyword match,exportin for trna | trna export from nucleus | trna export from nucleus | intracellular protein transport | nucleocytoplasmic transport | trna re-export from nucleus | trna re-export from nucleus | trna binding | trna binding | trna binding | protein binding | small gtpase binding
RCOR3,RCOR3,RCOR3,RCOR3,55758,REST corepressor 3,Transcription / chromatin (likely general),transcription by rna pol,rest corepressor 3 | regulation of transcription by rna polymerase ii | negative regulation of dna-templated transcription | negative regulation of dna-templated transcription | transcription corepressor activity | protein binding
IPO11,IPO11,IPO11,IPO11,51194,importin 11,Other / unclear,no keyword match,importin 11 | protein import into nucleus | intracellular protein transport | import into nucleus | protein binding | small gtpase binding | nuclear import signal receptor activity
SARM1,SARM1,SARM1,SARM1,23098,sterile alpha and TIR motif containing 1,Other / unclear,no keyword match,"sterile alpha and tir motif containing 1 | signal transduction | nad+ catabolic process | nad+ catabolic process | negative regulation of myd88-independent toll-like receptor signaling pathway | positive regulation of programmed cell death | response to axon injury | response to axon injury | regulation of dendrite morphogenesis | regulation of dendrite morphogenesis | nervous system process | protein localization to mitochondrion | protein localization to mitochondrion | modification of postsynaptic structure | regulation of synapse pruning | double-stranded dna binding | nad+ nucleosidase activity | nad+ nucleosidase activity | protein binding | signaling adaptor activity | identical protein binding | nadp+ nucleosidase activity | nadp+ nucleosidase activity | nad+ nucleosidase activity, cyclic adp-ribose generating | nad+ nucleosidase activity, cyclic adp-ribose generating"
TMEM199,TMEM199,TMEM199,VMA12,147007,vacuolar ATPase assembly factor VMA12,Other / unclear,no keyword match,vacuolar atpase assembly factor vma12 | intracellular iron ion homeostasis | lysosomal lumen acidification | cellular response to increased oxygen levels | vacuolar proton-transporting v-type atpase complex assembly | lysosomal protein catabolic process | protein binding | oxysterol binding | oxysterol binding
C17orf49,C17orf49,C17orf49,BACC1,124944,BPTF associated chromatin complex component 1,Transcription / chromatin (likely general),chromatin,bptf associated chromatin complex component 1 | protein binding | identical protein binding
TEX22,TEX22,TEX22,TEX22,647310,testis expressed 22,Other / unclear,no keyword match,testis expressed 22
OTUD7B,OTUD7B,OTUD7B,OTUD7B,56957,OTU deubiquitinase 7B,Ubiquitin–proteasome / protein degradation,deubiquitinat,otu deubiquitinase 7b | negative regulation of transcription by rna polymerase ii | negative regulation of transcription by rna polymerase ii | mucosal immune response | mucosal immune response | protein deubiquitination | negative regulation of interleukin-8 production | protein k11-linked deubiquitination | protein k11-linked deubiquitination | negative regulation of canonical nf-kappab signal transduction | negative regulation of canonical nf-kappab signal transduction | negative regulation of canonical nf-kappab signal transduction | protein k63-linked deubiquitination | protein k48-linked deubiquitination | protein k48-linked deubiquitination | protein k48-linked deubiquitination | protein deubiquitination involved in ubiquitin-dependent protein catabolic process | negative regulation of protein localization to nucleus | negative regulation of torc1 signaling | positive regulation of torc2 signaling | dna binding | cysteine-type deubiquitinase activity | cysteine-type deubiquitinase activity | cysteine-type deubiquitinase activity | cysteine-type deubiquitinase activity | cysteine-type deubiquitinase activity | protein binding | cysteine-type peptidase activity | cysteine-type peptidase activity | zinc ion binding | k63-linked polyubiquitin modification-dependent protein binding | k63-linked polyubiquitin modification-dependent protein binding | k48-linked deubiquitinase activity | k48-linked deubiquitinase activity
ATP6AP1,ATP6AP1,ATP6AP1,ATP6AP1,537,ATPase H+ transporting accessory protein 1,Polarized exocytosis & fusion,synaptic vesicle,atpase h+ transporting accessory protein 1 | intracellular iron ion homeostasis | vacuolar acidification | lysosomal lumen acidification | osteoclast development | osteoclast development | cellular response to increased oxygen levels | endosomal lumen acidification | intracellular ph reduction | regulation of intracellular ph | golgi lumen acidification | cellular response to amino acid stimulus | synaptic vesicle lumen acidification | endosome to plasma membrane protein transport | endosome to plasma membrane protein transport | proton transmembrane transport | positive regulation of torc1 signaling | positive regulation of torc1 signaling | positive regulation of torc1 signaling | protein binding | small gtpase binding | small gtpase binding | molecular function activator activity | guanyl nucleotide exchange factor activator activity
SMARCA4,SMARCA4,SMARCA4,SMARCA4,6597,SWI/SNF related BAF chromatin remodeling complex subunit ATPase 4,Cytokine / GPCR / surface receptor signaling,wnt signal,"swi/snf related baf chromatin remodeling complex subunit atpase 4 | negative regulation of transcription by rna polymerase ii | rna polymerase i preinitiation complex assembly | neural retina development | chromatin remodeling | chromatin remodeling | chromatin remodeling | chromatin remodeling | chromatin remodeling | chromatin remodeling | regulation of dna-templated transcription | regulation of transcription by rna polymerase ii | nervous system development | positive regulation of cell population proliferation | regulation of mitotic metaphase/anaphase transition | positive regulation of wnt signaling pathway | positive regulation of wnt signaling pathway | negative regulation of cell growth | negative regulation of cell growth | heterochromatin formation | host-mediated activation of viral transcription | positive regulation of t cell differentiation | negative regulation of cell differentiation | positive regulation of cell differentiation | positive regulation of myoblast differentiation | transcription initiation-coupled chromatin remodeling | transcription initiation-coupled chromatin remodeling | negative regulation of dna-templated transcription | negative regulation of dna-templated transcription | positive regulation of dna-templated transcription | positive regulation of transcription by rna polymerase ii | positive regulation of transcription by rna polymerase ii | positive regulation of transcription by rna polymerase ii | positive regulation of transcription by rna polymerase ii | negative regulation of androgen receptor signaling pathway | regulation of g0 to g1 transition | positive regulation of cold-induced thermogenesis | positive regulation of cold-induced thermogenesis | positive regulation of signal transduction by p53 class mediator | positive regulation of transcription of nucleolar large rrna by rna polymerase i | positive regulation of stem cell population maintenance | positive regulation of glucose mediated signaling pathway | positive regulation of mirna transcription | regulation of g1/s transition of mitotic cell cycle | positive regulation of double-strand break repair | regulation of nucleotide-excision repair | rna polymerase ii transcription regulatory region sequence-specific dna binding | rna polymerase ii cis-regulatory region sequence-specific dna binding | rna polymerase i core promoter sequence-specific dna binding | transcription coregulator binding | p53 binding | dna binding | chromatin binding | chromatin binding | transcription coactivator activity | transcription coactivator activity | transcription coactivator activity | transcription coactivator activity | transcription corepressor activity | helicase activity | helicase activity | protein binding | atp binding | atp-dependent activity, acting on dna | atp-dependent activity, acting on dna | atp hydrolysis activity | atp hydrolysis activity | tat protein binding | nucleosomal dna binding | histone binding | identical protein binding | nuclear androgen receptor binding | dna polymerase binding | dna polymerase binding | lncrna binding | atp-dependent chromatin remodeler activity | atp-dependent chromatin remodeler activity | atp-dependent chromatin remodeler activity | nucleosome array spacer activity"
ATP6AP2,ATP6AP2,ATP6AP2,ATP6AP2,10159,ATPase H+ transporting accessory protein 2,Polarized exocytosis & fusion,synaptic vesicle,atpase h+ transporting accessory protein 2 | angiotensin maturation | vacuolar acidification | lysosomal lumen acidification | lysosomal lumen acidification | central nervous system maturation | central nervous system maturation | rostrocaudal neural tube patterning | positive regulation of wnt signaling pathway | positive regulation of wnt signaling pathway | positive regulation of wnt signaling pathway | positive regulation of transforming growth factor beta1 production | regulation of mapk cascade | eye pigmentation | endosomal lumen acidification | intracellular ph reduction | head morphogenesis | golgi lumen acidification | positive regulation of canonical wnt signaling pathway | synaptic vesicle lumen acidification | proton transmembrane transport | protein binding | signaling receptor activity
ATP6V1G1,ATP6V1G1,ATP6V1G1,ATP6V1G1,9550,ATPase H+ transporting V1 subunit G1,Polarized exocytosis & fusion,synaptic vesicle,"atpase h+ transporting v1 subunit g1 | intracellular iron ion homeostasis | regulation of macroautophagy | cellular response to increased oxygen levels | synaptic vesicle lumen acidification | synaptic vesicle lumen acidification | proton transmembrane transport | protein binding | proton transmembrane transporter activity | proton-transporting atpase activity, rotational mechanism | atpase binding | atpase binding"
VPS36,VPS36,VPS36,VPS36,51028,vacuolar protein sorting 36 homolog,Ubiquitin–proteasome / protein degradation,ubiquitin-dependent protein catab,vacuolar protein sorting 36 homolog | macroautophagy | endosome transport via multivesicular body sorting pathway | multivesicular body assembly | multivesicular body assembly | protein transport to vacuole involved in ubiquitin-dependent protein catabolic process via the multivesicular body sorting pathway | protein transport to vacuole involved in ubiquitin-dependent protein catabolic process via the multivesicular body sorting pathway | membrane fission | protein binding | phosphatidylinositol-3-phosphate binding | ubiquitin binding | ubiquitin binding | ubiquitin binding
ANO8,ANO8,ANO8,ANO8,57719,anoctamin 8,Other / unclear,no keyword match,anoctamin 8 | monoatomic ion transmembrane transport | chloride transmembrane transport | intracellularly calcium-gated chloride channel activity | intracellularly calcium-gated chloride channel activity | chloride channel activity
EMC7,EMC7,EMC7,EMC7,56851,ER membrane protein complex subunit 7,Membrane-protein biogenesis (ER/GET/ERAD),tail-anchored,er membrane protein complex subunit 7 | protein insertion into er membrane by stop-transfer membrane-anchor sequence | protein insertion into er membrane by stop-transfer membrane-anchor sequence | tail-anchored membrane protein insertion into er membrane | protein binding | carbohydrate binding | membrane insertase activity
MXRA8,MXRA8,MXRA8,MXRA8,54587,matrix remodeling associated 8,Other / unclear,no keyword match,matrix remodeling associated 8 | cell adhesion | cell differentiation | establishment of glial blood-brain barrier | establishment of glial blood-brain barrier | protein binding
CDS2,CDS2,CDS2,CDS2,8760,CDP-diacylglycerol synthase 2,Other / unclear,no keyword match,"cdp-diacylglycerol synthase 2 | phosphatidylglycerol biosynthetic process | cdp-diacylglycerol biosynthetic process | cdp-diacylglycerol biosynthetic process | cdp-diacylglycerol biosynthetic process | lipid droplet formation | lipid droplet formation | lipid droplet formation | phosphatidate cytidylyltransferase activity | phosphatidate cytidylyltransferase activity | phosphatidate cytidylyltransferase activity | phosphatidate cytidylyltransferase activity | phosphatidate cytidylyltransferase activity | protein binding | transferase activity, transferring phosphorus-containing groups"
SLC35A3,SLC35A3,SLC35A3,SLC35A3,23443,solute carrier family 35 member A3,Transport — ion channels & solute carriers,solute carrier,solute carrier family 35 member a3 | udp-n-acetylglucosamine metabolic process | organophosphate ester transport | nucleobase-containing compound transport | transmembrane transport | udp-galactose transmembrane transport | pyrimidine nucleotide-sugar transmembrane transport | udp-n-acetylglucosamine transmembrane transport | udp-n-acetylglucosamine transmembrane transport | udp-n-acetylglucosamine transmembrane transport | udp-galactose transmembrane transporter activity | udp-galactose transmembrane transporter activity | udp-n-acetylglucosamine transmembrane transporter activity | protein binding | pyrimidine nucleotide-sugar transmembrane transporter activity
ATP6V1F,ATP6V1F,ATP6V1F,ATP6V1F,9296,ATPase H+ transporting V1 subunit F,Polarized exocytosis & fusion,synaptic vesicle,"atpase h+ transporting v1 subunit f | vacuolar acidification | lysosomal lumen acidification | monoatomic ion transmembrane transport | endosomal lumen acidification | intracellular ph reduction | golgi lumen acidification | synaptic vesicle lumen acidification | proton transmembrane transport | proton transmembrane transport | protein binding | proton transmembrane transporter activity | proton transmembrane transporter activity | atpase-coupled ion transmembrane transporter activity | proton-transporting atpase activity, rotational mechanism"
ATP6V1H,ATP6V1H,ATP6V1H,ATP6V1H,51606,ATPase H+ transporting V1 subunit H,Polarized exocytosis & fusion,synaptic vesicle,"atpase h+ transporting v1 subunit h | endocytosis | vacuolar acidification | lysosomal lumen acidification | lysosomal lumen acidification | regulation of macroautophagy | endosomal lumen acidification | intracellular ph reduction | golgi lumen acidification | synaptic vesicle lumen acidification | proton transmembrane transport | proton transmembrane transport | protein binding | atp hydrolysis activity | enzyme regulator activity | proton-transporting atpase activity, rotational mechanism"
ZNF559,ZNF559,ZNF559,ZNF559,84527,zinc finger protein 559,Transcription / chromatin (likely general),transcription by rna pol,"zinc finger protein 559 | regulation of dna-templated transcription | regulation of transcription by rna polymerase ii | rna polymerase ii transcription regulatory region sequence-specific dna binding | dna-binding transcription factor activity, rna polymerase ii-specific | protein binding"
ZPR1,ZPR1,ZPR1,ZPR1,8882,ZPR1 zinc finger,Spliceosome / RNA processing (likely general),pre-mrna,zpr1 zinc finger | microtubule cytoskeleton organization | microtubule cytoskeleton organization | inner cell mass cell proliferation | trophectodermal cell proliferation | trophectodermal cell proliferation | dna replication | dna replication | protein folding | protein folding | signal transduction | positive regulation of gene expression | positive regulation of gene expression | spinal cord development | spinal cord development | cajal body organization | cajal body organization | regulation of myelination | regulation of myelination | positive regulation of rna splicing | dna endoreduplication | dna endoreduplication | positive regulation of protein import into nucleus | positive regulation of protein import into nucleus | positive regulation of cell cycle | positive regulation of growth | positive regulation of growth | axon development | axon development | axon development | cellular response to epidermal growth factor stimulus | apoptotic process involved in development | apoptotic process involved in development | pre-mrna catabolic process | negative regulation of motor neuron apoptotic process | negative regulation of motor neuron apoptotic process | protein binding | zinc ion binding | receptor tyrosine kinase binding | translation initiation factor binding | translation initiation factor binding | protein folding chaperone | translation elongation factor binding
DICER1,DICER1,DICER1,DICER1,23405,"dicer 1, ribonuclease III",Spliceosome / RNA processing (likely general),rna processing,"dicer 1, ribonuclease iii | negative regulation of transcription by rna polymerase ii | apoptotic dna fragmentation | rna processing | mirna metabolic process | negative regulation of schwann cell proliferation | negative regulation of gene expression | negative regulation of gene expression | negative regulation of tumor necrosis factor-mediated signaling pathway | positive regulation of schwann cell differentiation | trna decay | post-transcriptional gene silencing | nerve development | sirna processing | sirna processing | sirna processing | sirna processing | sirna processing | pre-mirna processing | pre-mirna processing | pre-mirna processing | positive regulation of myelination | peripheral nervous system myelin formation | negative regulation of tumor necrosis factor production | mirna processing | mirna processing | mirna processing | neuron projection morphogenesis | regulation of multicellular organismal process | risc complex assembly | global gene silencing by mrna cleavage | nucleic acid binding | rna binding | rna binding | double-stranded rna binding | double-stranded rna binding | rna endonuclease activity | rna endonuclease activity | rna endonuclease activity | ribonuclease iii activity | ribonuclease iii activity | ribonuclease iii activity | ribonuclease iii activity | ribonuclease iii activity | deoxyribonuclease i activity | protein binding | atp binding | rna endonuclease activity producing 5'-phosphomonoesters, hydrolytic mechanism | protein domain specific binding | sirna binding | regulatory rna binding | pre-mirna binding | pre-mirna binding"
RELL2,RELL2,RELL2,RELL2,285613,RELT like 2,Cytokine / GPCR / surface receptor signaling,mapk cascade,relt like 2 | positive regulation of cell-substrate adhesion | positive regulation of p38mapk cascade | positive regulation of p38mapk cascade | positive regulation of p38mapk cascade | protein binding | collagen binding
VMA21,VMA21,VMA21,VMA21,203547,vacuolar ATPase assembly factor VMA21,Other / unclear,no keyword match,vacuolar atpase assembly factor vma21 | lysosomal lumen acidification | vacuolar proton-transporting v-type atpase complex assembly | vacuolar proton-transporting v-type atpase complex assembly | vacuolar proton-transporting v-type atpase complex assembly | protein binding
APOBEC2,APOBEC2,APOBEC2,APOBEC2,10930,apolipoprotein B mRNA editing enzyme catalytic subunit 2,Other / unclear,no keyword match,apolipoprotein b mrna editing enzyme catalytic subunit 2 | cytidine to uridine editing | cytidine to uridine editing | cytidine to uridine editing | positive regulation of gene expression via chromosomal cpg island demethylation | rna binding | rna binding | cytidine deaminase activity | cytidine deaminase activity | cytidine deaminase activity | cytidine deaminase activity | identical protein binding
PGAM5,PGAM5,PGAM5,PGAM5,192111,"PGAM family member 5, mitochondrial serine/threonine protein phosphatase",Autophagy–secretion & DAMP,macroautophagy,"pgam family member 5, mitochondrial serine/threonine protein phosphatase | macroautophagy | necroptotic process | positive regulation of mitochondrial fission | negative regulation of cold-induced thermogenesis | negative regulation of cold-induced thermogenesis | protein serine/threonine phosphatase activity | protein serine/threonine phosphatase activity | protein serine/threonine phosphatase activity | protein serine/threonine phosphatase activity | protein binding"
ASCC3,ASCC3,ASCC3,ASCC3,10973,activating signal cointegrator 1 complex subunit 3,Ubiquitin–proteasome / protein degradation,ubiquitin-dependent protein catab,activating signal cointegrator 1 complex subunit 3 | dna replication | dna alkylation repair | dna alkylation repair | ribosome disassembly | ribosome disassembly | rescue of stalled cytosolic ribosome | rescue of stalled cytosolic ribosome | rescue of stalled cytosolic ribosome | ribosome-associated ubiquitin-dependent protein catabolic process | ribosome-associated ubiquitin-dependent protein catabolic process | nucleic acid binding | rna binding | rna binding | helicase activity | protein binding | atp binding | atp hydrolysis activity | atp hydrolysis activity | atp hydrolysis activity | 3'-5' dna helicase activity | 3'-5' dna helicase activity | 3'-5' dna helicase activity
DGCR8,DGCR8,DGCR8,DGCR8,54487,DGCR8 microprocessor complex subunit,Spliceosome / RNA processing (likely general),rna processing,dgcr8 microprocessor complex subunit | dna damage response | primary mirna processing | primary mirna processing | primary mirna processing | primary mirna processing | positive regulation of pre-mirna processing | rna binding | double-stranded rna binding | double-stranded rna binding | protein binding | heme binding | heme binding | protein-macromolecule adaptor activity | identical protein binding | identical protein binding | protein homodimerization activity | primary mirna binding | primary mirna binding | primary mirna binding | protein-rna adaptor activity
TPT1,TPT1,TPT1,TPT1,7178,"tumor protein, translationally-controlled 1",Other / unclear,no keyword match,"tumor protein, translationally-controlled 1 | calcium ion transport | intracellular calcium ion homeostasis | response to virus | negative regulation of autophagy | regulation of apoptotic process | negative regulation of apoptotic process | negative regulation of intrinsic apoptotic signaling pathway in response to dna damage | negative regulation of apoptotic signaling pathway | rna binding | calcium ion binding | calcium ion binding | protein binding"
ARPC4,ARPC4,ARPC4,ARPC4,10093,actin related protein 2/3 complex subunit 4,Actin & Rho signaling,actin filament,actin related protein 2/3 complex subunit 4 | actin filament polymerization | arp2/3 complex-mediated actin nucleation | arp2/3 complex-mediated actin nucleation | arp2/3 complex-mediated actin nucleation | actin nucleation | structural constituent of cytoskeleton | protein binding | enzyme binding | protein-macromolecule adaptor activity | actin filament binding | actin filament binding
AGO3,AGO3,AGO3,AGO3,192669,argonaute RISC catalytic component 3,Spliceosome / RNA processing (likely general),rna processing,"argonaute risc catalytic component 3 | mrna catabolic process | positive regulation of gene expression | regulatory ncrna-mediated gene silencing | pre-mirna processing | pre-mirna processing | pre-mirna processing | regulatory ncrna-mediated post-transcriptional gene silencing | mirna processing | mirna processing | mirna-mediated gene silencing by inhibition of translation | mirna-mediated gene silencing by inhibition of translation | mirna-mediated gene silencing by mrna destabilization | mirna-mediated gene silencing by mrna destabilization | risc complex assembly | risc complex assembly | regulation of stem cell proliferation | regulation of stem cell proliferation | sirna-mediated gene silencing by mrna destabilization | positive regulation of non-canonical nf-kappab signal transduction | nucleic acid binding | rna binding | rna binding | double-stranded rna binding | double-stranded rna binding | single-stranded rna binding | single-stranded rna binding | single-stranded rna binding | rna endonuclease activity | rna endonuclease activity | protein binding | mirna binding | mirna binding | mirna binding | endoribonuclease activity, cleaving mirna-paired mrna"
LARS,LARS,LARS,LARS1,51520,leucyl-tRNA synthetase 1,Other / unclear,no keyword match,leucyl-trna synthetase 1 | trna aminoacylation for protein translation | trna aminoacylation for protein translation | trna aminoacylation for protein translation | glutaminyl-trna aminoacylation | leucyl-trna aminoacylation | leucyl-trna aminoacylation | leucyl-trna aminoacylation | cellular response to amino acid starvation | cellular response to amino acid stimulus | cellular response to l-leucine | aminoacyl-trna metabolism involved in translational fidelity | positive regulation of torc1 signaling | cellular response to leucine starvation | nucleotide binding | aminoacyl-trna deacylase activity | aminoacyl-trna deacylase activity | aminoacyl-trna ligase activity | glutamine-trna ligase activity | leucine-trna ligase activity | leucine-trna ligase activity | leucine-trna ligase activity | leucine-trna ligase activity | gtpase activator activity | protein binding | atp binding
WDR7,WDR7,WDR7,WDR7,23335,WD repeat domain 7,Other / unclear,no keyword match,wd repeat domain 7 | vacuolar acidification
SMARCC1,SMARCC1,SMARCC1,SMARCC1,6599,SWI/SNF related BAF chromatin remodeling complex subunit C1,Transcription / chromatin (likely general),transcription by rna pol,swi/snf related baf chromatin remodeling complex subunit c1 | nucleosome disassembly | chromatin remodeling | chromatin remodeling | chromatin remodeling | regulation of dna-templated transcription | regulation of transcription by rna polymerase ii | positive regulation of cell population proliferation | regulation of mitotic metaphase/anaphase transition | prostate gland development | positive regulation of t cell differentiation | negative regulation of cell differentiation | positive regulation of cell differentiation | positive regulation of myoblast differentiation | positive regulation of dna-templated transcription | positive regulation of dna-templated transcription | regulation of g0 to g1 transition | positive regulation of stem cell population maintenance | regulation of g1/s transition of mitotic cell cycle | positive regulation of double-strand break repair | regulation of nucleotide-excision repair | chromatin binding | transcription coactivator activity | protein binding | nucleosomal dna binding | histone binding | atp-dependent chromatin remodeler activity
SMARCE1,SMARCE1,SMARCE1,SMARCE1,6605,SWI/SNF related BAF chromatin remodeling complex subunit E1,Transcription / chromatin (likely general),transcription by rna pol,swi/snf related baf chromatin remodeling complex subunit e1 | nucleosome disassembly | chromatin remodeling | chromatin remodeling | chromatin remodeling | regulation of transcription by rna polymerase ii | regulation of transcription by rna polymerase ii | regulation of mitotic metaphase/anaphase transition | positive regulation of t cell differentiation | positive regulation of cell differentiation | positive regulation of myoblast differentiation | negative regulation of dna-templated transcription | negative regulation of dna-templated transcription | positive regulation of dna-templated transcription | regulation of g0 to g1 transition | positive regulation of stem cell population maintenance | regulation of g1/s transition of mitotic cell cycle | positive regulation of double-strand break repair | regulation of nucleotide-excision repair | chromatin binding | transcription coactivator activity | transcription coactivator activity | rna binding | protein binding | n-acetyltransferase activity | nuclear receptor binding | nuclear receptor binding | nucleosomal dna binding | atp-dependent chromatin remodeler activity
