CellBC,t_cell_type,unique_dcbc,total_dcbc_umi
AAACCAAAGAACGCGA-1,C57BL6,0,0
AAACCAAAGAGGCACA-1,OTI,1,32
AAACCAAAGGGAGAGG-1,OTI,4,76
AAACCAGCAAGGTTAG-1,C57BL6,0,0
AAACCAGCACCGTCAA-1,OTI,2,29
AAACCAGCAGCAACGG-1,C57BL6,0,0
AAACCAGCAGCTCAAT-1,OTI,2,111
AAACCAGCAGTGGCAG-1,OTI,3,16
AAACCAGCAGTTGGGG-1,OTI,2,5
AAACCATTCATATGGT-1,OTI,2,26
AAACCATTCCCGAAAC-1,C57BL6,0,0
AAACCATTCCCTGAAA-1,OTI,0,0
AAACCATTCCCTTCCT-1,C57BL6,1,5
AAACCATTCGGTTTAG-1,OTI,1,4
AAACCCATCATGGACC-1,OTI,1,1
AAACCCATCCACTCCA-1,C57BL6,1,3
AAACCCATCCGATACA-1,C57BL6,0,0
AAACCCATCCTGACAA-1,C57BL6,0,0
AAACCCATCGGGTTCG-1,OTI,2,38
AAACCCATCGTGGGTT-1,OTI,2,102
AAACCCATCGTTGCTT-1,C57BL6,0,0
AAACCCCAGAAGCTAA-1,OTI,2,55
AAACCCCAGACAATTC-1,OTI,2,77
AAACCCCAGCAACAGG-1,OTI,4,88
AAACCCCAGCATCACA-1,OTI,4,184
AAACCCCAGCGTAACC-1,C57BL6,0,0
AAACCCCAGGCATCGT-1,OTI,6,168
AAACCGACAACTAATT-1,OTI,4,89
AAACCGACAAGACGAC-1,OTI,3,41
AAACCGACACCACCAA-1,OTI,3,21
AAACCGACAGCTTCAG-1,OTI,6,640
AAACCGACAGTCCTAG-1,OTI,3,311
AAACCGACAGTGTAAG-1,OTI,3,38
AAACCGACAGTTGAAG-1,OTI,5,33
AAACCGCTCAGTACTG-1,OTI,4,85
AAACCGCTCATTGCTC-1,OTI,4,108
AAACCGCTCCTGGTCC-1,OTI,12,872
AAACCGCTCGGAATGG-1,OTI,1,4
AAACCGCTCGGGTTAC-1,OTI,0,0
AAACCGGAGAACTGAA-1,OTI,2,37
AAACCGGAGAGTCGTC-1,OTI,4,60
AAACCGGAGAGTTAGA-1,OTI,2,322
AAACCGGAGATCACAT-1,OTI,4,51
AAACCGGAGCCGCGTA-1,OTI,1,35
AAACCGGAGCTACGAC-1,OTI,1,7
AAACCGTGTAACATTG-1,OTI,5,88
AAACCGTGTAACTTTC-1,C57BL6,0,0
AAACCGTGTACTCATT-1,OTI,3,70
AAACCGTGTATAAGCC-1,OTI,1,22
AAACCGTGTATACTAG-1,OTI,0,0
AAACCGTGTCGAGTGC-1,OTI,2,79
AAACCGTGTCGCACCC-1,C57BL6,0,0
AAACCGTGTGCGCCTC-1,C57BL6,0,0
AAACCGTGTGTCCGGG-1,OTI,3,31
AAACCGTGTGTTCGCT-1,OTI,3,123
AAACCTCCAACATTAT-1,OTI,0,0
AAACCTCCAATACCCG-1,C57BL6,1,5
AAACCTCCACAATTAT-1,C57BL6,1,3
AAACCTCCACTCCTAC-1,OTI,2,2
AAACCTCCAGCGAATA-1,OTI,0,0
AAACCTCCAGTAAAGT-1,OTI,3,74
AAACCTGTCAAGCCGT-1,OTI,4,281
AAACCTGTCAGTTGTG-1,OTI,1,3
AAACCTGTCAGTTTAA-1,OTI,0,0
AAACCTGTCATCGCCC-1,C57BL6,2,16
AAACCTGTCCGCTACC-1,C57BL6,1,13
AAACCTGTCCTGCACC-1,C57BL6,0,0
AAACCTGTCGCGTCGA-1,C57BL6,1,4
AAACCTGTCGTTGCTT-1,OTI,2,5
AAACCTGTCGTTGGGT-1,OTI,7,113
AAACCTGTCGTTGTCT-1,C57BL6,4,43
AAACGATCAAAGGAGG-1,OTI,1,19
AAACGATCAACATCAC-1,OTI,2,8
AAACGATCAAGTACGA-1,C57BL6,3,3
AAACGATCACACTGCA-1,OTI,2,334
AAACGATCAGCACCTA-1,OTI,0,0
AAACGATCAGCCCTAA-1,C57BL6,1,1
AAACGCACAAAAGCAT-1,OTI,2,601
AAACGCACAAATTCCA-1,C57BL6,0,0
AAACGCACAAGCGATA-1,OTI,2,90
AAACGCACAAGCGTAA-1,OTI,0,0
AAACGCACACTGGGCT-1,OTI,5,15
AAACGCACAGCTACAT-1,OTI,4,78
AAACGCGAGAAACTAG-1,OTI,3,24
AAACGCGAGATGGAGT-1,OTI,4,270
AAACGCGAGCAGGGGT-1,OTI,2,9
AAACGCGAGCGCATCG-1,OTI,0,0
AAACGCGAGCGCTGTG-1,C57BL6,0,0
AAACGCGAGCGTTACA-1,OTI,4,35
AAACGCGAGGCTTGTA-1,C57BL6,0,0
AAACGCTGTAGGGGAT-1,OTI,1,42
AAACGCTGTCAGCTCT-1,OTI,3,59
AAACGCTGTGCCTTCG-1,OTI,3,46
AAACGCTGTGCTATGG-1,C57BL6,2,8
AAACGCTGTGGGACTC-1,OTI,1,3
AAACGCTGTGGTGGAG-1,C57BL6,0,0
AAACGCTGTGTAGGTT-1,OTI,4,117
AAACGCTGTGTCTATT-1,OTI,1,4
AAACGCTGTGTGCCGG-1,C57BL6,0,0
AAACGGAGTAGAATGG-1,OTI,0,0
AAACGGAGTCAGCTTC-1,C57BL6,0,0
AAACGGAGTCATAGGT-1,C57BL6,0,0
AAACGGAGTCGCATCT-1,OTI,0,0
AAACGGAGTGTGTATA-1,OTI,1,33
AAACGGCCAAGTGGCG-1,C57BL6,0,0
AAACGGCCAATCACTA-1,OTI,0,0
AAACGGCCACCTTTCA-1,OTI,3,177
AAACGGCCACGGGTAG-1,OTI,0,0
AAACGGCCACTAGCAT-1,OTI,5,276
AAACGGCCACTCGAGC-1,C57BL6,1,53
AAACGGTAGACGACGA-1,C57BL6,2,15
AAACGGTAGAGGCTGA-1,OTI,9,128
AAACGGTAGCACAGCT-1,OTI,4,25
AAACGGTAGCGACGTT-1,OTI,1,6
AAACGGTAGCGTTGCG-1,C57BL6,0,0
AAACGGTAGGCAGTGA-1,OTI,5,332
AAACGGTAGGCGAGTA-1,OTI,3,202
AAACGTAAGAAGGCAT-1,OTI,5,154
AAACGTAAGAGGAGCC-1,C57BL6,2,9
AAACGTAAGCAATTGT-1,OTI,1,33
AAACGTAAGCGTTAAT-1,C57BL6,0,0
AAACGTAAGCTGTATG-1,C57BL6,1,4
AAACGTAAGGGAGCGT-1,OTI,3,58
AAACTAACAAGGACAC-1,OTI,6,73
AAACTAACACATAACC-1,OTI,0,0
AAACTAACACCCTAGA-1,OTI,1,34
AAACTAACACTCAATA-1,OTI,5,34
AAACTAACAGCTTCAG-1,OTI,2,5
AAACTACTCACCCCTA-1,OTI,0,0
AAACTACTCACGCAAC-1,C57BL6,0,0
AAACTACTCACTTAAA-1,C57BL6,0,0
AAACTACTCATACCTC-1,OTI,1,9
AAACTACTCCATGCCC-1,OTI,2,113
AAACTACTCCCATAAG-1,OTI,3,31
AAACTACTCCGTCAAA-1,OTI,3,10
AAACTACTCCTTAGCT-1,C57BL6,1,8
AAACTACTCCTTAGTC-1,OTI,3,368
AAACTAGAGAAACGCG-1,C57BL6,0,0
AAACTAGAGAAGGTTA-1,C57BL6,0,0
AAACTAGAGACACGGA-1,OTI,3,213
AAACTAGAGAGAATTG-1,OTI,5,83
AAACTAGAGATTCGAT-1,OTI,7,109
AAACTAGAGCCTTCAT-1,OTI,0,0
AAACTAGAGCGTTTGA-1,OTI,2,161
AAACTAGAGCTACTGA-1,OTI,4,205
AAACTCCCAAATCTCA-1,C57BL6,3,19
AAACTCCCAACAGGGT-1,OTI,1,70
AAACTCCCAATGCATC-1,OTI,0,0
AAACTCCCAATTATCG-1,C57BL6,0,0
AAACTCCCAGCAGGCA-1,OTI,3,659
AAACTCCCAGCCATAT-1,OTI,1,8
AAACTCCCAGTCGGAG-1,OTI,3,91
AAACTGCGTACCCCAT-1,OTI,3,41
AAACTGCGTACTCGAG-1,OTI,4,101
AAACTGCGTACTCTAT-1,C57BL6,0,0
AAACTGCGTACTTGCC-1,OTI,1,54
AAACTGCGTCCAGGGT-1,OTI,4,10
AAACTGCGTCCTTCGG-1,OTI,2,48
AAACTGCGTCGCGCTC-1,C57BL6,1,2
AAACTGCGTCGTCTTA-1,C57BL6,1,3
AAACTGCGTCGTGAGC-1,C57BL6,1,3
AAACTGCGTCTTGTAT-1,C57BL6,1,4
AAACTGCGTGGTTATA-1,OTI,1,17
AAACTTATCCAAGACC-1,OTI,3,420
AAACTTATCGTATGTG-1,C57BL6,0,0
AAACTTATCGTCCAAA-1,OTI,4,169
AAACTTATCGTGCGCA-1,OTI,2,49
AAAGCAATCAAGCACC-1,OTI,0,0
AAAGCAATCCATCACT-1,OTI,1,4
AAAGCAATCCCATAAG-1,OTI,6,95
AAAGCAATCCCGTCTA-1,OTI,1,3
AAAGCAATCCCTTTAA-1,C57BL6,1,4
AAAGCAATCCGATACA-1,C57BL6,2,7
AAAGCATCAAAAGGAA-1,C57BL6,1,6
AAAGCATCAAAGGACC-1,OTI,0,0
AAAGCATCAACATCCG-1,C57BL6,0,0
AAAGCATCACGACCTA-1,C57BL6,1,15
AAAGCATCACGGTGCT-1,OTI,5,361
AAAGCCACAACAGGGT-1,C57BL6,0,0
AAAGCCACACAACTCG-1,OTI,1,1
AAAGCCACACTACTTT-1,OTI,5,130
AAAGCCCTCCAAGTAT-1,OTI,2,20
AAAGCCGAGCAAAGTA-1,C57BL6,0,0
AAAGCCGAGCACCAAC-1,OTI,14,129
AAAGCCGAGCGATTCA-1,OTI,5,67
AAAGCCGAGCTGCAGT-1,OTI,1,19
AAAGCCTGTAATGTGC-1,C57BL6,1,4
AAAGCCTGTACGGGTC-1,OTI,0,0
AAAGCCTGTCAATATG-1,OTI,1,2
AAAGCCTGTGTGGATT-1,OTI,3,9
AAAGCCTGTGTTCGCT-1,C57BL6,0,0
AAAGCGAGTAAGTCTA-1,C57BL6,0,0
AAAGCGAGTAATGTTG-1,C57BL6,0,0
AAAGCGAGTACTTAAG-1,OTI,1,6
AAAGCGAGTAGGACGG-1,OTI,1,34
AAAGCGAGTCGTGTTC-1,C57BL6,0,0
AAAGCGAGTGGCATGC-1,C57BL6,1,14
AAAGCGAGTGTGCAAT-1,C57BL6,1,12
AAAGCGCCAAATGCGA-1,OTI,5,87
AAAGCGCCAAGGCCGA-1,OTI,2,6
AAAGCGCCACAATGGA-1,OTI,0,0
AAAGCGCCACCACGTA-1,OTI,0,0
AAAGCGCCACCTCATC-1,OTI,7,98
AAAGCGCCACGGTGTC-1,OTI,3,24
AAAGCGCCAGTGGGAT-1,OTI,2,89
AAAGCGCCAGTTAAGG-1,C57BL6,0,0
AAAGCGTAGAAGCGTG-1,C57BL6,0,0
AAAGCGTAGAATTGTC-1,C57BL6,0,0
AAAGCGTAGCCTAAGC-1,OTI,2,31
AAAGCGTAGCGCGTAT-1,OTI,0,0
AAAGCTAAGAATTCCG-1,OTI,2,134
AAAGCTAAGCCGCCAA-1,OTI,0,0
AAAGCTAAGCCGTGAT-1,C57BL6,1,4
AAAGCTAAGCTTGGGT-1,OTI,5,67
AAAGCTAAGGCAAGCA-1,C57BL6,1,3
AAAGCTAAGGCCATGT-1,OTI,1,3
AAAGCTCGTACGGGCT-1,OTI,2,39
AAAGCTCGTAGGTTTA-1,OTI,3,217
AAAGCTCGTAGTATTG-1,C57BL6,2,5
AAAGCTCGTATTGCGG-1,OTI,3,223
AAAGCTCGTCCCAATC-1,OTI,6,72
AAAGCTCGTCGAAGGG-1,OTI,1,2
AAAGCTCGTCTCCTGG-1,C57BL6,0,0
AAAGCTCGTCTGCGCC-1,C57BL6,0,0
AAAGCTCGTGGACGGA-1,C57BL6,2,2
AAAGCTCGTGTATCGG-1,OTI,1,26
AAAGCTCGTGTCCGCC-1,OTI,6,222
AAAGGAACAAAACTAA-1,OTI,1,1
AAAGGAACAAGTCGGG-1,C57BL6,1,22
AAAGGAACACCGGACT-1,OTI,1,23
AAAGGAACACTCGTTC-1,C57BL6,0,0
AAAGGAACAGCGCGAA-1,OTI,4,31
AAAGGAACAGGGTGCA-1,OTI,4,72
AAAGGAGAGAACAGAC-1,C57BL6,2,27
AAAGGAGAGAATGCGG-1,C57BL6,0,0
AAAGGAGAGAGAGGAA-1,OTI,10,1328
AAAGGAGAGAGCGTGA-1,C57BL6,2,6
AAAGGAGAGGCTCAGT-1,OTI,2,79
AAAGGCCCAAGTACAG-1,C57BL6,0,0
AAAGGCCCACGTCTAG-1,C57BL6,1,2
AAAGGCCCACTAACTA-1,C57BL6,0,0
AAAGGCCCAGCGCACT-1,OTI,3,22
AAAGGGGCAAATTGAA-1,C57BL6,0,0
AAAGGGGCACGCATCA-1,OTI,4,81
AAAGGGTTCAAGGGCA-1,C57BL6,0,0
AAAGGGTTCAATATTG-1,OTI,0,0
AAAGGGTTCACAGACC-1,OTI,1,11
AAAGGGTTCCACCCGT-1,C57BL6,5,11
AAAGGGTTCCATCATC-1,OTI,2,40
AAAGGGTTCGGTGGTT-1,C57BL6,2,55
AAAGGGTTCGTAATCG-1,OTI,2,10
AAAGGTATCACTGTCT-1,C57BL6,0,0
AAAGGTATCATTCAAA-1,OTI,0,0
AAAGGTATCCAGCAAC-1,OTI,0,0
AAAGGTATCGCGTAGT-1,C57BL6,0,0
AAAGGTATCGCTGGCA-1,C57BL6,0,0
AAAGGTATCGGTGGTT-1,OTI,6,121
AAAGGTATCGGTTATG-1,C57BL6,0,0
AAAGGTCAGAGTGCAG-1,OTI,3,91
AAAGGTCAGCCATATG-1,C57BL6,0,0
AAAGGTCAGCCTAGAC-1,OTI,1,9
AAAGGTCAGGGGGTAC-1,OTI,5,57
AAAGTCAAGAGAGGAA-1,C57BL6,1,3
AAAGTCAAGATTGTGT-1,C57BL6,0,0
AAAGTCAAGCACCACG-1,OTI,4,42
AAAGTCAAGGCCTGCA-1,C57BL6,1,3
AAAGTGCAGCGGGTTT-1,OTI,6,45
AAAGTGCAGGCTCGTG-1,OTI,5,31
AAAGTGCAGGTATTGT-1,C57BL6,0,0
AAAGTGGGTAATGGGA-1,C57BL6,0,0
AAAGTGGGTAGTCGCA-1,OTI,0,0
AAAGTGGGTCGCTAAG-1,OTI,3,35
AAAGTGGGTCGTATGG-1,OTI,2,32
AAAGTGGGTGCGGTTA-1,OTI,1,4
AAAGTGGGTGGTTTAA-1,C57BL6,1,2
AAAGTGGGTGTAGCAT-1,OTI,0,0
AAAGTGGGTGTGGCCG-1,OTI,3,259
AAAGTTACAAGGCTCC-1,OTI,1,222
AAAGTTACAGGGCTCT-1,OTI,5,74
AAAGTTACAGGTATTC-1,OTI,3,39
AAAGTTACAGGTTAGA-1,OTI,2,12
AAAGTTACAGTAAAGT-1,C57BL6,1,1
AAAGTTCTCAAAGCCC-1,OTI,5,158
AAAGTTCTCAATCTGG-1,OTI,2,19
AAAGTTCTCAGGCTCG-1,OTI,1,3
AAAGTTCTCAGTGGTC-1,OTI,3,46
AAAGTTCTCGGCTATA-1,C57BL6,0,0
AAATCAACAACAGACA-1,OTI,4,56
AAATCAACAACAGGAC-1,OTI,5,56
AAATCAACAAGCTGGG-1,C57BL6,0,0
AAATCAACACATGGTT-1,OTI,1,3
AAATCAACAGGACCTC-1,OTI,0,0
AAATCAACAGTCTATA-1,OTI,5,34
AAATCAACAGTGAGCG-1,C57BL6,1,19
AAATCACTCATTACTT-1,C57BL6,4,11
AAATCACTCCATCACT-1,OTI,3,155
AAATCACTCCCGCTTA-1,OTI,2,20
AAATCACTCGCATCAA-1,OTI,4,164
AAATCACTCGCCCGTT-1,C57BL6,0,0
AAATCACTCGCGTCAG-1,OTI,0,0
AAATCACTCGGACTTA-1,OTI,4,94
AAATCAGAGACTCCAA-1,C57BL6,0,0
AAATCAGAGAGACGCA-1,OTI,4,32
AAATCAGAGAGTTTCG-1,OTI,6,212
AAATCAGAGCACTTTC-1,OTI,6,150
AAATCAGAGCGGGTAA-1,C57BL6,1,1
AAATCAGAGCTCGTAA-1,OTI,4,69
AAATCCAGTAGAGGCG-1,OTI,0,0
AAATCCAGTCTCGGTT-1,C57BL6,0,0
AAATCCAGTGGTGTAT-1,C57BL6,0,0
AAATCCCCACCAGATT-1,C57BL6,2,26
AAATCCCCACTCACGA-1,OTI,4,24
AAATCCCCACTCGGTA-1,C57BL6,4,19
AAATCCGTCAAGCTAT-1,OTI,5,56
AAATCCGTCAAGTCGC-1,OTI,0,0
AAATCCGTCATGCGGT-1,OTI,9,325
AAATCCGTCCTCGTCA-1,OTI,0,0
AAATCCGTCGCCATGG-1,OTI,2,217
AAATCCGTCGCGTATA-1,OTI,2,26
AAATCCGTCGCTTACT-1,OTI,2,27
AAATCCGTCGGCGAAA-1,C57BL6,0,0
AAATCTATCAATCATA-1,C57BL6,2,4
AAATCTATCACACGGT-1,OTI,3,62
AAATCTATCACGCCTC-1,OTI,3,63
AAATCTATCACTCCGC-1,C57BL6,0,0
AAATCTATCAGTGATT-1,OTI,11,241
AAATCTATCCTGTATC-1,C57BL6,2,7
AAATCTATCCTTCTAA-1,OTI,3,256
AAATCTATCGCTCTCA-1,OTI,3,89
AAATCTATCGCTTCCA-1,C57BL6,0,0
AAATCTATCGGCAATC-1,OTI,0,0
AAATCTATCGTATGTG-1,OTI,3,179
AAATCTGGTAACCGGC-1,OTI,4,71
AAATCTGGTAATGGAG-1,OTI,0,0
AAATCTGGTACCTGTC-1,C57BL6,1,6
AAATCTGGTAGGATAG-1,OTI,6,61
AAATCTGGTATAGTCA-1,OTI,3,16
AAATCTGGTCCGTTTA-1,OTI,1,2
AAATCTGGTGTGCGCG-1,C57BL6,1,6
AAATCTTCAAATGGCA-1,OTI,3,7
AAATCTTCAAGCGATA-1,OTI,6,9
AAATCTTCAATAAGGT-1,OTI,2,7
AAATCTTCAATTCGGT-1,C57BL6,0,0
AAATCTTCACTATAGC-1,OTI,7,159
AAATCTTCACTCATAA-1,C57BL6,0,0
AAATCTTCACTCGTTC-1,OTI,5,910
AAATCTTCAGTTAGCT-1,OTI,0,0
AAATGACCACGAACGG-1,C57BL6,1,3
AAATGACCAGTAATCC-1,OTI,3,88
AAATGACCAGTACTTA-1,OTI,4,45
AAATGCTTCAACTATA-1,OTI,3,26
AAATGCTTCAATCGCA-1,OTI,2,17
AAATGCTTCCATAGCA-1,OTI,3,142
AAATGCTTCCCGAATA-1,OTI,2,3
AAATGCTTCCGGAAAG-1,OTI,3,24
AAATGCTTCGGCCTCT-1,OTI,5,142
AAATGCTTCGTTAATA-1,OTI,1,12
AAATGGCAGAGTAAGC-1,OTI,1,16
AAATGGCAGCCATTAG-1,OTI,6,82
AAATGGCAGCCCTAGG-1,OTI,3,68
AAATGGCAGGCAAGGC-1,OTI,0,0
AAATGGCAGGCCATTA-1,OTI,6,270
AAATGGGGTAGAGGGT-1,OTI,5,57
AAATGGGGTAGGCATT-1,C57BL6,0,0
AAATGGGGTATTGAGC-1,OTI,0,0
AAATGGGGTCATACTT-1,OTI,0,0
AAATGGGGTCGCATTC-1,C57BL6,3,18
AAATGGTCAACGAACA-1,OTI,1,4
AAATGGTCAAGTAAAC-1,C57BL6,1,4
AAATGGTCAAGTACGA-1,OTI,5,227
AAATGGTCACAATGTC-1,OTI,2,34
AAATGGTCACGGCTTA-1,OTI,4,74
AAATGGTCAGCAACTT-1,OTI,1,9
AAATGGTCAGGATGGT-1,OTI,0,0
AAATGTCTCATGTTAA-1,OTI,5,129
AAATGTCTCCTCCAAT-1,OTI,1,16
AAATGTCTCGTCAATG-1,OTI,3,65
AAATGTCTCGTTACTC-1,OTI,0,0
AAATTCGGTATCAGTA-1,OTI,2,58
AAATTCGGTCGCTGGG-1,C57BL6,0,0
AAATTCTCAACAACAG-1,OTI,1,26
AAATTCTCAAGTGTTC-1,C57BL6,0,0
AAATTCTCACGCAGGA-1,OTI,1,10
AAATTCTCAGCCCATA-1,C57BL6,2,2
AAATTCTCAGGACCTC-1,OTI,12,766
AAATTCTCAGTAAAGT-1,C57BL6,0,0
AAATTGCTCAAGGCTC-1,OTI,1,52
AAATTGCTCAATTCCC-1,OTI,6,89
AAATTGCTCAGGCCCA-1,OTI,2,29
AAATTGCTCCTTGTAC-1,OTI,3,105
AAATTGCTCGTAGTTG-1,OTI,1,43
AAATTGGAGCAACGTC-1,OTI,8,63
AAATTGGAGCATTACG-1,OTI,3,37
AAATTGGAGCCGACAT-1,C57BL6,0,0
AAATTTCCAAGCAGTA-1,OTI,4,49
AAATTTCCAAGGCGCA-1,OTI,1,5
AAATTTCCACATTCCC-1,OTI,1,2
AAATTTCCACTAGTCG-1,OTI,2,19
AACACCCAGACAGACG-1,C57BL6,0,0
AACACCCAGCAAACGG-1,OTI,4,30
AACACCCAGCCATCGG-1,OTI,2,21
AACACCCAGCGGGGAT-1,C57BL6,1,4
AACACCTCAATAAGTA-1,OTI,1,3
AACACCTCAATTCATG-1,OTI,2,17
AACACCTCACATGATC-1,OTI,1,62
AACACCTCACCTACTC-1,C57BL6,0,0
AACACCTCAGGAATCA-1,OTI,2,5
AACACCTCAGTGATTC-1,OTI,3,218
AACACGCTCAAGCGTC-1,OTI,4,60
AACACGCTCACTTCCG-1,C57BL6,1,9
AACACGCTCAGGCTGT-1,OTI,3,366
AACACGCTCCACAAGC-1,C57BL6,0,0
AACACGCTCCGACCCT-1,C57BL6,0,0
AACACGCTCCGATAAT-1,OTI,0,0
AACACGCTCCTGCATT-1,OTI,3,514
AACACGCTCGGCAATC-1,C57BL6,0,0
AACACTCCAAATCACC-1,OTI,0,0
AACACTCCAACACTAC-1,OTI,4,54
AACACTCCAAGGTTCT-1,C57BL6,0,0
AACACTCCACGCATCA-1,OTI,4,124
AACACTCCAGTAGCGG-1,C57BL6,1,12
AACAGACAGCCAAAGG-1,C57BL6,0,0
AACAGACAGCTCATGA-1,OTI,10,194
AACAGACAGGCAATTT-1,OTI,0,0
AACAGACAGGGGATTG-1,OTI,3,54
AACAGACAGGTATTCG-1,OTI,1,1
AACAGAGGTACCTGCT-1,OTI,0,0
AACAGAGGTCTATCGC-1,C57BL6,3,30
AACAGAGGTCTCCGGC-1,C57BL6,0,0
AACAGAGGTGGAAATG-1,OTI,1,5
AACAGAGGTGGCTTAG-1,OTI,3,34
AACAGAGGTGTGTATA-1,C57BL6,0,0
AACAGCCTCAATCCTC-1,OTI,5,124
AACAGCCTCACGAACC-1,OTI,2,120
AACAGCCTCAGCGGTT-1,C57BL6,1,1
AACAGCCTCATAGCGC-1,OTI,0,0
AACAGCCTCCCAACTT-1,OTI,0,0
AACAGCCTCCGGAATC-1,C57BL6,0,0
AACAGCCTCGCAGTAC-1,C57BL6,3,25
AACAGGAGTATAAGGG-1,OTI,1,6
AACAGGAGTATCCGTC-1,OTI,1,5
AACAGGAGTCCGTTTA-1,OTI,5,32
AACAGGAGTGTTATGA-1,OTI,6,144
AACAGGGTCACTTACC-1,OTI,1,3
AACAGGGTCCACCCAC-1,OTI,0,0
AACAGGGTCCCTTAGT-1,OTI,1,699
AACAGGGTCGCATAAT-1,OTI,1,4
AACAGGTAGAAAGTGC-1,C57BL6,0,0
AACAGGTAGAGTGTAA-1,OTI,1,7
AACAGGTAGATGACGG-1,C57BL6,0,0
AACAGGTAGCGTACCG-1,OTI,5,175
AACAGGTAGGCCTGAT-1,OTI,1,11
AACATAACAAATTTCG-1,OTI,4,14
AACATAACACACCGTA-1,C57BL6,0,0
AACATAACACCAACGC-1,OTI,5,138
AACATAACAGCGTATT-1,OTI,3,188
AACATAACAGTCAATC-1,OTI,4,24
AACATAACAGTCTTAA-1,C57BL6,4,44
AACATAACAGTGCTCA-1,C57BL6,0,0
AACATAACAGTGGGAT-1,OTI,2,87
AACATAGAGAGTGCGA-1,OTI,4,28
AACATAGAGCCATGCG-1,OTI,6,275
AACATGCGTATCCGTC-1,OTI,1,156
AACATGCGTCACGCCC-1,OTI,6,140
AACATGCGTCAGTATA-1,OTI,9,120
AACATGCGTGTCATGG-1,OTI,1,130
AACATGCGTGTGCGGT-1,C57BL6,0,0
AACATGCGTGTTAGGT-1,OTI,2,12
AACATGGCAACAACAG-1,OTI,4,129
AACATGGCAACCTCTC-1,C57BL6,1,2
AACATGGCAATAGCGA-1,OTI,3,91
AACATGGCAATCTCTT-1,C57BL6,0,0
AACATGGCACAATCCG-1,OTI,1,7
AACATGGCACTAACCG-1,OTI,4,91
AACATGGCACTACTAA-1,OTI,1,47
AACATGGCAGCATCCA-1,OTI,2,229
AACATGGCAGCATTCG-1,OTI,2,94
AACATGGCAGGAACTA-1,OTI,2,58
AACATGGCAGTGTCGC-1,C57BL6,0,0
AACATTATCACACGGT-1,OTI,0,0
AACATTATCCCGCATC-1,OTI,2,32
AACATTATCCCTATAC-1,C57BL6,1,9
AACATTATCCGCTTCA-1,C57BL6,0,0
AACATTATCCTGCACC-1,OTI,2,13
AACATTATCGTGACTA-1,C57BL6,0,0
AACATTGGTCACTAGG-1,OTI,1,32
AACATTGGTCCGAATG-1,OTI,5,137
AACATTGGTGGTAATC-1,OTI,1,16
AACATTGGTGTACCCT-1,OTI,3,107
AACATTTCAAATGCGA-1,OTI,2,361
AACATTTCAACTTAAT-1,OTI,6,58
AACATTTCAACTTTAG-1,OTI,2,66
AACATTTCAAGGGGAA-1,OTI,2,5
AACATTTCAATATGTT-1,OTI,1,14
AACATTTCAATGGGAC-1,OTI,4,140
AACATTTCACCAAGCC-1,OTI,2,152
AACATTTCACGAAGTA-1,OTI,1,8
AACATTTCAGGCTTCA-1,OTI,0,0
AACATTTCAGTAGCGG-1,C57BL6,2,2
AACCAATTCAAATCTA-1,OTI,2,11
AACCAATTCACGGTCG-1,OTI,1,106
AACCAATTCCAGTACA-1,OTI,5,105
AACCAATTCGGTGTTA-1,OTI,1,1
AACCACTCAAAACCAG-1,C57BL6,1,17
AACCACTCAAAGGGGA-1,C57BL6,0,0
AACCACTCAAGCGGCA-1,OTI,0,0
AACCACTCAAGCGTCC-1,C57BL6,0,0
AACCACTCAATGGTAG-1,OTI,2,20
AACCACTCACATGGTT-1,OTI,3,15
AACCACTCACCAGAGG-1,OTI,9,31
AACCACTCACTCGGGT-1,OTI,0,0
AACCACTCAGTATGTC-1,OTI,3,1141
AACCAGACAACAGCGG-1,OTI,1,10
AACCAGGAGACGCGAA-1,OTI,4,63
AACCAGGAGAGTACGG-1,OTI,3,24
AACCAGGAGAGTTTAC-1,OTI,3,65
AACCAGGAGATCCTGA-1,C57BL6,0,0
AACCAGGAGCAATATC-1,OTI,1,64
AACCAGGAGCATGTTG-1,OTI,1,2
AACCAGGAGCCACTTT-1,OTI,2,52
AACCATCCAAAATCCC-1,OTI,3,13
AACCATCCAAAGGGAG-1,OTI,3,24
AACCATCCACGCTGAC-1,OTI,3,338
AACCATCCAGGATGGT-1,OTI,8,747
AACCATGTCACAACGC-1,OTI,5,124
AACCATGTCAGAGTAA-1,OTI,3,80
AACCATGTCCACTTAC-1,OTI,3,21
AACCATGTCGCTAACA-1,OTI,1,120
AACCATGTCGTATCAG-1,OTI,1,2
AACCATTAGAGACATA-1,OTI,1,4
AACCATTAGCCGACAT-1,OTI,0,0
AACCATTAGCGCAGTT-1,C57BL6,0,0
AACCATTAGCGCTCGA-1,C57BL6,0,0
AACCATTAGCGTTCCC-1,OTI,5,128
AACCATTAGCTTGGCG-1,C57BL6,1,5
AACCCAATCAATGTGT-1,OTI,2,74
AACCCAATCATGGCGT-1,OTI,1,1
AACCCAATCCCTGACC-1,OTI,2,9
AACCCAATCGGTTGTA-1,OTI,4,85
AACCCAATCGTAGTTG-1,OTI,6,757
AACCCACAGAAATCAG-1,OTI,4,178
AACCCACAGATTAAGG-1,C57BL6,1,3
AACCCACAGCACGTAC-1,OTI,0,0
AACCCACAGCCGACAT-1,OTI,4,66
AACCCACAGCCTGTGG-1,OTI,4,421
AACCCACAGCTCGTTT-1,C57BL6,0,0
AACCCACAGCTGCAGT-1,C57BL6,0,0
AACCCACAGCTGGTTA-1,OTI,0,0
AACCCACAGCTTGAAT-1,OTI,0,0
AACCCACAGGCCACAT-1,OTI,0,0
AACCCACAGGGGTATG-1,OTI,3,15
AACCCACAGGTAGTAA-1,OTI,4,41
AACCCACAGGTCATGC-1,OTI,0,0
AACCCATCAAATCCGT-1,OTI,1,13
AACCCATCAAGGTAAT-1,C57BL6,1,1
AACCCATCAATCATTG-1,OTI,0,0
AACCCATCAATGATCC-1,C57BL6,6,7
AACCCATCACATAACC-1,OTI,1,26
AACCCATCACGTCTAG-1,C57BL6,2,43
AACCCATCACTCCGAA-1,OTI,5,173
AACCCATCAGCCTCTT-1,OTI,0,0
AACCCCGAGAACCAGG-1,OTI,2,132
AACCCCGAGAATGCAA-1,OTI,2,70
AACCCCGAGCAGCTGT-1,OTI,2,10
AACCCCGAGCATAGGG-1,OTI,5,35
AACCCCTGTACCCCTG-1,OTI,3,33
AACCCCTGTAGTGTCG-1,OTI,1,95
AACCCCTGTATGAGTC-1,OTI,2,55
AACCCCTGTCATCTTG-1,C57BL6,0,0
AACCCCTGTCCTGTAC-1,C57BL6,0,0
AACCCCTGTCGGTTAG-1,OTI,0,0
AACCCCTGTGCAGTCA-1,C57BL6,2,10
AACCCCTGTGCTCGGG-1,C57BL6,0,0
AACCCGAGTAAACGCT-1,C57BL6,0,0
AACCCGAGTAAGTGCT-1,C57BL6,3,334
AACCCGAGTACGTTCC-1,OTI,1,7
AACCCGAGTAGCGGAG-1,C57BL6,0,0
AACCCGAGTAGCGTCA-1,OTI,2,37
AACCCGAGTAGTGTTA-1,OTI,4,43
AACCCGAGTCACCCAT-1,OTI,8,66
AACCCGAGTCACGTTC-1,OTI,2,31
AACCCGAGTCGCCATT-1,OTI,4,75
AACCCGAGTCGCTAAG-1,C57BL6,1,1
AACCCGTAGAGGGTAT-1,OTI,3,43
AACCCGTAGATTCAAC-1,C57BL6,2,22
AACCCGTAGCATCAAT-1,OTI,3,14
AACCCGTAGCTCAGTA-1,C57BL6,0,0
AACCCGTAGGCAATTT-1,OTI,5,136
AACCCGTAGGTCCTAA-1,OTI,2,19
AACCCGTAGGTTCGCG-1,OTI,3,22
AACCCTTTCACCACAA-1,OTI,2,17
AACCCTTTCATACGTG-1,OTI,3,126
AACCCTTTCATCCGCC-1,OTI,3,385
AACCCTTTCATGGCTA-1,OTI,5,54
AACCCTTTCCGGCACA-1,OTI,1,1
AACCCTTTCCTAGTCT-1,C57BL6,0,0
AACCGAACAAGGCACG-1,OTI,0,0
AACCGAACAATCGTAC-1,OTI,0,0
AACCGAACAGTGAGCG-1,OTI,1,1
AACCGCAGTACCTGTC-1,OTI,0,0
AACCGCAGTATGATGC-1,C57BL6,0,0
AACCGCAGTATTACAG-1,C57BL6,0,0
AACCGCAGTCCTTAAT-1,OTI,0,0
AACCGCAGTGTCTAGG-1,OTI,6,43
AACCGCAGTGTGCCCC-1,OTI,5,119
AACCGGCGTACAAGCT-1,C57BL6,3,74
AACCGGCGTACCTGCT-1,C57BL6,3,42
AACCGGCGTACTATTC-1,OTI,0,0
AACCGGCGTAGCGCGT-1,OTI,1,5
AACCGGCGTAGTCCAG-1,C57BL6,0,0
AACCGGCGTAGTTGCG-1,OTI,4,220
AACCGGCGTGCTAGTG-1,OTI,1,11
AACCGGCGTGGATGGG-1,C57BL6,4,13
AACCGGCGTGTTAGTA-1,C57BL6,0,0
AACCGGGCAACTATCA-1,C57BL6,0,0
AACCGGGCACAGCATT-1,OTI,5,599
AACCGGGCAGGGTTAA-1,OTI,1,1
AACCGTGGTAATCCGG-1,OTI,4,45
AACCGTGGTACGGTGC-1,OTI,1,20
AACCGTGGTAGCTGAT-1,C57BL6,0,0
AACCGTGGTAGGAGTA-1,C57BL6,1,14
AACCGTGGTAGTTTAG-1,OTI,3,114
AACCGTGGTATAAGGG-1,C57BL6,0,0
AACCGTGGTATGGGCC-1,C57BL6,0,0
AACCGTGGTCGGAATT-1,OTI,3,590
AACCGTGGTGCGTTAG-1,C57BL6,3,19
AACCGTGGTGGAATCT-1,OTI,1,9
AACCGTGGTGTTGCAG-1,C57BL6,2,42
AACCGTGGTGTTGTCC-1,OTI,4,254
AACCTACCACAAATGG-1,OTI,3,240
AACCTACCACATGGTT-1,OTI,11,947
AACCTACCACCCTTAC-1,OTI,4,86
AACCTACCACTCACCT-1,C57BL6,4,12
AACCTACCACTGATTA-1,OTI,2,341
AACCTACCACTTGACG-1,C57BL6,0,0
AACCTCTTCAAGCAAA-1,OTI,1,79
AACCTCTTCACGGTCG-1,OTI,0,0
AACCTCTTCAGTACAT-1,OTI,3,23
AACCTCTTCAGTCAGC-1,OTI,0,0
AACCTCTTCCTCTGGC-1,OTI,2,18
AACCTTACAATAACTT-1,OTI,2,8
AACCTTACACCGCATA-1,OTI,5,143
AACCTTACACTCGTTC-1,OTI,4,47
AACCTTACAGTATGGA-1,OTI,1,36
AACGAAATCACCCTGC-1,C57BL6,1,7
AACGAAATCAGCTATG-1,OTI,3,12
AACGAAATCCCGCTGT-1,OTI,16,181
AACGAAATCCGTACAA-1,C57BL6,1,102
AACGAAATCGGGCTTG-1,OTI,3,21
AACGAACAGCACAGGA-1,C57BL6,0,0
AACGAACAGGGTGTTC-1,OTI,2,459
AACGAACAGGTCCGCA-1,OTI,2,109
AACGAAGGTAAGTTTG-1,C57BL6,0,0
AACGAAGGTCCGTCGC-1,OTI,0,0
AACGAAGGTCTAGTAA-1,C57BL6,0,0
AACGAAGGTCTGCAAG-1,OTI,2,92
AACGAAGGTGCTCGGG-1,OTI,3,261
AACGAAGGTGGAACGG-1,C57BL6,1,10
AACGAAGGTGGACGGA-1,OTI,1,6
AACGACGAGACGACGA-1,OTI,4,109
AACGACGAGAGGAGTT-1,C57BL6,0,0
AACGACGAGCTTGTGA-1,OTI,6,36
AACGACGAGGCCCGTA-1,OTI,5,323
AACGAGAGTAATTGTG-1,C57BL6,0,0
AACGAGAGTAGGTATC-1,OTI,4,18
AACGAGAGTATACTAG-1,OTI,4,146
AACGAGAGTATCCGGA-1,OTI,2,2
AACGAGAGTATGTTCT-1,OTI,5,82
AACGAGAGTGCCCCTA-1,OTI,0,0
AACGAGAGTGTCCCCA-1,OTI,3,27
AACGAGAGTGTCGCGG-1,OTI,3,205
AACGAGCCAATCACGT-1,OTI,1,3
AACGAGCCACATCGGC-1,C57BL6,0,0
AACGAGCCACTAGTCG-1,OTI,1,2
AACGAGCCAGCAACTT-1,OTI,1,1
AACGATAAGAAATCAG-1,C57BL6,0,0
AACGATAAGCCTGACG-1,OTI,7,313
AACGATAAGCTGCTAA-1,OTI,5,268
AACGATAAGGTACGTC-1,C57BL6,1,5
AACGCAACACTTATCT-1,OTI,4,79
AACGCAACAGCTATTA-1,C57BL6,0,0
AACGCAACAGGACATA-1,OTI,3,355
AACGCAACAGGCATTT-1,OTI,1,9
AACGCACTCAACGGCT-1,C57BL6,0,0
AACGCACTCACAGACC-1,C57BL6,0,0
AACGCACTCATACGTG-1,OTI,1,16
AACGCACTCCCAAAGC-1,OTI,5,62
AACGCACTCCGCCGTT-1,OTI,7,234
AACGCACTCCGTTTAC-1,OTI,0,0
AACGCACTCCTATACC-1,OTI,3,11
AACGCATGTAACTAGC-1,OTI,8,773
AACGCATGTACTCAGG-1,C57BL6,0,0
AACGCATGTCAAACGT-1,C57BL6,1,7
AACGCATGTCCTAGCT-1,C57BL6,1,1
AACGCATGTGGCTGTA-1,C57BL6,0,0
AACGCATGTGGTAAAG-1,C57BL6,0,0
AACGCATGTGTCGTGA-1,C57BL6,1,1
AACGCATGTGTCTATT-1,C57BL6,0,0
AACGCCAGTACTGGAT-1,OTI,6,232
AACGCCAGTCACTATT-1,OTI,3,26
AACGCCAGTGCACAGC-1,OTI,1,5
AACGCCAGTGCCTATC-1,C57BL6,0,0
AACGCCAGTGGTACTG-1,C57BL6,1,5
AACGCGAAGATGAAGC-1,C57BL6,0,0
AACGCGAAGCCAAATT-1,OTI,1,19
AACGCGAAGCTCGTTT-1,C57BL6,0,0
AACGCGAAGCTGGGTT-1,OTI,3,150
AACGCGAAGGTAGTAA-1,OTI,1,7
AACGCGAAGGTCCAAC-1,OTI,1,24
AACGCGGCAAGTCGGG-1,C57BL6,1,6
AACGCGGCAATGCTAC-1,OTI,6,146
AACGCGGCACGCAATT-1,C57BL6,2,12
AACGCTATCATGAGTT-1,OTI,3,26
AACGCTATCATGGTTG-1,OTI,1,4
AACGCTATCCTTAGCT-1,OTI,6,448
AACGCTATCGCTCCGT-1,C57BL6,0,0
AACGCTATCGCTTCTG-1,C57BL6,1,15
AACGCTATCGTACTTC-1,OTI,9,273
AACGCTGGTCTCATAT-1,C57BL6,0,0
AACGCTGGTCTGGATG-1,OTI,4,442
AACGCTGGTGTCGCCC-1,OTI,1,107
AACGGATAGAATGGCG-1,OTI,1,13
AACGGATAGAATTCCG-1,OTI,2,27
AACGGATAGACCCATA-1,OTI,6,116
AACGGATAGCAGCGTT-1,OTI,8,103
AACGGATAGCAGTATT-1,OTI,4,28
AACGGATAGCCGGTAT-1,OTI,1,23
AACGGATAGGCCCACA-1,OTI,4,80
AACGGATAGGCGTCAT-1,C57BL6,0,0
AACGGATAGGGAAACT-1,OTI,6,121
AACGGATAGGTCGGAA-1,OTI,1,79
AACGGCAAGAACGAAC-1,OTI,5,52
AACGGCAAGAGTCTTG-1,OTI,3,83
AACGGCAAGCAGCCCA-1,OTI,0,0
AACGGCAAGGCTCTAA-1,OTI,2,78
AACGGCAAGGTAGGGC-1,OTI,2,25
AACGGCAAGGTCTGGT-1,OTI,5,38
AACGGCGCAAGACAGC-1,C57BL6,0,0
AACGGCGCAAGGGTTA-1,OTI,6,284
AACGGCGCAAGTCTCG-1,OTI,0,0
AACGGCGCACCAGATT-1,C57BL6,1,2
AACGGCGCACCTTTCA-1,OTI,0,0
AACGGCGCACTAGGAA-1,C57BL6,0,0
AACGGCGCACTGTAAC-1,OTI,5,134
AACGGCGCAGGCTACC-1,OTI,3,99
AACGGCTTCACATAAC-1,OTI,0,0
AACGGCTTCACTGTTC-1,OTI,1,22
AACGGCTTCCGAGTGT-1,OTI,3,58
AACGGCTTCCGCTTCA-1,OTI,7,307
AACGGCTTCCGTATTC-1,C57BL6,1,1
AACGGCTTCCGTCATT-1,OTI,2,83
AACGGGCAGAATGCAA-1,C57BL6,0,0
AACGGGCAGCAGTAGG-1,C57BL6,1,5
AACGGGCAGCTCATAG-1,OTI,1,7
AACGGGCAGGCATCGT-1,OTI,3,56
AACGGGCAGGTCCACG-1,OTI,2,27
AACGGGTCAATATGCC-1,C57BL6,1,8
AACGGGTCACGTACAT-1,C57BL6,0,0
AACGGGTCAGCCTTTC-1,OTI,4,77
AACGGGTCAGCTCAAT-1,OTI,6,144
AACGGGTCAGGTTGCC-1,OTI,3,84
AACGGGTCAGTCATCG-1,C57BL6,0,0
AACGGTACACAAATGG-1,OTI,2,12
AACGGTACACCACAAT-1,OTI,7,142
AACGGTACACCACACA-1,OTI,1,4
AACGTAAAGAAGGGCC-1,C57BL6,0,0
AACGTAAAGAATTGTC-1,OTI,0,0
AACGTAAAGAGACTTT-1,OTI,3,121
AACGTAAAGAGGATTA-1,C57BL6,0,0
AACGTAAAGGGCTCAT-1,C57BL6,0,0
AACGTAAAGGTTGTGC-1,C57BL6,0,0
AACGTATTCATTGCTC-1,OTI,3,55
AACGTATTCCATTACC-1,OTI,2,34
AACGTATTCCGAAACC-1,C57BL6,0,0
AACGTATTCGCTCCAC-1,C57BL6,0,0
AACGTATTCGTAAATC-1,OTI,4,90
AACGTATTCGTCATTC-1,OTI,4,32
AACGTCGGTATCCGTC-1,C57BL6,4,16
AACGTCGGTATCGGGC-1,OTI,2,158
AACGTCGGTCGTACAG-1,OTI,5,223
AACGTCGGTCGTCTGT-1,C57BL6,0,0
AACGTCGGTGTCGAAT-1,OTI,6,107
AACGTGCTCAAACTAC-1,OTI,1,87
AACGTGCTCCCATCCA-1,OTI,4,61
AACGTGCTCCCGGCTT-1,C57BL6,0,0
AACGTGCTCCCTAACT-1,OTI,3,181
AACGTGCTCCTCTCGA-1,C57BL6,0,0
AACGTGCTCGTATGTG-1,C57BL6,1,2
AACGTGGAGAAGCCGA-1,C57BL6,0,0
AACGTGGAGACATGGG-1,OTI,3,89
AACGTGGAGACTATCG-1,C57BL6,0,0
AACGTGGAGATAGCGG-1,C57BL6,0,0
AACGTGGAGATGGTAA-1,OTI,2,113
AACGTGGAGCAAGAGT-1,OTI,3,45
AACGTGGAGGCTATTG-1,OTI,3,560
AACGTGGAGGGAATAC-1,OTI,2,33
AACGTGGAGGTATTGT-1,OTI,5,248
AACGTGGAGGTCGGTT-1,OTI,0,0
AACGTGGAGGTGTCGT-1,OTI,0,0
AACGTTCCAACTCGAT-1,OTI,0,0
AACGTTCCACCCAAAT-1,OTI,5,292
AACGTTCCAGGTAACA-1,C57BL6,0,0
AACGTTCCAGTATTCA-1,C57BL6,3,3
AACGTTCCAGTTGGTT-1,OTI,1,1
AACGTTGTCACTGACA-1,C57BL6,0,0
AACGTTGTCCAGTCAA-1,OTI,5,435
AACGTTGTCCATCTGT-1,C57BL6,0,0
AACGTTGTCCGGCACA-1,C57BL6,0,0
AACGTTGTCCGGGTAT-1,OTI,3,54
AACGTTGTCCGTCGCT-1,C57BL6,0,0
AACGTTTAGCACCCGA-1,OTI,9,80
AACGTTTAGCCATGCG-1,OTI,3,24
AACGTTTAGCCTAATG-1,OTI,0,0
AACGTTTAGCGCTGTG-1,OTI,6,327
AACGTTTAGCTACAAT-1,C57BL6,0,0
AACGTTTAGCTTGTAG-1,OTI,4,146
AACTAAGAGAAAGCGT-1,OTI,3,152
AACTAAGAGAACTAGA-1,C57BL6,0,0
AACTAAGAGAGACTTT-1,OTI,9,188
AACTAAGAGCAAGATA-1,OTI,0,0
AACTACCCAAACCAGA-1,OTI,0,0
AACTACCCAAACCGAA-1,C57BL6,0,0
AACTACCCAAACGGCG-1,OTI,0,0
AACTACCCAATGCTCG-1,OTI,2,114
AACTACCCACCTACGA-1,OTI,3,228
AACTACCCACGGTGTC-1,OTI,1,53
AACTACCCACGTAGGG-1,OTI,10,291
AACTACCCAGGCTCTA-1,C57BL6,0,0
AACTACCCAGGGCAAT-1,C57BL6,0,0
AACTAGAAGCGATTAT-1,OTI,3,63
AACTAGAAGCGTGAGA-1,C57BL6,0,0
AACTAGAAGCTAATAC-1,OTI,1,5
AACTAGAAGGCTTGAC-1,C57BL6,1,3
AACTAGAAGGGACGAC-1,OTI,0,0
AACTAGAAGGGCGATA-1,OTI,0,0
AACTAGCGTAATCGCG-1,OTI,3,12
AACTAGCGTATAGGAG-1,C57BL6,1,2
AACTAGCGTCTATGTT-1,C57BL6,0,0
AACTAGCGTGGTTTAA-1,C57BL6,0,0
AACTAGGCACAGTGGG-1,OTI,6,360
AACTAGGCACCTACGA-1,C57BL6,2,9
AACTAGGCAGGCGTTC-1,OTI,3,181
AACTATATCATCGGCG-1,C57BL6,0,0
AACTATATCATGGTCA-1,OTI,1,3
AACTATATCCACGAGT-1,OTI,1,9
AACTATATCCCAAGTA-1,C57BL6,0,0
AACTATATCGCGTTAA-1,OTI,5,87
AACTCACCAAGCGTTT-1,OTI,4,40
AACTCACCACTCCGAA-1,OTI,1,146
AACTCACCACTCCTAC-1,OTI,4,58
AACTCACCACTGAAAG-1,OTI,0,0
AACTCACCAGGAAGCT-1,C57BL6,0,0
AACTCACCAGGTTGCC-1,OTI,2,104
AACTCACCAGTACGGG-1,OTI,3,22
AACTCACCAGTCGCAC-1,OTI,3,145
AACTCACCAGTCTATA-1,OTI,3,25
AACTCATAGAACGGGC-1,OTI,2,7
AACTCATAGAACTAGA-1,OTI,2,7
AACTCATAGACAATAG-1,OTI,4,174
AACTCATAGAGAGTTA-1,OTI,4,48
AACTCATAGCAAACCC-1,OTI,3,231
AACTCATAGCAATTGT-1,C57BL6,0,0
AACTCATAGCATGGTC-1,OTI,1,269
AACTCATAGCGAAACG-1,C57BL6,0,0
AACTCATAGCTGCGTG-1,C57BL6,0,0
AACTCATAGGCGGTTT-1,OTI,0,0
AACTCATAGGCTACCG-1,C57BL6,0,0
AACTCCCGTAGCTGAT-1,OTI,1,11
AACTCCCGTCGCAAAT-1,OTI,2,52
AACTCCCGTCGGTTAG-1,OTI,4,68
AACTCCCGTCTAATCT-1,OTI,3,220
AACTCCCGTCTGCATC-1,C57BL6,0,0
AACTCCCGTGGTGCGT-1,OTI,1,3
AACTCCCGTGTCCCCA-1,OTI,0,0
AACTCCCGTGTCGTGA-1,OTI,1,6
AACTCCGCACGCATCA-1,OTI,5,815
AACTCCGCACGTAGGG-1,C57BL6,0,0
AACTCCGCAGGGCTTC-1,OTI,3,79
AACTCCGCAGTCCTCT-1,OTI,5,201
AACTCCTTCCTACGCC-1,C57BL6,1,10
AACTCCTTCGCAATTG-1,C57BL6,0,0
AACTCCTTCGCCATAA-1,C57BL6,0,0
AACTCCTTCGTATACG-1,C57BL6,0,0
AACTCGGGTAAGTTTG-1,OTI,6,72
AACTCGGGTAGGGGAT-1,OTI,13,325
AACTCGGGTCACTCCG-1,OTI,5,79
AACTCGGGTGCCACTT-1,C57BL6,0,0
AACTCGGGTGCTACCT-1,C57BL6,0,0
AACTCGGGTGGATATC-1,C57BL6,0,0
AACTCGGGTGGCTAAT-1,C57BL6,0,0
AACTCTACAAAGTACG-1,OTI,2,9
AACTCTACACCAGAGG-1,OTI,1,28
AACTCTACACGCTCAA-1,C57BL6,0,0
AACTCTACAGGAGCCA-1,OTI,3,18
AACTCTCTCACTCGGG-1,C57BL6,0,0
AACTCTCTCCCTTCCT-1,OTI,0,0
AACTCTCTCCGCATAA-1,OTI,1,19
AACTCTCTCCGCGGTA-1,OTI,0,0
AACTCTCTCGCTAACA-1,OTI,19,147
AACTCTCTCGGAAGCA-1,C57BL6,1,7
AACTCTCTCGTAACTG-1,C57BL6,0,0
AACTGAAAGACGCTGT-1,OTI,2,89
AACTGAAAGCAGGGTA-1,C57BL6,0,0
AACTGAAAGCGTTGTA-1,OTI,2,243
AACTGAAAGGCGCTTG-1,C57BL6,1,3
AACTGAAAGGCTTCGG-1,OTI,5,53
AACTGCATCAACCCAA-1,OTI,3,41
AACTGCATCATCAATA-1,OTI,5,90
AACTGCATCATCCCGC-1,C57BL6,1,35
AACTGCATCATCTCCG-1,OTI,0,0
AACTGCATCCATGCCC-1,OTI,0,0
AACTGCATCCTCTAGT-1,OTI,1,13
AACTGCATCGGGCTCA-1,OTI,5,187
AACTGCATCGGGTCAT-1,OTI,2,13
AACTGCATCGGTTTAG-1,OTI,2,99
AACTGCGGTAGCTGGC-1,OTI,6,15
AACTGCGGTATATTGG-1,OTI,3,167
AACTTCGAGACCCTTT-1,C57BL6,0,0
AACTTCGAGACGCCAT-1,OTI,3,34
AACTTCGAGATGTTCG-1,C57BL6,1,2
AACTTCGAGATTCAAC-1,C57BL6,0,0
AACTTCGAGCAACATT-1,OTI,4,136
AACTTCGAGCAACGAG-1,C57BL6,2,16
AACTTCGAGCACGTCG-1,OTI,2,10
AACTTCGAGCATGGTC-1,C57BL6,0,0
AACTTCGAGCTGGGTT-1,C57BL6,0,0
AACTTCGAGGCATAGG-1,OTI,0,0
AACTTCGAGGCGGGAT-1,OTI,0,0
AACTTCGAGGTTGGAG-1,OTI,0,0
AACTTCTGTAAGTCCG-1,OTI,1,8
AACTTCTGTACGGTTG-1,OTI,2,33
AACTTCTGTACTTCAT-1,C57BL6,2,8
AACTTCTGTAGGAAAT-1,C57BL6,1,6
AACTTCTGTATAGGGA-1,C57BL6,0,0
AACTTCTGTATATGTG-1,OTI,6,64
AACTTCTGTATCCGCT-1,C57BL6,0,0
AACTTCTGTCACGTTC-1,OTI,2,51
AACTTCTGTCTAATCT-1,C57BL6,1,4
AACTTCTGTCTGATAA-1,OTI,0,0
AACTTCTGTGCGAATT-1,C57BL6,1,5
AACTTCTGTGGTTGAT-1,OTI,0,0
AACTTCTGTGTAAGCT-1,C57BL6,0,0
AACTTCTGTGTGAGTT-1,C57BL6,0,0
AACTTGTAGACAGTTT-1,OTI,0,0
AACTTGTAGAGCAGCA-1,C57BL6,0,0
AACTTGTAGCGGGTAA-1,OTI,2,7
AACTTGTAGCGTAATT-1,C57BL6,0,0
AACTTTCGTAACTCGG-1,OTI,3,81
AACTTTCGTACCTTGC-1,C57BL6,0,0
AACTTTCGTAGTCCAG-1,OTI,0,0
AACTTTCGTAGTCTGG-1,OTI,4,147
AACTTTCGTCCCATGT-1,OTI,4,54
AACTTTCGTCGTATGG-1,C57BL6,1,2
AACTTTCGTCTCTAGC-1,OTI,7,231
AACTTTCGTCTGTGGA-1,OTI,0,0
AACTTTCGTGTCCGGG-1,OTI,8,161
AAGCAAATCAATGCGC-1,OTI,3,34
AAGCAAATCACCCCTA-1,C57BL6,0,0
AAGCAAATCACGAACC-1,OTI,2,128
AAGCAAATCCTACTAC-1,OTI,3,16
AAGCAAATCCTGGGCA-1,OTI,4,301
AAGCAAGGTCCCTAGT-1,OTI,4,149
AAGCAAGGTGCATAGT-1,C57BL6,0,0
AAGCAAGGTGGTAAAG-1,C57BL6,0,0
AAGCAATCAAAACCAG-1,OTI,5,135
AAGCAATCAAACTCAC-1,C57BL6,1,4
AAGCAATCAAGCGCGA-1,OTI,2,6
AAGCAATCAATGCTTA-1,OTI,0,0
AAGCAATCACTCGGTA-1,OTI,2,23
AAGCACCTCAATTGTA-1,OTI,0,0
AAGCACCTCCCAAATG-1,OTI,4,328
AAGCACCTCCGCAATA-1,OTI,0,0
AAGCATAAGAAGCGTG-1,OTI,9,97
AAGCATAAGCACGGAA-1,OTI,3,97
AAGCATAAGGTCGTAC-1,C57BL6,0,0
AAGCATCGTAGCAGTT-1,OTI,1,5
AAGCATCGTATCTCGC-1,C57BL6,0,0
AAGCATCGTATGTACA-1,C57BL6,0,0
AAGCATCGTCGTGCCC-1,C57BL6,0,0
AAGCATCGTGCGCTGG-1,OTI,3,156
AAGCATCGTGGCGCAT-1,OTI,2,32
AAGCATGCAACGCGCT-1,OTI,0,0
AAGCATGCAATTACGC-1,OTI,5,64
AAGCATGCACCTCTCG-1,C57BL6,0,0
AAGCATTTCATTGTAA-1,OTI,4,122
AAGCATTTCCCACATT-1,OTI,3,45
AAGCATTTCGTATCAG-1,C57BL6,0,0
AAGCATTTCGTCGCTC-1,C57BL6,1,2
AAGCCAACAATATCTG-1,OTI,4,115
AAGCCAACAATGATCC-1,OTI,4,61
AAGCCAACACATATCA-1,OTI,9,416
AAGCCAACACCACGGT-1,OTI,1,4
AAGCCAACAGCCACTA-1,OTI,0,0
AAGCCAACAGTACTCG-1,OTI,3,36
AAGCCAACAGTTCTCC-1,OTI,4,106
AAGCCACTCAGTCCTT-1,C57BL6,0,0
AAGCCACTCCGTTACT-1,OTI,10,303
AAGCCACTCCTAACTC-1,C57BL6,1,1
AAGCCACTCCTCTGCA-1,OTI,7,196
AAGCCAGAGCAAACCC-1,OTI,2,57
AAGCCAGAGCCCACAG-1,C57BL6,0,0
AAGCCAGAGCGCGTAT-1,OTI,1,2
AAGCCAGAGGTAGTGG-1,OTI,3,44
AAGCCAGAGGTTGGTC-1,OTI,4,17
AAGCCATGTATGCAGT-1,OTI,2,41
AAGCCATGTCAACGTG-1,OTI,2,8
AAGCCATGTGGCACGT-1,OTI,1,51
AAGCCATGTGGCGAGA-1,C57BL6,0,0
AAGCCCAGTAACCGGC-1,OTI,6,423
AAGCCCAGTAATTGTG-1,C57BL6,0,0
AAGCCCAGTACTTCAT-1,OTI,2,54
AAGCCCAGTATAAGCC-1,OTI,2,84
AAGCCCAGTGTCGAAT-1,C57BL6,1,5
AAGCCGAAGGGTACGA-1,OTI,3,76
AAGCCGAAGGTAAGCG-1,OTI,1,1
AAGCCGAAGGTAGACG-1,C57BL6,0,0
AAGCCGCGTCATAGGT-1,OTI,7,143
AAGCCGCGTCTCGCAT-1,C57BL6,1,10
AAGCCGGCACTTCGTC-1,OTI,1,2
AAGCCGGCAGCCTCTT-1,C57BL6,0,0
AAGCCGGCAGCTACCA-1,OTI,7,47
AAGCCGGCAGGCATTT-1,C57BL6,0,0
AAGCCGTTCACTTCGT-1,C57BL6,1,4
AAGCCGTTCAGAGTAA-1,OTI,0,0
AAGCCGTTCAGGGTCT-1,OTI,3,9
AAGCCGTTCGCATAAT-1,C57BL6,1,2
AAGCCGTTCGCGGATT-1,OTI,4,84
AAGCCGTTCGTCTCTG-1,OTI,2,19
AAGCCGTTCGTTGTCT-1,C57BL6,0,0
AAGCCTATCATCGCTT-1,OTI,2,158
AAGCCTATCCCACATT-1,C57BL6,1,4
AAGCCTATCCCATCTG-1,OTI,3,4
AAGCCTATCGCGTGTG-1,C57BL6,0,0
AAGCGATAGATCGCGT-1,OTI,1,7
AAGCGATAGCTACATG-1,OTI,0,0
AAGCGATAGGCTCTAA-1,OTI,0,0
AAGCGCCGTAACGCCA-1,C57BL6,1,8
AAGCGCCGTAAGCGCC-1,OTI,4,163
AAGCGCCGTAAGTAGG-1,OTI,0,0
AAGCGCCGTAATGGCT-1,OTI,7,152
AAGCGCCGTAGAGTGA-1,C57BL6,0,0
AAGCGCCGTAGCGGAG-1,OTI,4,198
AAGCGCCGTATCATTC-1,OTI,2,16
AAGCGCCGTATCGCAG-1,OTI,0,0
AAGCGCCGTCGACTCT-1,C57BL6,0,0
AAGCGCCGTCGATGAT-1,OTI,6,323
AAGCGCCGTCGCCCGT-1,OTI,9,16
AAGCGGCAGAAAGTGC-1,OTI,2,10
AAGCGGCAGATACCAT-1,OTI,1,25
AAGCGGCAGCAATGTT-1,C57BL6,1,6
AAGCGGCAGCAGGGAC-1,OTI,0,0
AAGCGGCAGCATTAGT-1,C57BL6,1,10
AAGCGGCAGCGCTGTG-1,C57BL6,0,0
AAGCGGCAGGGCCTTG-1,OTI,0,0
AAGCGGCAGGGGTATG-1,OTI,0,0
AAGCGGCAGGTCGCCA-1,C57BL6,1,2
AAGCGTACAAACACCT-1,OTI,2,60
AAGCGTACAAATCACC-1,C57BL6,1,8
AAGCGTACAACCTTAA-1,OTI,5,501
AAGCGTACAACGAAAT-1,OTI,2,21
AAGCGTACAAGCTATC-1,OTI,5,108
AAGCGTACAAGGACTA-1,OTI,1,2
AAGCGTACAATATGTT-1,OTI,1,24
AAGCGTACACAGCACC-1,C57BL6,1,43
AAGCGTACACATACCG-1,OTI,0,0
AAGCGTACACGAATCT-1,OTI,0,0
AAGCGTCTCAACTGCA-1,OTI,1,68
AAGCGTCTCACTCTCG-1,C57BL6,2,2
AAGCGTCTCCAACACA-1,C57BL6,0,0
AAGCGTCTCGGTGCAT-1,C57BL6,1,7
AAGCGTGAGAATACAG-1,C57BL6,0,0
AAGCGTGAGACCCATA-1,OTI,1,5
AAGCGTGAGCAAGCTC-1,C57BL6,1,5
AAGCGTGAGCAGCCAT-1,C57BL6,1,1
AAGCGTGAGCGGATAG-1,C57BL6,1,1
AAGCGTGAGGGTCTGT-1,OTI,2,259
AAGCGTGAGGTAGCTC-1,OTI,2,5
AAGCGTGAGGTTATCG-1,OTI,4,189
AAGCGTTGTAAACTGC-1,C57BL6,0,0
AAGCGTTGTACTCTAT-1,OTI,7,176
AAGCGTTGTAGCGTAT-1,OTI,5,55
AAGCGTTGTCAATGCG-1,OTI,1,236
AAGCGTTGTCGATGGC-1,OTI,2,7
AAGCGTTGTCGGGTTA-1,OTI,2,6
AAGCGTTGTGCTAGTG-1,OTI,0,0
AAGCTAAAGAATTGAG-1,OTI,4,45
AAGCTAAAGACATTCG-1,OTI,5,67
AAGCTAAAGACGAGGC-1,C57BL6,2,14
AAGCTAAAGATAATCC-1,C57BL6,0,0
AAGCTAAAGATATTGC-1,OTI,4,233
AAGCTAAAGCCATGCG-1,OTI,3,24
AAGCTAGCAAATGACG-1,OTI,0,0
AAGCTAGCAAGTCCAT-1,OTI,1,12
AAGCTAGCACCATTCC-1,OTI,1,2
AAGCTAGCACCTAGAT-1,OTI,1,8
AAGCTAGCACCTTCTA-1,OTI,3,29
AAGCTAGCACGATAAG-1,OTI,6,258
AAGCTAGCACTGCTCT-1,C57BL6,1,4
AAGCTAGCAGCCAATT-1,OTI,1,22
AAGCTATTCACATACG-1,C57BL6,0,0
AAGCTATTCAGTGATT-1,OTI,2,4
AAGCTATTCATAAGTC-1,OTI,3,54
AAGCTATTCGCATAAT-1,OTI,1,18
AAGCTCATCAACGCAC-1,C57BL6,0,0
AAGCTCATCATAATGC-1,OTI,2,19
AAGCTCATCCAATCAG-1,C57BL6,0,0
AAGCTCATCCCCACGT-1,OTI,0,0
AAGCTCATCGCCACTC-1,OTI,2,33
AAGCTCATCGCTCGCT-1,OTI,0,0
AAGCTCATCGGACGTT-1,OTI,5,297
AAGCTCTCAAAGTGCA-1,OTI,1,5
AAGCTCTCAACTTAAT-1,C57BL6,0,0
AAGCTCTCACGACACC-1,OTI,2,20
AAGCTCTCACTATTCT-1,OTI,0,0
AAGCTCTCAGGGTCAG-1,OTI,0,0
AAGCTCTCAGGTTAGA-1,OTI,6,298
AAGCTCTCAGTCCTCT-1,OTI,4,256
AAGCTCTCAGTGAAGC-1,C57BL6,0,0
AAGCTGGAGACTCCAA-1,OTI,0,0
AAGCTGGAGAGCAACG-1,OTI,3,140
AAGCTGGAGAGTTGAA-1,C57BL6,2,13
AAGCTGGAGCCCTTAT-1,OTI,0,0
AAGCTGGAGGTCCTTT-1,OTI,1,439
AAGCTTCCAAACCACT-1,OTI,3,149
AAGCTTCCAAATTTCG-1,OTI,1,194
AAGCTTCCAACGATAG-1,C57BL6,2,22
AAGCTTCCAATATGCC-1,OTI,0,0
AAGCTTCCACCTCAGA-1,C57BL6,2,7
AAGCTTCCACGATAAG-1,OTI,0,0
AAGCTTCCACGCAGCT-1,OTI,4,57
AAGCTTCCACGTTCGA-1,OTI,4,61
AAGCTTCCAGCCACTA-1,OTI,2,596
AAGCTTGTCAAATGTC-1,OTI,2,12
AAGCTTGTCAACATTA-1,OTI,7,69
AAGCTTGTCACAACAT-1,OTI,4,209
AAGCTTGTCACTAATA-1,OTI,2,73
AAGCTTGTCATGGGTC-1,OTI,2,160
AAGCTTGTCATTCGCT-1,OTI,9,116
AAGCTTGTCCAATGTG-1,OTI,4,186
AAGCTTGTCCACTCCA-1,OTI,1,2
AAGCTTGTCCGTATCT-1,OTI,1,3
AAGCTTGTCCTTAATT-1,OTI,5,250
AAGCTTGTCCTTCAAC-1,C57BL6,6,9
AAGCTTGTCGGCGCTA-1,OTI,2,6
AAGCTTGTCGTGTATG-1,C57BL6,2,7
AAGCTTTAGAACGGGC-1,OTI,9,459
AAGCTTTAGATCCTAG-1,OTI,1,1
AAGCTTTAGCGTAATT-1,OTI,3,47
AAGCTTTAGCTACGCG-1,OTI,2,20
AAGCTTTAGCTCGAAC-1,OTI,3,94
AAGGAATGTATATTCC-1,OTI,3,38
AAGGAATGTCATACCC-1,OTI,0,0
AAGGAATGTCGTGTTC-1,C57BL6,0,0
AAGGAATGTCTACAGG-1,OTI,3,14
AAGGAATGTGTCGAGC-1,OTI,4,27
AAGGAATGTGTGCATG-1,C57BL6,0,0
AAGGAATGTGTGTATA-1,OTI,1,9
AAGGAATGTGTTGCGA-1,OTI,5,22
AAGGACCCAAACCGAA-1,C57BL6,0,0
AAGGACCCAACAATGG-1,OTI,0,0
AAGGACCCAACAATTT-1,OTI,2,6
AAGGACCCAACGAAAT-1,OTI,3,99
AAGGACCCAATTAATC-1,OTI,3,113
AAGGACCCACACTCGA-1,OTI,3,15
AAGGACCCACATTCGG-1,OTI,4,256
AAGGACCCACCGGAAG-1,OTI,2,728
AAGGAGGCAAGCCATT-1,OTI,1,270
AAGGAGGCAAGCGTCC-1,OTI,4,390
AAGGAGGCAAGGGGAA-1,OTI,6,64
AAGGAGGCAATGCGAA-1,C57BL6,1,3
AAGGAGGCAATTACCA-1,C57BL6,1,11
AAGGAGGCACAAATGG-1,OTI,11,276
AAGGAGGCACAACCCA-1,OTI,2,24
AAGGAGGCACAGCGTC-1,OTI,4,28
AAGGAGGCACCAACGC-1,C57BL6,3,5
AAGGAGGCAGCGCATC-1,OTI,0,0
AAGGCACCAACCCCAA-1,OTI,4,30
AAGGCACCAAGTCGGG-1,OTI,0,0
AAGGCACCAAGTGCAA-1,OTI,7,246
AAGGCACCAATAAGGT-1,OTI,1,31
AAGGCACCAATTCATG-1,OTI,4,408
AAGGCACCACAGCGTC-1,OTI,1,10
AAGGCACCACGGCTAC-1,OTI,2,103
AAGGCACCACTCACCT-1,OTI,2,29
AAGGCACCACTTCATT-1,OTI,1,735
AAGGCATAGAGCCCAT-1,C57BL6,0,0
AAGGCATAGAGCTTGC-1,OTI,3,18
AAGGCATAGCATAGCC-1,OTI,1,4
AAGGCATAGCCTGGTG-1,C57BL6,0,0
AAGGCATAGCTAGTGC-1,OTI,3,16
AAGGCATAGCTTGGGT-1,OTI,1,20
AAGGCATAGGCTCACG-1,OTI,1,21
AAGGCATAGGCTTTGA-1,OTI,0,0
AAGGCCCGTATGTACA-1,OTI,3,48
AAGGCCCGTATTCTGT-1,C57BL6,0,0
AAGGCCCGTATTGCGG-1,OTI,8,86
AAGGCCCGTCAGTTCC-1,OTI,6,74
AAGGCCCGTCGTGTCT-1,C57BL6,2,10
AAGGCCCGTCTCGCCA-1,OTI,4,129
AAGGCCCGTGTATCTT-1,C57BL6,0,0
AAGGCCGCAACTATAT-1,OTI,0,0
AAGGCCGCAAGTCGCC-1,OTI,6,363
AAGGCCGCAATATCTG-1,C57BL6,0,0
AAGGCCGCACCTCTAC-1,OTI,0,0
AAGGCGCAGACATGCC-1,OTI,8,2026
AAGGCGCAGAGAGGAA-1,C57BL6,0,0
AAGGCGCAGATTCAGT-1,OTI,5,322
AAGGCGCAGCCTGCGA-1,C57BL6,0,0
AAGGCGCAGGTAACCC-1,OTI,2,14
AAGGCTCTCACCAAGC-1,OTI,0,0
AAGGCTCTCACGCAGT-1,OTI,1,16
AAGGCTCTCCATTGCT-1,C57BL6,0,0
AAGGCTCTCCGCCGTT-1,C57BL6,3,5
AAGGCTCTCCTGGTAA-1,OTI,5,17
AAGGCTGAGACGAACG-1,OTI,3,37
AAGGCTGAGCTACTGA-1,OTI,10,88
AAGGCTGAGGCTACCG-1,C57BL6,0,0
AAGGCTGAGGCTGGTT-1,OTI,8,202
AAGGCTGAGGTCCGCA-1,C57BL6,1,77
AAGGCTGAGGTCTCCC-1,OTI,4,57
AAGGCTGAGGTGCTGT-1,OTI,2,2
AAGGGACGTAATCGCG-1,C57BL6,1,1
AAGGGACGTACCCTTA-1,C57BL6,0,0
AAGGGACGTGGCGCTG-1,OTI,0,0
AAGGGACGTGTGCAAT-1,OTI,9,1998
AAGGGAGCAAGCGTAA-1,C57BL6,1,2
AAGGGAGCACCTAGGC-1,C57BL6,0,0
AAGGGAGCAGCATTAC-1,OTI,2,23
AAGGGAGCAGGTTGCC-1,OTI,2,13
AAGGGAGCAGTACTCG-1,OTI,4,45
AAGGGCATCACAACCA-1,OTI,3,18
AAGGGCATCACATTAA-1,C57BL6,1,11
AAGGGCATCACGCTAA-1,OTI,2,153
AAGGGCATCATTCGCT-1,C57BL6,0,0
AAGGGCATCCCATCAT-1,OTI,1,53
AAGGGCATCCCTTCGA-1,C57BL6,0,0
AAGGGCATCCGTACAA-1,OTI,6,25
AAGGGCATCGCCTAAA-1,OTI,0,0
AAGGGCATCGGCGTCA-1,OTI,2,24
AAGGGCATCGTATCAG-1,OTI,6,175
AAGGGCCAGACCAATT-1,OTI,1,11
AAGGGCCAGACTCGAC-1,OTI,1,14
AAGGGCCAGAGGTTAA-1,OTI,2,229
AAGGGCCAGATCTTGG-1,OTI,10,217
AAGGGCCAGCCGATAC-1,OTI,1,4
AAGGGCCAGCTGTCGG-1,OTI,0,0
AAGGGCCAGGCTACCG-1,C57BL6,1,12
AAGGGCCAGGGGAATT-1,OTI,2,90
AAGGGGACAAAGCCAA-1,C57BL6,0,0
AAGGGGACACAAGTAG-1,OTI,7,189
AAGGGGACACACCTCT-1,OTI,4,149
AAGGGGACACCGGTTA-1,OTI,0,0
AAGGGGACACGCGACT-1,OTI,1,13
AAGGGGCTCACACACA-1,OTI,4,16
AAGGGGCTCCCAAATG-1,OTI,7,231
AAGGGGCTCGGAGTCT-1,C57BL6,0,0
AAGGGGCTCGGCTATA-1,OTI,1,66
AAGGGGCTCGTATCTC-1,OTI,10,107
AAGGGGCTCGTTGACA-1,C57BL6,0,0
AAGGGTAGTAAAGCCT-1,C57BL6,0,0
AAGGGTAGTACATCCC-1,OTI,5,237
AAGGGTAGTAGGACTT-1,OTI,0,0
AAGGGTAGTATATTCC-1,OTI,3,19
AAGGGTAGTCTATCCA-1,OTI,0,0
AAGGGTAGTCTGTCTA-1,C57BL6,1,9
AAGGGTAGTGGCGTTA-1,OTI,3,428
AAGGGTAGTGGTGTAT-1,OTI,0,0
AAGGGTAGTGTACCCT-1,OTI,0,0
AAGGGTGTCAGTTTCC-1,C57BL6,0,0
AAGGGTGTCATCAATA-1,OTI,2,8
AAGGGTTAGACCACGT-1,C57BL6,0,0
AAGGGTTAGCAAATGA-1,OTI,2,16
AAGGGTTAGCAATCCA-1,C57BL6,1,4
AAGGGTTAGGGTACAG-1,C57BL6,6,20
AAGGGTTAGGTAGGGC-1,C57BL6,0,0
AAGGGTTAGGTTATCG-1,OTI,3,130
AAGGTAATCAAGCTAT-1,C57BL6,3,29
AAGGTAATCATGACCA-1,C57BL6,7,156
AAGGTAATCATTGTCC-1,C57BL6,2,7
AAGGTAATCCTGCGTC-1,C57BL6,0,0
AAGGTAATCGCACGTG-1,OTI,0,0
AAGGTAATCGCCCTTA-1,OTI,0,0
AAGGTAGGTATTGTCT-1,OTI,1,8
AAGGTAGGTCCAGTAG-1,OTI,1,11
AAGGTAGGTGGTGCCG-1,C57BL6,2,22
AAGGTAGGTGGTGTGC-1,C57BL6,0,0
AAGGTAGGTGTCTGAG-1,OTI,1,1
AAGGTCTGTAAGGCCC-1,OTI,1,7
AAGGTCTGTACCCCTG-1,OTI,2,30
AAGGTCTGTACCTGTC-1,C57BL6,2,9
AAGGTCTGTATTGCGG-1,OTI,1,148
AAGGTCTGTGTCCTTA-1,OTI,0,0
AAGGTGTAGACAACGG-1,OTI,0,0
AAGGTGTAGAGCAAGT-1,OTI,1,34
AAGGTGTAGCACCCGA-1,OTI,5,267
AAGGTGTAGCGTGAGA-1,OTI,0,0
AAGGTGTAGCGTTAAT-1,OTI,2,9
AAGGTGTAGGGTTGTC-1,C57BL6,0,0
AAGGTTAAGACTTAAC-1,OTI,5,62
AAGGTTAAGCACTGCG-1,C57BL6,0,0
AAGGTTAAGCCCAACG-1,OTI,4,19
AAGGTTAAGCGATTGC-1,OTI,4,132
AAGGTTAAGCTGTGGT-1,OTI,2,86
AAGGTTAAGGCACAAG-1,OTI,0,0
AAGGTTAAGGCACCAT-1,OTI,1,2
AAGGTTAAGGGATTAA-1,OTI,0,0
AAGGTTCGTAGAGTAG-1,C57BL6,0,0
AAGGTTCGTAGGTATC-1,OTI,2,35
AAGGTTCGTATGGAGA-1,OTI,2,87
AAGGTTCGTCCCAATC-1,OTI,4,59
AAGGTTCGTGCCTTGT-1,OTI,2,19
AAGGTTCGTGTCGCGG-1,OTI,4,41
AAGTAACCAAAGCATG-1,OTI,0,0
AAGTAACCAAGCGCAG-1,OTI,2,183
AAGTAACCACCGTCAA-1,OTI,3,22
AAGTAACCACGCATAT-1,C57BL6,0,0
AAGTAACCACTATACA-1,OTI,7,113
AAGTAACCACTTCGTC-1,OTI,1,13
AAGTAACCAGGAATAT-1,OTI,2,12
AAGTAACCAGGACACG-1,OTI,1,4
AAGTACAAGACATCCA-1,OTI,4,31
AAGTACAAGATGCCCG-1,OTI,6,31
AAGTACAAGCCTTTCG-1,C57BL6,0,0
AAGTACAAGCTAGCGT-1,C57BL6,0,0
AAGTACAAGGCTCAAC-1,OTI,0,0
AAGTACAAGGCTCTAA-1,C57BL6,0,0
AAGTACAAGGTAAGCG-1,OTI,1,136
AAGTACGCAAAGCAAT-1,C57BL6,0,0
AAGTACGCAATGGTAG-1,OTI,1,17
AAGTACGCACGAACCC-1,OTI,1,8
AAGTACGCAGTGCAGG-1,C57BL6,0,0
AAGTAGCAGACCTTTC-1,OTI,3,108
AAGTAGCAGAGCTTAT-1,OTI,2,11
AAGTAGCAGATCCGTA-1,OTI,9,145
AAGTAGCAGCATTCGA-1,OTI,7,382
AAGTAGCAGCCTAAGC-1,OTI,8,208
AAGTAGCAGCTCAGTA-1,C57BL6,0,0
AAGTAGGGTATGGTTA-1,OTI,3,128
AAGTAGGGTCCAGTGA-1,C57BL6,0,0
AAGTAGGGTCCTTGCG-1,OTI,2,90
AAGTAGGGTCTAAGGT-1,OTI,5,138
AAGTAGGGTGTAAAGG-1,OTI,0,0
AAGTATACACCGCTAA-1,C57BL6,0,0
AAGTATACACGGTCGT-1,C57BL6,1,14
AAGTATACAGCGACCT-1,OTI,0,0
AAGTCCATCAATATGC-1,OTI,4,69
AAGTCCATCAATCTGG-1,C57BL6,0,0
AAGTCCATCATTAATG-1,OTI,3,14
AAGTCCGGTAGCAGGG-1,OTI,6,23
AAGTCCGGTCGAAGGG-1,C57BL6,3,4
AAGTCCGGTCTGTCTA-1,OTI,8,188
AAGTCCGGTGGTCAAT-1,C57BL6,0,0
AAGTCCGGTGTATTCT-1,OTI,0,0
AAGTCGCTCACCCGCT-1,C57BL6,1,12
AAGTCGCTCACGCGCA-1,OTI,1,24
AAGTCGCTCATTACAA-1,OTI,1,4
AAGTCGCTCATTGGGC-1,OTI,2,30
AAGTCGCTCCAATTCC-1,OTI,3,55
AAGTCGCTCCGTCAAA-1,C57BL6,1,20
AAGTCTAGTAAGTGCT-1,OTI,7,99
AAGTCTAGTAATGTTG-1,OTI,2,108
AAGTCTAGTACCTCCG-1,OTI,1,13
AAGTCTAGTAGGATTC-1,C57BL6,1,38
AAGTCTAGTAGTGATC-1,C57BL6,1,5
AAGTCTAGTCAGGCGT-1,C57BL6,0,0
AAGTCTAGTGCCCTAT-1,OTI,0,0
AAGTCTCCAACTAAGG-1,OTI,7,354
AAGTCTCCAATAACTT-1,OTI,0,0
AAGTCTCCAATCGTCG-1,OTI,1,5
AAGTCTCCAATTCATG-1,OTI,3,184
AAGTCTCCAGCGGGTA-1,C57BL6,1,1
AAGTCTCCAGTTGGAA-1,OTI,3,168
AAGTGAGGTAACAGGA-1,OTI,5,203
AAGTGAGGTATTGGTA-1,C57BL6,1,12
AAGTGAGGTGGTAGCC-1,C57BL6,0,0
AAGTGAGGTGGTTCGA-1,OTI,2,65
AAGTGCACAATCTGAC-1,OTI,4,69
AAGTGCACACCGTTAG-1,OTI,4,506
AAGTGCACACCGTTTC-1,C57BL6,0,0
AAGTGCACAGGTGCGA-1,OTI,3,74
AAGTGCACAGTGATTC-1,OTI,1,41
AAGTGCTGTACCCGTT-1,OTI,0,0
AAGTGCTGTCGACTTC-1,C57BL6,0,0
AAGTGCTGTGCTATCC-1,OTI,8,190
AAGTGCTGTGTAAGTC-1,OTI,1,5
AAGTGTAAGGCAATTT-1,OTI,4,206
AAGTGTAAGGCCATAC-1,OTI,3,40
AAGTGTAAGGGCGAAC-1,OTI,3,44
AAGTGTAAGGTATGTT-1,C57BL6,0,0
AAGTGTCGTAGCTGGC-1,OTI,5,334
AAGTGTCGTCAGGATT-1,OTI,2,11
AAGTGTCGTCATTCCA-1,OTI,1,5
AAGTGTCGTCGCTGGG-1,C57BL6,0,0
AAGTGTCGTGCCTTCG-1,OTI,3,18
AAGTTCCCAGCATTTA-1,C57BL6,1,37
AAGTTCCCAGTATTAT-1,C57BL6,1,10
AAGTTCGTCACCTTCG-1,OTI,2,10
AAGTTCGTCACTATAA-1,OTI,0,0
AAGTTCGTCAGGACTC-1,C57BL6,2,6
AAGTTCGTCCCAAAGC-1,OTI,1,1
AAGTTCGTCCCTTTAA-1,C57BL6,0,0
AAGTTCGTCGGTAATT-1,OTI,1,464
AAGTTCGTCGGTTACA-1,C57BL6,1,5
AAGTTGCGTATGAGCT-1,OTI,0,0
AAGTTGCGTGTATGCG-1,C57BL6,2,4
AAGTTGCGTGTCTTAT-1,OTI,6,220
AAGTTTGGTAAGCGTT-1,C57BL6,0,0
AAGTTTGGTACTCAGG-1,OTI,9,180
AAGTTTGGTGCAAGCC-1,OTI,0,0
AAGTTTGGTGCGAGAG-1,OTI,2,113
AATACAACAAAATCCC-1,OTI,9,73
AATACAACAAACTACC-1,OTI,6,124
AATACAACAAATGACG-1,OTI,4,31
AATACAACACCTAGGC-1,C57BL6,1,4
AATACAACACTGGAGG-1,C57BL6,1,10
AATACAACAGTGCTCA-1,OTI,3,710
AATACAGAGAAAGCCG-1,C57BL6,1,61
AATACAGAGAAGGTGT-1,OTI,0,0
AATACAGAGAAGTAGC-1,OTI,0,0
AATACAGAGGTATTGT-1,OTI,0,0
AATACCCCAACACCCA-1,C57BL6,0,0
AATACGAAGAAAGGAG-1,C57BL6,0,0
AATACGAAGAGCCTGT-1,OTI,1,28
AATACGAAGATCCGAC-1,OTI,5,65
AATACGAAGCACCGCA-1,OTI,3,45
AATACGAAGCCATCGG-1,C57BL6,0,0
AATACGAAGCTAGGAG-1,OTI,1,33
AATACGAAGCTCTCAT-1,OTI,1,35
AATACGAAGGCTCATA-1,OTI,3,234
AATACGAAGGTATAGA-1,C57BL6,0,0
AATACGTTCAGCCCCT-1,OTI,8,33
AATACGTTCATGCCTT-1,OTI,2,131
AATACGTTCCATCGTT-1,OTI,4,176
AATACGTTCCCTGTCA-1,OTI,5,23
AATACGTTCGTATTGG-1,OTI,0,0
AATACGTTCGTTCGTT-1,OTI,4,38
AATACTGGTAAAGTGG-1,OTI,0,0
AATACTGGTAACCCCT-1,C57BL6,0,0
AATACTGGTATAGGCT-1,C57BL6,2,13
AATACTGGTATCCGCT-1,OTI,2,23
AATACTGGTCACCCAT-1,C57BL6,1,3
AATACTGGTCCCATGT-1,OTI,5,133
AATACTGGTCGGTTTC-1,C57BL6,0,0
AATACTGGTCTTGATT-1,C57BL6,0,0
AATATAGCAAACCACT-1,OTI,0,0
AATATAGCACCCTTCG-1,OTI,0,0
AATATAGCACCGCTAA-1,OTI,0,0
AATATAGCACCTCATC-1,C57BL6,0,0
AATATCATCACGCGCA-1,C57BL6,0,0
AATATCATCAGGTAAA-1,OTI,3,45
AATATCATCCGGCTTC-1,OTI,0,0
AATATCATCCTGATTC-1,C57BL6,0,0
AATATCATCGCGGTTG-1,OTI,0,0
AATATCCAGACTCGAC-1,C57BL6,0,0
AATATCCAGCGTATAT-1,C57BL6,3,24
AATATCCAGCGTCTAA-1,OTI,3,298
AATATCCAGGCACCCA-1,C57BL6,0,0
AATATCCAGGCTCGAT-1,OTI,1,2
AATATCCAGGGCGAAC-1,C57BL6,0,0
AATATCTCAAGTGCAA-1,OTI,2,87
AATATCTCAATGCATC-1,OTI,1,11
AATATCTCACGGCAAG-1,OTI,8,80
AATATCTCAGCATAAG-1,C57BL6,0,0
AATATGCTCACCCCGT-1,OTI,3,102
AATATGCTCCGGTCAG-1,C57BL6,0,0
AATATGCTCGCGGCTA-1,OTI,1,5
AATATGCTCGTACGGT-1,OTI,2,32
AATATGCTCGTCTTAC-1,OTI,1,8
AATATTCCAAATTGCC-1,OTI,2,20
AATATTCCAAGGGCAT-1,C57BL6,2,14
AATATTCCAAGTGTCT-1,OTI,11,290
AATATTCCACGGAAAC-1,OTI,2,73
AATATTCCAGTACGAA-1,C57BL6,1,2
AATATTGTCAAGGGGC-1,OTI,4,48
AATATTGTCACCATCT-1,OTI,0,0
AATATTGTCCACTTCG-1,C57BL6,0,0
AATATTGTCCCCAGCT-1,OTI,3,19
AATATTGTCCGGCACA-1,OTI,4,123
AATATTGTCCTCCGGT-1,C57BL6,1,7
AATATTGTCCTCCTCT-1,OTI,6,124
AATATTGTCGCTGTGG-1,OTI,2,79
AATATTGTCGTAGCGT-1,OTI,1,17
AATCAAGAGACCTACA-1,OTI,0,0
AATCAAGAGCCGTCAG-1,C57BL6,0,0
AATCAAGAGCTTGGGT-1,OTI,7,404
AATCAAGAGGCTTGTA-1,OTI,2,617
AATCAAGAGGGCCTTG-1,OTI,6,42
AATCAAGAGGTTAATC-1,C57BL6,0,0
AATCACCCAAACATAA-1,OTI,2,38
AATCACCCAACGAAAT-1,OTI,1,29
AATCACCCAACGATAG-1,OTI,4,383
AATCACCCAACGCACC-1,OTI,6,1465
AATCACCCAATCTGAC-1,OTI,2,31
AATCACCCACCTAGAT-1,OTI,3,273
AATCACCCAGGAATAT-1,OTI,4,199
AATCACCCAGGTAAAT-1,OTI,0,0
AATCAGCGTAACTCGG-1,OTI,0,0
AATCAGCGTAATCTAG-1,OTI,2,86
AATCAGCGTAATGTGC-1,OTI,2,17
AATCAGCGTATTCAGA-1,OTI,4,124
AATCAGCGTCAGGGTC-1,OTI,8,737
AATCAGCGTCCAGTAG-1,OTI,3,156
AATCAGCGTCCTTGTA-1,OTI,2,150
AATCAGCGTCTGCATC-1,OTI,2,28
AATCAGCGTGGGAGTG-1,C57BL6,1,7
AATCAGCGTGTGTTAA-1,C57BL6,0,0
AATCATATCATGCGTA-1,OTI,3,96
AATCCCCGTATAGGGA-1,C57BL6,0,0
AATCCCCGTCGCGGAT-1,C57BL6,0,0
AATCCCCGTGCTGGGT-1,OTI,4,26
AATCCCCGTGGCAATT-1,OTI,1,4
AATCCCCGTGTTATAG-1,OTI,5,35
AATCCCGCACCCTCAT-1,OTI,0,0
AATCCCGCACCGACAC-1,C57BL6,0,0
AATCCCTTCACAGCTA-1,OTI,3,34
AATCCCTTCCACCCTA-1,C57BL6,1,2
AATCCCTTCCGGCCTT-1,OTI,2,74
AATCCCTTCGCTAATG-1,OTI,1,51
AATCCCTTCGGTGGTT-1,OTI,2,38
AATCCCTTCGTAGATT-1,OTI,0,0
AATCCGGGTAAGCCCA-1,C57BL6,1,3
AATCCGGGTAAGCGCC-1,OTI,3,182
AATCCGGGTATCAGTA-1,C57BL6,4,4
AATCCGGGTCACCGGG-1,OTI,0,0
AATCCGGGTCGACGTA-1,C57BL6,0,0
AATCCGGGTCGTACAG-1,C57BL6,0,0
AATCCGGGTGTGAGTT-1,OTI,1,3
AATCCGTCAACCATCG-1,OTI,3,14
AATCCGTCAATCCAAC-1,C57BL6,0,0
AATCCGTCAATGACAG-1,OTI,0,0
AATCCGTCACGACCTA-1,C57BL6,1,4
AATCCGTCACGGCACT-1,C57BL6,0,0
AATCCTCTCACATCAG-1,C57BL6,0,0
AATCCTCTCACATGTG-1,OTI,0,0
AATCCTCTCATATCCC-1,OTI,1,1
AATCCTCTCATTGGCA-1,OTI,1,3
AATCCTCTCCACACCC-1,OTI,3,53
AATCCTCTCCGGTTAA-1,OTI,0,0
AATCCTCTCCTAGTTC-1,OTI,3,47
AATCCTCTCGCTGTGG-1,C57BL6,0,0
AATCCTCTCGTCTTCG-1,OTI,6,73
AATCGAGCAAGGCCGA-1,C57BL6,0,0
AATCGAGCACTGCAAT-1,OTI,6,545
AATCGCATCATTACTT-1,OTI,8,120
AATCGCATCCACCCTA-1,OTI,9,317
AATCGCATCCCCATGC-1,C57BL6,0,0
AATCGCATCGCACTCC-1,C57BL6,0,0
AATCGCATCGCTAATG-1,C57BL6,1,1
AATCGCATCGTTCACT-1,C57BL6,0,0
AATCGCGGTAGGACGG-1,OTI,7,481
AATCGCGGTATTCTGT-1,OTI,2,25
AATCGCGGTCCAAGAT-1,OTI,2,25
AATCGCGGTCGAGTCA-1,OTI,1,10
AATCGCGGTCGTCAGA-1,OTI,0,0
AATCGCGGTCTGGAAT-1,C57BL6,0,0
AATCGCGGTGCTGCCC-1,C57BL6,1,5
AATCGCGGTGTTAGGT-1,OTI,0,0
AATCGGACACATTTAG-1,OTI,4,54
AATCGGACACCTTCCG-1,OTI,2,29
AATCGGACAGCCAATT-1,OTI,4,62
AATCGGACAGCTACAT-1,OTI,2,19
AATCGGCTCATCATCC-1,C57BL6,0,0
AATCGGCTCATCTCTA-1,OTI,0,0
AATCGGCTCCCGCTGT-1,OTI,7,926
AATCGGCTCCTGTCAT-1,OTI,0,0
AATCGGCTCGCCATAA-1,C57BL6,0,0
AATCGGCTCGTCAATG-1,OTI,0,0
AATCGTGTCAAGCGTC-1,C57BL6,2,30
AATCGTGTCAGTCCGG-1,C57BL6,0,0
AATCGTGTCATGCGGT-1,OTI,7,108
AATCGTGTCCAGCTCC-1,OTI,0,0
AATCGTGTCCTAGTTC-1,OTI,0,0
AATCGTGTCGCCACTC-1,OTI,6,52
AATCGTGTCGCGTCAG-1,OTI,7,97
AATCGTGTCGGATCCG-1,C57BL6,0,0
AATCGTGTCGTTGACA-1,OTI,0,0
AATCTAGGTATTGAGC-1,OTI,1,235
AATCTAGGTGGCAATT-1,OTI,2,1019
AATCTAGGTGGCTTTC-1,C57BL6,0,0
AATCTATCAAATTCCA-1,OTI,4,16
AATCTATCAACGAACA-1,OTI,0,0
AATCTATCAACTTACA-1,C57BL6,2,7
AATCTATCAAGACGAC-1,OTI,0,0
AATCTATCAAGTCCAT-1,OTI,10,113
AATCTATCAATCGAGA-1,C57BL6,1,4
AATCTATCAGTGATTC-1,C57BL6,4,4
AATCTCACAAAGTATA-1,C57BL6,1,9
AATCTCACAAGTGTTC-1,OTI,1,2
AATCTCACACACCTCT-1,C57BL6,0,0
AATCTCACACCATACG-1,C57BL6,1,14
AATCTCACACGAAGGT-1,OTI,6,173
AATCTCACACGGCAAG-1,OTI,2,33
AATCTCACACTGACGC-1,OTI,1,4
AATCTCACAGCCAACC-1,OTI,6,73
AATCTCACAGCGACCT-1,C57BL6,0,0
AATCTCACAGCTAGGG-1,OTI,7,113
AATCTCCTCAATGTAC-1,OTI,0,0
AATCTCCTCAGACTGC-1,OTI,3,104
AATCTCCTCATGATGT-1,C57BL6,2,2
AATCTCCTCCCTGTCA-1,C57BL6,0,0
AATCTCCTCCGCCCAT-1,OTI,1,11
AATCTCCTCGTAGTCA-1,OTI,4,195
AATCTCCTCGTCATCT-1,OTI,0,0
AATCTCCTCGTTAGCA-1,C57BL6,0,0
AATCTCTGTCCAACGA-1,OTI,1,74
AATCTCTGTGCCTATC-1,OTI,0,0
AATCTGGTCAATTGGT-1,OTI,9,232
AATCTGGTCACATGTG-1,C57BL6,2,9
AATCTGGTCCACCTCA-1,C57BL6,0,0
AATCTGGTCCTTATGC-1,OTI,4,453
AATCTGGTCGGGGTAA-1,C57BL6,4,4
AATCTGGTCGGTATTG-1,OTI,1,24
AATCTGTAGAGAATTG-1,OTI,4,22
AATCTGTAGCACGTCG-1,OTI,1,38
AATCTGTAGCCGTATA-1,C57BL6,1,6
AATCTGTAGCGATGAG-1,C57BL6,0,0
AATCTGTAGCTTGTGA-1,OTI,1,1
AATCTGTAGGTCAATT-1,OTI,2,277
AATCTTCGTAATACTG-1,C57BL6,0,0
AATCTTCGTAGTTAGC-1,OTI,2,4
AATCTTCGTATGATGC-1,OTI,2,16
AATCTTCGTCATAGTA-1,OTI,1,8
AATCTTCGTCTAAATG-1,OTI,4,78
AATCTTCGTGGTCTAG-1,C57BL6,0,0
AATGAACCAAGCCATT-1,OTI,3,16
AATGAACCACTATGGT-1,OTI,1,9
AATGAACCAGCGCATC-1,OTI,3,39
AATGAACCAGTACTCG-1,OTI,8,243
AATGACAAGACAATAG-1,OTI,0,0
AATGACAAGACCACGT-1,C57BL6,0,0
AATGACAAGATCCGAC-1,OTI,4,64
AATGACAAGCGTGTCG-1,C57BL6,1,6
AATGACAAGCTACTGA-1,OTI,5,146
AATGACAAGGCGTTAC-1,OTI,2,13
AATGACAAGGGAATGT-1,OTI,0,0
AATGACAAGGTCATGC-1,OTI,12,91
AATGACGCAACTTAGC-1,OTI,2,24
AATGACGCAAGCCGTC-1,C57BL6,1,49
AATGACGCAATCGCGC-1,OTI,4,57
AATGACGCAGCAAGAC-1,OTI,3,67
AATGACGCAGTAGGGT-1,OTI,1,3
AATGATGAGACCAATT-1,C57BL6,0,0
AATGATGAGACTCAGC-1,OTI,4,392
AATGATGAGAGAAGGA-1,C57BL6,3,32
AATGATGAGAGCTTGC-1,OTI,4,27
AATGATGAGGCAACGA-1,OTI,1,7
AATGATGAGGCCTATA-1,C57BL6,0,0
AATGATGAGGTCTCCC-1,OTI,2,7
AATGCAAAGAGGTATA-1,OTI,2,196
AATGCAAAGATATACC-1,OTI,1,5
AATGCAAAGATCGACC-1,OTI,0,0
AATGCAAAGCAAACTT-1,OTI,1,7
AATGCAAAGCGCAGTT-1,C57BL6,2,24
AATGCAAAGCTCAGTA-1,OTI,4,44
AATGCAAAGGTATCCA-1,OTI,1,2
AATGCAAAGGTGAGAT-1,OTI,3,135
AATGCCCAGAGAGAGA-1,C57BL6,0,0
AATGCCCAGAGTGATA-1,OTI,1,5
AATGCCCAGCATGCAC-1,OTI,5,156
AATGCCCAGCTCGGCA-1,OTI,5,139
AATGCCCAGGGGCTAA-1,OTI,1,6
AATGCCCAGGTAGACG-1,OTI,2,20
AATGCGACAACGCAGG-1,OTI,1,2
AATGCGACAACTCATA-1,OTI,2,49
AATGCGACAAGGGTCG-1,OTI,0,0
AATGCGACAATACACC-1,OTI,0,0
AATGCGACACTTCGTC-1,C57BL6,0,0
AATGCGACAGCTATTA-1,OTI,2,357
AATGCGACAGGTAAAT-1,OTI,4,240
AATGCGACAGTGTCAT-1,C57BL6,2,14
AATGCGCTCACTCCCA-1,OTI,6,72
AATGCGCTCCTGGGCA-1,OTI,1,222
AATGCGGAGACATAAG-1,OTI,4,127
AATGCGGAGCGGTTCG-1,OTI,4,76
AATGCGGAGCTAAATC-1,C57BL6,7,24
AATGCGGAGCTAACAT-1,OTI,2,246
AATGCGGAGCTCGTGG-1,OTI,2,10
AATGCGGAGCTGTGCG-1,OTI,6,169
AATGGAGGTACTGCAG-1,C57BL6,2,12
AATGGAGGTCAAACGT-1,OTI,0,0
AATGGAGGTCGAAGGG-1,OTI,0,0
AATGGAGGTGGCGCTG-1,OTI,6,120
AATGGCACAAACCGGG-1,OTI,3,41
AATGGCACAAGGACCG-1,C57BL6,0,0
AATGGCACACTAAGGA-1,OTI,3,46
AATGGCACACTACTCC-1,OTI,1,41
AATGGCACACTATACA-1,OTI,2,37
AATGGCACAGCAGTAA-1,OTI,5,45
AATGGCACAGTATGCT-1,OTI,1,100
AATGGCGAGACTAATC-1,OTI,2,122
AATGGCGAGCAAAGCG-1,C57BL6,1,44
AATGGCGAGCAATGCC-1,OTI,0,0
AATGGCGAGCACAAGG-1,C57BL6,0,0
AATGGCGAGCCTGCGA-1,OTI,0,0
AATGGCGAGGCGGGAT-1,OTI,0,0
AATGGCGAGGCTCTAA-1,C57BL6,0,0
AATGGCGAGGGTTGTC-1,OTI,4,341
AATGGCGAGGTAAGCG-1,C57BL6,0,0
AATGGCGAGGTGCGTT-1,C57BL6,0,0
AATGGCTGTACTCAGG-1,C57BL6,0,0
AATGGCTGTATCAGTA-1,C57BL6,0,0
AATGGCTGTATGCAGT-1,C57BL6,1,1
AATGGCTGTCAACCCT-1,OTI,10,193
AATGGCTGTCATTTCG-1,OTI,0,0
AATGGCTGTCCCTTGG-1,C57BL6,0,0
AATGGCTGTCGACTTC-1,OTI,2,20
AATGGCTGTCTCTAAT-1,C57BL6,2,49
AATGGCTGTGCGGTTA-1,C57BL6,1,1
AATGGGAGTGGACGCT-1,OTI,3,105
AATGGGAGTGTGTTGG-1,OTI,3,35
AATGGGTAGAACACCC-1,OTI,3,203
AATGGGTAGACACCGT-1,OTI,2,24
AATGGGTAGCAATTCG-1,OTI,0,0
AATGGGTAGCACTAGC-1,OTI,2,6
AATGGGTAGCGCGATT-1,OTI,2,238
AATGGGTAGGCGTAGA-1,C57BL6,0,0
AATGGGTAGGGATAGT-1,C57BL6,2,4
AATGGGTAGGTAGAGT-1,C57BL6,1,17
AATGGTAAGAAAGCTA-1,OTI,0,0
AATGGTAAGACACATT-1,OTI,6,299
AATGGTAAGAGAATTG-1,OTI,0,0
AATGGTAAGCAGGGAC-1,C57BL6,1,1
AATGGTAAGGCAAGGC-1,OTI,3,55
AATGGTAAGGTTGTGC-1,OTI,2,9
AATGGTCGTATCATGA-1,OTI,3,55
AATGGTCGTCGCAGTA-1,OTI,3,78
AATGGTCGTGTTAATG-1,OTI,4,49
AATGGTTTCACGCGTG-1,OTI,3,173
AATGGTTTCACTCCAT-1,C57BL6,1,1
AATGGTTTCAGCTAAT-1,OTI,3,74
AATGGTTTCCCACTCA-1,OTI,0,0
AATGGTTTCCGAACAC-1,OTI,3,65
AATGGTTTCCTCGGCT-1,OTI,3,41
AATGGTTTCGGCCAAT-1,C57BL6,1,25
AATGGTTTCGTCTCGC-1,OTI,3,150
AATGGTTTCGTCTTCG-1,OTI,2,12
AATGGTTTCGTGATAT-1,OTI,2,12
AATGTACTCAACAGCC-1,OTI,1,17
AATGTACTCATGGGCT-1,OTI,4,111
AATGTACTCCTTGTAC-1,OTI,1,6
AATGTAGAGATCCCAA-1,OTI,1,19
AATGTAGAGCCTGGTG-1,OTI,0,0
AATGTAGAGCGAATTT-1,OTI,0,0
AATGTAGAGGCTTAAT-1,C57BL6,1,10
AATGTCAGTCCAACTC-1,OTI,2,15
AATGTCAGTGCTCCGC-1,OTI,0,0
AATGTCAGTGGATTGT-1,C57BL6,0,0
AATGTGCGTAACGCAT-1,C57BL6,1,17
AATGTGCGTACAAGGA-1,OTI,8,130
AATGTGCGTAGCAGTT-1,C57BL6,1,14
AATGTGCGTATAAGCC-1,C57BL6,0,0
AATGTGCGTATAGCGT-1,OTI,4,28
AATGTGCGTATGAGTC-1,OTI,2,11
AATGTGCGTCATGGGC-1,OTI,2,21
AATGTGCGTCCTTTAG-1,C57BL6,0,0
AATGTGCGTCTGCATC-1,OTI,0,0
AATGTGCGTGTGCAAT-1,C57BL6,1,86
AATGTGTTCAAACCAT-1,OTI,0,0
AATGTGTTCAGGCTGT-1,OTI,7,396
AATGTGTTCCCTTCGA-1,C57BL6,0,0
AATGTGTTCCTACATC-1,C57BL6,1,12
AATGTTATCACCACTT-1,C57BL6,0,0
AATGTTATCAGTGCTA-1,OTI,4,257
AATGTTATCCGTATCT-1,OTI,0,0
AATGTTCAGAACCCCG-1,OTI,1,9
AATGTTCAGAGCGATG-1,OTI,9,207
AATGTTCAGAGCTTGC-1,OTI,5,24
AATGTTCAGATGCATT-1,OTI,0,0
AATGTTCAGCTCGGCA-1,C57BL6,0,0
AATGTTCAGGGGACGT-1,OTI,3,12
AATGTTCAGGTTCTAG-1,OTI,3,64
AATGTTGGTACGTGCA-1,OTI,3,25
AATGTTGGTAGCTGTG-1,OTI,3,102
AATGTTGGTCAGGCCG-1,OTI,1,26
AATGTTGGTGGAAGTA-1,OTI,2,11
AATGTTGGTGTACTCC-1,OTI,1,11
AATTAAGCACTAGGGG-1,C57BL6,0,0
AATTACCAGATCCACA-1,C57BL6,0,0
AATTACCAGATCTTCC-1,OTI,1,47
AATTACCAGATGGGCA-1,OTI,1,29
AATTACCAGGTCGCCA-1,C57BL6,1,13
AATTACTCAGCTTACG-1,OTI,5,58
AATTATGTCAAGTCGC-1,OTI,3,16
AATTATGTCACCACTT-1,OTI,1,1
AATTATGTCACGATAT-1,OTI,0,0
AATTATGTCACGCCTC-1,OTI,3,23
AATTATGTCATCACTC-1,C57BL6,0,0
AATTATGTCATTCATT-1,OTI,2,6
AATTATGTCCACCAAA-1,OTI,6,107
AATTCAGGTAATGTGC-1,C57BL6,0,0
AATTCAGGTACTCGCT-1,OTI,2,87
AATTCAGGTCCTATTG-1,OTI,0,0
AATTCAGGTGCTCCGC-1,C57BL6,0,0
AATTCAGGTGGCTATG-1,OTI,2,206
AATTCCACAAACATAA-1,OTI,1,12
AATTCCACAAGTTACC-1,C57BL6,0,0
AATTCCACACTACTAA-1,OTI,0,0
AATTCCACAGGAAGGA-1,OTI,7,480
AATTCCCTCAGTACAT-1,OTI,4,146
AATTCCCTCCAGTATG-1,C57BL6,2,14
AATTCCCTCGCCCTAC-1,OTI,5,42
AATTCCGAGAACGATA-1,OTI,3,30
AATTCCGAGACATATC-1,OTI,0,0
AATTCCGAGACATGGG-1,C57BL6,2,5
AATTCCGAGACCCCAG-1,OTI,1,3
AATTCCGAGAGTCCCG-1,OTI,5,24
AATTCCGAGATGACGG-1,C57BL6,1,22
AATTCCGAGCAGTATT-1,C57BL6,0,0
AATTCCGAGCCGGATT-1,OTI,4,124
AATTCCGAGCTGGCAT-1,OTI,1,6
AATTCCGAGGTGCCCA-1,C57BL6,0,0
AATTCCTGTAGACTCG-1,OTI,0,0
AATTCCTGTAGCGTCA-1,OTI,5,225
AATTCCTGTATCAGGT-1,C57BL6,0,0
AATTCCTGTCATATTC-1,OTI,6,86
AATTCCTGTCCTTAGC-1,C57BL6,0,0
AATTCGCCAACATCAC-1,OTI,5,63
AATTCGCCAATCAGAG-1,OTI,5,287
AATTCGCCAATTAACT-1,OTI,2,27
AATTCGCCACCCAACA-1,OTI,5,75
AATTCGCCACGGACCT-1,OTI,0,0
AATTCGCCAGCTAGGG-1,OTI,1,5
AATTCGGTCAAGCACC-1,OTI,4,25
AATTCGGTCACGCAGT-1,OTI,2,12
AATTCGGTCACTTAAA-1,OTI,3,119
AATTCGGTCCACCGCT-1,OTI,4,130
AATTCGGTCCGCTTCA-1,C57BL6,0,0
AATTCGGTCCTTAATT-1,OTI,1,1
AATTCGGTCGGCCCTT-1,OTI,3,37
AATTCGGTCGTCAATG-1,C57BL6,2,10
AATTCGTAGCAGCCCA-1,C57BL6,0,0
AATTCGTAGCCTCGTC-1,OTI,1,35
AATTCGTAGCGTATTG-1,OTI,1,12
AATTCGTAGCTATAGT-1,OTI,0,0
AATTGAACAATCAACC-1,OTI,2,54
AATTGAACAGCGCTAC-1,OTI,0,0
AATTGAGAGAACTGAA-1,OTI,2,19
AATTGAGAGACGAACG-1,OTI,4,446
AATTGAGAGATGGTGG-1,OTI,3,26
AATTGAGAGCAGCGAA-1,OTI,3,30
AATTGAGAGCGATTTG-1,C57BL6,0,0
AATTGCCCAAACCTAC-1,OTI,2,126
AATTGCCCAAAGTCTC-1,OTI,0,0
AATTGCCCAAGCGATA-1,C57BL6,0,0
AATTGCCCACCATAAC-1,C57BL6,1,1
AATTGCCCACCATCGA-1,OTI,4,140
AATTGCCCAGCACACC-1,OTI,7,63
AATTGGCGTAATGTGC-1,OTI,3,38
AATTGGCGTACTACCC-1,C57BL6,0,0
AATTGGCGTACTATAG-1,OTI,2,27
AATTGGCGTATCCGAG-1,C57BL6,0,0
AATTGGCGTATTGCGG-1,C57BL6,0,0
AATTGGCGTCCTTATG-1,OTI,3,22
AATTGGCGTCTCCGCA-1,OTI,5,6
AATTGGCGTGCTAGTG-1,C57BL6,3,15
AATTGGCGTGTGTGCA-1,C57BL6,1,34
AATTGGGCAAATCGAG-1,OTI,5,155
AATTGGGCAAGAATTA-1,OTI,6,396
AATTGGGCAAGGTTAG-1,OTI,3,93
AATTGGGCAATGATCC-1,OTI,0,0
AATTGGGCACCTAACG-1,C57BL6,0,0
AATTGGGCACGTAACT-1,OTI,1,25
AATTGGGCAGTTCAGT-1,C57BL6,0,0
AATTGGGCAGTTGGAA-1,OTI,2,384
AATTGGTTCAACTGCA-1,OTI,5,44
AATTGGTTCACAGCAC-1,OTI,3,121
AATTGGTTCCATAGGC-1,OTI,2,48
AATTGGTTCCCTCGGT-1,OTI,0,0
AATTGGTTCCGATAAT-1,OTI,4,22
AATTGGTTCCGGAATC-1,C57BL6,0,0
AATTGGTTCGGTTCAA-1,OTI,0,0
AATTGGTTCGTAACGC-1,OTI,2,56
AATTGTATCACCTTAC-1,OTI,7,483
AATTGTATCAGACTCA-1,OTI,0,0
AATTGTATCCATGCCC-1,C57BL6,0,0
AATTGTATCCGGTGCA-1,OTI,1,1
AATTGTATCCTATGCT-1,OTI,4,43
AATTGTATCGCCATGG-1,OTI,5,53
AATTGTATCGTTATGG-1,OTI,0,0
AATTGTCAGAAAGGTC-1,OTI,3,1502
AATTGTCAGAACGAAC-1,C57BL6,0,0
AATTGTCAGAATGCGG-1,C57BL6,1,9
AATTGTCAGATCCAAT-1,OTI,0,0
AATTGTCAGATGGAGT-1,C57BL6,0,0
AATTGTCAGCAAATGA-1,OTI,1,11
AATTGTCAGCAATTAC-1,OTI,7,138
AATTGTCAGCAGTCCG-1,OTI,0,0
AATTGTGGTAACCCGA-1,OTI,0,0
AATTGTGGTACAAGGA-1,C57BL6,2,42
AATTGTGGTATGAGCT-1,OTI,4,16
AATTGTGGTCACGTAG-1,OTI,1,23
AATTGTGGTCAGTTAA-1,OTI,3,78
AATTGTGGTCTCGGTT-1,OTI,5,333
AATTGTGGTGTTCGAG-1,C57BL6,0,0
AATTTCCGTAAATGGG-1,OTI,1,9
AATTTCCGTCCTACGT-1,C57BL6,1,3
AATTTCCGTCGCTTCG-1,OTI,1,105
AATTTCCGTCGTAGAT-1,C57BL6,0,0
AATTTCCGTGCTAGGC-1,OTI,2,9
AATTTCCGTGCTCCGC-1,C57BL6,0,0
AATTTCCGTGGCCTGG-1,OTI,5,97
AATTTCGCACAGTTCG-1,C57BL6,1,44
AATTTCGCACCCTAGA-1,OTI,5,431
AATTTCGCACGTTAGT-1,OTI,3,54
AATTTCGCAGTAGCCC-1,OTI,1,6
AATTTGCAGCTCGAGT-1,C57BL6,0,0
AATTTGCAGGTCAATT-1,C57BL6,1,1
AATTTGGGTAGGGGAT-1,C57BL6,0,0
AATTTGGGTATGTACA-1,OTI,0,0
AATTTGGGTCACGTAG-1,OTI,3,452
AATTTGGGTCATTCCA-1,OTI,1,4
AATTTGGGTGGAGTAA-1,OTI,2,44
AATTTGGGTGGTCCCC-1,OTI,3,38
AATTTGGGTGTGGTCA-1,OTI,4,56
AATTTGGGTGTTAGGT-1,C57BL6,0,0
ACAACAGCAAAGTAAC-1,OTI,4,53
ACAACAGCAACGAACA-1,OTI,2,89
ACAACAGCACCTGCAA-1,OTI,1,112
ACAACAGCACGCATAT-1,C57BL6,1,8
ACAACATTCAACAGGG-1,OTI,0,0
ACAACATTCAATCGCA-1,OTI,3,96
ACAACATTCACGTCAA-1,C57BL6,1,1
ACAACATTCACTTGTC-1,OTI,1,12
ACAACATTCCAGGTGT-1,C57BL6,0,0
ACAACATTCGCTTCTG-1,OTI,2,87
ACAACATTCGTTACTC-1,OTI,7,351
ACAACCATCACAGGTC-1,OTI,5,15
ACAACCATCCCCTTAG-1,OTI,0,0
ACAACCATCCCGGCTT-1,OTI,4,21
ACAACCATCCGTTTCG-1,C57BL6,0,0
ACAACCATCGCCAATA-1,OTI,11,138
ACAACCATCGTAGCTA-1,OTI,0,0
ACAACCATCGTCCTGC-1,OTI,1,22
ACAACCATCGTGAGCT-1,C57BL6,1,15
ACAACCCAGAGTGATA-1,OTI,0,0
ACAACCCAGGTGGGTA-1,C57BL6,1,10
ACAACCTCAACGCGCT-1,C57BL6,1,1
ACAACCTCACCCTAAG-1,OTI,3,30
ACAACCTCACCTATAA-1,OTI,2,82
ACAACCTCAGGGATTA-1,OTI,4,9
ACAACCTCAGTCCTAG-1,C57BL6,0,0
ACAACGCTCAAGCAAA-1,OTI,3,53
ACAACGCTCACGCATA-1,OTI,3,132
ACAACGCTCACGTAAT-1,OTI,4,178
ACAACGCTCCAAGCTA-1,C57BL6,0,0
ACAACGCTCCAGCCTC-1,C57BL6,1,6
ACAACGCTCGTCGAAC-1,OTI,2,40
ACAACGGAGAATACAG-1,OTI,4,102
ACAACGGAGACTGCGT-1,OTI,0,0
ACAACGGAGAGTTGGG-1,OTI,1,3
ACAACGGAGATCGATT-1,C57BL6,0,0
ACAACGGAGCAATTCG-1,OTI,4,145
ACAACGGAGCGGCCTA-1,OTI,0,0
ACAACGGAGCGTAACC-1,OTI,1,11
ACAACGGAGCTACTTC-1,C57BL6,1,1
ACAACGGAGCTATAAC-1,OTI,0,0
ACAACGGAGGTAGGCA-1,OTI,2,482
ACAACGTGTCGGCTGG-1,C57BL6,0,0
ACAACGTGTCGGTTTC-1,OTI,1,28
ACAACGTGTCTGGTCT-1,OTI,3,37
ACAACGTGTGTCGCGG-1,OTI,0,0
ACAACTGTCACGGGTT-1,OTI,2,16
ACAACTGTCCAGCAGT-1,OTI,0,0
ACAAGACAGAAACTAG-1,OTI,3,99
ACAAGACAGAACGCGA-1,OTI,1,3
ACAAGACAGACCTTTC-1,C57BL6,1,13
ACAAGACAGACTCCAA-1,OTI,1,2
ACAAGACAGCAATCCA-1,OTI,0,0
ACAAGACAGCCAGAGA-1,C57BL6,0,0
ACAAGACAGCTCTGAA-1,OTI,4,63
ACAAGAGGTACTTCAT-1,C57BL6,0,0
ACAAGAGGTAGGTATC-1,OTI,2,6
ACAAGAGGTAGGTTCG-1,OTI,5,163
ACAAGAGGTCAACTCC-1,OTI,2,33
ACAAGAGGTCCGCCTA-1,OTI,5,36
ACAAGAGGTCGACTCT-1,OTI,1,20
ACAAGAGGTCTGCGCC-1,OTI,0,0
ACAAGATCAAAAGCAT-1,OTI,9,386
ACAAGATCAAATGCGA-1,C57BL6,3,20
ACAAGATCACATAGAG-1,OTI,4,42
ACAAGATCAGCGAATA-1,OTI,1,15
ACAAGATCAGCGCGAA-1,C57BL6,0,0
ACAAGATCAGGCAATA-1,OTI,2,22
ACAAGCCTCATGGCAC-1,OTI,2,3
ACAAGCCTCCCCACTA-1,C57BL6,1,2
ACAAGCCTCCCCTTAG-1,OTI,0,0
ACAAGCCTCGGCTAAC-1,OTI,2,86
ACAAGCGAGCCGTCGA-1,OTI,4,273
ACAAGCGAGCGTCAGT-1,C57BL6,2,5
ACAAGCGAGCTGGTCG-1,OTI,0,0
ACAAGCGAGCTTGTCT-1,OTI,4,67
ACAAGCGAGGCTCAGT-1,OTI,1,1
ACAAGCGAGGGCATGA-1,OTI,3,11
ACAAGCGAGGTCTACA-1,C57BL6,0,0
ACAAGCTGTACGAAAG-1,C57BL6,1,4
ACAAGCTGTAGGGCGA-1,C57BL6,0,0
ACAAGCTGTAGGGGAT-1,OTI,1,16
ACAAGCTGTGGCCTGG-1,OTI,4,89
ACAAGCTGTGTAAAGG-1,C57BL6,0,0
ACAAGCTGTGTAACGT-1,OTI,3,30
ACAAGGAGTATCTGTT-1,OTI,9,483
ACAAGGAGTCAGTCTC-1,C57BL6,0,0
ACAAGGAGTGCTGGGT-1,C57BL6,5,158
ACAAGTAAGAAGTAGC-1,OTI,5,56
ACAAGTAAGAGGGATT-1,OTI,1,20
ACAAGTAAGCTGACAC-1,OTI,3,62
ACAAGTAAGGCTCGAT-1,OTI,2,46
ACAAGTAAGGTCGGAA-1,OTI,0,0
ACAAGTCGTACCACTC-1,C57BL6,0,0
ACAAGTCGTCGGTTCT-1,OTI,3,20
ACAAGTCGTGTCGCGG-1,C57BL6,0,0
ACAAGTCGTGTCGTAG-1,C57BL6,0,0
ACAATACTCAAACTAC-1,OTI,4,120
ACAATACTCACTCACT-1,OTI,0,0
ACAATACTCAGGCACT-1,OTI,3,3
ACAATACTCATTGGGC-1,OTI,5,142
ACAATACTCCCATGCC-1,C57BL6,6,13
ACAATACTCGGACATC-1,OTI,0,0
ACAATACTCGTACTTC-1,OTI,2,192
ACAATAGAGACTATCG-1,OTI,3,37
ACAATAGAGATCCACA-1,C57BL6,0,0
ACAATAGAGCAGGGAC-1,OTI,7,137
ACAATAGAGCATATCG-1,OTI,0,0
ACAATCCCAAACCATC-1,OTI,3,200
ACAATCCCAACTGGAA-1,OTI,5,182
ACAATCCCAAGAGACC-1,C57BL6,0,0
ACAATCCCAGTAGGGT-1,OTI,2,218
ACAATCGTCACACACA-1,OTI,7,445
ACAATCGTCATGCGGT-1,OTI,0,0
ACAATCGTCCCAAATG-1,OTI,2,14
ACAATCGTCCCTCTAG-1,C57BL6,0,0
ACAATCGTCCGCAATA-1,OTI,1,10
ACAATCGTCCTTATGC-1,OTI,1,15
ACAATCGTCGGTGTCG-1,C57BL6,1,11
ACAATGAAGACGAGGC-1,OTI,2,37
ACAATGAAGACGCGTT-1,OTI,2,19
ACAATGAAGATGCATT-1,C57BL6,0,0
ACAATGAAGATGGGAT-1,C57BL6,0,0
ACAATGAAGCAACGTC-1,OTI,1,13
ACAATGAAGCAGGAGC-1,OTI,6,434
ACAATGAAGCCGTAAC-1,OTI,0,0
ACAATGAAGCCTTAGA-1,OTI,0,0
ACAATGAAGCTAATCG-1,OTI,7,99
ACAATGAAGGTCTACA-1,C57BL6,0,0
ACAATGGCAAAGGCAC-1,OTI,3,36
ACAATGGCAAGGACAC-1,C57BL6,1,1
ACAATGGCACCTACTC-1,C57BL6,0,0
ACAATGGCACTAGGGG-1,OTI,1,24
ACAATGGCAGTAATCC-1,OTI,6,74
ACAATTATCAAGCTTG-1,OTI,1,2
ACAATTATCAGCCAAC-1,OTI,3,39
ACAATTATCCTGTCAT-1,OTI,2,11
ACAATTATCGCTATAG-1,OTI,10,180
ACAATTATCGGGGTAA-1,OTI,2,567
ACAATTATCGGTTAAT-1,OTI,3,69
ACAATTATCGTGCAGT-1,C57BL6,1,1
ACAATTCAGAAAGCTA-1,OTI,2,9
ACAATTCAGCGCATAC-1,OTI,3,136
ACAATTCAGCTTAGGC-1,OTI,5,92
ACAATTCAGGTCCGAT-1,OTI,2,27
ACAATTGGTAGAGGTA-1,OTI,3,26
ACAATTGGTATGGCGC-1,OTI,4,182
ACAATTGGTCCAACGA-1,OTI,1,3
ACAATTGGTCGTCGGG-1,OTI,1,1
ACAATTGGTCTTGGTC-1,OTI,5,129
ACAATTGGTGCCATTC-1,C57BL6,0,0
ACAATTGGTGTAATTG-1,C57BL6,3,12
ACAATTGGTGTGAAAG-1,C57BL6,0,0
ACAATTTCAACAACCT-1,OTI,0,0
ACAATTTCAACCCACA-1,OTI,3,146
ACAATTTCAAGCTTTA-1,OTI,1,6
ACAATTTCAAGGAATT-1,OTI,3,26
ACAATTTCACCGGACT-1,OTI,2,14
ACAATTTCACTAAAGG-1,OTI,3,37
ACAATTTCACTACATA-1,OTI,0,0
ACAATTTCACTTGACG-1,OTI,5,44
ACACAAGCAAAATTTC-1,OTI,1,4
ACACAAGCAACCCGAC-1,OTI,4,204
ACACAAGCACATAATT-1,OTI,11,438
ACACAAGCACCACTCT-1,C57BL6,0,0
ACACAAGCACCAGACC-1,C57BL6,0,0
ACACAAGCAGCGGTCT-1,C57BL6,0,0
ACACAATTCCCTAGTT-1,OTI,0,0
ACACAATTCGCACCTC-1,C57BL6,4,42
ACACAATTCGCGGATT-1,OTI,0,0
ACACAATTCGTGCTCC-1,OTI,0,0
ACACACATCACATTCC-1,C57BL6,0,0
ACACACATCCCTGCAC-1,OTI,5,24
ACACACATCCGCTACC-1,OTI,2,63
ACACACATCGGGCTCA-1,C57BL6,0,0
ACACACATCGTGGGTT-1,OTI,0,0
ACACAGACAATCCGCA-1,OTI,4,107
ACACAGACACATCGCA-1,OTI,0,0
ACACAGACACGTGCTA-1,OTI,0,0
ACACAGACAGCATAGA-1,OTI,3,53
ACACAGACAGTATCAC-1,C57BL6,1,11
ACACATGTCAAACTTA-1,C57BL6,0,0
ACACATGTCAAGGCTC-1,C57BL6,2,2
ACACATGTCACTAACG-1,C57BL6,0,0
ACACATGTCCAACAGC-1,OTI,1,3
ACACATGTCCTAACTC-1,OTI,0,0
ACACATGTCGCCCTTA-1,C57BL6,0,0
ACACATGTCGGCTTCC-1,OTI,2,7
ACACATGTCGGTTATG-1,C57BL6,1,6
ACACATTAGAGGGACC-1,OTI,1,3
ACACATTAGCCTACGG-1,OTI,6,212
ACACATTAGCGAACAG-1,C57BL6,3,30
ACACATTAGCTAGTAT-1,C57BL6,3,21
ACACATTAGGGCATGA-1,C57BL6,0,0
ACACATTAGGTCAATT-1,OTI,2,43
ACACCCACAAGCATAG-1,C57BL6,2,36
ACACCCACAAGGATCA-1,OTI,2,84
ACACCCACACCTATAA-1,C57BL6,0,0
ACACCCACACGAAGGT-1,OTI,7,187
ACACCCACAGTACGAA-1,OTI,2,72
ACACCCGAGATGGGCA-1,OTI,0,0
ACACCCGAGATTCGTG-1,C57BL6,0,0
ACACCCGAGCACCGCA-1,OTI,6,114
ACACCCGAGCGCGATT-1,C57BL6,1,4
ACACCCGAGCGTTACA-1,OTI,3,209
ACACCCGAGCTCGTTT-1,OTI,0,0
ACACCCTGTACGCGCG-1,C57BL6,0,0
ACACCCTGTAGTGTTA-1,C57BL6,0,0
ACACCCTGTCACGGGT-1,C57BL6,1,4
ACACCCTGTCCTTAGC-1,OTI,7,387
ACACCCTGTCGGGTTA-1,C57BL6,0,0
ACACCCTGTCTACTGC-1,OTI,1,5
ACACCCTGTGCGCTGG-1,OTI,2,25
ACACCCTGTGGTGTGC-1,OTI,4,155
ACACCCTGTGTCGGCG-1,OTI,8,759
ACACCGTAGCACTCCC-1,OTI,1,11
ACACCGTAGCCGCTGA-1,C57BL6,0,0
ACACCGTAGCTACGCG-1,OTI,4,1087
ACACCGTAGCTGAATT-1,OTI,0,0
ACACCTTTCAACATTA-1,C57BL6,0,0
ACACCTTTCATAGTAC-1,OTI,4,293
ACACCTTTCGCGTGCA-1,OTI,2,7
ACACGAACAACCAGAA-1,C57BL6,1,1
ACACGAACAACGCAGG-1,OTI,7,734
ACACGAACAATTCTAG-1,OTI,6,81
ACACGAACAGCGCTTA-1,OTI,0,0
ACACGAACAGGAGCCA-1,C57BL6,0,0
ACACGAACAGTTGCGC-1,C57BL6,0,0
ACACGCCCACCCAAGC-1,C57BL6,0,0
ACACGCCCACGCTTTC-1,OTI,0,0
ACACGCCCAGTCCTCT-1,OTI,5,176
ACACGGAAGACGATGG-1,OTI,3,24
ACACGGAAGACTGATT-1,C57BL6,1,3
ACACGGAAGATGAGGT-1,OTI,5,52
ACACGGAAGGCTGGAA-1,OTI,4,66
ACACGGAAGGTCCCGA-1,OTI,5,140
ACACGGGCAAACGGCG-1,OTI,2,67
ACACGGGCACGAATCT-1,OTI,0,0
ACACGGGCAGGGTTAA-1,OTI,1,8
ACACGGTTCCCGTGTC-1,OTI,10,308
ACACGGTTCGTAGTTG-1,OTI,2,331
ACACGTATCCCAATAG-1,OTI,2,56
ACACGTATCCCACTTG-1,OTI,2,14
ACACGTATCCGCTCTA-1,C57BL6,0,0
ACACGTATCCGGTAAC-1,OTI,3,28
ACACGTATCCTCCTCT-1,OTI,0,0
ACACGTATCGCAGTGT-1,OTI,1,5
ACACGTATCGGTATTG-1,OTI,16,311
ACACGTATCGGTTCCC-1,OTI,3,34
ACACTACCAAATTCGC-1,OTI,4,280
ACACTACCAATAACCC-1,OTI,1,62
ACACTACCACAATGCT-1,OTI,2,16
ACACTACCACCTAATA-1,OTI,0,0
ACACTACCAGCTCAAT-1,OTI,2,43
ACACTACCAGGGAGAA-1,OTI,2,315
ACACTCCGTACGGTGC-1,OTI,4,23
ACACTCCGTACTATAG-1,OTI,3,182
ACACTCCGTAGCGGAG-1,OTI,3,101
ACACTCCGTAGGACGG-1,C57BL6,6,9
ACACTCCGTCGGGGTT-1,C57BL6,0,0
ACACTCCGTCGTGGTA-1,OTI,1,6
ACACTCCGTCTAATTC-1,C57BL6,3,252
ACACTCCGTGGTACTG-1,OTI,0,0
ACACTCCGTGTGCGTA-1,OTI,1,7
ACACTCGCAACAAGAT-1,OTI,5,108
ACACTCGCAACAATGG-1,OTI,2,134
ACACTCGCAACTCGGC-1,OTI,4,98
ACACTCGCACATTCGG-1,OTI,7,376
ACACTCGCAGTCCACA-1,OTI,4,40
ACACTTACAACTGCGC-1,OTI,1,7
ACACTTACAATGGCGG-1,C57BL6,0,0
ACACTTACACCAGATT-1,OTI,6,10
ACACTTACACGCTTTC-1,OTI,12,598
ACACTTACACTGCTCT-1,OTI,1,81
ACACTTACAGGGCTTC-1,OTI,3,254
ACACTTCTCAACACGC-1,C57BL6,3,14
ACACTTCTCATGGTGC-1,OTI,2,10
ACACTTCTCCGAATGC-1,C57BL6,0,0
ACACTTCTCCTGGTCC-1,C57BL6,1,1
ACACTTCTCGGTCCCT-1,OTI,3,107
ACAGAACAGCAAGTAA-1,OTI,2,18
ACAGAACAGCACCAAC-1,OTI,2,79
ACAGAACAGCAGTATT-1,C57BL6,0,0
ACAGAACAGCCAAACC-1,C57BL6,0,0
ACAGAACAGGTTGCCG-1,OTI,1,33
ACAGAAGGTAAATGGG-1,OTI,5,68
ACAGAAGGTATCATTC-1,OTI,8,337
ACAGAAGGTCAGCCTT-1,OTI,0,0
ACAGAAGGTCCAAGAT-1,OTI,2,9
ACAGAAGGTCCGCATT-1,C57BL6,0,0
ACAGAAGGTCTTATGT-1,OTI,1,48
ACAGAAGGTGGGGAAT-1,OTI,5,234
ACAGAAGGTGGGGTAG-1,OTI,10,133
ACAGAAGGTGTAAGCT-1,C57BL6,0,0
ACAGAATCAAACCAGA-1,OTI,6,90
ACAGAATCAAGGGTTA-1,OTI,1,1
ACAGAATCAAGTCCGC-1,OTI,0,0
ACAGAATCAATGAATA-1,C57BL6,2,5
ACAGAATCACCACCAA-1,OTI,7,515
ACAGAATCACCCAAAT-1,OTI,6,121
ACAGAATCAGCATCGC-1,OTI,4,116
ACAGAATCAGCTAAGA-1,OTI,8,258
ACAGAATCAGGAACTA-1,OTI,3,130
ACAGAATCAGGTAAAT-1,C57BL6,0,0
ACAGACACAAAACGGC-1,OTI,2,46
ACAGACACAAACACTC-1,OTI,2,8
ACAGACACAAGTCATC-1,OTI,4,24
ACAGACCTCCATTCTA-1,C57BL6,0,0
ACAGACCTCCTACATC-1,C57BL6,0,0
ACAGACCTCCTACTTA-1,OTI,6,154
ACAGACCTCGTCTCTG-1,C57BL6,1,4
ACAGACGAGACTGCCG-1,OTI,4,139
ACAGACGAGCATGCAC-1,OTI,3,9
ACAGACGAGCCATAGC-1,C57BL6,0,0
ACAGACGAGCGCGATT-1,OTI,1,40
ACAGACGAGCGTTGCG-1,OTI,3,113
ACAGACGAGCGTTGGT-1,OTI,2,22
ACAGACGAGGCCATGT-1,C57BL6,0,0
ACAGAGCCAAACCCAT-1,OTI,2,61
ACAGAGCCAAATCACC-1,C57BL6,1,3
ACAGAGCCAACGCCAC-1,C57BL6,5,339
ACAGAGCCACCTCAGA-1,OTI,1,5
ACAGAGCCACGTGCTA-1,OTI,3,23
ACAGAGCCACTAAAGG-1,OTI,0,0
ACAGAGCCACTACGCA-1,C57BL6,0,0
ACAGAGCCAGCTACAT-1,OTI,3,91
ACAGAGCCAGGCTACC-1,OTI,2,33
ACAGAGCCAGTAAGAT-1,OTI,1,10
ACAGATTTCAAACTTA-1,OTI,5,52
ACAGATTTCACCCTGC-1,OTI,4,41
ACAGATTTCATACGCA-1,OTI,1,2
ACAGATTTCCGGAATC-1,OTI,6,85
ACAGATTTCGCGGCTA-1,C57BL6,0,0
ACAGCACTCCGAATGC-1,C57BL6,0,0
ACAGCACTCCTCGGCT-1,C57BL6,0,0
ACAGCACTCGGACACT-1,OTI,3,9
ACAGCAGAGAAGCCGA-1,OTI,1,28
ACAGCAGAGACTCCAA-1,OTI,0,0
ACAGCAGAGACTCGAC-1,C57BL6,0,0
ACAGCAGAGCAAAGCG-1,OTI,2,8
ACAGCAGAGCAAGGCA-1,C57BL6,1,4
ACAGCAGAGCATCACA-1,OTI,5,72
ACAGCATGTAGCCCTT-1,OTI,5,188
ACAGCATGTCAGGGTC-1,C57BL6,0,0
ACAGCCCCAAAAGTTA-1,OTI,1,10
ACAGCCCCAAACGCGG-1,C57BL6,2,2
ACAGCCCCAACCTCTC-1,OTI,8,61
ACAGCCCCACAATACC-1,C57BL6,3,30
ACAGCCCCACCTACTC-1,C57BL6,2,24
ACAGCCCCACGCTGAC-1,OTI,3,34
ACAGCCCCACTACTTT-1,OTI,0,0
ACAGCCCCAGCGATAA-1,OTI,4,188
ACAGCCCCAGGATGGT-1,OTI,4,159
ACAGCCTAGAGCATGG-1,C57BL6,0,0
ACAGCCTAGCAAGAGT-1,OTI,3,63
ACAGCCTAGCGACAAG-1,C57BL6,0,0
ACAGCGAAGAACGGAT-1,OTI,2,9
ACAGCGAAGACCCCAG-1,OTI,0,0
ACAGCGAAGCGTGGAA-1,OTI,0,0
ACAGCGAAGGGAAGCC-1,OTI,2,27
ACAGCGAAGGGCATGA-1,OTI,0,0
ACAGCGCGTAAGTCTA-1,OTI,6,87
ACAGCGCGTACATTTC-1,OTI,0,0
ACAGCGCGTCGAGGGA-1,C57BL6,0,0
ACAGCGGCAACCATCG-1,OTI,10,502
ACAGCGGCAACGGGAT-1,OTI,2,45
ACAGCGGCAACTTAAT-1,C57BL6,1,2
ACAGCGGCACACTCGA-1,OTI,0,0
ACAGCGGCACGGTCGT-1,OTI,4,394
ACAGCGGCACTTAAGC-1,OTI,0,0
ACAGCGTTCACGCTAA-1,OTI,2,74
ACAGCGTTCCGCAGCA-1,OTI,11,322
ACAGCGTTCGGCAACT-1,OTI,1,469
ACAGCGTTCGTTACCT-1,OTI,6,301
ACAGCTATCACACGTA-1,C57BL6,1,7
ACAGCTATCACTTACC-1,OTI,3,114
ACAGCTATCACTTTCA-1,OTI,2,10
ACAGCTATCCGTCTAT-1,C57BL6,0,0
ACAGCTATCCTGGTAA-1,OTI,0,0
ACAGCTATCGGAGTCT-1,C57BL6,2,12
ACAGCTATCGTCCCTA-1,C57BL6,0,0
ACAGCTATCGTGACTA-1,OTI,0,0
ACAGGACCAAAGGACC-1,C57BL6,0,0
ACAGGACCACACGTCA-1,C57BL6,0,0
ACAGGACCACTCATTT-1,OTI,0,0
ACAGGACCACTGTACG-1,OTI,1,663
ACAGGATAGAACGAAC-1,OTI,3,50
ACAGGATAGCAAAGGT-1,OTI,2,503
ACAGGATAGCCACTAA-1,OTI,0,0
ACAGGATAGCCTGTGG-1,OTI,0,0
ACAGGATAGCGGGGAT-1,OTI,2,17
ACAGGATAGGTAGCAG-1,OTI,1,14
ACAGGCCGTACCACTC-1,OTI,7,180
ACAGGCCGTCAGGTGC-1,OTI,5,179
ACAGGCCGTGGGTATT-1,C57BL6,0,0
ACAGGCCGTGTGCCTT-1,OTI,0,0
ACAGGCCGTGTGCGCG-1,OTI,9,940
ACAGGCTTCAAGCGTC-1,OTI,2,29
ACAGGCTTCCAGCTAA-1,OTI,3,70
ACAGGCTTCCCGTGTC-1,C57BL6,1,6
ACAGGCTTCCGTTTAC-1,C57BL6,0,0
ACAGGCTTCGCTTTAC-1,OTI,2,359
ACAGGCTTCGTATACG-1,C57BL6,0,0
ACAGGCTTCGTCTTAC-1,C57BL6,0,0
ACAGGCTTCGTGAGCT-1,OTI,3,91
ACAGGCTTCGTTACCT-1,OTI,0,0
ACAGGGTCAAATATCT-1,OTI,1,41
ACAGGGTCAATGATCC-1,C57BL6,4,9
ACAGGGTCACTGACGC-1,OTI,8,332
ACAGGGTCACTGGCAC-1,OTI,4,4
ACAGGTCTCAAATGTC-1,OTI,4,37
ACAGGTCTCAGACACC-1,C57BL6,0,0
ACAGGTCTCATATTAG-1,C57BL6,0,0
ACAGGTCTCATCGGCG-1,OTI,2,12
ACAGGTCTCCTGGGTG-1,OTI,1,60
ACAGGTCTCGCCTTGC-1,OTI,5,16
ACAGGTCTCGCGAGTT-1,C57BL6,0,0
ACAGGTTGTAGACGGG-1,OTI,3,124
ACAGGTTGTAGGTTCG-1,C57BL6,0,0
ACAGGTTGTCTATGTT-1,OTI,2,72
ACAGGTTGTGGCAAGG-1,OTI,0,0
ACAGTCTCAATAATTC-1,OTI,4,125
ACAGTCTCAATTACCA-1,C57BL6,1,5
ACAGTCTCACAGTGGG-1,OTI,4,207
ACAGTCTCACCCAAAT-1,OTI,6,102
ACAGTCTCACGAACGG-1,OTI,6,31
ACAGTCTCAGCAAGAC-1,OTI,3,11
ACAGTCTCAGGGACAT-1,OTI,11,107
ACAGTTAGTCCTACGT-1,OTI,1,29
ACAGTTAGTGCCATTC-1,OTI,3,165
ACAGTTAGTGCCTTTA-1,OTI,5,84
ACAGTTAGTGTCCCTG-1,C57BL6,0,0
ACAGTTGTCAATTATG-1,OTI,0,0
ACAGTTGTCACGAGCT-1,C57BL6,0,0
ACAGTTGTCACTGGCG-1,OTI,4,48
ACAGTTGTCCGGTGCA-1,OTI,3,197
ACAGTTGTCCTCCGGT-1,OTI,0,0
ACAGTTGTCCTTCTAA-1,OTI,2,13
ACAGTTGTCGGCCTCT-1,OTI,0,0
ACAGTTGTCGGTGTTA-1,OTI,0,0
ACAGTTGTCGTCAATG-1,OTI,6,409
ACAGTTTAGGCGTGAA-1,C57BL6,0,0
ACATAACTCAAAGGGT-1,C57BL6,1,9
ACATAACTCAAAGGTA-1,C57BL6,0,0
ACATAACTCCGAATGC-1,C57BL6,2,14
ACATAACTCCGCTCTA-1,OTI,1,7
ACATAAGAGAAGCATA-1,OTI,1,142
ACATAAGAGATGGGAT-1,C57BL6,0,0
ACATAAGAGCAATACT-1,C57BL6,2,50
ACATAAGAGCTGTACA-1,OTI,0,0
ACATAAGAGGCTTCGG-1,OTI,1,4
ACATAAGAGGTTAATC-1,OTI,3,69
ACATACCCAACAGTCT-1,C57BL6,0,0
ACATACCCACAACGCC-1,OTI,7,220
ACATACCCACGTTCGA-1,OTI,6,295
ACATACCCACTCGCAA-1,OTI,5,26
ACATACCCACTGCACA-1,C57BL6,0,0
ACATACCCAGGTATTC-1,C57BL6,0,0
ACATACCCAGTATTCA-1,C57BL6,1,17
ACATACCCAGTCTTAA-1,OTI,4,125
ACATACGTCACTCGCC-1,OTI,1,3
ACATACGTCCAATTCC-1,OTI,1,41
ACATACGTCCCAACTT-1,OTI,2,60
ACATACGTCCCGCTTA-1,OTI,5,171
ACATACGTCGCTTCCA-1,OTI,0,0
ACATACGTCGGAGTCT-1,OTI,1,45
ACATACGTCGTGCTCC-1,C57BL6,1,5
ACATAGAAGAAACGTA-1,C57BL6,0,0
ACATAGAAGACAAGAC-1,OTI,4,57
ACATAGAAGAGGTACG-1,C57BL6,1,5
ACATAGAAGATCACAT-1,OTI,3,46
ACATAGAAGATCGCGT-1,C57BL6,0,0
ACATAGAAGCCTATGA-1,OTI,7,146
ACATAGAAGGCTAGAG-1,C57BL6,0,0
ACATAGAAGGTACGTC-1,OTI,8,179
ACATAGCGTGCTCCGC-1,OTI,3,17
ACATAGCGTGCTTGGA-1,OTI,3,270
ACATAGCGTGTAGCGC-1,C57BL6,6,173
ACATAGCGTGTCGTCT-1,OTI,1,29
ACATAGCGTGTGGGCT-1,C57BL6,0,0
ACATAGGCAAATCACC-1,OTI,0,0
ACATAGGCAACAGCGG-1,OTI,2,117
ACATAGGCACAGCGGA-1,C57BL6,0,0
ACATAGGCACATCATA-1,OTI,1,43
ACATAGGCACTACTTT-1,OTI,3,114
ACATAGGCACTCCTTA-1,C57BL6,1,1
ACATAGGCAGCTTACG-1,OTI,0,0
ACATATATCCAAATGT-1,OTI,3,225
ACATATATCCAAATTA-1,OTI,5,65
ACATATATCCCCACTA-1,OTI,4,19
ACATATATCGGGCTCA-1,OTI,0,0
ACATATATCGGTACGT-1,OTI,3,58
ACATATCAGACATTCG-1,OTI,0,0
ACATATCAGAGTAAGC-1,OTI,4,1558
ACATATCAGATCCAAT-1,OTI,0,0
ACATATCAGCCATTAG-1,OTI,0,0
ACATATCAGCGAGTCT-1,C57BL6,0,0
ACATATCAGCGTAATT-1,C57BL6,0,0
ACATATCAGGCGATAG-1,OTI,1,5
ACATATCAGGGCTAAG-1,OTI,5,136
ACATATCAGGTGGGTA-1,OTI,0,0
ACATATGGTATATCCT-1,OTI,0,0
ACATATGGTATATTCC-1,OTI,2,390
ACATATGGTCATAAGC-1,OTI,2,11
ACATATGGTCCAGCCC-1,OTI,0,0
ACATATGGTCCGTTTA-1,OTI,0,0
ACATATGGTCGTTGCT-1,OTI,1,9
ACATATGGTGCTTCCG-1,OTI,4,232
ACATATTCACACACGC-1,C57BL6,2,23
ACATATTCACCGCAGT-1,OTI,4,45
ACATATTCACCTACTC-1,OTI,2,5
ACATATTCACGGGGTA-1,OTI,1,10
ACATATTCACTCGTTC-1,OTI,6,43
ACATATTCAGGACAAC-1,OTI,0,0
ACATATTCAGTGGGAT-1,C57BL6,0,0
ACATCACCAAACATGG-1,C57BL6,1,2
ACATCACCAAATCGGA-1,OTI,3,37
ACATCACCACATATCA-1,OTI,9,121
ACATCACCACCGACAC-1,OTI,5,25
ACATCACCACTAGCAT-1,OTI,6,169
ACATCACCACTCCGAA-1,OTI,1,1
ACATCACCAGTGCATT-1,C57BL6,2,50
ACATCAGTCAGGGGTA-1,C57BL6,1,1
ACATCAGTCATATCCC-1,OTI,3,191
ACATCAGTCATGGCTA-1,C57BL6,0,0
ACATCAGTCCCATTAC-1,OTI,1,17
ACATCAGTCCGGGATT-1,OTI,2,15
ACATCAGTCCTCTAGT-1,OTI,4,200
ACATCAGTCGGCCATG-1,OTI,3,33
ACATCAGTCGTCCCTA-1,OTI,1,54
ACATCATAGAGCCCCA-1,OTI,1,19
ACATCATAGCAAGCGA-1,OTI,1,3
ACATCATAGCCATACA-1,OTI,2,21
ACATCATAGCCTCTTG-1,C57BL6,2,14
ACATCATAGCGGGGAT-1,OTI,2,35
ACATCATAGGCGGAGT-1,OTI,0,0
ACATCCAAGAAGTAGC-1,OTI,2,8
ACATCCAAGAGTGGCA-1,OTI,1,18
ACATCCAAGATCCACA-1,OTI,0,0
ACATCCAAGCCATGCG-1,OTI,4,192
ACATCCAAGCTAGCTA-1,OTI,3,103
ACATCCAAGCTGATTG-1,C57BL6,0,0
ACATCCAAGGTGCTGT-1,C57BL6,0,0
ACATCCCGTAAGGCCC-1,OTI,7,110
ACATCCCGTATGCTGG-1,OTI,3,51
ACATCCCGTCATTATC-1,C57BL6,1,2
ACATCCCGTGCGTATG-1,C57BL6,0,0
ACATCCCGTGCTAGTG-1,OTI,3,30
ACATCCCGTGGCTTCT-1,OTI,2,168
ACATCCCGTGGGTTAT-1,C57BL6,1,19
ACATCCGCAAATTAAG-1,C57BL6,0,0
ACATCCGCAATCCGGC-1,OTI,6,15
ACATCCGCAATGGGCG-1,OTI,1,1
ACATCCGCAATTGTAT-1,OTI,2,44
ACATCCGCAGCACGGA-1,C57BL6,0,0
ACATCTCTCACGGGTT-1,C57BL6,2,9
ACATCTCTCAGTACTG-1,C57BL6,0,0
ACATCTCTCAGTATTA-1,OTI,9,708
ACATCTCTCATAGTCG-1,OTI,2,25
ACATCTCTCCTTAATT-1,OTI,1,12
ACATCTCTCGCGGCTA-1,OTI,2,26
ACATCTCTCGTCTTCG-1,OTI,0,0
ACATCTCTCGTGCGCA-1,OTI,4,153
ACATCTTGTCACATGG-1,OTI,2,8
ACATCTTGTCATCTAT-1,OTI,6,156
ACATCTTGTCTACGCT-1,C57BL6,0,0
ACATCTTGTGTGTGAT-1,OTI,7,273
ACATGAAAGAACGTAA-1,OTI,3,84
ACATGAAAGAAGGCTG-1,OTI,0,0
ACATGAAAGACAGAAC-1,C57BL6,0,0
ACATGAAAGATGGGTG-1,OTI,1,311
ACATGAAAGCTATAAC-1,OTI,0,0
ACATGAAAGCTCTCCA-1,OTI,1,23
ACATGCCAGAGTATAG-1,OTI,3,24
ACATGCCAGATCCCAA-1,C57BL6,0,0
ACATGCCAGCAATATC-1,C57BL6,1,83
ACATGCCAGCGAAGAT-1,C57BL6,0,0
ACATGCCAGGCCTGCA-1,OTI,4,55
ACATGCCAGGTCGAGA-1,C57BL6,0,0
ACATGCTCAAATTGAA-1,OTI,4,56
ACATGCTCAAGGTTAG-1,C57BL6,1,4
ACATGCTCACTAACTA-1,C57BL6,0,0
ACATGCTCAGGACCTC-1,OTI,1,68
ACATGGACAAACATGG-1,C57BL6,2,14
ACATGGACAACGAAGC-1,OTI,3,78
ACATGGGAGAACTCAT-1,OTI,2,54
ACATGGGAGAGGCGTA-1,OTI,0,0
ACATGGGAGATAATCC-1,OTI,3,200
ACATGGGAGCAATACT-1,OTI,1,21
ACATGGGAGCCCATGG-1,OTI,3,50
ACATGGGAGCGAATTT-1,OTI,3,36
ACATGGGAGCGCATCG-1,OTI,0,0
ACATGGGAGCTGTAAT-1,C57BL6,0,0
ACATGGGAGGTAAGCG-1,C57BL6,1,12
ACATGGGAGGTCCAGT-1,C57BL6,2,5
ACATGGGAGGTCCTAA-1,OTI,0,0
ACATGTCCAACACAAG-1,OTI,3,91
ACATGTCCAACTTCAA-1,OTI,4,15
ACATGTCCAAGGGTCG-1,OTI,4,55
ACATGTCCACAACTCG-1,OTI,1,2
ACATGTCCACAGTAAG-1,OTI,3,9
ACATGTCCACTAGGCC-1,OTI,2,262
ACATGTCCACTGCAAT-1,OTI,6,77
ACATGTCCAGGGTATA-1,OTI,3,182
ACATGTGTCAAAGCCC-1,C57BL6,0,0
ACATGTGTCAGACACC-1,OTI,2,73
ACATGTGTCCCCAATT-1,OTI,1,4
ACATGTGTCCTAACTC-1,OTI,1,2
ACATGTGTCCTGATTC-1,C57BL6,0,0
ACATGTGTCGGTTACA-1,C57BL6,3,11
ACATGTGTCGGTTATG-1,OTI,2,23
ACATGTGTCGTGCGCA-1,OTI,1,7
ACATGTTAGACATAGA-1,OTI,2,41
ACATGTTAGATACAAG-1,C57BL6,0,0
ACATGTTAGCGTCATA-1,OTI,1,19
ACATGTTAGGTCTCCC-1,OTI,4,123
ACATTAATCAAAGCCC-1,OTI,2,64
ACATTAATCACCCGCT-1,OTI,3,161
ACATTAATCATGCAGC-1,C57BL6,0,0
ACATTAATCATTGGCA-1,OTI,1,59
ACATTAATCCTAGCAA-1,C57BL6,0,0
ACATTAGGTACAAGCT-1,OTI,1,232
ACATTAGGTACTAATG-1,OTI,15,697
ACATTAGGTACTCAGG-1,C57BL6,0,0
ACATTAGGTCCATCCG-1,C57BL6,2,36
ACATTAGGTCTAAGGT-1,C57BL6,0,0
ACATTAGGTGGCACGT-1,C57BL6,1,5
ACATTAGGTGGGTTCA-1,OTI,1,3
ACATTAGGTGTAAGTC-1,OTI,1,1
ACATTATCACAAGGGT-1,OTI,1,10
ACATTATCACCCAGAC-1,OTI,6,272
ACATTATCACCGTACA-1,OTI,1,8
ACATTATCACCTAGCA-1,OTI,11,324
ACATTATCACTATACA-1,OTI,1,8
ACATTATCAGGTTACT-1,OTI,2,11
ACATTCCTCACCTACT-1,C57BL6,0,0
ACATTCCTCAGTCAGC-1,OTI,5,152
ACATTCCTCATCAGCA-1,OTI,6,96
ACATTCCTCCCATCCA-1,OTI,5,138
ACATTCCTCCGTAAAT-1,OTI,0,0
ACATTCCTCGCTGTGG-1,OTI,1,9
ACATTCCTCGGGCTTG-1,OTI,4,35
ACATTCCTCGTACCTT-1,C57BL6,0,0
ACATTCCTCGTACTTC-1,OTI,2,180
ACATTCGAGAACTAGA-1,OTI,3,258
ACATTCGAGAATGGCG-1,OTI,4,47
ACATTCGAGCCTGCAG-1,OTI,5,104
ACATTCGAGCTGGTCG-1,OTI,1,25
ACATTCGAGCTGTAGC-1,OTI,1,2
ACATTCGAGGTAGAAC-1,OTI,6,142
ACATTCGAGGTCGCAT-1,C57BL6,2,27
ACATTCGAGGTGTCCG-1,C57BL6,0,0
ACATTCTGTCAGTTAA-1,OTI,7,41
ACATTCTGTCCATTTG-1,C57BL6,0,0
ACATTCTGTGTCTGAG-1,C57BL6,0,0
ACATTCTGTGTGCGTA-1,OTI,0,0
ACATTGGTCAAACCTG-1,C57BL6,0,0
ACATTGGTCAAAGCCC-1,OTI,2,48
ACATTGGTCACTGACA-1,OTI,1,48
ACATTGGTCAGCAGTC-1,OTI,1,50
ACATTGGTCATAACAC-1,C57BL6,0,0
ACATTGGTCCCTATGT-1,OTI,5,214
ACATTGGTCGTGCATA-1,OTI,1,167
ACATTTCGTAATTTCC-1,C57BL6,1,4
ACATTTCGTATGAGTC-1,OTI,5,30
ACATTTCGTATTCTGT-1,OTI,7,91
ACATTTCGTCCTGCGC-1,C57BL6,0,0
ACATTTCGTCGGAATT-1,C57BL6,0,0
ACATTTCGTGCGGAGA-1,OTI,4,30
ACCAAATTCAACACGC-1,OTI,3,113
ACCAAATTCATGCAAT-1,C57BL6,0,0
ACCAAATTCCAGTAAT-1,OTI,8,215
ACCAAATTCCGCTCTA-1,C57BL6,0,0
ACCAAATTCCGGCACA-1,OTI,1,249
ACCAACATCAGCCTCC-1,OTI,6,108
ACCAACATCAGGGTTC-1,OTI,1,43
ACCAACATCAGTCAGC-1,OTI,7,37
ACCAACATCCGAATTG-1,OTI,6,29
ACCAACTCACGCGAAG-1,OTI,3,15
ACCAACTCAGCACCTA-1,OTI,3,42
ACCAACTCAGTTGAAG-1,OTI,8,260
ACCAAGACAACCAGAA-1,OTI,1,4
ACCAAGACAGTGCGGA-1,OTI,0,0
ACCAAGACAGTGTTAC-1,OTI,2,27
ACCAAGCTCAAAGGGT-1,OTI,4,39
ACCAAGCTCACTGTTC-1,C57BL6,0,0
ACCAAGCTCAGTGGCT-1,OTI,0,0
ACCAAGCTCCGATGTA-1,OTI,1,6
ACCAAGCTCCGGCCTT-1,OTI,4,405
ACCAAGCTCCTGGTAA-1,OTI,0,0
ACCAAGCTCGCACCCT-1,C57BL6,0,0
ACCAAGCTCGCCCTTA-1,OTI,5,71
ACCAAGCTCGTGTATG-1,OTI,4,24
ACCAAGCTCGTTACCT-1,OTI,0,0
ACCAATGTCAGTGCTA-1,C57BL6,1,15
ACCAATGTCATGCGTA-1,OTI,7,199
ACCAATGTCCATTCTA-1,C57BL6,0,0
ACCAATGTCCTGCAAA-1,C57BL6,0,0
ACCAATGTCGGAGCTT-1,OTI,3,119
ACCAATGTCGTAGTCA-1,OTI,1,71
ACCAATTAGCGTTAGC-1,OTI,1,10
ACCAATTAGCTGTAAT-1,OTI,0,0
ACCAATTAGGTTAATC-1,C57BL6,0,0
ACCACAATCATCGGCG-1,OTI,2,42
ACCACAGGTGCTACAG-1,OTI,1,129
ACCACAGGTGTTGCAG-1,C57BL6,0,0
ACCACATCAAAAGCAT-1,C57BL6,0,0
ACCACATCAAAAGGAA-1,C57BL6,0,0
ACCACATCAACCTAAC-1,OTI,4,12
ACCACATCAAGGTTTC-1,C57BL6,2,130
ACCACATCAAGTGCAA-1,OTI,5,53
ACCACATCACGCATAT-1,OTI,0,0
ACCACATCACTGCACA-1,OTI,4,181
ACCACATCAGCCAAGG-1,C57BL6,1,17
ACCACATCAGCGACGA-1,C57BL6,0,0
ACCACATCAGCGGACA-1,OTI,4,120
ACCACATCAGTCTTAA-1,C57BL6,1,3
ACCACCTGTCTAATCT-1,OTI,0,0
ACCACCTGTGGAGCTC-1,C57BL6,0,0
ACCACGAGTCAAGGCC-1,OTI,1,4
ACCACGAGTGTATTCT-1,OTI,5,178
ACCACGTAGATTGCAT-1,OTI,5,719
ACCACGTAGCGTACGT-1,OTI,2,30
ACCACGTAGCTGTAGC-1,C57BL6,1,15
ACCACTCGTAATCTAG-1,OTI,1,3
ACCACTCGTCCTTTAG-1,OTI,1,7
ACCACTCGTGGCGTTA-1,OTI,3,3
ACCACTTTCCAATACG-1,C57BL6,0,0
ACCACTTTCCGTGAGT-1,C57BL6,1,4
ACCACTTTCCTCGCAC-1,C57BL6,0,0
ACCACTTTCCTTCGCA-1,OTI,1,7
ACCACTTTCGGATGTC-1,OTI,1,9
ACCACTTTCGTAGCAC-1,OTI,2,103
ACCACTTTCGTGACTA-1,OTI,0,0
ACCAGAACAAATATAG-1,OTI,0,0
ACCAGAACAACTCGAT-1,OTI,0,0
ACCAGAACAAGTACAG-1,OTI,1,4
ACCAGAACAATAAGAC-1,OTI,12,388
ACCAGAACACGGTATT-1,OTI,1,10
ACCAGAACAGGTTGGG-1,C57BL6,0,0
ACCAGAGAGAACGATA-1,OTI,1,6
ACCAGAGAGCCCTTGC-1,OTI,3,54
ACCAGAGAGCCTTAAG-1,OTI,5,173
ACCAGAGAGCCTTTAC-1,OTI,0,0
ACCAGAGAGCTAATCG-1,OTI,3,459
ACCAGAGAGGCACGAA-1,C57BL6,0,0
ACCAGAGAGGGAATGT-1,C57BL6,0,0
ACCAGAGAGGTCTATG-1,OTI,3,180
ACCAGATGTACAAGAG-1,C57BL6,0,0
ACCAGATGTGGCATGC-1,OTI,0,0
ACCAGATGTGGCCTGG-1,OTI,5,162
ACCAGATGTGGTTCAG-1,OTI,3,38
ACCAGATGTGTGTTCC-1,OTI,6,58
ACCAGGAAGCGTTCCC-1,C57BL6,0,0
ACCAGGAAGGTTGGTC-1,OTI,3,182
ACCATACCAAAGGACC-1,OTI,1,2
ACCATACCACCAATAC-1,OTI,1,5
ACCATACCAGCACACC-1,OTI,2,40
ACCATACCAGCATCGC-1,OTI,3,460
ACCATCCGTCAATCGG-1,OTI,0,0
ACCATCCGTGCTACAG-1,OTI,0,0
ACCATCCGTGGAACGG-1,OTI,2,10
ACCATCCGTGGTCAGC-1,OTI,5,67
ACCATCGCAAGCTGGG-1,OTI,3,24
ACCATCGCAATGACAG-1,OTI,1,3
ACCATCGCACACGGTC-1,OTI,0,0
ACCATCGCACTCGTTC-1,OTI,0,0
ACCATCGCAGCTAAGA-1,C57BL6,0,0
ACCATCGCAGCTCCAA-1,OTI,1,20
ACCATCGCAGGGTCAG-1,OTI,0,0
ACCATCGCAGTCCACA-1,OTI,1,3
ACCATCTTCAAGGTAA-1,OTI,1,2
ACCATCTTCAATTGGT-1,C57BL6,0,0
ACCATCTTCATGGACC-1,OTI,3,21
ACCATCTTCCCGAATA-1,OTI,1,29
ACCATCTTCCGTTCTG-1,OTI,1,43
ACCATCTTCGCGCGTA-1,C57BL6,2,3
ACCATGCAGAGCAACG-1,OTI,1,127
ACCATGCAGGGACATG-1,C57BL6,0,0
ACCATGCAGGGGATTG-1,C57BL6,1,1
ACCATGGGTACAAGGA-1,OTI,3,26
ACCATGGGTAGTCTCC-1,C57BL6,0,0
ACCATGGGTCATCTCA-1,OTI,3,51
ACCATGGGTCGTAGAT-1,C57BL6,4,4
ACCATGGGTGGAGTGG-1,OTI,3,210
ACCATGGGTGTCGTAG-1,C57BL6,0,0
ACCATTCTCATGTAGT-1,OTI,8,142
ACCATTCTCCCCATTG-1,OTI,1,4
ACCATTCTCCTCAGCC-1,C57BL6,0,0
ACCATTCTCCTTAATT-1,OTI,6,174
ACCATTCTCGGCAACT-1,C57BL6,0,0
ACCATTCTCGGTGCAT-1,OTI,4,185
ACCCAAATCAAAGCAA-1,OTI,1,11
ACCCAAATCAAATGCT-1,C57BL6,0,0
ACCCAAATCAATCTGG-1,C57BL6,0,0
ACCCAAATCACCCTGC-1,OTI,3,122
ACCCAAATCAGAAGTA-1,C57BL6,0,0
ACCCAAATCCATTCCG-1,OTI,3,43
ACCCAAATCGGCTAAC-1,OTI,1,15
ACCCAACAGACCCTAA-1,OTI,1,14
ACCCAACAGAGAATTG-1,OTI,3,568
ACCCAACAGAGCAGAT-1,OTI,3,61
ACCCAACAGAGTGCAG-1,OTI,2,118
ACCCAACAGCAAGGCA-1,OTI,4,154
ACCCAACAGCATGTCA-1,OTI,0,0
ACCCAACAGCGAAGTG-1,OTI,3,58
ACCCAACAGCGCGTCA-1,OTI,0,0
ACCCAACAGCGTACCG-1,OTI,2,76
ACCCAACAGCTAAGCC-1,OTI,5,192
ACCCAACAGCTACTGA-1,C57BL6,0,0
ACCCAACAGCTCAGGT-1,C57BL6,0,0
ACCCAACAGCTGTTGA-1,OTI,1,3
ACCCAACAGGCGAAGC-1,C57BL6,0,0
ACCCAACAGGTAGAAC-1,OTI,2,10
ACCCACACACATTGGT-1,OTI,11,242
ACCCACACAGCGTGAG-1,C57BL6,0,0
ACCCACACAGTCAACT-1,OTI,1,29
ACCCACGAGACAGAAC-1,OTI,1,4
ACCCACGAGCATGGAG-1,OTI,2,173
ACCCACGAGGCATCGT-1,C57BL6,0,0
ACCCACGAGGGGCTAA-1,OTI,6,191
ACCCACGAGGTAAGTA-1,OTI,2,130
ACCCACGAGGTCTATG-1,OTI,2,7
ACCCATAAGATGCCAC-1,OTI,0,0
ACCCATAAGCCTTTAC-1,OTI,6,123
ACCCATAAGGGTGAAT-1,C57BL6,1,1
ACCCATCGTAAAGCCT-1,OTI,1,3
ACCCATCGTACGTCTC-1,OTI,0,0
ACCCATCGTAGGCAGG-1,OTI,1,62
ACCCATCGTATAGCGT-1,OTI,1,6
ACCCATCGTATGGCCA-1,OTI,2,290
ACCCATCGTGCTTCGT-1,C57BL6,1,25
ACCCATCGTGGTAAAG-1,OTI,7,137
ACCCATCGTGGTAGCC-1,OTI,1,13
ACCCATCGTGTTAGCG-1,OTI,0,0
ACCCATGCAAAGCTTC-1,C57BL6,1,4
ACCCATGCAAATCTAT-1,OTI,3,62
ACCCATGCAAGCGAAC-1,C57BL6,0,0
ACCCATGCAATGCTCG-1,C57BL6,0,0
ACCCATGCACACTCTC-1,C57BL6,0,0
ACCCATGCACTACTTT-1,C57BL6,1,7
ACCCATGCAGTGAGGT-1,C57BL6,1,6
ACCCATTTCCAACATG-1,C57BL6,0,0
ACCCATTTCCACAACA-1,OTI,4,177
ACCCATTTCCGTATAG-1,OTI,5,217
ACCCATTTCGCCTGCT-1,OTI,1,14
ACCCATTTCGTAGATT-1,C57BL6,0,0
ACCCATTTCGTCTTCG-1,OTI,2,31
ACCCCAACAAAATGGT-1,C57BL6,3,49
ACCCCAACAACGTGGG-1,OTI,3,33
ACCCCAACACGTTAGT-1,OTI,3,20
ACCCCAACAGCGACCT-1,C57BL6,0,0
ACCCCAACAGCGCTTA-1,OTI,6,293
ACCCCAGAGAATTACC-1,C57BL6,0,0
ACCCCAGAGCAAATTC-1,OTI,2,73
ACCCCAGAGCGCTGTG-1,OTI,2,17
ACCCCAGAGGGCCTTG-1,OTI,4,185
ACCCCATGTACAGTTA-1,OTI,1,2
ACCCCATGTACGCTGA-1,OTI,2,17
ACCCCATGTAGCAGTT-1,OTI,2,213
ACCCCATGTCACTTAT-1,C57BL6,0,0
ACCCCATGTCTAAGCG-1,OTI,1,5
ACCCCATGTCTAATCT-1,OTI,1,2
ACCCCATGTGGTAATC-1,OTI,3,54
ACCCCATGTGGTACTG-1,OTI,2,29
ACCCCGAAGACTATGT-1,OTI,5,636
ACCCCGAAGAGTATAG-1,C57BL6,3,5
ACCCCGAAGCAGGAGC-1,OTI,5,109
ACCCCGAAGCCCTGGA-1,OTI,2,21
ACCCCGAAGCGTGGTT-1,C57BL6,3,40
ACCCCGAAGGGAGCGT-1,OTI,3,37
ACCCCGTTCACGAGCT-1,OTI,1,26
ACCCCGTTCACGTATG-1,C57BL6,0,0
ACCCCGTTCCATCTAC-1,OTI,1,14
ACCCCGTTCCTACTAC-1,C57BL6,1,18
ACCCCGTTCGGTATGC-1,OTI,8,438
ACCCCTATCACGCCCT-1,OTI,1,11
ACCCCTATCACTTTCA-1,OTI,2,8
ACCCCTATCCATAGGC-1,OTI,6,47
ACCCCTATCCGAACAC-1,C57BL6,0,0
ACCCCTATCGGTATGC-1,C57BL6,5,6
ACCCCTGGTAGCGGAG-1,OTI,1,1
ACCCCTGGTAGGGTAA-1,OTI,0,0
ACCCCTGGTAGTTATG-1,OTI,2,299
ACCCCTGGTCGACTTC-1,OTI,3,52
ACCCCTGGTCGGCTGG-1,OTI,1,9
ACCCCTGGTCTAGTGG-1,OTI,6,293
ACCCCTGGTGTCGCGG-1,C57BL6,0,0
ACCCGACCAAAGGCCG-1,OTI,2,24
ACCCGACCAATAGGGC-1,OTI,1,3
ACCCGACCAATGCTTA-1,OTI,2,168
ACCCGACCACAGCAGG-1,OTI,4,125
ACCCGACCACCAGATT-1,C57BL6,0,0
ACCCGACCACCTGACA-1,C57BL6,0,0
ACCCGACCACTATACA-1,OTI,2,158
ACCCGACCAGGAATAT-1,OTI,3,244
ACCCGACCAGTATCAC-1,C57BL6,0,0
ACCCGATAGATGACGG-1,OTI,1,14
ACCCGATAGCATTAGT-1,C57BL6,0,0
ACCCGATAGCGCTGTG-1,OTI,1,133
ACCCGATAGCTGACCG-1,OTI,4,156
ACCCGATAGGGTTCCG-1,OTI,1,15
ACCCGATAGGGTTCGT-1,OTI,5,162
ACCCGCAAGAACGACG-1,OTI,12,536
ACCCGCAAGAATTCCG-1,OTI,0,0
ACCCGCAAGACCCCGA-1,OTI,1,2
ACCCGCAAGCGCTGCA-1,OTI,0,0
ACCCGCAAGCGGGTAA-1,OTI,2,23
ACCCGCAAGGCATGGA-1,C57BL6,0,0
ACCCGCAAGGCTACCG-1,OTI,6,179
ACCCGCAAGGTATATC-1,OTI,3,24
ACCCGCAAGGTCTGTA-1,C57BL6,0,0
ACCCGCTTCATGCTTC-1,OTI,2,17
ACCCGCTTCATGGTGC-1,OTI,0,0
ACCCGCTTCGCTCGCT-1,OTI,0,0
ACCCGCTTCGGGCAAA-1,C57BL6,0,0
ACCCGTACAACGCACC-1,OTI,8,107
ACCCGTACAATGCTTA-1,C57BL6,0,0
ACCCGTGAGACTTTCC-1,C57BL6,1,12
ACCCGTGAGATCTGCA-1,C57BL6,0,0
ACCCGTGAGATTACCG-1,OTI,5,430
ACCCGTGAGCTAAACT-1,OTI,0,0
ACCCGTTGTAACTTCT-1,OTI,2,20
ACCCGTTGTACAGGTT-1,C57BL6,0,0
ACCCGTTGTACCACGA-1,C57BL6,1,34
ACCCGTTGTACTACTT-1,OTI,4,36
ACCCGTTGTATCTTGT-1,C57BL6,0,0
ACCCGTTGTCCTCGAT-1,OTI,2,10
ACCCGTTGTGGGGTCT-1,C57BL6,0,0
ACCCGTTGTGTCTGAG-1,C57BL6,0,0
ACCCGTTGTGTTGCGA-1,OTI,4,58
ACCCTAAAGAACCCAC-1,OTI,2,29
ACCCTAAAGCACCTCC-1,OTI,3,519
ACCCTAAAGCGTTCAA-1,C57BL6,0,0
ACCCTAAAGCGTTTGA-1,C57BL6,2,21
ACCCTAAAGGCCTATA-1,OTI,3,72
ACCCTAGCAAACCCAT-1,OTI,0,0
ACCCTAGCAAGAGGGA-1,OTI,3,58
ACCCTAGCAAGGACAC-1,C57BL6,0,0
ACCCTAGCACGCAGTC-1,C57BL6,0,0
ACCCTAGCACGCGTAC-1,OTI,4,303
ACCCTAGCAGGATCAA-1,OTI,1,3
ACCCTAGCAGGTGCGA-1,C57BL6,1,1
ACCCTATTCAGCATAT-1,C57BL6,0,0
ACCCTATTCATCCCAT-1,C57BL6,2,29
ACCCTATTCATTCGTC-1,C57BL6,0,0
ACCCTATTCCGGCAAT-1,C57BL6,0,0
ACCCTATTCGTAGTTG-1,C57BL6,3,23
ACCCTCTCAACGGACG-1,OTI,1,9
ACCCTCTCAAGTAACG-1,C57BL6,0,0
ACCCTCTCACACTAAC-1,OTI,3,97
ACCCTCTCACGCAGCT-1,OTI,0,0
ACCCTCTCAGCAGGCA-1,OTI,1,2
ACCCTCTCAGTTGGTT-1,OTI,2,43
ACCCTGCTCAAGCAAA-1,OTI,7,160
ACCCTGCTCACAACCA-1,OTI,1,1
ACCCTGCTCAGTCCGG-1,OTI,1,5
ACCCTGCTCCAATGTG-1,OTI,4,27
ACCCTGCTCCCCATTG-1,OTI,5,277
ACCCTGCTCCTGCACC-1,OTI,0,0
ACCCTGCTCGCTATCT-1,C57BL6,2,12
ACCCTTAGTAAGTCTA-1,C57BL6,0,0
ACCCTTAGTACCCCAT-1,OTI,6,135
ACCCTTAGTACCTCCG-1,C57BL6,0,0
ACCCTTAGTACTATAG-1,OTI,3,14
ACCCTTAGTGGATAAG-1,C57BL6,1,7
ACCCTTAGTGGCGTTA-1,OTI,2,8
ACCCTTAGTGTGTGCA-1,OTI,2,9
ACCCTTAGTGTTCGAG-1,OTI,1,2
ACCCTTTAGAATTCGT-1,OTI,0,0
ACCCTTTAGAGGCACA-1,OTI,0,0
ACCCTTTAGCCTACGG-1,OTI,4,83
ACCCTTTAGCGTTGGT-1,OTI,5,74
ACCCTTTAGCGTTGTA-1,C57BL6,1,106
ACCCTTTAGCTGCGAT-1,OTI,9,150
ACCCTTTAGCTTAAGT-1,OTI,2,46
ACCCTTTAGGGCTGAA-1,C57BL6,0,0
ACCCTTTAGGTACCCG-1,OTI,3,18
ACCCTTTAGGTTCATG-1,C57BL6,0,0
ACCTAACCAAAAGTTA-1,OTI,3,34
ACCTAACCAACATCCG-1,OTI,3,389
ACCTAACCAACGTGGG-1,OTI,8,187
ACCTAACCACACTCTC-1,OTI,3,48
ACCTAACCACATGGGG-1,OTI,8,159
ACCTAACCACGCGTAC-1,OTI,1,5
ACCTAACCAGCCTTAG-1,OTI,2,162
ACCTACAAGAGGGGCT-1,OTI,3,19
ACCTACAAGATTCAAC-1,OTI,3,280
ACCTACAAGCAAGACG-1,C57BL6,0,0
ACCTACAAGCTCTCCA-1,OTI,1,4
ACCTACAAGGCCCACA-1,OTI,3,170
ACCTACGCAATCGCCA-1,OTI,1,34
ACCTACGCACAGCACC-1,C57BL6,0,0
ACCTACGCACCGCAGT-1,OTI,2,84
ACCTACGCACGCAGGA-1,C57BL6,1,26
ACCTACTTCAATGTGT-1,OTI,0,0
ACCTACTTCACTGTTC-1,OTI,0,0
ACCTACTTCCGTATTC-1,OTI,1,1
ACCTAGGGTAGCCTTC-1,C57BL6,1,1
ACCTAGGGTATCCGGA-1,OTI,2,31
ACCTAGGGTCAGTCAG-1,OTI,7,380
ACCTAGGGTCGTTGGA-1,OTI,6,308
ACCTAGGGTCTGGATG-1,OTI,5,40
ACCTAGGGTGCTTTCA-1,C57BL6,0,0
ACCTAGGGTGTAATTG-1,OTI,3,79
ACCTAGTCAATACGTC-1,OTI,5,52
ACCTAGTCAATGATCC-1,OTI,3,44
ACCTATACAAACACCT-1,OTI,7,567
ACCTATACAACTAACC-1,OTI,2,306
ACCTATACAATCCGCA-1,OTI,2,34
ACCTATACAATCGACT-1,C57BL6,1,4
ACCTATACAATCTGAC-1,OTI,0,0
ACCTATACACCCTTCG-1,OTI,2,394
ACCTATACACTATACA-1,OTI,0,0
ACCTATACACTCATTT-1,OTI,0,0
ACCTATACAGTAGTAG-1,OTI,0,0
ACCTATGAGCACGAAG-1,OTI,7,255
ACCTATGAGCATAGCC-1,OTI,5,65
ACCTATGAGCTACTGA-1,OTI,2,28
ACCTATGAGGGGATCA-1,OTI,0,0
ACCTATTGTATGATGC-1,OTI,7,84
ACCTCAGCAAAGTATA-1,C57BL6,0,0
ACCTCAGCAACAATTT-1,C57BL6,8,14
ACCTCAGCAACTGGAA-1,OTI,1,6
ACCTCAGCAAGCGCGA-1,OTI,4,151
ACCTCAGCAATACGCT-1,OTI,4,116
ACCTCAGCACACTGCA-1,OTI,9,208
ACCTCAGCACGAGCGA-1,OTI,0,0
ACCTCAGCACGTAGAA-1,OTI,4,10
ACCTCAGCAGCATGAA-1,OTI,0,0
ACCTCAGCAGCGACAG-1,OTI,1,23
ACCTCATTCACTTAAA-1,OTI,1,1
ACCTCATTCATATCCC-1,OTI,4,137
ACCTCATTCCCACACC-1,OTI,3,220
ACCTCATTCCGTTCGC-1,OTI,4,338
ACCTCATTCGCCCTTA-1,OTI,0,0
ACCTCCATCAACTCTC-1,OTI,0,0
ACCTCCATCAATGTTA-1,C57BL6,9,12
ACCTCCATCATGGTGC-1,C57BL6,1,8
ACCTCCATCCCCACTA-1,OTI,3,384
ACCTCCATCCTAGTTC-1,OTI,6,90
ACCTCCATCGTTCACT-1,OTI,2,7
ACCTCCGGTATTCTGT-1,OTI,0,0
ACCTCCGGTCCACGTT-1,OTI,1,104
ACCTCCGGTCGACTAG-1,OTI,3,101
ACCTCCGGTCGCTAAG-1,C57BL6,0,0
ACCTCCGGTCTCGAAG-1,OTI,3,49
ACCTCTCCAATTGACC-1,C57BL6,1,5
ACCTCTCCACACTAAC-1,C57BL6,0,0
ACCTCTCCACCGACTA-1,OTI,3,61
ACCTCTCCACGTACGC-1,OTI,0,0
ACCTCTGTCACAGGCT-1,C57BL6,2,25
ACCTCTGTCACGTATG-1,C57BL6,1,7
ACCTCTGTCACGTCGG-1,C57BL6,2,36
ACCTCTGTCAGTATCG-1,OTI,1,82
ACCTCTGTCCATAAGT-1,C57BL6,10,12
ACCTCTGTCCGTACAA-1,OTI,5,43
ACCTCTGTCGGACCTG-1,OTI,7,102
ACCTGCACACAAGCGG-1,C57BL6,0,0
ACCTGCACACAATACC-1,OTI,1,192
ACCTGCACACATAATT-1,OTI,5,376
ACCTGCACAGCCCTAA-1,OTI,2,26
ACCTGCACAGCGACAG-1,OTI,3,244
ACCTGCACAGCTCCAA-1,C57BL6,1,7
ACCTGCACAGTACTTA-1,OTI,1,1
ACCTGCACAGTTACTA-1,C57BL6,0,0
ACCTGCGAGAACTGAA-1,OTI,1,26
ACCTGCGAGCAAGTAA-1,OTI,2,15
ACCTGCGAGCAGCCCA-1,C57BL6,1,3
ACCTGCGAGCCGATTA-1,C57BL6,0,0
ACCTGCGAGCGCTGCA-1,C57BL6,0,0
ACCTGCGAGCGTAACC-1,C57BL6,0,0
ACCTGCGAGCTAGGAG-1,C57BL6,0,0
ACCTGCGAGGCACCCA-1,C57BL6,0,0
ACCTGCTGTCAATTTC-1,C57BL6,0,0
ACCTGCTGTCCTTAGC-1,OTI,7,128
ACCTGCTGTCTAGCTC-1,OTI,4,110
ACCTGCTGTGCTCGGG-1,OTI,0,0
ACCTGCTGTGTCGCGG-1,C57BL6,0,0
ACCTGTAAGAGCGAAT-1,OTI,4,183
ACCTGTAAGAGTGGCA-1,OTI,5,50
ACCTGTAAGATACGGG-1,OTI,3,291
ACCTGTAAGATGCATT-1,OTI,2,21
ACCTGTAAGCAAGTAA-1,OTI,2,11
ACCTGTAAGCAATCCA-1,OTI,3,22
ACCTGTAAGCCGTCAG-1,OTI,3,25
ACCTGTAAGCCGTGAT-1,OTI,0,0
ACCTGTAAGCCTGTAA-1,OTI,4,163
ACCTGTAAGCGAAACG-1,OTI,0,0
ACCTGTAAGCGCATCG-1,C57BL6,1,4
ACCTGTAAGGCGTGAA-1,OTI,2,357
ACCTGTAAGGTTCATG-1,OTI,0,0
ACCTGTCGTAAGTTGC-1,OTI,0,0
ACCTGTCGTACAAGGA-1,OTI,5,72
ACCTGTCGTACTCAGG-1,C57BL6,0,0
ACCTGTCGTAGCCCTT-1,OTI,2,92
ACCTGTCGTATAAGGG-1,C57BL6,1,6
ACCTGTCGTCCGGTAA-1,OTI,7,168
ACCTGTCGTCCTGATC-1,OTI,6,366
ACCTTAACAAGTCGCC-1,OTI,5,246
ACCTTAACACATCGGC-1,OTI,4,26
ACCTTAACACGTCAAT-1,OTI,0,0
ACCTTAACACTGGCAC-1,OTI,5,96
ACCTTAACAGTCTATA-1,OTI,3,86
ACCTTACTCATCCCGC-1,OTI,2,42
ACCTTACTCCGGCTTC-1,OTI,5,43
ACCTTACTCGGTATGC-1,C57BL6,1,2
ACCTTAGAGACACCCG-1,OTI,3,92
ACCTTAGAGACGCCAT-1,OTI,1,36
ACCTTATGTAAATCCA-1,OTI,2,34
ACCTTATGTAATTTGG-1,C57BL6,1,3
ACCTTATGTACTTCTG-1,C57BL6,0,0
ACCTTATGTATAGGAG-1,C57BL6,1,3
ACCTTATGTATGATGC-1,OTI,0,0
ACCTTATGTCATTATC-1,OTI,2,110
ACCTTATGTGCAATGT-1,OTI,2,47
ACCTTATGTGGGGTAG-1,C57BL6,0,0
ACCTTATGTGTGCAAT-1,C57BL6,1,1
ACCTTCGTCACGTCAA-1,C57BL6,0,0
ACCTTCGTCAGCGCCA-1,OTI,2,6
ACCTTCGTCCGGACCA-1,OTI,6,287
ACCTTCGTCGGTATAT-1,OTI,0,0
ACCTTGCGTAACAGAG-1,C57BL6,0,0
ACCTTGCGTATAGCGT-1,OTI,0,0
ACCTTGCGTCAATCGG-1,C57BL6,0,0
ACCTTGCGTCGGTTTC-1,OTI,2,388
ACCTTGCGTCGTCTTA-1,OTI,0,0
ACCTTGCGTGGAAAGC-1,C57BL6,0,0
ACCTTGCGTGGGTGCT-1,C57BL6,0,0
ACCTTGCGTGGTCCCC-1,OTI,0,0
ACCTTGCGTGGTGTAT-1,OTI,0,0
ACCTTTCAGCCAAATT-1,C57BL6,1,6
ACCTTTCAGCCATAAT-1,OTI,1,188
ACCTTTCAGCGCCAAT-1,OTI,4,96
ACCTTTCAGGCAGTGA-1,C57BL6,0,0
ACCTTTCAGGCTGGTT-1,OTI,7,144
ACCTTTCAGGGAAATC-1,OTI,2,26
ACCTTTCAGGGTAGCA-1,C57BL6,0,0
ACCTTTGGTCAGGCCG-1,OTI,0,0
ACCTTTGGTCCGTTTA-1,OTI,2,10
ACCTTTGGTCTGTCCG-1,C57BL6,0,0
ACCTTTGGTGGGAGAT-1,OTI,4,104
ACCTTTGGTGTCGTCT-1,OTI,2,31
ACCTTTGGTGTGCGTA-1,C57BL6,0,0
ACGAAAGGTACTATGA-1,OTI,9,142
ACGAAAGGTACTCCCG-1,C57BL6,2,4
ACGAAAGGTCACGAAT-1,OTI,5,82
ACGAAAGGTCGCCCGT-1,OTI,2,32
ACGAAAGGTCTATAAG-1,OTI,3,224
ACGAAAGGTGCAGTCA-1,C57BL6,2,10
ACGAAATCAACGCACC-1,OTI,1,24
ACGAAATCAAGCTGAA-1,C57BL6,3,22
ACGAAATCAATGATCC-1,OTI,3,53
ACGAAATCACATACCG-1,OTI,4,148
ACGAAATCACATCAGT-1,C57BL6,1,3
ACGAAATCACCACGTA-1,OTI,2,47
ACGAAATCACGCGTAC-1,OTI,1,49
ACGAAATCAGCTGTAT-1,OTI,2,14
ACGAACACAAAGCATG-1,OTI,4,132
ACGAACACAACCATCG-1,C57BL6,0,0
ACGAACACAGTGGGAT-1,OTI,0,0
ACGAACCTCAAAGGTA-1,C57BL6,0,0
ACGAACCTCACTCGCC-1,OTI,2,64
ACGAACCTCAGTTGGC-1,OTI,3,58
ACGAACCTCCTACATC-1,C57BL6,2,16
ACGAACCTCCTTATCA-1,C57BL6,1,2
ACGAACCTCGTAACCA-1,C57BL6,0,0
ACGAACCTCGTCCCTA-1,C57BL6,1,15
ACGAACGAGAACACCC-1,C57BL6,0,0
ACGAACGAGCAAGGGC-1,OTI,7,626
ACGAACGAGCATATCG-1,OTI,0,0
ACGAACGAGCCGACAT-1,OTI,1,7
ACGAACGAGCTACTTC-1,C57BL6,0,0
ACGAACGAGCTCCGGA-1,OTI,3,199
ACGAAGCCAATCATCA-1,OTI,4,16
ACGAAGCCACCACAAT-1,OTI,3,69
ACGAAGCCACCGTTAG-1,OTI,1,432
ACGAAGCCAGCAGTAA-1,OTI,6,37
ACGAAGCCAGGGTTAA-1,OTI,0,0
ACGAAGTAGAAGGCAT-1,OTI,3,18
ACGAAGTAGACATGAA-1,OTI,2,3
ACGAAGTAGAGAATTG-1,OTI,4,237
ACGACACTCAATATCA-1,C57BL6,0,0
ACGACACTCACGAGCT-1,OTI,1,77
ACGACACTCATTAACA-1,OTI,0,0
ACGACACTCATTCAAA-1,OTI,4,159
ACGACACTCCGGCTTC-1,C57BL6,0,0
ACGACACTCGTGCAAC-1,C57BL6,0,0
ACGACAGAGCCTCGAG-1,C57BL6,0,0
ACGACAGAGCTGACAC-1,C57BL6,0,0
ACGACCCCAACCTGCA-1,OTI,3,139
ACGACCCCAACTGCAT-1,C57BL6,1,10
ACGACCCCAACTTCAA-1,OTI,2,37
ACGACCCCACCTAACG-1,OTI,0,0
ACGACCCCACCTCTCG-1,OTI,3,54
ACGACCCCACGCAACC-1,OTI,5,380
ACGACCCCACTCTCCG-1,OTI,0,0
ACGACGAAGAAAGTGC-1,OTI,0,0
ACGACGAAGAATTCCG-1,OTI,3,226
ACGACGAAGCAATGGG-1,C57BL6,5,9
ACGACGAAGCATGGAG-1,C57BL6,0,0
ACGACGAAGCCACTTT-1,OTI,5,186
ACGACGAAGCCAGCAT-1,C57BL6,0,0
ACGACGAAGCTCATAG-1,OTI,2,15
ACGACGAAGCTTGATG-1,OTI,4,193
ACGACGAAGGTCTATG-1,OTI,4,312
ACGACTATCAATACGT-1,C57BL6,12,16
ACGACTATCACGCCTC-1,OTI,3,145
ACGACTATCACGTAAT-1,C57BL6,0,0
ACGACTATCACTATCC-1,C57BL6,1,3
ACGACTATCAGACTGC-1,C57BL6,0,0
ACGACTATCAGGACTC-1,OTI,5,30
ACGACTATCCAAATGT-1,C57BL6,1,1
ACGACTATCCAGGGTT-1,OTI,0,0
ACGACTATCCCTTCGA-1,OTI,1,4
ACGACTATCCGGCAAT-1,OTI,6,312
ACGACTATCGCTCATT-1,C57BL6,0,0
ACGAGACCAAATTGAA-1,OTI,4,32
ACGAGACCAACTCTCC-1,OTI,2,19
ACGAGACCACCCTGAA-1,OTI,0,0
ACGAGACCACTTCTAT-1,OTI,7,161
ACGAGCTTCATGTGGC-1,OTI,2,13
ACGAGCTTCCACCGCT-1,C57BL6,1,10
ACGAGCTTCCGTCTAT-1,OTI,2,102
ACGAGCTTCCTCCGAC-1,OTI,4,22
ACGAGCTTCGCGCAAT-1,C57BL6,3,6
ACGAGCTTCGCTTCAT-1,OTI,3,32
ACGAGCTTCGGACATC-1,C57BL6,2,26
ACGAGGCAGAAAGCTA-1,OTI,0,0
ACGAGGCAGAACGGCA-1,OTI,3,50
ACGAGGCAGAGCAACG-1,OTI,2,204
ACGAGGCAGCACATCA-1,OTI,2,66
ACGAGGCAGCCAGGTT-1,C57BL6,0,0
ACGAGGTCAAACCGAA-1,OTI,1,17
ACGAGGTCAACCATCG-1,C57BL6,1,5
ACGAGGTCACGTATCG-1,OTI,3,101
ACGAGGTCAGCGTGCT-1,OTI,1,4
ACGAGGTCAGGACAAC-1,OTI,8,118
ACGAGTTGTACTGCGA-1,OTI,2,41
ACGAGTTGTACTTATC-1,OTI,1,526
ACGAGTTGTAGCAGGG-1,OTI,0,0
ACGAGTTGTCGCTTGT-1,OTI,0,0
ACGAGTTGTCGTGGTA-1,OTI,4,48
ACGAGTTGTCTAGTGG-1,OTI,2,11
ACGAGTTGTGGTTAGT-1,OTI,4,26
ACGAGTTGTGTTGTAA-1,C57BL6,0,0
ACGATAGCAATTGCTA-1,C57BL6,0,0
ACGATAGCACCTACCT-1,OTI,3,513
ACGATAGCAGGAATCA-1,OTI,0,0
ACGATATTCACGATAT-1,C57BL6,1,5
ACGATATTCATAAGCT-1,C57BL6,0,0
ACGATATTCATTGGGC-1,OTI,3,193
ACGATATTCCTGGGTG-1,C57BL6,0,0
ACGATATTCGCGTAGT-1,C57BL6,2,10
ACGATATTCGGATTGC-1,OTI,2,14
ACGATATTCGTTACCT-1,OTI,4,122
ACGATGGAGACAGTTT-1,OTI,1,3
ACGATGGAGAGCCGAA-1,OTI,2,14
ACGATGGAGAGCGGTA-1,C57BL6,0,0
ACGATGGAGATCTCGA-1,C57BL6,0,0
ACGATGGAGCATGTAT-1,OTI,3,238
ACGATGGAGGTGCTAC-1,OTI,0,0
ACGATGGAGGTTCAGC-1,OTI,5,177
ACGCAACTCACTCCTG-1,OTI,4,4
ACGCAACTCAGTTATA-1,C57BL6,0,0
ACGCAACTCATACCCT-1,OTI,1,40
ACGCAACTCATGCAGC-1,OTI,3,45
ACGCAACTCCAATGTG-1,OTI,4,88
ACGCAACTCCAGTACA-1,OTI,6,340
ACGCAACTCCCGAATA-1,OTI,5,160
ACGCAACTCCGATACA-1,C57BL6,1,20
ACGCAACTCGCTAACA-1,OTI,5,58
ACGCAACTCGCTCTCA-1,C57BL6,0,0
ACGCAACTCGTGATAT-1,OTI,4,95
ACGCAATGTATCTCGC-1,OTI,5,219
ACGCAATGTCCTAGAG-1,OTI,0,0
ACGCAATGTGCCTCGC-1,OTI,9,341
ACGCAATGTGCGCTCC-1,OTI,6,53
ACGCACCCAAATGAAC-1,OTI,3,85
ACGCACCCAAGCCGAG-1,OTI,3,25
ACGCACCCACCACAGC-1,OTI,4,36
ACGCACCCAGCTAGCC-1,OTI,9,753
ACGCACCCAGTGTTAC-1,OTI,0,0
ACGCAGGCAACCTGCA-1,OTI,1,22
ACGCAGGCAACTATCA-1,C57BL6,2,12
ACGCAGGCAATCGGCC-1,OTI,2,135
ACGCAGGCACCGTTAG-1,OTI,6,379
ACGCAGGCACTCATTT-1,OTI,3,124
ACGCAGGCAGCAACCC-1,OTI,0,0
ACGCAGGCAGGTGATA-1,C57BL6,0,0
ACGCAGGCAGTCCACA-1,OTI,4,75
ACGCAGGCAGTTAATT-1,OTI,4,43
ACGCAGTTCAAAGCCC-1,OTI,1,3
ACGCAGTTCACGCGTG-1,OTI,7,328
ACGCAGTTCAGCCTCC-1,OTI,0,0
ACGCAGTTCCAGTAAT-1,OTI,2,134
ACGCAGTTCCTGCAAA-1,C57BL6,0,0
ACGCAGTTCGGCCAAT-1,OTI,1,9
ACGCATATCCCAGCTC-1,C57BL6,0,0
ACGCATATCCCATAAG-1,C57BL6,0,0
ACGCATATCCTGCTAT-1,OTI,1,45
ACGCATGGTAAATTCG-1,OTI,0,0
ACGCATGGTACTTATC-1,OTI,7,263
ACGCATGGTCACAGCA-1,OTI,1,2
ACGCATGGTCAGGTGC-1,OTI,0,0
ACGCATGGTCTTGTCA-1,C57BL6,0,0
ACGCATGGTGCTTAGG-1,OTI,3,134
ACGCATGGTGTTAGGT-1,OTI,2,15
ACGCCACCACCGGAAG-1,C57BL6,4,4
ACGCCACCACCTGACA-1,OTI,3,32
ACGCCACCACGACACC-1,OTI,4,375
ACGCCACCAGGTGCGA-1,C57BL6,0,0
ACGCCACCAGTCTAAC-1,OTI,5,56
ACGCCATAGATATGAG-1,OTI,3,160
ACGCCATAGCACCCGA-1,OTI,3,116
ACGCCATAGCGTTAGC-1,OTI,3,9
ACGCCATAGCTGACAC-1,C57BL6,0,0
ACGCCATAGGCGAAGC-1,OTI,4,99
ACGCCATAGGGGCTAA-1,OTI,0,0
ACGCCATAGGGTGTTC-1,OTI,5,454
ACGCCCAAGAGCGAAT-1,C57BL6,0,0
ACGCCCAAGAGCTTTG-1,OTI,11,483
ACGCCCAAGATAGTAG-1,OTI,2,61
ACGCCCAAGGGGTTGA-1,OTI,4,112
ACGCCCAAGGGTTCGT-1,OTI,2,26
ACGCCCAAGGTAACCC-1,OTI,0,0
ACGCCCTTCAAAGCAA-1,OTI,4,192
ACGCCCTTCATCCCAT-1,OTI,1,21
ACGCCCTTCCACTCCA-1,OTI,4,37
ACGCCCTTCCGGAAAG-1,OTI,6,124
ACGCCCTTCCTGTCAT-1,OTI,4,6
ACGCCCTTCCTTCATA-1,OTI,5,49
ACGCCCTTCGGACTAC-1,OTI,1,11
ACGCCCTTCGGCTTGG-1,C57BL6,0,0
ACGCCCTTCGTATACG-1,OTI,0,0
ACGCCGGGTAGCAGTT-1,OTI,3,34
ACGCCGGGTGCGAGGA-1,OTI,3,58
ACGCCGGGTGGATGTT-1,OTI,2,36
ACGCCGGGTGGCTTAG-1,C57BL6,2,9
ACGCCGGGTGGTTATA-1,OTI,5,133
ACGCCTCTCAACGGCT-1,OTI,5,12
ACGCCTCTCAACTGCA-1,C57BL6,0,0
ACGCCTCTCATGGAAA-1,OTI,2,83
ACGCCTCTCATGGCGT-1,OTI,0,0
ACGCCTCTCCCAGAAC-1,C57BL6,0,0
ACGCCTCTCCCATAAG-1,OTI,5,50
ACGCCTCTCCGCATAA-1,C57BL6,3,21
ACGCCTCTCGCACCTC-1,OTI,5,441
ACGCCTCTCGTTCTAC-1,OTI,3,37
ACGCGAAAGCTACATG-1,OTI,4,195
ACGCGAAAGCTCGATA-1,C57BL6,5,5
ACGCGAAAGGCTAGAG-1,C57BL6,0,0
ACGCGAAAGGTCCGCA-1,OTI,5,165
ACGCGAGCACCACTCT-1,C57BL6,0,0
ACGCGCATCACCAATG-1,C57BL6,0,0
ACGCGCATCATTAAGC-1,OTI,3,339
ACGCGCATCCAACAGC-1,C57BL6,5,6
ACGCGCATCCAATCAG-1,OTI,2,4
ACGCGCATCCCGCTTA-1,C57BL6,0,0
ACGCGCGGTAATGTGC-1,OTI,3,59
ACGCGCGGTAGCGGGA-1,C57BL6,0,0
ACGCGCGGTAGGACGG-1,OTI,0,0
ACGCGCGGTCGATTGG-1,OTI,2,18
ACGCGCGGTCGTATGG-1,C57BL6,0,0
ACGCGCGGTCTTGGTC-1,OTI,3,43
ACGCGCGGTGGGTCTA-1,OTI,0,0
ACGCGCGGTGTTCGTC-1,OTI,0,0
ACGCGCTCAACAGTCT-1,C57BL6,3,22
ACGCGCTCAATCAGTC-1,OTI,1,11
ACGCGCTCACCAATTA-1,OTI,2,50
ACGCGCTCACGCGACT-1,OTI,1,3
ACGCGCTCAGCTGTAT-1,OTI,4,151
ACGCGCTCAGGGACAT-1,OTI,0,0
ACGCGCTCAGGTTCGC-1,C57BL6,1,35
ACGCGTCCAAAAGCCA-1,C57BL6,0,0
ACGCGTCCAAAGTGCA-1,OTI,6,217
ACGCGTCCAAGCTTTA-1,C57BL6,1,1
ACGCGTCCACACGGTC-1,C57BL6,0,0
ACGCGTGTCAACAGCC-1,OTI,6,196
ACGCGTGTCACGCAGT-1,OTI,1,5
ACGCGTGTCAGTTTGG-1,C57BL6,0,0
ACGCGTGTCCAGCCTC-1,OTI,0,0
ACGCGTGTCCGTATTC-1,OTI,1,104
ACGCGTGTCGCACCTC-1,OTI,3,608
ACGCGTGTCGCTATAG-1,OTI,7,225
ACGCGTGTCGGGCTCA-1,OTI,1,6
ACGCGTGTCGTGATAT-1,C57BL6,0,0
ACGCGTTAGAAGGCAT-1,C57BL6,0,0
ACGCGTTAGAGGGCGT-1,OTI,2,5
ACGCGTTAGCCTCGTC-1,C57BL6,0,0
ACGCGTTAGGCTAACC-1,OTI,0,0
ACGCTAATCAATGGTT-1,OTI,1,20
ACGCTAATCACTGTTC-1,OTI,0,0
ACGCTAATCAGGCTTA-1,OTI,3,85
ACGCTAATCATACTCC-1,OTI,0,0
ACGCTAATCCAATGTG-1,C57BL6,0,0
ACGCTAATCCAGCCCT-1,OTI,2,134
ACGCTAATCCCACAGG-1,OTI,16,261
ACGCTAATCCGCCGTT-1,OTI,8,61
ACGCTAATCCGGTCAG-1,OTI,4,398
ACGCTAATCCTCCGGT-1,C57BL6,0,0
ACGCTCACAAAGGGGA-1,OTI,1,5
ACGCTCACAATGGCGG-1,OTI,5,268
ACGCTCACACAGCGGA-1,OTI,2,4
ACGCTCACACATTGGT-1,C57BL6,0,0
ACGCTCACACGTCAGC-1,OTI,1,10
ACGCTCACACTATAAT-1,C57BL6,1,1
ACGCTCACACTCCTTA-1,C57BL6,0,0
ACGCTCACAGCGACAG-1,C57BL6,1,5
ACGCTCACAGGTTCGC-1,OTI,2,18
ACGCTCCTCATCGGCG-1,OTI,3,125
ACGCTCCTCATCTCCG-1,C57BL6,1,1
ACGCTCCTCCAAATTA-1,C57BL6,1,5
ACGCTCCTCCAGTACA-1,OTI,2,16
ACGCTCCTCCGATAAT-1,OTI,7,188
ACGCTCCTCGCTCATT-1,C57BL6,3,18
ACGCTGAGTAACTTCT-1,OTI,3,52
ACGCTGAGTACTACAA-1,C57BL6,0,0
ACGCTGAGTAGCTGGC-1,OTI,2,13
ACGCTGAGTCCGGCCT-1,OTI,2,13
ACGCTGAGTCCTTTAG-1,OTI,1,15
ACGCTGAGTCTGGTAG-1,OTI,2,14
ACGCTGAGTCTTAGGG-1,OTI,3,54
ACGCTGAGTGCGAGGA-1,OTI,2,385
ACGCTGAGTGCTCGTT-1,OTI,4,275
ACGCTGAGTGGAAGTA-1,C57BL6,0,0
ACGCTGAGTGGCATAT-1,OTI,2,20
ACGCTGAGTGGGTTCA-1,C57BL6,0,0
ACGCTGTAGAACATAG-1,C57BL6,6,8
ACGCTGTAGAGCAGAT-1,OTI,0,0
ACGCTGTAGCGAATGG-1,OTI,3,3
ACGCTGTAGCTATAGT-1,OTI,4,116
ACGCTGTAGGCGGAGT-1,OTI,5,503
ACGCTGTAGGTCCACG-1,C57BL6,1,10
ACGCTTCGTACGCATG-1,OTI,2,13
ACGCTTCGTATGTACA-1,C57BL6,0,0
ACGCTTCGTCGATCAG-1,OTI,0,0
ACGCTTCGTCTAGGTG-1,OTI,0,0
ACGGACGCAAGGGGAA-1,OTI,8,143
ACGGACGCAATGAATA-1,OTI,3,268
ACGGACGCACAACGCC-1,OTI,2,32
ACGGACGCACCAGCTA-1,OTI,3,116
ACGGACGCACCGAATT-1,C57BL6,5,20
ACGGACGCACGAGTAA-1,C57BL6,1,1
ACGGACGCACGTAAAG-1,OTI,1,13
ACGGACGCACTACTTT-1,C57BL6,0,0
ACGGACGCACTCGAGC-1,OTI,4,269
ACGGACGCACTGGAGG-1,C57BL6,0,0
ACGGACGCAGCGCTAC-1,C57BL6,0,0
ACGGACGCAGGGACAT-1,OTI,3,18
ACGGAGCAGAACAGGT-1,C57BL6,0,0
ACGGAGCAGCCATCAA-1,OTI,1,7
ACGGATTGTCTAACTT-1,OTI,0,0
ACGGCAAAGACAGCGA-1,C57BL6,0,0
ACGGCAAAGACGTCAC-1,OTI,6,108
ACGGCAAAGAGCGGTA-1,OTI,8,107
ACGGCAAAGCACCTTT-1,C57BL6,0,0
ACGGCAAAGCGCATTA-1,C57BL6,0,0
ACGGCAAAGGCAACGA-1,OTI,4,117
ACGGCAAAGGCGTTAC-1,OTI,4,47
ACGGCAAAGGGACACA-1,OTI,0,0
ACGGCAGCAAATTACT-1,C57BL6,2,4
ACGGCAGCAAGAGGTC-1,C57BL6,1,9
ACGGCAGCACGAATCT-1,OTI,3,67
ACGGCAGCACGTAACT-1,OTI,1,6
ACGGCCATCAAGCACC-1,C57BL6,1,9
ACGGCCATCAGCTATG-1,OTI,1,130
ACGGCCATCATACCTC-1,C57BL6,1,7
ACGGCCATCCGGCAAT-1,OTI,4,63
ACGGGATCAACATGGA-1,C57BL6,0,0
ACGGGATCAATTCATG-1,C57BL6,0,0
ACGGGATCAATTGCTA-1,OTI,10,321
ACGGGATCACGATAAG-1,OTI,1,27
ACGGGATCAGCCATAT-1,OTI,0,0
ACGGGATCAGGAGTTA-1,OTI,1,51
ACGGGATCAGTCCACA-1,C57BL6,0,0
ACGGGATCAGTTACCG-1,OTI,1,15
ACGGGCTGTATAGGGA-1,OTI,1,7
ACGGGCTGTATATCCT-1,OTI,2,41
ACGGGCTGTCAGCATG-1,C57BL6,2,77
ACGGGCTGTCGCTGCC-1,C57BL6,0,0
ACGGGCTGTCGTAATA-1,C57BL6,1,6
ACGGGCTGTCGTAGAT-1,OTI,1,22
ACGGGCTGTCGTAGTG-1,OTI,0,0
ACGGGGTAGATACCAT-1,OTI,0,0
ACGGGGTAGATATGAG-1,C57BL6,0,0
ACGGGGTAGATGAAGC-1,OTI,3,260
ACGGGGTAGCTATCAG-1,C57BL6,0,0
ACGGGGTAGGGTGTTC-1,C57BL6,0,0
ACGGGTAAGACTCGAC-1,OTI,2,56
ACGGGTAAGCCATCAA-1,C57BL6,0,0
ACGGGTAAGCCTGACG-1,OTI,9,444
ACGGGTAAGGCTTCGG-1,OTI,4,45
ACGGGTCGTACCCCTG-1,C57BL6,1,8
ACGGGTCGTAGTGAGA-1,OTI,4,251
ACGGGTCGTATCTCTG-1,OTI,7,295
ACGGGTCGTCAAGTTA-1,OTI,1,5
ACGGGTCGTCCACGTT-1,OTI,1,2
ACGGGTCGTCGAAGGG-1,OTI,3,179
ACGGGTCGTCTCATTG-1,OTI,6,469
ACGGGTCGTGGCTTCT-1,C57BL6,0,0
ACGGGTTTCACACGGT-1,OTI,6,58
ACGGGTTTCACTGTCT-1,C57BL6,1,2
ACGGGTTTCATAACAC-1,C57BL6,0,0
ACGGGTTTCATAACGT-1,C57BL6,1,12
ACGGGTTTCATGAGTT-1,OTI,1,7
ACGGGTTTCCTGCACC-1,OTI,5,63
ACGGGTTTCGCCACTC-1,OTI,7,324
ACGGGTTTCGTACAAT-1,OTI,0,0
ACGGTCAGTCAGGATT-1,OTI,2,8
ACGGTCAGTCCTTGTA-1,OTI,4,245
ACGGTCAGTGTTAAGC-1,OTI,0,0
ACGGTCCCAAATTAAG-1,OTI,1,8
ACGGTCCCAAATTGGG-1,OTI,1,1
ACGGTCCCAACCTGCA-1,OTI,4,76
ACGGTCCCAAGACGAC-1,OTI,0,0
ACGGTCCCACATCAGT-1,C57BL6,1,16
ACGGTCCCACTATACA-1,OTI,1,71
ACGGTCCCAGCAATCT-1,OTI,1,203
ACGGTCCCAGCATGGG-1,OTI,0,0
ACGGTCGTCACATTCC-1,C57BL6,0,0
ACGGTCGTCAGTTTAA-1,C57BL6,0,0
ACGGTCGTCATAGGGG-1,OTI,3,276
ACGGTCGTCCATTCTA-1,C57BL6,0,0
ACGGTCGTCCTCTCCT-1,OTI,8,195
ACGGTCGTCGCCCTAC-1,C57BL6,1,1
ACGGTCGTCGGGTCCA-1,OTI,0,0
ACGGTGCGTATCAGTA-1,OTI,6,42
ACGGTGCGTATGCGCA-1,C57BL6,1,5
ACGGTGCGTCATAGCG-1,C57BL6,1,1
ACGGTGCGTCGGGGTT-1,OTI,3,67
ACGGTGTTCAATGCGC-1,OTI,0,0
ACGGTGTTCCACCCAC-1,C57BL6,3,12
ACGGTGTTCGCCATAA-1,OTI,0,0
ACGGTGTTCGGACACT-1,OTI,6,148
ACGGTTATCAACTCCT-1,OTI,5,214
ACGGTTATCAATGTAC-1,OTI,3,42
ACGGTTATCACTCCTG-1,OTI,4,30
ACGGTTATCATCATCC-1,OTI,1,10
ACGGTTATCCAATCAG-1,OTI,2,21
ACGGTTATCCGGGAAA-1,C57BL6,2,17
ACGGTTATCCTCTAGT-1,C57BL6,2,27
ACGGTTATCGCTTCGC-1,OTI,2,53
ACGGTTATCGTATTCC-1,OTI,2,38
ACGGTTATCGTTCGTT-1,OTI,4,117
ACGGTTGGTAATTTGG-1,OTI,5,75
ACGGTTGGTACGCTTC-1,C57BL6,13,19
ACGGTTGGTAGAGATG-1,OTI,0,0
ACGGTTGGTAGGATAG-1,OTI,6,114
ACGGTTGGTAGTTTAG-1,OTI,2,274
ACGGTTGGTATCTCAT-1,OTI,2,141
ACGGTTGGTCAATTAG-1,OTI,3,41
ACGGTTGGTCCGCCTA-1,C57BL6,0,0
ACGGTTGGTGCACGTA-1,OTI,2,33
ACGGTTGGTGCGGGTT-1,C57BL6,0,0
ACGTAAGCAAAATGAC-1,OTI,1,9
ACGTAAGCAAATCTCA-1,OTI,0,0
ACGTAAGCAAGCAGTA-1,C57BL6,2,11
ACGTAAGCAGGTAACA-1,OTI,6,313
ACGTAAGCAGTACGCC-1,OTI,8,179
ACGTAAGCAGTAGCCC-1,OTI,2,6
ACGTAAGCAGTGTCGC-1,C57BL6,0,0
ACGTAATTCACCATTC-1,C57BL6,0,0
ACGTAATTCACCTCCA-1,OTI,6,282
ACGTAATTCAGCGTAC-1,OTI,1,5
ACGTAATTCCCTTGTG-1,C57BL6,0,0
ACGTAATTCGTTGCTT-1,C57BL6,0,0
ACGTACTCACAGTCGC-1,C57BL6,1,108
ACGTACTCACGACACC-1,OTI,1,4
ACGTACTCAGCATGCC-1,OTI,1,87
ACGTATGTCATAATTG-1,C57BL6,6,9
ACGTATGTCATGCGTA-1,C57BL6,0,0
ACGTATGTCCATCTAC-1,OTI,3,100
ACGTATGTCCCTTCCT-1,OTI,6,596
ACGTATGTCGGGTTCG-1,OTI,0,0
ACGTATTAGAACCCAC-1,C57BL6,0,0
ACGTATTAGACATAAG-1,C57BL6,0,0
ACGTATTAGATGCCAC-1,OTI,2,157
ACGTATTAGCACCTAA-1,OTI,5,100
ACGTATTAGCCCAACG-1,C57BL6,0,0
ACGTATTAGCTCGGCA-1,C57BL6,0,0
ACGTCAATCGCCACTC-1,C57BL6,0,0
ACGTCACAGACGACGA-1,OTI,3,76
ACGTCACAGAGGGCGT-1,OTI,1,4
ACGTCACAGATCTTGG-1,OTI,2,92
ACGTCACAGATGGTGG-1,OTI,1,11
ACGTCACAGCCGCACA-1,OTI,1,15
ACGTCACAGGCGTTTA-1,OTI,0,0
ACGTCAGGTAATGGGA-1,OTI,3,18
ACGTCAGGTACCTTGC-1,OTI,0,0
ACGTCAGGTAGGCGCT-1,C57BL6,2,94
ACGTCAGGTGCTACAG-1,C57BL6,0,0
ACGTCAGGTGTGGTGC-1,OTI,1,2
ACGTCCACAAAGCTAG-1,C57BL6,0,0
ACGTCCACAACAGTCT-1,OTI,2,15
ACGTCCACAACGTGCC-1,C57BL6,1,1
ACGTCCACAACTCACG-1,C57BL6,0,0
ACGTCCACAGCAGCGA-1,OTI,2,47
ACGTCCACAGGAAGCT-1,OTI,2,13
ACGTCCCTCATGTGGC-1,C57BL6,0,0
ACGTCCCTCCGGCAAT-1,C57BL6,0,0
ACGTCCCTCCTAGCCC-1,OTI,2,60
ACGTCCCTCGCCATAA-1,C57BL6,1,4
ACGTCCGAGACTATGT-1,C57BL6,1,3
ACGTCCGAGACTTACG-1,C57BL6,0,0
ACGTCCGAGAGCCGTT-1,C57BL6,0,0
ACGTCCGAGATACGGG-1,OTI,2,191
ACGTCCGAGCCTGTGG-1,OTI,7,92
ACGTCCGAGCGAGTCT-1,C57BL6,0,0
ACGTCCGAGGTCCTTT-1,OTI,7,114
ACGTCGCCAAGCGATA-1,OTI,5,85
ACGTCGCCACATATCA-1,C57BL6,0,0
ACGTCGCCAGCGCACT-1,OTI,2,8
ACGTCGCCAGCGGTAG-1,OTI,1,4
ACGTCGGTCAACGCAC-1,OTI,6,246
ACGTCGGTCAAGCATT-1,OTI,5,38
ACGTCGGTCACCCCTA-1,OTI,4,49
ACGTCGGTCAGCCTCC-1,OTI,3,45
ACGTCGGTCCACTTCG-1,OTI,8,134
ACGTCGGTCCCGCCAT-1,C57BL6,0,0
ACGTCGGTCCGCACTC-1,OTI,2,91
ACGTCGGTCCTCTGCA-1,C57BL6,6,169
ACGTCTCGTACTACAA-1,OTI,5,152
ACGTCTCGTATGGCGC-1,OTI,3,24
ACGTCTCGTCCATTTG-1,OTI,2,422
ACGTCTCGTCCCTTGG-1,C57BL6,0,0
ACGTCTCGTCCGACAA-1,OTI,1,10
ACGTCTCGTCTACTGC-1,C57BL6,0,0
ACGTCTCGTGGATTGT-1,C57BL6,1,16
ACGTCTCGTGGTTAGT-1,OTI,2,82
ACGTCTCGTGGTTCAG-1,C57BL6,1,2
ACGTGATGTACTACCC-1,C57BL6,0,0
ACGTGATGTCGTTGGA-1,C57BL6,0,0
ACGTGATGTCTATCGC-1,OTI,0,0
ACGTGATGTGTTGTGG-1,C57BL6,0,0
ACGTGCAGTCCGATAG-1,OTI,0,0
ACGTGCAGTCGGTTAG-1,OTI,4,307
ACGTGCAGTCTAAAGC-1,OTI,4,96
ACGTGCAGTGGTAAAG-1,OTI,3,59
ACGTGCAGTGTTACCC-1,OTI,2,150
ACGTGCCCAACCCGTA-1,OTI,1,5
ACGTGCCCAACGCAGG-1,OTI,2,11
ACGTGCCCAAGGACCG-1,OTI,5,304
ACGTGCCCACAACATC-1,OTI,1,3
ACGTGCCCACTAGGGG-1,OTI,2,140
ACGTGCCCAGCACGGA-1,OTI,6,71
ACGTGCCCAGCCTTTC-1,OTI,2,18
ACGTGCCCAGGACTAA-1,OTI,1,71
ACGTGCCCAGTATAGG-1,C57BL6,1,20
ACGTGCCCAGTTACTA-1,OTI,5,47
ACGTGGGCAAACTCAC-1,C57BL6,0,0
ACGTGGGCAACAATCC-1,OTI,3,170
ACGTGGGCAAGGGGAA-1,C57BL6,0,0
ACGTGGGCAAGGGTCG-1,C57BL6,0,0
ACGTGGGCACATCACG-1,OTI,0,0
ACGTGGGCACCGGACT-1,C57BL6,0,0
ACGTGGGCAGCATGGG-1,C57BL6,1,6
ACGTGGTTCATGGCGT-1,C57BL6,1,11
ACGTGGTTCCCCTTAG-1,OTI,3,27
ACGTGGTTCCTCGCAC-1,OTI,3,329
ACGTGGTTCCTTATGC-1,OTI,0,0
ACGTGTCAGAAGCATA-1,OTI,0,0
ACGTGTCAGAGCAACG-1,C57BL6,0,0
ACGTGTCAGAGGCAGC-1,C57BL6,0,0
ACGTGTCAGAGGGATT-1,C57BL6,0,0
ACGTGTCAGAGTTGCC-1,OTI,3,582
ACGTGTCAGCATTCAG-1,OTI,3,106
ACGTGTCAGCCTGATA-1,OTI,8,122
ACGTGTCAGCTACTGA-1,OTI,0,0
ACGTGTCAGCTTCGTT-1,OTI,4,191
ACGTGTCAGGGGCATA-1,C57BL6,1,1
ACGTGTCAGGGTTAGG-1,C57BL6,0,0
ACGTTACCAAGCTGGG-1,OTI,0,0
ACGTTACCAATCGCGC-1,OTI,1,171
ACGTTACCACGACACC-1,C57BL6,0,0
ACGTTATAGGCGCATT-1,C57BL6,0,0
ACGTTATAGGTAATTC-1,OTI,4,39
ACGTTCCGTCTGTGGA-1,OTI,2,4
ACGTTCCGTCTGTTAT-1,OTI,1,27
ACGTTCCGTCTTAGTT-1,OTI,0,0
ACGTTCCGTGTCGATG-1,OTI,0,0
ACGTTCGCAACGCGCT-1,OTI,1,9
ACGTTCGCAACGTTCG-1,OTI,2,54
ACGTTCGCAAGCGGCA-1,C57BL6,0,0
ACGTTCGCAATCAACC-1,OTI,7,82
ACGTTCGCACCAAATC-1,OTI,10,709
ACGTTCGCACCATTCC-1,OTI,0,0
ACGTTCGCACCTGCTT-1,OTI,4,18
ACGTTCGCAGCCACTA-1,OTI,5,1306
ACGTTCGCAGGTCATT-1,OTI,2,351
ACGTTCGCAGTCTGCA-1,OTI,0,0
ACGTTCGCAGTGTTAC-1,OTI,0,0
ACGTTCGCAGTTGGAA-1,OTI,1,1
ACGTTGGGTCAAGTTA-1,OTI,1,1
ACGTTGGGTCACGCTT-1,OTI,4,86
ACGTTGGGTCAGTTGG-1,C57BL6,1,4
ACGTTGGGTCTAGCAG-1,OTI,3,19
ACGTTGGGTGGATTCG-1,C57BL6,4,4
ACGTTGGGTGTCGCGG-1,OTI,2,342
ACGTTTACAAAGGACC-1,C57BL6,0,0
ACGTTTACAACTCGCA-1,OTI,4,59
ACGTTTACACAGTTCG-1,OTI,3,16
ACGTTTACACTATCTT-1,C57BL6,0,0
ACGTTTACACTGTACG-1,OTI,2,166
ACGTTTACAGCCTTAG-1,OTI,3,46
ACGTTTACAGTCTATA-1,C57BL6,0,0
ACTAAACTCAGTATGT-1,OTI,5,75
ACTAAACTCCATGGCG-1,C57BL6,0,0
ACTAAACTCCGGGAAA-1,OTI,3,138
ACTAAACTCGGACACT-1,OTI,3,49
ACTAAACTCGTAGGTC-1,OTI,2,32
ACTAACCCAACTATCA-1,C57BL6,7,46
ACTAACCCAATTCGGT-1,OTI,0,0
ACTAACCCACAGGCGA-1,OTI,5,130
ACTAACCCACTTAACA-1,OTI,2,38
ACTAACCCAGGAATCA-1,OTI,1,10
ACTAACCCAGGGTGCA-1,OTI,2,39
ACTAACGTCAACTATA-1,OTI,0,0
ACTAACGTCAATATTG-1,C57BL6,0,0
ACTAACGTCCGTAAAT-1,OTI,3,48
ACTAACGTCGGATCCG-1,OTI,3,23
ACTAAGCGTAATGGGA-1,OTI,6,141
ACTAAGCGTACAGCGC-1,OTI,2,22
ACTAAGCGTACTTGCC-1,C57BL6,1,7
ACTAAGCGTCCTCGAT-1,OTI,1,4
ACTAAGGCAACGTTAC-1,C57BL6,0,0
ACTAAGGCACACAAGA-1,OTI,1,7
ACTAAGGCACATAGAG-1,OTI,2,14
ACTAAGGCACCTTCTA-1,OTI,4,22
ACTAAGGCACGCACTA-1,OTI,1,2
ACTAATATCACGACTA-1,C57BL6,1,3
ACTAATATCACGCCTC-1,OTI,0,0
ACTAATATCCAGCTCC-1,OTI,0,0
ACTAATATCCATCGTT-1,C57BL6,1,2
ACTAATATCCCTAGGG-1,OTI,1,50
ACTAATATCGCTTTCG-1,C57BL6,0,0
ACTAATATCGGCGCTA-1,C57BL6,1,1
ACTAATATCGTACGTA-1,C57BL6,1,14
ACTAATCAGGCTTACA-1,OTI,9,253
ACTAATCAGGGGTACA-1,OTI,0,0
ACTAATGGTATGCCGA-1,C57BL6,0,0
ACTAATGGTATTGCCC-1,OTI,1,8
ACTAATGGTATTGGTA-1,C57BL6,0,0
ACTAATGGTCCACGGG-1,OTI,2,129
ACTAATGGTCGATTCC-1,OTI,1,78
ACTAATGGTGCAATCG-1,OTI,0,0
ACTAATGGTGCATTCC-1,OTI,2,13
ACTAATTCAAATGAAC-1,OTI,3,48
ACTAATTCAAATGACG-1,C57BL6,0,0
ACTAATTCAACTGGGG-1,OTI,5,53
ACTAATTCAAGCCGTC-1,C57BL6,3,21
ACTAATTCAAGCGCGA-1,OTI,8,139
ACTAATTCACCTTTCA-1,OTI,4,271
ACTAATTCACTCATAA-1,C57BL6,0,0
ACTACAAGTAGGCAGG-1,OTI,4,53
ACTACAAGTCATCGGA-1,OTI,3,35
ACTACAAGTCCCATGT-1,OTI,1,2
ACTACAAGTCCGTCCA-1,C57BL6,0,0
ACTACAAGTCGGATAT-1,OTI,4,525
ACTACAAGTGGATTTA-1,C57BL6,0,0
ACTACATAGAATGGCG-1,OTI,5,128
ACTACATAGAATGTTC-1,C57BL6,0,0
ACTACATAGACCTTAG-1,OTI,2,32
ACTACATAGCAAAGGT-1,OTI,2,29
ACTACATAGCAGTATT-1,OTI,1,6
ACTACATAGCCTTGCC-1,C57BL6,1,6
ACTACATAGCCTTTCG-1,OTI,3,42
ACTACATAGCTATTGG-1,OTI,1,2
ACTACCCGTAACTCGG-1,OTI,4,101
ACTACCCGTAATCCGG-1,OTI,1,44
ACTACCCGTCCGTTTA-1,OTI,5,320
ACTACCCGTGGTCTAG-1,OTI,1,4
ACTACCTTCACAGCGT-1,OTI,6,299
ACTACCTTCAGTAAAG-1,C57BL6,0,0
ACTACCTTCATCTCTA-1,C57BL6,0,0
ACTACCTTCCCGGGTA-1,OTI,2,19
ACTACCTTCCGGTGCA-1,OTI,0,0
ACTACCTTCCGTAACA-1,OTI,1,6
ACTACCTTCCGTTTCG-1,OTI,3,61
ACTACCTTCGCGAAAG-1,OTI,2,46
ACTACCTTCGCTATAG-1,OTI,1,4
ACTACCTTCGTAAATC-1,OTI,1,1
ACTACGGGTACTTCTG-1,C57BL6,2,50
ACTACGGGTAGCCAGC-1,C57BL6,1,2
ACTACGGGTAGTCCAG-1,OTI,1,5
ACTACGGGTCCCTGAT-1,OTI,0,0
ACTACGGGTCGGAATT-1,C57BL6,0,0
ACTACGGGTGGGTCTA-1,OTI,0,0
ACTACGGGTGTTAGGT-1,C57BL6,1,3
ACTACTCTCACGTAAT-1,OTI,4,106
ACTACTCTCAGCCAAC-1,OTI,2,13
ACTACTCTCCAACTTC-1,OTI,1,3
ACTACTCTCCTTAGTC-1,OTI,1,9
ACTACTCTCGGCTGCA-1,C57BL6,0,0
ACTACTCTCGTTGCTT-1,OTI,0,0
ACTACTTGTAACTCCC-1,OTI,4,451
ACTACTTGTACAGGCC-1,OTI,3,291
ACTACTTGTCAAACGT-1,C57BL6,1,7
ACTACTTGTCACCGGG-1,C57BL6,0,0
ACTACTTGTCGTAGGC-1,OTI,2,20
ACTACTTGTCTGGTCT-1,OTI,3,33
ACTACTTGTCTTCTAG-1,OTI,4,124
ACTACTTGTGCTATCC-1,C57BL6,0,0
ACTACTTGTGTTGCGA-1,OTI,9,298
ACTATAATCAACGTGC-1,C57BL6,0,0
ACTATAATCACTCGGG-1,OTI,3,185
ACTATAATCAGTCAAT-1,C57BL6,0,0
ACTATAATCATGAATC-1,OTI,1,2
ACTATAATCCGGAATC-1,C57BL6,6,6
ACTATAATCCTGTCAT-1,OTI,1,167
ACTATAATCGCTCTAT-1,OTI,4,204
ACTATAATCGTGCATA-1,OTI,4,46
ACTATAGGTCAATCCC-1,OTI,0,0
ACTATAGGTCCTGATC-1,OTI,0,0
ACTATATCACACCGTA-1,OTI,4,36
ACTATATCACTGGCAC-1,C57BL6,0,0
ACTATATCAGCATCCA-1,OTI,0,0
ACTATATCAGGTGCGA-1,C57BL6,0,0
ACTATATCAGGTTGGG-1,OTI,3,101
ACTATATCAGTACAAG-1,OTI,0,0
ACTATATCAGTGTTCG-1,OTI,5,65
ACTATCACAACACGAA-1,OTI,2,39
ACTATCACAAGTACTC-1,OTI,1,38
ACTATCACACCTCAGA-1,OTI,6,344
ACTATCACACTCGACA-1,OTI,1,16
ACTATCACAGCGATAA-1,C57BL6,1,15
ACTATCACAGTAGCCC-1,OTI,0,0
ACTATCACAGTTAAGG-1,OTI,0,0
ACTATCCTCACAGACC-1,C57BL6,2,35
ACTATCCTCACTCCAT-1,OTI,4,34
ACTATCCTCACTGCAA-1,OTI,2,12
ACTATCCTCCGCGGTA-1,C57BL6,2,25
ACTATCGAGAAGCTAA-1,OTI,0,0
ACTATCGAGAGCAGCA-1,OTI,3,51
ACTATCGAGGCTGTCG-1,C57BL6,0,0
ACTATCGAGGGGATCA-1,OTI,5,252
ACTATGAGTAACCCCT-1,OTI,7,90
ACTATGAGTAATTGGC-1,OTI,1,18
ACTATGAGTCGACTAG-1,OTI,3,188
ACTATGAGTGCATTGG-1,OTI,0,0
ACTATGTAGAGAAGCT-1,OTI,0,0
ACTATGTAGAGCTTAT-1,C57BL6,0,0
ACTATGTAGATATCAC-1,OTI,4,13
ACTATGTAGCAACCGT-1,OTI,5,82
ACTATGTAGCAAGGGC-1,OTI,8,121
ACTATGTAGCAGGGAC-1,OTI,3,12
ACTATGTAGCGGATTC-1,C57BL6,0,0
ACTATGTAGCTACAAT-1,OTI,1,21
ACTATTCGTAATGGCT-1,C57BL6,1,3
ACTATTCGTACGGGCT-1,OTI,3,162
ACTATTCGTAGGCTTG-1,OTI,2,7
ACTATTCGTCAGCCTT-1,OTI,7,30
ACTATTCGTCGAGGGA-1,OTI,2,6
ACTCACGCAAAACGGC-1,OTI,0,0
ACTCACGCAACAGGGT-1,C57BL6,1,6
ACTCACGCAAGCGTCC-1,C57BL6,0,0
ACTCACGCAAGGCTCC-1,OTI,0,0
ACTCACGCAGCCAACC-1,C57BL6,0,0
ACTCACGCAGTGATAG-1,OTI,0,0
ACTCACTTCACAACTG-1,OTI,2,13
ACTCACTTCACCTACT-1,C57BL6,1,6
ACTCACTTCACGTAAT-1,C57BL6,0,0
ACTCACTTCACGTATG-1,OTI,5,1158
ACTCACTTCCTTAATT-1,OTI,3,4
ACTCACTTCGGGTTAC-1,OTI,11,334
ACTCACTTCGTTGGGT-1,OTI,1,4
ACTCAGCAGATGGCGA-1,OTI,7,223
ACTCAGCAGGCTTCCC-1,OTI,0,0
ACTCAGCAGGTAGCAG-1,OTI,1,6
ACTCAGCAGGTATCCA-1,OTI,9,124
ACTCAGGGTATCGCTC-1,C57BL6,0,0
ACTCAGGGTCTGTTAT-1,C57BL6,0,0
ACTCAGGGTGCAAGGG-1,OTI,1,1
ACTCAGGGTGCGCTGG-1,OTI,7,530
ACTCATACAATTAAAG-1,OTI,2,22
ACTCATACACATTTAG-1,OTI,1,8
ACTCATACACTTCTAT-1,OTI,0,0
ACTCATACAGCGGTAG-1,C57BL6,0,0
ACTCATCTCAACGAAA-1,C57BL6,0,0
ACTCATCTCACTACTC-1,OTI,1,1
ACTCATCTCAGTGATT-1,C57BL6,3,4
ACTCATCTCGGGTTAC-1,C57BL6,1,11
ACTCATCTCGGTGTTA-1,OTI,0,0
ACTCATTGTAAGCGTT-1,C57BL6,0,0
ACTCATTGTATGTCTT-1,C57BL6,0,0
ACTCATTGTCCCTCTC-1,OTI,2,8
ACTCATTGTCCTCTCC-1,OTI,5,383
ACTCATTGTCTAGCTC-1,C57BL6,1,9
ACTCATTGTCTAGTGG-1,C57BL6,1,8
ACTCATTGTGCTTTCA-1,OTI,4,22
ACTCATTGTGTCTTAT-1,OTI,2,216
ACTCCAAAGATTATGC-1,OTI,2,33
ACTCCAAAGCCTTTCG-1,OTI,1,7
ACTCCAAAGCGTACAC-1,C57BL6,0,0
ACTCCAAAGCTCAGGT-1,C57BL6,0,0
ACTCCAAAGGCCTCGA-1,OTI,3,51
ACTCCAAAGGCTCAGT-1,OTI,1,114
ACTCCATTCAAGCACC-1,OTI,0,0
ACTCCATTCGCACGTG-1,C57BL6,1,8
ACTCCATTCGCGGTAT-1,C57BL6,0,0
ACTCCATTCGGGGTAA-1,OTI,0,0
ACTCCATTCGTTAAGT-1,OTI,3,85
ACTCCCATCACTTCTA-1,OTI,1,5
ACTCCCATCCGCAGCA-1,OTI,2,44
ACTCCCATCCTGTATC-1,OTI,2,856
ACTCCCATCGCGGATT-1,OTI,0,0
ACTCCCGGTCATGGGC-1,C57BL6,0,0
ACTCCCGGTCCCTGAT-1,C57BL6,0,0
ACTCCCGGTCCTATGC-1,OTI,5,85
ACTCCCGGTCCTTAGC-1,OTI,2,34
ACTCCCGGTGCCTTGT-1,C57BL6,2,29
ACTCCCGGTGCGATGC-1,OTI,4,330
ACTCCCGGTGGTTGAT-1,C57BL6,0,0
ACTCCCGGTGTCGTAG-1,C57BL6,0,0
ACTCCCTCAACTCTCC-1,C57BL6,1,2
ACTCCCTCAATCGCGC-1,OTI,9,402
ACTCCCTCAATGCGGG-1,OTI,2,40
ACTCCCTCACTCGAGC-1,OTI,5,162
ACTCCCTCAGTATACC-1,OTI,2,46
ACTCCCTCAGTCTTAA-1,OTI,1,4
ACTCCGACAACGAGAC-1,OTI,0,0
ACTCCGACAAGCACAA-1,OTI,2,299
ACTCCGACACGCGTTA-1,C57BL6,0,0
ACTCCGACAGCGGTAG-1,OTI,2,55
ACTCCGACAGCGTAGG-1,C57BL6,1,8
ACTCCGACAGTACGGG-1,OTI,3,32
ACTCCGACAGTCCATG-1,C57BL6,1,4
ACTCCGCTCAATGTTA-1,OTI,2,11
ACTCCGCTCACATCAG-1,C57BL6,0,0
ACTCCGCTCACGCATA-1,OTI,4,28
ACTCCGCTCATATGTA-1,C57BL6,0,0
ACTCCGCTCATGGCCG-1,OTI,2,7
ACTCCGCTCCCCATGC-1,OTI,0,0
ACTCCGCTCGGGCATT-1,OTI,4,227
ACTCCTGTCAAAGGTA-1,C57BL6,2,13
ACTCCTGTCACCCTAT-1,OTI,4,91
ACTCCTGTCAGGTGTC-1,C57BL6,0,0
ACTCCTGTCATCAATA-1,OTI,0,0
ACTCCTGTCCAACAGC-1,C57BL6,0,0
ACTCCTGTCCCACTCA-1,C57BL6,0,0
ACTCCTGTCCCCAATT-1,OTI,5,59
ACTCCTGTCCCCTAAT-1,OTI,5,109
ACTCCTGTCGGACGTT-1,OTI,0,0
ACTCCTGTCGTGCATA-1,C57BL6,0,0
ACTCGACAGACAGCCT-1,OTI,5,113
ACTCGACAGCTAGCCG-1,C57BL6,2,2
ACTCGACAGGTAATTC-1,OTI,3,14
ACTCGAGGTAACATGC-1,C57BL6,0,0
ACTCGAGGTACGTCAG-1,OTI,1,5
ACTCGAGGTATGCGGC-1,C57BL6,0,0
ACTCGAGGTATTGGGT-1,OTI,0,0
ACTCGAGGTCTATCGC-1,OTI,1,16
ACTCGAGGTCTGCAAG-1,OTI,1,47
ACTCGAGGTGGCATGC-1,OTI,2,18
ACTCGAGGTGTTAGGT-1,OTI,2,27
ACTCGATCAATCGAAG-1,OTI,7,219
ACTCGATCAATTAATC-1,OTI,2,254
ACTCGATCACAACATC-1,OTI,3,179
ACTCGATCACGATGTT-1,OTI,0,0
ACTCGATCACTTCGTC-1,OTI,0,0
ACTCGCACAAATTCGC-1,OTI,3,827
ACTCGCACAACAGGAC-1,C57BL6,0,0
ACTCGCACAACCATCG-1,C57BL6,1,1
ACTCGCACAACGGACG-1,OTI,6,232
ACTCGCACAACGTAAG-1,OTI,2,32
ACTCGCACAATTCATG-1,OTI,3,252
ACTCGCACACAACCCA-1,OTI,2,3
ACTCGCACACCTAGCA-1,C57BL6,1,81
ACTCGCACAGTGGGAT-1,C57BL6,0,0
ACTCGCACAGTGTCAT-1,OTI,4,33
ACTCGCCTCAAGCTAT-1,C57BL6,0,0
ACTCGCCTCACAGCTA-1,OTI,5,140
ACTCGCCTCGCATCGG-1,OTI,0,0
ACTCGCCTCGCCCGTT-1,OTI,4,17
ACTCGCCTCGGCAACT-1,OTI,2,12
ACTCGCCTCGTCAATG-1,C57BL6,0,0
ACTCGCTGTACGTTGG-1,C57BL6,0,0
ACTCGCTGTCCGCTTG-1,C57BL6,1,5
ACTCGCTGTCCTTCGG-1,OTI,2,54
ACTCGCTGTGCAATCG-1,C57BL6,0,0
ACTCGCTGTGGATTTA-1,OTI,2,53
ACTCGCTGTGGTCAAT-1,OTI,5,343
ACTCGCTGTGGTTTAA-1,OTI,1,1
ACTCGGCCAAAGCTCT-1,C57BL6,0,0
ACTCGGCCAACCCTCT-1,OTI,11,221
ACTCGGCCAATCTTAG-1,OTI,5,197
ACTCGGCCAATGCTAC-1,OTI,0,0
ACTCGGCCACCGGTTA-1,OTI,4,88
ACTCGGCCACGATAGA-1,OTI,1,9
ACTCGGCCACTCGGGT-1,OTI,3,59
ACTCGGCCAGCCCTAA-1,OTI,2,61
ACTCGGGTCAGTGAAA-1,OTI,3,84
ACTCGGGTCCGTGTCC-1,OTI,3,95
ACTCGGGTCGTAACGC-1,OTI,3,34
ACTCGGGTCGTTCGGG-1,OTI,0,0
ACTCGTTTCCCGTAAA-1,OTI,2,42
ACTCGTTTCCTGCAAA-1,OTI,2,27
ACTCGTTTCGCTTCTG-1,OTI,6,66
ACTCGTTTCGTAAATC-1,OTI,3,17
ACTCGTTTCGTAGATT-1,C57BL6,0,0
ACTCTATGTAAGTTTG-1,OTI,5,170
ACTCTATGTAGCGTAT-1,C57BL6,0,0
ACTCTATGTAGGACCC-1,OTI,7,505
ACTCTATGTAGGCGCT-1,OTI,4,39
ACTCTATGTATATTCC-1,OTI,4,46
ACTCTATGTATGAGCT-1,OTI,6,84
ACTCTATGTCATTTCG-1,C57BL6,1,4
ACTCTATGTCTACTAT-1,OTI,9,239
ACTCTATGTCTCTCGG-1,OTI,1,5
ACTCTATGTGCGAGGA-1,OTI,3,14
ACTCTCCCAAACACCT-1,OTI,0,0
ACTCTCCCAAACTCAC-1,OTI,2,133
ACTCTCCCAATAGCGA-1,OTI,2,35
ACTCTCCCACCAGATT-1,OTI,0,0
ACTCTCCCACTACTCC-1,C57BL6,0,0
ACTCTCCCAGGTGATA-1,C57BL6,0,0
ACTCTCCCAGTGTCAT-1,C57BL6,0,0
ACTCTCGTCACGCAGT-1,OTI,1,328
ACTCTCGTCATACTCC-1,C57BL6,0,0
ACTCTCGTCCGCGGTA-1,C57BL6,2,23
ACTCTCGTCCGTTTAC-1,C57BL6,0,0
ACTCTCGTCGGCGTAT-1,C57BL6,2,14
ACTCTCGTCGTTATAA-1,OTI,4,213
ACTCTGTTCCAATAGT-1,OTI,2,40
ACTCTGTTCCTTCTAA-1,OTI,1,18
ACTCTGTTCGGGCATT-1,OTI,4,320
ACTCTTATCACACAAT-1,OTI,1,3
ACTCTTATCAGGCACT-1,OTI,2,83
ACTCTTATCAGGGTCT-1,OTI,1,7
ACTCTTATCCTGCACC-1,OTI,0,0
ACTGAAGCAACATAGG-1,OTI,6,159
ACTGAAGCAATCGTCG-1,OTI,5,109
ACTGAAGCACAAGTCT-1,OTI,0,0
ACTGAAGCAGGACCTC-1,OTI,2,75
ACTGACATCAGACTCA-1,OTI,0,0
ACTGACATCAGGACTC-1,C57BL6,4,46
ACTGACATCCACTTAC-1,OTI,6,499
ACTGACATCCGTTCGC-1,OTI,1,61
ACTGACATCGTAAATC-1,OTI,0,0
ACTGACATCGTTATGG-1,OTI,0,0
ACTGAGACAAATGACG-1,C57BL6,0,0
ACTGAGACAAGTGGGT-1,OTI,8,797
ACTGAGACAGCTAACT-1,OTI,1,4
ACTGAGACAGTTCGCA-1,OTI,2,28
ACTGATTAGACCCCAG-1,OTI,2,198
ACTGATTAGCCATTAG-1,OTI,1,11
ACTGATTAGCGCTGTG-1,C57BL6,0,0
ACTGATTAGGGTTAGG-1,C57BL6,5,8
ACTGATTAGGTATGGG-1,OTI,6,175
ACTGATTAGGTTAGGG-1,C57BL6,0,0
ACTGCAATCAATCTCC-1,OTI,1,3
ACTGCAATCACTGACA-1,C57BL6,0,0
ACTGCAATCCATCTGT-1,OTI,2,154
ACTGCAATCCCAGAAC-1,OTI,0,0
ACTGCAATCCTACAAG-1,C57BL6,0,0
ACTGCACAGAGTCCCG-1,OTI,2,23
ACTGCACAGCCATGCG-1,OTI,0,0
ACTGCACAGCGTCAGT-1,C57BL6,0,0
ACTGCACAGGCCTATA-1,OTI,3,453
ACTGCAGGTAACAGAG-1,OTI,0,0
ACTGCAGGTAACTCGG-1,OTI,1,12
ACTGCAGGTAATCCGG-1,OTI,1,5
ACTGCAGGTAGAATGG-1,OTI,0,0
ACTGCAGGTCGACCCC-1,OTI,3,15
ACTGCAGGTCGACGTA-1,OTI,3,113
ACTGCAGGTGTCTTAT-1,OTI,2,84
ACTGCAGGTGTGTCGA-1,C57BL6,0,0
ACTGCATCAAGACGTA-1,OTI,1,2
ACTGCATCAAGTACAG-1,OTI,0,0
ACTGCATCAAGTTAGG-1,C57BL6,1,12
ACTGCATCAATAACCC-1,OTI,0,0
ACTGCATCAATATCAT-1,OTI,0,0
ACTGCATCACGTAACT-1,C57BL6,1,11
ACTGCATCACTATACA-1,OTI,2,47
ACTGCATCACTCTAGG-1,C57BL6,0,0
ACTGCATCACTTCGTC-1,OTI,3,188
ACTGCATCAGGTTTCG-1,OTI,1,91
ACTGCATCAGTATCAC-1,C57BL6,0,0
ACTGCCACAAGTCCGC-1,OTI,7,119
ACTGCCACAATGCATC-1,OTI,4,113
ACTGCCACACCCACAA-1,OTI,8,165
ACTGCCACACTAGTTA-1,OTI,2,88
ACTGCCACAGCAATCT-1,C57BL6,1,22
ACTGCCACAGTTGGAA-1,OTI,6,374
ACTGCCCTCCAGGGTT-1,OTI,3,142
ACTGCCCTCCGGGTAT-1,C57BL6,0,0
ACTGCCCTCGCTTCCA-1,OTI,3,73
ACTGCCCTCGGCTGCA-1,OTI,5,147
ACTGCCGAGAACCCCG-1,OTI,3,434
ACTGCCGAGAACGACG-1,OTI,2,106
ACTGCCGAGACGCTGT-1,C57BL6,0,0
ACTGCCGAGAGGCCAA-1,OTI,6,29
ACTGCCGAGCAACCCG-1,C57BL6,3,7
ACTGCCGAGCACCCAG-1,OTI,1,6
ACTGCCGAGCGAAGCA-1,OTI,8,39
ACTGCCGAGCTGCAGT-1,OTI,6,122
ACTGCCGAGCTTGTAG-1,OTI,1,4
ACTGCCGAGGGACAAT-1,OTI,3,8
ACTGCCGAGGGCCATT-1,OTI,4,184
ACTGCGAGTAAGGTTC-1,OTI,2,11
ACTGCGAGTCATGCAG-1,C57BL6,2,23
ACTGCGAGTCCATGCT-1,OTI,0,0
ACTGCGAGTCCGCCTA-1,OTI,4,308
ACTGCGAGTCTCGGTT-1,OTI,1,6
ACTGCGAGTGCATTCC-1,OTI,4,158
ACTGCGAGTGCCCCTA-1,C57BL6,1,6
ACTGCGCCAAATCACC-1,OTI,5,1009
ACTGCGCCAATCCGGC-1,OTI,4,436
ACTGCGCCAATGACAG-1,OTI,2,40
ACTGCGCCAATTAATC-1,OTI,1,139
ACTGCGCCAGGAACGT-1,C57BL6,0,0
ACTGCGCCAGGGCGTA-1,OTI,3,278
ACTGCGTAGACTAATC-1,C57BL6,0,0
ACTGCGTAGAGAATTG-1,OTI,2,48
ACTGCGTAGATACCAT-1,C57BL6,1,1
ACTGCGTAGCAAATGA-1,OTI,3,85
ACTGCGTAGCACCATA-1,C57BL6,0,0
ACTGGAACAACTCTCC-1,OTI,0,0
ACTGGAACAAGTACGA-1,OTI,7,133
ACTGGAACACTAAGCT-1,C57BL6,0,0
ACTGGATGTAATTCAG-1,OTI,2,19
ACTGGATGTACAAGAG-1,OTI,7,34
ACTGGATGTACGGTTG-1,OTI,2,50
ACTGGATGTCAACGTG-1,C57BL6,1,5
ACTGGATGTCGTTGCT-1,OTI,0,0
ACTGGATGTGCTTCTA-1,OTI,3,964
ACTGGCGTCACATTAA-1,OTI,3,198
ACTGGCGTCAGGACTC-1,C57BL6,0,0
ACTGGCGTCCAATATA-1,C57BL6,0,0
ACTGGCGTCCCAAGTA-1,OTI,3,14
ACTGGCGTCCCGCTTA-1,OTI,0,0
ACTGGCGTCCGTGAGT-1,C57BL6,1,6
ACTGGCGTCCTGGTCC-1,OTI,5,241
ACTGGCGTCGTCAAAT-1,OTI,10,267
ACTGGGCGTAAATTCG-1,C57BL6,0,0
ACTGGGCGTATCACGG-1,OTI,1,1
ACTGGGCGTCCGATAG-1,OTI,4,174
ACTGGGCGTCGAGCGT-1,C57BL6,0,0
ACTGGGCGTCGTCGGG-1,OTI,1,6
ACTGGGCGTGCCCGTC-1,C57BL6,0,0
ACTGGGGCACAGTTAC-1,OTI,0,0
ACTGGGGCACCACGTA-1,C57BL6,0,0
ACTGGGGCAGCCATAT-1,OTI,1,7
ACTGGGGCAGGACCGA-1,OTI,2,92
ACTGGGGCAGTCGGTC-1,OTI,3,46
ACTGTCGCAAACCTAC-1,C57BL6,0,0
ACTGTCGCAACCCTAG-1,OTI,5,221
ACTGTCGCAACGAGGT-1,OTI,5,275
ACTGTCGCAAGCTTAC-1,C57BL6,0,0
ACTGTCGCAAGGTTCT-1,OTI,4,18
ACTGTCGCAAGTGTCT-1,OTI,2,2
ACTGTCGCAATGGTAG-1,OTI,0,0
ACTGTCGCACACAGAA-1,C57BL6,0,0
ACTGTCGCACGTAGCC-1,OTI,1,35
ACTGTCTTCAGACGCT-1,C57BL6,0,0
ACTGTCTTCAGTTAGT-1,C57BL6,0,0
ACTGTCTTCATCCCGC-1,OTI,5,402
ACTGTCTTCCATAAGT-1,OTI,3,115
ACTGTCTTCCCTAGGG-1,OTI,3,18
ACTGTCTTCCTACATC-1,OTI,3,128
ACTGTCTTCCTGTACT-1,OTI,0,0
ACTGTGGGTACGTCTC-1,OTI,0,0
ACTGTGGGTAGCTTGG-1,OTI,11,304
ACTGTGGGTCTACTGC-1,OTI,0,0
ACTGTGGGTCTGGTCT-1,OTI,2,125
ACTGTGGGTGCACTAG-1,OTI,4,242
ACTGTGGGTGGCGCTG-1,OTI,4,39
ACTGTGGGTGTTATGA-1,C57BL6,0,0
ACTGTTCTCAATCTGG-1,C57BL6,0,0
ACTGTTCTCCACCTAT-1,OTI,0,0
ACTGTTCTCCAGCCTC-1,OTI,10,191
ACTGTTCTCCGCATGG-1,OTI,5,56
ACTGTTCTCCTCTGCA-1,C57BL6,1,5
ACTGTTCTCGCAAAGG-1,OTI,1,1
ACTGTTCTCGTCAACA-1,OTI,1,17
ACTGTTGAGAGCGACA-1,OTI,6,134
ACTGTTGAGCTTCTAC-1,C57BL6,1,5
ACTGTTGAGGGAGTTG-1,OTI,2,24
ACTGTTGAGGGATAGT-1,C57BL6,0,0
ACTGTTGAGGTCTAGC-1,OTI,3,83
ACTGTTGAGGTGAGAT-1,OTI,1,14
ACTGTTGAGGTTCGAC-1,OTI,4,149
ACTTAAATCACGCTAA-1,C57BL6,0,0
ACTTAAATCACTTCGT-1,OTI,6,110
ACTTAAATCAGCCAAC-1,C57BL6,0,0
ACTTAAATCCCACCGT-1,OTI,3,78
ACTTAAATCCGGGATT-1,OTI,3,14
ACTTAACAGCAGTAGG-1,OTI,3,76
ACTTAACAGCTAGCGT-1,OTI,6,24
ACTTAACAGCTGCATA-1,OTI,3,149
ACTTAACAGGCACCCA-1,C57BL6,2,10
ACTTAAGGTAGTGCGC-1,C57BL6,1,3
ACTTAAGGTCCAAAGT-1,OTI,3,165
ACTTAAGGTCGATCAG-1,OTI,0,0
ACTTAAGGTCGCTGGG-1,OTI,2,135
ACTTAAGGTGTCGATG-1,OTI,4,31
ACTTAATCAAAGGACC-1,C57BL6,3,41
ACTTAATCAAGCTTTA-1,OTI,5,44
ACTTAATCACAGCGAG-1,C57BL6,1,1
ACTTAATCACCTACTC-1,OTI,2,17
ACTTAATCACTGATTA-1,OTI,0,0
ACTTAATCAGCAGGCA-1,OTI,3,14
ACTTACACAAGCAGTA-1,OTI,5,552
ACTTACACACACTGCA-1,C57BL6,1,14
ACTTACACAGTCCACA-1,C57BL6,0,0
ACTTACCTCAGGCTCG-1,OTI,4,35
ACTTACCTCCTCTGGC-1,OTI,6,474
ACTTACCTCGCCACTC-1,OTI,4,68
ACTTACCTCGCTCCTA-1,C57BL6,0,0
ACTTACCTCGTAGTTG-1,OTI,2,79
ACTTACGAGAACATAG-1,OTI,2,15
ACTTACGAGACTCGAC-1,C57BL6,0,0
ACTTACGAGATCGATT-1,OTI,4,146
ACTTACGAGCTACACA-1,OTI,5,8
ACTTAGCCAAAGCATG-1,OTI,0,0
ACTTAGCCAAAGTCTC-1,OTI,4,348
ACTTAGCCAATTGCTA-1,OTI,6,158
ACTTAGCCACACTCTC-1,C57BL6,2,10
ACTTAGCCACGCAGGA-1,C57BL6,0,0
ACTTAGCCAGTAGTAG-1,C57BL6,0,0
ACTTATCGTATCGAGT-1,OTI,3,149
ACTTATCGTATTGGGT-1,OTI,6,73
ACTTATCGTCACTTTG-1,C57BL6,6,9
ACTTATCGTCGAGCGT-1,C57BL6,1,7
ACTTATCGTGTGCGTA-1,C57BL6,0,0
ACTTCAACAAAGTATA-1,OTI,1,7
ACTTCAACACAGTTCG-1,C57BL6,0,0
ACTTCAACAGCCAACC-1,OTI,3,58
ACTTCAACAGTGTCGC-1,C57BL6,1,6
ACTTCAGAGAAGCTTT-1,OTI,1,4
ACTTCAGAGATAGTGA-1,OTI,9,165
ACTTCAGAGATGGTAA-1,C57BL6,0,0
ACTTCAGAGATTAAGG-1,OTI,3,26
ACTTCAGAGCGGATTC-1,OTI,0,0
ACTTCAGAGCTAGGAG-1,OTI,0,0
ACTTCAGAGGCTTATG-1,OTI,2,6
ACTTCATGTAATCGCG-1,C57BL6,0,0
ACTTCATGTCGGATAT-1,OTI,1,6
ACTTCCGTCAACAGGG-1,OTI,7,75
ACTTCCGTCACAACAT-1,OTI,4,84
ACTTCCGTCACAATTA-1,OTI,2,18
ACTTCCGTCACTTACC-1,OTI,0,0
ACTTCCGTCAGGACTC-1,OTI,1,4
ACTTCCGTCAGGTTCA-1,OTI,5,382
ACTTCCGTCCATGCCC-1,OTI,0,0
ACTTCCGTCCCCAACC-1,OTI,2,75
ACTTCCGTCCCTACGC-1,C57BL6,1,8
ACTTCCGTCCTGACAA-1,OTI,7,101
ACTTCCGTCGCGGCTA-1,C57BL6,0,0
ACTTCGCGTCATTTCG-1,OTI,1,2
ACTTCGCGTGCGTAGC-1,C57BL6,1,5
ACTTCGCGTGGACTGC-1,OTI,8,82
ACTTCGCGTGGAGTAA-1,OTI,0,0
ACTTCGGCAAAACGAT-1,OTI,0,0
ACTTCGGCAAATACAA-1,OTI,0,0
ACTTCGGCAACACAGA-1,C57BL6,0,0
ACTTCGGCACCATAAC-1,C57BL6,0,0
ACTTCGGCACGATTTA-1,C57BL6,0,0
ACTTCGGCACGTACGC-1,C57BL6,1,6
ACTTCGGCACTACTAA-1,OTI,1,44
ACTTCGGCAGTTGAAG-1,OTI,2,53
ACTTCGTTCACCCCGT-1,C57BL6,1,28
ACTTCGTTCAGCCGCA-1,C57BL6,0,0
ACTTCGTTCCAGCAGT-1,C57BL6,1,2
ACTTCGTTCCGAATCA-1,OTI,1,13
ACTTCGTTCGTCTCCA-1,OTI,2,12
ACTTCTATCAACTCCT-1,OTI,0,0
ACTTCTATCACTCTGT-1,OTI,1,16
ACTTCTATCCTCAGCC-1,C57BL6,1,102
ACTTCTATCGCAAGCT-1,C57BL6,1,4
ACTTCTATCGGTACTA-1,C57BL6,0,0
ACTTCTGGTAATGTCA-1,C57BL6,1,12
ACTTCTGGTCAATGTA-1,OTI,3,199
ACTTCTGGTCACACTC-1,OTI,4,63
ACTTCTGGTCAGTTGG-1,OTI,0,0
ACTTCTGGTCGACAGC-1,OTI,7,493
ACTTCTGGTCGGCTCC-1,C57BL6,0,0
ACTTCTGGTCTACTAT-1,OTI,5,120
ACTTCTGGTCTGCGCC-1,OTI,1,16
ACTTCTGGTGGATTCG-1,OTI,0,0
ACTTCTGGTGGGAGAT-1,OTI,0,0
ACTTCTGGTGTAACGT-1,OTI,8,516
ACTTGCCGTAAGCAAG-1,C57BL6,0,0
ACTTGCCGTATATTGG-1,OTI,0,0
ACTTGCCGTATTCGTT-1,OTI,1,10
ACTTGCCGTCGACTTC-1,OTI,6,551
ACTTGCCGTGCTAGAT-1,OTI,6,88
ACTTGCCGTGGAAATG-1,OTI,2,155
ACTTGCCGTGGCGTGT-1,C57BL6,1,13
ACTTGCCGTGTGTCCT-1,OTI,10,218
ACTTGCTTCAGCGCCA-1,OTI,2,7
ACTTGCTTCCGCTTGC-1,OTI,6,269
ACTTGCTTCGCTTCGC-1,C57BL6,0,0
ACTTGCTTCGGCCCTT-1,OTI,1,2
ACTTGCTTCGGTCGCA-1,OTI,1,64
ACTTGGGGTACTGGGC-1,OTI,6,272
ACTTGGGGTAGGCTTG-1,OTI,3,39
ACTTGGGGTGCCCATT-1,OTI,2,62
ACTTGTCTCAACATTA-1,C57BL6,0,0
ACTTGTCTCACTTCTA-1,OTI,0,0
ACTTGTCTCAGGCCCA-1,OTI,6,725
ACTTGTCTCATCGACA-1,OTI,2,94
ACTTGTCTCCAGTCAA-1,OTI,6,81
ACTTGTCTCCCATGCC-1,C57BL6,0,0
ACTTGTCTCGGAAAGT-1,C57BL6,0,0
ACTTGTCTCGTCGTAA-1,OTI,3,99
ACTTGTGAGACAGTTT-1,OTI,0,0
ACTTGTGAGAGTATTC-1,OTI,1,116
ACTTGTGAGCAATTCG-1,C57BL6,0,0
ACTTGTGAGGGACAAT-1,OTI,0,0
ACTTTAGCAAGACAGC-1,OTI,2,12
ACTTTAGCAATGGTAG-1,C57BL6,0,0
ACTTTAGCACAACGAA-1,OTI,1,3
ACTTTAGCACAGTTCG-1,OTI,0,0
ACTTTAGCACTCGCAA-1,C57BL6,0,0
ACTTTAGCAGGAATCA-1,OTI,4,26
ACTTTCATCAACCATG-1,OTI,2,40
ACTTTCATCAAGTTCG-1,OTI,1,5
ACTTTCATCACGTATG-1,OTI,0,0
ACTTTCATCACTTACC-1,C57BL6,3,4
ACTTTCATCAGTCCTT-1,OTI,0,0
ACTTTCATCATTAATG-1,OTI,6,108
ACTTTCATCGCGGAAA-1,OTI,1,3
ACTTTCATCGTTGACA-1,C57BL6,0,0
ACTTTCCAGAAGCTTT-1,OTI,3,15
ACTTTCCAGACGGAGC-1,OTI,7,138
ACTTTCCAGCAGTATT-1,OTI,1,5
ACTTTCCAGCGAAGAT-1,C57BL6,0,0
ACTTTCCAGGTCAATT-1,OTI,4,669
ACTTTCGGTAGCCCTT-1,OTI,2,154
ACTTTCGGTATGTACA-1,OTI,0,0
ACTTTGGAGACCAATT-1,OTI,0,0
ACTTTGGAGAGAATTG-1,C57BL6,1,3
ACTTTGGAGATCGGTC-1,C57BL6,2,12
ACTTTGGAGATTACAC-1,C57BL6,1,5
ACTTTGGAGCCATAGC-1,C57BL6,0,0
ACTTTGGAGCCTGTGG-1,OTI,3,47
AGAAGCCCAACCAAGA-1,OTI,0,0
AGAAGCCCAACGACCC-1,C57BL6,0,0
AGAAGCCCAAGGACAC-1,OTI,3,82
AGAAGCCCAAGGTTAG-1,OTI,2,38
AGAAGCCCAAGTTGAG-1,OTI,5,30
AGAAGCCCAATCGTAC-1,OTI,3,101
AGAAGCCCAATGCTTA-1,OTI,5,73
AGAAGCCCACCAGCTA-1,OTI,1,146
AGAAGCCCACCTCTAC-1,OTI,2,7
AGAAGCCCACGGGTCT-1,OTI,5,15
AGAAGCCCAGTGCGGA-1,OTI,2,123
AGAAGCTAGAACGAAC-1,OTI,0,0
AGAAGCTAGACCATGC-1,C57BL6,0,0
AGAAGCTAGAGTTTCG-1,C57BL6,1,6
AGAAGCTAGATCTGCA-1,OTI,4,40
AGAAGCTAGATGGTAA-1,C57BL6,0,0
AGAAGCTAGCACTGTA-1,OTI,3,100
AGAAGCTAGCGGTGTT-1,OTI,0,0
AGAAGCTAGCTTGATG-1,C57BL6,0,0
AGAAGCTAGGGAAGCC-1,C57BL6,1,5
AGAAGCTAGGTAGAAC-1,OTI,1,88
AGAAGGAAGAATACAG-1,OTI,3,224
AGAAGGAAGACCCACG-1,OTI,8,463
AGAAGGAAGATCACAT-1,C57BL6,0,0
AGAAGGAAGCCGTAAC-1,OTI,2,96
AGAAGGAAGCGTGAAG-1,OTI,3,26
AGAAGGAAGCTAGTCA-1,OTI,1,228
AGAAGGAAGGCATAGG-1,OTI,0,0
AGAAGGAAGGCTTCGG-1,OTI,1,21
AGAAGGAAGGGTGTTC-1,C57BL6,0,0
AGAAGGAAGGTGATTT-1,OTI,2,169
AGAAGTATCAGGCTCG-1,OTI,5,571
AGAAGTATCATGTTAA-1,OTI,3,42
AGAAGTATCATTCATT-1,OTI,1,9
AGAAGTATCCGGTATA-1,OTI,4,264
AGAAGTATCGCGGATT-1,C57BL6,3,42
AGAAGTATCGCGTGTG-1,OTI,5,109
AGAATACCAAATCTAT-1,C57BL6,0,0
AGAATACCAACTCGAT-1,OTI,1,14
AGAATACCACACGCAC-1,C57BL6,1,5
AGAATACCACCACGTA-1,C57BL6,0,0
AGAATACCACTTAACA-1,OTI,1,3
AGAATACCAGGAACGT-1,OTI,1,6
AGAATACCAGTCGGTC-1,OTI,0,0
AGAATAGTCAAAGCCC-1,C57BL6,1,1
AGAATAGTCCAAAGCC-1,C57BL6,2,2
AGAATAGTCCATTCTA-1,OTI,2,51
AGAATAGTCCCTTTAA-1,OTI,2,26
AGAATAGTCGCGAGTT-1,C57BL6,0,0
AGAATAGTCGTATGCA-1,C57BL6,0,0
AGAATCAAGACACCGT-1,C57BL6,1,3
AGAATCAAGATGTGTT-1,OTI,3,16
AGAATCAAGCACCTCC-1,OTI,2,35
AGAATCAAGCGCATTA-1,OTI,1,2
AGAATCAAGCTGTCGG-1,C57BL6,1,5
AGAATCAAGCTTCGTT-1,C57BL6,0,0
AGAATCAAGGGGCTAA-1,OTI,2,18
AGAATGGGTACTCGCT-1,OTI,2,42
AGAATGGGTAGTCGCA-1,OTI,4,236
AGAATGGGTATCGAGT-1,OTI,0,0
AGAATGGGTATGCAGT-1,OTI,2,9
AGAATGGGTATGCTGG-1,C57BL6,0,0
AGAATGGGTCTACGGA-1,C57BL6,0,0
AGAATGGGTGCCCTAT-1,OTI,3,93
AGAATTACAAATTGCC-1,OTI,1,5
AGAATTACAAGCATAG-1,OTI,7,43
AGAATTACACCAAATC-1,C57BL6,6,22
AGAATTACACCAGGCT-1,OTI,1,58
AGAATTACAGCTACCA-1,OTI,0,0
AGAATTGAGATGACGG-1,OTI,4,36
AGAATTGAGATGCCCG-1,OTI,2,90
AGAATTGAGCATGGAG-1,C57BL6,3,268
AGAATTGAGCCAGGTT-1,C57BL6,1,2
AGAATTGAGCCGTCGA-1,C57BL6,0,0
AGAATTGAGCTAATCG-1,OTI,3,96
AGAATTGAGGTCCTCC-1,C57BL6,0,0
AGACAATCAACATTAT-1,OTI,2,4
AGACAATCAACCTAAC-1,OTI,0,0
AGACAATCACGCATCA-1,C57BL6,0,0
AGACACCTCAAGCACC-1,C57BL6,1,3
AGACACCTCACTCCCA-1,OTI,5,178
AGACACCTCACTTAAA-1,OTI,2,41
AGACACCTCCAGCCCT-1,C57BL6,0,0
AGACACCTCCCATGCC-1,OTI,0,0
AGACACCTCCTAGGGT-1,OTI,3,3
AGACACCTCGCGCATG-1,C57BL6,0,0
AGACACCTCGCGTCAG-1,OTI,3,979
AGACACCTCGCTCCAC-1,OTI,4,113
AGACACCTCGTTAGGC-1,OTI,4,606
AGACAGCCAAACCGGG-1,C57BL6,1,13
AGACAGCCAATATCAT-1,C57BL6,2,21
AGACAGCCACAGCGAG-1,C57BL6,1,2
AGACAGCCACCGCAGT-1,OTI,2,6
AGACAGCCACGAATCT-1,OTI,2,209
AGACAGCCACTGACAT-1,OTI,4,291
AGACAGCCAGTGAGGT-1,OTI,1,37
AGACAGGTCAAGGCTC-1,OTI,4,71
AGACAGGTCAGCGTGT-1,C57BL6,1,3
AGACAGGTCAGGCTCG-1,OTI,4,22
AGACAGGTCCGCTACC-1,OTI,11,183
AGACAGGTCGCACCTC-1,C57BL6,0,0
AGACAGGTCGTCGCTC-1,OTI,0,0
AGACAGGTCGTCTTAC-1,OTI,3,64
AGACATAAGAGGTTGG-1,OTI,5,36
AGACATAAGAGTAATG-1,OTI,0,0
AGACATAAGCCATTGA-1,OTI,2,275
AGACATAAGCTATAAC-1,OTI,1,3
AGACATAAGCTCTGGG-1,OTI,4,56
AGACATAAGGCTGGAA-1,C57BL6,0,0
AGACATTTCAACTGCA-1,OTI,1,19
AGACATTTCAGGGACA-1,C57BL6,0,0
AGACATTTCGCCCTAC-1,OTI,1,1
AGACATTTCGCTGAGT-1,OTI,2,38
AGACATTTCGTAGTGC-1,OTI,1,4
AGACATTTCGTATGTG-1,OTI,4,861
AGACGACCAACATACC-1,OTI,9,240
AGACGACCAACCCCAA-1,C57BL6,0,0
AGACGACCAACCTAAC-1,C57BL6,0,0
AGACGACCAACTCTCC-1,OTI,5,25
AGACGACCAGTGGGAT-1,OTI,9,318
AGACGATAGAATTCCG-1,C57BL6,0,0
AGACGATAGAGTCAGG-1,OTI,2,99
AGACGATAGCTTGGCG-1,C57BL6,1,2
AGACGCAAGAAGTGTA-1,OTI,1,8
AGACGCAAGAATACGA-1,OTI,1,3
AGACGCAAGACAATGA-1,OTI,0,0
AGACGCAAGCACGTAC-1,OTI,1,3
AGACGCAAGCCGTAAC-1,C57BL6,0,0
AGACGCAAGGGCGGAT-1,OTI,1,7
AGACGCAAGGGGCGAT-1,OTI,8,675
AGACGCAAGGTCGCCA-1,OTI,1,9
AGACGCTTCCATCTAC-1,C57BL6,0,0
AGACGCTTCCCCATTG-1,OTI,1,7
AGACGGGGTAAGGTCT-1,C57BL6,1,5
AGACGGGGTACCACAG-1,C57BL6,1,3
AGACGGGGTATCAGTA-1,OTI,4,62
AGACGGGGTCATACGG-1,OTI,6,130
AGACGGGGTCGCTAAG-1,C57BL6,1,5
AGACGGGGTGCATCAG-1,OTI,2,11
AGACGGGGTGCCCGTC-1,C57BL6,1,8
AGACGGGGTGGGATAA-1,OTI,3,27
AGACGGGGTGTAGCGC-1,OTI,1,4
AGACGTACACACGTCA-1,C57BL6,0,0
AGACGTACACATTAGC-1,OTI,3,10
AGACGTACACCCAGAC-1,C57BL6,0,0
AGACGTACACCTGCAA-1,C57BL6,0,0
AGACGTACACTGGGAG-1,OTI,4,112
AGACGTACAGTAAAGT-1,C57BL6,0,0
AGACGTTGTCGCTTGT-1,C57BL6,0,0
AGACGTTGTCTGACTC-1,OTI,2,18
AGACGTTGTGTCGTGA-1,OTI,5,137
AGACGTTGTGTCTCCG-1,OTI,3,115
AGACTCATCAACGTTG-1,C57BL6,1,8
AGACTCATCACTCGGG-1,OTI,4,37
AGACTCATCATTCGCT-1,OTI,0,0
AGACTCATCCAGTAGC-1,OTI,1,2
AGACTCATCGCGTTAA-1,OTI,2,12
AGACTCATCGTAGTGC-1,OTI,1,14
AGACTCATCGTCGCTC-1,OTI,1,6
AGACTCGGTAAGGAAT-1,C57BL6,0,0
AGACTCGGTACTGGGC-1,OTI,4,46
AGACTCGGTAGAGAAT-1,OTI,4,107
AGACTCGGTATCTGTT-1,C57BL6,0,0
AGACTCGGTCCGGCCT-1,OTI,0,0
AGACTCGGTCTGCAAG-1,OTI,0,0
AGACTCGGTGCTCGTT-1,OTI,2,30
AGACTGCTCACGCGTG-1,C57BL6,1,1
AGACTGCTCATACCCT-1,OTI,5,5
AGACTGCTCCAGCCCT-1,C57BL6,0,0
AGACTGCTCCCAGTAA-1,C57BL6,0,0
AGACTGCTCGCTCGCT-1,OTI,3,31
AGACTGCTCGGTACGT-1,OTI,0,0
AGACTTGTCCATCGCC-1,OTI,4,21
AGACTTGTCGGGCCTA-1,OTI,9,87
AGACTTGTCGGTGTTA-1,OTI,5,89
AGACTTTAGAGGGCGT-1,OTI,5,35
AGACTTTAGATGCATT-1,C57BL6,0,0
AGACTTTAGCAATTAC-1,C57BL6,0,0
AGACTTTAGCCAAATT-1,OTI,1,4
AGACTTTAGCGATTAT-1,OTI,5,116
AGACTTTAGCGTTGTA-1,OTI,2,377
AGACTTTAGGCGGAGT-1,OTI,0,0
AGACTTTAGGGTCTGT-1,C57BL6,0,0
AGAGAACTCAACCCTT-1,OTI,2,159
AGAGAACTCACCCCGT-1,C57BL6,0,0
AGAGAACTCAGCCGTG-1,OTI,9,452
AGAGAACTCAGTGGCT-1,OTI,2,196
AGAGAACTCCCGTCTA-1,OTI,0,0
AGAGAACTCCCTGCAC-1,OTI,1,112
AGAGAACTCCTATCCG-1,C57BL6,0,0
AGAGAACTCGGTCAAC-1,OTI,9,53
AGAGAATGTAACCGGC-1,C57BL6,0,0
AGAGAATGTACAAGGA-1,OTI,2,90
AGAGAATGTACTAAGC-1,OTI,3,15
AGAGAATGTATAAGGG-1,OTI,5,72
AGAGAATGTATCGAGT-1,OTI,0,0
AGAGAATGTCAGGGTC-1,OTI,3,49
AGAGAATGTCATTTCG-1,C57BL6,1,10
AGAGACCCAAAATCCC-1,OTI,1,14
AGAGACCCAATGCGAA-1,OTI,3,60
AGAGACCCACACAAGA-1,C57BL6,0,0
AGAGACCCACACTACG-1,C57BL6,1,1
AGAGACCCACCTAACG-1,OTI,2,95
AGAGACCCACGGCTTA-1,OTI,2,447
AGAGACCCAGCTTATA-1,OTI,3,27
AGAGAGAAGAGTGGCA-1,C57BL6,0,0
AGAGAGAAGATCTCGA-1,C57BL6,1,1
AGAGAGAAGCTGAATT-1,OTI,0,0
AGAGAGAAGGCAACGA-1,C57BL6,1,10
AGAGAGGCAACGTACT-1,OTI,2,32
AGAGAGGCAAGCGCCT-1,C57BL6,0,0
AGAGAGGCACATAATT-1,C57BL6,0,0
AGAGAGGCACGAAGTA-1,OTI,1,11
AGAGAGGCAGCTACAT-1,C57BL6,0,0
AGAGATGGTAGAGAAT-1,OTI,0,0
AGAGATGGTAGGATAG-1,OTI,3,85
AGAGATGGTATACTTC-1,OTI,4,113
AGAGATGGTCACGTTC-1,OTI,2,6
AGAGATGGTCGCTTCG-1,OTI,1,6
AGAGATGGTCGGCTGG-1,C57BL6,1,2
AGAGATGGTCTGTACC-1,OTI,8,59
AGAGATGGTGGAATGA-1,OTI,3,56
AGAGATGGTGGTATGT-1,OTI,1,4
AGAGATGGTGTGGGCT-1,OTI,8,42
AGAGATGGTGTTAGCG-1,OTI,2,328
AGAGATGGTGTTATAG-1,OTI,3,91
AGAGATTCAAATCTCA-1,C57BL6,0,0
AGAGATTCAAGGGTCG-1,OTI,0,0
AGAGATTCAATGGACA-1,OTI,1,52
AGAGATTCAGCGTAGG-1,OTI,1,5
AGAGATTCAGGGCGTA-1,OTI,2,9
AGAGATTCAGTCACGC-1,OTI,5,39
AGAGGAAAGAATGCCC-1,OTI,5,245
AGAGGAAAGACGACGA-1,C57BL6,5,7
AGAGGAAAGATTCAAC-1,OTI,0,0
AGAGGAAAGCAAACCC-1,OTI,3,710
AGAGGAAAGCCGACAT-1,OTI,1,71
AGAGGAAAGCGTCAAC-1,C57BL6,1,7
AGAGGAAAGGCCCACA-1,C57BL6,0,0
AGAGGCGGTATCATTC-1,C57BL6,0,0
AGAGGCGGTCTAAATG-1,OTI,6,30
AGAGGCGGTCTGCAAG-1,OTI,2,133
AGAGGCGGTGTAACGT-1,OTI,2,10
AGAGGGACAATAGGGC-1,OTI,0,0
AGAGGGACAATTAATC-1,C57BL6,2,8
AGAGGGACACATTGGT-1,OTI,1,2
AGAGGGACAGCCCTAA-1,OTI,4,63
AGAGGGACAGTCCATG-1,OTI,1,3
AGAGGGACAGTCCGTA-1,OTI,11,132
AGAGGGACAGTCCTCT-1,OTI,1,4
AGAGGGTGTAACTAGC-1,OTI,3,125
AGAGGGTGTAGTATTG-1,C57BL6,0,0
AGAGGGTGTCGCTATC-1,OTI,3,225
AGAGGGTGTGCCTTCG-1,OTI,0,0
AGAGGTAGTAAGCGCC-1,C57BL6,0,0
AGAGGTAGTAGGCGCT-1,C57BL6,0,0
AGAGGTAGTATGGGTT-1,C57BL6,1,5
AGAGGTAGTCCAGATG-1,C57BL6,0,0
AGAGGTAGTCTGATAA-1,OTI,3,36
AGAGGTAGTGCGATGC-1,OTI,2,10
AGAGGTCCAAACGGTA-1,OTI,2,100
AGAGGTCCAACTAAGG-1,OTI,1,2
AGAGGTCCACGTATCG-1,OTI,5,166
AGAGGTCCAGTGCACC-1,OTI,5,50
AGAGGTTAGAGTTGGG-1,C57BL6,2,13
AGAGGTTAGCCGCACA-1,OTI,1,3
AGAGGTTAGCGTTCAA-1,OTI,2,56
AGAGGTTAGCTCTCAT-1,OTI,2,346
AGAGGTTAGCTGGGTT-1,OTI,0,0
AGAGTAATCAAAGGTA-1,C57BL6,0,0
AGAGTAATCATAAGCT-1,C57BL6,0,0
AGAGTAATCCACTCCA-1,OTI,2,13
AGAGTAGGTAAGGTAG-1,OTI,1,3
AGAGTAGGTAATCAGC-1,OTI,2,93
AGAGTAGGTACTCGAG-1,C57BL6,0,0
AGAGTAGGTACTTGCC-1,OTI,3,279
AGAGTAGGTCAGTTGG-1,OTI,5,42
AGAGTAGGTCATCTCA-1,OTI,3,39
AGAGTAGGTCTAACCC-1,C57BL6,0,0
AGAGTAGGTCTAGCAG-1,C57BL6,0,0
AGAGTAGGTGGTCAAT-1,C57BL6,0,0
AGAGTAGGTGTCTCCG-1,OTI,1,14
AGAGTGAGTACTGGAT-1,C57BL6,0,0
AGAGTGAGTACTTATC-1,OTI,4,18
AGAGTGAGTCCTGTCG-1,OTI,0,0
AGAGTGAGTCGCGTGG-1,C57BL6,3,3
AGAGTGAGTGCCCATT-1,OTI,11,143
AGAGTTAAGAAACCGG-1,OTI,4,43
AGAGTTAAGAAATTGG-1,C57BL6,0,0
AGAGTTAAGAAGCGTG-1,C57BL6,0,0
AGAGTTAAGAGTATAG-1,OTI,0,0
AGAGTTAAGCGCAGTT-1,C57BL6,0,0
AGAGTTAAGCTACAAT-1,C57BL6,0,0
AGAGTTAAGGCCACAT-1,OTI,8,168
AGAGTTAAGGCGGAGT-1,C57BL6,0,0
AGAGTTAAGGCTTCAA-1,C57BL6,1,12
AGAGTTAAGGTATTCG-1,OTI,5,75
AGCAAATCAACTAAGG-1,OTI,0,0
AGCAAATCAAGTCTTA-1,C57BL6,4,9
AGCAAATCAATTAACT-1,OTI,3,201
AGCAAATCACAACTTA-1,OTI,0,0
AGCAAATCACCATTCC-1,C57BL6,1,6
AGCAAATCACGCGTAC-1,C57BL6,0,0
AGCAAATCAGCCTTTC-1,OTI,7,72
AGCAAATCAGCTCAAT-1,OTI,0,0
AGCAAATCAGTCGGTC-1,C57BL6,0,0
AGCAACGAGACAGGAT-1,OTI,2,130
AGCAACGAGATGGTGG-1,C57BL6,1,2
AGCAACGAGCAATTAC-1,OTI,1,1
AGCAACGAGCCTTAAG-1,C57BL6,2,9
AGCAACGAGCGGCCTA-1,OTI,3,10
AGCAACGAGCGGCTTG-1,OTI,4,96
AGCAACGAGCGTGAAG-1,OTI,0,0
AGCAACGAGGTTATCG-1,OTI,0,0
AGCAAGCCAAACGGCG-1,C57BL6,0,0
AGCAAGCCAAATGCGA-1,OTI,2,112
AGCAAGCCAACAGCCC-1,C57BL6,1,10
AGCAAGCCACGAACGG-1,OTI,3,64
AGCAAGCCACTAGGGG-1,OTI,0,0
AGCAAGCCACTTATAG-1,C57BL6,0,0
AGCAAGCCAGCGCATC-1,OTI,0,0
AGCAAGTAGAACCATT-1,C57BL6,0,0
AGCAAGTAGATCAGGG-1,C57BL6,1,8
AGCAAGTAGCATCTAG-1,OTI,3,51
AGCAAGTAGCCTAGCG-1,C57BL6,1,8
AGCAAGTAGCGTTGGT-1,C57BL6,1,5
AGCAAGTAGGCTTTGA-1,C57BL6,0,0
AGCAAGTAGGGATAGT-1,OTI,1,10
AGCAAGTAGGGCTTCG-1,OTI,1,6
AGCAAGTAGGGTAAGT-1,OTI,1,9
AGCAATCGTAAGTTTG-1,C57BL6,1,11
AGCAATCGTATGCAGT-1,OTI,3,20
AGCAATCGTCAAAGCT-1,C57BL6,8,17
AGCAATCGTCAGTGCA-1,OTI,2,11
AGCAATCGTGGACGCT-1,OTI,3,254
AGCAATTTCAAGGCTC-1,OTI,1,49
AGCAATTTCAATACGT-1,OTI,11,58
AGCAATTTCATAACGT-1,OTI,5,116
AGCAATTTCCAGTCCC-1,OTI,0,0
AGCAATTTCCCTGCTA-1,C57BL6,4,7
AGCAATTTCCGGCGTA-1,OTI,1,45
AGCACAACAAAATGAC-1,OTI,3,148
AGCACAACAAATCCGT-1,C57BL6,1,8
AGCACAACAACGCGTC-1,C57BL6,0,0
AGCACAACACAACTCG-1,OTI,9,154
AGCACAACACACTTAA-1,C57BL6,0,0
AGCACAACACTATGGT-1,OTI,8,240
AGCACAACACTCTAGG-1,OTI,2,22
AGCACAACAGCAGCGA-1,OTI,1,1
AGCACGTTCAATCTCC-1,OTI,2,15
AGCACGTTCAGCGCAT-1,OTI,2,129
AGCACGTTCATCCCCA-1,OTI,6,295
AGCACGTTCCAATTAA-1,OTI,1,5
AGCACGTTCCCAGAAC-1,OTI,2,125
AGCACGTTCCCTGACC-1,OTI,1,4
AGCACGTTCCGTCAAA-1,OTI,1,5
AGCACTATCACGCGTG-1,OTI,0,0
AGCACTATCATGGACC-1,OTI,9,159
AGCACTATCATGGTGC-1,OTI,3,200
AGCACTATCCAAGTGC-1,OTI,1,3
AGCACTATCCCTGTCA-1,OTI,0,0
AGCACTATCCGATCAA-1,OTI,3,27
AGCACTATCCGCTTGC-1,OTI,2,15
AGCACTATCCGGACAT-1,C57BL6,1,3
AGCACTATCCGGTATA-1,OTI,1,5
AGCACTATCGCTCCGT-1,OTI,1,41
AGCAGATAGCAAGGCA-1,OTI,0,0
AGCAGATAGCACGCCA-1,OTI,0,0
AGCAGATAGCTGCGAT-1,OTI,5,282
AGCAGATAGGCGTCCA-1,OTI,2,19
AGCAGATAGGGGGCAT-1,OTI,4,32
AGCAGATAGGGTTCGT-1,OTI,5,93
AGCAGATAGGTTGATT-1,OTI,0,0
AGCAGCAAGAACGATA-1,OTI,4,42
AGCAGCAAGAGGACGC-1,OTI,2,47
AGCAGCAAGCACCTCC-1,C57BL6,0,0
AGCAGCAAGCTAAGGG-1,OTI,0,0
AGCAGCAAGGGGTATG-1,OTI,5,66
AGCAGGGGTAGTATGC-1,C57BL6,0,0
AGCAGGGGTGGATTCG-1,OTI,2,3
AGCAGGGGTGTGCCCC-1,OTI,9,370
AGCAGTACAACGATAG-1,OTI,1,3
AGCAGTACAAGAGGTC-1,OTI,4,54
AGCAGTACACGCAATT-1,OTI,1,573
AGCAGTACACTATACA-1,C57BL6,0,0
AGCAGTACACTGGGAG-1,C57BL6,0,0
AGCAGTACAGCGTGCT-1,OTI,1,778
AGCAGTACAGGTTGCC-1,OTI,6,38
AGCAGTCTCACGCATA-1,OTI,0,0
AGCAGTCTCAGCCGCA-1,OTI,2,135
AGCAGTCTCAGTTAGT-1,OTI,2,22
AGCAGTCTCATCGGGT-1,OTI,1,17
AGCAGTCTCCTAGGGT-1,C57BL6,0,0
AGCAGTCTCCTTCGCA-1,OTI,5,387
AGCAGTCTCGGACACT-1,OTI,3,22
AGCAGTCTCGGAGCTT-1,C57BL6,4,57
AGCAGTTGTAAGCGCC-1,OTI,5,94
AGCAGTTGTCAGCATG-1,OTI,2,112
AGCAGTTGTCTCGTCG-1,OTI,2,9
AGCAGTTGTGGGGTCT-1,C57BL6,0,0
AGCAGTTGTGTGCAAT-1,OTI,0,0
AGCATAGCAACCCTCT-1,OTI,3,114
AGCATAGCAACGGGAT-1,C57BL6,0,0
AGCATAGCAAGCAGTA-1,OTI,9,81
AGCATAGCAAGTACTC-1,OTI,3,40
AGCATAGCACTCCACT-1,OTI,1,29
AGCATAGCAGTCTTAA-1,C57BL6,0,0
AGCATATTCACTGCAA-1,OTI,0,0
AGCATATTCATACCTC-1,C57BL6,1,6
AGCATATTCGCCTCTA-1,OTI,0,0
AGCATCATCACAACGC-1,OTI,0,0
AGCATCATCAGCGCAT-1,OTI,0,0
AGCATCATCATGCCTT-1,OTI,2,15
AGCATCATCGGTCTAA-1,OTI,1,5
AGCATCGGTACAAGCT-1,C57BL6,0,0
AGCATCGGTACTCCCG-1,OTI,10,614
AGCATCGGTCAGGTGC-1,OTI,1,2
AGCATCGGTCGACCCC-1,OTI,1,59
AGCATCGGTGCGATGC-1,OTI,2,148
AGCATCGGTGCTGTCT-1,OTI,5,64
AGCATCGGTGGAGCGA-1,C57BL6,0,0
AGCATCGGTGTCGAAT-1,OTI,5,239
AGCATGGAGAGGGCGT-1,C57BL6,0,0
AGCATGGAGCGTTGTA-1,OTI,0,0
AGCATGGAGGCTTACA-1,OTI,2,61
AGCATTCCAAGTTAGG-1,OTI,4,86
AGCATTCCAATATCAT-1,OTI,2,106
AGCATTCCAATCGAGA-1,OTI,2,13
AGCATTCCAATCGCGC-1,C57BL6,0,0
AGCATTCCACAGTTAC-1,C57BL6,3,8
AGCATTCCACCAATAC-1,OTI,6,82
AGCATTCCACTCTAGG-1,OTI,4,133
AGCATTCCAGGAACTA-1,OTI,3,50
AGCATTCCAGTAGTAG-1,OTI,5,105
AGCATTGTCACAATCG-1,C57BL6,0,0
AGCATTGTCCAATTAA-1,OTI,0,0
AGCATTGTCCCTTAAC-1,C57BL6,2,11
AGCATTGTCGCTTTCG-1,C57BL6,1,11
AGCATTGTCGTCTCAT-1,OTI,5,78
AGCATTTAGAGACTTT-1,OTI,0,0
AGCATTTAGAGGCCAA-1,OTI,3,74
AGCATTTAGATATACC-1,C57BL6,0,0
AGCATTTAGCACGGAA-1,OTI,3,94
AGCATTTAGCTCAGGT-1,C57BL6,0,0
AGCATTTAGGCGTTAC-1,OTI,3,80
AGCCAACTCACATCTC-1,OTI,5,64
AGCCAACTCAGTCAGC-1,OTI,5,257
AGCCAACTCCATCGTT-1,OTI,2,46
AGCCAACTCCCCATTG-1,OTI,9,244
AGCCAACTCCGGAAAG-1,OTI,4,49
AGCCAACTCCGGTATA-1,C57BL6,2,11
AGCCAACTCGCGGTAT-1,OTI,2,28
AGCCAGCGTAACCGGC-1,C57BL6,1,5
AGCCAGCGTAGCAGTT-1,OTI,2,5
AGCCAGCGTCAGCCTT-1,OTI,10,174
AGCCAGCGTCCTTTGA-1,OTI,2,29
AGCCAGCGTCGTTCCG-1,OTI,5,102
AGCCAGCGTGTCGGCG-1,OTI,4,163
AGCCAGCGTGTCGGGT-1,OTI,0,0
AGCCAGCGTGTCGTCT-1,OTI,2,12
AGCCAGCGTGTGTATA-1,C57BL6,1,3
AGCCATATCATGCAGC-1,OTI,1,91
AGCCATATCCACATCT-1,OTI,1,41
AGCCATATCCACCCAC-1,OTI,1,7
AGCCATATCCACCCTA-1,OTI,7,212
AGCCATATCCATCACT-1,OTI,2,46
AGCCATATCCTATACC-1,OTI,1,11
AGCCATATCGCGCCTT-1,OTI,0,0
AGCCATTCAACTTTAG-1,OTI,3,27
AGCCATTCAAGGCTCC-1,OTI,4,101
AGCCATTCACACATAC-1,C57BL6,1,15
AGCCATTCAGCGGTCT-1,OTI,2,183
AGCCCATAGACCTTTC-1,OTI,2,8
AGCCCATAGAGCATGG-1,OTI,0,0
AGCCCATAGCATCTAG-1,OTI,0,0
AGCCCATAGCGAAGAT-1,C57BL6,2,39
AGCCCATAGCTAGGAG-1,OTI,3,230
AGCCCATAGCTGCAAC-1,OTI,9,192
AGCCCATAGGCTTCGG-1,OTI,2,64
AGCCCATAGGCTTGAC-1,C57BL6,6,6
AGCCCATAGGGGATTG-1,OTI,4,62
AGCCCCAAGAAATTGG-1,C57BL6,5,277
AGCCCCAAGAGTTGGG-1,OTI,3,39
AGCCCCAAGCAACGAG-1,OTI,1,2
AGCCCCAAGCTGATTG-1,OTI,1,1
AGCCCCAAGGTGTCCG-1,OTI,2,34
AGCCCCTTCAACGGCT-1,OTI,0,0
AGCCCCTTCACGAACC-1,C57BL6,0,0
AGCCCCTTCAGCCTCC-1,C57BL6,0,0
AGCCCCTTCATACCTC-1,OTI,0,0
AGCCCCTTCATCATCC-1,OTI,2,40
AGCCCCTTCCATTCCG-1,C57BL6,0,0
AGCCCTCTCACGGTCG-1,OTI,2,40
AGCCCTCTCACTAACG-1,C57BL6,1,2
AGCCCTCTCCATCATC-1,C57BL6,1,1
AGCCCTCTCCCATTAC-1,C57BL6,0,0
AGCCCTCTCGGAAAGT-1,OTI,3,222
AGCCCTCTCGGACCTG-1,OTI,4,28
AGCCCTCTCGTTGCAA-1,OTI,3,80
AGCCCTTGTAAAGCCT-1,OTI,0,0
AGCCCTTGTAACATTG-1,OTI,2,22
AGCCCTTGTACCACCT-1,OTI,1,8
AGCCCTTGTACGTCTC-1,OTI,2,440
AGCCCTTGTCAATGTA-1,OTI,2,24
AGCCCTTGTCTAATGA-1,C57BL6,1,36
AGCCCTTGTCTATTGT-1,C57BL6,3,23
AGCCCTTGTCTCGCCA-1,OTI,4,37
AGCCCTTGTCTTATGT-1,OTI,2,54
AGCCCTTGTGCTTGGA-1,OTI,5,45
AGCCCTTGTGGCTAGC-1,OTI,5,111
AGCCCTTGTGGGTGAG-1,C57BL6,0,0
AGCCGAAAGACAAGCG-1,OTI,4,51
AGCCGAAAGACCTTTC-1,OTI,0,0
AGCCGAAAGAGTGGCA-1,C57BL6,1,1
AGCCGAAAGCGAATGG-1,OTI,0,0
AGCCGAAAGCTCTGAA-1,C57BL6,0,0
AGCCGAAAGCTGCGAT-1,OTI,2,37
AGCCGAGCAATAGGGC-1,C57BL6,1,11
AGCCGAGCAATTCAGC-1,OTI,3,3
AGCCGAGCACCATACG-1,C57BL6,0,0
AGCCGAGCAGGTATCT-1,OTI,3,63
AGCCGAGCAGTTGATC-1,OTI,2,61
AGCCGCATCAGACACC-1,C57BL6,0,0
AGCCGCATCCGGTCCT-1,C57BL6,1,3
AGCCGCATCCTATACC-1,OTI,1,77
AGCCGCATCGGCAATC-1,OTI,0,0
AGCCGTCCAACCCCAA-1,OTI,4,186
AGCCGTCCAAGAGGTC-1,C57BL6,0,0
AGCCGTCCACGCATCA-1,C57BL6,0,0
AGCCGTCCAGGTAAGC-1,OTI,0,0
AGCCGTTAGCACCCAG-1,OTI,0,0
AGCCGTTAGCAGCTAC-1,OTI,1,18
AGCCGTTAGGCTTTAG-1,OTI,5,5
AGCCTCCTCATGTAAC-1,C57BL6,0,0
AGCCTCCTCCCGTCTA-1,OTI,3,70
AGCCTCCTCCGTTACT-1,OTI,1,4
AGCCTCCTCCTCAGCC-1,OTI,3,70
AGCCTCCTCCTGTACT-1,C57BL6,0,0
AGCCTCCTCGCACTCC-1,OTI,0,0
AGCCTCTGTATGTTGA-1,OTI,10,78
AGCCTCTGTGGCACGT-1,C57BL6,1,2
AGCCTGTAGACATCAT-1,C57BL6,1,1
AGCCTGTAGAGTATTC-1,OTI,2,118
AGCCTGTAGGGAAGCC-1,OTI,0,0
AGCCTGTAGGTTAATC-1,OTI,6,32
AGCCTTCGTAATTCCT-1,C57BL6,0,0
AGCCTTCGTATCGAGT-1,OTI,2,31
AGCCTTCGTATCTTGT-1,OTI,7,14
AGCCTTCGTATTGTAG-1,C57BL6,0,0
AGCCTTCGTGGTGCGT-1,OTI,4,113
AGCCTTCGTGTCTATT-1,OTI,1,21
AGCCTTCGTGTGCAAT-1,OTI,5,52
AGCCTTCGTGTTCGTC-1,OTI,3,42
AGCGAACCAAGCTTTA-1,OTI,2,149
AGCGAACCAATCTGAC-1,C57BL6,0,0
AGCGAACCACGTGCTA-1,OTI,2,9
AGCGAATAGAAACTAG-1,C57BL6,0,0
AGCGAATAGAATACAG-1,OTI,1,53
AGCGAATAGACTTTGG-1,C57BL6,3,4
AGCGAATAGCACAAGG-1,OTI,2,13
AGCGAATAGCGATGGA-1,OTI,0,0
AGCGAATAGGCGTCCA-1,OTI,0,0
AGCGAATAGGTTGTAT-1,OTI,0,0
AGCGACAAGAACGAAC-1,OTI,10,286
AGCGACAAGACAACGG-1,OTI,0,0
AGCGACAAGACATTCG-1,C57BL6,1,8
AGCGACAAGACTGCAC-1,OTI,0,0
AGCGACAAGAGCGAAT-1,OTI,2,177
AGCGACAAGCAGGAGC-1,OTI,8,341
AGCGACAAGGTGGGTA-1,OTI,3,264
AGCGAGTCAAAAGCGC-1,OTI,5,82
AGCGAGTCAAATGCGA-1,OTI,1,292
AGCGAGTCAACCCTCT-1,C57BL6,1,1
AGCGAGTCAACGTTCG-1,OTI,4,19
AGCGAGTCACAATACC-1,OTI,1,14
AGCGAGTCACAGGACG-1,OTI,0,0
AGCGAGTCACGCGCAT-1,C57BL6,0,0
AGCGAGTCAGTCAACT-1,OTI,2,10
AGCGAGTCAGTCTGCA-1,C57BL6,0,0
AGCGATACACTCACTC-1,OTI,2,25
AGCGATGAGACCCTTT-1,OTI,2,25
AGCGATGAGGCTGTTA-1,OTI,1,10
AGCGATGAGGTAATAG-1,OTI,2,104
AGCGATGAGGTTAGTT-1,C57BL6,1,18
AGCGCAGCAAAATGAC-1,C57BL6,0,0
AGCGCAGCACGGGTAG-1,OTI,2,31
AGCGCAGCACTCAATA-1,OTI,8,301
AGCGCAGCAGCATCGC-1,OTI,4,121
AGCGCATTCAAACCGC-1,C57BL6,1,5
AGCGCATTCAGGAATA-1,OTI,0,0
AGCGCATTCCTACGCC-1,OTI,6,8
AGCGCATTCGGACGTT-1,C57BL6,0,0
AGCGCATTCGTAGCGT-1,OTI,0,0
AGCGCCATCAGCAGTC-1,OTI,2,65
AGCGCCATCGCCCCAT-1,OTI,0,0
AGCGCCTCAAAGGCCG-1,C57BL6,0,0
AGCGCCTCAAGGACTA-1,C57BL6,0,0
AGCGCCTCACAGGCGA-1,C57BL6,0,0
AGCGCCTCACATGGTT-1,OTI,5,58
AGCGCCTCAGCATTCG-1,OTI,2,255
AGCGCCTCAGGGTTAA-1,OTI,2,51
AGCGCCTCAGGTAGCG-1,OTI,2,9
AGCGCGACAATATGTT-1,OTI,5,122
AGCGCGACACAACTCG-1,OTI,2,45
AGCGCGACACACTAAC-1,OTI,1,3
AGCGCGACACAGGTAA-1,C57BL6,5,6
AGCGCGACACCCATTC-1,OTI,1,19
AGCGCGACACCTCGAA-1,OTI,10,439
AGCGCGACACGTTCGA-1,OTI,3,118
AGCGCGACAGCACGGA-1,C57BL6,0,0
AGCGCGACAGTCCTCT-1,OTI,1,28
AGCGCGTGTACCTAGG-1,OTI,1,17
AGCGCGTGTATCGTGG-1,OTI,3,54
AGCGCGTGTATTCAGA-1,OTI,1,7
AGCGCGTGTCACCGCC-1,C57BL6,0,0
AGCGCGTGTCTGTACC-1,OTI,2,283
AGCGCGTGTGCTAGGC-1,OTI,4,54
AGCGCTCCAAATATAG-1,OTI,1,218
AGCGCTCCAACACGAA-1,OTI,2,18
AGCGCTCCAACTCGAT-1,OTI,0,0
AGCGCTCCACGCAGGA-1,OTI,5,67
AGCGCTCCACGCATCA-1,OTI,0,0
AGCGCTCCAGCAATAG-1,OTI,7,382
AGCGCTCCAGCCACTA-1,OTI,3,19
AGCGCTCCAGGAACTA-1,C57BL6,0,0
AGCGGACAGACACATT-1,OTI,0,0
AGCGGACAGCACCTAA-1,OTI,0,0
AGCGGACAGCCAGAGA-1,C57BL6,0,0
AGCGGACAGCGTTGCG-1,OTI,3,19
AGCGGACAGGGGCGAT-1,C57BL6,2,12
AGCGGAGGTACCTATT-1,OTI,7,227
AGCGGAGGTACTTCTG-1,OTI,3,275
AGCGGAGGTAGGGGAT-1,OTI,3,226
AGCGGAGGTCCTCGAT-1,OTI,0,0
AGCGGAGGTCCTGCGC-1,C57BL6,0,0
AGCGGAGGTCGTTTCA-1,OTI,4,39
AGCGGAGGTGCGGAGA-1,OTI,2,20
AGCGGAGGTGTGTAGT-1,C57BL6,0,0
AGCGGCACAAACATGG-1,OTI,0,0
AGCGGCACACACTATA-1,OTI,0,0
AGCGGCACACCACGGT-1,OTI,1,534
AGCGGCACAGTGGTAA-1,OTI,0,0
AGCGGGAGTACCTGCT-1,OTI,5,256
AGCGGGAGTCAACCTC-1,OTI,1,1
AGCGGGAGTCTACTAT-1,OTI,2,13
AGCGGGAGTGGCTTCT-1,C57BL6,0,0
AGCGGGTAGAGGGTAT-1,OTI,0,0
AGCGGGTAGCCATTGA-1,C57BL6,0,0
AGCGGGTAGCGTACGT-1,OTI,5,51
AGCGGGTAGCTATGTG-1,OTI,0,0
AGCGGGTAGGGCTTCG-1,OTI,1,7
AGCGGGTAGGGGTATG-1,C57BL6,1,6
AGCGGGTAGGTAAGAC-1,C57BL6,0,0
AGCGGTAAGAAGGGTT-1,OTI,1,55
AGCGGTAAGATCGACC-1,C57BL6,3,4
AGCGGTAAGATCTTCC-1,OTI,0,0
AGCGGTAAGCAATGGG-1,C57BL6,0,0
AGCGGTAAGCACTCCC-1,C57BL6,1,8
AGCGGTAAGCATATCG-1,OTI,2,35
AGCGGTAAGCGTGTCG-1,OTI,2,12
AGCGGTAAGCTCGAAC-1,OTI,1,6
AGCGGTAAGGCGCTTG-1,OTI,7,105
AGCGGTCGTACGTTCC-1,OTI,1,23
AGCGGTCGTAGTCTCC-1,OTI,7,161
AGCGGTCGTCTATTGT-1,OTI,4,286
AGCGGTCGTCTTAGCC-1,OTI,1,57
AGCGGTCGTGCTTGGA-1,OTI,2,27
AGCGGTTTCATTACTT-1,C57BL6,0,0
AGCGGTTTCCATTCAC-1,OTI,1,1
AGCGGTTTCCGACTAA-1,OTI,2,71
AGCGGTTTCCGGCGTA-1,OTI,7,37
AGCGGTTTCCTGAACA-1,OTI,5,231
AGCGGTTTCGGCATTA-1,OTI,0,0
AGCGGTTTCGTAGCTA-1,OTI,4,22
AGCGTAACAAAACGGC-1,OTI,1,2
AGCGTAACAAAATGAC-1,OTI,4,37
AGCGTAACAACGCTCA-1,OTI,4,158
AGCGTAACAGGTTGGG-1,OTI,0,0
AGCGTAACAGTCTAAC-1,OTI,1,35
AGCGTAACAGTGCGTC-1,OTI,6,71
AGCGTACTCAATTGGT-1,OTI,2,50
AGCGTACTCACCTCTG-1,OTI,2,9
AGCGTACTCATGGTGC-1,OTI,5,113
AGCGTACTCCTTCGCA-1,OTI,1,10
AGCGTACTCGTAGTTG-1,OTI,3,83
AGCGTAGAGAATACAG-1,C57BL6,0,0
AGCGTAGAGAGACTTT-1,OTI,0,0
AGCGTAGAGATTCGAT-1,OTI,1,9
AGCGTAGAGCATGCGT-1,OTI,2,16
AGCGTAGAGCCGTTAA-1,OTI,2,29
AGCGTAGAGCTACACA-1,C57BL6,0,0
AGCGTAGAGCTACTGA-1,C57BL6,0,0
AGCGTATGTACAGCGC-1,OTI,3,53
AGCGTATGTAGCCTCT-1,C57BL6,0,0
AGCGTATGTATCCGGA-1,OTI,5,68
AGCGTATGTCAACGTG-1,C57BL6,1,27
AGCGTATGTCTTAGCC-1,OTI,0,0
AGCGTATGTGCGCTGG-1,OTI,0,0
AGCGTATGTGCTTCCG-1,C57BL6,0,0
AGCGTCAGTAGTGTGT-1,C57BL6,8,23
AGCGTCAGTCGAGGCT-1,OTI,0,0
AGCGTCAGTCGCTGCC-1,C57BL6,2,19
AGCGTCAGTCTAAATG-1,OTI,10,685
AGCGTCAGTCTATTGT-1,OTI,2,169
AGCGTCAGTGGCAAGG-1,C57BL6,1,2
AGCGTCAGTGGGACTC-1,OTI,1,45
AGCGTCAGTGTACTCC-1,C57BL6,0,0
AGCGTCCCACCTTACC-1,C57BL6,0,0
AGCGTCCCAGCCAATT-1,C57BL6,1,12
AGCGTGAAGAATCTGT-1,C57BL6,0,0
AGCGTGAAGAGGTATA-1,OTI,5,223
AGCGTGAAGCCTATGA-1,OTI,2,86
AGCGTGAAGCTACAAT-1,OTI,2,22
AGCGTGAAGCTATCAG-1,OTI,3,139
AGCGTGCGTAACCGTG-1,C57BL6,0,0
AGCGTGCGTATATCAG-1,OTI,1,4
AGCGTGCGTCATAGGT-1,OTI,2,325
AGCGTGCGTCCTAGAG-1,OTI,1,1
AGCGTGCGTCGACTCT-1,C57BL6,1,8
AGCGTGCGTCTGTACC-1,OTI,10,163
AGCGTGTTCAGGACTC-1,OTI,3,270
AGCGTGTTCCTGAACA-1,OTI,5,38
AGCGTGTTCGCAGTGT-1,C57BL6,1,2
AGCGTTGGTAAAGCGA-1,OTI,0,0
AGCGTTGGTACAGCGC-1,OTI,2,20
AGCGTTGGTACTTCTG-1,C57BL6,0,0
AGCGTTGGTCAGGCGT-1,C57BL6,1,11
AGCGTTGGTCAGTTCC-1,OTI,3,12
AGCGTTGGTCCCTGAT-1,C57BL6,0,0
AGCGTTGGTCTAGGGC-1,C57BL6,0,0
AGCGTTGGTGCGCCTC-1,OTI,3,32
AGCGTTGGTGGCAAGG-1,OTI,4,96
AGCGTTGGTGGCTTGA-1,OTI,1,24
AGCGTTTCAAACCATC-1,C57BL6,0,0
AGCGTTTCAACGGACG-1,OTI,1,6
AGCGTTTCAATGCTCG-1,OTI,1,8
AGCGTTTCAATGGGAC-1,OTI,4,29
AGCGTTTCAATGTGAG-1,C57BL6,5,5
AGCGTTTCAGGCGTAG-1,OTI,2,27
AGCTAATTCATGTCAG-1,C57BL6,0,0
AGCTAATTCGGAAGCA-1,C57BL6,1,5
AGCTAATTCGTTACTC-1,OTI,4,4
AGCTATCCAACTTAGC-1,OTI,0,0
AGCTATCCAAGTCATC-1,C57BL6,1,148
AGCTATCCACATTCAA-1,OTI,1,114
AGCTATCCACGGACCT-1,OTI,1,129
AGCTATCCAGGCTCTA-1,OTI,2,59
AGCTATGTCACATTAA-1,OTI,11,399
AGCTATGTCAGCCCTC-1,C57BL6,0,0
AGCTATGTCCGTAACA-1,C57BL6,1,3
AGCTGAACAAAACCTC-1,OTI,5,393
AGCTGAACAACCCTAG-1,C57BL6,0,0
AGCTGAACAATTGTAT-1,OTI,0,0
AGCTGAACAGTACTCG-1,OTI,2,19
AGCTGAACAGTATCAC-1,OTI,3,182
AGCTGAACAGTGGACG-1,OTI,7,222
AGCTGATGTCCCTCTC-1,OTI,3,107
AGCTGATGTCTAGGTG-1,OTI,2,270
AGCTGATGTGTAAAGG-1,OTI,1,128
AGCTGATGTGTCCCGC-1,C57BL6,0,0
AGCTGATGTGTCGAGC-1,OTI,1,9
AGCTGATGTGTCTAGG-1,C57BL6,0,0
AGCTGCCCAAAATCTT-1,OTI,3,46
AGCTGCCCAATCGTCG-1,C57BL6,4,6
AGCTGCCCAGCATCGC-1,OTI,0,0
AGCTGGCGTAGTGAGA-1,OTI,4,191
AGCTGGCGTCACACTC-1,OTI,3,24
AGCTGGCGTCAGGTGC-1,C57BL6,1,2
AGCTGGCGTCATTTCG-1,C57BL6,0,0
AGCTGGGCAAACATAA-1,OTI,4,204
AGCTGGGCAAGCTGCC-1,C57BL6,2,24
AGCTGGGCAAGTCGCC-1,C57BL6,1,4
AGCTGGGCACACACGC-1,OTI,0,0
AGCTGGGCAGCCAACC-1,OTI,2,27
AGCTGTATCAGCCATA-1,C57BL6,0,0
AGCTGTATCATGCAGC-1,C57BL6,1,8
AGCTGTATCCTACATC-1,C57BL6,2,15
AGCTGTATCCTATTGC-1,OTI,5,106
AGCTGTGGTAAACCGT-1,C57BL6,1,3
AGCTGTGGTACTAATG-1,OTI,1,1
AGCTGTGGTATCAATG-1,C57BL6,0,0
AGCTGTGGTCATATTC-1,OTI,2,456
AGCTGTGGTCATCATT-1,OTI,6,621
AGCTGTGGTCCCTAGT-1,OTI,3,240
AGCTGTGGTGCCCCGT-1,OTI,0,0
AGCTGTGGTGGACCGT-1,OTI,5,608
AGCTGTGGTGGATTGT-1,C57BL6,1,1
AGCTGTGGTGTAGAAG-1,OTI,5,164
AGCTGTGGTGTCTGAG-1,C57BL6,1,19
AGCTTACCAACAACCT-1,OTI,6,127
AGCTTACCAACCTAAC-1,OTI,4,84
AGCTTACCACATAATT-1,OTI,0,0
AGCTTACCACGCTGAC-1,C57BL6,0,0
AGCTTACCAGCATTAC-1,OTI,0,0
AGCTTACCAGCCCAAC-1,C57BL6,1,2
AGCTTACCAGCTAATC-1,C57BL6,0,0
AGCTTACCAGCTACGC-1,OTI,0,0
AGCTTACCAGGTTCAT-1,OTI,2,64
AGCTTAGTCAACAGCC-1,C57BL6,0,0
AGCTTAGTCACGATAT-1,OTI,8,9
AGCTTAGTCACTTAAA-1,OTI,0,0
AGCTTAGTCACTTTCA-1,OTI,2,68
AGCTTAGTCCAAGTAT-1,OTI,3,261
AGCTTAGTCCTGAACA-1,OTI,0,0
AGCTTAGTCGCAAGCT-1,C57BL6,0,0
AGCTTATAGATAACAG-1,OTI,4,132
AGCTTATAGATGCGAG-1,C57BL6,0,0
AGCTTATAGCGCTGTG-1,OTI,2,12
AGCTTATAGCTACAGC-1,C57BL6,0,0
AGCTTATAGCTATAGT-1,OTI,6,196
AGCTTATAGCTATCGA-1,OTI,1,17
AGCTTATAGGGAAACT-1,C57BL6,0,0
AGCTTATAGGGCGAAC-1,OTI,2,10
AGCTTCCGTACGGGTC-1,OTI,7,657
AGCTTCCGTAGACTCG-1,C57BL6,0,0
AGCTTCCGTAGGTATC-1,OTI,9,57
AGCTTCCGTATTATCC-1,OTI,2,30
AGCTTCCGTATTCGGG-1,OTI,2,84
AGCTTCCGTCAGTCTC-1,C57BL6,2,18
AGCTTCCGTCGACAGC-1,OTI,2,53
AGCTTCCGTCGTTCTA-1,OTI,4,354
AGCTTCCGTCTATTGT-1,C57BL6,0,0
AGCTTCCGTGGTCCCC-1,OTI,2,8
AGCTTCGCAATCATTG-1,OTI,4,149
AGCTTCGCACTCTCCG-1,OTI,1,9
AGCTTCGCAGTTGGGG-1,OTI,0,0
AGCTTGCAGACCTGCG-1,OTI,3,196
AGCTTGCAGAGCGGAC-1,OTI,3,24
AGCTTGCAGAGGCCAA-1,OTI,2,22
AGCTTGCAGCACGTAC-1,OTI,5,381
AGCTTGCAGCTTGTGA-1,OTI,2,6
AGCTTGCAGGCACGAA-1,OTI,0,0
AGCTTGCAGGCTTCCC-1,OTI,7,485
AGCTTGCAGGGCCTTG-1,OTI,1,36
AGCTTGGGTACTTGCC-1,OTI,3,30
AGCTTGGGTCACGCGG-1,OTI,0,0
AGCTTGGGTCCTAGAG-1,OTI,3,477
AGCTTTACAAATATTC-1,OTI,3,151
AGCTTTACAACGTGGG-1,OTI,3,297
AGCTTTACAAGCCATT-1,C57BL6,1,9
AGCTTTACACTTATAG-1,OTI,0,0
AGCTTTACAGTTAATT-1,OTI,3,78
AGCTTTGAGAAAGCTA-1,OTI,1,2
AGCTTTGAGATATCAC-1,OTI,6,635
AGCTTTGAGCACTAGC-1,OTI,5,667
AGCTTTGAGCATAACT-1,C57BL6,1,5
AGCTTTGAGCCACTAA-1,C57BL6,0,0
AGCTTTGAGCGCTCGA-1,OTI,3,136
AGCTTTGAGCGGAATG-1,C57BL6,1,1
AGCTTTGAGGTCTAGC-1,OTI,2,54
AGGAAACTCAAAGGGT-1,OTI,5,270
AGGAAACTCAACCAAT-1,OTI,1,188
AGGAAACTCACGACAC-1,C57BL6,0,0
AGGAAACTCATTATCT-1,OTI,2,8
AGGAAACTCCGTCGTC-1,C57BL6,0,0
AGGAAACTCGTAGCGT-1,OTI,11,759
AGGAAATGTAAACGGA-1,OTI,4,156
AGGAAATGTAAAGCCT-1,OTI,0,0
AGGAAATGTACCTATT-1,C57BL6,5,7
AGGAAATGTCCTGTCG-1,OTI,0,0
AGGAAATGTGCACTCT-1,C57BL6,0,0
AGGAAATGTGGGTGAG-1,C57BL6,1,7
AGGAATATCACAACTG-1,C57BL6,1,6
AGGAATATCACACACA-1,OTI,0,0
AGGAATATCACGCTAA-1,OTI,2,7
AGGAATATCATCGGGT-1,OTI,0,0
AGGAATATCATGGTCA-1,OTI,0,0
AGGAATATCATGGTGC-1,OTI,0,0
AGGAATATCCCTGAAA-1,OTI,3,66
AGGAATATCCGAATGC-1,OTI,2,83
AGGAATATCCTCTAGT-1,OTI,3,1061
AGGAATATCGCACGTG-1,OTI,3,42
AGGAATATCGCACTCC-1,OTI,0,0
AGGAATGGTAAGCGTT-1,OTI,3,97
AGGAATGGTAAGGTAG-1,C57BL6,0,0
AGGAATGGTACCTGTC-1,OTI,4,80
AGGAATGGTAGGTTGT-1,C57BL6,1,3
AGGAATGGTCATACCC-1,OTI,1,5
AGGAATGGTCTAATCT-1,OTI,1,9
AGGAATGGTGCTTCCG-1,OTI,2,8
AGGAATGGTGGATTCG-1,C57BL6,0,0
AGGAATTCAAACCCAT-1,OTI,2,39
AGGAATTCAACTCGAT-1,OTI,0,0
AGGAATTCACAGGCGA-1,OTI,1,9
AGGAATTCACCACACA-1,OTI,8,711
AGGAATTCACGCACGT-1,OTI,0,0
AGGAATTCACTTAAAT-1,OTI,3,28
AGGAATTCAGCGAATA-1,OTI,2,252
AGGAATTCAGTGGCAG-1,OTI,3,20
AGGACACCACACTCAG-1,OTI,7,374
AGGACACCACTGCACA-1,OTI,5,432
AGGACACCAGGAGTTA-1,C57BL6,0,0
AGGACACCAGTACGCC-1,OTI,5,421
AGGACATAGACCATGC-1,OTI,0,0
AGGACATAGCATTCGA-1,C57BL6,0,0
AGGACATAGCCGCTAG-1,C57BL6,0,0
AGGACATAGCTATAAC-1,C57BL6,1,4
AGGACATAGCTTGATG-1,C57BL6,1,5
AGGACATAGGTCCGCA-1,OTI,2,18
AGGACATAGGTTGTAT-1,C57BL6,0,0
AGGACCAAGAATGGGT-1,C57BL6,4,4
AGGACCAAGACAGCGA-1,OTI,3,176
AGGACCAAGACATCCA-1,OTI,0,0
AGGACCAAGAGCTTAT-1,OTI,0,0
AGGACCAAGAGGGATT-1,OTI,3,91
AGGACCAAGCAGCTGT-1,OTI,2,8
AGGACCAAGCATATGT-1,OTI,6,552
AGGACCAAGCCTCACC-1,OTI,2,53
AGGACCAAGCTACGCG-1,OTI,0,0
AGGACCCGTAGTCCGA-1,C57BL6,0,0
AGGACCCGTCTAACCC-1,OTI,3,18
AGGACCCGTCTATTCG-1,OTI,0,0
AGGACCCGTGGGACTC-1,OTI,2,9
AGGACCGCAACCATCG-1,OTI,5,167
AGGACCGCAAGTAAAC-1,OTI,4,139
AGGACCGCAAGTTAGG-1,OTI,2,39
AGGACCGCACAGCAGG-1,OTI,2,3
AGGACCGCAGGGCTCT-1,OTI,2,10
AGGACGCAGAACCATT-1,OTI,9,369
AGGACGCAGCACCCGA-1,OTI,6,227
AGGACGCAGCCGCAAT-1,OTI,7,67
AGGACGCAGCGCGTCA-1,C57BL6,1,4
AGGACGCAGGCAAAGT-1,OTI,1,26
AGGACGGGTACCCGTT-1,OTI,4,41
AGGACGGGTAGAGATG-1,OTI,3,114
AGGACGGGTCGGGTTA-1,OTI,4,127
AGGACGGGTCTAATCT-1,OTI,1,41
AGGACTACAAAGGCAC-1,OTI,4,4
AGGACTACAAGTCGAA-1,OTI,2,134
AGGACTACAATTCGGT-1,OTI,1,91
AGGACTACACATGCCA-1,OTI,6,307
AGGACTACACCTCTTA-1,OTI,0,0
AGGACTACACTGCAAT-1,OTI,4,52
AGGACTACACTTAAAT-1,OTI,1,15
AGGACTACAGGGCTAG-1,OTI,1,2
AGGACTACAGTTCGCA-1,C57BL6,0,0
AGGACTCTCAGAATAG-1,OTI,1,3
AGGACTCTCATAACTA-1,OTI,2,70
AGGACTCTCATGTCAG-1,OTI,2,30
AGGACTCTCCAATACG-1,OTI,3,46
AGGACTCTCGCGTAAC-1,OTI,3,99
AGGACTCTCGCTTCGC-1,OTI,10,338
AGGACTTGTATAAGGG-1,OTI,5,65
AGGACTTGTATTGCTT-1,OTI,3,83
AGGACTTGTCATGGAT-1,OTI,0,0
AGGACTTGTCCAGAAT-1,OTI,3,86
AGGACTTGTCGGGTAC-1,OTI,0,0
AGGACTTGTCGTTCTA-1,C57BL6,0,0
AGGACTTGTGCACAGC-1,C57BL6,0,0
AGGACTTGTGCTCCTG-1,OTI,0,0
AGGACTTGTGGCGAAG-1,OTI,0,0
AGGACTTGTGGTAGGG-1,C57BL6,1,3
AGGAGCCAGAAAGGAG-1,OTI,7,137
AGGAGCCAGAACGACG-1,OTI,4,65
AGGAGCCAGCATGCGT-1,OTI,0,0
AGGAGCCAGCCCACGA-1,OTI,3,50
AGGAGCCAGGTCTGCG-1,OTI,2,145
AGGAGGACAAACCGAA-1,C57BL6,0,0
AGGAGGACAACGGCAG-1,C57BL6,2,12
AGGAGGTGTAAAGCCT-1,C57BL6,0,0
AGGAGGTGTAAGTTTG-1,C57BL6,0,0
AGGAGGTGTACCTAGG-1,C57BL6,0,0
AGGAGGTGTAGCCTTC-1,C57BL6,1,7
AGGAGGTGTATGCGCA-1,OTI,2,98
AGGAGGTGTCTTCTCT-1,OTI,4,37
AGGAGGTGTGCAAGCC-1,OTI,3,35
AGGAGGTGTGCACTCT-1,C57BL6,0,0
AGGAGGTGTGTGTGCA-1,OTI,5,644
AGGAGTAGTAACTTCT-1,OTI,4,95
AGGAGTAGTAAGTCCG-1,OTI,0,0
AGGAGTAGTCTATGGG-1,OTI,2,78
AGGAGTAGTGCTAAGT-1,OTI,5,60
AGGAGTTAGATTCAAC-1,OTI,0,0
AGGAGTTAGCATAGCC-1,OTI,0,0
AGGATAGGTAGCCAGC-1,OTI,0,0
AGGATAGGTATTATCC-1,OTI,4,122
AGGATAGGTCAGGCCG-1,OTI,4,68
AGGATAGGTGGGGAAT-1,OTI,0,0
AGGATATCAAATCCCG-1,OTI,0,0
AGGATATCAACCCCAA-1,C57BL6,3,11
AGGATATCAAGCGTCC-1,OTI,2,5
AGGATATCAATGCGGG-1,OTI,3,44
AGGATATCAATGGGAC-1,OTI,1,9
AGGATATCACATGGGG-1,C57BL6,1,2
AGGATATCACCCATTC-1,C57BL6,0,0
AGGATATCAGCTACAT-1,OTI,6,31
AGGATATCAGTGCTCA-1,OTI,0,0
AGGATCACAATCCGCA-1,C57BL6,4,5
AGGATCACAATTGTAT-1,C57BL6,0,0
AGGATCACACAATCCG-1,OTI,2,15
AGGATCACACAGTTCG-1,OTI,5,928
AGGATCACAGGAAAGG-1,C57BL6,1,3
AGGATCACAGGGAGAA-1,OTI,2,34
AGGATTAAGACGGCAA-1,OTI,5,137
AGGATTAAGAGTGATA-1,C57BL6,0,0
AGGATTAAGCTTGTGA-1,OTI,2,49
AGGATTAAGGCATCAC-1,C57BL6,1,6
AGGATTAAGGCGGTAA-1,OTI,8,239
AGGATTCGTAAGTTTG-1,C57BL6,2,60
AGGATTCGTAATGTTG-1,OTI,1,2
AGGATTCGTACGTGCA-1,OTI,7,256
AGGATTCGTCAAGTTA-1,OTI,1,14
AGGATTCGTCACACTC-1,OTI,0,0
AGGATTCGTCCTATTG-1,OTI,1,39
AGGATTCGTCCTTGTA-1,OTI,0,0
AGGATTCGTCTAAAGC-1,OTI,0,0
AGGATTCGTCTAGTAA-1,OTI,0,0
AGGATTCGTCTGTCCG-1,OTI,0,0
AGGCACAAGAAACCAA-1,C57BL6,0,0
AGGCACAAGAACTCAT-1,C57BL6,0,0
AGGCACAAGACAATTC-1,C57BL6,0,0
AGGCACAAGACGGGGT-1,C57BL6,1,4
AGGCACAAGATCGACC-1,OTI,3,16
AGGCACAAGCTACAGC-1,OTI,2,8
AGGCACAAGCTCGTTT-1,C57BL6,0,0
AGGCACAAGGCAACAG-1,C57BL6,1,4
AGGCACAAGGCGAATG-1,OTI,2,34
AGGCACGCAAATTCCA-1,OTI,3,30
AGGCACGCAACCTGCA-1,OTI,4,4
AGGCACGCAATGAAAC-1,C57BL6,2,54
AGGCACGCACAATACC-1,C57BL6,1,1
AGGCACGCACGTTAGT-1,OTI,4,140
AGGCACTTCACTCGTT-1,OTI,2,116
AGGCACTTCACTTAAA-1,OTI,3,11
AGGCACTTCGGTCGCA-1,OTI,6,8
AGGCAGCAGAACTTCG-1,OTI,1,15
AGGCAGCAGAATGCCC-1,OTI,0,0
AGGCAGCAGAGAGGTT-1,OTI,1,22
AGGCAGCAGAGTATAG-1,OTI,8,589
AGGCAGCAGCGTACGT-1,C57BL6,3,88
AGGCAGCAGGCTCATA-1,C57BL6,0,0
AGGCAGGGTACACCCT-1,OTI,8,64
AGGCAGGGTACGCGCG-1,C57BL6,0,0
AGGCAGGGTCAATGTA-1,OTI,6,132
AGGCAGGGTCAGCAAT-1,C57BL6,0,0
AGGCAGGGTCTTGTCA-1,C57BL6,0,0
AGGCAGGGTGCATTCC-1,C57BL6,0,0
AGGCAGGGTGGTGGAG-1,OTI,1,4
AGGCATTGTAAAGCGA-1,OTI,3,106
AGGCATTGTACAAGGA-1,OTI,0,0
AGGCATTGTATCCGTC-1,C57BL6,1,4
AGGCATTGTCGAGGGA-1,OTI,0,0
AGGCATTGTCTTATGT-1,OTI,0,0
AGGCATTGTGGTTAGT-1,OTI,8,215
AGGCCAAAGAAGGTGT-1,C57BL6,1,8
AGGCCAAAGAGAATCA-1,OTI,4,67
AGGCCAAAGGTCCTTT-1,C57BL6,0,0
AGGCCAAAGGTTATGT-1,OTI,1,36
AGGCCATTCAATTATG-1,C57BL6,1,3
AGGCCATTCACATTGG-1,OTI,1,1
AGGCCATTCACCACAA-1,C57BL6,0,0
AGGCCATTCACGCATA-1,OTI,0,0
AGGCCATTCACTGGCG-1,OTI,2,27
AGGCCATTCAGCGTGT-1,OTI,0,0
AGGCCATTCAGTATGT-1,OTI,5,131
AGGCCATTCCATCGCC-1,OTI,2,34
AGGCCATTCCCGTGTC-1,C57BL6,4,24
AGGCCCATCCTCGCTA-1,C57BL6,1,19
AGGCCCATCGGCAATC-1,C57BL6,0,0
AGGCCCATCGGGCAAA-1,OTI,2,177
AGGCCCATCGGGGTAA-1,C57BL6,2,42
AGGCCCGGTAAGGAAT-1,OTI,0,0
AGGCCCGGTATCCGCT-1,OTI,6,185
AGGCCCGGTCTTGGAG-1,OTI,3,133
AGGCCGACAACTGCAT-1,OTI,3,15
AGGCCGACAATCCCGA-1,OTI,2,341
AGGCCGACAATTGCTA-1,OTI,2,28
AGGCCGACACGTAACT-1,C57BL6,1,2
AGGCCGACACTAAATT-1,OTI,2,40
AGGCCGACAGCAAGAC-1,C57BL6,4,6
AGGCCGACAGTATGCT-1,OTI,4,64
AGGCCGACAGTGAAGC-1,C57BL6,0,0
AGGCCGTGTACAAGAG-1,OTI,5,46
AGGCCGTGTACCACAG-1,OTI,0,0
AGGCCGTGTGCGTATG-1,OTI,3,17
AGGCCGTGTGCTTCCG-1,OTI,5,194
AGGCGACAGACCCCGA-1,C57BL6,0,0
AGGCGACAGAGCGTAG-1,OTI,4,232
AGGCGACAGATGGGTG-1,OTI,1,86
AGGCGACAGCCGTGAT-1,C57BL6,0,0
AGGCGACAGCCTTGCC-1,OTI,4,186
AGGCGACAGGCTAACC-1,C57BL6,1,1
AGGCGACAGGTTCGAC-1,OTI,1,9
AGGCGCACAACGTAAG-1,OTI,6,174
AGGCGCACAAGTGTCT-1,OTI,3,136
AGGCGCACAATGCACT-1,C57BL6,0,0
AGGCGCACAATTACGC-1,OTI,1,120
AGGCGCACACGAATCT-1,OTI,3,119
AGGCGCACACGGACCT-1,OTI,4,283
AGGCGCACACGTTCAG-1,OTI,2,23
AGGCGCTGTATCCCCG-1,OTI,4,596
AGGCGCTGTCCAGGGT-1,OTI,1,4
AGGCGCTGTCGCTTCG-1,OTI,1,13
AGGCGCTGTGCCATTC-1,OTI,0,0
AGGCGCTGTGTCTGAG-1,OTI,4,22
AGGCGGAGTACATTCT-1,C57BL6,1,5
AGGCGGAGTAGTGAGA-1,C57BL6,0,0
AGGCGGAGTATCCCTA-1,C57BL6,1,21
AGGCGGAGTCCAGTGA-1,OTI,2,39
AGGCGGAGTCTTAGGG-1,C57BL6,0,0
AGGCGGTAGAAACGCG-1,OTI,1,10
AGGCGGTAGAGGACAT-1,OTI,0,0
AGGCGGTAGCAAATGA-1,OTI,4,145
AGGCGGTAGCAAGGCA-1,OTI,2,57
AGGCGGTAGCCAAACC-1,C57BL6,3,58
AGGCGGTAGCCAAATT-1,OTI,0,0
AGGCGGTAGCTGATTG-1,OTI,0,0
AGGCGGTAGGTAAGGT-1,OTI,3,9
AGGCGGTAGGTAGCTC-1,C57BL6,0,0
AGGCGTAAGAAGCTAA-1,OTI,3,65
AGGCGTAAGACCTTTC-1,C57BL6,2,14
AGGCGTAAGAGGCGAC-1,OTI,6,115
AGGCGTAAGATTAAGG-1,OTI,3,15
AGGCGTAAGCACTGCG-1,C57BL6,1,5
AGGCGTAAGCCATGGT-1,OTI,4,446
AGGCGTAAGCTCGTGG-1,C57BL6,0,0
AGGCGTAAGCTGTACA-1,C57BL6,0,0
AGGCGTAAGGGAGTAT-1,C57BL6,0,0
AGGCTCAGTAACCGCA-1,OTI,6,182
AGGCTCAGTATTGCGG-1,C57BL6,0,0
AGGCTCAGTCGACCCC-1,OTI,8,189
AGGCTCAGTGTATCTT-1,C57BL6,0,0
AGGCTCCCAAAAGTTA-1,OTI,1,13
AGGCTCCCAAACACTC-1,OTI,2,17
AGGCTCCCAAACGGCG-1,C57BL6,2,9
AGGCTCCCAAGTATAA-1,OTI,3,67
AGGCTCCCACACTACG-1,C57BL6,0,0
AGGCTCCCACATGTCG-1,OTI,0,0
AGGCTCCCAGTCAACT-1,OTI,5,181
AGGCTCGTCAGCTATG-1,OTI,2,46
AGGCTCGTCATAACGT-1,OTI,2,155
AGGCTCGTCATACAAC-1,OTI,5,154
AGGCTCGTCATTGGCA-1,C57BL6,1,2
AGGCTCGTCGTGAACC-1,OTI,2,6
AGGCTGAAGACGGAGC-1,C57BL6,0,0
AGGCTGAAGATTGGTT-1,C57BL6,0,0
AGGCTGAAGCATGGTC-1,C57BL6,0,0
AGGCTGAAGCATTAAC-1,OTI,4,620
AGGCTGTTCAAAGGGT-1,OTI,5,135
AGGCTGTTCACGGTTA-1,OTI,2,185
AGGCTGTTCATATCCC-1,OTI,4,55
AGGCTGTTCCAAGCGT-1,OTI,0,0
AGGCTGTTCCAGCTCC-1,OTI,4,70
AGGCTGTTCCATCGTT-1,OTI,1,3
AGGCTGTTCCCTAGGG-1,OTI,7,757
AGGCTGTTCCTGGGCA-1,OTI,5,56
AGGCTGTTCGCAGTGT-1,OTI,3,66
AGGCTTATCAACTCTC-1,OTI,1,2
AGGCTTATCACCAACA-1,OTI,2,87
AGGCTTATCATGGAAA-1,OTI,1,2
AGGCTTATCATGGACC-1,OTI,5,14
AGGCTTATCATGTAGT-1,OTI,4,410
AGGCTTATCCATATGG-1,C57BL6,0,0
AGGCTTATCCGGGATT-1,C57BL6,0,0
AGGCTTATCGCTCCTA-1,OTI,1,6
AGGCTTGGTATCCAGG-1,C57BL6,0,0
AGGCTTGGTCGAGGCT-1,OTI,1,39
AGGCTTGGTCTCATAT-1,C57BL6,0,0
AGGCTTGGTGGGGATG-1,OTI,6,102
AGGCTTGGTGTGGATT-1,OTI,4,148
AGGGACATCAACGTGC-1,OTI,0,0
AGGGACATCCAAGTGC-1,OTI,1,5
AGGGACATCCGAGCAT-1,OTI,2,23
AGGGACATCCGATAGC-1,OTI,0,0
AGGGACATCCTTCATA-1,OTI,3,42
AGGGACATCGCAAGCT-1,OTI,2,84
AGGGACCAGATTAAGG-1,OTI,1,9
AGGGACCAGCCTTAGA-1,OTI,4,156
AGGGACCAGGCATCGT-1,C57BL6,0,0
AGGGACTCAAGAGGGA-1,OTI,6,152
AGGGACTCAATGCGCC-1,OTI,4,77
AGGGACTCACAAGTAG-1,OTI,4,1171
AGGGACTCACTAGGGG-1,OTI,1,3
AGGGACTCACTGATTA-1,OTI,21,83
AGGGACTCACTTCGTC-1,C57BL6,1,1
AGGGACTCAGTATCAC-1,C57BL6,1,2
AGGGAGTGTACTAAGC-1,C57BL6,2,11
AGGGAGTGTACTGCAG-1,OTI,4,110
AGGGAGTGTAGACGTT-1,OTI,3,841
AGGGAGTGTATGTCTT-1,C57BL6,0,0
AGGGAGTGTCACGCCC-1,OTI,3,56
AGGGAGTGTCATACCC-1,OTI,0,0
AGGGAGTGTCATCTAT-1,OTI,5,77
AGGGAGTGTGTTACCC-1,OTI,3,108
AGGGATTAGAAGGCTG-1,OTI,1,2
AGGGATTAGACAGAAC-1,OTI,8,136
AGGGATTAGAGGTACG-1,OTI,1,6
AGGGATTAGAGTATTC-1,OTI,2,9
AGGGATTAGATGGTAA-1,OTI,0,0
AGGGATTAGCCCAAGT-1,OTI,2,105
AGGGATTAGCGTGAGA-1,OTI,1,3
AGGGATTAGCGTTGCG-1,C57BL6,1,2
AGGGATTAGGCAGTGA-1,OTI,1,9
AGGGCAATCCAGCTCC-1,OTI,6,224
AGGGCAATCGTCGTAA-1,C57BL6,1,6
AGGGCATCACACAGCC-1,C57BL6,0,0
AGGGCATCACCATACG-1,OTI,2,41
AGGGCATCAGGCATAA-1,C57BL6,1,6
AGGGCGAGTAACTGCG-1,OTI,3,39
AGGGCGAGTATGCGAT-1,OTI,4,8
AGGGCGAGTATTGCCC-1,C57BL6,0,0
AGGGCGAGTCGCGGAT-1,OTI,1,26
AGGGCGAGTCGTCAGA-1,C57BL6,0,0
AGGGCGAGTGCGGAGA-1,C57BL6,0,0
AGGGCGTAGATCTCGA-1,OTI,3,45
AGGGCGTAGCATGTTG-1,OTI,4,168
AGGGCTTTCAACTCTC-1,C57BL6,0,0
AGGGCTTTCATTGTGG-1,C57BL6,2,26
AGGGCTTTCCAACTTC-1,OTI,1,84
AGGGCTTTCCAGCAAC-1,OTI,1,41
AGGGCTTTCGCAACTA-1,OTI,2,19
AGGGGAACAAAACCAG-1,OTI,2,233
AGGGGAACAACGTCGC-1,OTI,3,19
AGGGGAACACATGCCA-1,C57BL6,1,290
AGGGGAACACATGCGC-1,OTI,3,180
AGGGGAACACCTGCAA-1,OTI,2,18
AGGGGAACACTCCACT-1,C57BL6,0,0
AGGGGAACAGCGTGCT-1,OTI,0,0
AGGGGAACAGGGATTA-1,OTI,3,651
AGGGGATGTAACTTCT-1,OTI,2,272
AGGGGATGTAATTGTG-1,C57BL6,0,0
AGGGGATGTACGTTCC-1,OTI,0,0
AGGGGATGTATACGGT-1,OTI,1,9
AGGGGATGTATTCAGA-1,OTI,0,0
AGGGGATGTCCATATT-1,OTI,1,7
AGGGGATGTCGGTTCT-1,C57BL6,0,0
AGGGGATGTCGTAGAT-1,OTI,1,46
AGGGGATGTCGTCTTA-1,C57BL6,0,0
AGGGGATGTGCTACAG-1,OTI,9,92
AGGGGATGTGTCCATC-1,OTI,2,211
AGGGGCAGTATGGGCC-1,OTI,0,0
AGGGGCAGTCGGTTAG-1,OTI,6,256
AGGGGCTAGAACTAGA-1,OTI,4,80
AGGGGCTAGACTGCGT-1,C57BL6,0,0
AGGGGCTAGAGTAAGC-1,C57BL6,0,0
AGGGGCTAGCCAAATT-1,OTI,0,0
AGGGGCTAGGCACCAT-1,C57BL6,1,2
AGGGGCTAGGCATTCA-1,C57BL6,1,1
AGGGGTATCAAGGGGC-1,OTI,1,6
AGGGGTATCAGCGCAT-1,OTI,2,140
AGGGGTATCCAGCAGT-1,OTI,6,104
AGGGGTATCCATATGG-1,C57BL6,0,0
AGGGGTATCCGCTAAA-1,OTI,0,0
AGGGGTATCCTAGTTC-1,C57BL6,0,0
AGGGGTATCCTCATTA-1,OTI,1,6
AGGGGTATCCTGTCAT-1,C57BL6,0,0
AGGGGTATCCTGTTCG-1,OTI,0,0
AGGGGTCAGAACGACG-1,C57BL6,0,0
AGGGGTCAGAGTACGG-1,OTI,3,45
AGGGGTCAGAGTCCCG-1,C57BL6,0,0
AGGGGTCAGCGCGTCA-1,C57BL6,2,27
AGGGGTCAGCTAGCTA-1,OTI,0,0
AGGGGTCAGGTAGCTC-1,C57BL6,0,0
AGGGGTCAGGTTGTAT-1,OTI,6,166
AGGGTAAGTAATCTCT-1,OTI,1,12
AGGGTAAGTACAAGTC-1,OTI,5,83
AGGGTAAGTACTATGA-1,OTI,6,109
AGGGTAAGTCAGCCTT-1,OTI,2,74
AGGGTAAGTCCAGTTC-1,C57BL6,0,0
AGGGTAAGTGCCTGGG-1,OTI,3,36
AGGGTAAGTGGATGGG-1,OTI,1,3
AGGGTAAGTGGCCCCT-1,C57BL6,0,0
AGGGTAAGTGGTGTCA-1,OTI,3,758
AGGGTAAGTGTGCCGG-1,OTI,2,2
AGGGTATAGAAAGCCG-1,OTI,6,263
AGGGTATAGATTCACG-1,OTI,5,122
AGGGTATAGCCTCACC-1,OTI,0,0
AGGGTATAGGCGTCAT-1,OTI,1,167
AGGGTCGCAAAGGGAG-1,OTI,0,0
AGGGTCGCAACGAGAC-1,OTI,3,145
AGGGTCGCACGCCTAA-1,OTI,0,0
AGGGTCTTCAAAGGTA-1,C57BL6,0,0
AGGGTCTTCGGGTTCG-1,OTI,1,1
AGGGTCTTCGTACGTA-1,C57BL6,0,0
AGGGTGCAGAGACGAT-1,OTI,3,90
AGGGTGCAGAGGCGAC-1,OTI,4,101
AGGGTGCAGCATTGCA-1,C57BL6,0,0
AGGGTGCAGCCAAACC-1,C57BL6,0,0
AGGGTGCAGCCTGTGG-1,OTI,2,29
AGGGTGCAGCTACGAC-1,OTI,3,182
AGGGTGCAGCTCCTCA-1,OTI,3,163
AGGGTGCAGGCGTGAA-1,C57BL6,0,0
AGGGTGCAGGGGTAGC-1,C57BL6,1,95
AGGGTGCAGGTTGTGC-1,OTI,4,368
AGGGTTCTCACAATAC-1,C57BL6,1,39
AGGGTTCTCACCTTAC-1,OTI,5,56
AGGGTTCTCAGGACTC-1,OTI,2,222
AGGGTTCTCCGGTTAA-1,OTI,6,93
AGGGTTCTCGGCTCCT-1,OTI,1,10
AGGGTTCTCGGTCAAC-1,OTI,1,1
AGGTAAATCACAGCGT-1,C57BL6,1,3
AGGTAAATCACGACTA-1,OTI,6,34
AGGTAAATCAGACTCA-1,C57BL6,2,13
AGGTAAATCAGTACTG-1,OTI,2,99
AGGTAAATCATGGTCA-1,C57BL6,2,17
AGGTAAATCCCACTCA-1,C57BL6,0,0
AGGTAAATCCTGTACT-1,C57BL6,0,0
AGGTAAATCGGAAAGT-1,OTI,2,11
AGGTAAATCGTGGCAT-1,OTI,3,70
AGGTAACAGAGGTGAT-1,C57BL6,1,7
AGGTAACAGATAAGCA-1,C57BL6,2,198
AGGTAACAGATCTGCA-1,OTI,1,6
AGGTAACAGCATCGCG-1,C57BL6,0,0
AGGTAACAGGCCATGT-1,C57BL6,0,0
AGGTAACAGGGTGATG-1,OTI,5,115
AGGTAACAGGTCTGCG-1,OTI,4,59
AGGTAAGGTATCTGTT-1,OTI,5,224
AGGTAAGGTATGGGCC-1,OTI,6,218
AGGTAAGGTCACGCTT-1,C57BL6,0,0
AGGTAAGGTCGTCGGG-1,OTI,3,65
AGGTAAGGTCTAAATG-1,OTI,2,13
AGGTAAGGTGCCTATC-1,C57BL6,0,0
AGGTAAGGTGCTTCTA-1,OTI,1,80
AGGTAAGGTGGTGTCA-1,OTI,4,246
AGGTAAGGTGTGGCGT-1,C57BL6,6,6
AGGTAATCAAAACCGA-1,OTI,0,0
AGGTAATCACCGCATA-1,OTI,1,44
AGGTAATCACGCATCA-1,C57BL6,0,0
AGGTAATCACGGCTTA-1,OTI,3,231
AGGTAATCAGCGGACA-1,OTI,3,51
AGGTACGAGACCCGAT-1,OTI,1,3
AGGTACGAGACTAATC-1,OTI,1,77
AGGTACGAGAGTAATG-1,OTI,5,93
AGGTACGAGCAGCGTT-1,OTI,5,19
AGGTACGAGCATGTTG-1,C57BL6,1,7
AGGTACGAGCGTTAGC-1,OTI,2,158
AGGTACGAGGCTTAAT-1,OTI,7,87
AGGTATAAGAAGGCTG-1,C57BL6,1,19
AGGTATAAGCAATGCC-1,OTI,7,278
AGGTATAAGCACAGGA-1,C57BL6,1,10
AGGTATAAGCACCTCC-1,C57BL6,0,0
AGGTATAAGCTGGTTA-1,OTI,0,0
AGGTATAAGGCCTGCA-1,C57BL6,1,9
AGGTATAAGGCTCGTG-1,OTI,0,0
AGGTATCGTAACCGTG-1,OTI,3,144
AGGTATCGTACAGTTA-1,OTI,3,71
AGGTATCGTACGCCGG-1,C57BL6,0,0
AGGTATCGTATCTCGC-1,OTI,2,23
AGGTATCGTATGCCTC-1,OTI,2,52
AGGTATCGTCTGGCCC-1,OTI,1,6
AGGTATCGTGGCCTGG-1,OTI,8,136
AGGTATCGTGTGAAAG-1,C57BL6,0,0
AGGTATCGTGTTCATT-1,OTI,5,45
AGGTGATAGCAAAGGT-1,OTI,3,228
AGGTGATAGCACTGTA-1,C57BL6,0,0
AGGTGATAGCGTAATT-1,C57BL6,6,12
AGGTGATAGCGTACCG-1,C57BL6,0,0
AGGTGATAGGCTCGAT-1,C57BL6,2,22
AGGTGATAGGCTGTCG-1,OTI,4,25
AGGTGTCTCCTTGTAC-1,OTI,1,29
AGGTGTCTCGTACGTA-1,OTI,0,0
AGGTGTCTCGTCCAAA-1,C57BL6,0,0
AGGTTAAAGAAACTAG-1,OTI,4,245
AGGTTAAAGAATGGCG-1,OTI,4,162
AGGTTAAAGAATGTAG-1,OTI,1,23
AGGTTAAAGCCCAACG-1,OTI,1,2
AGGTTAAAGCTACGCG-1,OTI,1,8
AGGTTAAAGCTCGAAC-1,OTI,4,52
AGGTTAAAGGGCTTCG-1,C57BL6,0,0
AGGTTAGCAACTGAAG-1,OTI,3,38
AGGTTAGCACACTGCA-1,OTI,1,123
AGGTTAGCACGTATCG-1,OTI,1,1
AGGTTAGCAGCAAGAC-1,OTI,1,8
AGGTTAGCAGTGGCGA-1,OTI,6,188
AGGTTCATCAAATCCG-1,OTI,0,0
AGGTTCATCACATATA-1,OTI,6,68
AGGTTCATCAGTATCG-1,OTI,7,166
AGGTTCATCATACGTG-1,OTI,6,194
AGGTTCATCCATTCCG-1,OTI,0,0
AGGTTCATCCTGCACC-1,OTI,0,0
AGGTTCATCCTTAGTC-1,C57BL6,0,0
AGGTTCATCGCAAGTC-1,OTI,1,27
AGGTTCATCGCACCTC-1,C57BL6,0,0
AGGTTCGGTAGACGTT-1,OTI,1,18
AGGTTCGGTAGAGTGA-1,C57BL6,0,0
AGGTTCGGTATCGCGA-1,OTI,2,64
AGGTTCGGTCGGAATT-1,OTI,1,1
AGGTTCGGTCTACAGG-1,OTI,1,12
AGGTTCGGTCTTAGGG-1,C57BL6,0,0
AGGTTCGGTGCTTCGT-1,C57BL6,1,6
AGGTTCGGTGGAACGG-1,OTI,4,175
AGGTTCTCAAAGTAAC-1,OTI,3,211
AGGTTCTCAACATACC-1,OTI,0,0
AGGTTCTCAACGGTCC-1,OTI,6,21
AGGTTCTCACAATCAC-1,C57BL6,6,8
AGGTTCTCACAGCGGA-1,OTI,1,13
AGGTTCTCACCTACGA-1,OTI,2,47
AGGTTCTCACTCCTAC-1,C57BL6,0,0
AGGTTCTCACTTAGTA-1,OTI,5,104
AGGTTCTCAGTGCACC-1,OTI,1,14
AGGTTGGAGATGGTTT-1,OTI,2,6
AGGTTGGAGCCTAAGC-1,OTI,1,23
AGGTTGGAGCGACCAT-1,OTI,4,113
AGGTTGGAGCGATGAG-1,OTI,0,0
AGGTTGGAGGCCCAAT-1,OTI,1,116
AGGTTGGAGGGAGCGT-1,C57BL6,3,20
AGGTTGTGTATATCAG-1,C57BL6,0,0
AGGTTGTGTCCTCATA-1,OTI,1,26
AGGTTGTGTCGTCTGT-1,OTI,1,42
AGGTTGTGTGGAGCTC-1,C57BL6,0,0
AGGTTGTGTGTGCCTT-1,C57BL6,1,5
AGGTTGTGTGTGTCAG-1,OTI,5,43
AGGTTTAGTCAGGGTC-1,OTI,1,3
AGGTTTAGTCCAACCT-1,OTI,3,261
AGGTTTAGTGCTTCTA-1,OTI,2,79
AGGTTTAGTGGGTTAT-1,OTI,1,21
AGGTTTAGTGTCCGGG-1,C57BL6,0,0
AGGTTTAGTGTGTTCC-1,OTI,2,15
AGGTTTCCAAAAGGAA-1,OTI,2,149
AGGTTTCCAAACCAGA-1,OTI,3,23
AGGTTTCCAAATATAG-1,OTI,1,9
AGGTTTCCAACAGTCT-1,OTI,9,400
AGGTTTCCAACATACC-1,OTI,2,4
AGGTTTCCAACTTAGC-1,OTI,4,104
AGGTTTCCACGGGTAG-1,OTI,1,538
AGTAAACCAAAGTGCA-1,OTI,4,210
AGTAAACCAATGGTCT-1,C57BL6,2,13
AGTAAACCAGGGTCTC-1,OTI,0,0
AGTAAACCAGTCAATC-1,OTI,4,388
AGTAAAGTCGTCTTAC-1,OTI,0,0
AGTAAAGTCGTTCATC-1,OTI,1,5
AGTAACGCAACTGAGA-1,OTI,0,0
AGTAACGCAAGGTTAG-1,C57BL6,0,0
AGTAACGCACGCAGCT-1,OTI,2,77
AGTAACGCAGGCACTC-1,OTI,2,48
AGTAACGCAGTTCACG-1,OTI,2,23
AGTAAGCAGATACAAG-1,OTI,1,5
AGTAAGCAGCATCAAT-1,OTI,0,0
AGTAAGCAGCCTCGTC-1,C57BL6,0,0
AGTAAGCAGCCTTGCC-1,OTI,4,187
AGTAAGCAGGCTCAGT-1,OTI,3,328
AGTAAGCAGGGCTGAA-1,OTI,3,72
AGTAAGGGTACCTATT-1,C57BL6,0,0
AGTAAGGGTCAGTCAG-1,C57BL6,3,5
AGTAAGGGTCGGGCAT-1,OTI,0,0
AGTAAGGGTCTAGCTC-1,OTI,0,0
AGTAATCTCACACGTA-1,OTI,0,0
AGTAATCTCCCGACTC-1,C57BL6,1,1
AGTAATCTCGGCCTTC-1,OTI,0,0
AGTAATGAGAGCTTGC-1,C57BL6,0,0
AGTAATGAGCAAGACG-1,OTI,6,185
AGTAATGAGCGTTGTA-1,OTI,5,187
AGTAATGAGGGGCGAT-1,OTI,9,246
AGTAATGAGGTTGTGC-1,OTI,4,628
AGTACAGCAACAGAGC-1,OTI,2,10
AGTACAGCAACATGTC-1,OTI,2,274
AGTACAGCAGGAAGCT-1,OTI,3,199
AGTACAGCAGGGTCAG-1,C57BL6,5,7
AGTACAGCAGGTTGGG-1,OTI,1,18
AGTACAGCAGGTTTAC-1,OTI,6,338
AGTACAGCAGTCAACT-1,OTI,1,6
AGTACATTCCTCCACA-1,OTI,3,142
AGTACATTCGCACCTC-1,OTI,3,101
AGTACATTCGGTCCTC-1,OTI,2,9
AGTACGACAAAATGGT-1,OTI,1,5
AGTACGACAACACGGG-1,C57BL6,0,0
AGTACGACAAGTCGAA-1,OTI,4,158
AGTACGACAATATCTG-1,OTI,3,3
AGTACGACAATGGACA-1,C57BL6,5,61
AGTACGACACCTTTCA-1,OTI,5,130
AGTACGACAGGCCTTA-1,OTI,4,33
AGTACGACAGGGCTCT-1,OTI,5,55
AGTACGCTCACATCAG-1,OTI,5,496
AGTACGCTCACATTCC-1,C57BL6,1,11
AGTACGCTCATCACTC-1,OTI,3,55
AGTACGCTCATGCAAT-1,C57BL6,1,12
AGTACGCTCCAAATTA-1,OTI,0,0
AGTACGCTCCACAAGC-1,C57BL6,1,3
AGTACGCTCCACCTCA-1,OTI,2,32
AGTACGCTCGCATACA-1,OTI,1,3
AGTACGCTCGCGTGTG-1,OTI,0,0
AGTACGCTCGTTATAA-1,OTI,5,577
AGTACGGAGAACTCAT-1,OTI,6,90
AGTACGGAGACGGCAA-1,OTI,0,0
AGTACGGAGCAACATT-1,OTI,8,607
AGTACGGAGCGCATAC-1,OTI,0,0
AGTACGGAGCGCTATA-1,C57BL6,0,0
AGTACGGAGCTACTGA-1,OTI,1,6
AGTACGTGTACAGCAT-1,C57BL6,0,0
AGTACGTGTAGCTGAT-1,C57BL6,6,105
AGTACGTGTATCAGGT-1,C57BL6,1,18
AGTACGTGTCCATCCG-1,OTI,0,0
AGTACGTGTCTTAGGG-1,C57BL6,0,0
AGTACGTGTGTGTCGA-1,OTI,3,16
AGTACTCCAAAGTAAC-1,OTI,5,213
AGTACTCCAAGAGATT-1,C57BL6,1,51
AGTACTCCAATAAGAC-1,C57BL6,1,13
AGTACTCCACGTACAT-1,C57BL6,1,1
AGTACTCCAGCACACC-1,OTI,6,149
AGTACTCCAGTCCACA-1,OTI,7,253
AGTACTGTCAATGCGC-1,C57BL6,1,8
AGTACTGTCCATCGGG-1,OTI,0,0
AGTACTGTCCCATAAG-1,C57BL6,0,0
AGTACTGTCGCTGGCA-1,OTI,1,30
AGTACTGTCGCTTACT-1,C57BL6,2,18
AGTACTGTCGTCTCTG-1,OTI,0,0
AGTATAACAACGAGAC-1,C57BL6,0,0
AGTATAACAACTATCA-1,C57BL6,0,0
AGTATAACAACTCCGA-1,OTI,9,807
AGTATAACAAGCTGGG-1,OTI,2,54
AGTATAACACAGCAGG-1,OTI,4,182
AGTATAACACGCCATA-1,OTI,2,465
AGTATAACAGGCATTT-1,OTI,3,265
AGTATAACAGTCATAC-1,C57BL6,0,0
AGTATAGAGAATGTAG-1,C57BL6,2,6
AGTATAGAGACTTGTG-1,OTI,0,0
AGTATAGAGCAAGCCT-1,C57BL6,0,0
AGTATAGAGCAGGCTT-1,OTI,2,15
AGTATAGAGCTAATCG-1,C57BL6,1,6
AGTATAGAGGCGCTTG-1,OTI,3,100
AGTATAGAGGCGTGTT-1,C57BL6,1,8
AGTATAGAGGTAGCAG-1,OTI,5,62
AGTATCCCAAGAGACC-1,OTI,1,4
AGTATCCCAATAATTC-1,OTI,1,1
AGTATCCCAATATCTG-1,C57BL6,1,5
AGTATCCCACCCACAA-1,OTI,1,9
AGTATCCCAGCTTCGA-1,OTI,5,18
AGTATCGTCATCCGCC-1,OTI,6,226
AGTATCGTCCACGAGT-1,OTI,2,332
AGTATCGTCCATCGGG-1,OTI,5,676
AGTATCGTCCCGCTTA-1,OTI,1,58
AGTATCGTCGGTACGT-1,C57BL6,0,0
AGTATCGTCGTCTTAC-1,OTI,3,24
AGTATGCGTAACTTTC-1,OTI,1,4
AGTATGCGTAATGTTG-1,OTI,0,0
AGTATGCGTACCCATC-1,OTI,1,8
AGTATGCGTAGGACCC-1,OTI,7,38
AGTATGCGTATCGGGC-1,OTI,6,67
AGTATGCGTCAAGGCC-1,OTI,2,101
AGTATGCGTGCTTCCG-1,OTI,1,5
AGTATGTTCAGTGCTA-1,C57BL6,0,0
AGTATGTTCCGACCCT-1,C57BL6,0,0
AGTATGTTCCTATCCG-1,C57BL6,0,0
AGTATGTTCGTAACGC-1,C57BL6,0,0
AGTATGTTCGTATTGG-1,OTI,0,0
AGTATTATCACAGCTA-1,OTI,3,31
AGTATTATCAGTACTG-1,OTI,6,87
AGTATTATCCACTCCA-1,OTI,2,25
AGTATTATCCAGTAAT-1,OTI,1,3
AGTATTATCCCAGCCT-1,C57BL6,0,0
AGTATTATCCGAGTGT-1,OTI,0,0
AGTATTATCGGTTTAG-1,OTI,0,0
AGTATTCAGACGTCAC-1,OTI,3,96
AGTATTCAGCAGCTAC-1,C57BL6,0,0
AGTATTCAGGCAAAGT-1,OTI,0,0
AGTATTCAGGCATCCG-1,OTI,1,19
AGTATTCAGGCCTGAT-1,OTI,4,87
AGTATTCAGGCGGAGT-1,OTI,3,24
AGTATTCAGGGGATCA-1,OTI,0,0
AGTATTCAGGTAGGGC-1,OTI,5,200
AGTATTGGTAGAGGGT-1,OTI,5,62
AGTATTGGTGGTCAAT-1,OTI,4,99
AGTCAATTCACTTCTA-1,OTI,0,0
AGTCAATTCAGCGCCA-1,C57BL6,0,0
AGTCAATTCCAGTCCC-1,OTI,0,0
AGTCAATTCCATTCGT-1,C57BL6,0,0
AGTCAATTCCGTACTT-1,OTI,9,232
AGTCAGCTCAAGCCAC-1,OTI,6,158
AGTCAGCTCACTTAAA-1,OTI,2,8
AGTCAGCTCAGCCAAC-1,OTI,4,549
AGTCAGCTCAGCCCTC-1,OTI,6,19
AGTCAGCTCCCAATAG-1,C57BL6,0,0
AGTCAGCTCCTCCACA-1,OTI,1,6
AGTCAGCTCGCGCATG-1,C57BL6,2,12
AGTCAGCTCGGGTATC-1,C57BL6,5,8
AGTCAGGAGCAAGCGA-1,C57BL6,6,7
AGTCAGGAGCATATCG-1,OTI,6,186
AGTCAGGAGCTTAGTG-1,OTI,7,36
AGTCAGGAGGGACACA-1,OTI,3,322
AGTCAGGAGGGCTCAT-1,OTI,5,101
AGTCAGGAGGGTTTCA-1,C57BL6,0,0
AGTCAGGAGGTTCAAT-1,OTI,3,58
AGTCAGTGTACTCAGG-1,C57BL6,1,8
AGTCAGTGTATCATGA-1,OTI,2,24
AGTCAGTGTATTACCT-1,OTI,0,0
AGTCAGTGTCTAAAGC-1,OTI,2,58
AGTCAGTGTGCGCCTC-1,C57BL6,1,1
AGTCAGTGTGCTAGAT-1,OTI,2,146
AGTCAGTGTGGACTAT-1,OTI,7,150
AGTCAGTGTGGTTCGA-1,OTI,0,0
AGTCATCCAAAATTCT-1,OTI,2,32
AGTCATCCAACACGAA-1,OTI,5,75
AGTCATCCAACACTAC-1,C57BL6,0,0
AGTCATCCAACATACC-1,C57BL6,0,0
AGTCATCCAACCTTAA-1,C57BL6,1,4
AGTCATCCAAGAGGTC-1,C57BL6,1,11
AGTCATCCAAGGCACG-1,C57BL6,0,0
AGTCATCCAGCATAGA-1,C57BL6,0,0
AGTCATCCAGGTTGCC-1,OTI,1,129
AGTCATCCAGTGCTCA-1,OTI,2,52
AGTCATGTCAAATCCG-1,OTI,2,134
AGTCATGTCACTCTCG-1,C57BL6,0,0
AGTCATGTCCCGGGTA-1,OTI,5,81
AGTCATGTCCCTTTCC-1,OTI,3,521
AGTCATGTCCGGAAAG-1,OTI,6,65
AGTCATGTCCTTCTAA-1,OTI,0,0
AGTCCACAGCAACCGT-1,OTI,0,0
AGTCCACAGCATTCGA-1,OTI,3,20
AGTCCACAGCTGACGT-1,OTI,1,27
AGTCCAGGTAAATTCG-1,C57BL6,0,0
AGTCCAGGTACGCTTC-1,OTI,9,25
AGTCCAGGTCATGTCC-1,OTI,0,0
AGTCCAGGTCCTTCCC-1,OTI,5,65
AGTCCAGGTCGCCTAT-1,C57BL6,3,4
AGTCCATCAATGCACT-1,C57BL6,0,0
AGTCCATCAATTCGAC-1,OTI,3,27
AGTCCATCACCTCACT-1,OTI,0,0
AGTCCATCAGCTACGC-1,OTI,2,72
AGTCCCGAGAAGCTTT-1,C57BL6,0,0
AGTCCCGAGAGTGGGC-1,OTI,11,243
AGTCCCGAGATACGAA-1,OTI,3,28
AGTCCCGAGCACTATG-1,OTI,1,19
AGTCCCGAGGCTTCCC-1,OTI,1,60
AGTCCCGAGGTGCCAT-1,OTI,0,0
AGTCCCGAGGTTAATC-1,C57BL6,1,1
AGTCCGAGTCACAGCA-1,OTI,0,0
AGTCCGAGTCTGCATC-1,C57BL6,0,0
AGTCCGAGTCTGGATG-1,OTI,0,0
AGTCCGAGTGCCCATT-1,OTI,1,3
AGTCCGAGTGGAATGA-1,C57BL6,0,0
AGTCCGCCAAGGTTTC-1,C57BL6,0,0
AGTCCGCCAATCGGGG-1,C57BL6,0,0
AGTCCGCCAATGCGCC-1,OTI,1,5
AGTCCGGTCAGGAAAC-1,OTI,4,80
AGTCCGGTCATATGGT-1,OTI,8,429
AGTCCGGTCCCATCTG-1,OTI,2,482
AGTCCGGTCGCATAAT-1,C57BL6,0,0
AGTCCTTTCCAGGGTT-1,OTI,3,532
AGTCCTTTCCGACTCC-1,C57BL6,0,0
AGTCCTTTCGGGTCCA-1,OTI,2,27
AGTCCTTTCGTATTGG-1,OTI,0,0
AGTCGAACAAATCGAG-1,OTI,6,126
AGTCGAACAACCATAC-1,OTI,4,312
AGTCGAACAACCCGTA-1,C57BL6,0,0
AGTCGAACACGCAGCT-1,OTI,5,188
AGTCGAACAGGTACAA-1,OTI,0,0
AGTCGATGTAATTCCT-1,OTI,3,18
AGTCGATGTACTCAGG-1,OTI,5,25
AGTCGATGTAGGCAGG-1,OTI,4,51
AGTCGATGTATTCGTT-1,OTI,3,43
AGTCGATGTCGACTAG-1,OTI,1,11
AGTCGATGTCGCGTGG-1,OTI,4,173
AGTCGATGTCGTTCTA-1,C57BL6,2,15
AGTCGCAGTAACTTTC-1,C57BL6,0,0
AGTCGCAGTACCTTTG-1,C57BL6,1,94
AGTCGCAGTCGTCTTA-1,C57BL6,0,0
AGTCGCAGTCTAAGGT-1,C57BL6,2,22
AGTCGCAGTGCGTATG-1,OTI,7,111
AGTCGCAGTGGATATC-1,C57BL6,0,0
AGTCGCAGTGGATGTT-1,OTI,4,259
AGTCGCAGTGTCCCTG-1,C57BL6,1,9
AGTCGCCCAAGCCATT-1,OTI,2,68
AGTCGCCCAAGTGTCT-1,OTI,3,40
AGTCGCCCAAGTTAGG-1,OTI,5,43
AGTCGCCCAATAACCC-1,OTI,5,214
AGTCGCCCACACCCAA-1,C57BL6,0,0
AGTCGCCCAGGTAAGC-1,C57BL6,0,0
AGTCGCGTCACGCCTC-1,OTI,2,9
AGTCGCGTCATACAAC-1,C57BL6,1,13
AGTCGCGTCATCACTC-1,OTI,4,83
AGTCGCGTCATCCCAT-1,C57BL6,0,0
AGTCGCGTCATGGCTA-1,C57BL6,0,0
AGTCGGCGTATAGTCA-1,OTI,3,18
AGTCGGCGTATTGCCC-1,OTI,0,0
AGTCGGCGTGTCTATT-1,C57BL6,0,0
AGTCGGCGTGTTCGTC-1,C57BL6,0,0
AGTCGGGCAAACTCAC-1,OTI,0,0
AGTCGGGCAAAGTACG-1,C57BL6,0,0
AGTCGGGCAAAGTATA-1,C57BL6,0,0
AGTCGGGCAAATGACG-1,OTI,3,173
AGTCGGGCAACACGAA-1,OTI,4,53
AGTCGGGCAAGACAAT-1,OTI,1,4
AGTCGGGCAAGACGAC-1,OTI,2,29
AGTCGGGCAAGAGACC-1,OTI,2,9
AGTCGGGCAAGAGGTC-1,OTI,1,24
AGTCGGGCAAGGGACT-1,C57BL6,0,0
AGTCGGGCAATATGCC-1,C57BL6,0,0
AGTCGGGCACTAGCGC-1,OTI,2,27
AGTCGGGCACTGGCAC-1,OTI,1,12
AGTCGGGCAGGGCGTA-1,OTI,2,24
AGTCGTCAGATCGCGT-1,OTI,3,29
AGTCGTCAGCACAATT-1,OTI,0,0
AGTCGTCAGCAGCCAT-1,C57BL6,1,4
AGTCTCCGTATACTTC-1,C57BL6,3,3
AGTCTCCGTATCGCGA-1,OTI,0,0
AGTCTCCGTATTCGTT-1,OTI,4,66
AGTCTCCGTCGATGAT-1,OTI,1,8
AGTCTCCGTGTGTATA-1,OTI,1,7
AGTCTCGCAAATTAAG-1,OTI,0,0
AGTCTCGCAATATTAC-1,C57BL6,0,0
AGTCTCGCACAACATC-1,C57BL6,1,9
AGTCTCGCACACCCAA-1,C57BL6,2,18
AGTCTCGCACGGAAAC-1,OTI,1,3
AGTCTCGCACTCCGAA-1,OTI,1,2
AGTCTCGCAGGTTACT-1,OTI,1,1
AGTCTGGGTAAATTCG-1,C57BL6,2,18
AGTCTGGGTAGCAATC-1,OTI,7,198
AGTCTGGGTAGCCTTC-1,OTI,3,919
AGTCTGGGTATCGGGC-1,OTI,1,4
AGTCTGGGTCAATCGG-1,OTI,4,1335
AGTCTGGGTCGAGCGT-1,OTI,3,22
AGTCTGGGTGCCCGAG-1,OTI,3,204
AGTCTGGGTGCTATAA-1,OTI,0,0
AGTCTGGGTGCTTTCA-1,OTI,1,42
AGTCTTACAAGTATCC-1,C57BL6,1,3
AGTCTTACAGCAAGAC-1,OTI,2,63
AGTCTTACAGGCGGTA-1,OTI,6,70
AGTCTTGAGATACAGA-1,OTI,0,0
AGTCTTGAGATGCATT-1,OTI,4,21
AGTCTTGAGCCGTAGT-1,OTI,2,6
AGTCTTGAGCGCCCAA-1,OTI,0,0
AGTCTTGAGGCGTCAT-1,C57BL6,1,1
AGTCTTGAGGGGACGT-1,OTI,2,113
AGTCTTGAGGTAATGA-1,C57BL6,0,0
AGTCTTGAGGTTCAGC-1,C57BL6,3,3
AGTGAAATCAACGCAC-1,OTI,1,9
AGTGAAATCACTCACT-1,OTI,3,95
AGTGAAATCATGCCTT-1,C57BL6,0,0
AGTGAAATCCTGTTAC-1,C57BL6,0,0
AGTGAAATCCTTAATT-1,C57BL6,1,17
AGTGAAATCGTGCGTG-1,OTI,1,295
AGTGAGAGTACTCATT-1,OTI,1,29
AGTGAGAGTCTAAGCG-1,C57BL6,0,0
AGTGAGAGTGGGGATG-1,OTI,0,0
AGTGATAAGAGTTTAC-1,OTI,2,25
AGTGATAAGATCGATT-1,C57BL6,0,0
AGTGATAAGCAGCGAA-1,OTI,5,845
AGTGATAAGCCTTTCG-1,OTI,3,98
AGTGATCGTACATCTT-1,C57BL6,2,8
AGTGATCGTACTATTC-1,OTI,6,48
AGTGATCGTCACGCGG-1,OTI,1,32
AGTGATCGTCGTTGCT-1,OTI,4,241
AGTGATTTCAATTGTA-1,OTI,3,34
AGTGATTTCACTCTGT-1,OTI,1,1
AGTGATTTCCATATGG-1,OTI,0,0
AGTGATTTCCGCTCTA-1,C57BL6,0,0
AGTGATTTCCTCCAGC-1,OTI,0,0
AGTGATTTCCTGGTCC-1,C57BL6,0,0
AGTGATTTCGGTAATT-1,C57BL6,0,0
AGTGCAACAAAACTAA-1,OTI,3,300
AGTGCAACAATATGTT-1,OTI,3,142
AGTGCAACACCTCGAA-1,C57BL6,0,0
AGTGCAACACTTAGCG-1,OTI,4,144
AGTGCAACAGCGCTAC-1,OTI,3,76
AGTGCAACAGGAACTA-1,C57BL6,2,13
AGTGCAGAGAATGCGG-1,C57BL6,1,12
AGTGCAGAGAGTTAGA-1,C57BL6,1,8
AGTGCAGAGCGGCCTA-1,C57BL6,0,0
AGTGCAGAGCTACGAC-1,OTI,1,7
AGTGCCCCAATACCCG-1,C57BL6,2,4
AGTGCCCCACACACGC-1,OTI,0,0
AGTGCCCCACAGTGGG-1,OTI,3,69
AGTGCCCCACCGCATA-1,OTI,4,159
AGTGCCCCACGAACGG-1,C57BL6,1,5
AGTGCGAAGACAACGG-1,C57BL6,1,8
AGTGCGAAGACGACAG-1,OTI,2,30
AGTGCGAAGCTAGCCG-1,C57BL6,1,13
AGTGCGAAGCTGAATT-1,OTI,6,154
AGTGCGAAGCTGATAT-1,C57BL6,1,15
AGTGCGAAGCTGTACA-1,OTI,0,0
AGTGCGCGTATGCAGT-1,OTI,6,88
AGTGCGCGTATGGTTA-1,OTI,2,18
AGTGCGCGTATTGAGC-1,OTI,2,68
AGTGCGCGTCTGGTGA-1,OTI,0,0
AGTGCTATCAGCGCCA-1,C57BL6,1,65
AGTGCTATCATTGTCC-1,OTI,0,0
AGTGCTATCCCTCGGT-1,OTI,0,0
AGTGCTATCGCGGATT-1,OTI,2,45
AGTGGCAAGAGGTATA-1,OTI,4,168
AGTGGCAAGCGACCAT-1,OTI,0,0
AGTGGCAAGCGGATTC-1,OTI,3,163
AGTGGCAAGGGTTCCG-1,OTI,1,507
AGTGGCAAGGTTGCCG-1,OTI,4,22
AGTGGCGCAATGAAAC-1,OTI,0,0
AGTGGCGCACAACGGG-1,C57BL6,1,9
AGTGGCGCACCAGCTA-1,OTI,5,74
AGTGGCGCACTATGGT-1,C57BL6,0,0
AGTGGCGCAGCGGTAG-1,C57BL6,8,27
AGTGGCTTCAAATGTC-1,OTI,3,360
AGTGGCTTCAATCCCT-1,C57BL6,1,9
AGTGGCTTCACCTCCA-1,OTI,2,30
AGTGGCTTCACTCCAT-1,C57BL6,1,3
AGTGGCTTCAGGGTCT-1,C57BL6,0,0
AGTGGCTTCATACGTG-1,OTI,4,194
AGTGGCTTCATGTCCT-1,OTI,2,14
AGTGGCTTCCCTAACT-1,OTI,2,5
AGTGGCTTCGGGCCTA-1,OTI,3,15
AGTGGCTTCGGTTATG-1,OTI,5,189
AGTGGCTTCGTGATAT-1,OTI,4,205
AGTGGGCAGAAAGCGT-1,OTI,6,134
AGTGGGCAGAACACCC-1,OTI,0,0
AGTGGGCAGAGAGGAA-1,OTI,2,45
AGTGGGCAGATTGGTT-1,OTI,2,226
AGTGGGCAGCCCTGGA-1,OTI,2,60
AGTGGGCAGCTCTCAT-1,OTI,5,56
AGTGGGCAGGGACTGA-1,OTI,2,35
AGTGGGCAGGGTTAGG-1,OTI,2,33
AGTGGGTCAAACACTC-1,C57BL6,0,0
AGTGGGTCAAACATAA-1,OTI,3,28
AGTGGGTCAACCCGTA-1,OTI,1,1
AGTGGGTCAACCTATA-1,OTI,4,56
AGTGGGTCACCATTAA-1,OTI,0,0
AGTGGGTCACCTGCTT-1,OTI,6,516
AGTGGGTCACTAAGTC-1,C57BL6,0,0
AGTGGTCTCACTCTCG-1,C57BL6,1,7
AGTGGTCTCATAATTG-1,OTI,0,0
AGTGGTCTCCAACATG-1,OTI,0,0
AGTGGTCTCCCGGTTC-1,OTI,1,22
AGTGGTCTCCCTAAAG-1,OTI,4,249
AGTGGTCTCCTATCAC-1,OTI,2,50
AGTGGTCTCCTCGGCT-1,C57BL6,0,0
AGTGTAAAGAATCTGT-1,OTI,1,20
AGTGTAAAGAGAGGTT-1,OTI,1,5
AGTGTAAAGATCCACA-1,C57BL6,0,0
AGTGTAAAGCCGTAAC-1,C57BL6,0,0
AGTGTAAAGGGGTAGC-1,C57BL6,0,0
AGTGTAAAGGTCCAGT-1,OTI,3,421
AGTGTACGTACATTCT-1,OTI,0,0
AGTGTACGTATCCGTC-1,OTI,0,0
AGTGTACGTCGCATCT-1,C57BL6,0,0
AGTGTACGTCTGGCCC-1,OTI,2,16
AGTGTACGTCTTGATT-1,C57BL6,0,0
AGTGTACGTGCTACAG-1,OTI,0,0
AGTGTCGGTAAGTTTG-1,C57BL6,0,0
AGTGTCGGTGCTTAGG-1,C57BL6,0,0
AGTGTCGGTGGAATGA-1,C57BL6,5,10
AGTGTCGGTGGTTTCC-1,OTI,4,173
AGTGTCTCAAAGCTCT-1,C57BL6,0,0
AGTGTCTCAACATCCG-1,OTI,1,8
AGTGTCTCAACATGTC-1,OTI,6,131
AGTGTCTCAACCCACA-1,OTI,1,4
AGTGTCTCAACGAGAC-1,OTI,4,41
AGTGTCTCAACGATAG-1,OTI,3,151
AGTGTCTCAACGTAAG-1,C57BL6,0,0
AGTGTCTCAAGCCATT-1,OTI,8,225
AGTGTCTCAGCAGCCT-1,C57BL6,0,0
AGTGTGTGTAAATCCA-1,OTI,0,0
AGTGTGTGTAGCGTTG-1,C57BL6,0,0
AGTGTGTGTATTGCCC-1,OTI,1,6
AGTGTGTGTCAAGGTT-1,OTI,1,25
AGTGTGTGTCAGCCTT-1,OTI,0,0
AGTGTGTGTCAGTCAG-1,OTI,4,61
AGTGTGTGTGGCTTTC-1,OTI,0,0
AGTGTGTGTGTTGTGG-1,OTI,0,0
AGTGTTAGTACAGGCC-1,OTI,0,0
AGTGTTAGTAGCCTTC-1,C57BL6,0,0
AGTGTTAGTCACCCTG-1,OTI,4,176
AGTGTTAGTCACCGGG-1,OTI,2,4
AGTGTTAGTCATAGGT-1,OTI,1,8
AGTGTTAGTCTGGTCT-1,OTI,2,24
AGTGTTCCAAACCATC-1,OTI,3,129
AGTGTTCCAAATTCGC-1,OTI,5,217
AGTGTTCCAACTTACA-1,OTI,8,246
AGTGTTCCAAGCTTTA-1,C57BL6,1,24
AGTGTTCCACCATGCA-1,OTI,4,128
AGTGTTCCACCTCATC-1,OTI,3,33
AGTTAAGAGCCGGATT-1,OTI,2,43
AGTTAAGAGGCTGGAA-1,C57BL6,0,0
AGTTAAGAGGTTGGTC-1,OTI,8,321
AGTTACCCAACAAGAT-1,C57BL6,2,29
AGTTACCCAATATGCC-1,OTI,2,50
AGTTACCCACCAGTGC-1,OTI,3,15
AGTTACCCACCGAATT-1,OTI,0,0
AGTTACCCACTACGCA-1,OTI,1,11
AGTTACCCACTCAATA-1,OTI,1,122
AGTTAGAAGAGTATAG-1,OTI,4,41
AGTTAGCGTAGCCTCT-1,OTI,5,49
AGTTAGCGTATCCAGG-1,C57BL6,0,0
AGTTAGCGTGGCGATC-1,OTI,4,96
AGTTAGCGTGTGTTCC-1,OTI,4,256
AGTTAGGCAAACGTTC-1,OTI,5,39
AGTTAGGCAAAGGACC-1,OTI,3,37
AGTTAGGCAACGATAG-1,C57BL6,1,1
AGTTAGGCAATCTGAC-1,OTI,5,142
AGTTAGGCACAGTGCC-1,OTI,0,0
AGTTAGGCACTGGAGG-1,OTI,3,213
AGTTAGGCAGTTCGCA-1,C57BL6,1,6
AGTTAGTTCACAGGTC-1,C57BL6,1,3
AGTTAGTTCACATGTG-1,OTI,1,5
AGTTAGTTCCGGCTTC-1,OTI,4,93
AGTTAGTTCGGGTCAT-1,OTI,3,40
AGTTAGTTCGTGTTGA-1,C57BL6,0,0
AGTTATATCAATGGTT-1,C57BL6,7,18
AGTTATATCACGGTTA-1,C57BL6,0,0
AGTTATATCATGGGTC-1,C57BL6,0,0
AGTTATATCCATTGTC-1,OTI,0,0
AGTTATATCCGAACAC-1,OTI,3,178
AGTTATATCCGGCTTC-1,OTI,1,6
AGTTATATCGCCCTAC-1,OTI,5,259
AGTTATATCGTGGTTA-1,OTI,3,39
AGTTATATCGTGTATG-1,C57BL6,0,0
AGTTATGGTATCTCAT-1,C57BL6,0,0
AGTTATGGTCCTCATA-1,OTI,3,73
AGTTATGGTCGACGTA-1,C57BL6,0,0
AGTTATGGTCTGGCTT-1,OTI,2,30
AGTTATGGTGCCTGCC-1,OTI,4,322
AGTTATGGTGTCATCC-1,OTI,4,74
AGTTGAAAGAAGCTGG-1,OTI,3,170
AGTTGAAAGAGGGATT-1,OTI,6,61
AGTTGAAAGCATTTGG-1,OTI,2,18
AGTTGAAAGCGAGTAG-1,OTI,2,10
AGTTGAAAGGTAATGA-1,OTI,0,0
AGTTGAGCAATAAGTA-1,OTI,5,58
AGTTGAGCAATTGACC-1,OTI,0,0
AGTTGAGCACATACCG-1,C57BL6,0,0
AGTTGAGCACCCTAAG-1,C57BL6,1,1
AGTTGAGCAGCCTTTC-1,OTI,1,55
AGTTGAGCAGTTGGAA-1,C57BL6,0,0
AGTTGCATCAAGCTAT-1,C57BL6,0,0
AGTTGCATCCATCTGT-1,OTI,4,33
AGTTGCATCCTGGTCC-1,OTI,1,22
AGTTGCATCGCACGTG-1,OTI,5,45
AGTTGCATCGGATGTC-1,C57BL6,8,8
AGTTGCCAGAAGGGTT-1,OTI,4,46
AGTTGCCAGACTATGT-1,OTI,5,98
AGTTGCCAGAGGCCAA-1,OTI,0,0
AGTTGCCAGCGTACAC-1,OTI,3,144
AGTTGCCAGCTAGGAG-1,OTI,1,9
AGTTGCCAGGGGAGCT-1,OTI,0,0
AGTTGCGGTAAGCAAG-1,OTI,5,1127
AGTTGCGGTAATGGCT-1,OTI,5,71
AGTTGCGGTACCACAG-1,OTI,4,94
AGTTGCGGTACCTAGG-1,C57BL6,0,0
AGTTGCGGTACTCTAT-1,C57BL6,0,0
AGTTGCGGTAGCCTTC-1,OTI,1,83
AGTTGCGGTAGTGTCG-1,OTI,7,1166
AGTTGCGGTAGTGTGT-1,C57BL6,4,163
AGTTGCGGTATCGTGG-1,OTI,0,0
AGTTGCGGTCCGGTAA-1,OTI,9,568
AGTTGCGGTCCTGATC-1,OTI,1,18
AGTTGCGGTGTACCCT-1,OTI,8,199
AGTTGCGGTGTTGTAA-1,OTI,1,13
AGTTGGCTCAACGTTG-1,OTI,4,43
AGTTGGCTCATCTCTA-1,OTI,3,72
AGTTGGCTCCAAAGCC-1,OTI,0,0
AGTTGGCTCCAAGTAT-1,OTI,5,123
AGTTGGCTCCCGGCTT-1,OTI,6,73
AGTTGGCTCCTGACAA-1,OTI,1,11
AGTTGGCTCCTGTTAC-1,C57BL6,1,6
AGTTGGCTCGGTACGT-1,C57BL6,1,25
AGTTGGGAGAACCCCG-1,C57BL6,1,4
AGTTGGGAGAGACGCA-1,OTI,6,75
AGTTGGGAGCGTGGTT-1,OTI,4,179
AGTTGTGTCAGCATTG-1,C57BL6,4,6
AGTTGTGTCATCCCCA-1,OTI,1,39
AGTTGTGTCATGCAAT-1,OTI,4,51
AGTTGTGTCCAAAGCC-1,OTI,1,8
AGTTGTGTCGCTCTAT-1,C57BL6,0,0
AGTTGTGTCGCTTAAG-1,C57BL6,0,0
AGTTTAATCAACGCAC-1,C57BL6,1,1
AGTTTAATCAACGCTA-1,C57BL6,0,0
AGTTTAATCAAGTCCA-1,OTI,3,16
AGTTTAATCATACTCC-1,OTI,3,19
AGTTTACAGACTTTCC-1,OTI,5,127
AGTTTACAGATATACC-1,OTI,2,330
AGTTTACAGATCCACA-1,OTI,5,208
AGTTTACAGATGTATC-1,C57BL6,1,12
AGTTTACAGCGCGATT-1,OTI,5,33
AGTTTACAGGGAGCTA-1,OTI,1,77
AGTTTAGGTAACTGCG-1,OTI,0,0
AGTTTAGGTACAACGT-1,C57BL6,0,0
AGTTTAGGTCATACCC-1,OTI,1,6
AGTTTAGGTCGCTATC-1,OTI,0,0
AGTTTAGGTCTACGGA-1,OTI,2,22
AGTTTAGGTGGGATGG-1,OTI,0,0
AGTTTAGGTGGGTTAT-1,OTI,1,41
AGTTTCACAACGAGGT-1,OTI,3,42
AGTTTCACAAGAGGGA-1,C57BL6,1,4
AGTTTCACAAGTTTCA-1,C57BL6,0,0
AGTTTCACAATCAGCT-1,C57BL6,0,0
AGTTTCACAATTCAGC-1,OTI,1,78
AGTTTCACACAGTGCC-1,C57BL6,0,0
AGTTTCACACATGGTT-1,OTI,5,47
AGTTTCACACGTCGTA-1,C57BL6,1,4
AGTTTCCTCACCTACT-1,OTI,1,4
AGTTTCCTCAGCATTG-1,OTI,5,60
AGTTTCCTCCCTATAC-1,OTI,3,162
AGTTTCCTCCTAGCCC-1,OTI,6,213
AGTTTCGAGAAAGGAG-1,OTI,2,40
AGTTTCGAGATAGCGG-1,OTI,0,0
AGTTTCGAGATATTGC-1,OTI,0,0
AGTTTCGAGCCACTAA-1,OTI,0,0
AGTTTCGAGCGAACGA-1,OTI,2,10
AGTTTCGAGCTACATG-1,C57BL6,1,6
AGTTTCGAGCTAGATT-1,C57BL6,0,0
AGTTTCGAGGCCATTA-1,OTI,2,10
AGTTTGGTCAAGCTTG-1,OTI,5,31
AGTTTGGTCAGAGTAA-1,OTI,5,108
AGTTTGGTCCAATTGG-1,OTI,3,36
AGTTTGGTCCAGCAAC-1,OTI,1,61
AGTTTGGTCCGCAATA-1,OTI,1,4
AGTTTGGTCCTACTAC-1,OTI,3,55
AGTTTGGTCGCTCCTA-1,C57BL6,0,0
AGTTTGGTCGTCATCT-1,OTI,0,0
ATAACACTCACATAAC-1,OTI,0,0
ATAACACTCACCAAAT-1,C57BL6,1,9
ATAACACTCACTACCT-1,OTI,0,0
ATAACACTCCAGGTTA-1,C57BL6,3,31
ATAACACTCCGCCCAT-1,OTI,2,319
ATAACACTCCGTATTC-1,OTI,0,0
ATAACACTCCTAATCC-1,OTI,4,21
ATAACAGAGAAGCCAG-1,C57BL6,1,1
ATAACAGAGAGTCGTC-1,OTI,1,9
ATAACAGAGCAACAGG-1,OTI,3,73
ATAACAGAGCTGGTCG-1,OTI,1,2
ATAACAGAGGTAAATG-1,OTI,0,0
ATAACCCCAAACTCCG-1,OTI,0,0
ATAACCCCACATGAAG-1,OTI,7,896
ATAACCCCACCACAGC-1,OTI,1,38
ATAACCCCACCCTTAC-1,C57BL6,0,0
ATAACCCCAGCGACAG-1,C57BL6,0,0
ATAACGAAGAGAGGAA-1,OTI,3,21
ATAACGTTCACGCTAA-1,OTI,9,121
ATAACGTTCATGGTAT-1,OTI,1,1
ATAACGTTCCTTCGTG-1,C57BL6,0,0
ATAACGTTCGGAGCTT-1,OTI,0,0
ATAACTATCACTACCT-1,OTI,1,3
ATAACTATCCAAGACC-1,OTI,0,0
ATAACTATCCCATCAT-1,C57BL6,0,0
ATAACTATCCCCTAAT-1,OTI,4,42
ATAACTATCCGTATCT-1,OTI,0,0
ATAACTATCGGCAACT-1,OTI,2,113
ATAACTATCGTGTCAA-1,OTI,4,30
ATAACTTCAAGTCATC-1,OTI,3,64
ATAACTTCAATACGCT-1,OTI,3,37
ATAACTTCACAAGTAG-1,C57BL6,0,0
ATAACTTCACACAAGA-1,OTI,4,158
ATAACTTCACGATGGG-1,C57BL6,0,0
ATAACTTCACGTAGCC-1,OTI,5,46
ATAACTTCAGCTGACC-1,OTI,4,7
ATAAGACCAAATATTC-1,OTI,1,13
ATAAGACCAACGTTTA-1,OTI,1,28
ATAAGACCAATTCTAG-1,OTI,3,66
ATAAGACCACACATAC-1,OTI,1,19
ATAAGACCAGCTACCA-1,OTI,0,0
ATAAGACCAGGCTCTA-1,OTI,4,125
ATAAGCAAGAGCAACG-1,C57BL6,0,0
ATAAGCAAGAGGTTAA-1,OTI,3,126
ATAAGCAAGATCTTGG-1,C57BL6,3,3
ATAAGCAAGCAAGACG-1,OTI,2,15
ATAAGCAAGCAATATC-1,OTI,5,90
ATAAGCAAGCACTATG-1,C57BL6,2,4
ATAAGCAAGCCATCGG-1,OTI,1,2
ATAAGCAAGGGGCATA-1,OTI,0,0
ATAAGCCGTAGCGTAT-1,OTI,0,0
ATAAGCCGTAGTCTGG-1,OTI,0,0
ATAAGCCGTCTTAATC-1,OTI,0,0
ATAAGCCGTGCACAGC-1,OTI,0,0
ATAAGCCGTGGAGCTC-1,OTI,1,2
ATAAGCTTCACGAACC-1,OTI,2,26
ATAAGCTTCAGAGTAA-1,OTI,3,175
ATAAGCTTCATCGGAC-1,C57BL6,1,4
ATAAGCTTCCACCCGT-1,C57BL6,0,0
ATAAGCTTCGTTGCCC-1,OTI,2,14
ATAAGGGGTAAGGAAT-1,C57BL6,2,6
ATAAGGGGTCACGTAG-1,OTI,2,6
ATAAGGGGTCCTAGTC-1,OTI,0,0
ATAAGGGGTCGCTATC-1,OTI,3,46
ATAAGGGGTCTCATTG-1,OTI,4,87
ATAAGGGGTGCTTGGA-1,OTI,6,53
ATAAGGGGTGTCCCGC-1,C57BL6,1,7
ATAAGGGGTGTGCGTA-1,OTI,2,805
ATAAGGTCAACAGAGC-1,C57BL6,1,3
ATAAGGTCAACGGGAT-1,OTI,2,11
ATAAGGTCACAAGGCG-1,OTI,0,0
ATAAGGTCACGCCAAC-1,C57BL6,0,0
ATAAGTACACTAAGGA-1,C57BL6,0,0
ATAAGTACAGTGCATT-1,C57BL6,0,0
ATAAGTCTCACGATAT-1,OTI,2,114
ATAAGTCTCACTCGTT-1,C57BL6,0,0
ATAAGTCTCATATCCC-1,OTI,0,0
ATAAGTCTCCCACACC-1,OTI,3,208
ATAAGTCTCCTCCTCT-1,C57BL6,0,0
ATAAGTGAGAATTCCG-1,C57BL6,1,1
ATAAGTGAGACGGGGT-1,C57BL6,1,10
ATAAGTGAGAGGCACA-1,OTI,1,3
ATAAGTGAGATGGGTG-1,C57BL6,0,0
ATAAGTGAGCGCTATA-1,OTI,4,62
ATAAGTGAGGTAAGGT-1,OTI,1,21
ATAATCATCACGTCAA-1,OTI,4,70
ATAATCATCATCTCAC-1,C57BL6,0,0
ATAATCATCCGTATCT-1,OTI,3,578
ATAATCATCCGTGTCC-1,C57BL6,2,2
ATAATCATCGGAAGCA-1,OTI,4,65
ATAATCCAGAACCATT-1,OTI,1,7
ATAATCCAGAATCAAG-1,C57BL6,0,0
ATAATCCAGAGGCAGC-1,C57BL6,1,4
ATAATCCAGAGTGCAG-1,OTI,2,2
ATAATCCAGATGACGG-1,OTI,3,17
ATAATCCAGATGCGGA-1,OTI,0,0
ATAATCCAGATGCTCA-1,C57BL6,0,0
ATAATCCAGCAAGTTT-1,C57BL6,0,0
ATAATCCAGCTTGAAT-1,OTI,2,83
ATAATCCAGGTTAATC-1,OTI,1,53
ATAATCGGTATGAGGA-1,OTI,3,17
ATAATCGGTATTCGTT-1,OTI,9,135
ATAATCGGTCACGCCC-1,OTI,8,240
ATAATCGGTGTGTAGT-1,OTI,0,0
ATAATGCTCAGGCTGT-1,C57BL6,1,3
ATAATGCTCCAATTGG-1,OTI,3,150
ATAATGCTCCACTTAC-1,OTI,4,11
ATAATGCTCCATTCGT-1,OTI,3,15
ATAATGCTCCCACGCT-1,OTI,0,0
ATAATGCTCGTGCGTG-1,OTI,1,17
ATAATTCCAATGCACT-1,OTI,2,83
ATAATTCCACTTAGCG-1,OTI,6,256
ATAATTCCAGTACGGG-1,OTI,2,53
ATAATTCCAGTAGCCC-1,OTI,3,9
ATAATTGTCACTGCCC-1,OTI,0,0
ATAATTGTCACTTACC-1,OTI,2,6
ATAATTGTCAGTTATA-1,OTI,0,0
ATAATTGTCCGGCATG-1,OTI,2,7
ATAATTGTCCGGGCTA-1,OTI,3,53
ATAATTGTCGCGTTAA-1,C57BL6,0,0
ATACAACTCACACTTC-1,C57BL6,0,0
ATACAACTCATACTAA-1,OTI,1,21
ATACAACTCCGGGTAT-1,OTI,3,50
ATACAACTCGCAAACC-1,OTI,5,68
ATACAACTCGGCCTTC-1,C57BL6,0,0
ATACAAGAGAACCCAC-1,OTI,3,11
ATACAAGAGACGGGTA-1,OTI,4,61
ATACAAGAGCTACAGC-1,OTI,2,15
ATACAAGAGCTGCTAA-1,OTI,4,194
ATACAAGAGGCATGGA-1,OTI,3,31
ATACAAGAGGCTTATG-1,OTI,3,84
ATACAAGAGGTAACCC-1,C57BL6,0,0
ATACACCCAACACGAA-1,OTI,1,1
ATACACCCAACATTAT-1,C57BL6,5,129
ATACACCCACCAAATC-1,OTI,4,30
ATACACCCACTGACGC-1,OTI,1,1
ATACACCCAGGTTTCG-1,OTI,1,32
ATACACCCAGTACATC-1,OTI,2,11
ATACAGAAGAGTATTC-1,OTI,0,0
ATACAGAAGCACGCCA-1,OTI,5,35
ATACAGAAGCATCAAT-1,OTI,3,34
ATACAGAAGCGTTTAG-1,C57BL6,1,11
ATACAGCGTAAATCCA-1,C57BL6,1,3
ATACAGCGTAGGTTGT-1,C57BL6,0,0
ATACAGCGTAGTATGC-1,OTI,3,311
ATACAGCGTCAGCCCC-1,OTI,0,0
ATACAGCGTCATTCCA-1,OTI,1,8
ATACAGCGTCCGGCCT-1,OTI,9,179
ATACAGCGTCGTCGGG-1,C57BL6,2,24
ATACAGCGTGCTGGGT-1,OTI,3,11
ATACAGCGTGGCATGC-1,C57BL6,0,0
ATACCATAGACAGTTT-1,OTI,1,3
ATACCATAGAGTGGGC-1,OTI,7,33
ATACCATAGCCATTAG-1,OTI,0,0
ATACCATAGGCTCGAT-1,C57BL6,0,0
ATACCATAGGGGTACA-1,OTI,1,6
ATACCCAAGCATTTGG-1,OTI,8,120
ATACCCAAGCTTGTGA-1,OTI,2,46
ATACCCAAGGCGTAGA-1,OTI,6,113
ATACCCAAGGCTTACA-1,OTI,5,282
ATACCCAAGGCTTGCG-1,C57BL6,1,2
ATACCCCGTACGGTGC-1,OTI,0,0
ATACCCCGTATTGAGC-1,OTI,3,448
ATACCCCGTCGTCAGA-1,OTI,0,0
ATACCCCGTGCGGTTA-1,OTI,1,194
ATACCCGCAAAGCCAA-1,OTI,2,18
ATACCCGCAATCGAAG-1,C57BL6,0,0
ATACCCGCAATCGCCA-1,C57BL6,5,7
ATACCCGCACGTACGC-1,OTI,2,64
ATACCCGCACTCGTTC-1,OTI,1,3
ATACCCGCAGCGGTCT-1,OTI,5,184
ATACCCGCAGGTTTAC-1,OTI,3,85
ATACCCTTCCAACCTT-1,C57BL6,0,0
ATACCCTTCGCCTTGC-1,OTI,0,0
ATACCCTTCGCGCATG-1,C57BL6,0,0
ATACCCTTCGCTCATT-1,C57BL6,3,34
ATACCTACAAATCCGT-1,C57BL6,0,0
ATACCTACAATGTATT-1,OTI,4,225
ATACCTACACGCACGT-1,C57BL6,2,11
ATACCTACACTTAGCG-1,C57BL6,0,0
ATACCTACAGCGGTCT-1,C57BL6,0,0
ATACCTCTCAACTATA-1,C57BL6,0,0
ATACCTCTCAAGGTAA-1,OTI,0,0
ATACCTCTCACCACAA-1,OTI,6,166
ATACCTCTCAGCGGTT-1,OTI,8,108
ATACCTCTCAGTATTA-1,C57BL6,1,10
ATACCTCTCCCTGATT-1,OTI,0,0
ATACCTCTCCGTCGTC-1,OTI,3,18
ATACCTCTCGCCATGG-1,OTI,0,0
ATACGAAAGCAAGCCT-1,C57BL6,0,0
ATACGAAAGCATTAGT-1,C57BL6,0,0
ATACGAAAGCGGTTTA-1,OTI,1,7
ATACGAAAGGCAGGGT-1,C57BL6,0,0
ATACGAAAGGGACGTA-1,OTI,3,181
ATACGCATCCGGCATG-1,C57BL6,0,0
ATACGCATCGCGTGCA-1,OTI,1,8
ATACGCATCGTATGCA-1,OTI,0,0
ATACGCTCACACAGAA-1,OTI,6,112
ATACGCTCACCCTAGA-1,C57BL6,1,5
ATACGCTCACTAATCA-1,OTI,0,0
ATACGCTCAGCGACCT-1,OTI,5,360
ATACGCTCAGGAATCA-1,OTI,2,141
ATACGCTCAGTGCGGA-1,C57BL6,1,14
ATACGGACAATGACCT-1,OTI,11,238
ATACGGACACAAATCC-1,OTI,4,247
ATACGGACAGGTAGCG-1,OTI,2,38
ATACGGGAGAATGTTC-1,C57BL6,0,0
ATACGGGAGACAAGTA-1,OTI,2,7
ATACGGGAGACCAGGA-1,C57BL6,1,5
ATACGGGAGCGTAATT-1,OTI,3,511
ATACGGGAGGGACGGT-1,OTI,2,79
ATACGGGAGGGGATCA-1,OTI,1,22
ATACGGGAGGTTCGAC-1,OTI,8,572
ATACGGTGTAAGTGCT-1,OTI,0,0
ATACGGTGTACTTTCG-1,OTI,2,34
ATACGGTGTAGTATTG-1,C57BL6,0,0
ATACGGTGTAGTCCGA-1,OTI,2,139
ATACGGTGTATACCCC-1,OTI,6,169
ATACGGTGTCAATTAG-1,OTI,1,152
ATACGGTGTCCAGGTA-1,OTI,4,157
ATACGGTGTCCAGTAG-1,C57BL6,0,0
ATACGGTGTCGCGGAT-1,OTI,1,8
ATACGGTGTCGCTTTA-1,OTI,3,55
ATACGGTGTGGAACGG-1,OTI,1,22
ATACGGTGTGTCTTAT-1,OTI,2,11
ATACGTAGTAAAGTGG-1,OTI,1,71
ATACGTAGTAAGCATC-1,C57BL6,1,5
ATACGTAGTACGGTCA-1,OTI,4,102
ATACGTAGTATACCCC-1,C57BL6,0,0
ATACGTAGTCGGAATT-1,OTI,2,47
ATACGTAGTCGGTATG-1,OTI,4,42
ATACGTAGTCTCATTG-1,C57BL6,0,0
ATACGTAGTGCTATAA-1,OTI,1,18
ATACGTCCAAAAGCCA-1,OTI,2,15
ATACGTCCACGTTAGT-1,C57BL6,0,0
ATACGTCCAGGTCTAT-1,OTI,6,792
ATACGTGTCACGTCGG-1,OTI,2,27
ATACGTGTCACTCCCA-1,OTI,2,66
ATACGTGTCAGTATCG-1,OTI,2,82
ATACGTGTCATCGGAC-1,OTI,3,407
ATACGTGTCATGAAAG-1,OTI,6,261
ATACGTGTCCCACTTG-1,OTI,1,226
ATACGTGTCCCTGACC-1,OTI,7,128
ATACGTGTCCTATACC-1,C57BL6,0,0
ATACTAATCCACTTCG-1,OTI,1,24
ATACTAATCCATGGGT-1,OTI,6,134
ATACTAATCCATTCAC-1,OTI,3,36
ATACTAATCCCGGTTC-1,C57BL6,0,0
ATACTAATCCCTTCGA-1,C57BL6,0,0
ATACTAATCGCGGCTA-1,OTI,0,0
ATACTAATCGGATGTC-1,OTI,0,0
ATACTAATCGTGAGCT-1,C57BL6,2,4
ATACTAGGTAAGTGTC-1,OTI,2,51
ATACTAGGTACAAGCT-1,OTI,2,11
ATACTAGGTAGTGAGA-1,OTI,2,8
ATACTAGGTCATCGGA-1,C57BL6,0,0
ATACTAGGTCGACTAG-1,OTI,1,12
ATACTAGGTCTAAGTA-1,C57BL6,1,4
ATACTAGGTGCCCTAT-1,OTI,4,40
ATACTAGGTGGTTTCC-1,OTI,1,18
ATACTAGGTGTGCGTA-1,C57BL6,0,0
ATACTCCTCACTTACC-1,OTI,5,73
ATACTCCTCCTATCAC-1,OTI,1,115
ATACTCCTCCTATGCT-1,OTI,4,246
ATACTCCTCCTGTTAC-1,OTI,1,47
ATACTCCTCCTTATCA-1,OTI,3,43
ATACTCCTCGGCCTCT-1,OTI,0,0
ATACTCCTCGTAGCTA-1,OTI,2,467
ATACTTCGTACAAGGA-1,OTI,3,52
ATACTTCGTACGCCGG-1,OTI,2,14
ATACTTCGTAGCGTCA-1,OTI,2,10
ATACTTCGTATAGGAG-1,OTI,2,176
ATACTTCGTATCATTC-1,OTI,0,0
ATACTTCGTATCGCGA-1,OTI,0,0
ATACTTCGTCCGTTGT-1,C57BL6,0,0
ATACTTCGTGCAATGT-1,OTI,4,108
ATACTTCGTGGTTCAG-1,OTI,1,4
ATACTTCGTGTCTGAG-1,C57BL6,0,0
ATAGCAGCAAAAGGCC-1,OTI,0,0
ATAGCAGCAACTTAGC-1,OTI,4,17
ATAGCAGCAATCGAAG-1,C57BL6,2,14
ATAGCAGCAATTAAGA-1,OTI,0,0
ATAGCAGCACTATACA-1,OTI,5,139
ATAGCAGCACTCGGGT-1,OTI,0,0
ATAGCAGCAGCATTTA-1,OTI,4,670
ATAGCAGCAGCCCAAC-1,C57BL6,1,4
ATAGCAGCAGGACGCA-1,OTI,5,188
ATAGCATTCATATCCC-1,C57BL6,0,0
ATAGCATTCCCGGGTA-1,OTI,1,48
ATAGCATTCGCCCGTT-1,OTI,0,0
ATAGCCTCAAATGACG-1,OTI,2,12
ATAGCCTCAATAAGTA-1,OTI,6,38
ATAGCCTCACATGAAG-1,OTI,8,374
ATAGCCTCACCACACA-1,C57BL6,2,9
ATAGCCTCACTAGTTA-1,C57BL6,0,0
ATAGCCTCAGCAACTT-1,C57BL6,0,0
ATAGCCTCAGCTGTAT-1,C57BL6,2,21
ATAGCCTCAGGAATCA-1,OTI,2,270
ATAGCCTCAGTGTGGG-1,OTI,2,46
ATAGCGACAACCCACA-1,OTI,3,50
ATAGCGACAATACCCG-1,OTI,3,51
ATAGCGACAATGATCC-1,C57BL6,1,9
ATAGCGACACCAAGGG-1,OTI,8,12
ATAGCGACACGCACTA-1,OTI,3,78
ATAGCGACACTGTAAC-1,OTI,5,65
ATAGCGACACTTAAGC-1,C57BL6,1,14
ATAGCGACAGCGGTAG-1,OTI,2,4
ATAGCGACAGTATGCT-1,OTI,2,19
ATAGCGCTCACACAAT-1,OTI,0,0
ATAGCGCTCAGAGAAC-1,OTI,7,49
ATAGCGCTCATGGCAC-1,OTI,2,9
ATAGCGCTCGGACACT-1,C57BL6,0,0
ATAGCGGAGAATGTTC-1,C57BL6,0,0
ATAGCGGAGACCCTAA-1,OTI,1,24
ATAGCGGAGATCAGGG-1,C57BL6,3,3
ATAGCGGAGCGCCAAT-1,OTI,8,134
ATAGCGGAGGTAATGA-1,OTI,4,31
ATAGCGGAGGTGCCCA-1,OTI,0,0
ATAGCGTGTAACTAGC-1,OTI,4,39
ATAGCGTGTCCAAAGT-1,C57BL6,0,0
ATAGCGTGTCCGATAG-1,C57BL6,0,0
ATAGCGTGTCTTAGGG-1,C57BL6,0,0
ATAGCGTGTGCGTCTT-1,OTI,8,25
ATAGCGTGTGGCGCTG-1,C57BL6,1,1
ATAGGAGGTAACTTCT-1,OTI,2,105
ATAGGAGGTACCTTTG-1,C57BL6,2,16
ATAGGAGGTACGCATG-1,OTI,2,71
ATAGGAGGTATCGAGT-1,OTI,2,147
ATAGGAGGTCACGAAT-1,C57BL6,1,1
ATAGGAGGTCGTCTTA-1,OTI,8,89
ATAGGAGGTGGAACGG-1,OTI,9,181
ATAGGAGGTGGACTGC-1,OTI,0,0
ATAGGAGGTGTTGGAT-1,C57BL6,0,0
ATAGGCACAACATGCT-1,C57BL6,0,0
ATAGGCACAACCCCAA-1,OTI,1,229
ATAGGCACAATCGAAG-1,C57BL6,0,0
ATAGGCACACAGCAGG-1,C57BL6,0,0
ATAGGCACACCACGGT-1,OTI,3,54
ATAGGCACACGACCTA-1,C57BL6,0,0
ATAGGCACACTAGGGG-1,C57BL6,2,32
ATAGGCACAGCGCTAC-1,C57BL6,0,0
ATAGGCGAGAGGAGCC-1,OTI,5,235
ATAGGCGAGAGGGATT-1,OTI,1,5
ATAGGCGAGAGGTACG-1,C57BL6,0,0
ATAGGCGAGATGGCGA-1,OTI,2,102
ATAGGCGAGCAACCGT-1,C57BL6,1,1
ATAGGCTGTAGGCCCG-1,C57BL6,0,0
ATAGGCTGTCAGCCCC-1,OTI,0,0
ATAGGCTGTCATTCTG-1,OTI,3,104
ATAGGCTGTCTGTGAG-1,C57BL6,1,7
ATAGGCTGTGCGTAGC-1,OTI,4,23
ATAGGGAGTATTCTGT-1,OTI,2,355
ATAGGGAGTGGGTAGG-1,OTI,1,117
ATAGGGAGTGGGTGAG-1,OTI,1,4
ATAGGGAGTGTACTCC-1,OTI,8,197
ATAGGGCCAATAGGCA-1,OTI,1,5
ATAGGGCCAGCTTTAA-1,OTI,3,15
ATAGGGCCAGTATAGG-1,OTI,1,10
ATAGGGGTCAATTCCC-1,OTI,7,279
ATAGGGGTCACCAAAT-1,OTI,4,36
ATAGGGGTCAGGGACA-1,C57BL6,0,0
ATAGGGGTCAGTACGC-1,C57BL6,0,0
ATAGGGGTCAGTGCTA-1,C57BL6,0,0
ATAGGGGTCCAATTCC-1,C57BL6,1,9
ATAGGGGTCCGGTCAG-1,OTI,3,98
ATAGGGGTCGTATCGA-1,OTI,1,124
ATAGGGGTCGTCTCCA-1,OTI,3,21
ATAGGGTAGACAACGG-1,C57BL6,0,0
ATAGGGTAGATGCTCA-1,OTI,5,62
ATAGGGTAGGCGAATG-1,C57BL6,0,0
ATAGGGTAGGTAGAGT-1,OTI,5,121
ATAGGGTAGGTAGTTT-1,C57BL6,0,0
ATAGTAACAACGCCAC-1,OTI,7,70
ATAGTAACAATGCGAA-1,C57BL6,0,0
ATAGTAACACCTAGCA-1,OTI,2,167
ATAGTAACACGGCTTA-1,OTI,0,0
ATAGTAACACTAATCA-1,OTI,0,0
ATAGTAACACTATTCT-1,OTI,3,13
ATAGTAACACTTAACA-1,C57BL6,0,0
ATAGTACTCAAAGGTA-1,OTI,0,0
ATAGTACTCACGCAGT-1,C57BL6,0,0
ATAGTACTCAGTATGT-1,OTI,1,3
ATAGTACTCCGGTTAA-1,OTI,1,6
ATAGTACTCGCGAAAG-1,OTI,1,10
ATAGTACTCGGACCCA-1,OTI,3,25
ATAGTACTCGGGTTCG-1,C57BL6,0,0
ATAGTACTCGGTACTA-1,OTI,4,166
ATAGTACTCGTCTTAC-1,C57BL6,1,2
ATAGTAGAGGTTCGAC-1,OTI,0,0
ATAGTCAGTAGCTTGG-1,C57BL6,0,0
ATAGTCAGTATCGCAG-1,C57BL6,0,0
ATAGTCAGTATCGTGG-1,OTI,8,283
ATAGTCAGTCACGTAG-1,OTI,2,20
ATAGTCAGTCTCGGTT-1,OTI,0,0
ATAGTCAGTGCATGGC-1,OTI,0,0
ATAGTCAGTGCGTCTT-1,C57BL6,2,7
ATAGTCAGTGGTAGTT-1,OTI,3,17
ATAGTCGTCAATGGTT-1,OTI,9,270
ATAGTCGTCAGGAAAC-1,OTI,3,48
ATAGTCGTCATAACTA-1,C57BL6,1,11
ATAGTCGTCATCAGGC-1,OTI,0,0
ATAGTCGTCGGCCATG-1,OTI,4,35
ATAGTCGTCGTTGACA-1,OTI,3,28
ATAGTGAAGATATACC-1,OTI,4,44
ATAGTGAAGATCGTAT-1,OTI,4,520
ATAGTGAAGATGCTCA-1,C57BL6,1,9
ATAGTGAAGCAAATGA-1,OTI,3,264
ATAGTGAAGCCCAACG-1,OTI,2,76
ATAGTGAAGCGGTTTA-1,OTI,2,399
ATAGTGAAGGTAGACG-1,OTI,8,120
ATAGTGCGTATTCGGG-1,OTI,2,13
ATAGTGCGTGCTTCGT-1,C57BL6,0,0
ATAGTGCGTGGCCTGG-1,OTI,1,42
ATAGTGCGTGGGTATT-1,C57BL6,0,0
ATAGTGCGTGTCGATG-1,OTI,2,29
ATAGTGTTCAAACCCA-1,OTI,7,297
ATAGTGTTCCAAGACC-1,OTI,0,0
ATAGTGTTCCGTTTCG-1,C57BL6,0,0
ATAGTGTTCCTCTGGC-1,C57BL6,0,0
ATAGTGTTCCTGCACC-1,C57BL6,0,0
ATAGTGTTCGCTACTT-1,C57BL6,0,0
ATAGTGTTCGTCAACA-1,OTI,3,258
ATATACCAGAACGTAA-1,OTI,2,44
ATATACCAGACGGGTA-1,C57BL6,0,0
ATATACCAGATATACC-1,OTI,5,92
ATATACCAGCATTCAG-1,OTI,7,64
ATATACCAGGCTCTAA-1,C57BL6,0,0
ATATACCAGGCTGGTT-1,OTI,3,137
ATATCACAGCATAACT-1,OTI,3,22
ATATCACAGCGTTACA-1,OTI,0,0
ATATCACAGCTCGAAC-1,OTI,3,25
ATATCACAGCTCTGGG-1,OTI,0,0
ATATCACAGGTCCGCA-1,OTI,0,0
ATATCACAGGTCCTCC-1,OTI,0,0
ATATCAGGTAATCCCC-1,OTI,1,1
ATATCAGGTACCACTC-1,OTI,2,25
ATATCAGGTACGCAAT-1,OTI,2,13
ATATCAGGTACTGCGA-1,C57BL6,1,1
ATATCAGGTATAAGGG-1,C57BL6,0,0
ATATCAGGTCAACTCC-1,C57BL6,0,0
ATATCAGGTCATTTCG-1,C57BL6,0,0
ATATCAGGTCCGTGTT-1,C57BL6,0,0
ATATCAGGTGCTTGCT-1,OTI,5,149
ATATCATCAAGAATAC-1,OTI,1,35
ATATCATCACACAGAA-1,OTI,0,0
ATATCATCAGCCATAT-1,OTI,2,25
ATATCATCAGCTTACG-1,OTI,1,68
ATATCATCAGTCCTAG-1,C57BL6,0,0
ATATCCCTCAATTGGT-1,OTI,1,3
ATATCCCTCCAATTCC-1,OTI,2,54
ATATCCCTCCCACCTA-1,OTI,2,2
ATATCCCTCCCTAGGG-1,C57BL6,0,0
ATATCCCTCGGACACT-1,C57BL6,2,4
ATATCCCTCGGGGTAA-1,C57BL6,2,2
ATATCCCTCGGGTCCA-1,OTI,3,9
ATATCCCTCGGTTAAT-1,OTI,1,46
ATATCCTGTGGTTGGC-1,C57BL6,1,23
ATATCCTGTGTAACGT-1,C57BL6,0,0
ATATCTGCAAGTCTTA-1,OTI,1,21
ATATCTGCACAACGGG-1,C57BL6,1,6
ATATCTGCACCTTCTA-1,C57BL6,1,2
ATATCTGCACTATCCC-1,C57BL6,1,10
ATATCTGCACTTAAAT-1,OTI,3,14
ATATCTGCAGGCTACC-1,C57BL6,1,5
ATATCTGCAGTGAGGT-1,OTI,2,19
ATATCTGCAGTTGGTT-1,OTI,6,140
ATATGAGAGATGAAGC-1,OTI,2,19
ATATGAGAGGCAACAG-1,C57BL6,0,0
ATATGCCCACCTGACA-1,OTI,3,387
ATATGGCGTATGTGTA-1,OTI,2,34
ATATGGCGTCAATTCT-1,OTI,2,68
ATATGGCGTCACCCTG-1,OTI,3,66
ATATGGCGTCATCATT-1,OTI,1,42
ATATGGCGTCGCGGAT-1,OTI,3,85
ATATGGCGTCGTTGCT-1,C57BL6,0,0
ATATGGCGTCTAAAGC-1,OTI,3,59
ATATGGCGTGCTCGGG-1,OTI,9,91
ATATGGTTCATAGTCG-1,OTI,0,0
ATATGGTTCCACAACA-1,OTI,2,12
ATATGGTTCCGGGATT-1,OTI,1,8
ATATGGTTCCGTACAA-1,OTI,2,30
ATATGTATCACTATCC-1,OTI,8,69
ATATGTATCAGCGCAT-1,C57BL6,0,0
ATATGTATCAGCGGTT-1,C57BL6,1,2
ATATGTATCATGGTAT-1,C57BL6,0,0
ATATGTATCCCATCAT-1,OTI,0,0
ATATGTATCCGACCCT-1,OTI,5,89
ATATGTATCCGCACTC-1,OTI,5,122
ATATGTATCCTCGGCT-1,OTI,3,81
ATATGTATCCTTATGC-1,C57BL6,0,0
ATATGTATCGGGTCCA-1,C57BL6,0,0
ATATGTGGTACATTAG-1,OTI,5,12
ATATGTGGTACCAGAT-1,OTI,1,2
ATATGTGGTACCATCC-1,C57BL6,6,57
ATATGTGGTCCGAAAT-1,OTI,0,0
ATATGTGGTCGCTTGT-1,C57BL6,2,75
ATATGTGGTGCCTCTG-1,OTI,0,0
ATATGTGGTGGTTTGG-1,OTI,1,224
ATATGTTCAACACAGA-1,OTI,1,269
ATATGTTCAACCTAAC-1,C57BL6,1,10
ATATGTTCACATTTAG-1,OTI,2,39
ATATGTTCACCAGGCT-1,OTI,2,18
ATATGTTCACGCGTTA-1,C57BL6,1,2
ATATTAGTCAACTGCA-1,OTI,1,6
ATATTAGTCATATTAG-1,OTI,2,57
ATATTAGTCCCACAGG-1,OTI,2,37
ATATTCCGTCAGGCGT-1,C57BL6,3,11
ATATTCCGTCTTATGT-1,C57BL6,1,6
ATATTCGCAAAATGAC-1,OTI,2,1629
ATATTCGCAACCTTAA-1,C57BL6,0,0
ATATTCGCAATGACAG-1,OTI,3,29
ATATTCGCAATGCACT-1,OTI,3,11
ATATTCGCAATGCCCA-1,OTI,2,19
ATATTCGCACGAACCC-1,C57BL6,0,0
ATATTGCAGAAGCGTG-1,OTI,3,4
ATATTGCAGATAAGCA-1,OTI,4,25
ATATTGCAGATGAAGC-1,OTI,2,10
ATATTGCAGCAGCGTT-1,OTI,1,9
ATATTGCAGCAGCTAC-1,OTI,2,193
ATATTGCAGCCATGCG-1,OTI,4,93
ATATTGCAGCCGGATT-1,OTI,0,0
ATATTGCAGCCGTCGA-1,OTI,1,2
ATATTGCAGGGGTACA-1,OTI,8,107
ATATTGCAGGTATCCA-1,OTI,6,250
ATATTGGGTAAGCATC-1,OTI,3,39
ATATTGGGTACATTTC-1,OTI,1,13
ATCAACCCACTCCATC-1,OTI,1,9
ATCAACCCAGGACGCA-1,C57BL6,0,0
ATCAACCCAGTGATTC-1,OTI,0,0
ATCAAGGCAAAGCCGG-1,OTI,13,458
ATCAAGGCACGCAACC-1,OTI,3,326
ATCAAGGCAGCACCTA-1,OTI,2,86
ATCAAGGCAGCATCGC-1,OTI,2,16
ATCAAGGCAGTACGCC-1,OTI,3,15
ATCAATATCAAACCAT-1,OTI,0,0
ATCAATATCACAGTTG-1,OTI,2,17
ATCAATATCCGTGTCC-1,OTI,3,9
ATCAATATCCTAAAGT-1,OTI,2,23
ATCAATATCCTAGCCC-1,OTI,13,560
ATCAATATCGGAAGCA-1,OTI,0,0
ATCAATATCGGTGTCG-1,C57BL6,0,0
ATCAATGGTATACTAG-1,C57BL6,0,0
ATCAATGGTATCAGTA-1,OTI,2,76
ATCAATGGTATCCGCT-1,OTI,0,0
ATCAATGGTCGTATAA-1,C57BL6,0,0
ATCAATGGTGCTGGGT-1,C57BL6,2,8
ATCAATGGTGTCGATG-1,OTI,3,41
ATCACATAGACACATT-1,C57BL6,0,0
ATCACATAGCACGCCA-1,C57BL6,0,0
ATCACATAGCGCTGCA-1,OTI,6,214
ATCACATAGCGTTGTA-1,OTI,1,11
ATCACATAGCTAGTGC-1,C57BL6,1,23
ATCACATAGGCAATCC-1,C57BL6,0,0
ATCACATAGGCTACCG-1,OTI,0,0
ATCACATAGGGGATTG-1,C57BL6,1,21
ATCACATAGGTAAGGT-1,OTI,3,646
ATCACCCGTACCCCAT-1,C57BL6,0,0
ATCACCCGTCACTTTG-1,C57BL6,1,5
ATCACCCGTCAGTCAG-1,OTI,2,33
ATCACCCGTCTGACTC-1,OTI,6,63
ATCACCCGTGCCTTGT-1,C57BL6,1,16
ATCACCCGTGCGAAGG-1,C57BL6,0,0
ATCACCCGTGGAGCCT-1,C57BL6,0,0
ATCACGGGTAAACTGC-1,OTI,2,481
ATCACGGGTAATGGAG-1,OTI,3,38
ATCACGGGTACTACTT-1,C57BL6,0,0
ATCACGGGTAGGGTAA-1,C57BL6,0,0
ATCACGGGTAGTACGT-1,OTI,3,21
ATCACGGGTATCGTGG-1,C57BL6,0,0
ATCACGGGTCCCTAGT-1,OTI,2,19
ATCACGGGTCCTTTGA-1,OTI,2,8
ATCACGGGTCGATTCC-1,OTI,3,145
ATCACGGGTCTGGCCC-1,OTI,2,28
ATCACGGGTCTGGTCT-1,OTI,3,270
ATCACGGGTCTTCTAG-1,C57BL6,0,0
ATCACGGGTGTCCCGC-1,C57BL6,2,11
ATCACGGGTGTGTTAA-1,OTI,4,55
ATCACGGGTGTTACTT-1,C57BL6,2,24
ATCACGGGTGTTCTAT-1,OTI,4,48
ATCACGTCAAGCGCAG-1,C57BL6,0,0
ATCACGTCACTTCTAT-1,OTI,6,518
ATCACGTCAGCTACAT-1,OTI,4,112
ATCACGTCAGTATTAT-1,C57BL6,0,0
ATCACTACAACTCGAT-1,C57BL6,1,3
ATCACTACAAGCCGAG-1,C57BL6,0,0
ATCACTACAATAGCGA-1,C57BL6,0,0
ATCACTACACTACATA-1,OTI,5,1229
ATCACTCTCAAATCCG-1,OTI,5,49
ATCACTCTCAACCCAA-1,C57BL6,1,34
ATCACTCTCCTCCTCT-1,OTI,5,177
ATCACTCTCGGACACT-1,OTI,5,134
ATCACTCTCGGCAACT-1,OTI,1,14
ATCAGAGCAAGGGGAA-1,OTI,4,566
ATCAGAGCAATCGTCG-1,OTI,3,374
ATCAGAGCACACGTCA-1,C57BL6,0,0
ATCAGAGCACCTAGAT-1,OTI,4,102
ATCAGAGCACGAAGGT-1,OTI,3,22
ATCAGAGCAGCAGGAT-1,OTI,3,96
ATCAGAGCAGCGCACT-1,OTI,1,8
ATCAGAGCAGTTAACC-1,C57BL6,0,0
ATCAGCATCAACGCTA-1,C57BL6,0,0
ATCAGCATCAGCGCCA-1,OTI,2,54
ATCAGCATCATGGCGT-1,OTI,4,35
ATCAGCATCCTATCCG-1,C57BL6,0,0
ATCAGCATCCTCCGAC-1,C57BL6,0,0
ATCAGCATCGTGGGTT-1,C57BL6,0,0
ATCAGCGGTCCACGGG-1,OTI,4,380
ATCAGCGGTCGACAGC-1,C57BL6,1,25
ATCAGCGGTCTCTAGC-1,OTI,0,0
ATCAGCGGTGTTATAG-1,OTI,0,0
ATCAGCTCAAAGGACC-1,OTI,3,168
ATCAGCTCACCAGCTA-1,OTI,2,35
ATCAGCTCACCCTATC-1,OTI,4,49
ATCAGCTCACCGTACA-1,C57BL6,0,0
ATCAGCTCAGCGGACA-1,OTI,2,21
ATCAGCTCAGCTACAT-1,OTI,4,421
ATCAGCTCAGCTACGC-1,OTI,4,167
ATCAGGACAAACACCT-1,OTI,1,15
ATCAGGACACCTTCCG-1,C57BL6,1,6
ATCAGGACACTATTCT-1,C57BL6,0,0
ATCAGGACAGTCAAGA-1,OTI,2,9
ATCAGGCTCATTAACA-1,C57BL6,0,0
ATCAGGGAGACATGGG-1,OTI,1,4
ATCAGGGAGAGCGGTA-1,OTI,4,62
ATCAGGGAGCCCTTAT-1,OTI,3,166
ATCAGGTGTATCATGA-1,OTI,2,114
ATCAGGTGTCAGGCCG-1,OTI,3,73
ATCAGGTGTCAGTGCA-1,C57BL6,0,0
ATCAGGTGTCTTGGAG-1,C57BL6,0,0
ATCAGGTGTGGTGGAG-1,OTI,0,0
ATCAGTAGTAACTTTC-1,C57BL6,0,0
ATCAGTAGTACGTCAG-1,OTI,2,58
ATCAGTAGTATAAGCC-1,OTI,3,18
ATCAGTAGTCATCGAG-1,OTI,4,23
ATCAGTAGTCCACGGG-1,OTI,4,374
ATCAGTAGTCCTTAAT-1,OTI,2,32
ATCAGTCCAAAACTAA-1,OTI,3,6
ATCAGTCCAAGGTTCT-1,OTI,7,366
ATCAGTCCACGGTGCT-1,OTI,5,127
ATCAGTCCACTCGGAC-1,OTI,1,1
ATCAGTCCAGTAAAGT-1,OTI,1,6
ATCAGTCCAGTTGAAG-1,OTI,6,52
ATCATCACAAAGTACG-1,OTI,4,231
ATCATCACAACTGCAT-1,OTI,1,1
ATCATCACAAGTGTTC-1,OTI,2,71
ATCATCACACAATTCA-1,C57BL6,0,0
ATCATCACACAGCACC-1,OTI,0,0
ATCATCACACGCTCAA-1,OTI,5,101
ATCATCACACGGCAAG-1,OTI,6,205
ATCATCACAGTACGGG-1,OTI,1,91
ATCATCCTCAAAGCCC-1,OTI,1,12
ATCATCCTCACGAACC-1,OTI,3,184
ATCATCCTCCTATGTC-1,C57BL6,1,17
ATCATCCTCGCCCGTT-1,OTI,1,3
ATCATCCTCGTGGTTA-1,OTI,3,8
ATCATCGAGACACCCG-1,OTI,4,88
ATCATCGAGAGCGACA-1,OTI,1,4
ATCATCGAGATCGGAG-1,OTI,2,74
ATCATCGAGCATTACG-1,OTI,1,4
ATCATCGAGGCCATCG-1,C57BL6,1,5
ATCATCTGTACGTCAG-1,OTI,1,5
ATCATCTGTAGGAGGT-1,OTI,1,64
ATCATCTGTAGTCCAG-1,OTI,0,0
ATCATCTGTATGTTAG-1,C57BL6,0,0
ATCATCTGTCATAGGT-1,C57BL6,1,11
ATCATCTGTCCTGTCG-1,OTI,3,101
ATCATCTGTCTATCCA-1,OTI,2,1183
ATCATCTGTCTATTGT-1,OTI,1,311
ATCATCTGTGCTTAGG-1,OTI,4,48
ATCATCTGTGGATATC-1,C57BL6,2,2
ATCATCTGTGTAACGT-1,C57BL6,1,11
ATCATGAGTAAGGTCT-1,C57BL6,1,9
ATCATGAGTAGGCTTG-1,OTI,2,22
ATCATGAGTATGATGC-1,OTI,3,91
ATCATGAGTATTCGTT-1,C57BL6,2,17
ATCATGAGTGTCCCAT-1,OTI,5,81
ATCATGAGTGTCCCTG-1,OTI,1,523
ATCATGCCAACGAGAC-1,OTI,6,525
ATCATGCCAACGCGAG-1,OTI,1,27
ATCATGCCAACTCACG-1,OTI,6,420
ATCATGCCAACTTAAT-1,OTI,2,24
ATCATGCCAATCGCGC-1,OTI,2,231
ATCATGCCACCTGCTT-1,OTI,0,0
ATCATGCCACGCGTAC-1,C57BL6,0,0
ATCATGCCACTCTCCG-1,OTI,4,158
ATCATGCCACTGGGCT-1,OTI,7,87
ATCATGCCAGGCGACA-1,C57BL6,1,3
ATCATTCGTATAAGCC-1,OTI,3,81
ATCATTCGTCATCTAT-1,OTI,0,0
ATCATTGCAACTGAAG-1,OTI,3,28
ATCATTGCACCAGGGA-1,OTI,0,0
ATCATTGCACCTTCTA-1,OTI,1,13
ATCATTGCACGAGTAA-1,OTI,2,46
ATCATTGCAGCTAGGG-1,OTI,4,8
ATCCAACCAAATCGAG-1,OTI,3,81
ATCCAACCAACGCTCA-1,C57BL6,0,0
ATCCAACCAACGTTAC-1,OTI,2,76
ATCCAACCAATTAAAG-1,OTI,8,86
ATCCAACCACAAGACA-1,OTI,1,61
ATCCAACCACATTCCC-1,C57BL6,1,8
ATCCAACCACGCTCAA-1,OTI,2,13
ATCCAACCAGCCAACC-1,OTI,1,17
ATCCAACCAGCCCTAA-1,C57BL6,5,11
ATCCAACCAGTGTAAG-1,OTI,0,0
ATCCAATAGACAGCGA-1,OTI,1,9
ATCCAATAGAGCGGAC-1,OTI,4,99
ATCCACAAGAAGCGAT-1,OTI,4,140
ATCCACAAGCAGCGTT-1,OTI,2,196
ATCCACAAGCGGTTCG-1,OTI,1,3
ATCCACAAGCTACATG-1,OTI,0,0
ATCCACAAGGCAGGGT-1,OTI,0,0
ATCCACAAGGGAGTAT-1,OTI,7,461
ATCCAGGGTAGGCCGT-1,C57BL6,0,0
ATCCAGGGTATCGCAG-1,OTI,2,1717
ATCCAGGGTCAAAGCT-1,C57BL6,3,3
ATCCAGGGTCAGCAAT-1,C57BL6,3,29
ATCCAGGGTCGTAGGC-1,OTI,8,31
ATCCAGGGTGGGCAAG-1,OTI,4,37
ATCCAGGGTGTCTCCG-1,OTI,5,63
ATCCCAAAGAACTTCG-1,OTI,2,14
ATCCCAAAGCACGTCG-1,C57BL6,0,0
ATCCCAAAGCTAGCTA-1,OTI,1,54
ATCCCAAAGGCTCATA-1,OTI,6,263
ATCCCATTCAGTTATA-1,OTI,3,113
ATCCCATTCCCGGCTT-1,OTI,5,172
ATCCCATTCCCTTTAA-1,OTI,1,2
ATCCCATTCCGGAAAG-1,C57BL6,0,0
ATCCCCATCAAACCTG-1,OTI,3,148
ATCCCCATCACTTCCG-1,OTI,0,0
ATCCCCATCCAATCAG-1,OTI,0,0
ATCCCCATCCGCCCAT-1,OTI,7,195
ATCCCCATCCTTGTCG-1,C57BL6,0,0
ATCCCCATCGGACGTT-1,C57BL6,0,0
ATCCCCATCGTCAACA-1,C57BL6,2,13
ATCCCCGGTAAGCCAT-1,OTI,9,186
ATCCCCGGTACCACAG-1,C57BL6,0,0
ATCCCCGGTCGTATAA-1,OTI,5,72
ATCCCCGGTCTATAAG-1,C57BL6,0,0
ATCCCCGGTGCGTAGC-1,C57BL6,0,0
ATCCCGACAACTAACC-1,OTI,8,42
ATCCCGACACAGTAAG-1,OTI,2,9
ATCCCGACACTAGTTA-1,OTI,5,55
ATCCCGCTCAATTGGT-1,OTI,0,0
ATCCCGCTCACGCAGT-1,OTI,2,676
ATCCCGCTCACGCTAA-1,C57BL6,0,0
ATCCCGCTCACTGTTC-1,C57BL6,0,0
ATCCCGCTCAGAGTAA-1,OTI,5,130
ATCCCGCTCATGCCTT-1,OTI,1,36
ATCCCGCTCCCCATTG-1,OTI,7,357
ATCCCGCTCCGGGAAA-1,OTI,3,39
ATCCCGCTCGGTAATT-1,C57BL6,1,3
ATCCCGCTCGTAGGTC-1,C57BL6,2,12
ATCCCTAGTACTTCAT-1,C57BL6,0,0
ATCCCTAGTATCATCT-1,OTI,2,58
ATCCCTAGTCATATTC-1,OTI,2,133
ATCCCTAGTCCGTCCA-1,OTI,3,68
ATCCCTAGTCTCTAAT-1,OTI,4,135
ATCCCTAGTGTCGTGA-1,OTI,3,62
ATCCGACAGAAGGCTG-1,OTI,1,10
ATCCGACAGAGCGACA-1,OTI,1,8
ATCCGACAGATCAGGG-1,OTI,2,9
ATCCGACAGATTATGC-1,OTI,7,176
ATCCGACAGCACTGTA-1,OTI,2,7
ATCCGACAGCCTTCAT-1,C57BL6,0,0
ATCCGACAGCGAACAG-1,C57BL6,1,18
ATCCGACAGCGTTACA-1,OTI,7,284
ATCCGACAGCTAGTGC-1,C57BL6,0,0
ATCCGACAGGGTACAG-1,C57BL6,1,1
ATCCGAGGTACTCTAT-1,OTI,0,0
ATCCGAGGTCATCGGA-1,OTI,2,27
ATCCGAGGTCATTTCG-1,C57BL6,0,0
ATCCGAGGTCCCATGT-1,OTI,0,0
ATCCGAGGTCCGCCGT-1,OTI,4,48
ATCCGAGGTGGTGATT-1,OTI,2,308
ATCCGAGGTGTCGTAG-1,OTI,1,1
ATCCGAGGTGTGTTGG-1,OTI,1,9
ATCCGCACAAAGGAGG-1,C57BL6,1,28
ATCCGCACAATACGCT-1,OTI,0,0
ATCCGCACACAACTTA-1,OTI,4,255
ATCCGCACACCAAGCC-1,OTI,6,23
ATCCGCACACTACTTT-1,OTI,5,203
ATCCGCACAGGCGACA-1,OTI,4,29
ATCCGCACAGTAAAGT-1,OTI,0,0
ATCCGCACAGTCTCGA-1,C57BL6,5,299
ATCCGCCTCAACGTGC-1,C57BL6,0,0
ATCCGCCTCACCTTAC-1,OTI,0,0
ATCCGCCTCACTGACA-1,OTI,7,99
ATCCGCCTCCTCGAAA-1,C57BL6,6,6
ATCCGCTGTACCCATC-1,C57BL6,1,2
ATCCGCTGTAGTGTCG-1,C57BL6,0,0
ATCCGCTGTATGCGAT-1,OTI,5,7
ATCCGCTGTCCGTCTG-1,OTI,3,16
ATCCGCTGTGGGACCT-1,OTI,12,108
ATCCGCTGTGGGCGTT-1,C57BL6,0,0
ATCCGCTGTGTTCTAT-1,OTI,5,130
ATCCGGAGTAGCGCGT-1,OTI,2,7
ATCCGGAGTAGGAAAT-1,OTI,1,40
ATCCGGAGTATGCGAT-1,C57BL6,0,0
ATCCGGAGTCAAGGTT-1,OTI,0,0
ATCCGGAGTCACCCAT-1,OTI,1,20
ATCCGGAGTCCACGGG-1,C57BL6,0,0
ATCCGGAGTCTAATTC-1,C57BL6,1,8
ATCCGGAGTGTTAAGC-1,C57BL6,0,0
ATCCGGCCAAACTCTA-1,OTI,4,291
ATCCGGCCAAAGCGTA-1,OTI,3,18
ATCCGGCCAAATCTAT-1,OTI,4,27
ATCCGGCCAATGCCGC-1,C57BL6,0,0
ATCCGGCCAATTCAGC-1,C57BL6,2,9
ATCCGGCCACAAATGG-1,OTI,3,157
ATCCGGCCACCAAGGG-1,OTI,6,66
ATCCGGCCACTCGGGT-1,OTI,1,309
ATCCGGCCAGGTGATA-1,OTI,1,34
ATCCGGCCAGTATGGA-1,OTI,11,425
ATCCGGCCAGTGTCGC-1,OTI,2,55
ATCCGTAAGACCCATA-1,OTI,9,225
ATCCGTAAGAGTCTTG-1,C57BL6,0,0
ATCCGTAAGATGCATT-1,C57BL6,0,0
ATCCGTAAGCCACATA-1,OTI,9,200
ATCCGTAAGCCTTCAT-1,OTI,2,34
ATCCGTAAGCGCTGCA-1,OTI,3,225
ATCCGTAAGGCGAGTA-1,C57BL6,0,0
ATCCGTAAGGGATGAT-1,OTI,2,58
ATCCGTCGTAACGCAT-1,OTI,8,398
ATCCGTCGTAATGGAG-1,C57BL6,2,57
ATCCGTCGTAATGGGA-1,OTI,2,272
ATCCGTCGTATATGGC-1,OTI,2,70
ATCCGTCGTATTATCC-1,C57BL6,0,0
ATCCGTCGTCGCGCTC-1,OTI,3,90
ATCCGTCGTGCTACCT-1,C57BL6,0,0
ATCCGTCGTGGGTAGG-1,OTI,1,5
ATCCGTTTCAACACGC-1,C57BL6,0,0
ATCCGTTTCACCAAAT-1,OTI,7,34
ATCCGTTTCAGTATGT-1,OTI,0,0
ATCCGTTTCCACCAAA-1,C57BL6,0,0
ATCCGTTTCCGGAAAG-1,OTI,0,0
ATCCGTTTCGTAGGTC-1,OTI,0,0
ATCCTAACAACAAGAT-1,OTI,2,9
ATCCTAACAACGAGAC-1,C57BL6,0,0
ATCCTAACAATTCAGC-1,OTI,5,30
ATCCTAACACACTCGA-1,OTI,5,277
ATCCTAACACTAGGCC-1,OTI,7,122
ATCCTAACACTGGGCT-1,C57BL6,2,2
ATCCTAACAGGACATA-1,C57BL6,0,0
ATCCTAACAGTATACC-1,OTI,0,0
ATCCTACTCAATGTAC-1,OTI,6,105
ATCCTACTCACGCAAC-1,OTI,13,1188
ATCCTACTCACGCTCC-1,C57BL6,0,0
ATCCTACTCAGACTTG-1,C57BL6,1,8
ATCCTACTCATCATCC-1,OTI,10,170
ATCCTACTCATGGACC-1,OTI,7,143
ATCCTACTCCTAAACG-1,C57BL6,1,12
ATCCTACTCGCGTCAG-1,OTI,0,0
ATCCTAGAGAGTGGCA-1,C57BL6,0,0
ATCCTAGAGAGTTGAA-1,OTI,6,181
ATCCTAGAGATCCTAG-1,OTI,10,668
ATCCTAGAGCGACAAG-1,C57BL6,2,2
ATCCTAGAGCTTGTGA-1,OTI,4,26
ATCCTAGAGGTTGTGC-1,OTI,1,18
ATCCTATGTAGCCAGC-1,C57BL6,2,10
ATCCTATGTCATAGGT-1,OTI,0,0
ATCCTATGTCGCGTCC-1,OTI,0,0
ATCCTATGTCTGCGCC-1,C57BL6,0,0
ATCCTATGTGCACGTA-1,C57BL6,4,4
ATCCTATGTGCACTAG-1,OTI,4,51
ATCCTGAAGAACGAAC-1,C57BL6,0,0
ATCCTGAAGAATCAAG-1,OTI,4,42
ATCCTGAAGACATGCC-1,C57BL6,1,6
ATCCTGAAGCAAGATA-1,OTI,1,184
ATCCTGAAGCAATTAC-1,OTI,3,17
ATCCTGAAGCACTGTA-1,C57BL6,0,0
ATCCTGAAGCATCTAG-1,OTI,2,14
ATCCTGAAGCATTCGA-1,C57BL6,1,3
ATCCTGAAGCGCTGTG-1,C57BL6,1,2
ATCCTGAAGGGGCGAT-1,C57BL6,0,0
ATCCTGCGTACATAGC-1,OTI,7,318
ATCCTGCGTATCACGG-1,OTI,3,71
ATCCTGCGTATCAGTA-1,OTI,0,0
ATCCTGCGTATTCGTT-1,OTI,1,11
ATCCTGCGTCATCGAG-1,OTI,0,0
ATCCTGCGTCGGTTAG-1,C57BL6,0,0
ATCCTTATCAGGGCAA-1,C57BL6,5,12
ATCCTTATCGCGTGTG-1,C57BL6,0,0
ATCCTTATCGCTCATT-1,OTI,0,0
ATCCTTATCGGCCAAT-1,C57BL6,0,0
ATCGAAGCAAAGTAAC-1,OTI,0,0
ATCGAAGCAAATACAA-1,C57BL6,5,5
ATCGAAGCAAGTACGA-1,OTI,6,85
ATCGAAGCAATATCAT-1,OTI,2,21
ATCGAAGCAATTGTAT-1,C57BL6,0,0
ATCGAAGCACAAGCCC-1,OTI,0,0
ATCGAAGCACAATTCA-1,OTI,0,0
ATCGAAGCACCCTAGA-1,OTI,4,292
ATCGAAGCACTCGCAA-1,C57BL6,1,6
ATCGAAGCAGTATGCT-1,C57BL6,0,0
ATCGACATCAACGTTG-1,C57BL6,0,0
ATCGACATCACTCCTG-1,OTI,3,54
ATCGACATCATATGGT-1,OTI,0,0
ATCGACATCATGCTTC-1,OTI,3,20
ATCGACATCATTGGCA-1,C57BL6,4,15
ATCGACATCCTCCAGC-1,C57BL6,0,0
ATCGACCAGAGCGACA-1,OTI,4,115
ATCGACCAGAGTCCCG-1,OTI,1,8
ATCGACCAGCCACTTT-1,OTI,5,160
ATCGACCAGCCAGCAT-1,OTI,1,3
ATCGACCAGCTGTTGA-1,OTI,7,152
ATCGACCAGGCTACCG-1,C57BL6,0,0
ATCGACCAGGTATGGG-1,OTI,2,49
ATCGACTCAACAGTCT-1,C57BL6,0,0
ATCGACTCAACGACCC-1,OTI,1,4
ATCGACTCAATCGCCA-1,OTI,5,179
ATCGACTCACCAATTA-1,OTI,4,36
ATCGACTCACCACTCT-1,C57BL6,1,4
ATCGACTCACTAACTA-1,OTI,2,15
ATCGACTCAGCTCTAG-1,OTI,0,0
ATCGAGACAAAATGAC-1,OTI,0,0
ATCGAGACAAACCACT-1,OTI,3,113
ATCGAGACAATGGGAC-1,C57BL6,1,27
ATCGAGACAATTGCTA-1,OTI,2,9
ATCGAGACACGTAGGG-1,OTI,3,185
ATCGAGACAGCTCGGT-1,C57BL6,0,0
ATCGAGACAGTATGGA-1,C57BL6,0,0
ATCGAGACAGTCAACT-1,C57BL6,0,0
ATCGAGTGTAAGTGTC-1,OTI,8,589
ATCGAGTGTAGCAATC-1,C57BL6,0,0
ATCGAGTGTATGCCTC-1,OTI,5,96
ATCGATTAGATCCACA-1,C57BL6,1,3
ATCGATTAGCACAAGG-1,OTI,3,230
ATCGATTAGCCATATG-1,C57BL6,1,6
ATCGCAGGTATAGGGA-1,C57BL6,0,0
ATCGCAGGTCAACGTG-1,OTI,0,0
ATCGCAGGTCAGCATG-1,OTI,4,102
ATCGCAGGTCGCAAAT-1,OTI,1,13
ATCGCAGGTGGTAAAG-1,C57BL6,3,4
ATCGCATCAAAGCATG-1,C57BL6,0,0
ATCGCATCAAAGTATA-1,OTI,14,190
ATCGCATCAAATTGCC-1,OTI,12,289
ATCGCATCAACCCACA-1,OTI,1,56
ATCGCATCAATCATTG-1,OTI,5,274
ATCGCATCACCAGACC-1,OTI,1,5
ATCGCATCACCCTTAC-1,OTI,3,216
ATCGCATCAGCCTTTC-1,OTI,1,1
ATCGCCACAAAAGGCC-1,C57BL6,1,10
ATCGCCACAAATCGAG-1,C57BL6,0,0
ATCGCCACAACGCAGG-1,C57BL6,0,0
ATCGCCACAATAACCC-1,C57BL6,0,0
ATCGCCACACGTACGC-1,OTI,3,61
ATCGCCCTCAATTGGT-1,C57BL6,0,0
ATCGCCCTCACGAACC-1,OTI,6,373
ATCGCCCTCACTCTTA-1,OTI,0,0
ATCGCCCTCCACCCAC-1,OTI,2,14
ATCGCCCTCCCGCGTT-1,OTI,3,16
ATCGCCCTCCGCCGTT-1,OTI,9,382
ATCGCCCTCCGGCCTT-1,C57BL6,0,0
ATCGCCCTCGCAATAT-1,OTI,3,39
ATCGCCCTCGGTCGCA-1,OTI,4,34
ATCGCCCTCGTGTTGA-1,C57BL6,0,0
ATCGCGAGTAAACCGT-1,C57BL6,0,0
ATCGCGAGTAACCGGC-1,OTI,3,64
ATCGCGAGTAGGCCGT-1,OTI,3,28
ATCGCGAGTATCTTGT-1,C57BL6,0,0
ATCGCGAGTATTGTCT-1,OTI,4,186
ATCGCGAGTCCATTTG-1,C57BL6,0,0
ATCGCGAGTCCCAATC-1,OTI,0,0
ATCGCGAGTCCGAATG-1,OTI,0,0
ATCGCGAGTCGCGGAT-1,C57BL6,1,6
ATCGCGAGTGGTTGTG-1,OTI,0,0
ATCGCGAGTGTAATTG-1,OTI,0,0
ATCGCGAGTGTTGTGG-1,OTI,0,0
ATCGCGCCACATCGCA-1,OTI,4,56
ATCGCGCCACCGTAAT-1,OTI,2,8
ATCGCGGTCACTTTCA-1,C57BL6,0,0
ATCGCGGTCCAGGATC-1,OTI,2,16
ATCGCGGTCCCTGTCA-1,OTI,2,584
ATCGCGGTCGCTGGCA-1,OTI,2,69
ATCGCGTAGACAGTTT-1,C57BL6,0,0
ATCGCTCGTAAGTGAG-1,OTI,0,0
ATCGCTCGTACATTCT-1,C57BL6,0,0
ATCGCTCGTACCTGCT-1,OTI,2,89
ATCGCTCGTAGCTTCC-1,OTI,0,0
ATCGCTCGTCGATAGT-1,OTI,2,14
ATCGCTCGTGCCTCGC-1,C57BL6,3,26
ATCGCTCGTGTATGTA-1,OTI,2,16
ATCGCTTTCACCTCCA-1,OTI,2,15
ATCGGACTCAGGGCAA-1,OTI,1,25
ATCGGACTCCAACACA-1,OTI,4,440
ATCGGACTCGGTCAAC-1,C57BL6,0,0
ATCGGACTCGTCTCTG-1,C57BL6,2,4
ATCGGAGAGAACCCGT-1,OTI,3,277
ATCGGAGAGATAATCC-1,OTI,1,26
ATCGGAGAGCCAAAGG-1,OTI,5,51
ATCGGAGAGGGTTTCA-1,OTI,2,28
ATCGGCCCAACACGCC-1,C57BL6,3,37
ATCGGCCCAATAAGGT-1,OTI,10,254
ATCGGCCCACACACGC-1,OTI,5,417
ATCGGCCCACGGGGTA-1,OTI,3,107
ATCGGCCCACGGTGTC-1,OTI,1,9
ATCGGCCCACTGCACA-1,OTI,3,34
ATCGGCCCAGCCACTA-1,C57BL6,0,0
ATCGGCCCAGCGAAAC-1,C57BL6,0,0
ATCGGCGTCCATTCTA-1,C57BL6,0,0
ATCGGCGTCCCGACTC-1,OTI,2,2
ATCGGCGTCGTTAGCA-1,OTI,3,59
ATCGGGCGTAAATGGG-1,OTI,2,3
ATCGGGCGTCGCACCC-1,C57BL6,1,7
ATCGGGGCAACGTTTA-1,OTI,6,197
ATCGGGGCAATCGCCA-1,OTI,2,142
ATCGGGGCAGCCTTAG-1,OTI,1,3
ATCGGGGCAGGGGCTA-1,C57BL6,0,0
ATCGGGTTCAAACTTA-1,OTI,0,0
ATCGGGTTCAGCCCCT-1,OTI,8,168
ATCGGGTTCATCGGGT-1,OTI,3,354
ATCGGGTTCCCATATC-1,C57BL6,0,0
ATCGGGTTCCCATCGC-1,C57BL6,0,0
ATCGGGTTCCGTATCT-1,OTI,3,82
ATCGGGTTCCTCTGGC-1,OTI,4,45
ATCGGGTTCGCACGTG-1,OTI,2,21
ATCGGGTTCGCTATCT-1,C57BL6,0,0
ATCGGTCAGAACGATA-1,C57BL6,2,12
ATCGGTCAGAATTGAG-1,C57BL6,0,0
ATCGGTCAGGGAATAC-1,OTI,3,71
ATCGGTCAGGTCCGAT-1,OTI,2,90
ATCGTACCAAACCATC-1,C57BL6,0,0
ATCGTACCAAACGGGT-1,C57BL6,0,0
ATCGTACCAATCGCCA-1,OTI,0,0
ATCGTACCACACCTCT-1,OTI,1,7
ATCGTACCACCACGGT-1,OTI,1,11
ATCGTACCACCATGCA-1,OTI,2,5
ATCGTACCACGCTCAA-1,OTI,0,0
ATCGTACCAGTAATCC-1,OTI,11,297
ATCGTATAGAACCAGG-1,C57BL6,3,27
ATCGTATAGCATAGGG-1,C57BL6,0,0
ATCGTATAGCATCACA-1,C57BL6,0,0
ATCGTATAGCCTTGCC-1,C57BL6,1,3
ATCGTATAGCTAGATT-1,OTI,6,229
ATCGTATAGCTAGTGC-1,OTI,5,470
ATCGTATAGGTTATCG-1,C57BL6,0,0
ATCGTCGCAAATCGGA-1,OTI,1,7
ATCGTCGCAAATTGCC-1,C57BL6,1,7
ATCGTCGCAACTGGAA-1,C57BL6,0,0
ATCGTCGCAAGAGAGG-1,OTI,11,393
ATCGTCGCACGTTCAG-1,C57BL6,1,9
ATCGTCGCACTGGCAC-1,OTI,4,273
ATCGTCGCAGCCAAGG-1,OTI,5,16
ATCGTCGCAGCCTTTC-1,OTI,3,19
ATCGTCGCAGGCACTC-1,OTI,2,23
ATCGTCGCAGGTAACA-1,OTI,1,9
ATCGTCGCAGTCATAC-1,OTI,8,251
ATCGTCGCAGTCCACA-1,OTI,4,124
ATCGTGGGTAAATTCG-1,OTI,3,121
ATCGTGGGTATCATGA-1,OTI,0,0
ATCGTGGGTCCGTCCA-1,C57BL6,1,6
ATCGTGGGTGTAGGTT-1,OTI,2,54
ATCGTGGGTGTGTTGG-1,C57BL6,1,9
ATCGTTGAGAACGTAA-1,C57BL6,0,0
ATCGTTGAGCACCATA-1,C57BL6,0,0
ATCGTTGAGCCGACAT-1,OTI,0,0
ATCGTTGAGCGAACGA-1,OTI,0,0
ATCGTTGAGCTGGCAT-1,OTI,5,777
ATCGTTGAGCTTCTAC-1,OTI,6,208
ATCGTTGAGGGTGTTC-1,OTI,2,103
ATCGTTGAGGTAAGGT-1,C57BL6,1,4
ATCTCACTCACGTATG-1,OTI,1,69
ATCTCACTCAGGTTCA-1,C57BL6,7,8
ATCTCACTCAGTGAAA-1,OTI,4,49
ATCTCACTCATCACTC-1,OTI,1,63
ATCTCACTCATGGGTC-1,OTI,1,8
ATCTCACTCCTAAGCA-1,C57BL6,0,0
ATCTCACTCGCGTCGA-1,OTI,7,145
ATCTCACTCGTGGCAT-1,C57BL6,0,0
ATCTCATGTAACGCCA-1,OTI,4,91
ATCTCATGTACCATCC-1,OTI,10,230
ATCTCATGTACTCAGG-1,OTI,1,7
ATCTCATGTACTGGGC-1,OTI,3,4
ATCTCATGTATATCAG-1,OTI,0,0
ATCTCATGTATTACAG-1,C57BL6,0,0
ATCTCATGTGCCATTC-1,C57BL6,2,11
ATCTCATGTGTATGCG-1,OTI,0,0
ATCTCCGTCAGTTGTG-1,OTI,0,0
ATCTCCGTCATCCCAT-1,OTI,1,1
ATCTCCGTCATGGTTG-1,C57BL6,2,9
ATCTCCGTCCATCGCC-1,C57BL6,1,4
ATCTCCGTCCCTATGT-1,C57BL6,0,0
ATCTCCGTCGTACAAT-1,OTI,2,31
ATCTCGAAGAAACCCC-1,OTI,1,8
ATCTCGAAGCATGTCA-1,OTI,9,441
ATCTCGAAGCCCATTT-1,OTI,1,20
ATCTCGCGTCAGCTTC-1,C57BL6,0,0
ATCTCGCGTCAGTTCC-1,OTI,3,175
ATCTCGCGTGGGTGCT-1,OTI,4,174
ATCTCGCGTGTGCCCC-1,OTI,5,105
ATCTCTATCACATGTG-1,OTI,8,303
ATCTCTATCACTATAA-1,C57BL6,0,0
ATCTCTATCACTCCTG-1,OTI,2,222
ATCTCTATCATAACGT-1,OTI,0,0
ATCTCTATCCAATACG-1,OTI,4,26
ATCTCTATCCCTTCTC-1,OTI,4,15
ATCTCTATCCGTACAA-1,OTI,3,15
ATCTCTATCGCGTGCA-1,OTI,0,0
ATCTCTGGTAATCCGG-1,OTI,3,36
ATCTCTGGTAGCCCTT-1,OTI,0,0
ATCTCTGGTATGCCGA-1,OTI,1,55
ATCTCTGGTATGTACA-1,OTI,5,63
ATCTCTGGTCATCGAG-1,C57BL6,1,1
ATCTCTGGTGGATATC-1,OTI,1,5
ATCTCTGGTGTACGTG-1,OTI,4,28
ATCTCTTCAAATTACT-1,OTI,3,37
ATCTCTTCAACGTCGC-1,C57BL6,0,0
ATCTCTTCAACTGTCG-1,C57BL6,0,0
ATCTCTTCAAGGCTCC-1,C57BL6,0,0
ATCTCTTCACCCTCAT-1,C57BL6,1,4
ATCTCTTCACTCCATC-1,OTI,3,1077
ATCTGACCAAACGCGG-1,OTI,4,171
ATCTGACCAAATCTAT-1,OTI,3,14
ATCTGACCACAACTCG-1,C57BL6,0,0
ATCTGACCACTGGAGG-1,OTI,8,42
ATCTGACCAGCATCGC-1,OTI,3,74
ATCTGACCAGGAACGT-1,OTI,2,10
ATCTGACCAGGCGTAG-1,C57BL6,1,11
ATCTGACCAGTATTAT-1,OTI,3,39
ATCTGCAAGACCACGT-1,OTI,3,268
ATCTGCAAGATCGTAT-1,OTI,3,219
ATCTGCAAGCGGATTC-1,C57BL6,0,0
ATCTGCCGTAGCTGGC-1,OTI,1,6
ATCTGCCGTCCAGAAT-1,OTI,3,216
ATCTGCCGTCGCGGAT-1,C57BL6,0,0
ATCTGCCGTGCTCGGG-1,OTI,2,22
ATCTGGGGTAAACCGT-1,C57BL6,0,0
ATCTGGGGTAAGGTAG-1,OTI,0,0
ATCTGGGGTATGTACA-1,OTI,2,189
ATCTGGGGTCTCTCGG-1,OTI,1,11
ATCTGGGGTGCCCTAT-1,C57BL6,1,1
ATCTGTTGTATACTTC-1,OTI,4,43
ATCTTAGCAACGAACA-1,OTI,1,3
ATCTTAGCACAATGTC-1,C57BL6,0,0
ATCTTAGCACACGTCA-1,OTI,4,122
ATCTTAGCACGGCAAG-1,C57BL6,1,2
ATCTTAGCACTGAAAG-1,C57BL6,0,0
ATCTTCATCCGAATCA-1,C57BL6,0,0
ATCTTCATCCTAGCTT-1,OTI,1,4
ATCTTCCAGCGGTTCG-1,OTI,4,103
ATCTTCCAGCTAGCCG-1,C57BL6,1,11
ATCTTCCAGGCAGGGT-1,OTI,2,6
ATCTTCCAGGGAAGCC-1,C57BL6,1,7
ATCTTCGGTAAGGTTC-1,OTI,2,701
ATCTTCGGTATAGTCA-1,OTI,1,7
ATCTTCGGTCCGCATT-1,OTI,0,0
ATCTTCGGTCGGTGTA-1,C57BL6,1,7
ATCTTCGGTCTGTGGA-1,OTI,0,0
ATCTTCGGTCTGTTGC-1,C57BL6,1,4
ATCTTCGGTGGCAATT-1,OTI,0,0
ATCTTCGGTGGTGCCG-1,OTI,2,30
ATCTTCGGTGGTGTGC-1,OTI,0,0
ATCTTGGAGAACCCGT-1,C57BL6,0,0
ATCTTGGAGAAGGTTA-1,OTI,1,76
ATCTTGGAGATAAGTG-1,OTI,2,247
ATCTTGGAGCAAGATA-1,OTI,2,276
ATCTTGGAGCACCAAC-1,OTI,1,11
ATCTTGGAGCACCATA-1,OTI,3,412
ATCTTGGAGCTCAGCG-1,C57BL6,0,0
ATCTTGTGTACGCAAT-1,OTI,5,107
ATCTTGTGTCAGGTGC-1,OTI,5,155
ATCTTGTGTCCAACGA-1,C57BL6,0,0
ATCTTGTGTCCTCTCC-1,C57BL6,1,10
ATCTTGTGTCTAATGA-1,OTI,1,77
ATCTTGTGTCTTGTAT-1,C57BL6,3,122
ATCTTGTGTGCGAATT-1,OTI,3,45
ATCTTGTGTGGTCCCC-1,C57BL6,0,0
ATGAAACCAAATTGAA-1,C57BL6,1,4
ATGAAACCAAGCTATC-1,C57BL6,1,4
ATGAAACCAATACCTA-1,OTI,2,76
ATGAAACCAATGATCC-1,OTI,5,45
ATGAAACCACCTCATC-1,OTI,0,0
ATGAAACCACGCAGGA-1,OTI,1,2
ATGAAACCAGTTCGCA-1,OTI,1,7
ATGAAAGTCAATTCCC-1,OTI,1,72
ATGAAAGTCACGAGCT-1,OTI,1,2
ATGAAAGTCATAAGCT-1,C57BL6,0,0
ATGAAAGTCATCCTTA-1,OTI,2,39
ATGAAAGTCGCACAAC-1,OTI,1,2
ATGAAGCAGAACGTAA-1,C57BL6,0,0
ATGAAGCAGACTTTCC-1,OTI,3,47
ATGAAGCAGCCATATG-1,C57BL6,1,4
ATGAAGCAGGCCTGCA-1,C57BL6,0,0
ATGAAGGGTAATGGGA-1,OTI,2,243
ATGAAGGGTATACTAG-1,C57BL6,0,0
ATGAAGGGTCACGCTT-1,OTI,0,0
ATGAAGGGTCACTATT-1,OTI,4,193
ATGAAGGGTCCGGCCT-1,C57BL6,1,16
ATGAAGGGTCCTGCGC-1,C57BL6,0,0
ATGAAGGGTCTACTGC-1,OTI,3,32
ATGAAGGGTGTCGTAG-1,OTI,6,146
ATGAATACAACCAACT-1,C57BL6,0,0
ATGAATACAACTTAAT-1,OTI,0,0
ATGAATACACGACGGA-1,OTI,2,88
ATGAATACACGGTGCT-1,C57BL6,0,0
ATGAATACAGCGACGA-1,OTI,2,44
ATGAATACAGGGTCAG-1,OTI,1,5
ATGAATACAGTGTCGC-1,OTI,5,60
ATGAATCTCAGTCCTT-1,C57BL6,0,0
ATGACAGCAAAGCGTA-1,OTI,1,20
ATGACAGCACTAGGGG-1,C57BL6,1,4
ATGACAGCAGGGTATA-1,OTI,2,21
ATGACAGCAGGTATTC-1,C57BL6,0,0
ATGACCATCACACGTA-1,OTI,4,95
ATGACCATCACGAACC-1,OTI,2,6
ATGACCATCACTTGCT-1,OTI,7,236
ATGACCATCATCATCC-1,OTI,0,0
ATGACCATCATCGCCC-1,OTI,2,13
ATGACCATCCATGGCG-1,OTI,5,24
ATGACCATCGCCACTC-1,OTI,4,110
ATGACCATCGGCTTGG-1,C57BL6,5,11
ATGACCTCAAACGTTC-1,OTI,4,100
ATGACCTCAAGACAGC-1,OTI,1,20
ATGACCTCAATCGCGC-1,OTI,2,154
ATGACCTCAATGGACA-1,C57BL6,5,23
ATGACCTCACTCACTC-1,OTI,0,0
ATGACCTCAGGAAGGA-1,OTI,4,27
ATGACGACAACGCGCT-1,OTI,1,1
ATGACGACAAGAATTA-1,OTI,4,47
ATGACGACACCTAGGC-1,C57BL6,0,0
ATGACGACACGCAACC-1,C57BL6,0,0
ATGACGACACGCGTTA-1,OTI,4,21
ATGACGACACTGCAAT-1,OTI,2,153
ATGACGACAGCTAGCC-1,OTI,3,22
ATGACGACAGTGGACG-1,OTI,0,0
ATGACGGAGAAGCCGA-1,C57BL6,0,0
ATGACGGAGATAAGTG-1,C57BL6,3,161
ATGACGGAGCAATTGT-1,OTI,6,150
ATGACGGAGCATAGCC-1,OTI,0,0
ATGACGGAGCCCAACG-1,OTI,4,216
ATGACGGAGCGAACGA-1,C57BL6,1,13
ATGACGGAGCTACGTA-1,C57BL6,2,18
ATGACGGAGGCTTCCC-1,OTI,0,0
ATGACGGAGGTTCAGC-1,OTI,1,8
ATGAGAGGTAGGGCGA-1,C57BL6,1,10
ATGAGAGGTATAGGAG-1,OTI,0,0
ATGAGAGGTCCTGTAC-1,C57BL6,1,5
ATGAGAGGTCTAACCC-1,OTI,0,0
ATGAGAGGTGTAAGTC-1,OTI,2,140
ATGAGCTGTATAAGCC-1,OTI,1,56
ATGAGCTGTCAAGGTT-1,OTI,4,109
ATGAGCTGTCACAGCA-1,C57BL6,1,25
ATGAGCTGTCAGGATT-1,OTI,0,0
ATGAGCTGTCATGTGG-1,C57BL6,0,0
ATGAGCTGTCCGTCCA-1,OTI,7,288
ATGAGCTGTCTGGTGA-1,OTI,1,11
ATGAGCTGTGCCCCGT-1,OTI,1,3
ATGAGCTGTGCGTCTT-1,C57BL6,0,0
ATGAGGAGTACGGATT-1,OTI,3,26
ATGAGGAGTAGGAGTA-1,C57BL6,0,0
ATGAGGAGTCGACTTC-1,OTI,0,0
ATGAGGAGTCGAGGCT-1,OTI,1,53
ATGAGGTAGAAGCCAG-1,C57BL6,0,0
ATGAGGTAGCAAGACG-1,OTI,2,11
ATGAGGTAGCCATCAA-1,OTI,6,113
ATGAGGTAGCTGACAC-1,OTI,3,3
ATGAGGTAGGTTCAGC-1,C57BL6,0,0
ATGAGTAAGAAAGCTA-1,C57BL6,0,0
ATGAGTAAGAAATCAG-1,C57BL6,1,6
ATGAGTAAGAGTCCCG-1,C57BL6,1,1
ATGAGTAAGCCCAACG-1,OTI,0,0
ATGAGTAAGCGCGTCA-1,OTI,3,115
ATGAGTAAGCGGGATA-1,OTI,2,21
ATGAGTCGTAACCCCT-1,C57BL6,1,7
ATGAGTCGTACGGTCA-1,OTI,6,3633
ATGAGTCGTAGCCCTT-1,OTI,0,0
ATGAGTCGTCGTAGGC-1,OTI,5,153
ATGAGTCGTCGTGGTA-1,OTI,6,68
ATGAGTCGTCGTTGGA-1,OTI,3,14
ATGAGTCGTCTGATAA-1,OTI,2,13
ATGAGTTTCATGCAGC-1,OTI,0,0
ATGAGTTTCCCGCATC-1,OTI,3,27
ATGAGTTTCCTAGTCT-1,OTI,2,6
ATGAGTTTCGTTGGCG-1,OTI,2,43
ATGATCCCAAATACCC-1,OTI,3,154
ATGATCCCAAGCTTCG-1,C57BL6,0,0
ATGATCCCAATTAATC-1,OTI,1,3
ATGATCCCACTCGGTA-1,C57BL6,0,0
ATGATCCCAGGAGTTA-1,OTI,1,33
ATGATGAAGAAGGTGT-1,OTI,0,0
ATGATGAAGAGGTAAC-1,OTI,0,0
ATGATGAAGCACCAAC-1,OTI,2,2
ATGATGAAGGTCGACT-1,C57BL6,0,0
ATGATGCGTAAGCCAT-1,OTI,2,19
ATGATGCGTACCCCAT-1,C57BL6,1,7
ATGATGCGTATACGGT-1,OTI,4,79
ATGATGCGTCCTCTGG-1,OTI,2,69
ATGATGCGTCGTCTTA-1,OTI,11,154
ATGATGCGTCTGTGAG-1,C57BL6,0,0
ATGATGCGTGGCGAAG-1,OTI,2,11
ATGATGCGTGTCCATC-1,C57BL6,3,69
ATGATGTTCACCAAAT-1,OTI,0,0
ATGATGTTCCAGTCAA-1,OTI,4,50
ATGATGTTCCTCGCAC-1,OTI,1,11
ATGATGTTCGCTGTAA-1,OTI,0,0
ATGATGTTCGGACCTG-1,OTI,5,83
ATGATGTTCGTAAATC-1,C57BL6,2,3
ATGATGTTCGTAAGCC-1,OTI,4,90
ATGATGTTCGTGTTGA-1,OTI,6,155
ATGCAATTCAATGTAC-1,C57BL6,1,5
ATGCAATTCACCACTT-1,OTI,1,9
ATGCAATTCAGCCGCA-1,OTI,1,324
ATGCAATTCCCATCGC-1,OTI,4,96
ATGCAATTCCGCCCAT-1,OTI,2,110
ATGCAATTCCTCTCCT-1,OTI,1,4
ATGCAATTCGCTCCAC-1,C57BL6,0,0
ATGCAATTCGTACGTA-1,OTI,2,9
ATGCAATTCGTGCTCC-1,OTI,1,416
ATGCACTCAAGACGTA-1,OTI,0,0
ATGCACTCAAGGACAC-1,OTI,5,140
ATGCACTCAATACGTC-1,OTI,1,58
ATGCACTCAATGCACT-1,OTI,3,45
ATGCACTCACCAAATC-1,OTI,4,214
ATGCACTCACGAACGG-1,C57BL6,1,6
ATGCACTCAGGGTCAG-1,OTI,0,0
ATGCACTCAGTACTTA-1,OTI,1,1
ATGCAGACAACTATCA-1,OTI,1,30
ATGCAGACAAGAATTA-1,OTI,0,0
ATGCAGACAATATTAC-1,C57BL6,1,1
ATGCAGACAATGGGAC-1,OTI,3,73
ATGCAGACAATTAAGA-1,OTI,0,0
ATGCAGACACCTCACT-1,OTI,1,5
ATGCAGACACGCACGT-1,OTI,3,47
ATGCAGACACGTAGAA-1,OTI,1,100
ATGCAGACACTAAGTC-1,C57BL6,0,0
ATGCAGACACTGGGGA-1,OTI,4,65
ATGCAGACAGCAGGCA-1,C57BL6,1,2
ATGCAGCTCAGCACGT-1,OTI,3,6
ATGCAGCTCATTCATT-1,C57BL6,0,0
ATGCAGCTCCAAATCG-1,OTI,11,393
ATGCAGCTCCAGGTTA-1,OTI,2,408
ATGCAGCTCCCGCACT-1,OTI,1,8
ATGCAGCTCCTACGCC-1,C57BL6,2,23
ATGCAGCTCCTCTGCA-1,OTI,0,0
ATGCAGTGTAGGGGAT-1,OTI,3,11
ATGCATCCAAACGGCG-1,OTI,6,465
ATGCATCCAAGGGCAT-1,C57BL6,0,0
ATGCATCCACCTGCAA-1,OTI,1,74
ATGCATCCACGGGGTA-1,OTI,2,17
ATGCATCCACTATAGC-1,C57BL6,0,0
ATGCATTAGAAACGTA-1,C57BL6,1,49
ATGCATTAGAACAGAC-1,OTI,2,37
ATGCATTAGCGTTGGT-1,C57BL6,0,0
ATGCATTAGGCGCATT-1,OTI,0,0
ATGCATTAGGCGTCAT-1,C57BL6,0,0
ATGCATTAGGTTCATG-1,C57BL6,0,0
ATGCCACAGAAGCGTG-1,OTI,0,0
ATGCCACAGCACTCCC-1,OTI,1,31
ATGCCACAGCCAAACC-1,OTI,1,12
ATGCCACAGCCCAAGT-1,C57BL6,1,14
ATGCCACAGGGAATGT-1,OTI,2,22
ATGCCACAGGGTAGTG-1,OTI,5,342
ATGCCACAGGTAAGCG-1,OTI,2,184
ATGCCACAGGTCATCA-1,OTI,2,169
ATGCCAGGTACCCATC-1,C57BL6,1,8
ATGCCAGGTCGTGTCT-1,OTI,3,294
ATGCCAGGTCTTGATT-1,OTI,2,20
ATGCCAGGTGGCACGT-1,OTI,3,50
ATGCCAGGTGGGTGTC-1,OTI,3,71
ATGCCAGGTGTCATGG-1,C57BL6,1,13
ATGCCCACACAATAGG-1,C57BL6,0,0
ATGCCCACACTATGGT-1,C57BL6,1,9
ATGCCCACACTGACAT-1,OTI,5,51
ATGCCCACAGGCGGTA-1,OTI,5,141
ATGCCCGAGAAACCGG-1,OTI,0,0
ATGCCCGAGACGCCCA-1,OTI,2,80
ATGCCCGAGAGTGGGC-1,OTI,0,0
ATGCCCGAGCAAACTT-1,OTI,1,4
ATGCCCGAGCACGTCG-1,C57BL6,1,2
ATGCCCGAGCCGCACA-1,OTI,0,0
ATGCCCGAGGCCCACA-1,C57BL6,3,596
ATGCCCGAGGGAGGTC-1,C57BL6,0,0
ATGCCCGAGGTCGCCA-1,C57BL6,2,35
ATGCCGAGTAGGTAAG-1,OTI,0,0
ATGCCGAGTAGTTGCG-1,OTI,8,84
ATGCCGAGTATCGCTC-1,OTI,4,36
ATGCCGAGTCAGGCCG-1,C57BL6,0,0
ATGCCGAGTCCCTTGG-1,OTI,4,217
ATGCCGAGTGTGTCAG-1,C57BL6,0,0
ATGCCGCCAACATTAT-1,OTI,1,6
ATGCCGCCAAGTCGGG-1,OTI,1,6
ATGCCGCCACAACTAC-1,OTI,2,7
ATGCCGCCACACGGTC-1,C57BL6,1,4
ATGCCGCCACTAATAT-1,OTI,1,31
ATGCCGCCAGCTTATA-1,OTI,4,166
ATGCCGCCAGGTAAAT-1,OTI,0,0
ATGCCGCCAGTTAGTC-1,OTI,2,865
ATGCCTCGTAAGCGCC-1,OTI,0,0
ATGCCTCGTATGCCTC-1,C57BL6,1,35
ATGCCTCGTCACGCGG-1,OTI,3,108
ATGCCTCGTGGAATTC-1,OTI,2,54
ATGCCTCGTGTCTTAT-1,C57BL6,0,0
ATGCCTTTCAAGCTTG-1,C57BL6,0,0
ATGCCTTTCACCAACA-1,C57BL6,0,0
ATGCCTTTCACGCGTG-1,OTI,2,3
ATGCCTTTCATTCGCT-1,OTI,4,30
ATGCCTTTCCATTGTC-1,OTI,3,41
ATGCCTTTCCCACACC-1,OTI,1,17
ATGCCTTTCGTTCACT-1,OTI,5,131
ATGCGAACAACAGAAT-1,C57BL6,0,0
ATGCGAACAACGGACG-1,C57BL6,1,6
ATGCGAACAAGGCTCC-1,OTI,0,0
ATGCGAACAATGACGA-1,OTI,2,647
ATGCGAACACACTCAG-1,OTI,3,24
ATGCGAACACCCAGTA-1,OTI,4,75
ATGCGAACACGCCTAA-1,OTI,4,61
ATGCGAACACTGATTA-1,OTI,3,24
ATGCGAACAGCATGCC-1,OTI,1,765
ATGCGAGAGAATTCGT-1,OTI,2,88
ATGCGAGAGAGCATTT-1,OTI,3,44
ATGCGAGAGATCCCAA-1,OTI,1,5
ATGCGAGAGCGTACGT-1,OTI,4,142
ATGCGAGAGCGTGCAT-1,OTI,3,14
ATGCGAGAGGTCAATT-1,OTI,5,55
ATGCGATGTAGGCCCG-1,OTI,2,171
ATGCGATGTATCCCCG-1,OTI,9,299
ATGCGATGTATCCTAT-1,OTI,2,308
ATGCGATGTATCTCAT-1,C57BL6,2,2
ATGCGATGTCACGCCC-1,OTI,2,31
ATGCGATGTCGTACAG-1,OTI,4,36
ATGCGATGTGCCCGTC-1,OTI,1,6
ATGCGCAGTACATAGC-1,C57BL6,0,0
ATGCGCAGTCACCGTT-1,OTI,2,94
ATGCGCAGTCATAGCG-1,C57BL6,0,0
ATGCGCAGTCCGATAG-1,OTI,6,725
ATGCGCAGTCCTTTAG-1,OTI,1,38
ATGCGCAGTCGACGTA-1,C57BL6,1,1
ATGCGCAGTCGAGTCA-1,OTI,1,13
ATGCGCAGTCTCCTGG-1,C57BL6,2,4
ATGCGCCCAAAACGGC-1,OTI,6,244
ATGCGCCCAAATCTAT-1,OTI,4,59
ATGCGCCCAACGAAAT-1,OTI,6,89
ATGCGCCCAACGAGGT-1,C57BL6,0,0
ATGCGCCCAATCCAAC-1,OTI,5,149
ATGCGCCCAGCGATAA-1,OTI,9,155
ATGCGGAAGAATTGAG-1,C57BL6,0,0
ATGCGGAAGACCACGT-1,OTI,6,521
ATGCGGAAGCCTCATT-1,OTI,10,234
ATGCGGAAGCCTGGTG-1,OTI,3,177
ATGCGGAAGCTTGTAG-1,OTI,6,70
ATGCGGAAGGGCCTTG-1,OTI,3,14
ATGCGGAAGGGGCATA-1,OTI,4,119
ATGCGGAAGGTGATTT-1,C57BL6,0,0
ATGCGGCGTATCGCAG-1,OTI,1,7
ATGCGGCGTCAGCTCT-1,C57BL6,1,10
ATGCGGCGTCCGTCCA-1,OTI,4,118
ATGCGGCGTGCTAGTG-1,OTI,4,162
ATGCGGGCAACCAAGA-1,OTI,0,0
ATGCGGGCAACGCGCT-1,OTI,0,0
ATGCGGGCAAGCTTTA-1,C57BL6,0,0
ATGCGGGCAATAAGTA-1,C57BL6,3,20
ATGCGGGCACACAGAA-1,OTI,1,8
ATGCGGGCACGCAATT-1,C57BL6,0,0
ATGCGGGCAGTAGGCG-1,C57BL6,0,0
ATGCGGGCAGTGGGAT-1,C57BL6,1,65
ATGCGGTTCACTCACT-1,C57BL6,0,0
ATGCGGTTCATAGCGC-1,OTI,0,0
ATGCGGTTCCAGTAGC-1,OTI,4,45
ATGCGGTTCCCCAATT-1,C57BL6,0,0
ATGCGGTTCCGGGTAT-1,C57BL6,0,0
ATGCGGTTCGCTCTCA-1,OTI,2,22
ATGCGTATCATGCAGC-1,C57BL6,0,0
ATGCGTATCCAGTACA-1,OTI,2,106
ATGCGTATCCTAGTCT-1,OTI,1,8
ATGCGTATCCTCCACA-1,OTI,3,28
ATGCGTATCGCAATTG-1,OTI,2,18
ATGCGTATCGTATTAA-1,OTI,1,3
ATGCTACCAATATTAC-1,OTI,5,41
ATGCTACCAATCGAGA-1,OTI,6,223
ATGCTACCACTCGGTA-1,OTI,3,91
ATGCTACCAGCTCCAA-1,OTI,4,238
ATGCTACCAGTCTGCA-1,C57BL6,0,0
ATGCTACCAGTGGTAA-1,OTI,2,35
ATGCTCAAGAACACCC-1,OTI,0,0
ATGCTCAAGCTGACCG-1,OTI,1,11
ATGCTCAAGCTTGTCT-1,C57BL6,0,0
ATGCTCAAGGCTAACC-1,C57BL6,0,0
ATGCTCCGTAACAGGA-1,OTI,2,53
ATGCTCCGTAACATTG-1,C57BL6,0,0
ATGCTCCGTAGCCTTC-1,OTI,3,24
ATGCTCCGTAGGAAAT-1,OTI,2,12
ATGCTCCGTATCCTAT-1,C57BL6,0,0
ATGCTCCGTCCATAGG-1,C57BL6,4,284
ATGCTCCGTCGATGGC-1,OTI,4,65
ATGCTCCGTCTAATCT-1,OTI,0,0
ATGCTCCGTCTGTCCG-1,OTI,0,0
ATGCTCCGTCTTGGTC-1,OTI,1,10
ATGCTCGCAACTTTAG-1,OTI,1,7
ATGCTCGCAGCAATCT-1,OTI,4,977
ATGCTCGCAGTATTCA-1,OTI,3,97
ATGCTCGCAGTTAACC-1,C57BL6,1,2
ATGCTGGGTACAATTG-1,OTI,0,0
ATGCTGGGTGGAACCC-1,C57BL6,2,13
ATGCTTACAACACCCA-1,C57BL6,0,0
ATGCTTACAACCCTCT-1,OTI,5,185
ATGCTTACAACTGCGC-1,OTI,0,0
ATGCTTACAGCACGGA-1,C57BL6,1,21
ATGCTTACAGCATGGG-1,OTI,0,0
ATGCTTACAGGAACGT-1,OTI,6,145
ATGCTTACAGTTGGGG-1,OTI,4,196
ATGCTTCTCAGTTGTG-1,OTI,5,299
ATGCTTCTCATTCGCT-1,OTI,1,30
ATGCTTCTCCGCTAAA-1,OTI,18,259
ATGCTTCTCGGCCATG-1,C57BL6,0,0
ATGCTTCTCGTGCGCA-1,C57BL6,1,3
ATGGAAATCCCGTCTA-1,C57BL6,0,0
ATGGAAATCCGTTTCG-1,C57BL6,0,0
ATGGAAATCCTCTCGA-1,OTI,1,4
ATGGACACAAAATTTC-1,OTI,4,40
ATGGACACACGCAATT-1,OTI,10,351
ATGGACACAGCCAAGG-1,OTI,1,10
ATGGACACAGCTAGAA-1,OTI,3,68
ATGGACCTCAAGTCGC-1,OTI,2,7
ATGGACCTCACTTTCA-1,OTI,7,316
ATGGACCTCAGACTGC-1,C57BL6,0,0
ATGGACCTCATACCCT-1,OTI,2,350
ATGGACCTCATCCGCC-1,OTI,4,49
ATGGACCTCCAATTGG-1,C57BL6,1,12
ATGGACCTCCATAGCA-1,C57BL6,4,117
ATGGACCTCGCGCGTA-1,OTI,3,38
ATGGAGAGTATAGCGT-1,OTI,0,0
ATGGAGAGTCATGCAG-1,OTI,3,19
ATGGAGAGTCGCATTC-1,OTI,3,226
ATGGAGAGTCGTGAGC-1,C57BL6,0,0
ATGGAGAGTCTGCGCC-1,OTI,10,887
ATGGAGAGTGGGTTTG-1,OTI,2,86
ATGGAGTAGAACAGAC-1,OTI,4,70
ATGGAGTAGAATACAG-1,OTI,0,0
ATGGAGTAGACAAGAC-1,C57BL6,0,0
ATGGAGTAGACGCCAT-1,OTI,1,4
ATGGAGTAGCACGAAG-1,C57BL6,0,0
ATGGAGTAGGGATTAA-1,OTI,3,87
ATGGAGTAGGTGCTAC-1,OTI,2,153
ATGGCACTCCCTTTCC-1,OTI,1,8
ATGGCACTCCGTAAAT-1,OTI,3,86
ATGGCACTCCTAAACG-1,OTI,7,424
ATGGCACTCCTCGAAA-1,OTI,0,0
ATGGCACTCGCAAGTC-1,OTI,7,296
ATGGCACTCGTGGCCA-1,OTI,4,72
ATGGCCAGTAACTGCG-1,C57BL6,0,0
ATGGCCAGTATGTGTA-1,OTI,2,16
ATGGCCAGTCGTGCCC-1,C57BL6,0,0
ATGGCCCCAATCATGC-1,OTI,4,55
ATGGCCCCAGTATAGG-1,C57BL6,0,0
ATGGCCGTCACGCAAC-1,OTI,0,0
ATGGCCGTCAGCTGTA-1,OTI,5,298
ATGGCCGTCAGTAAAG-1,C57BL6,0,0
ATGGCCGTCAGTCCGG-1,C57BL6,1,5
ATGGCCGTCCAATTAA-1,OTI,3,51
ATGGCCGTCCTACTTA-1,OTI,1,12
ATGGCGAAGAGAGAGA-1,OTI,2,59
ATGGCGAAGCATAATC-1,C57BL6,0,0
ATGGCGAAGCTAGCGT-1,OTI,3,16
ATGGCGAAGCTAGTTG-1,C57BL6,4,25
ATGGCGAAGGCAACAG-1,C57BL6,0,0
ATGGCGCGTATCCGGA-1,OTI,1,6
ATGGCGCGTCAGGTGC-1,OTI,4,73
ATGGCGCGTCCGTCGC-1,C57BL6,4,8
ATGGCGCGTCCGTGTT-1,OTI,6,294
ATGGCGCGTCTCCGCA-1,C57BL6,0,0
ATGGCGCGTGGTGATT-1,OTI,2,182
ATGGCGGCAACACTTA-1,OTI,3,336
ATGGCGGCAATCGAGA-1,OTI,0,0
ATGGCGGCACTAATCA-1,OTI,3,407
ATGGCGGCAGCATAAG-1,OTI,5,14
ATGGCGTTCAATGTGT-1,OTI,4,104
ATGGCGTTCACGAGCT-1,C57BL6,0,0
ATGGCGTTCACGCTAA-1,OTI,1,1
ATGGCGTTCAGCTTAG-1,C57BL6,0,0
ATGGCGTTCATTGGCA-1,OTI,3,69
ATGGCGTTCCATAGGC-1,OTI,2,51
ATGGCGTTCCATCATC-1,OTI,3,19
ATGGCGTTCCCGCTTA-1,OTI,6,470
ATGGCGTTCCGATCGG-1,C57BL6,5,42
ATGGCGTTCGCATTAG-1,OTI,1,5
ATGGCGTTCGCCTGCT-1,OTI,5,152
ATGGCTATCAACTATA-1,C57BL6,1,6
ATGGCTATCAATACGT-1,OTI,3,32
ATGGCTATCAGAGTAA-1,C57BL6,0,0
ATGGCTATCCAAACCA-1,OTI,0,0
ATGGCTATCGTCCAAA-1,OTI,5,67
ATGGGACCAAAAGGCC-1,OTI,4,220
ATGGGACCAAATTGCC-1,OTI,3,50
ATGGGACCAATAGGGC-1,OTI,0,0
ATGGGACCACAGTCGC-1,OTI,5,327
ATGGGACCACATGTCG-1,OTI,12,140
ATGGGACCACTGTACG-1,OTI,2,80
ATGGGACCACTTCGTC-1,OTI,5,229
ATGGGACCAGTGTTCG-1,C57BL6,3,26
ATGGGACCAGTTAATT-1,OTI,2,63
ATGGGATAGACACCGT-1,C57BL6,1,6
ATGGGATAGATCTTGG-1,OTI,6,58
ATGGGATAGCCCATTT-1,C57BL6,0,0
ATGGGATAGCCTAGCG-1,C57BL6,2,31
ATGGGATAGGCAGGGT-1,OTI,11,88
ATGGGATAGGCGCTCA-1,OTI,2,3
ATGGGATAGGTTCGAC-1,OTI,0,0
ATGGGCAAGATGGTTT-1,OTI,1,3
ATGGGCAAGCAACCGT-1,OTI,1,27
ATGGGCAAGCCATAGC-1,C57BL6,2,23
ATGGGCAAGCCATCAA-1,C57BL6,1,5
ATGGGCAAGGCGTCCA-1,OTI,2,36
ATGGGCAAGGTATGGG-1,OTI,3,123
ATGGGCCGTACCACAG-1,C57BL6,3,4
ATGGGCCGTAGTGTTA-1,OTI,1,39
ATGGGCCGTATTGAGC-1,C57BL6,2,24
ATGGGCCGTCCTCATA-1,C57BL6,1,2
ATGGGCCGTCTCTCGG-1,OTI,2,144
ATGGGCCGTGCCATTC-1,C57BL6,0,0
ATGGGCGCAAACCGGG-1,OTI,10,61
ATGGGCGCAACGTAAG-1,OTI,1,19
ATGGGCGCAATAGGGC-1,OTI,0,0
ATGGGCGCAATATGTT-1,OTI,1,7
ATGGGCGCACAACCCA-1,OTI,7,98
ATGGGCGCACATCGCA-1,OTI,1,4
ATGGGCGCACCAAATC-1,OTI,3,246
ATGGGCGCACTAGTCG-1,OTI,3,19
ATGGGCGCAGGATTAG-1,OTI,3,303
ATGGGCGCAGTTCGCA-1,C57BL6,0,0
ATGGGCGCAGTTGGTT-1,C57BL6,0,0
ATGGGCTTCATTAACA-1,C57BL6,0,0
ATGGGCTTCGTAGATT-1,OTI,2,1036
ATGGGCTTCGTCCCTA-1,C57BL6,1,4
ATGGGGCAGAGAGAGA-1,OTI,1,105
ATGGGGCAGAGCGGTA-1,C57BL6,1,22
ATGGGGCAGATGGGCA-1,OTI,7,103
ATGGGGCAGATGTAGA-1,OTI,1,3
ATGGGGCAGCGGATTC-1,OTI,3,165
ATGGGGCAGGTCCGCA-1,C57BL6,0,0
ATGGGGCAGGTCTGCG-1,C57BL6,0,0
ATGGGGTCAATAGGCA-1,OTI,2,88
ATGGGGTCAATGACAG-1,C57BL6,0,0
ATGGGGTCACGGCACT-1,OTI,1,39
ATGGGGTCAGTTAGCT-1,OTI,1,36
ATGGGTCTCCGTAAAT-1,C57BL6,1,9
ATGGGTCTCCTGGGTG-1,OTI,5,54
ATGGGTCTCGTTATAA-1,OTI,4,170
ATGGGTGAGACCCTTT-1,OTI,5,228
ATGGGTGAGATCGTTG-1,OTI,3,239
ATGGGTGAGATGAGTA-1,OTI,12,123
ATGGGTGAGCAGCTGT-1,OTI,0,0
ATGGGTGAGCCACTAA-1,OTI,8,174
ATGGGTGAGGGGCTAA-1,OTI,5,51
ATGGGTTGTATATTGG-1,C57BL6,0,0
ATGGGTTGTATCGAGT-1,OTI,3,33
ATGGGTTGTCATACGG-1,OTI,0,0
ATGGGTTGTCATGTCC-1,OTI,0,0
ATGGGTTGTCCTAATT-1,OTI,2,78
ATGGGTTGTGTAGTTA-1,OTI,5,29
ATGGGTTGTGTGTCCT-1,C57BL6,2,12
ATGGTAAAGAGGACAT-1,OTI,1,2
ATGGTAAAGAGTAATG-1,OTI,4,117
ATGGTAAAGCCTCATT-1,OTI,4,797
ATGGTAAAGGGGTGTA-1,C57BL6,0,0
ATGGTAGCAACATTAT-1,OTI,5,109
ATGGTAGCAACGGTCC-1,OTI,4,442
ATGGTAGCAAGCGAGT-1,OTI,1,195
ATGGTAGCACGTACGC-1,C57BL6,0,0
ATGGTAGCACTGAAAG-1,OTI,8,125
ATGGTATTCATCCTAC-1,OTI,4,109
ATGGTATTCATCTTCA-1,C57BL6,0,0
ATGGTATTCGTTCTAC-1,OTI,1,8
ATGGTCATCAAGGCTC-1,OTI,3,93
ATGGTCATCAATACGT-1,OTI,3,108
ATGGTCATCACATATA-1,OTI,0,0
ATGGTCATCACTCCCA-1,C57BL6,1,6
ATGGTCATCAGGTTCA-1,OTI,0,0
ATGGTCATCAGTCATG-1,OTI,2,6
ATGGTCATCCGGTCCT-1,OTI,1,3
ATGGTCATCCTTGTGT-1,C57BL6,0,0
ATGGTCATCGTAGCTA-1,C57BL6,0,0
ATGGTCATCGTTCATC-1,C57BL6,0,0
ATGGTCGGTACTTGCC-1,C57BL6,0,0
ATGGTCGGTATGTTCT-1,OTI,12,478
ATGGTCGGTCCTATGC-1,OTI,1,2
ATGGTCGGTGGAACTT-1,C57BL6,0,0
ATGGTCGGTGTGTGCA-1,OTI,2,10
ATGGTCTCAATGCCGC-1,OTI,2,154
ATGGTCTCACGACGGA-1,OTI,1,9
ATGGTCTCACTAGGAA-1,OTI,4,309
ATGGTCTCACTGGAGG-1,OTI,8,382
ATGGTCTCAGCATTAC-1,OTI,4,76
ATGGTGCTCAGGGGTA-1,C57BL6,0,0
ATGGTGCTCCGGCAAT-1,OTI,3,87
ATGGTGGAGCTCACCC-1,OTI,3,26
ATGGTGGAGCTGTGGT-1,OTI,0,0
ATGGTGGAGGCGGTTT-1,OTI,0,0
ATGGTGGAGGCGTCCA-1,OTI,8,11
ATGGTGGAGGGACATG-1,OTI,0,0
ATGGTGGAGGTAACCC-1,OTI,1,38
ATGGTTAGTAACCGTG-1,OTI,1,17
ATGGTTAGTAATTTCC-1,OTI,4,143
ATGGTTAGTACCTGTC-1,OTI,3,8
ATGGTTAGTAGGAAAT-1,C57BL6,0,0
ATGGTTAGTATACGGT-1,OTI,2,22
ATGGTTAGTCTCATAT-1,OTI,1,5
ATGGTTGTCACATAAC-1,C57BL6,0,0
ATGGTTGTCACCAATG-1,OTI,3,43
ATGGTTGTCCAACGTA-1,OTI,1,17
ATGGTTGTCCCATCGC-1,OTI,0,0
ATGGTTGTCCGTTTAC-1,OTI,0,0
ATGGTTGTCGCTCCAC-1,OTI,2,4
ATGGTTGTCGTGCGTG-1,OTI,5,109
ATGGTTTAGACGACAG-1,C57BL6,0,0
ATGGTTTAGATAACGA-1,OTI,3,77
ATGGTTTAGCACTCCC-1,OTI,1,1
ATGGTTTAGCCGCAAT-1,OTI,2,15
ATGGTTTAGGGACATG-1,OTI,1,75
ATGGTTTAGGGTCTGT-1,C57BL6,1,2
ATGGTTTAGGTGCGAA-1,OTI,1,8
ATGTAACTCAAATGTC-1,OTI,8,286
ATGTAACTCACATCAG-1,OTI,3,79
ATGTAACTCAGCACTA-1,OTI,1,13
ATGTAACTCATGGCTA-1,OTI,2,42
ATGTAACTCCACGTAA-1,OTI,3,113
ATGTAACTCCATCACT-1,C57BL6,0,0
ATGTAACTCGCCTCTA-1,OTI,4,112
ATGTAACTCGCTTATC-1,OTI,1,48
ATGTAACTCGGCGTTG-1,OTI,0,0
ATGTAACTCGTGCATA-1,OTI,3,307
ATGTACAGTACCACCT-1,OTI,0,0
ATGTACAGTCGACTAG-1,OTI,0,0
ATGTAGAAGATAACAG-1,OTI,4,52
ATGTAGAAGCTACTTC-1,OTI,0,0
ATGTAGAAGGGCATAG-1,OTI,0,0
ATGTAGAAGGTAGCTC-1,OTI,0,0
ATGTAGAAGGTGCGAA-1,OTI,2,202
ATGTAGTTCAATCTGG-1,OTI,4,50
ATGTAGTTCACTAACG-1,OTI,6,169
ATGTAGTTCCAATGTG-1,C57BL6,4,10
ATGTAGTTCCGGAAAG-1,OTI,3,258
ATGTATCAGAATACAG-1,OTI,2,49
ATGTATCAGCAACATT-1,C57BL6,1,6
ATGTATCAGCTGTTGA-1,OTI,0,0
ATGTATTCACTAACGT-1,OTI,2,55
ATGTATTCAGGACCGA-1,OTI,3,86
ATGTATTCAGGGTATA-1,OTI,0,0
ATGTCAGTCAGTTAGT-1,OTI,3,18
ATGTCAGTCCAAATGT-1,OTI,6,166
ATGTCAGTCCCGAATA-1,OTI,6,22
ATGTCAGTCGGTCATA-1,C57BL6,1,9
ATGTCCGCAAACATAA-1,OTI,5,100
ATGTCCGCAACGCTCA-1,OTI,0,0
ATGTCCGCAACTGCGC-1,OTI,3,17
ATGTCCGCAAGACGTA-1,C57BL6,0,0
ATGTCCGCAAGGCACG-1,OTI,5,261
ATGTCCGCAATGGGAC-1,OTI,3,123
ATGTCCGCAATTACGC-1,OTI,3,39
ATGTCCTTCCCATCCA-1,C57BL6,0,0
ATGTCCTTCGCACCTC-1,OTI,1,13
ATGTCCTTCGTCTCAT-1,OTI,2,21
ATGTCCTTCGTGTATG-1,OTI,9,76
ATGTCGATCAAAGGTA-1,OTI,2,11
ATGTCGATCACGTGGT-1,OTI,0,0
ATGTCGATCATAGGGG-1,C57BL6,0,0
ATGTCGATCCAGGATC-1,C57BL6,1,8
ATGTCGATCCTAATCC-1,C57BL6,0,0
ATGTCGATCGTTCTAC-1,OTI,3,111
ATGTCGGGTAATCTTC-1,C57BL6,0,0
ATGTCGGGTATCTTCG-1,OTI,3,336
ATGTCGGGTATGTTAG-1,OTI,1,7
ATGTCGGGTCAGGCGT-1,OTI,4,83
ATGTCGGGTCCAGTTC-1,OTI,1,9
ATGTCGGGTCCGTCGC-1,C57BL6,0,0
ATGTCGGGTCCTTATG-1,OTI,3,134
ATGTCGGGTCGAGGCT-1,OTI,2,136
ATGTCGGGTGCGCTGG-1,C57BL6,0,0
ATGTCGGGTGGCGATC-1,C57BL6,1,1
ATGTCGGGTGGGGTCT-1,C57BL6,0,0
ATGTCGGGTGGGTCTA-1,OTI,8,263
ATGTCGGGTGTTGGAT-1,OTI,5,146
ATGTCTTGTAATGTTG-1,OTI,5,41
ATGTCTTGTACCCCTG-1,OTI,3,25
ATGTCTTGTAGGTTGT-1,C57BL6,0,0
ATGTCTTGTATGCGGC-1,OTI,2,5
ATGTCTTGTCAGCGGT-1,OTI,7,101
ATGTCTTGTGTTCTCA-1,OTI,0,0
ATGTGAAAGAACGCGA-1,C57BL6,0,0
ATGTGAAAGAGCCCAT-1,OTI,10,126
ATGTGAAAGCATAGGG-1,OTI,7,233
ATGTGAAAGCCTTTCG-1,OTI,2,63
ATGTGAAAGCTGCGAT-1,OTI,7,85
ATGTGAAAGCTGTGGT-1,C57BL6,1,7
ATGTGAAAGGTAGAAC-1,OTI,1,2
ATGTGAGCAAATCTCA-1,OTI,0,0
ATGTGAGCAGTGAGGT-1,C57BL6,0,0
ATGTGAGCAGTGGGAT-1,OTI,7,328
ATGTGCGGTAACCGCA-1,OTI,3,147
ATGTGCGGTACAGCAT-1,OTI,3,15
ATGTGCGGTACTATTC-1,OTI,5,294
ATGTGCGGTCCGATAG-1,OTI,1,7
ATGTGCGGTCCGCCTA-1,C57BL6,0,0
ATGTGCGGTCCGTGTT-1,C57BL6,0,0
ATGTGCGGTCGCTCTG-1,OTI,3,45
ATGTGCGGTGGCGGTT-1,OTI,3,30
ATGTGCGGTGTCTAGG-1,OTI,0,0
ATGTGGCTCACAGATT-1,C57BL6,0,0
ATGTGGCTCACATCTC-1,C57BL6,0,0
ATGTGGCTCACCTCAT-1,OTI,0,0
ATGTGGCTCACGGTGT-1,C57BL6,1,9
ATGTGGCTCCTACTTA-1,OTI,0,0
ATGTGGCTCGGCGCTA-1,OTI,3,55
ATGTGGCTCGGCTTCC-1,OTI,1,31
ATGTGGCTCGTCTCCA-1,OTI,7,692
ATGTGGCTCGTGAGCT-1,OTI,2,53
ATGTGTAGTAGTGTAC-1,C57BL6,0,0
ATGTGTAGTATCCTGC-1,OTI,1,6
ATGTGTAGTGCGATGC-1,C57BL6,3,250
ATGTGTAGTGCGTATG-1,C57BL6,0,0
ATGTGTAGTGGAACTT-1,C57BL6,2,17
ATGTGTCCAAACGAGC-1,OTI,2,177
ATGTGTCCAAATTGAA-1,OTI,4,28
ATGTGTCCAATTAATC-1,OTI,0,0
ATGTGTCCACACTCGA-1,C57BL6,4,373
ATGTGTCCACGGCTTA-1,OTI,2,6
ATGTGTCCAGCAACTT-1,OTI,2,19
ATGTGTTAGAAAGCTA-1,OTI,2,153
ATGTGTTAGACCTATG-1,OTI,2,47
ATGTGTTAGACTATGT-1,OTI,1,114
ATGTGTTAGATCGTTG-1,OTI,2,15
ATGTGTTAGATTGGTT-1,OTI,1,5
ATGTGTTAGCGCTTGG-1,C57BL6,2,105
ATGTGTTAGCTAGGTC-1,C57BL6,0,0
ATGTTAATCACTGACA-1,OTI,2,226
ATGTTAATCATTAACA-1,OTI,4,117
ATGTTAATCCAACGTA-1,OTI,2,111
ATGTTAATCCCCAATT-1,OTI,2,10
ATGTTAATCGCGCGTA-1,OTI,2,37
ATGTTAATCGGTAGCT-1,OTI,1,39
ATGTTAATCGTAGGTC-1,OTI,1,3
ATGTTAGGTAACTTCT-1,OTI,2,9
ATGTTAGGTATAAGCC-1,OTI,4,53
ATGTTAGGTATCGCAG-1,OTI,1,12
ATGTTAGGTCCAACGA-1,OTI,2,11
ATGTTAGGTCGCTCTG-1,C57BL6,1,11
ATGTTCGAGAAAGCTA-1,OTI,0,0
ATGTTCGAGAAGCCGA-1,OTI,3,42
ATGTTCGAGAATGGCG-1,C57BL6,0,0
ATGTTCGAGACGAGGC-1,OTI,1,2
ATGTTCGAGCCACTAA-1,OTI,1,37
ATGTTCTGTCCTGCGC-1,OTI,0,0
ATGTTCTGTCGCCTAT-1,OTI,1,21
ATGTTCTGTCTTAATC-1,OTI,0,0
ATGTTCTGTCTTGGAG-1,C57BL6,0,0
ATGTTCTGTGTATTCT-1,C57BL6,0,0
ATGTTGAGTCATCGAG-1,OTI,7,148
ATGTTGAGTCCTAGCT-1,C57BL6,0,0
ATGTTGAGTGCAAGGG-1,OTI,4,92
ATGTTGAGTGCGGAGA-1,OTI,4,7
ATGTTGAGTGTCGGCG-1,OTI,3,132
ATTAAAGCAACATATT-1,OTI,0,0
ATTAAAGCAATCTCTT-1,C57BL6,0,0
ATTAAAGCAGGAACGT-1,C57BL6,0,0
ATTAAAGCAGGCTCTA-1,C57BL6,3,13
ATTAACATCAATGTTA-1,OTI,1,47
ATTAACATCGCGTGCA-1,OTI,0,0
ATTAACATCGGATCCG-1,OTI,5,670
ATTAACATCGGGCATT-1,OTI,0,0
ATTAACATCGGTCAGT-1,OTI,3,27
ATTAACATCGTGAACC-1,OTI,3,40
ATTAACATCGTTATAA-1,OTI,0,0
ATTAACCAGACACCCG-1,OTI,5,303
ATTAACCAGACCTTAG-1,OTI,3,250
ATTAACCAGACGACAG-1,OTI,1,5
ATTAACCAGATCCGTA-1,OTI,0,0
ATTAACCAGCTAGTCA-1,C57BL6,1,9
ATTAACCAGCTGGCAT-1,C57BL6,2,8
ATTAACTCAACTGCAT-1,OTI,4,124
ATTAACTCAATCCCGA-1,OTI,0,0
ATTAACTCAATTACGC-1,OTI,4,30
ATTAACTCAATTATCG-1,OTI,2,68
ATTAACTCACCAACAT-1,OTI,3,201
ATTAACTCACGTAGAA-1,OTI,4,572
ATTAAGACAAACCGAA-1,C57BL6,0,0
ATTAAGACAAGTCCAT-1,C57BL6,2,11
ATTAAGACACACTGCA-1,OTI,1,13
ATTAAGACAGCTTTAA-1,C57BL6,0,0
ATTAAGACAGGTCATT-1,OTI,2,17
ATTAAGACAGTGCGAG-1,C57BL6,1,1
ATTAAGCTCACAGCTA-1,OTI,4,20
ATTAAGCTCACGTCAA-1,OTI,3,371
ATTAAGCTCCAGTAGC-1,OTI,6,51
ATTAAGCTCCCACTTG-1,OTI,3,39
ATTAAGCTCCGTATTC-1,C57BL6,0,0
ATTAAGCTCCGTTTCG-1,OTI,1,1
ATTAAGGAGCAGCCAT-1,C57BL6,0,0
ATTAAGGAGGCGATAG-1,OTI,5,150
ATTAATCCACACACGC-1,OTI,0,0
ATTAATCCACATAGCT-1,OTI,6,453
ATTAATCCACCAATAC-1,OTI,5,604
ATTAATCCACGAGTAA-1,C57BL6,0,0
ATTAATCCAGCCCATA-1,C57BL6,2,19
ATTAATCCAGTGTTCG-1,OTI,2,43
ATTAATGTCAAGCCTA-1,OTI,1,3
ATTAATGTCACATTGG-1,OTI,4,89
ATTAATGTCAGCTATG-1,C57BL6,0,0
ATTAATGTCATTCATT-1,C57BL6,0,0
ATTAATGTCCAAGACC-1,OTI,0,0
ATTAATGTCGCGGATT-1,OTI,3,364
ATTAATGTCGGGGTAA-1,C57BL6,0,0
ATTAATGTCGTTAGGC-1,OTI,1,18
ATTACAATCAATTATG-1,C57BL6,0,0
ATTACAATCCAGCTCC-1,C57BL6,1,7
ATTACAATCCCATCGC-1,OTI,1,5
ATTACAATCCGGTATA-1,C57BL6,0,0
ATTACAATCCTGCTAT-1,C57BL6,4,387
ATTACAATCGGGCTAT-1,OTI,0,0
ATTACACAGAACGTTT-1,OTI,6,43
ATTACACAGACTGCGT-1,OTI,4,13
ATTACACAGATGAGGT-1,C57BL6,2,7
ATTACACAGGTCCACG-1,C57BL6,0,0
ATTACAGGTCGATTCC-1,OTI,0,0
ATTACAGGTCGCTAAG-1,OTI,5,114
ATTACAGGTGCGTAGC-1,OTI,5,199
ATTACAGGTGGTCCCC-1,OTI,0,0
ATTACAGGTGTGTAGT-1,OTI,2,38
ATTACCACAAACACCT-1,OTI,1,15
ATTACCACACACTATA-1,OTI,3,74
ATTACCACACTCGGGT-1,OTI,3,64
ATTACCACAGCGGTAG-1,OTI,6,168
ATTACCGAGCAGTCTA-1,OTI,4,4
ATTACCGAGCCCATGG-1,OTI,0,0
ATTACCGAGGCAACAG-1,OTI,4,153
ATTACCTGTACGGGTC-1,C57BL6,1,21
ATTACCTGTAGGACGG-1,OTI,2,14
ATTACCTGTATCGGGC-1,C57BL6,0,0
ATTACCTGTATTACCT-1,OTI,4,110
ATTACCTGTCGCTTCG-1,OTI,0,0
ATTACCTGTCGTACAG-1,OTI,2,164
ATTACCTGTGCTTCGT-1,C57BL6,0,0
ATTACCTGTGGGATAA-1,OTI,0,0
ATTACGCCACCAATAC-1,OTI,7,398
ATTACGCCACCTCATC-1,OTI,3,973
ATTACGCCAGCATCAT-1,C57BL6,0,0
ATTACGCCAGTATTCA-1,C57BL6,0,0
ATTACGCCAGTTGGTT-1,OTI,4,418
ATTACGTAGAAACGTA-1,OTI,0,0
ATTACGTAGAGACGCA-1,OTI,0,0
ATTACGTAGATCGTAT-1,C57BL6,1,4
ATTACGTAGCCCTTGC-1,C57BL6,0,0
ATTACGTAGCCTGCAG-1,OTI,2,87
ATTACGTAGCTGACCG-1,OTI,1,49
ATTACGTAGGGGCATA-1,C57BL6,0,0
ATTACTTTCAACATTA-1,C57BL6,1,1
ATTACTTTCAACTGCA-1,OTI,0,0
ATTACTTTCAAGTCGC-1,OTI,2,11
ATTACTTTCATTAAGC-1,OTI,1,3
ATTACTTTCCGGTCGA-1,OTI,0,0
ATTATCCGTACAGTTA-1,OTI,1,7
ATTATCGCAAATTACT-1,OTI,2,14
ATTATCGCAAGTGGCG-1,OTI,0,0
ATTATCGCAATCCAAC-1,C57BL6,0,0
ATTATCGCACAACGAA-1,OTI,4,414
ATTATCGCACGTACAT-1,C57BL6,0,0
ATTATCGCACTCGGTA-1,OTI,9,133
ATTATCGCAGTCCACA-1,OTI,0,0
ATTATCTTCATGTAAC-1,OTI,2,5
ATTATCTTCCCTGCTA-1,OTI,0,0
ATTATCTTCCTCGAAA-1,OTI,2,85
ATTATCTTCGGATCAC-1,C57BL6,2,14
ATTATGCAGCGTCAGT-1,OTI,1,10
ATTATGCAGCGTTATG-1,OTI,5,241
ATTATGCAGGCCTCGA-1,C57BL6,0,0
ATTATGCAGGTATTCG-1,OTI,0,0
ATTATGGGTAGAGGTA-1,C57BL6,0,0
ATTATGGGTAGTATGC-1,OTI,4,238
ATTATGGGTCCTCTCC-1,OTI,2,204
ATTATGGGTGCCTTGT-1,OTI,4,231
ATTCAAATCACAGCAC-1,C57BL6,0,0
ATTCAAATCCAATACG-1,OTI,6,333
ATTCAAATCCGGCATG-1,OTI,2,12
ATTCAAATCCGGTGCA-1,C57BL6,3,11
ATTCAAATCCTCTCGA-1,OTI,5,32
ATTCAAATCGCATCAA-1,C57BL6,1,1
ATTCAAATCGGACCTG-1,OTI,0,0
ATTCAACAGAACTAAG-1,C57BL6,1,1
ATTCAACAGAGTGCAG-1,OTI,0,0
ATTCAACAGATGGGAT-1,OTI,2,33
ATTCAACAGCAAGTAA-1,OTI,2,376
ATTCAACAGGTCCTAA-1,C57BL6,0,0
ATTCAACAGGTTCTAG-1,OTI,0,0
ATTCACGAGAACGATA-1,OTI,4,82
ATTCACGAGACTTCAG-1,OTI,5,116
ATTCACGAGATCCAAT-1,OTI,7,103
ATTCACGAGATCTTGG-1,OTI,7,98
ATTCACGAGGTCTGGT-1,C57BL6,0,0
ATTCAGAGTAACTGCG-1,C57BL6,0,0
ATTCAGAGTACATTTC-1,OTI,1,10
ATTCAGAGTATTATGG-1,OTI,1,53
ATTCAGAGTCACCGCC-1,C57BL6,0,0
ATTCAGAGTCATACTT-1,C57BL6,0,0
ATTCAGAGTCGGCTCC-1,OTI,2,11
ATTCAGAGTCGTCTGT-1,C57BL6,0,0
ATTCAGAGTCTGGTGA-1,OTI,2,13
ATTCAGAGTGGCTAAT-1,OTI,2,5
ATTCAGAGTGGGGAAT-1,C57BL6,0,0
ATTCAGCCAACTTCAA-1,C57BL6,0,0
ATTCAGCCAAGTACAG-1,OTI,2,287
ATTCAGCCAAGTACTC-1,C57BL6,0,0
ATTCAGCCAATCTTAG-1,C57BL6,0,0
ATTCAGCCAATTGACC-1,OTI,7,138
ATTCAGCCACTAATAT-1,C57BL6,1,13
ATTCAGTAGAGAGAGA-1,OTI,0,0
ATTCAGTAGCCGCCAA-1,C57BL6,0,0
ATTCAGTAGCTACAAT-1,OTI,2,193
ATTCAGTAGGCATCGT-1,C57BL6,3,3
ATTCAGTAGGGACAAT-1,C57BL6,1,5
ATTCAGTAGGGCATGA-1,C57BL6,0,0
ATTCATGCAACTGCCA-1,OTI,0,0
ATTCATGCACTTATAG-1,C57BL6,0,0
ATTCATTTCAAACCCA-1,OTI,2,44
ATTCATTTCATTGTCC-1,C57BL6,0,0
ATTCATTTCCACCAAA-1,OTI,2,182
ATTCATTTCGCAATAT-1,C57BL6,0,0
ATTCATTTCGCGGCTA-1,OTI,1,13
ATTCATTTCGTACGTA-1,C57BL6,0,0
ATTCATTTCGTGCAAC-1,OTI,0,0
ATTCGACCAAGCATAG-1,OTI,3,21
ATTCGACCACAGTCCA-1,OTI,6,756
ATTCGACCACCTACCT-1,OTI,2,275
ATTCGACCACCTCTAC-1,C57BL6,0,0
ATTCGACCACCTGCTT-1,OTI,4,187
ATTCGACCACTTAAGC-1,C57BL6,0,0
ATTCGACCAGCGGTCT-1,OTI,1,14
ATTCGACCAGGGCGTA-1,C57BL6,1,5
ATTCGACCAGGGTCTC-1,C57BL6,0,0
ATTCGACCAGTAGGGT-1,OTI,1,6
ATTCGATAGACCATGC-1,C57BL6,0,0
ATTCGATAGACCTTTC-1,OTI,0,0
ATTCGATAGAGCAACG-1,OTI,4,21
ATTCGATAGCACGGAA-1,OTI,1,9
ATTCGATAGCATAGGG-1,OTI,0,0
ATTCGATAGCGTGAGA-1,OTI,2,62
ATTCGATAGGGCGGAT-1,OTI,0,0
ATTCGCTTCAGCCCTC-1,OTI,0,0
ATTCGCTTCCATCATC-1,OTI,2,14
ATTCGCTTCCCTAAAG-1,OTI,4,112
ATTCGGGGTCATTTCG-1,C57BL6,0,0
ATTCGGGGTGGCTTGA-1,OTI,0,0
ATTCGGTCAACATCCG-1,OTI,5,258
ATTCGGTCAACGCCAC-1,OTI,2,59
ATTCGGTCACACAAGA-1,OTI,0,0
ATTCGGTCAGCAACTT-1,C57BL6,1,2
ATTCGGTCAGCTATTA-1,C57BL6,0,0
ATTCGGTCAGGGTCAG-1,OTI,0,0
ATTCGGTCAGGTTTCG-1,C57BL6,0,0
ATTCGTACAAATTTCG-1,OTI,2,32
ATTCGTACAAGGCACG-1,OTI,2,31
ATTCGTACACACCTCT-1,OTI,6,251
ATTCGTACACTCGGAC-1,C57BL6,15,18
ATTCGTACAGTGCAGG-1,OTI,10,75
ATTCGTCTCACTCCAT-1,OTI,5,87
ATTCGTCTCAGCCTCC-1,OTI,2,72
ATTCGTCTCCAATATA-1,OTI,3,56
ATTCGTGAGAAGGCAT-1,OTI,1,13
ATTCGTGAGCCGTGAT-1,C57BL6,0,0
ATTCGTGAGCGGTTCG-1,C57BL6,0,0
ATTCGTGAGCTATTGG-1,C57BL6,0,0
ATTCGTGAGGCGGAGT-1,OTI,6,35
ATTCGTGAGGGAGATT-1,OTI,4,17
ATTCGTGAGGGCCATT-1,OTI,2,17
ATTCGTGAGGGTACGA-1,C57BL6,0,0
ATTCGTTGTACGCTTC-1,C57BL6,0,0
ATTCGTTGTACGGGTC-1,OTI,3,69
ATTCGTTGTATACTAG-1,OTI,4,46
ATTCGTTGTCAACCTC-1,C57BL6,0,0
ATTCGTTGTCTGTTGC-1,OTI,1,6
ATTCGTTGTGCAGTCA-1,OTI,2,11
ATTCGTTGTGCGTATG-1,OTI,1,168
ATTCGTTGTGTGTGCA-1,C57BL6,0,0
ATTCGTTGTGTTACTT-1,OTI,2,25
ATTCTAGCAAGCTTCG-1,C57BL6,0,0
ATTCTAGCAGCAATCT-1,C57BL6,1,3
ATTCTAGCAGCATGCC-1,OTI,8,136
ATTCTAGCAGGCCTTA-1,OTI,1,6
ATTCTAGCAGGGGCTA-1,OTI,0,0
ATTCTCATCAACGTTG-1,C57BL6,1,5
ATTCTCATCAAGCTCA-1,OTI,2,82
ATTCTCATCACGGGTT-1,OTI,5,24
ATTCTCATCACTGCAA-1,C57BL6,0,0
ATTCTCATCAGACATT-1,OTI,5,93
ATTCTCATCAGTTATA-1,OTI,1,6
ATTCTCATCCACTTCG-1,OTI,6,80
ATTCTCATCCCTAGGG-1,C57BL6,3,3
ATTCTGTGTCAATCCC-1,OTI,3,58
ATTCTGTGTCACCCAT-1,OTI,0,0
ATTCTGTGTCTTCTCT-1,OTI,0,0
ATTCTGTGTGGGTTCA-1,OTI,2,8
ATTGAAGAGACATGCC-1,OTI,2,50
ATTGAAGAGATACGGG-1,C57BL6,0,0
ATTGAAGAGATGGTTT-1,OTI,1,2
ATTGAAGAGCATGTAT-1,OTI,0,0
ATTGAAGAGCCCTTGC-1,OTI,0,0
ATTGAAGAGCTGCGAT-1,OTI,6,270
ATTGAAGAGGTAAGGT-1,C57BL6,0,0
ATTGACCCAAACCATC-1,C57BL6,0,0
ATTGACCCAAACCTTA-1,OTI,4,128
ATTGACCCAACCTATA-1,C57BL6,0,0
ATTGACCCAATCACTA-1,OTI,5,20
ATTGACCCACACTCGA-1,OTI,3,53
ATTGACCCACCGGTTA-1,OTI,0,0
ATTGAGAAGAAGTGTA-1,C57BL6,0,0
ATTGAGAAGAGACATA-1,OTI,2,130
ATTGAGAAGCCATCAA-1,OTI,3,188
ATTGAGAAGCGCTGAT-1,OTI,1,9
ATTGAGAAGCGTCAAC-1,OTI,8,31
ATTGAGAAGGGAGGTC-1,OTI,0,0
ATTGAGAAGGTCGCAT-1,OTI,2,82
ATTGAGCGTACTTAAG-1,C57BL6,1,38
ATTGAGCGTCACGGCG-1,C57BL6,4,82
ATTGAGCGTCTGATAA-1,C57BL6,1,6
ATTGAGCGTGCTTCCG-1,C57BL6,0,0
ATTGAGCGTGGCCCCT-1,OTI,3,170
ATTGCATAGAAGCGGC-1,C57BL6,1,7
ATTGCATAGCATCGCG-1,OTI,0,0
ATTGCATAGCGCGTAT-1,C57BL6,0,0
ATTGCATAGGTTGGTC-1,OTI,1,3
ATTGCCCGTAAGGGTA-1,OTI,8,266
ATTGCCCGTAAGGTCT-1,C57BL6,1,10
ATTGCCCGTAGGACTT-1,OTI,5,283
ATTGCCCGTCCGAATG-1,OTI,1,37
ATTGCCCGTGGAACTT-1,OTI,1,5
ATTGCCCGTGGTCAGC-1,OTI,0,0
ATTGCGGGTAGCGTTG-1,C57BL6,0,0
ATTGCGGGTATCCGAG-1,C57BL6,0,0
ATTGCGGGTATGGTCG-1,OTI,0,0
ATTGCGGGTGCCCATT-1,C57BL6,0,0
ATTGCGGGTGGCAATT-1,C57BL6,0,0
ATTGCTACAACGCGAG-1,OTI,1,97
ATTGCTACAACGCGCT-1,C57BL6,0,0
ATTGCTACAACTAATT-1,OTI,0,0
ATTGCTACAACTTTAG-1,OTI,1,10
ATTGCTACAATAGGGC-1,C57BL6,1,3
ATTGCTACAATTGCTA-1,OTI,2,11
ATTGCTACAGCTAGGG-1,OTI,7,32
ATTGCTACAGTACTCG-1,OTI,2,91
ATTGCTACAGTTGGAA-1,OTI,1,16
ATTGCTCTCAATCCCT-1,OTI,1,8
ATTGCTCTCACCATTC-1,OTI,3,201
ATTGCTCTCCTGCATT-1,C57BL6,2,11
ATTGCTCTCGCAGTAC-1,C57BL6,0,0
ATTGCTCTCGGCGTCA-1,OTI,1,2
ATTGCTTGTACTTAAG-1,C57BL6,0,0
ATTGCTTGTGGGGATG-1,OTI,4,282
ATTGGCATCAAGGTAA-1,C57BL6,0,0
ATTGGCATCAATCTCC-1,OTI,1,187
ATTGGCATCACTCTTA-1,OTI,3,1174
ATTGGCATCATCAGCA-1,C57BL6,2,50
ATTGGCATCCCTGTCA-1,OTI,3,25
ATTGGCATCCTTCAAC-1,C57BL6,0,0
ATTGGCATCCTTGTAC-1,C57BL6,0,0
ATTGGCATCGGTACTA-1,OTI,3,15
ATTGGCATCGGTAGCT-1,OTI,13,831
ATTGGGCTCACCTCTG-1,OTI,2,3
ATTGGGCTCCCCTAGC-1,C57BL6,0,0
ATTGGGCTCCTTCATA-1,OTI,2,15
ATTGGGCTCGCCACTC-1,OTI,4,22
ATTGGGCTCGCTGAGT-1,OTI,0,0
ATTGGGCTCGGCGAAA-1,OTI,5,119
ATTGGGTGTAACCCGA-1,OTI,3,3
ATTGGGTGTAACTCGG-1,OTI,0,0
ATTGGGTGTAGTGAGA-1,OTI,1,2
ATTGGGTGTCCCATGT-1,OTI,4,367
ATTGGGTGTGCCATAG-1,C57BL6,0,0
ATTGGTAGTAACTCCC-1,OTI,5,255
ATTGGTAGTAATGGCT-1,C57BL6,6,8
ATTGGTAGTAGCGCGT-1,OTI,4,79
ATTGGTAGTAGGCATT-1,OTI,1,1
ATTGGTAGTCCAAGAT-1,OTI,6,488
ATTGGTAGTCCGAATG-1,C57BL6,0,0
ATTGGTAGTCGTTCTA-1,OTI,3,7
ATTGGTAGTGTGTTGG-1,OTI,1,11
ATTGGTTAGAGGCGGT-1,OTI,0,0
ATTGGTTAGGTTGCCG-1,C57BL6,0,0
ATTGTAATCAACAGCC-1,OTI,0,0
ATTGTAATCACAACGC-1,C57BL6,0,0
ATTGTAATCAGTATGT-1,OTI,2,14
ATTGTAATCCCACGCT-1,OTI,3,87
ATTGTAATCCTACATC-1,C57BL6,1,5
ATTGTAATCGCTCCTA-1,C57BL6,0,0
ATTGTAATCGTGCATA-1,OTI,3,169
ATTGTAGGTAACCGTG-1,OTI,1,14
ATTGTAGGTATCTGTT-1,C57BL6,0,0
ATTGTAGGTCTCATTG-1,OTI,1,34
ATTGTAGGTGGGCGTT-1,OTI,6,36
ATTGTATCAAAGTCTC-1,OTI,5,169
ATTGTATCAACGTGGG-1,OTI,1,10
ATTGTATCACAGTCAT-1,C57BL6,1,11
ATTGTATCACTCTCCG-1,OTI,0,0
ATTGTATCACTGGGCT-1,OTI,4,118
ATTGTATCAGCGTATT-1,C57BL6,1,3
ATTGTCCTCAGGGTCT-1,C57BL6,0,0
ATTGTCCTCAGTCCGG-1,OTI,3,12
ATTGTCCTCCAGCATA-1,C57BL6,1,42
ATTGTCCTCCCACTTG-1,OTI,5,66
ATTGTCCTCCCTATGT-1,C57BL6,0,0
ATTGTCCTCCGGTGCA-1,OTI,6,40
ATTGTCCTCCTGGTAA-1,C57BL6,0,0
ATTGTCCTCGTACTTC-1,C57BL6,2,2
ATTGTCTGTAGTTGCG-1,C57BL6,1,3
ATTGTCTGTGCTCCGC-1,OTI,1,150
ATTGTCTGTGGAATGA-1,OTI,5,162
ATTGTCTGTGGGATAA-1,C57BL6,2,6
ATTGTGGTCACAACGC-1,C57BL6,0,0
ATTGTGGTCAGGGTTC-1,C57BL6,3,4
ATTGTGGTCAGTTAGT-1,C57BL6,0,0
ATTGTGGTCGCGACAT-1,C57BL6,0,0
ATTGTGGTCGTCCGCT-1,C57BL6,2,3
ATTGTGGTCGTCGAGT-1,C57BL6,0,0
ATTGTGTAGAAAGGTC-1,OTI,4,520
ATTGTGTAGGCGTCCA-1,OTI,3,23
ATTGTGTAGGCTCTAA-1,OTI,2,61
ATTGTGTAGGTGCGAA-1,C57BL6,0,0
CAAACCATCAGTATGT-1,OTI,0,0
CAAACCATCCGGTGCA-1,C57BL6,1,9
CAAACCATCGTATGTG-1,C57BL6,0,0
CAAACCCAGAACGACG-1,OTI,3,68
CAAACCCAGAACTAAG-1,C57BL6,0,0
CAAACCCAGAGTGGCA-1,OTI,2,22
CAAACCCAGATCTTCC-1,OTI,2,140
CAAACCCAGCAGGGTA-1,OTI,0,0
CAAACCCAGCATGTCA-1,C57BL6,0,0
CAAACCCAGCCTCGAG-1,OTI,1,41
CAAACCCAGGGGATTG-1,OTI,3,53
CAAACCCAGGGTAGGC-1,OTI,4,28
CAAACCTCACAATGCT-1,OTI,1,3
CAAACCTCACCAGAGG-1,OTI,1,34
CAAACCTCACTACGCA-1,OTI,3,35
CAAACCTCACTGGGGA-1,OTI,0,0
CAAACCTCAGGGGCTA-1,OTI,3,148
CAAACCTCAGTCCACA-1,OTI,3,74
CAAACGGAGATGCTCA-1,OTI,6,206
CAAACGGAGCACTTTC-1,OTI,3,50
CAAACGGAGGCAAAGT-1,OTI,1,16
CAAACGGAGGCAGGGT-1,OTI,2,8
CAAACGTGTACATATG-1,OTI,5,48
CAAACGTGTACTACCC-1,C57BL6,0,0
CAAACGTGTACTTGGG-1,OTI,2,21
CAAACGTGTAGAGAAT-1,C57BL6,0,0
CAAACGTGTCCAGGTA-1,OTI,2,76
CAAACGTGTCGTTGCT-1,OTI,3,198
CAAACGTGTGCGGGTT-1,OTI,3,63
CAAACTTAGACAGCGA-1,OTI,4,721
CAAACTTAGACCTGTA-1,C57BL6,0,0
CAAACTTAGATTGTGT-1,C57BL6,0,0
CAAACTTAGCTAGTTG-1,OTI,0,0
CAAACTTAGCTGGGTT-1,OTI,0,0
CAAAGCCTCAAACCTG-1,C57BL6,1,6
CAAAGCCTCACTCGCC-1,C57BL6,0,0
CAAAGCCTCATGCAAT-1,C57BL6,0,0
CAAAGCCTCCAAGCTA-1,OTI,2,284
CAAAGCCTCCGAAGTC-1,C57BL6,2,11
CAAAGCCTCCGTCAAA-1,OTI,1,1
CAAAGCCTCGGCGTTG-1,OTI,4,93
CAAAGCCTCGTCGAAC-1,C57BL6,0,0
CAAAGCGAGAACATAG-1,OTI,1,9
CAAAGCGAGACCAGAG-1,OTI,5,335
CAAAGCGAGAGAGTTA-1,C57BL6,0,0
CAAAGCGAGCGCTGTG-1,OTI,5,200
CAAAGCGAGCTATTGG-1,C57BL6,0,0
CAAAGCGAGCTGACCG-1,OTI,4,197
CAAAGCGAGGGTACAG-1,OTI,4,56
CAAAGCGAGGTCCTTT-1,C57BL6,1,8
CAAAGCTGTACTTCGC-1,OTI,1,10
CAAAGCTGTCCGGCCT-1,C57BL6,6,201
CAAAGCTGTCGCATCT-1,C57BL6,0,0
CAAAGGAGTACACTCC-1,OTI,5,197
CAAAGGAGTACTAAGC-1,OTI,0,0
CAAAGGAGTACTGGAT-1,OTI,3,27
CAAAGGAGTATCAGTA-1,OTI,1,13
CAAAGGAGTCTACTGC-1,OTI,4,109
CAAAGGAGTCTCCGGC-1,OTI,3,111
CAAAGGAGTGCTTGGA-1,C57BL6,0,0
CAAAGGAGTGGGGTTC-1,OTI,7,190
CAAAGGAGTGTTACGG-1,OTI,4,393
CAAAGGTAGGGACGTA-1,OTI,4,100
CAAAGGTAGGGGCTAA-1,OTI,0,0
CAAAGGTAGGTTAGTT-1,OTI,1,39
CAAAGTAAGAACGTAA-1,OTI,2,11
CAAAGTAAGAGGTTGG-1,OTI,3,9
CAAAGTAAGGGTATCC-1,OTI,1,23
CAAATCCCAAATGCGA-1,OTI,11,634
CAAATCCCAACATCCG-1,OTI,1,19
CAAATCCCAACATGTC-1,OTI,3,335
CAAATCCCAAGTACAG-1,OTI,3,125
CAAATCCCAAGTTAGG-1,C57BL6,1,20
CAAATCCCACGGCAAG-1,OTI,1,463
CAAATCCCAGCAGCGA-1,C57BL6,0,0
CAAATCGTCACTGCCC-1,OTI,0,0
CAAATCGTCACTTCGT-1,OTI,6,355
CAAATCGTCATCGGCG-1,OTI,2,6
CAAATCGTCCAGCATA-1,OTI,3,101
CAAATCGTCCGCCGTT-1,OTI,8,393
CAAATCGTCCGGTCAG-1,C57BL6,0,0
CAAATCGTCCGTTTAC-1,C57BL6,1,3
CAAATCGTCCTATGTC-1,OTI,0,0
CAAATCGTCGCGTGCA-1,OTI,3,163
CAAATCGTCGGTTAGC-1,C57BL6,2,6
CAAATGAAGAAGCCGA-1,C57BL6,0,0
CAAATGAAGATGTATC-1,OTI,1,20
CAAATGAAGCACTACA-1,OTI,3,73
CAAATGAAGCTCAGGT-1,OTI,6,104
CAAATGAAGCTGATTG-1,C57BL6,1,6
CAAATGAAGCTGTATG-1,C57BL6,1,5
CAAATGAAGGCACCAT-1,OTI,1,8
CAAATGAAGGCACGAA-1,OTI,0,0
CAAATGAAGGGCTAGA-1,OTI,6,103
CAAATGAAGGGGTAAT-1,C57BL6,0,0
CAAATGGCAAATACAA-1,OTI,2,112
CAAATGGCAACTGCGC-1,OTI,4,15
CAAATGGCAAGGGGAA-1,OTI,2,18
CAAATGGCACCTCAGA-1,OTI,0,0
CAAATGGCACGATAAG-1,C57BL6,14,205
CAAATGGCACTGGAGG-1,OTI,3,119
CAAATGTTCAATATTG-1,C57BL6,0,0
CAAATGTTCATGTCCT-1,OTI,0,0
CAAATGTTCCCGAAAC-1,OTI,4,43
CAAATTATCATATTAG-1,OTI,6,19
CAAATTATCATCGCTT-1,C57BL6,1,1
CAAATTATCATGATGT-1,OTI,2,245
CAAATTATCATGGCGT-1,OTI,9,23
CAAATTATCCGGTATA-1,C57BL6,0,0
CAAATTATCGGTGTCG-1,C57BL6,0,0
CAAATTCAGCGAAACG-1,OTI,0,0
CAAATTCAGCTTCGTT-1,C57BL6,0,0
CAAATTCAGGTAGACG-1,OTI,2,10
CAACACATCAACTGCA-1,OTI,4,21
CAACACATCACAACTG-1,C57BL6,1,19
CAACACATCACGCGCA-1,OTI,2,6
CAACACATCCACCGCT-1,C57BL6,0,0
CAACACATCCCTTTCC-1,C57BL6,3,23
CAACACATCCGACTCC-1,C57BL6,2,10
CAACACATCGCCTTGC-1,OTI,6,519
CAACACATCGCGGATT-1,OTI,2,57
CAACACATCGTGCTCC-1,OTI,0,0
CAACAGACAAAATCTT-1,OTI,0,0
CAACAGACAACTCCGA-1,C57BL6,0,0
CAACAGACAGCGCGAA-1,C57BL6,1,1
CAACAGACAGCTCAAT-1,OTI,7,426
CAACAGACAGGGTTCC-1,OTI,0,0
CAACAGCTCCATCGGG-1,OTI,3,17
CAACAGCTCGTACTTC-1,C57BL6,0,0
CAACAGCTCGTCAAAT-1,OTI,4,77
CAACAGGAGAATGCCC-1,C57BL6,1,6
CAACAGGAGACCCTAA-1,C57BL6,0,0
CAACAGGAGAGCCGTT-1,C57BL6,0,0
CAACAGGAGCACGAAG-1,C57BL6,1,4
CAACAGGAGCCAGAGA-1,OTI,2,58
CAACATCCAACATGGA-1,OTI,5,200
CAACATCCAACCACAT-1,OTI,0,0
CAACATCCAACGCACC-1,OTI,6,7
CAACATCCAAGAGGTC-1,OTI,7,69
CAACATCCAATACGCT-1,OTI,1,1
CAACATCCACCGACAC-1,OTI,2,57
CAACATCCACGTAGAA-1,C57BL6,0,0
CAACATTAGCACCTAA-1,OTI,2,29
CAACATTAGGCATCAC-1,C57BL6,1,6
CAACCCACAAAGTAAC-1,OTI,2,185
CAACCCACAATCATCA-1,OTI,3,97
CAACCCACACGATTTA-1,C57BL6,0,0
CAACCCACACGCAGGA-1,C57BL6,0,0
CAACCCACAGCTTCAG-1,OTI,4,27
CAACCCACAGTCGCAC-1,OTI,0,0
CAACCCGAGACGCCCA-1,OTI,0,0
CAACCCGAGCAATATC-1,OTI,2,21
CAACCCGAGCACCACG-1,OTI,2,2
CAACCCGAGGGAGAGG-1,OTI,0,0
CAACCCTGTATGGTCG-1,OTI,1,16
CAACCCTGTATGTCGG-1,C57BL6,0,0
CAACCCTGTCCAACTC-1,OTI,4,82
CAACCGTAGAACCCGT-1,OTI,3,93
CAACCGTAGAGGCACA-1,OTI,0,0
CAACCGTAGATGATGA-1,OTI,5,418
CAACCGTAGCTACATG-1,C57BL6,0,0
CAACCGTAGGGGAATT-1,C57BL6,1,2
CAACCGTAGGGGGCAT-1,OTI,5,86
CAACCGTAGGTCTGTA-1,C57BL6,0,0
CAACCTCGTACCACGA-1,C57BL6,0,0
CAACCTCGTATTCTGT-1,C57BL6,0,0
CAACCTCGTCATACAA-1,C57BL6,0,0
CAACCTCGTCATGCAG-1,OTI,1,6
CAACCTCGTCCGCTTG-1,C57BL6,0,0
CAACCTCGTCCTTGCG-1,OTI,3,13
CAACCTCGTGCCCGAG-1,C57BL6,0,0
CAACCTCGTGGAGTGG-1,C57BL6,0,0
CAACCTCGTGGTCAAT-1,OTI,0,0
CAACCTCGTGTTGTCC-1,OTI,0,0
CAACCTTTCAGCCAAC-1,OTI,1,15
CAACCTTTCAGTTGGC-1,OTI,3,9
CAACCTTTCATAGCAT-1,C57BL6,1,41
CAACCTTTCATGTAGT-1,C57BL6,1,52
CAACCTTTCCAACATG-1,C57BL6,1,6
CAACCTTTCCCTTTCC-1,OTI,4,174
CAACCTTTCGGTTGTA-1,OTI,2,139
CAACGAACAAACGTTC-1,OTI,1,20
CAACGAACACACTTAA-1,C57BL6,0,0
CAACGAACACATTAGC-1,OTI,2,13
CAACGAACACCCATTC-1,OTI,5,475
CAACGAACAGTCTATA-1,OTI,3,18
CAACGAACAGTGTCGC-1,OTI,4,246
CAACGAGAGAGGGTAT-1,C57BL6,0,0
CAACGAGAGCCGCACA-1,OTI,2,112
CAACGAGAGGTACCCG-1,OTI,6,75
CAACGCCCAATCATTG-1,OTI,4,171
CAACGCCCAGCATGCC-1,OTI,2,15
CAACGCCCAGTGCGGA-1,OTI,7,176
CAACGGGCAAATCGAG-1,OTI,2,51
CAACGGGCAACTTAAT-1,C57BL6,0,0
CAACGGGCACGAGCGA-1,C57BL6,3,46
CAACGGGCAGCAAGAC-1,C57BL6,3,49
CAACGTATCAACAGCC-1,OTI,0,0
CAACGTATCAGTTTAA-1,OTI,3,76
CAACGTATCCAATTCC-1,OTI,5,588
CAACGTATCCATCTGT-1,C57BL6,0,0
CAACGTATCCGATAAT-1,C57BL6,0,0
CAACGTATCCTGCACC-1,OTI,3,83
CAACGTATCCTTAACC-1,OTI,0,0
CAACGTATCGGCGATT-1,C57BL6,0,0
CAACGTCAGACACCCG-1,OTI,2,227
CAACGTCAGCCTGGTG-1,OTI,0,0
CAACGTCAGGGAAATC-1,OTI,2,28
CAACGTGGTATAGCGT-1,OTI,5,49
CAACGTGGTCAAAGCT-1,OTI,1,6
CAACGTGGTCGTAATA-1,OTI,1,108
CAACGTGGTGCACTAG-1,C57BL6,1,4
CAACTACCAACTCTCC-1,OTI,1,85
CAACTACCAAGGCTCC-1,OTI,6,22
CAACTACCAAGGTTAG-1,OTI,6,85
CAACTACCAATCACGT-1,OTI,6,67
CAACTACCACAACGGG-1,C57BL6,0,0
CAACTACCACATCAGT-1,C57BL6,7,9
CAACTACCACGAATCT-1,OTI,6,42
CAACTCCGTAACAGGA-1,C57BL6,1,19
CAACTCCGTAACTAGC-1,OTI,5,139
CAACTCCGTACATCCC-1,OTI,0,0
CAACTCCGTAGCCCTT-1,C57BL6,2,7
CAACTCCGTAGCGGAG-1,C57BL6,7,76
CAACTCCGTCCTTGTA-1,OTI,1,26
CAACTCCGTCTGATAA-1,C57BL6,1,66
CAACTCCGTGCGCGAT-1,C57BL6,1,66
CAACTCCGTGGTTTGG-1,OTI,6,56
CAACTCGCACCGTTAG-1,C57BL6,0,0
CAACTCGCAGTGTCAT-1,OTI,2,14
CAACTTACACATTCGG-1,OTI,8,35
CAACTTACAGCTATCG-1,OTI,4,487
CAACTTACAGGAACGT-1,OTI,3,220
CAACTTACAGTAAGAT-1,OTI,5,84
CAACTTACAGTGTTCG-1,C57BL6,0,0
CAACTTCTCACGAGCT-1,OTI,3,38
CAACTTCTCAGTCCTT-1,OTI,1,1
CAACTTCTCCACCATT-1,OTI,2,5
CAACTTCTCCGACTCC-1,C57BL6,0,0
CAACTTCTCCGATACA-1,C57BL6,0,0
CAACTTCTCGTGCAGT-1,OTI,1,64
CAAGACACAACGAGGT-1,OTI,0,0
CAAGACACAACGTCGC-1,OTI,2,164
CAAGACACAATCTGAC-1,C57BL6,1,1
CAAGACACACCACAGC-1,C57BL6,0,0
CAAGACACAGGTTGGG-1,OTI,1,10
CAAGACCTCACCCTGC-1,C57BL6,0,0
CAAGACCTCAGTGAAA-1,OTI,2,48
CAAGACCTCCCATAAG-1,OTI,2,121
CAAGACCTCCGAATGC-1,C57BL6,0,0
CAAGACCTCCTCCGAC-1,C57BL6,0,0
CAAGACCTCGCGAGTT-1,OTI,3,285
CAAGACCTCGCTTCGC-1,OTI,2,98
CAAGACCTCGTGACGT-1,OTI,2,555
CAAGACCTCGTGCTAA-1,OTI,5,21
CAAGACCTCGTTGCTT-1,C57BL6,0,0
CAAGACGAGACCCCAG-1,OTI,0,0
CAAGACGAGATAGTGA-1,OTI,3,63
CAAGACGAGGGCGAGT-1,OTI,7,430
CAAGAGTAGAAAGTGC-1,C57BL6,0,0
CAAGAGTAGAAGGGCC-1,OTI,0,0
CAAGAGTAGAGACTTT-1,OTI,0,0
CAAGAGTAGCATTTGG-1,OTI,1,4
CAAGAGTAGCCATCGG-1,OTI,1,5
CAAGAGTAGCCCTGGA-1,C57BL6,0,0
CAAGAGTAGCCGTTGG-1,OTI,2,5
CAAGAGTAGCGCTGTG-1,C57BL6,4,87
CAAGAGTAGCTACGAC-1,OTI,1,47
CAAGAGTAGGCTTGAC-1,OTI,2,1293
CAAGAGTAGGGAGCTA-1,OTI,1,11
CAAGATAAGACAATAG-1,OTI,2,18
CAAGATAAGAGCATGG-1,C57BL6,0,0
CAAGATAAGATAGTAG-1,C57BL6,0,0
CAAGATAAGCGTTCAA-1,OTI,6,8
CAAGATAAGGGCTAGA-1,C57BL6,1,4
CAAGATAAGGGGACGT-1,C57BL6,0,0
CAAGATAAGGTCTGCG-1,OTI,1,387
CAAGATAAGGTTCAAT-1,C57BL6,0,0
CAAGCCCCAAAATGGT-1,C57BL6,0,0
CAAGCCCCAAAGCATG-1,OTI,6,350
CAAGCCCCAACTGCCA-1,OTI,2,49
CAAGCCCCAATAACTT-1,OTI,3,117
CAAGCCCCAATAGCCT-1,OTI,4,51
CAAGCCCCACCGTAAT-1,OTI,2,22
CAAGCCCCACGATAAG-1,C57BL6,1,5
CAAGCCCCACGTAATC-1,OTI,2,3
CAAGCCCCAGGACAAC-1,OTI,1,22
CAAGCCCCAGTGTTAC-1,OTI,2,49
CAAGCCCCAGTTGAGA-1,OTI,12,533
CAAGCCTAGAGCGACA-1,OTI,4,363
CAAGCCTAGAGCGTAG-1,C57BL6,0,0
CAAGCCTAGATCGGTC-1,OTI,1,4
CAAGCCTAGCAATAGA-1,OTI,2,38
CAAGCCTAGCCGTCGA-1,OTI,11,161
CAAGCCTAGCTATCGA-1,OTI,1,2
CAAGCCTAGGTGAGAT-1,OTI,0,0
CAAGCGAAGATCCGTA-1,C57BL6,1,6
CAAGCGAAGCGACAAG-1,C57BL6,2,4
CAAGCGAAGCGGAATG-1,C57BL6,1,4
CAAGCGAAGCTCTCAT-1,OTI,2,17
CAAGCGAAGGTCGGTT-1,OTI,1,14
CAAGCGGCAAGTCCAT-1,OTI,1,6
CAAGCGGCAATCATGC-1,C57BL6,5,5
CAAGCGGCAATGCGAA-1,C57BL6,2,35
CAAGCGGCACCTGCAA-1,OTI,2,3
CAAGCGGCACTAATAT-1,OTI,7,122
CAAGCGTTCAGGGCAA-1,OTI,2,11
CAAGCGTTCATGAGTT-1,OTI,4,108
CAAGCTATCAAATCAC-1,OTI,3,81
CAAGCTATCATTCTCA-1,OTI,2,40
CAAGCTATCGTATAAC-1,C57BL6,0,0
CAAGCTCAGACCACGT-1,OTI,2,11
CAAGCTCAGCCTCGTC-1,OTI,4,210
CAAGCTCAGCTTGGGT-1,OTI,0,0
CAAGCTCAGGCGTGTT-1,C57BL6,1,4
CAAGCTCAGGGCCTTG-1,C57BL6,0,0
CAAGCTCAGGTAATGA-1,C57BL6,0,0
CAAGGCAAGAATGCGG-1,C57BL6,1,18
CAAGGCAAGACGTATT-1,OTI,2,70
CAAGGCAAGCCCACGA-1,OTI,6,743
CAAGGCAAGCCGCGTA-1,C57BL6,0,0
CAAGGCAAGCCTTATC-1,C57BL6,1,12
CAAGGCAAGCGCCAAT-1,C57BL6,0,0
CAAGGCAAGCGTGCAT-1,OTI,0,0
CAAGGCCGTACAAGGA-1,OTI,11,16
CAAGGCCGTATATGTG-1,OTI,5,265
CAAGGCCGTCACCGCC-1,OTI,1,444
CAAGGCGCAAACGCGG-1,OTI,4,46
CAAGGCGCAAGTACTC-1,OTI,2,443
CAAGGCGCACAACTAC-1,OTI,1,11
CAAGGCGCAGCTTAGT-1,C57BL6,1,4
CAAGGCGCAGGACTTT-1,OTI,2,16
CAAGGCGCAGTTGGTT-1,OTI,12,218
CAAGGGCAGCTCATAG-1,OTI,3,18
CAAGGGCAGGGACATG-1,OTI,1,62
CAAGGGTCAACGAACA-1,OTI,0,0
CAAGGGTCACACTTAA-1,C57BL6,0,0
CAAGGGTCACCAGCTA-1,OTI,4,91
CAAGGGTCACTCCTTA-1,OTI,0,0
CAAGGGTCAGCAACTT-1,OTI,1,1
CAAGGGTCAGCATAAG-1,OTI,1,10
CAAGGGTCAGGTTGGG-1,OTI,4,188
CAAGGTTGTAGCGTCA-1,OTI,4,651
CAAGGTTGTATCAGTA-1,OTI,0,0
CAAGGTTGTCATACTT-1,OTI,6,84
CAAGGTTGTCCGCATT-1,OTI,0,0
CAAGGTTGTGCTACAG-1,OTI,9,70
CAAGTAAAGAAGTACA-1,OTI,8,197
CAAGTAAAGAATGGTA-1,C57BL6,0,0
CAAGTAAAGACAAGAC-1,OTI,9,149
CAAGTAAAGCAGCCCA-1,OTI,1,11
CAAGTAAAGCCTGTGG-1,OTI,0,0
CAAGTAAAGCGCGATT-1,OTI,7,18
CAAGTAAAGCGGATTC-1,OTI,2,45
CAAGTAAAGGCTTCAA-1,C57BL6,1,4
CAAGTAAAGGTCTGCG-1,OTI,2,26
CAAGTAGCAAAAGCGC-1,OTI,6,203
CAAGTAGCAATAGGCA-1,OTI,4,268
CAAGTAGCAATGCCCA-1,C57BL6,0,0
CAAGTAGCACCAGGGA-1,OTI,1,8
CAAGTAGCACGCGTAC-1,C57BL6,1,11
CAAGTAGCACTAACGT-1,OTI,4,54
CAAGTAGCACTACGCA-1,OTI,0,0
CAAGTAGCAGCTAACT-1,OTI,5,51
CAAGTAGCAGGTCTAT-1,OTI,3,97
CAAGTATTCACGGTGT-1,OTI,2,7
CAAGTATTCACTGGCG-1,OTI,1,5
CAAGTATTCCAAGCGT-1,OTI,1,6
CAAGTATTCCCTACGC-1,C57BL6,0,0
CAAGTATTCCGATACA-1,C57BL6,0,0
CAAGTATTCGCCCCAT-1,C57BL6,0,0
CAAGTATTCGCTTCAT-1,OTI,4,23
CAAGTCTCAAACCACT-1,OTI,1,4
CAAGTCTCAAATCGAG-1,C57BL6,0,0
CAAGTCTCAACGATAG-1,C57BL6,0,0
CAAGTCTCAATCAGGA-1,OTI,3,552
CAAGTCTCAATCCTAA-1,OTI,1,6
CAAGTCTCAATTACGC-1,OTI,5,47
CAAGTCTCAGCATTCG-1,C57BL6,0,0
CAAGTCTCAGGTACAA-1,C57BL6,4,32
CAAGTGCTCATAATGC-1,OTI,0,0
CAAGTGCTCCTCATTA-1,OTI,5,56
CAAGTTAGTACTATGA-1,OTI,0,0
CAAGTTAGTCTTGATT-1,OTI,1,104
CAAGTTTAGCATGCCG-1,OTI,3,83
CAAGTTTAGCATTTCC-1,OTI,0,0
CAAGTTTAGCCGTATA-1,OTI,1,4
CAAGTTTAGGCGTGAA-1,OTI,1,4
CAAGTTTAGGTAACCC-1,OTI,4,46
CAATACCCACATGATC-1,OTI,8,80
CAATACCCACCTAGGC-1,OTI,2,15
CAATACCCACGCGTTA-1,OTI,2,195
CAATACCCACTTAAAT-1,OTI,3,30
CAATACCCACTTAGTA-1,C57BL6,0,0
CAATACCCAGGCTACC-1,C57BL6,0,0
CAATACCCAGGTTAGA-1,OTI,3,223
CAATACCCAGTGCGTC-1,OTI,1,8
CAATACGTCAATATTG-1,OTI,0,0
CAATACGTCAGCACTA-1,C57BL6,3,4
CAATACGTCCCCTAAT-1,OTI,2,113
CAATACGTCCGCTTCA-1,OTI,5,198
CAATACGTCGGATGTC-1,OTI,3,10
CAATACGTCGGCAATC-1,C57BL6,0,0
CAATACGTCGTTCACT-1,C57BL6,2,80
CAATACTAGAGGAGCC-1,OTI,2,98
CAATACTAGATTCGTG-1,OTI,3,442
CAATACTAGCAAGAGT-1,OTI,6,166
CAATACTAGCAATGGG-1,C57BL6,3,9
CAATACTAGCCTTTAC-1,OTI,3,29
CAATACTAGGCCTCGA-1,OTI,5,59
CAATACTAGGGGTACA-1,C57BL6,0,0
CAATAGAAGAGGCGGT-1,C57BL6,5,48
CAATAGAAGCCAGTAC-1,OTI,0,0
CAATAGGCAACTTACA-1,C57BL6,0,0
CAATAGGCAAGCACAA-1,C57BL6,1,6
CAATAGGCACTATGGT-1,C57BL6,0,0
CAATAGGCAGTCCATG-1,OTI,1,6
CAATAGTTCAACCAAT-1,OTI,3,160
CAATAGTTCCCCACTA-1,OTI,3,237
CAATAGTTCGGACGTT-1,OTI,0,0
CAATAGTTCGTATTCC-1,OTI,2,64
CAATATATCCAAATCG-1,OTI,0,0
CAATATATCCAGTCCC-1,OTI,2,8
CAATATCAGAACCATT-1,C57BL6,0,0
CAATATCAGATTGTGT-1,C57BL6,0,0
CAATATCAGCACGGTT-1,C57BL6,0,0
CAATATCAGCAGCGTT-1,OTI,1,132
CAATATGGTAGTCTGG-1,C57BL6,0,0
CAATATGGTATGCGCA-1,OTI,2,180
CAATATGGTCCAGTAG-1,C57BL6,0,0
CAATATGGTCCTCATA-1,OTI,3,26
CAATATGGTCTAATTC-1,OTI,3,135
CAATATGGTGGCTTTC-1,OTI,6,321
CAATATGGTGTAGGTT-1,OTI,2,126
CAATATGGTGTATGCG-1,OTI,2,19
CAATATGGTGTCATGG-1,C57BL6,2,8
CAATATGGTGTTAATG-1,OTI,1,13
CAATCACCACTCCTTA-1,OTI,2,11
CAATCACCAGCGTGCT-1,OTI,4,43
CAATCACCAGGGCGTA-1,C57BL6,0,0
CAATCAGTCAACGCTA-1,OTI,0,0
CAATCAGTCACTATCC-1,OTI,3,22
CAATCAGTCAGTTTGG-1,OTI,1,6
CAATCAGTCATCCGTT-1,OTI,5,38
CAATCAGTCCAAATTA-1,OTI,5,297
CAATCAGTCCCTGCTA-1,OTI,2,70
CAATCAGTCCGACGCA-1,OTI,5,88
CAATCAGTCCTCGAAA-1,C57BL6,0,0
CAATCAGTCGCGCAAT-1,OTI,0,0
CAATCCAAGAGACGCA-1,OTI,2,44
CAATCCAAGAGACTTT-1,OTI,1,12
CAATCCAAGAGTGATA-1,OTI,5,6
CAATCCAAGATAACGA-1,OTI,2,93
CAATCCAAGATGGGGC-1,C57BL6,0,0
CAATCCAAGCCGGATT-1,C57BL6,0,0
CAATCCAAGCCTTATC-1,C57BL6,0,0
CAATCCAAGCGTAGAG-1,C57BL6,1,1
CAATCCAAGCTAATAC-1,OTI,4,101
CAATCCAAGCTGACAC-1,C57BL6,0,0
CAATCCAAGCTGTGGT-1,OTI,0,0
CAATCCCGTACGGTCA-1,OTI,12,335
CAATCCCGTACTTTCG-1,OTI,1,6
CAATCCCGTAGCCTCT-1,OTI,2,134
CAATCCCGTAGTCAGT-1,OTI,4,36
CAATCCCGTATGATGC-1,OTI,2,76
CAATCCCGTATGCCTC-1,OTI,0,0
CAATCCCGTATGTCGG-1,OTI,2,5
CAATCCCGTCGAGCGT-1,OTI,0,0
CAATCCCGTCGCTAAG-1,OTI,4,69
CAATCCCGTGCGGGTT-1,OTI,0,0
CAATCCCGTGTGGATT-1,OTI,0,0
CAATCCGCAACAGACA-1,C57BL6,0,0
CAATCCGCAAGCGAAC-1,OTI,7,546
CAATCCGCACTGCAAT-1,OTI,0,0
CAATCCGCAGCCCAAC-1,OTI,1,3
CAATCCGCAGTGGACG-1,OTI,1,8
CAATCGATCAACTGCA-1,C57BL6,0,0
CAATCGATCACATTCC-1,OTI,1,2
CAATCGATCACTAAAC-1,OTI,1,26
CAATCGATCACTGTTC-1,C57BL6,1,6
CAATCGATCAGGCTTA-1,OTI,6,108
CAATCGATCAGTGGTC-1,OTI,3,126
CAATCGATCCAATAGT-1,OTI,2,21
CAATCGATCCCACTCA-1,C57BL6,0,0
CAATCGGGTACTACCC-1,C57BL6,0,0
CAATCGGGTAGAGATG-1,OTI,3,86
CAATCGGGTCCAGTTC-1,C57BL6,0,0
CAATCGGGTCTAGTGG-1,C57BL6,0,0
CAATCGGGTGCATAGT-1,OTI,3,44
CAATCGGGTGGAACCC-1,OTI,5,178
CAATGCATCCCTGACC-1,OTI,3,42
CAATGCATCCGACTCC-1,OTI,4,138
CAATGCATCGGACTAC-1,OTI,2,38
CAATGCCAGACGATGG-1,OTI,0,0
CAATGCCAGAGTTAGA-1,OTI,3,29
CAATGCCAGCCATAAT-1,C57BL6,0,0
CAATGCCAGCTACTGA-1,OTI,2,47
CAATGCCAGCTGGCAT-1,C57BL6,0,0
CAATGCCAGGCCTGCA-1,OTI,2,51
CAATGCGGTACCTCCG-1,OTI,2,58
CAATGCGGTAGGCAGG-1,OTI,4,111
CAATGCGGTCACTAGG-1,OTI,0,0
CAATGCGGTCGCATTC-1,C57BL6,1,8
CAATGCGGTGTACTCC-1,OTI,2,78
CAATGCGGTGTCTAGG-1,OTI,2,191
CAATGCGGTGTCTGAG-1,C57BL6,2,3
CAATGCTCAATCGAGA-1,OTI,10,264
CAATGCTCACAGTAAG-1,C57BL6,0,0
CAATGCTCACCGCATA-1,C57BL6,0,0
CAATGCTCACTAAGTC-1,OTI,3,21
CAATGCTCAGTTAGTC-1,C57BL6,1,1
CAATGGACAACAGCGG-1,OTI,8,258
CAATGGACACCAATTA-1,OTI,1,7
CAATGGACACGTAATC-1,C57BL6,1,9
CAATGGACACTCGGGT-1,C57BL6,0,0
CAATGGACAGGATTTC-1,OTI,3,9
CAATGGACAGTGCGGA-1,OTI,2,125
CAATGGGAGAAGGGCC-1,OTI,4,103
CAATGGGAGCCATACA-1,OTI,1,7
CAATGGGAGCCCATGG-1,OTI,8,180
CAATGGGAGGGGTAGC-1,C57BL6,0,0
CAATGGGAGGTAACCC-1,OTI,8,191
CAATGTAGTAACCCGA-1,OTI,3,11
CAATGTAGTACCAGAT-1,C57BL6,3,24
CAATGTAGTACGTCAG-1,C57BL6,0,0
CAATGTAGTCACTTTG-1,OTI,3,40
CAATGTAGTCTTATGT-1,C57BL6,0,0
CAATGTAGTGCTAAGT-1,OTI,3,56
CAATGTCCAAAGCCGG-1,C57BL6,0,0
CAATGTCCACATTCAA-1,OTI,4,271
CAATGTCCACCTGACA-1,OTI,1,109
CAATGTGTCACCATCT-1,OTI,6,280
CAATGTGTCAGTATGT-1,OTI,2,554
CAATGTGTCATAAGTC-1,OTI,5,154
CAATGTGTCCCGTAAA-1,OTI,4,34
CAATGTGTCCCTGATT-1,OTI,3,14
CAATGTGTCCCTGTCA-1,OTI,3,15
CAATGTGTCCGACGCA-1,OTI,0,0
CAATGTGTCCTATGTC-1,OTI,6,190
CAATGTGTCCTGACAA-1,C57BL6,1,4
CAATGTGTCGCGTAGT-1,C57BL6,0,0
CAATGTGTCGGCCTTC-1,OTI,0,0
CAATGTGTCGTTCATC-1,OTI,6,186
CAATGTTAGAAGGCAT-1,OTI,4,113
CAATGTTAGATTACGT-1,OTI,1,32
CAATGTTAGCAAGAGT-1,C57BL6,1,15
CAATGTTAGCACCAAC-1,C57BL6,0,0
CAATGTTAGCACCTCC-1,OTI,6,41
CAATGTTAGCGGAATG-1,OTI,6,124
CAATGTTAGGCTCGAT-1,OTI,7,129
CAATGTTAGGGACACA-1,C57BL6,0,0
CAATGTTAGGTAATAG-1,OTI,0,0
CAATTAATCAAATGTC-1,OTI,2,42
CAATTAATCACTTGCT-1,C57BL6,0,0
CAATTAATCAGCAGTC-1,OTI,1,2
CAATTAATCCCGCTGT-1,OTI,8,239
CAATTAATCCGGTTAA-1,C57BL6,0,0
CAATTAATCGCTCATT-1,C57BL6,1,10
CAATTACAGAATGGCG-1,C57BL6,0,0
CAATTACAGAGCAGAT-1,OTI,1,7
CAATTACAGATCGTTG-1,OTI,0,0
CAATTACAGCAAGCCT-1,OTI,1,2
CAATTAGGTATCTGGG-1,OTI,2,15
CAATTAGGTATGTTGA-1,OTI,0,0
CAATTAGGTCGCGCTC-1,OTI,4,126
CAATTAGGTGGACGCT-1,C57BL6,2,10
CAATTATCAAACTCTA-1,OTI,3,59
CAATTATCAAAGGGGA-1,OTI,2,76
CAATTATCAAGCGCCT-1,OTI,4,11
CAATTATCACCAGCTA-1,OTI,3,89
CAATTATCACGAAGGT-1,OTI,2,6
CAATTCACAAAGGACC-1,C57BL6,0,0
CAATTCACAATATTCG-1,C57BL6,0,0
CAATTCACAGGAGTCG-1,OTI,7,83
CAATTCCTCAAATGTC-1,C57BL6,0,0
CAATTCCTCATCATCC-1,C57BL6,0,0
CAATTCCTCCACGTAA-1,OTI,2,19
CAATTCCTCGCCCGTT-1,OTI,1,15
CAATTCCTCGTTCTAC-1,OTI,1,19
CAATTCCTCGTTGACA-1,C57BL6,1,7
CAATTCGAGACCTTTC-1,OTI,2,6
CAATTCGAGCATCGCG-1,OTI,1,4
CAATTCGAGCCCTGGA-1,OTI,1,35
CAATTCGAGCTAAGGG-1,OTI,2,27
CAATTCGAGGCACCCA-1,OTI,3,35
CAATTCGAGGCATCGT-1,OTI,3,37
CAATTCGAGGTTGTGC-1,OTI,0,0
CAATTCTGTAAATCCA-1,OTI,0,0
CAATTCTGTATACTTC-1,OTI,7,170
CAATTCTGTCATAAGC-1,OTI,4,149
CAATTCTGTCATTCTG-1,OTI,3,85
CAATTCTGTCGAAGCC-1,C57BL6,0,0
CAATTCTGTCGCCCTA-1,OTI,1,1
CAATTCTGTGGAAGTA-1,OTI,4,707
CAATTCTGTGGGGTAG-1,OTI,5,93
CAATTGGTCAACCCAA-1,C57BL6,0,0
CAATTGGTCACTCCAT-1,OTI,1,15
CAATTGGTCAGCGTAC-1,OTI,5,35
CAATTGGTCCACCCTA-1,OTI,3,17
CAATTGGTCCATTACC-1,OTI,11,178
CAATTGTAGAAGGGTT-1,C57BL6,0,0
CAATTGTAGACAGGAT-1,C57BL6,0,0
CAATTGTAGATCAGGG-1,C57BL6,0,0
CAATTGTAGATCGTTG-1,C57BL6,0,0
CAATTGTAGATTCGAT-1,C57BL6,0,0
CAATTGTAGGCGAGTA-1,C57BL6,0,0
CAATTGTAGGGGTAGC-1,C57BL6,0,0
CAATTGTAGGTCGACT-1,OTI,1,55
CAATTTCGTCATGGGC-1,C57BL6,0,0
CAATTTCGTCTCGCCA-1,C57BL6,0,0
CAATTTCGTGGCTGTA-1,OTI,6,39
CAATTTCGTGGTTCAG-1,OTI,4,41
CACAACATCAATCCCT-1,OTI,2,21
CACAACATCACTTAAA-1,C57BL6,0,0
CACAACATCCATCACT-1,OTI,1,1
CACAACATCCTGTATC-1,C57BL6,0,0
CACAACTCAATCCGGC-1,OTI,1,5
CACAACTCAGCTAATC-1,C57BL6,0,0
CACAAGACAAGTCGGG-1,OTI,3,143
CACAAGACACAGTTCG-1,OTI,1,386
CACAAGACAGGCTCTA-1,OTI,1,5
CACAAGCTCAAGCTCA-1,C57BL6,1,3
CACAAGCTCATGCAAT-1,OTI,3,71
CACAAGCTCCCGACTC-1,C57BL6,0,0
CACAAGCTCCCTAGGG-1,C57BL6,0,0
CACAAGCTCCTCCGGT-1,OTI,5,188
CACAAGGAGAGTACGG-1,C57BL6,0,0
CACAAGGAGATAGCGG-1,OTI,1,27
CACAAGGAGCAGCCAT-1,C57BL6,0,0
CACAAGGAGGTCCAAC-1,C57BL6,0,0
CACAATCCAAAGCGTA-1,C57BL6,1,5
CACAATCCAAGGACTA-1,OTI,1,15
CACAATCCACCACTAG-1,OTI,3,432
CACAATCCACGCTGAC-1,OTI,0,0
CACAATCCAGGTTCAT-1,C57BL6,1,7
CACAATTAGACCATGC-1,OTI,4,84
CACAATTAGAGCAGCA-1,C57BL6,0,0
CACAATTAGCGCAGTT-1,OTI,6,353
CACAATTAGCTGTTGA-1,C57BL6,1,5
CACAATTAGGCGGTTT-1,OTI,0,0
CACAATTAGGGTACAG-1,OTI,3,148
CACACCCTCAAATTGC-1,OTI,2,11
CACACCCTCAAGCCTA-1,C57BL6,1,20
CACACCCTCACAGTTG-1,OTI,0,0
CACACCCTCAGCCGTG-1,C57BL6,9,13
CACACCCTCATGGCAC-1,OTI,1,83
CACACCCTCCATGCCC-1,C57BL6,3,56
CACACCCTCCCATTCG-1,C57BL6,0,0
CACACCCTCCCCTTAG-1,OTI,0,0
CACACCCTCCCGTAAA-1,C57BL6,0,0
CACACCCTCCCTTCGA-1,OTI,3,18
CACACCCTCCTCCACA-1,OTI,8,584
CACACCCTCGGCTGCA-1,OTI,0,0
CACACCTGTAGCGTCA-1,OTI,4,118
CACACCTGTATGCTGG-1,OTI,3,138
CACACCTGTCACGCCC-1,C57BL6,1,12
CACACCTGTCATCATT-1,C57BL6,1,4
CACACCTGTCGAGGAG-1,C57BL6,0,0
CACACCTGTGTAGGTT-1,OTI,3,48
CACACGCCAACATAGG-1,OTI,2,109
CACACGCCAACCATCG-1,C57BL6,3,35
CACACGCCAAGCAAGC-1,OTI,4,87
CACACGCCAATTCTAG-1,C57BL6,1,9
CACACGCCACACGCAC-1,OTI,5,1167
CACACGCCACCCTTTA-1,OTI,4,170
CACACGCCAGCCTCTT-1,OTI,12,244
CACACTCGTATCGAGT-1,OTI,0,0
CACACTCGTGGATGTT-1,C57BL6,1,5
CACACTCGTGGTATGT-1,C57BL6,0,0
CACAGAACAACGCAGG-1,C57BL6,1,17
CACAGAACAAGCGCCT-1,OTI,5,86
CACAGAACACAGCGAG-1,OTI,1,171
CACAGAACAGCTAGCC-1,C57BL6,1,5
CACAGAACAGTATGTC-1,OTI,6,98
CACAGAACAGTGCATT-1,OTI,2,115
CACAGCAGTACATCTT-1,OTI,0,0
CACAGCAGTATAATCG-1,C57BL6,3,97
CACAGCAGTCGCGCTC-1,OTI,2,136
CACAGCCCAAACTCCG-1,OTI,7,182
CACAGCCCAAGTATCC-1,C57BL6,0,0
CACAGCCCAATCCCGA-1,C57BL6,2,26
CACAGCCCAGGTCGTC-1,OTI,1,85
CACAGCTAGACATGGG-1,C57BL6,0,0
CACAGCTAGCACCACG-1,OTI,0,0
CACAGGAAGCACCTCC-1,OTI,0,0
CACAGGAAGCAGGGGT-1,OTI,2,90
CACAGGAAGCCTGCGA-1,OTI,5,14
CACAGGAAGCCTTTCG-1,C57BL6,0,0
CACAGGAAGCTCTCCA-1,C57BL6,0,0
CACAGGAAGGTATTCG-1,OTI,6,485
CACAGGAAGGTTATCG-1,OTI,1,603
CACAGGTTCACACATG-1,C57BL6,8,11
CACAGGTTCACCCTGC-1,C57BL6,0,0
CACATACCAAGGGCAT-1,OTI,0,0
CACATACCAATCATTG-1,C57BL6,0,0
CACATACCACACGCAC-1,OTI,2,60
CACATACCACGGGGTA-1,OTI,3,892
CACATACCACGTAGAA-1,OTI,0,0
CACATACCACTAACTA-1,C57BL6,7,73
CACATACCAGGGCTTC-1,OTI,1,22
CACATACCAGTAAGAT-1,OTI,2,13
CACATCAAGAAACGTA-1,OTI,0,0
CACATCAAGACGACAG-1,OTI,0,0
CACATCAAGAGTGGCA-1,C57BL6,1,11
CACATCAAGATCTTCC-1,C57BL6,0,0
CACATCAAGCCTCGAG-1,C57BL6,1,9
CACATCAAGCTAGGTC-1,OTI,12,2463
CACATCTTCACTCGTT-1,OTI,2,71
CACATCTTCACTTGTC-1,OTI,0,0
CACATCTTCAGTATGT-1,OTI,3,200
CACATCTTCCGAAACC-1,C57BL6,1,2
CACATCTTCGCACAAC-1,C57BL6,2,57
CACATCTTCGTGGCCA-1,OTI,2,2
CACATGGGTAGCAGGG-1,OTI,0,0
CACATGGGTCAGTCTC-1,C57BL6,0,0
CACATGGGTCGTACCT-1,OTI,2,459
CACATGGGTGGTTTCC-1,OTI,0,0
CACATGGGTGTCGTCT-1,OTI,1,7
CACCAAATCACCAAGC-1,OTI,2,27
CACCAAATCACTCACT-1,C57BL6,0,0
CACCAAATCATTACTT-1,OTI,6,159
CACCAAATCCAGTAGC-1,OTI,1,9
CACCAAATCCTAATCC-1,C57BL6,3,3
CACCAACAGCAAACGG-1,C57BL6,0,0
CACCAACAGCCTAGCG-1,OTI,3,198
CACCAACAGCGGCATT-1,OTI,4,43
CACCAACAGGGCATGA-1,OTI,1,30
CACCAACAGGTCCTAA-1,OTI,1,13
CACCACGAGAATTGAG-1,OTI,0,0
CACCACGAGATGCCAC-1,OTI,4,97
CACCACGAGCCATTTC-1,OTI,1,13
CACCACGAGCCCTGGA-1,OTI,0,0
CACCACGAGCCTGCAG-1,OTI,2,41
CACCACGAGCGAAGTG-1,C57BL6,0,0
CACCACGAGCGTGTTA-1,C57BL6,3,4
CACCATAAGAACTTGT-1,C57BL6,2,2
CACCATAAGAGACTTT-1,OTI,1,3
CACCATAAGATATCAC-1,OTI,3,15
CACCATAAGCATGCCG-1,C57BL6,2,2
CACCATAAGCTGCATA-1,OTI,4,110
CACCATTTCAACATTA-1,OTI,0,0
CACCATTTCACAGGTC-1,OTI,1,27
CACCATTTCACTTCGT-1,OTI,1,18
CACCATTTCAGCGTAC-1,OTI,3,248
CACCATTTCCCTTAAC-1,OTI,2,30
CACCATTTCGGCGATT-1,OTI,2,146
CACCCAACAACTCTCC-1,OTI,1,1
CACCCAACACCTGCTT-1,OTI,5,292
CACCCAACAGCAGCGA-1,OTI,0,0
CACCCACTCAAGGGCA-1,OTI,6,161
CACCCACTCCACACCC-1,OTI,13,709
CACCCACTCCCGCTGT-1,C57BL6,0,0
CACCCACTCCGTCTAT-1,OTI,1,8
CACCCACTCGTACCTT-1,C57BL6,0,0
CACCCACTCGTAGCGT-1,OTI,1,7
CACCCACTCGTTATGG-1,OTI,3,91
CACCCAGAGAAACCGG-1,C57BL6,2,11
CACCCAGAGACATTCG-1,OTI,2,82
CACCCAGAGAGTTAGA-1,OTI,3,62
CACCCAGAGATTGAAG-1,OTI,5,59
CACCCAGAGCAAACCC-1,OTI,2,15
CACCCAGAGCCAAGCT-1,OTI,4,52
CACCCAGAGCGGAATG-1,OTI,3,20
CACCCAGAGGCTTTGA-1,OTI,1,7
CACCCAGAGGTATGTT-1,C57BL6,1,15
CACCCATGTACGGTTG-1,OTI,4,113
CACCCATGTAGTGTCG-1,C57BL6,1,11
CACCCATGTCCTTAGC-1,C57BL6,0,0
CACCCATGTCGCGTCC-1,OTI,3,28
CACCCATGTCTGGATG-1,OTI,6,234
CACCCGAAGATATTGC-1,C57BL6,0,0
CACCCGAAGGCTTCGG-1,OTI,4,94
CACCCGCGTAAATCCA-1,C57BL6,0,0
CACCCGCGTAAATCTG-1,OTI,6,100
CACCCGCGTAGGGTAA-1,OTI,1,5
CACCCGCGTCGCATTC-1,OTI,5,76
CACCCGCGTCGGGGTT-1,C57BL6,1,6
CACCCGTTCATAAGCT-1,C57BL6,3,28
CACCCGTTCATGCAGC-1,OTI,0,0
CACCCGTTCCAAAGCC-1,OTI,0,0
CACCCGTTCCCCAATT-1,C57BL6,1,14
CACCCGTTCCCGCATC-1,OTI,0,0
CACCCGTTCCGACGCA-1,OTI,0,0
CACCCGTTCGTCAAGC-1,OTI,4,159
CACCCTATCAAGGGTG-1,OTI,2,51
CACCCTATCACGTAAT-1,OTI,3,118
CACCCTATCCAGCAGT-1,C57BL6,2,97
CACCCTATCCGAGCAT-1,OTI,9,97
CACCCTGGTCAAAGCT-1,OTI,5,60
CACCCTGGTCACCGTT-1,OTI,2,178
CACCGCAAGACCAGGA-1,C57BL6,0,0
CACCGCAAGAGCGAAT-1,OTI,2,90
CACCGCAAGAGCTTAT-1,OTI,2,37
CACCGCAAGATCCAAT-1,OTI,0,0
CACCGCAAGCACATCA-1,C57BL6,1,1
CACCGCAAGCAGGGTA-1,OTI,5,118
CACCGCAAGCGCGTCA-1,C57BL6,3,11
CACCGCAAGGCTCAGT-1,C57BL6,2,139
CACCGCAAGGTGCTAC-1,OTI,1,5
CACCGCCGTATACCCC-1,OTI,3,67
CACCGCCGTCAGCTCT-1,C57BL6,0,0
CACCGCCGTCTTATGT-1,OTI,1,5
CACCGCCGTGCCACTT-1,C57BL6,3,7
CACCGCTTCAAGCTCA-1,OTI,1,7
CACCGCTTCAAGGTAA-1,OTI,9,158
CACCGCTTCACAGACC-1,OTI,6,49
CACCGCTTCACTTGCT-1,C57BL6,0,0
CACCGCTTCATCCGCC-1,OTI,0,0
CACCGCTTCCCAAATG-1,OTI,4,354
CACCGCTTCCCGACTC-1,OTI,1,66
CACCGCTTCGCGTATA-1,C57BL6,0,0
CACCGCTTCGGCTATA-1,OTI,1,7
CACCGGGGTAAACTGC-1,OTI,2,35
CACCGGGGTACTACTT-1,C57BL6,3,248
CACCGGGGTACTGTGG-1,OTI,0,0
CACCGGGGTAGGGGAT-1,C57BL6,1,5
CACCGGGGTCGATGGC-1,OTI,4,38
CACCGGGGTGTAATTG-1,OTI,7,398
CACCGGGGTGTCACGA-1,OTI,0,0
CACCGTACAATCGAGA-1,C57BL6,1,11
CACCGTTGTACTATAG-1,OTI,2,83
CACCGTTGTATATCAG-1,C57BL6,0,0
CACCGTTGTATATTCC-1,OTI,4,24
CACCGTTGTATGCGGC-1,OTI,1,5
CACCGTTGTCAGGCCG-1,OTI,0,0
CACCGTTGTCATATTC-1,C57BL6,0,0
CACCGTTGTGGACTGC-1,C57BL6,1,3
CACCTAAAGACAAGTA-1,OTI,5,38
CACCTAAAGACTATCG-1,C57BL6,2,8
CACCTAAAGAGGATTA-1,OTI,4,94
CACCTAAAGATAGGCG-1,OTI,2,296
CACCTAAAGCAATTCG-1,OTI,5,72
CACCTAAAGCATGTTG-1,OTI,1,246
CACCTAAAGCTAAGGG-1,OTI,2,11
CACCTAAAGCTGCTAA-1,C57BL6,0,0
CACCTAAAGGCTGGTT-1,OTI,2,55
CACCTAAAGGGAATAC-1,OTI,3,72
CACCTATTCAATCCTC-1,OTI,6,177
CACCTATTCATGCGGT-1,C57BL6,1,9
CACCTATTCATGTCGA-1,OTI,4,329
CACCTATTCCCACTCA-1,OTI,1,8
CACCTCATCAAATCCG-1,C57BL6,0,0
CACCTCATCCAAAGCC-1,C57BL6,0,0
CACCTCATCCATACCT-1,OTI,4,791
CACCTCATCGGACATC-1,OTI,4,599
CACCTCATCGTCAAAT-1,OTI,4,46
CACCTCCAGAAGTGTA-1,C57BL6,0,0
CACCTCCAGACAGCGA-1,OTI,2,80
CACCTCCAGAGCCGAA-1,OTI,1,27
CACCTCCAGAGTCGTC-1,OTI,3,205
CACCTCCAGCGACAGA-1,C57BL6,1,6
CACCTCCAGCGGTCCA-1,OTI,2,22
CACCTCCAGCTGTATG-1,OTI,0,0
CACCTCCAGGCGCTTG-1,OTI,0,0
CACCTCTCAACCATCG-1,OTI,1,4
CACCTCTCACGTCGTA-1,OTI,1,2
CACCTCTCAGCTTCAG-1,C57BL6,1,5
CACCTCTCAGTGACCC-1,C57BL6,1,11
CACCTTTAGCGAATTT-1,C57BL6,1,6
CACCTTTAGCTCGTAA-1,C57BL6,1,5
CACCTTTAGGGATAGT-1,C57BL6,1,3
CACGAAGAGAAACGCG-1,OTI,3,125
CACGAAGAGACTATCG-1,C57BL6,0,0
CACGAAGAGAGTTAGA-1,OTI,1,1
CACGAAGAGCGCCAAT-1,OTI,3,60
CACGAAGAGCTGCATA-1,C57BL6,0,0
CACGAAGAGCTGCGTG-1,OTI,4,4
CACGAAGAGCTTGAAT-1,OTI,0,0
CACGAAGAGGCGCATT-1,OTI,8,180
CACGAAGAGGGGATAT-1,OTI,3,227
CACGAAGAGGTAGACG-1,OTI,0,0
CACGAATGTATACCCC-1,OTI,3,4
CACGAATGTATGTACA-1,OTI,0,0
CACGAATGTCATTTCG-1,C57BL6,1,9
CACGAATGTCGGTGTA-1,OTI,5,124
CACGAATGTCGTATGG-1,C57BL6,1,4
CACGAGTTCACAGCTA-1,C57BL6,1,56
CACGAGTTCACATCTC-1,C57BL6,0,0
CACGAGTTCACTTGCT-1,OTI,0,0
CACGAGTTCAGGCACT-1,OTI,2,8
CACGAGTTCCAAATGT-1,OTI,5,191
CACGAGTTCCGATGTA-1,OTI,5,60
CACGAGTTCCTCCGAC-1,C57BL6,0,0
CACGAGTTCGTTATGG-1,OTI,5,72
CACGCACCAACGCGAG-1,OTI,0,0
CACGCACCACCTGTAG-1,C57BL6,2,113
CACGCACCAGCCCATA-1,OTI,8,92
CACGCACCAGTAATCC-1,C57BL6,0,0
CACGCCAAGCAAACGG-1,OTI,1,6
CACGCCAAGCATAATC-1,C57BL6,7,9
CACGCCAAGCGTTGGT-1,OTI,1,8
CACGCCAAGGCGAATG-1,OTI,8,227
CACGCCCGTAAAGCTC-1,C57BL6,1,1
CACGCCCGTCCATTCA-1,OTI,7,193
CACGCCCGTCCGGTAA-1,OTI,3,153
CACGCCCGTCGTTGCT-1,C57BL6,0,0
CACGCCCGTCTAAGCG-1,C57BL6,0,0
CACGCCCGTCTACGCT-1,C57BL6,0,0
CACGCCCGTGTGAGTT-1,C57BL6,0,0
CACGCGGGTAATCTTC-1,C57BL6,1,44
CACGCGGGTCAGGTGC-1,C57BL6,1,9
CACGCGGGTCGACGGT-1,C57BL6,0,0
CACGCGGGTCGTTCGT-1,OTI,2,230
CACGCGGGTGCACTAG-1,OTI,0,0
CACGCGGGTGCATTCC-1,OTI,3,20
CACGCTTGTACAGCGC-1,OTI,5,167
CACGCTTGTCAGGTTG-1,C57BL6,1,10
CACGCTTGTCATATTC-1,OTI,1,20
CACGCTTGTCATGCAG-1,OTI,0,0
CACGCTTGTCCCTGTG-1,C57BL6,1,4
CACGCTTGTCGACTAG-1,OTI,6,138
CACGCTTGTCGCGTAA-1,OTI,5,59
CACGCTTGTGGTTCAG-1,C57BL6,2,19
CACGCTTGTGTAGGTT-1,C57BL6,0,0
CACGCTTGTGTTGCAG-1,OTI,2,18
CACGGAAAGAATCAAG-1,OTI,6,12
CACGGAAAGATGTAGA-1,OTI,3,59
CACGGAAAGCAACCCG-1,C57BL6,1,1
CACGGAAAGCCTCATT-1,C57BL6,0,0
CACGGAAAGCGTTATG-1,OTI,1,77
CACGGAAAGCTATAAC-1,C57BL6,0,0
CACGGAAAGGCATCGT-1,OTI,7,124
CACGGAAAGGGGCTAA-1,OTI,7,259
CACGGAAAGGTCATCA-1,C57BL6,5,5
CACGGCGGTAATCAGC-1,OTI,1,15
CACGGCGGTAGCTGTG-1,C57BL6,0,0
CACGGCGGTATGCGAT-1,C57BL6,1,6
CACGGCGGTCGATCAG-1,C57BL6,0,0
CACGGCGGTGCTTTCA-1,OTI,1,133
CACGGCGGTGGAACTT-1,C57BL6,0,0
CACGGCGGTGGGTTCA-1,OTI,1,7
CACGGGTGTAATTCAG-1,OTI,1,2
CACGGGTGTGCCACTT-1,OTI,11,373
CACGGGTGTGCCCGAG-1,OTI,0,0
CACGGGTGTGGATTCG-1,OTI,9,531
CACGGTCCACGGTCGT-1,C57BL6,1,7
CACGGTCCACTTAGTA-1,C57BL6,1,23
CACGGTCCAGCTATCG-1,OTI,3,30
CACGGTTAGGTCGTAC-1,OTI,1,4
CACGTAATCAGTTTGG-1,OTI,1,22
CACGTAATCCAGTACA-1,C57BL6,0,0
CACGTAATCCGCTCTA-1,OTI,1,9
CACGTAATCCGGGCTA-1,OTI,5,71
CACGTACAGCATTTCC-1,OTI,5,305
CACGTACAGCCTGATA-1,OTI,4,5
CACGTACAGCGTTGGT-1,C57BL6,0,0
CACGTACAGGCGTGAA-1,OTI,0,0
CACGTAGGTATAAGGG-1,OTI,2,64
CACGTAGGTATCATCT-1,OTI,4,112
CACGTAGGTCCACGTT-1,OTI,0,0
CACGTAGGTCCTATTG-1,C57BL6,2,31
CACGTAGGTCGTTGCT-1,C57BL6,0,0
CACGTAGGTGCCTCTG-1,OTI,2,7
CACGTCACAAATGACG-1,OTI,2,54
CACGTCACAACACAAG-1,C57BL6,0,0
CACGTCACAACCTCTC-1,OTI,6,260
CACGTCACAATACACC-1,OTI,6,247
CACGTCACACAACGGG-1,OTI,0,0
CACGTCACAGCGTCTA-1,OTI,6,263
CACGTCGAGAATTGTC-1,C57BL6,0,0
CACGTCGAGAGCGATG-1,OTI,5,55
CACGTCGAGCTCTGGG-1,OTI,1,49
CACGTCGAGGCAAAGT-1,OTI,1,14
CACGTTCGTAGTGATC-1,OTI,0,0
CACGTTCGTCCATATT-1,OTI,9,123
CACGTTCGTCCCTAGT-1,OTI,4,57
CACGTTCGTCTTGGAG-1,OTI,1,10
CACTAACCAAAGCATG-1,C57BL6,0,0
CACTAACCAAATCGGA-1,OTI,6,350
CACTAACCAAATGGCA-1,OTI,0,0
CACTAACCAATAAGTA-1,OTI,3,40
CACTAACCAATGCCGC-1,OTI,2,23
CACTAACCACCAGATT-1,C57BL6,1,3
CACTAACCAGCTACAT-1,C57BL6,0,0
CACTAACCAGTTACCG-1,OTI,3,3
CACTACAAGAACCATT-1,OTI,5,392
CACTACAAGACCCATA-1,OTI,0,0
CACTACAAGATATTGC-1,OTI,1,142
CACTACAAGATTACCG-1,C57BL6,0,0
CACTACAAGCATCGAC-1,C57BL6,3,3
CACTACAAGCGCCACA-1,C57BL6,0,0
CACTACGCAATGGTCT-1,OTI,0,0
CACTACGCACGATTTA-1,C57BL6,0,0
CACTACGCACTCGACA-1,OTI,2,13
CACTACGCAGCCCATA-1,OTI,4,156
CACTACGCAGCGCTTA-1,OTI,0,0
CACTACGCAGGACCTC-1,OTI,1,6
CACTACTTCAAACCCA-1,OTI,0,0
CACTACTTCAGAAGTA-1,C57BL6,0,0
CACTACTTCAGTACTG-1,C57BL6,0,0
CACTACTTCATGTCAG-1,OTI,4,248
CACTACTTCCATCGCC-1,OTI,0,0
CACTACTTCCCTGATT-1,C57BL6,1,61
CACTACTTCGCAAGCT-1,OTI,1,2
CACTAGCAGCCAAGCT-1,C57BL6,0,0
CACTAGCAGCGGTTCG-1,OTI,1,16
CACTAGCAGCTAATCG-1,OTI,0,0
CACTAGCAGCTAGATT-1,C57BL6,0,0
CACTAGGGTAATCTTC-1,OTI,2,101
CACTAGGGTCGTGAGC-1,C57BL6,0,0
CACTAGGGTCTAAGTA-1,OTI,2,35
CACTATACACCTCTCG-1,OTI,3,25
CACTATACAGCTCTAG-1,OTI,2,27
CACTATACAGTCGGAG-1,OTI,1,67
CACTATGAGACACGGA-1,OTI,4,236
CACTATGAGATCCACA-1,OTI,6,101
CACTATGAGCGTTGTA-1,OTI,5,156
CACTATGAGGCGTCCA-1,OTI,2,224
CACTATGAGGGAAGCC-1,OTI,3,12
CACTATTGTAATCAGC-1,OTI,2,33
CACTATTGTACATTTC-1,C57BL6,1,2
CACTATTGTCCAGCCC-1,OTI,0,0
CACTCAAAGACCCCGA-1,OTI,0,0
CACTCAAAGACGACGA-1,OTI,1,25
CACTCAAAGCCTAATG-1,C57BL6,0,0
CACTCAAAGCGTTCCC-1,OTI,0,0
CACTCAGCACTACTCC-1,OTI,2,35
CACTCAGCACTACTTT-1,OTI,3,72
CACTCAGCACTGCTCT-1,OTI,2,22
CACTCAGCAGCCTTTC-1,OTI,2,9
CACTCAGCAGCGCTAC-1,OTI,5,60
CACTCCATCAACGGCT-1,C57BL6,0,0
CACTCCATCCATTACC-1,OTI,1,60
CACTCCATCCCACAGG-1,OTI,3,73
CACTCCATCCGACTCC-1,C57BL6,0,0
CACTCCATCGTCTTCG-1,OTI,1,1
CACTCCCAGAAAGCTA-1,OTI,2,12
CACTCCCAGAATGGTA-1,C57BL6,1,3
CACTCCCAGAGGTGAT-1,OTI,7,166
CACTCCCAGCATCTTC-1,C57BL6,1,5
CACTCCCAGCCATCGG-1,C57BL6,0,0
CACTCCCAGCCTGATA-1,C57BL6,1,1
CACTCCCAGCTAACAT-1,OTI,8,273
CACTCCCAGCTAAGGG-1,OTI,6,240
CACTCCGGTAATCTTC-1,OTI,4,161
CACTCCGGTACCACTC-1,OTI,1,49
CACTCCGGTATCGCGA-1,OTI,2,44
CACTCCGGTCAATCCC-1,C57BL6,0,0
CACTCCGGTCAGCCCC-1,C57BL6,2,11
CACTCCGGTCGTCTGT-1,C57BL6,1,65
CACTCCGGTGGCATGC-1,C57BL6,0,0
CACTCCGGTGTGCCCC-1,OTI,4,98
CACTCCGGTGTTATGA-1,OTI,5,48
CACTCCGGTGTTCGTC-1,OTI,1,11
CACTCGACACCTCACT-1,C57BL6,0,0
CACTCGACACGATTAC-1,OTI,6,103
CACTCGACAGCACACC-1,OTI,0,0
CACTCGACAGGAACGT-1,C57BL6,0,0
CACTCGACAGTGAAGC-1,OTI,1,1
CACTCTCCAAATGACG-1,OTI,1,4
CACTCTCCAACGTTCG-1,OTI,1,5
CACTCTCCAATCAGAG-1,OTI,2,28
CACTCTCCAATCGGGG-1,OTI,4,25
CACTCTCCAATGACCT-1,OTI,3,317
CACTCTCCACAGCGAG-1,OTI,0,0
CACTCTCCACCCTTCG-1,OTI,1,100
CACTCTCCACCGTACA-1,OTI,1,30
CACTCTCCAGGAGTCG-1,C57BL6,0,0
CACTCTGTCAACTCCT-1,C57BL6,0,0
CACTCTGTCACGCCCT-1,C57BL6,0,0
CACTCTGTCATCTTCA-1,OTI,2,195
CACTCTGTCCCATTCG-1,OTI,6,395
CACTCTGTCCGTCGTC-1,C57BL6,0,0
CACTCTGTCGGCTCTC-1,OTI,1,80
CACTGCACAAGTCGGG-1,OTI,3,16
CACTGCACAATATTAC-1,OTI,1,1
CACTGCACACACGTCA-1,OTI,1,13
CACTGCACAGCATCAT-1,OTI,6,39
CACTGCACAGTGGTAA-1,OTI,1,76
CACTGCGAGAATGGCG-1,OTI,2,20
CACTGCGAGAATTGAG-1,OTI,4,96
CACTGCGAGATATTGC-1,C57BL6,0,0
CACTGCGAGCAGTATT-1,OTI,0,0
CACTGTAAGACTCAGC-1,OTI,9,297
CACTGTAAGACTCCAA-1,C57BL6,0,0
CACTGTAAGGCTCAAC-1,C57BL6,0,0
CACTGTAAGGGACAAT-1,C57BL6,0,0
CACTTAACAAATTGGG-1,OTI,2,27
CACTTAACAACGTGGG-1,OTI,0,0
CACTTAACACCCTAGA-1,C57BL6,1,7
CACTTAACACTCCTAC-1,C57BL6,0,0
CACTTAACAGGGGCTA-1,OTI,0,0
CACTTAACAGTCACGC-1,OTI,5,137
CACTTAACAGTCATCG-1,C57BL6,1,18
CACTTACTCAATCGTG-1,C57BL6,0,0
CACTTACTCAATCTCC-1,OTI,1,12
CACTTACTCACAGCAC-1,OTI,4,344
CACTTACTCACGTATG-1,OTI,0,0
CACTTACTCAGCATTG-1,OTI,3,83
CACTTACTCAGTTATA-1,OTI,1,9
CACTTACTCATGTCAG-1,OTI,4,267
CACTTACTCATTGTCC-1,C57BL6,2,43
CACTTACTCCCAATAG-1,OTI,0,0
CACTTACTCGTACATG-1,OTI,3,25
CACTTAGAGAATTCCG-1,C57BL6,0,0
CACTTAGAGAGCGAAT-1,C57BL6,0,0
CACTTAGAGCCACAAC-1,C57BL6,0,0
CACTTAGAGCGGCATT-1,C57BL6,1,6
CACTTAGAGGTCCAAC-1,C57BL6,1,1
CACTTATGTACCTTAT-1,OTI,1,26
CACTTATGTACTACGG-1,OTI,1,26
CACTTATGTGGGAGAT-1,C57BL6,0,0
CACTTCGTCAACCATG-1,OTI,4,121
CACTTCGTCAGTACGC-1,OTI,10,116
CACTTCGTCCATCTGT-1,OTI,3,45
CACTTCGTCGTGCGCA-1,C57BL6,1,5
CACTTCGTCGTTCATC-1,OTI,0,0
CACTTTCAGAGGAGCC-1,C57BL6,0,0
CACTTTCAGATCCGTA-1,OTI,4,321
CACTTTCAGCGCGTCA-1,C57BL6,2,14
CACTTTCAGCGCTATA-1,OTI,4,42
CACTTTGGTAACTTTC-1,OTI,0,0
CACTTTGGTCAAGGCC-1,OTI,5,142
CACTTTGGTCATACGG-1,OTI,3,162
CACTTTGGTCTATGTT-1,OTI,0,0
CACTTTGGTGGAGCAG-1,C57BL6,0,0
CACTTTGGTGTTCGAG-1,OTI,5,489
CAGCAACTCCATCGGG-1,OTI,2,97
CAGCAACTCCGTGAGT-1,OTI,0,0
CAGCAACTCCTGAACA-1,OTI,2,25
CAGCAACTCGGCGAAA-1,OTI,3,39
CAGCAACTCGTCATCT-1,OTI,5,185
CAGCAATGTCATCATT-1,OTI,4,258
CAGCAATGTCCTTCGG-1,OTI,3,17
CAGCAATGTCGGGTAC-1,C57BL6,0,0
CAGCAATGTCGGGTTA-1,OTI,4,28
CAGCACCCAACAGAAT-1,OTI,0,0
CAGCACCCAATTGTAT-1,OTI,1,10
CAGCACCCACCCAACA-1,C57BL6,1,17
CAGCACCCACTAGAAG-1,C57BL6,0,0
CAGCAGGCAAAATCAA-1,C57BL6,1,11
CAGCAGGCAAATCCCG-1,OTI,2,6
CAGCAGGCAACTCGCA-1,OTI,6,1553
CAGCAGGCACACACGC-1,C57BL6,0,0
CAGCAGGCACAGCATT-1,OTI,8,185
CAGCAGGCAGGTGATA-1,OTI,0,0
CAGCAGGCAGTGCGGA-1,OTI,0,0
CAGCAGTTCAACGTAT-1,OTI,0,0
CAGCAGTTCATAGTGT-1,C57BL6,0,0
CAGCAGTTCATGTGGC-1,OTI,3,95
CAGCAGTTCCACCCGT-1,C57BL6,0,0
CAGCAGTTCCCGACTC-1,OTI,4,65
CAGCAGTTCGCATGGT-1,OTI,5,132
CAGCAGTTCGTGCTCC-1,C57BL6,0,0
CAGCATATCAATGGTT-1,C57BL6,0,0
CAGCATATCATCATCC-1,OTI,3,40
CAGCATATCCTATCCG-1,C57BL6,1,3
CAGCATATCGGGCAAA-1,OTI,2,66
CAGCATGGTAAGTTTG-1,OTI,5,899
CAGCATGGTACACTCC-1,OTI,4,162
CAGCATGGTAGTGATC-1,OTI,0,0
CAGCATGGTCATGGAT-1,C57BL6,0,0
CAGCATGGTCGCCCTA-1,OTI,1,73
CAGCATGGTGTCGCGG-1,OTI,4,353
CAGCATTCAAATGCGA-1,OTI,6,45
CAGCATTCAATCTGAC-1,OTI,3,45
CAGCATTCAATGCAGA-1,OTI,0,0
CAGCATTCACCAGATT-1,OTI,0,0
CAGCATTCAGCATAGA-1,C57BL6,2,13
CAGCATTCAGTTAGTC-1,OTI,4,287
CAGCCATAGACGTATT-1,OTI,0,0
CAGCCATAGCCGCTAG-1,C57BL6,0,0
CAGCCATAGCGGCCTA-1,OTI,4,54
CAGCCCAAGACAGCGA-1,OTI,9,323
CAGCCCAAGACATAAG-1,C57BL6,1,6
CAGCCCAAGATGGGTG-1,C57BL6,0,0
CAGCCCAAGCGGGTTT-1,OTI,1,79
CAGCCCAAGGTATCCA-1,C57BL6,0,0
CAGCCCCGTAACTGCG-1,OTI,1,4
CAGCCCCGTACCACAG-1,OTI,1,5
CAGCCCCGTATACGGT-1,OTI,0,0
CAGCCCCGTATGTTCT-1,C57BL6,2,14
CAGCCCCGTCGTATAA-1,C57BL6,1,1
CAGCCCCGTCTAGCTC-1,OTI,3,171
CAGCCCCGTGGGAGAT-1,C57BL6,1,8
CAGCCCCGTGTGGCCG-1,OTI,2,46
CAGCCCTTCAACCATG-1,OTI,0,0
CAGCCCTTCAACTATA-1,C57BL6,0,0
CAGCCCTTCGGACCCA-1,OTI,0,0
CAGCCCTTCGGCCTTC-1,C57BL6,0,0
CAGCCTCTCACTAATA-1,OTI,4,96
CAGCCTCTCAGGCTGT-1,OTI,2,24
CAGCCTCTCCAATTAA-1,OTI,8,127
CAGCCTCTCCATCTAC-1,OTI,2,28
CAGCCTCTCGGCTATA-1,OTI,1,4
CAGCCTCTCGTGGTTA-1,C57BL6,1,131
CAGCCTTGTATCTTGT-1,OTI,1,7
CAGCCTTGTCTATGGG-1,C57BL6,0,0
CAGCCTTGTGCTATGG-1,OTI,6,121
CAGCCTTGTGGGACTC-1,OTI,3,22
CAGCCTTGTGTGCCGG-1,OTI,5,64
CAGCGAAAGAATGCAA-1,C57BL6,1,4
CAGCGAAAGACTTAAC-1,OTI,1,11
CAGCGAAAGCATGCGT-1,OTI,7,102
CAGCGAAAGCCACTTT-1,OTI,3,74
CAGCGAAAGGCTGTTA-1,OTI,2,15
CAGCGAGCAACACTTA-1,OTI,0,0
CAGCGAGCAACATCAC-1,C57BL6,1,2
CAGCGAGCAACCAACT-1,OTI,4,82
CAGCGAGCAATCAACC-1,OTI,2,15
CAGCGAGCAATCTGAC-1,OTI,0,0
CAGCGAGCAGGTAACA-1,C57BL6,0,0
CAGCGCATCAATCATA-1,OTI,3,223
CAGCGCATCAATCCTC-1,OTI,1,8
CAGCGCATCACGCCCT-1,OTI,1,8
CAGCGCATCATGAATC-1,OTI,2,196
CAGCGCATCCATTCAC-1,OTI,1,14
CAGCGCATCCCAGCTC-1,OTI,5,44
CAGCGCATCCTACTTA-1,OTI,4,119
CAGCGCATCGCCACTC-1,OTI,1,14
CAGCGGACACACCCAA-1,OTI,2,9
CAGCGGACAGTATCAC-1,OTI,3,48
CAGCGGACAGTTGCGC-1,OTI,1,62
CAGCGGTGTAACCGGC-1,OTI,3,49
CAGCGGTGTATCCTGC-1,C57BL6,0,0
CAGCGGTGTCATACGG-1,C57BL6,1,4
CAGCGGTGTCATCAGG-1,OTI,4,87
CAGCGGTGTCCACGTT-1,OTI,4,434
CAGCGGTGTCGTTTCA-1,OTI,2,167
CAGCGGTGTGCTAGTG-1,C57BL6,0,0
CAGCGGTGTGGATGGG-1,OTI,3,55
CAGCGGTGTGTGTGCA-1,OTI,3,86
CAGCGTAGTAATGTTG-1,C57BL6,0,0
CAGCGTAGTAGCAGGG-1,OTI,5,387
CAGCGTAGTAGTCTCC-1,OTI,5,160
CAGCGTAGTATGGTTA-1,OTI,4,346
CAGCGTAGTCATCGGA-1,C57BL6,1,11
CAGCGTAGTCCAGCTT-1,C57BL6,0,0
CAGCGTCCAACGACCC-1,C57BL6,1,5
CAGCGTCCACAACGAA-1,C57BL6,1,1
CAGCGTCCACACAAGA-1,C57BL6,1,4
CAGCGTCCACGTCTAG-1,OTI,4,59
CAGCGTCCACTCTAGG-1,OTI,0,0
CAGCGTCCAGCATGCC-1,OTI,2,26
CAGCGTTAGAACAGAC-1,OTI,4,48
CAGCGTTAGCACTGTA-1,C57BL6,0,0
CAGCGTTAGCCAAAGG-1,OTI,2,69
CAGCGTTAGCTAGTGC-1,C57BL6,0,0
CAGCGTTAGCTGGTTA-1,OTI,3,80
CAGCTAATCAACGCTA-1,OTI,2,231
CAGCTAATCACCATCT-1,OTI,1,1
CAGCTAATCACGTCCC-1,OTI,10,221
CAGCTAATCAGCAGTC-1,C57BL6,0,0
CAGCTAATCGGGTCAT-1,OTI,3,218
CAGCTACAGAAAGGAG-1,C57BL6,0,0
CAGCTACAGCAGGGGT-1,OTI,3,101
CAGCTACAGGCGATAG-1,OTI,6,44
CAGCTACAGGGGTTTC-1,OTI,0,0
CAGCTACAGGTATATC-1,C57BL6,0,0
CAGCTACAGGTTCATG-1,OTI,1,74
CAGCTCACAAAGCCAA-1,OTI,1,7
CAGCTCACAATCTTAG-1,OTI,1,15
CAGCTCACACCGCTAA-1,OTI,2,12
CAGCTCACACCTAGCA-1,OTI,3,3
CAGCTCACAGCTTTAA-1,OTI,4,247
CAGCTCCTCAACAGCC-1,OTI,0,0
CAGCTCCTCAAGCCTA-1,OTI,2,14
CAGCTCCTCACATGTG-1,OTI,3,75
CAGCTCCTCACATTGG-1,C57BL6,1,6
CAGCTCCTCACGGTGT-1,OTI,1,17
CAGCTCCTCACTTGCT-1,C57BL6,0,0
CAGCTCCTCCGAAACC-1,C57BL6,0,0
CAGCTCCTCCGTACAA-1,OTI,3,640
CAGCTCCTCCTAGTCT-1,OTI,0,0
CAGCTCCTCGTCAACA-1,OTI,7,236
CAGCTCTGTATCCGCT-1,OTI,2,55
CAGCTCTGTCAACCTC-1,OTI,4,23
CAGCTCTGTCGCGTCC-1,OTI,1,8
CAGCTCTGTCGTTCTA-1,OTI,3,38
CAGCTCTGTCTATTCG-1,OTI,3,23
CAGCTCTGTGGAGCAG-1,OTI,7,53
CAGCTGTAGATCGTTG-1,OTI,1,10
CAGCTGTAGCAATGTT-1,OTI,4,190
CAGCTTCGTAACTGCG-1,C57BL6,2,20
CAGCTTCGTACGTCAG-1,C57BL6,6,7
CAGCTTCGTACTAAGC-1,C57BL6,0,0
CAGCTTCGTAGAGTGA-1,OTI,4,52
CAGCTTCGTATCCGCT-1,C57BL6,1,6
CAGCTTCGTCTAAATG-1,C57BL6,3,13
CAGCTTCGTGGAACCC-1,OTI,3,50
CAGGACGCAAAGCAAT-1,OTI,4,138
CAGGACGCACATGCGC-1,OTI,3,36
CAGGACGCACTAAACC-1,C57BL6,3,25
CAGGACGCAGTGCAGG-1,C57BL6,0,0
CAGGAGCAGAAACCGG-1,C57BL6,0,0
CAGGAGCAGAAGCTAA-1,OTI,1,2
CAGGAGCAGAGAGTTA-1,OTI,6,96
CAGGAGCAGATAGGCG-1,C57BL6,0,0
CAGGAGCAGATGGGCA-1,C57BL6,0,0
CAGGAGCAGCATCGCG-1,C57BL6,0,0
CAGGAGCAGCATGTTG-1,C57BL6,2,9
CAGGAGCAGCGCTGCA-1,C57BL6,1,91
CAGGAGCAGCGTCTAA-1,OTI,2,14
CAGGAGCAGCTTAAGT-1,OTI,1,44
CAGGAGCAGCTTGAAT-1,C57BL6,2,260
CAGGAGCAGGCCCAAT-1,OTI,6,11
CAGGAGCAGGTAGGGC-1,OTI,2,36
CAGGAGCAGGTCCGAT-1,OTI,2,58
CAGGATCTCAATCGTG-1,C57BL6,0,0
CAGGATCTCACTAATA-1,OTI,0,0
CAGGATCTCATATGTA-1,OTI,4,1072
CAGGATCTCCATGGCG-1,OTI,7,171
CAGGATCTCGCATCGG-1,OTI,2,47
CAGGATTGTAAAGCTC-1,OTI,2,199
CAGGATTGTACTCCCG-1,OTI,1,6
CAGGATTGTCAGTGCA-1,C57BL6,1,6
CAGGATTGTCGACGGT-1,C57BL6,1,4
CAGGATTGTCGTTCTA-1,OTI,0,0
CAGGATTGTCTAATTC-1,OTI,2,5
CAGGATTGTCTATAAG-1,OTI,1,63
CAGGATTGTGGATGTT-1,OTI,0,0
CAGGATTGTGGTTCGA-1,C57BL6,0,0
CAGGCCGGTAACGAGA-1,OTI,2,22
CAGGCCGGTAAGTTGC-1,OTI,2,300
CAGGCCGGTCACCGGG-1,OTI,3,28
CAGGCCGGTGGGTGAG-1,OTI,3,76
CAGGCGACAAAGGCAC-1,OTI,1,7
CAGGCGACAAGCCGTC-1,OTI,3,116
CAGGCGACAATCATGC-1,C57BL6,1,3
CAGGCGACACTAAGTC-1,OTI,1,15
CAGGCGACAGTGTAAG-1,OTI,1,24
CAGGCGTGTAACTCGG-1,C57BL6,0,0
CAGGCGTGTAAGTGAG-1,OTI,1,2
CAGGCGTGTACCCGTT-1,OTI,3,52
CAGGCGTGTCACTTTG-1,OTI,5,143
CAGGCGTGTGTACCCT-1,OTI,2,105
CAGGCTTAGAGGCGGT-1,OTI,3,49
CAGGCTTAGAGGTGAT-1,OTI,7,406
CAGGCTTAGATCGTTG-1,OTI,6,110
CAGGCTTAGATGTTCG-1,C57BL6,0,0
CAGGCTTAGCGTTGTA-1,OTI,9,856
CAGGCTTAGGGCGAAC-1,OTI,3,34
CAGGGACAGACATCCA-1,OTI,4,15
CAGGGACAGACATGCC-1,OTI,0,0
CAGGGACAGATAAGCA-1,OTI,4,865
CAGGGACAGATGCCCG-1,C57BL6,1,5
CAGGGACAGATGCTCA-1,OTI,4,43
CAGGGACAGGGGTTAG-1,OTI,0,0
CAGGGGTAGACCTACA-1,C57BL6,4,11
CAGGGGTAGATGGGAT-1,OTI,3,58
CAGGGGTAGCGAAGCA-1,OTI,1,15
CAGGGGTAGGCCCGTA-1,C57BL6,0,0
CAGGGTAAGCTGGCAT-1,OTI,3,80
CAGGGTAAGGGATAGT-1,OTI,7,267
CAGGGTAAGGGTGTTC-1,OTI,0,0
CAGGGTCGTACGTCTC-1,OTI,2,101
CAGGGTCGTGCGCCTC-1,OTI,2,5
CAGGGTTTCGTAGTCA-1,OTI,6,166
CAGGTAACAACAGGGT-1,C57BL6,0,0
CAGGTAACAACTCCCT-1,OTI,2,44
CAGGTAACACACTACG-1,OTI,5,174
CAGGTAACACAGTAAG-1,C57BL6,4,447
CAGGTAACACGACACC-1,OTI,1,15
CAGGTAACAGGTCATT-1,OTI,1,10
CAGGTAACAGTGAGGT-1,C57BL6,0,0
CAGGTATGTCCGCCTA-1,OTI,0,0
CAGGTATGTCGACTTC-1,C57BL6,1,3
CAGGTATGTCGCTCTG-1,OTI,0,0
CAGGTATGTCGGGGTT-1,OTI,4,74
CAGGTATGTGGCGTGT-1,OTI,2,13
CAGGTCCCAAATTGGG-1,C57BL6,0,0
CAGGTCCCACATCTCC-1,OTI,4,5
CAGGTCCCACCTCAGA-1,OTI,0,0
CAGGTCCCACGTCGGT-1,C57BL6,9,50
CAGGTGCGTACGCCGG-1,OTI,1,8
CAGGTGCGTACGGGCT-1,OTI,2,8
CAGGTGCGTACTTGCC-1,OTI,0,0
CAGGTGCGTATAAGGG-1,C57BL6,0,0
CAGGTGCGTATGGCCA-1,OTI,4,173
CAGGTGCGTATGGCGC-1,OTI,3,162
CAGGTGCGTCAGGTAT-1,OTI,2,35
CAGGTGCGTGCGATGC-1,OTI,0,0
CAGGTGTTCACGGTCG-1,C57BL6,8,109
CAGGTGTTCACGTATG-1,OTI,1,26
CAGGTGTTCCAATAGT-1,OTI,3,190
CAGGTGTTCCCGCTGT-1,C57BL6,0,0
CAGGTGTTCCGCCTAC-1,C57BL6,0,0
CAGGTGTTCCGGCATG-1,OTI,0,0
CAGGTGTTCCTCTAAC-1,C57BL6,0,0
CAGGTGTTCCTGTACT-1,OTI,3,25
CAGGTTATCAAGTCGC-1,OTI,6,87
CAGGTTATCACTGTTC-1,C57BL6,0,0
CAGGTTATCAGGACTC-1,OTI,2,17
CAGGTTATCATGGGCT-1,OTI,2,221
CAGGTTATCCTAACTC-1,OTI,5,10
CAGGTTATCCTCCATG-1,C57BL6,0,0
CAGGTTATCGCTCCAC-1,OTI,2,48
CAGGTTATCGTAGTGC-1,C57BL6,1,3
CAGGTTGGTACCACAG-1,OTI,4,97
CAGGTTGGTAGGTTTA-1,OTI,2,10
CAGGTTGGTATGCGCA-1,C57BL6,0,0
CAGGTTGGTCAAAGCT-1,OTI,0,0
CAGGTTGGTCCAACGA-1,OTI,7,237
CAGGTTGGTCCATTCA-1,C57BL6,3,4
CAGGTTGGTCCCAATC-1,C57BL6,0,0
CAGGTTGGTCCTAGCT-1,C57BL6,0,0
CAGGTTGGTCTTAGCC-1,OTI,0,0
CAGGTTGGTGCAAGCC-1,C57BL6,1,6
CAGGTTGGTGGGTATT-1,C57BL6,2,12
CAGGTTGGTGTCCCTG-1,C57BL6,2,12
CAGGTTGGTGTCCTTA-1,OTI,2,19
CAGTAAGCAAACGGCG-1,OTI,2,93
CAGTAAGCAACTTAGC-1,OTI,2,31
CAGTAAGCAAGACGTA-1,OTI,2,17
CAGTAAGCAATCACTA-1,OTI,1,4
CAGTAAGCAGGTGCGA-1,C57BL6,0,0
CAGTAATTCAGACGCT-1,OTI,3,43
CAGTAATTCAGCACTA-1,OTI,2,84
CAGTAATTCAGGTGTC-1,OTI,3,17
CAGTAATTCCGGGCTA-1,OTI,1,16
CAGTAATTCGGTTTAG-1,OTI,9,20
CAGTACATCACGGTTA-1,OTI,0,0
CAGTACATCAGGCTCG-1,OTI,9,80
CAGTACATCATGGGTC-1,OTI,4,602
CAGTACATCCAAGTAT-1,OTI,0,0
CAGTACATCCGCTTCA-1,C57BL6,1,1
CAGTACATCGGGCTCA-1,OTI,7,102
CAGTACATCGTGGGTT-1,C57BL6,0,0
CAGTAGCTCACATGTG-1,C57BL6,0,0
CAGTAGCTCCGTACAA-1,OTI,3,25
CAGTAGCTCGCGTATA-1,C57BL6,3,41
CAGTAGCTCGCGTGTG-1,OTI,5,201
CAGTAGCTCGGTACTA-1,OTI,3,137
CAGTAGGAGAAGGCAT-1,OTI,3,20
CAGTAGGAGGCAAAGT-1,C57BL6,0,0
CAGTAGGAGGCCATAC-1,C57BL6,2,31
CAGTAGGAGGTCCGCA-1,OTI,5,49
CAGTAGTGTAATCCGG-1,OTI,2,27
CAGTAGTGTCAAGGTT-1,OTI,3,17
CAGTAGTGTCGCATAG-1,OTI,1,13
CAGTAGTGTCGCATTC-1,OTI,1,5
CAGTAGTGTGCATAGT-1,OTI,10,179
CAGTAGTGTGTGTAGT-1,OTI,3,127
CAGTAGTGTGTGTATA-1,C57BL6,0,0
CAGTATAGTACCCCTG-1,OTI,4,74
CAGTATAGTCATTTCG-1,C57BL6,1,2
CAGTATAGTGTGCCTT-1,OTI,12,601
CAGTATGTCCAATTAA-1,C57BL6,0,0
CAGTATGTCCCTGTCA-1,OTI,4,44
CAGTATGTCGGTACGT-1,C57BL6,0,0
CAGTATGTCGTATGTG-1,OTI,0,0
CAGTATTAGAGGGGCT-1,OTI,3,79
CAGTATTAGAGGTATA-1,OTI,3,79
CAGTATTAGATTACGT-1,OTI,0,0
CAGTATTAGCACCTAA-1,OTI,3,45
CAGTATTAGCCTATTC-1,OTI,1,14
CAGTATTAGCGGTCAT-1,C57BL6,1,1
CAGTATTAGCTGGCAT-1,C57BL6,0,0
CAGTATTAGGTCCTTT-1,OTI,4,86
CAGTCAATCAATCGGC-1,OTI,6,134
CAGTCAATCACACACA-1,OTI,1,13
CAGTCAATCACATCAG-1,OTI,3,78
CAGTCAATCAGTCAAT-1,C57BL6,0,0
CAGTCAATCCAGGGTT-1,C57BL6,0,0
CAGTCAATCCATCTGT-1,C57BL6,1,11
CAGTCAATCCCTCTAG-1,C57BL6,0,0
CAGTCAATCCGGTCCT-1,C57BL6,0,0
CAGTCAGGTAAACTGC-1,OTI,4,199
CAGTCAGGTCCATATT-1,OTI,3,43
CAGTCAGGTGTGGGCT-1,OTI,3,24
CAGTCATCAATCGTAC-1,OTI,4,394
CAGTCATCACGATAGA-1,OTI,0,0
CAGTCCACAAGTACTC-1,OTI,4,38
CAGTCCACACATATGC-1,OTI,4,26
CAGTCCACACATGTCG-1,OTI,2,51
CAGTCCACACTAGCGC-1,OTI,0,0
CAGTCCACACTGTACG-1,OTI,7,233
CAGTCCACACTTAAGC-1,C57BL6,0,0
CAGTCCCTCAAACCTG-1,OTI,4,139
CAGTCCCTCATCAGGC-1,C57BL6,0,0
CAGTCCCTCATTCGCT-1,OTI,2,135
CAGTCCCTCCATTCCG-1,OTI,3,159
CAGTCCCTCCGCAGCA-1,C57BL6,0,0
CAGTCCCTCCGCATAA-1,OTI,3,58
CAGTCCCTCCTCCACA-1,OTI,1,7
CAGTCCCTCCTGTACT-1,OTI,3,285
CAGTCCCTCGCCCGTT-1,C57BL6,0,0
CAGTCCCTCGTCATTC-1,OTI,1,11
CAGTCCGAGACGCGAA-1,C57BL6,1,6
CAGTCCGAGAGAGGTT-1,C57BL6,5,15
CAGTCCGAGAGCAAGT-1,C57BL6,0,0
CAGTCCGAGGCCTGAT-1,OTI,1,104
CAGTCCGAGGTCCATA-1,OTI,1,62
CAGTCGCCAACTGGAA-1,OTI,6,56
CAGTCGCCAAGCATTC-1,C57BL6,1,4
CAGTCGCCAAGTATAA-1,OTI,1,1
CAGTCGCCAATCATGC-1,OTI,2,20
CAGTCGCCAATCCGGC-1,OTI,6,97
CAGTCGCCACACAGCC-1,C57BL6,0,0
CAGTCGCCACATTTAG-1,OTI,0,0
CAGTCGCCACTAAACC-1,C57BL6,1,3
CAGTCGCCAGCACACC-1,OTI,1,175
CAGTCGCCAGCGGACA-1,OTI,2,44
CAGTCGCCAGTTCACG-1,OTI,2,307
CAGTCTAAGAATTGTC-1,OTI,8,112
CAGTCTAAGAGGAGTT-1,C57BL6,0,0
CAGTCTAAGCTCAGTA-1,OTI,4,55
CAGTCTAAGCTGCAAC-1,OTI,2,6
CAGTCTCGTAGGTTGT-1,OTI,0,0
CAGTCTCGTATAGGAG-1,OTI,5,74
CAGTCTCGTATGCAGT-1,OTI,1,1
CAGTCTCGTATTGCTT-1,OTI,4,138
CAGTCTCGTCCTCTCC-1,C57BL6,2,7
CAGTCTCGTCGATCAG-1,C57BL6,0,0
CAGTCTCGTCGCAGTA-1,OTI,4,60
CAGTCTCGTCGCTGGG-1,OTI,1,82
CAGTCTCGTCGTATGG-1,OTI,4,42
CAGTCTCGTGTCGCCC-1,OTI,0,0
CAGTCTCGTGTCGGCG-1,C57BL6,0,0
CAGTCTCGTGTTCTAT-1,OTI,1,65
CAGTGCAGTACCCTTA-1,OTI,3,1107
CAGTGCAGTAGGGAGT-1,OTI,3,410
CAGTGCAGTATCATTC-1,OTI,0,0
CAGTGCAGTGGATTCG-1,C57BL6,0,0
CAGTGCAGTGGGTGAG-1,OTI,3,27
CAGTGCAGTGGTATTA-1,OTI,2,359
CAGTGCAGTGTAGAAG-1,OTI,0,0
CAGTGCCCAATATGTT-1,OTI,2,12
CAGTGCCCAATCGCAT-1,C57BL6,0,0
CAGTGCCCAGCGGTCT-1,OTI,3,78
CAGTGCCCAGGATGGT-1,OTI,0,0
CAGTGCCCAGGTAACA-1,OTI,5,94
CAGTGCCCAGTAACCT-1,OTI,6,11
CAGTGCCCAGTTCAGT-1,C57BL6,1,3
CAGTGGGCACCTTACC-1,OTI,5,285
CAGTGGGCACGTCGTA-1,C57BL6,1,9
CAGTTAAGTAATTTCC-1,C57BL6,0,0
CAGTTAAGTAGGTTCG-1,OTI,2,64
CAGTTAAGTATGATGC-1,C57BL6,5,8
CAGTTAAGTCGGTTAG-1,OTI,0,0
CAGTTACCAGCGTAGG-1,C57BL6,1,6
CAGTTACCAGGAACTA-1,OTI,5,59
CAGTTCCGTAATTTCC-1,OTI,0,0
CAGTTCCGTAGTCGAT-1,C57BL6,0,0
CAGTTCCGTAGTGTCG-1,C57BL6,0,0
CAGTTCCGTCGCAAAT-1,OTI,1,36
CAGTTCCGTCTGTTAT-1,OTI,0,0
CAGTTCCGTGCGATGC-1,C57BL6,1,2
CAGTTCCGTGGTGCCG-1,C57BL6,1,1
CAGTTCGCAAATTGAA-1,C57BL6,0,0
CAGTTCGCAATGCTAC-1,C57BL6,0,0
CAGTTCGCACAGCGAG-1,OTI,0,0
CAGTTCGCACTAACGT-1,C57BL6,1,3
CAGTTCGCAGCTGTAT-1,OTI,2,83
CAGTTCGCAGGATTTC-1,OTI,6,148
CAGTTGGGTAACGCTG-1,C57BL6,2,143
CAGTTGGGTAAGGCCC-1,OTI,4,168
CAGTTGGGTAGGTTGT-1,C57BL6,6,68
CAGTTGGGTCTCGATC-1,OTI,2,87
CAGTTGGGTGCTCCTG-1,C57BL6,2,53
CAGTTGGGTGTCGTGA-1,OTI,6,288
CAGTTTACAACCCACA-1,OTI,0,0
CAGTTTACAACTTCAA-1,OTI,0,0
CAGTTTACACAACTTA-1,OTI,1,13
CATAACCCAACGCAGG-1,OTI,3,148
CATAACCCAACTATAT-1,OTI,0,0
CATAACCCAACTTCAA-1,C57BL6,0,0
CATAACCCAAGACGAC-1,OTI,1,4
CATAACCCAATCGAAG-1,C57BL6,6,17
CATAACCCACAGTGGG-1,OTI,1,5
CATAACCCACCCATTC-1,OTI,3,214
CATAACCCACCGTTAG-1,OTI,0,0
CATAACCCAGTCAACT-1,OTI,2,15
CATAACGTCCCACGCT-1,C57BL6,0,0
CATAACGTCGCGGAAA-1,OTI,9,148
CATAACTAGAATACGA-1,OTI,5,42
CATAACTAGATCGATT-1,C57BL6,0,0
CATAACTAGCATTTCC-1,OTI,5,88
CATAACTAGCCCACGA-1,C57BL6,0,0
CATAACTAGCGGATAG-1,OTI,3,83
CATAACTAGGGACAAT-1,C57BL6,1,4
CATAAGCGTACATTAG-1,OTI,1,1
CATAAGCGTACGGATT-1,C57BL6,0,0
CATAAGCGTATATCCT-1,OTI,4,33
CATAAGCGTCATTCCA-1,OTI,1,7
CATAAGCGTCCTTTAG-1,OTI,1,6
CATAAGCGTCGAGGAG-1,C57BL6,7,533
CATAAGCGTCTTATGT-1,OTI,6,105
CATAAGCGTGTCGCGG-1,OTI,5,39
CATAAGTTCAATCTGG-1,C57BL6,0,0
CATAAGTTCAGTTTGG-1,OTI,4,222
CATAAGTTCCAATGTG-1,OTI,1,9
CATAAGTTCCCTAGTT-1,OTI,5,23
CATAAGTTCGCTACTT-1,C57BL6,1,7
CATAATCAGAGTTAGA-1,C57BL6,1,3
CATAATCAGCGGGGAT-1,C57BL6,1,38
CATAATCAGCTGCGAT-1,OTI,4,398
CATAATTCAAAGGGGA-1,C57BL6,0,0
CATAATTCAAATTCGC-1,OTI,1,3
CATAATTCAACACGAA-1,OTI,3,3
CATAATTCAATAGGCA-1,C57BL6,1,3
CATAATTCAATTCGAC-1,C57BL6,1,3
CATAATTCACAATGTC-1,C57BL6,0,0
CATACAAGTAATTCCT-1,OTI,1,1
CATACAAGTAGTTATG-1,OTI,0,0
CATACAAGTATAGCGT-1,C57BL6,1,11
CATACAAGTATGTACA-1,OTI,5,26
CATACAAGTCCATAGG-1,C57BL6,0,0
CATACAAGTCGTCTGT-1,C57BL6,6,659
CATACAAGTGCATTGG-1,C57BL6,5,72
CATACAAGTGGGGATG-1,C57BL6,0,0
CATACAAGTGTCTTAT-1,OTI,2,28
CATACATAGAAACGGT-1,OTI,6,73
CATACATAGATAAGCA-1,OTI,2,26
CATACATAGCTTGTCT-1,OTI,5,51
CATACATAGGCATTCA-1,OTI,0,0
CATACATAGGGGTATG-1,OTI,3,39
CATACATAGGTGCGTT-1,C57BL6,2,6
CATACCCGTAAGGTTC-1,OTI,4,85
CATACCCGTAGCAGGG-1,OTI,1,515
CATACCCGTCGCTGGG-1,C57BL6,1,6
CATACCCGTCTCGCCA-1,C57BL6,0,0
CATACCGCAAAATTTC-1,C57BL6,0,0
CATACCGCAAGGGTCG-1,OTI,1,39
CATACCGCAATCCGCA-1,C57BL6,0,0
CATACCGCAATCGCCA-1,OTI,2,54
CATACCGCACCACGTA-1,OTI,3,21
CATACCGCACTATGAC-1,C57BL6,0,0
CATACCTTCACGATAT-1,C57BL6,0,0
CATACCTTCATCTTCA-1,OTI,10,87
CATACCTTCATTAAGC-1,OTI,7,85
CATACCTTCCATCTAC-1,C57BL6,0,0
CATACCTTCCGCACTC-1,OTI,0,0
CATACCTTCCGTATCT-1,OTI,2,140
CATACCTTCCTTGTCG-1,OTI,1,13
CATACCTTCGTAATTA-1,OTI,3,22
CATACGGGTAGGAAAT-1,OTI,2,22
CATACGGGTATGCGGC-1,C57BL6,1,9
CATACGGGTCACGTTC-1,OTI,1,10
CATACGGGTCATGTGG-1,OTI,0,0
CATACGGGTCGAGGGA-1,C57BL6,0,0
CATACTTGTCATCTTG-1,C57BL6,1,3
CATACTTGTCCGCCGT-1,OTI,3,58
CATACTTGTCTGGATG-1,C57BL6,1,1
CATACTTGTCTGTCCG-1,OTI,1,21
CATACTTGTGCAAGGG-1,C57BL6,0,0
CATACTTGTGTTGTCC-1,OTI,4,62
CATAGAGCACAAGTAG-1,OTI,0,0
CATAGAGCACATTGGT-1,OTI,0,0
CATAGCATCACTCTTA-1,OTI,1,22
CATAGCATCAGTTGGC-1,OTI,3,69
CATAGCATCCACATCT-1,C57BL6,10,28
CATAGCATCCGACTCC-1,C57BL6,3,19
CATAGCATCCGGCATG-1,C57BL6,2,52
CATAGCATCCTACATC-1,OTI,3,275
CATAGCCAGCCGCGTA-1,C57BL6,0,0
CATAGCCAGCTATGTG-1,OTI,5,75
CATAGCCAGGCATACC-1,OTI,0,0
CATAGCCAGGTCAATT-1,OTI,0,0
CATAGCGGTACTGGGC-1,C57BL6,2,16
CATAGCGGTATGGGTT-1,C57BL6,0,0
CATAGCGGTCGCGGAT-1,C57BL6,0,0
CATAGCGGTCTTCTAG-1,OTI,6,217
CATAGCTCAAATGGCA-1,C57BL6,0,0
CATAGCTCAACAGCGG-1,OTI,0,0
CATAGCTCAAGCCATT-1,OTI,5,64
CATAGCTCAGGAACCG-1,C57BL6,1,8
CATAGCTCAGGTTAGA-1,OTI,0,0
CATAGGCTCACGATAT-1,OTI,1,2
CATAGGCTCCCACTAT-1,OTI,3,87
CATAGGCTCCTCCGAC-1,OTI,10,316
CATAGGCTCCTTAATT-1,OTI,2,132
CATAGGGAGCACTAGC-1,OTI,3,22
CATAGGGAGGTACGTC-1,OTI,6,312
CATAGGGAGGTCGGTT-1,C57BL6,0,0
CATAGGTGTACGAAAG-1,OTI,1,4
CATAGGTGTATAAGGG-1,OTI,1,6
CATAGGTGTATCGCGA-1,OTI,1,21
CATAGGTGTATCTTGT-1,OTI,1,172
CATAGTAGTACCCGTT-1,OTI,5,197
CATAGTAGTATTGGGT-1,OTI,2,128
CATAGTCCAAGTACAG-1,OTI,0,0
CATAGTCCAATAGTAA-1,OTI,1,4
CATAGTCCAGGATGGT-1,OTI,1,6
CATAGTCCAGGCCTTA-1,OTI,0,0
CATAGTCCAGGTCGTC-1,C57BL6,1,13
CATAGTCCAGGTTCGC-1,OTI,4,111
CATATCACACCAGATT-1,OTI,4,124
CATATCACACCTACTC-1,C57BL6,0,0
CATATCCTCACCTTAC-1,OTI,2,475
CATATCCTCACTGCCC-1,OTI,7,258
CATATCCTCCATAGCA-1,OTI,4,29
CATATCCTCCCAACCC-1,OTI,2,10
CATATCCTCGCAGTGT-1,C57BL6,0,0
CATATCGAGACATGAA-1,OTI,1,59
CATATCGAGACATTCG-1,OTI,3,376
CATATCGAGCCGCTAG-1,OTI,0,0
CATATCGAGGCACGTT-1,OTI,0,0
CATATGCCAAATATAG-1,C57BL6,0,0
CATATGCCAACGCGAG-1,OTI,0,0
CATATGCCAATAGCGA-1,C57BL6,0,0
CATATGCCAATGTATT-1,OTI,2,14
CATATGCCACCAAATC-1,OTI,1,11
CATATGCCACTCCTAC-1,C57BL6,0,0
CATATGCCAGGCGACA-1,OTI,0,0
CATATGCCAGGTATTC-1,OTI,5,315
CATATGCCAGTAGGCG-1,OTI,3,32
CATATGCCAGTCTCGA-1,C57BL6,2,2
CATATGGTCAGACAGG-1,OTI,0,0
CATATGGTCAGCATCA-1,OTI,6,140
CATATGGTCAGGTAAA-1,OTI,3,31
CATATGGTCATGCCTT-1,C57BL6,0,0
CATATGGTCCAAGTAT-1,C57BL6,1,4
CATATGTAGCTACAGC-1,OTI,3,554
CATATGTAGGCAATCC-1,OTI,3,116
CATATGTAGGGAGATT-1,OTI,3,21
CATATGTAGGTTGGAG-1,OTI,7,337
CATATGTAGGTTGGTC-1,OTI,3,31
CATATTCGTAACTAGC-1,C57BL6,0,0
CATATTCGTAGAGATG-1,C57BL6,3,3
CATATTCGTAGTGTTA-1,C57BL6,0,0
CATATTCGTATAAGCC-1,C57BL6,0,0
CATATTCGTATGTTGA-1,OTI,3,12
CATATTCGTCGACAGC-1,C57BL6,0,0
CATATTCGTCGTTAAA-1,C57BL6,2,16
CATATTCGTGCACAGC-1,OTI,1,32
CATCAATAGACCAGAG-1,OTI,3,109
CATCAATAGACCCTTT-1,OTI,4,298
CATCACAAGACGTATT-1,OTI,1,115
CATCACAAGCCTCACC-1,C57BL6,0,0
CATCACAAGCGAAGAT-1,OTI,5,32
CATCACAAGCGTTGTA-1,OTI,1,1
CATCACAAGCTGTAAT-1,C57BL6,1,3
CATCACAAGCTTAGCA-1,OTI,1,3
CATCACAAGGCCCCAA-1,C57BL6,1,2
CATCACAAGGGAATGT-1,OTI,1,22
CATCACGCAACAATTT-1,C57BL6,1,7
CATCACGCAAGCGCCT-1,OTI,4,30
CATCACGCAAGTCGGG-1,OTI,4,865
CATCACGCAAGTGTCT-1,OTI,0,0
CATCACGCAATTCGGT-1,OTI,1,32
CATCACGCACTAGCAT-1,OTI,4,187
CATCACTTCACCCTGC-1,C57BL6,0,0
CATCACTTCAGTGAAA-1,OTI,5,444
CATCACTTCATGGTTG-1,OTI,0,0
CATCACTTCCCTGTCA-1,OTI,0,0
CATCACTTCCTACTAC-1,OTI,3,60
CATCACTTCCTGCAAA-1,OTI,4,104
CATCAGGGTAGTAAGG-1,C57BL6,2,21
CATCAGGGTAGTGTGT-1,C57BL6,0,0
CATCAGGGTCATAGTA-1,OTI,1,4
CATCAGGGTGGATCGC-1,OTI,7,363
CATCAGGGTGTAAGGA-1,C57BL6,0,0
CATCAGGGTGTCTCCG-1,OTI,0,0
CATCAGGGTGTTGTAA-1,OTI,3,127
CATCAGTCAAAGTCTC-1,C57BL6,2,6
CATCAGTCAACCATCG-1,OTI,9,333
CATCAGTCAAGCGCTC-1,OTI,3,71
CATCAGTCAAGTACAG-1,OTI,0,0
CATCAGTCACGAACCC-1,C57BL6,1,2
CATCAGTCACTAACTA-1,C57BL6,0,0
CATCAGTCACTCGACA-1,OTI,2,38
CATCAGTCAGCTTCAG-1,C57BL6,2,17
CATCAGTCAGGACAAC-1,OTI,0,0
CATCAGTCAGTATTAT-1,OTI,4,94
CATCATACAAGCAGTA-1,C57BL6,0,0
CATCATACACACAGAA-1,C57BL6,0,0
CATCATACACCGCAGT-1,OTI,3,36
CATCATACACGTTCAG-1,OTI,2,41
CATCATACACTCAATA-1,C57BL6,1,2
CATCATACAGTCAACT-1,C57BL6,2,39
CATCATACAGTTGATC-1,C57BL6,0,0
CATCATCTCACCCTAT-1,OTI,2,69
CATCATCTCACTTGTC-1,OTI,1,4
CATCATCTCATAACAC-1,C57BL6,1,2
CATCATCTCATATTAG-1,C57BL6,0,0
CATCATCTCCGTATAG-1,C57BL6,0,0
CATCATCTCGCCACTC-1,C57BL6,4,9
CATCATCTCGCGCATG-1,OTI,0,0
CATCATCTCGCTAAAT-1,OTI,6,27
CATCATTGTATCATGA-1,OTI,9,233
CATCATTGTCGTAGAT-1,C57BL6,0,0
CATCATTGTCGTTGGA-1,OTI,2,140
CATCATTGTGTTAGTA-1,OTI,1,12
CATCGACAGACAGTTT-1,OTI,3,358
CATCGACAGATCTGCA-1,C57BL6,0,0
CATCGACAGCTCCTCA-1,OTI,7,85
CATCGACAGGCTGGTT-1,OTI,3,49
CATCGACAGGTAGCAG-1,OTI,3,132
CATCGAGGTAAGGGAC-1,OTI,3,227
CATCGAGGTCAGCAAT-1,C57BL6,0,0
CATCGAGGTGGCACGT-1,OTI,0,0
CATCGCACAAACGGTA-1,C57BL6,0,0
CATCGCACAACGGACG-1,OTI,3,37
CATCGCACAATAGCAG-1,OTI,4,100
CATCGCACACCTCGAA-1,OTI,2,241
CATCGCACACTACGCA-1,OTI,2,27
CATCGCACAGCCAATT-1,OTI,1,585
CATCGCACAGTACAAG-1,OTI,3,136
CATCGCACAGTGGCAG-1,C57BL6,0,0
CATCGCCTCCCATACT-1,OTI,0,0
CATCGCCTCCGACTAA-1,OTI,4,181
CATCGCCTCCGGTAAC-1,C57BL6,0,0
CATCGCCTCGGGTCAT-1,OTI,4,127
CATCGCGAGAACATAG-1,C57BL6,1,9
CATCGCGAGACAGCGA-1,OTI,6,131
CATCGCGAGAGGCGTA-1,OTI,0,0
CATCGCGAGAGTGGCA-1,OTI,0,0
CATCGCGAGATAGCGG-1,OTI,0,0
CATCGCGAGATCTGCA-1,C57BL6,2,14
CATCGCGAGCCACATA-1,C57BL6,1,43
CATCGCGAGCCTACGG-1,OTI,2,152
CATCGCGAGCTAGTAT-1,OTI,0,0
CATCGCGAGGCAAGCA-1,OTI,1,8
CATCGCGAGGGTGATG-1,C57BL6,0,0
CATCGCGAGGTAAGTA-1,C57BL6,0,0
CATCGCTGTATGAGTC-1,C57BL6,0,0
CATCGCTGTATTCGGG-1,OTI,4,90
CATCGCTGTCAGTATA-1,C57BL6,0,0
CATCGCTGTCATTAAG-1,OTI,4,618
CATCGCTGTGGCAATT-1,OTI,1,55
CATCGGAGTACTTGCC-1,OTI,1,4
CATCGGAGTCTCATAT-1,OTI,0,0
CATCGGAGTGCACGTA-1,OTI,5,415
CATCGGAGTGGGTTCA-1,C57BL6,1,12
CATCGGCCACAATGTC-1,OTI,2,61
CATCGGCCACGACACC-1,OTI,2,15
CATCGGCCACTACATA-1,OTI,2,105
CATCGGGTCACGTCGG-1,OTI,3,159
CATCGGGTCAGGCTTA-1,OTI,8,235
CATCGGGTCAGTATTA-1,C57BL6,0,0
CATCGGGTCCGTATCT-1,OTI,4,8
CATCGGGTCGGTAGCT-1,C57BL6,0,0
CATCGTTTCAGGGCTT-1,C57BL6,1,4
CATCGTTTCCGCTTGC-1,OTI,2,3
CATCTACTCACTCGCC-1,OTI,3,302
CATCTACTCACTGACA-1,OTI,0,0
CATCTACTCAGGCACT-1,C57BL6,0,0
CATCTACTCCATATGG-1,OTI,4,190
CATCTACTCCCAGAAC-1,OTI,0,0
CATCTACTCCTTATCA-1,OTI,1,100
CATCTACTCGCACAAC-1,OTI,5,129
CATCTACTCGCATCAA-1,C57BL6,0,0
CATCTACTCGCTGTAA-1,C57BL6,1,4
CATCTACTCGGACATC-1,C57BL6,2,8
CATCTACTCGTCCCTA-1,C57BL6,0,0
CATCTACTCGTTCACT-1,OTI,4,81
CATCTAGAGAGCCTGT-1,C57BL6,1,16
CATCTAGAGCCAACCG-1,C57BL6,2,16
CATCTATGTAATCGCG-1,OTI,2,168
CATCTATGTATAGTCA-1,OTI,0,0
CATCTATGTCAAAGCT-1,OTI,5,404
CATCTATGTGCGTTTC-1,C57BL6,0,0
CATCTCAGTAAACGCT-1,OTI,3,23
CATCTCAGTACTTGGG-1,OTI,4,9
CATCTCAGTATGAGTC-1,OTI,1,1
CATCTCAGTCAATGTA-1,OTI,2,65
CATCTCAGTCAGCGTA-1,C57BL6,0,0
CATCTCAGTCAGTGCA-1,C57BL6,1,12
CATCTCAGTCGCTGGG-1,C57BL6,0,0
CATCTCAGTCGGGTTA-1,OTI,0,0
CATCTCAGTGTCCGCC-1,C57BL6,0,0
CATCTCAGTGTTACCC-1,C57BL6,0,0
CATCTCCCAATGTATT-1,OTI,6,166
CATCTCCCACGGGGTA-1,OTI,5,189
CATCTCCCACTCTCCG-1,C57BL6,0,0
CATCTCCCACTTCGTC-1,OTI,0,0
CATCTGTTCAAATCAC-1,OTI,0,0
CATCTGTTCAAATCCG-1,C57BL6,1,9
CATCTGTTCAATTCCC-1,C57BL6,1,31
CATCTGTTCAGGAATA-1,OTI,1,6
CATCTGTTCCACCATT-1,OTI,0,0
CATCTGTTCCGGTAAC-1,OTI,2,216
CATCTGTTCGCGACAT-1,OTI,0,0
CATCTGTTCGGCTCTC-1,C57BL6,0,0
CATCTGTTCGTCCATT-1,OTI,3,311
CATCTGTTCGTTGACA-1,OTI,1,1
CATCTTCAGAACGTTT-1,OTI,3,120
CATCTTCAGAACTTGT-1,OTI,0,0
CATCTTCAGACATCCA-1,OTI,0,0
CATCTTCAGAGTCCAC-1,OTI,2,69
CATCTTCAGCAAGTAA-1,OTI,2,6
CATCTTCAGCAAGTTT-1,OTI,2,27
CATCTTCAGGGGTAAT-1,OTI,1,53
CATCTTCAGGTCAATT-1,C57BL6,0,0
CATCTTGGTAAGTGTC-1,OTI,0,0
CATCTTGGTAGGGTAA-1,C57BL6,0,0
CATCTTGGTATCATTC-1,OTI,4,4
CATCTTGGTATGGCGC-1,OTI,1,1
CATCTTGGTCAGCGTA-1,C57BL6,0,0
CATCTTGGTCATCTCA-1,OTI,0,0
CATCTTGGTCGTACCT-1,OTI,2,79
CATGAAGCAACAATTT-1,C57BL6,0,0
CATGAAGCAAGTACTC-1,OTI,2,28
CATGAAGCACAAGACA-1,C57BL6,0,0
CATGAAGCACTTCATT-1,OTI,0,0
CATGAAGCAGCACACC-1,OTI,9,197
CATGAAGCAGCGACAG-1,OTI,1,8
CATGATCCACCATCGA-1,OTI,3,32
CATGATCCACCTATAA-1,OTI,1,22
CATGATCCAGCCTTTC-1,OTI,0,0
CATGATCCAGGATCAA-1,OTI,3,304
CATGCAGGTAGGGGCA-1,OTI,2,22
CATGCAGGTATCACGG-1,OTI,3,99
CATGCAGGTGGGGTTC-1,OTI,3,82
CATGCAGGTGTATGTA-1,OTI,3,31
CATGCCACAAATCGGA-1,OTI,0,0
CATGCCACACAGTGGG-1,OTI,0,0
CATGCCACAGCTCGGT-1,OTI,1,8
CATGCCCTCACGAACC-1,OTI,1,12
CATGCCCTCAGCATAT-1,OTI,0,0
CATGCCCTCCCTGACC-1,C57BL6,0,0
CATGCCGAGAGGAGCC-1,C57BL6,0,0
CATGCCGAGCAGCTAC-1,OTI,0,0
CATGCCGAGCAGGCTT-1,C57BL6,0,0
CATGCCGAGCCGCTGA-1,OTI,1,5
CATGCCGAGCTACTGA-1,OTI,7,133
CATGCCGAGCTATGTG-1,OTI,4,198
CATGCCGAGCTGATTG-1,OTI,5,117
CATGCCGAGCTTGAAT-1,C57BL6,2,21
CATGCCGAGGTTGGAG-1,OTI,2,4
CATGCGCCAAAGGGGA-1,C57BL6,0,0
CATGCGCCAACGGGAT-1,OTI,4,230
CATGCGCCAATAAGAC-1,OTI,0,0
CATGCGCCAATCAGAG-1,C57BL6,0,0
CATGCGCCACACTTAA-1,C57BL6,0,0
CATGCGCCACGGACCT-1,OTI,1,15
CATGCGCCAGCGTATT-1,OTI,0,0
CATGCGCCAGGAGTCG-1,C57BL6,4,4
CATGCGCCAGTGAAGC-1,OTI,3,11
CATGCGCCAGTTAGCT-1,OTI,0,0
CATGCGTAGAACTTGT-1,C57BL6,0,0
CATGCGTAGAAGGCGC-1,C57BL6,0,0
CATGCGTAGAGCTTGC-1,OTI,0,0
CATGCGTAGATGACGG-1,C57BL6,4,4
CATGCGTAGGGAGGTC-1,OTI,0,0
CATGCTTTCACTACCT-1,C57BL6,1,1
CATGCTTTCACTCATC-1,C57BL6,0,0
CATGGAGAGAATTTGC-1,OTI,1,74
CATGGAGAGACGACGA-1,C57BL6,0,0
CATGGAGAGCAGTATT-1,C57BL6,1,6
CATGGAGAGCGTTGGT-1,C57BL6,1,3
CATGGAGAGCGTTGTA-1,C57BL6,0,0
CATGGAGAGGGGGCAT-1,OTI,0,0
CATGGATGTAACCGCA-1,OTI,1,32
CATGGATGTCACCCTG-1,OTI,0,0
CATGGATGTCAGTATA-1,OTI,2,117
CATGGATGTCTACGGA-1,OTI,2,140
CATGGATGTCTATGTT-1,OTI,2,25
CATGGATGTGGGGCTT-1,OTI,2,61
CATGGCGTCAACTCCT-1,OTI,1,3
CATGGCGTCACCTTAC-1,OTI,1,15
CATGGCGTCCAACAGC-1,OTI,1,1
CATGGCGTCCGGCTTC-1,C57BL6,1,8
CATGGCGTCCTCCAGC-1,OTI,4,375
CATGGGCGTACCACCT-1,C57BL6,0,0
CATGGGCGTATCAGGT-1,OTI,4,33
CATGGGCGTCATCTCA-1,C57BL6,0,0
CATGGGCGTCGGAATT-1,OTI,2,70
CATGGGGCAAACATTT-1,OTI,8,101
CATGGGGCAATATCTG-1,OTI,1,10
CATGGGGCACACATAC-1,C57BL6,0,0
CATGGGGCACCTCTTA-1,OTI,1,25
CATGGGGCACCTTACC-1,OTI,2,16
CATGGGGCACGCTCAA-1,C57BL6,3,12
CATGGGGCACGGCACT-1,OTI,3,247
CATGGGGCACTTCTAT-1,OTI,1,13
CATGGGTTCCTGTACT-1,OTI,5,408
CATGGGTTCGGGCATT-1,OTI,5,69
CATGGTCAGACGGAGC-1,C57BL6,0,0
CATGGTCAGACTTCAG-1,OTI,3,235
CATGGTCAGAGGGGTC-1,OTI,9,205
CATGGTCAGGGAATTA-1,OTI,2,4
CATGGTTCAAGGACAC-1,OTI,2,13
CATGGTTCACTATGAC-1,C57BL6,0,0
CATGGTTCAGGATTAG-1,OTI,5,403
CATGGTTCAGGTGATA-1,OTI,5,230
CATGTATAGAGCCGTT-1,OTI,11,210
CATGTATAGATGATGA-1,OTI,5,205
CATGTATAGCCACATA-1,OTI,2,13
CATGTATAGCGACCAT-1,C57BL6,4,6
CATGTATAGCGTAATT-1,C57BL6,2,10
CATGTATAGCGTGTCG-1,OTI,3,157
CATGTATAGGGAGCTA-1,C57BL6,2,2
CATGTCAAGACTGCCG-1,OTI,0,0
CATGTCAAGCAAGAGT-1,OTI,3,124
CATGTCAAGCCTTAAG-1,OTI,1,7
CATGTCAAGCGTGTCG-1,C57BL6,0,0
CATGTCAAGCTAATAC-1,OTI,1,11
CATGTCAAGCTATCGA-1,OTI,0,0
CATGTCAAGGCGGATA-1,OTI,1,5
CATGTCCGTAGTAAGG-1,OTI,0,0
CATGTCCGTAGTGTTA-1,OTI,1,4
CATGTCCGTAGTTGCG-1,C57BL6,0,0
CATGTCCGTCAGCATG-1,OTI,1,35
CATGTCCGTCAGTTAA-1,OTI,1,131
CATGTCCGTCATACCC-1,OTI,2,51
CATGTCCGTCGCTAAG-1,OTI,11,322
CATGTCCGTGCGGAGA-1,OTI,2,58
CATGTCCGTGGAATCT-1,OTI,1,1
CATGTCCGTGGATGGG-1,OTI,2,15
CATGTCCGTGTTCGCT-1,OTI,3,185
CATGTCCGTGTTCGTC-1,C57BL6,0,0
CATGTCCGTGTTGGAT-1,C57BL6,0,0
CATGTCGCAACATGTC-1,OTI,1,59
CATGTCGCAACCCCAA-1,OTI,2,48
CATGTCGCACCAGATT-1,C57BL6,1,5
CATGTCGCACGTCAGC-1,C57BL6,1,4
CATGTGGGTAAGTTGC-1,OTI,1,5
CATGTGGGTAGGACTT-1,C57BL6,0,0
CATGTGGGTATCTGTT-1,OTI,4,697
CATGTGGGTCACGAAT-1,OTI,3,64
CATGTGGGTCAGTCAG-1,OTI,4,235
CATGTGGGTCGGCTCC-1,C57BL6,0,0
CATGTGGGTCTACTAT-1,OTI,7,305
CATGTGGGTCTACTGC-1,C57BL6,0,0
CATGTGGGTGCGTTTC-1,OTI,1,6
CATGTGGGTGTAGAAG-1,OTI,3,165
CATGTGGGTGTATCTT-1,OTI,3,65
CATGTGGGTGTCACGA-1,OTI,3,51
CATGTTGAGAAACGTA-1,OTI,1,21
CATGTTGAGAAGCTGG-1,OTI,1,4
CATGTTGAGACAACGG-1,C57BL6,0,0
CATGTTGAGACAAGTA-1,OTI,1,2
CATGTTGAGACGATGG-1,C57BL6,0,0
CATGTTGAGATGTTCG-1,OTI,6,234
CATGTTGAGCCTTGCC-1,OTI,4,185
CATTAACAGACAATGA-1,OTI,2,26
CATTAACAGATGGGAT-1,OTI,6,95
CATTAACAGCCATCGG-1,OTI,3,76
CATTAACAGGTGTCGT-1,OTI,2,20
CATTAAGGTACTGCAG-1,C57BL6,0,0
CATTAAGGTATACAGC-1,OTI,7,162
CATTAAGGTATCTCTG-1,OTI,4,66
CATTAAGGTCCAGAAT-1,C57BL6,2,12
CATTAAGGTCCGTTTA-1,OTI,8,226
CATTAAGGTCTGGCCC-1,C57BL6,0,0
CATTAAGGTCTGGTGA-1,C57BL6,0,0
CATTACCTCAGCAATT-1,C57BL6,0,0
CATTACCTCAGCATTG-1,OTI,2,128
CATTACCTCATAACGT-1,OTI,6,76
CATTACCTCATACCCT-1,OTI,2,12
CATTACCTCATGTCAG-1,OTI,4,41
CATTACCTCATTGCTC-1,OTI,1,5
CATTACCTCCGCATGG-1,C57BL6,1,3
CATTACCTCCGCCTAC-1,OTI,3,27
CATTACGAGAGCCTGT-1,OTI,2,19
CATTACGAGCACTCAA-1,C57BL6,1,14
CATTACGAGCCGCGTA-1,OTI,6,514
CATTACGAGCCTTGCC-1,C57BL6,1,3
CATTACGAGCTAATCG-1,OTI,1,17
CATTACGAGGTGAGTG-1,OTI,1,33
CATTAGCCAATGCGAA-1,OTI,2,14
CATTAGCCACAACATC-1,OTI,2,44
CATTAGCCACAAGGCG-1,C57BL6,0,0
CATTAGCCACAGTGCC-1,OTI,3,133
CATTAGCCACCACCAA-1,C57BL6,0,0
CATTAGCCACGCTCAA-1,C57BL6,2,6
CATTAGCCAGTGCTCA-1,OTI,4,171
CATTAGTAGCACGAAG-1,OTI,3,24
CATTAGTAGCCGCAAT-1,C57BL6,1,5
CATTAGTAGGCGTAGA-1,C57BL6,4,46
CATTAGTAGGCTCAGT-1,C57BL6,0,0
CATTAGTAGGTGCTGT-1,OTI,2,72
CATTATCGTAACGTCG-1,OTI,4,636
CATTATCGTAGCCAGC-1,OTI,3,83
CATTATCGTAGTCTGG-1,OTI,4,173
CATTATCGTCAGCGTA-1,OTI,4,191
CATTATCGTCGGATAT-1,OTI,3,46
CATTATCGTCGGTGTA-1,C57BL6,1,3
CATTATCGTCTCCGGC-1,OTI,1,11
CATTATCGTCTTGTCA-1,C57BL6,0,0
CATTATCGTGTATAGC-1,OTI,2,7
CATTCAACAAAGCCGG-1,OTI,4,47
CATTCAACACATCACG-1,OTI,4,114
CATTCAACACGCAGTC-1,OTI,2,69
CATTCAACACTTCATT-1,OTI,1,23
CATTCAACAGCGCATC-1,OTI,0,0
CATTCAACAGGGCTTC-1,OTI,0,0
CATTCACTCAACCATG-1,OTI,2,59
CATTCACTCAGCAGTC-1,OTI,2,248
CATTCACTCAGTGATT-1,OTI,3,16
CATTCACTCCCATTAC-1,OTI,0,0
CATTCACTCGCGTAGT-1,C57BL6,0,0
CATTCACTCGGACATC-1,OTI,4,173
CATTCACTCGTACCTT-1,OTI,2,266
CATTCAGAGATGAAGC-1,OTI,3,142
CATTCAGAGCAATGCC-1,OTI,6,22
CATTCAGAGCAATGTT-1,OTI,3,20
CATTCAGAGCATTTCC-1,OTI,3,66
CATTCAGAGCTAAGCC-1,C57BL6,4,97
CATTCAGAGCTCGAGT-1,C57BL6,0,0
CATTCAGAGGTATTGT-1,C57BL6,0,0
CATTCCAGTAACCCGA-1,OTI,0,0
CATTCCAGTATACTTC-1,OTI,6,24
CATTCCAGTCAACTCC-1,OTI,5,622
CATTCCAGTCACCGTT-1,C57BL6,1,7
CATTCCAGTCCAACAG-1,OTI,1,5
CATTCCAGTGGAATGA-1,OTI,2,50
CATTCCAGTGGTATGT-1,OTI,4,112
CATTCCAGTGTTGTGG-1,OTI,8,485
CATTCCCCACAATGGA-1,OTI,1,349
CATTCCCCACTCCATC-1,C57BL6,1,62
CATTCCCCACTCCTAC-1,C57BL6,0,0
CATTCCCCAGCAACTT-1,OTI,6,307
CATTCCCCAGCTTCAG-1,OTI,2,35
CATTCCGTCCCCACTA-1,OTI,3,11
CATTCCGTCGGACACT-1,C57BL6,0,0
CATTCCGTCGGTTAAT-1,OTI,2,4
CATTCGAAGACAACCC-1,C57BL6,1,37
CATTCGAAGAGGGCGT-1,OTI,3,23
CATTCGAAGCACGTAC-1,C57BL6,0,0
CATTCGAAGGGCTCAT-1,C57BL6,1,6
CATTCGAAGGTCGGAA-1,OTI,2,17
CATTCGGCAATCGCGC-1,OTI,1,17
CATTCGGCACACAAGA-1,OTI,6,181
CATTCGGCACAGGTAA-1,C57BL6,1,1
CATTCGGCAGCTAATC-1,OTI,0,0
CATTCGTTCAATGTTA-1,OTI,3,68
CATTCGTTCCAGTACA-1,OTI,4,82
CATTCGTTCGCTATAG-1,OTI,2,100
CATTCGTTCGGCTTAA-1,C57BL6,2,199
CATTCTATCACGACAC-1,OTI,1,130
CATTCTATCACGGTGT-1,C57BL6,0,0
CATTCTATCAGTTATA-1,OTI,2,9
CATTCTATCATCGACA-1,C57BL6,3,27
CATTCTATCGGTTGTA-1,OTI,0,0
CATTCTATCGTGGCCA-1,OTI,5,61
CATTCTGGTAGGCCGT-1,OTI,4,760
CATTCTGGTATACGGT-1,C57BL6,0,0
CATTCTGGTATGTTAG-1,C57BL6,5,226
CATTCTGGTCCAGTTC-1,OTI,3,46
CATTCTGGTCGCTCTG-1,OTI,2,8
CATTCTGGTGCCAAAT-1,C57BL6,0,0
CATTCTGGTGGATATC-1,C57BL6,1,7
CATTCTGGTGGTGTAT-1,OTI,3,26
CATTCTGGTGTTCGTC-1,C57BL6,0,0
CATTCTGGTGTTGCAG-1,C57BL6,1,1
CATTGCAAGAACCCGT-1,C57BL6,0,0
CATTGCAAGACAGCAG-1,OTI,1,10
CATTGCAAGACCCCGA-1,OTI,1,1
CATTGCAAGCGTGGTT-1,OTI,4,229
CATTGCAAGCTCGTTT-1,C57BL6,0,0
CATTGCTTCAAGCCAC-1,OTI,2,47
CATTGCTTCACGCAGT-1,OTI,4,203
CATTGCTTCCCTTCAG-1,OTI,10,219
CATTGCTTCCGACGCA-1,C57BL6,2,152
CATTGCTTCCGGTCGA-1,OTI,1,6
CATTGCTTCGGTTACA-1,OTI,2,39
CATTGGGGTAACTGCG-1,OTI,3,16
CATTGGGGTACCACAG-1,OTI,2,7
CATTGGGGTATGCTCC-1,OTI,4,34
CATTGGGGTCATCGGA-1,OTI,1,13
CATTGGGGTCCGCTAT-1,OTI,3,104
CATTGGGGTCCTACGT-1,C57BL6,0,0
CATTGGGGTCGGTTTC-1,OTI,1,7
CATTGGGGTCGTTGCT-1,OTI,2,17
CATTGGTCAAATCCGT-1,OTI,1,9
CATTGGTCAACATGCT-1,C57BL6,0,0
CATTGGTCACCTGTAG-1,OTI,0,0
CATTGGTCACTCCTAC-1,OTI,3,151
CATTGGTCAGTCCTCT-1,OTI,1,30
CATTGTCTCATGGCAC-1,OTI,5,276
CATTGTCTCGCGCATG-1,OTI,6,35
CATTGTCTCGGTATGC-1,OTI,1,7
CATTTAGCAAAGGGAG-1,C57BL6,0,0
CATTTAGCAACTGGGG-1,OTI,2,31
CATTTAGCACAACGAA-1,OTI,6,109
CATTTAGCACATGTCG-1,C57BL6,2,10
CATTTAGCACGGGGTA-1,OTI,0,0
CATTTAGCACTAAAGG-1,OTI,5,6
CATTTAGCACTCGGTA-1,OTI,0,0
CATTTCCAGAAATGGC-1,OTI,1,3
CATTTCCAGAAGTAGC-1,OTI,5,13
CATTTCCAGAATTCGT-1,OTI,8,825
CATTTCCAGACCCTTT-1,OTI,5,106
CATTTCCAGATCGGTC-1,OTI,2,125
CATTTCCAGCTGACCG-1,OTI,2,10
CATTTCCAGGTAGTGG-1,C57BL6,0,0
CATTTCCAGGTGAGTG-1,OTI,1,13
CATTTCGGTATATCCT-1,OTI,5,104
CATTTCGGTGCATCAG-1,OTI,6,7
CATTTCGGTGGTTGTG-1,C57BL6,0,0
CATTTCGGTGTCGTAG-1,OTI,1,5
CATTTGGAGAGTTGCC-1,OTI,0,0
CATTTGGAGCGGTCCA-1,C57BL6,0,0
CATTTGGAGCGTACGT-1,OTI,9,190
CATTTGGAGCTACTGA-1,OTI,3,153
CATTTGGAGGGACAAT-1,OTI,6,42
CATTTGGAGGTCTATG-1,OTI,3,9
CCAAACCAGAGCGGGT-1,C57BL6,1,4
CCAAACCAGAGGCAGC-1,C57BL6,0,0
CCAAACCAGCAAAGTA-1,OTI,1,20
CCAAACCAGCCGATAC-1,OTI,7,91
CCAAACCAGCCGTTGG-1,OTI,3,106
CCAAACCAGCTGAATT-1,C57BL6,0,0
CCAAACCAGGTCCTCC-1,OTI,2,24
CCAAAGCTCAACGAAA-1,C57BL6,1,6
CCAAAGCTCACCAAGC-1,C57BL6,0,0
CCAAAGCTCACGCGCA-1,OTI,1,18
CCAAAGCTCACTCTGT-1,OTI,10,498
CCAAAGCTCCCATCTG-1,OTI,7,159
CCAAAGCTCCTCCATG-1,OTI,5,132
CCAAAGGAGAGCGAAT-1,OTI,8,166
CCAAAGGAGCCGTAGT-1,OTI,4,138
CCAAAGGAGGGACACA-1,C57BL6,1,3
CCAAAGTGTACCAGAT-1,OTI,1,7
CCAAAGTGTAGACGTT-1,OTI,0,0
CCAAAGTGTCCTATTG-1,OTI,1,13
CCAAAGTGTGCCCGAG-1,OTI,4,41
CCAAAGTGTGTCTTCA-1,OTI,5,243
CCAAATCCAAGAGGTC-1,OTI,2,10
CCAAATCCAAGCCGTC-1,C57BL6,0,0
CCAAATCCAATATGCC-1,OTI,5,267
CCAAATCCACATAGCT-1,OTI,1,3
CCAAATCCACTATTCT-1,C57BL6,1,8
CCAAATCCAGCATAAG-1,OTI,2,39
CCAAATCCAGTTGCCA-1,OTI,2,112
CCAAATGTCAACTATA-1,C57BL6,2,20
CCAAATGTCACAGGCT-1,OTI,2,30
CCAAATGTCACGAACC-1,C57BL6,0,0
CCAAATGTCATCCGTT-1,OTI,0,0
CCAAATGTCCAAGACC-1,OTI,4,32
CCAAATGTCCAAGCGT-1,OTI,2,31
CCAAATGTCCTGCTAT-1,OTI,5,49
CCAAATGTCGTGTCGG-1,OTI,1,1
CCAAATTAGCCAGCAT-1,OTI,4,46
CCAACAGGTATCAATG-1,OTI,1,133
CCAACAGGTCCTAGAG-1,OTI,3,35
CCAACAGGTCTAAGTA-1,OTI,6,99
CCAACAGGTGGGACCT-1,C57BL6,0,0
CCAACAGGTGTCCTTA-1,OTI,1,141
CCAACAGGTGTCTTAT-1,OTI,4,98
CCAACATCAAAATCAA-1,C57BL6,1,1
CCAACATCACTATTCT-1,OTI,1,12
CCAACCCTCACACATG-1,OTI,1,2
CCAACCCTCATCGGCG-1,OTI,1,4
CCAACCCTCATTCGCT-1,C57BL6,0,0
CCAACCCTCCCAACTT-1,OTI,2,106
CCAACCCTCCCGTGTC-1,C57BL6,0,0
CCAACCCTCCGAGTGT-1,OTI,8,92
CCAACCCTCCGGTCAG-1,OTI,1,474
CCAACCCTCCGTATAG-1,OTI,3,50
CCAACCCTCCTCTCGA-1,C57BL6,1,3
CCAACCCTCCTTCAAC-1,OTI,0,0
CCAACCGAGAATGACA-1,OTI,1,9
CCAACCGAGAGCGTAG-1,OTI,0,0
CCAACCGAGCGAACGA-1,OTI,1,25
CCAACCGAGCTTGTGA-1,OTI,1,8
CCAACCGAGGTTGCCG-1,OTI,0,0
CCAACCTGTAAGTGTC-1,OTI,4,63
CCAACCTGTAGAGAAT-1,OTI,6,321
CCAACCTGTCGCGTCC-1,C57BL6,0,0
CCAACCTGTCGGTTCT-1,OTI,7,307
CCAACCTGTGCAGTCA-1,C57BL6,0,0
CCAACCTGTGTCCCGC-1,OTI,0,0
CCAACGAGTACAAGGA-1,OTI,2,10
CCAACGAGTATGCCAG-1,OTI,12,226
CCAACGAGTCACTCCG-1,C57BL6,0,0
CCAACGAGTCGTTCTA-1,OTI,1,623
CCAACGCCACTTATCT-1,OTI,2,19
CCAACGCCAGGACGCA-1,C57BL6,0,0
CCAACGCCAGGCCTTA-1,OTI,0,0
CCAACGCCAGTGCTCA-1,OTI,1,51
CCAACTCGTACGAGTT-1,C57BL6,0,0
CCAACTCGTACTGCGA-1,OTI,2,80
CCAACTCGTAGCTTCC-1,OTI,3,110
CCAACTCGTCGACTAG-1,OTI,0,0
CCAACTTTCATAGTCG-1,OTI,4,91
CCAACTTTCCCAATAG-1,OTI,0,0
CCAACTTTCGGCAATC-1,OTI,5,90
CCAACTTTCGTGTAAT-1,OTI,4,210
CCAACTTTCGTTGTCT-1,OTI,0,0
CCAAGATGTACGTGAT-1,OTI,1,44
CCAAGATGTACTTCTG-1,OTI,7,555
CCAAGATGTATTCGTT-1,OTI,1,5
CCAAGATGTCCAGGGT-1,OTI,2,42
CCAAGATGTCGCTCGC-1,OTI,2,394
CCAAGATGTCGGCTCC-1,OTI,5,224
CCAAGATGTCGGCTGG-1,C57BL6,2,15
CCAAGATGTGTCTATT-1,OTI,3,126
CCAAGCCCAAACGTTC-1,C57BL6,0,0
CCAAGCCCAACACGGG-1,OTI,4,11
CCAAGCCCAAGGACAC-1,C57BL6,0,0
CCAAGCCCAAGTCTCG-1,C57BL6,2,5
CCAAGCCCACAAACCT-1,OTI,1,58
CCAAGCCCACAATACC-1,C57BL6,0,0
CCAAGCCCACCCAGAC-1,C57BL6,0,0
CCAAGCCCAGCATTCG-1,C57BL6,0,0
CCAAGCTAGAGCATTT-1,OTI,1,33
CCAAGCTAGAGGATTA-1,C57BL6,1,11
CCAAGCTAGAGTCGTC-1,C57BL6,0,0
CCAAGCTAGCAACAGG-1,OTI,0,0
CCAAGCTAGCATTCGA-1,OTI,3,514
CCAAGCTAGGGTAAGT-1,OTI,0,0
CCAAGGGCAACCCACA-1,OTI,0,0
CCAAGGGCAACGCTCA-1,C57BL6,1,27
CCAAGGGCAAGTTTCA-1,OTI,9,194
CCAAGGGCAATCATGC-1,OTI,0,0
CCAAGGGCAATTAATC-1,OTI,2,165
CCAAGGGCACCGTTTC-1,C57BL6,0,0
CCAAGGGCACTATAAT-1,OTI,6,108
CCAAGGGCAGCCTCTT-1,C57BL6,2,21
CCAAGGGCAGCGCACT-1,OTI,2,32
CCAAGTATCACTTGCT-1,C57BL6,0,0
CCAAGTATCCGGCATG-1,C57BL6,0,0
CCAAGTATCCTATCAC-1,C57BL6,0,0
CCAATACCAAAACTAA-1,OTI,3,207
CCAATACCAACTCGCA-1,C57BL6,1,5
CCAATACCACACCTCT-1,C57BL6,1,3
CCAATACCAGCACGGA-1,C57BL6,0,0
CCAATACCAGCTTCGA-1,C57BL6,0,0
CCAATACCAGGCATAA-1,OTI,3,37
CCAATAGTCATGGGCT-1,C57BL6,0,0
CCAATAGTCCCACACC-1,OTI,0,0
CCAATAGTCGGAAAGT-1,OTI,0,0
CCAATAGTCGGTCAAC-1,C57BL6,0,0
CCAATAGTCGTTACCT-1,OTI,3,92
CCAATATAGAACGGCA-1,C57BL6,1,7
CCAATATAGACCAGGA-1,OTI,0,0
CCAATATAGATGTAGA-1,OTI,4,23
CCAATATAGGGGTTGA-1,OTI,11,379
CCAATATAGGGTCTGT-1,OTI,2,187
CCAATTACAAGCGCCT-1,OTI,5,76
CCAATTACACAAATCC-1,C57BL6,0,0
CCAATTACACATCGGC-1,C57BL6,0,0
CCAATTACAGCAGCCT-1,OTI,0,0
CCAATTACAGCGACCT-1,OTI,0,0
CCAATTCTCAATCTCC-1,OTI,0,0
CCAATTCTCACACTTC-1,OTI,0,0
CCAATTCTCCAGTATG-1,C57BL6,0,0
CCAATTCTCCCAAAGC-1,C57BL6,1,1
CCAATTCTCGCTTCGC-1,OTI,7,26
CCACAACAGACTAATC-1,OTI,3,291
CCACAACAGCTACTTC-1,OTI,2,13
CCACAACAGCTGGTTA-1,OTI,7,61
CCACAACAGGCTCGAT-1,OTI,2,13
CCACAATCAAATTTCG-1,OTI,0,0
CCACAATCAACATCCG-1,OTI,1,4
CCACAATCAACTGAAG-1,OTI,1,12
CCACAATCAATACGCT-1,OTI,5,461
CCACAATCAATGGGCG-1,OTI,1,6
CCACAATCACCGCTAA-1,C57BL6,0,0
CCACAATCAGCCTTAG-1,OTI,4,282
CCACACACAAATATAG-1,C57BL6,0,0
CCACACACAACTAATT-1,C57BL6,0,0
CCACACACACGGTGTC-1,OTI,3,91
CCACACACAGCATCGC-1,OTI,3,61
CCACACACAGTCTGCA-1,OTI,6,1533
CCACACCTCAACCTCT-1,C57BL6,0,0
CCACACCTCACCAAGC-1,OTI,3,38
CCACACCTCATGGGCT-1,OTI,1,1
CCACACCTCCAACTTC-1,OTI,1,13
CCACAGCCACGACACC-1,OTI,1,4
CCACAGCCAGGTCATT-1,C57BL6,0,0
CCACAGGTCAGTGATT-1,OTI,0,0
CCACAGGTCATGGCAC-1,OTI,1,1
CCACAGGTCGCTAATG-1,C57BL6,0,0
CCACAGGTCGTCCCTA-1,OTI,7,153
CCACAGGTCGTGACGT-1,OTI,0,0
CCACATAAGAATGTAG-1,OTI,0,0
CCACATAAGCTCATGA-1,C57BL6,1,65
CCACATAAGCTGTATG-1,OTI,4,136
CCACATAAGGCACGAA-1,OTI,1,2
CCACATAAGGGGAGCT-1,OTI,1,184
CCACATTTCATCATCC-1,C57BL6,5,5
CCACATTTCATTGTCC-1,OTI,3,760
CCACATTTCCACTCCA-1,OTI,2,23
CCACATTTCCGACTAA-1,C57BL6,2,24
CCACATTTCCGTCAAA-1,OTI,12,63
CCACATTTCGCGATGT-1,OTI,6,20
CCACATTTCGCTCTCA-1,OTI,2,8
CCACATTTCGGGTTCG-1,C57BL6,1,1
CCACATTTCGTCCTGC-1,OTI,0,0
CCACCAACAAAACCGA-1,OTI,6,160
CCACCAACAACGCAGG-1,OTI,1,25
CCACCAACAAGACGTA-1,OTI,5,443
CCACCAACAAGAGACC-1,C57BL6,0,0
CCACCAACAATTAAAG-1,OTI,7,35
CCACCGTTCAACTATA-1,OTI,4,42
CCACCGTTCACCAATG-1,OTI,0,0
CCACCGTTCCAAGACC-1,OTI,2,44
CCACCGTTCCAGGATC-1,C57BL6,0,0
CCACCGTTCCATTCGT-1,OTI,4,173
CCACCGTTCCCGACTC-1,C57BL6,0,0
CCACCGTTCGCTTTCG-1,C57BL6,0,0
CCACCGTTCGTACTTC-1,C57BL6,0,0
CCACCTATCACCATTC-1,OTI,1,5
CCACCTATCCCAAAGC-1,C57BL6,1,10
CCACCTATCCGGGATT-1,OTI,1,9
CCACCTATCCTCCAAT-1,OTI,1,1
CCACGATAGAACTAAG-1,OTI,5,329
CCACGATAGCGCATCG-1,OTI,5,161
CCACGATAGCGGCATT-1,OTI,2,18
CCACGATAGCTTCGTT-1,C57BL6,0,0
CCACGATAGGTCGCAT-1,C57BL6,0,0
CCACGCTTCCCATCTG-1,C57BL6,1,4
CCACGCTTCCGAACAC-1,C57BL6,0,0
CCACGCTTCCGGCACA-1,OTI,7,66
CCACGCTTCGCCTCTA-1,OTI,3,13
CCACGCTTCGCTGGCA-1,C57BL6,0,0
CCACGCTTCGGATACC-1,OTI,4,74
CCACGCTTCGTACAAT-1,OTI,5,84
CCACGGGGTACACCCT-1,OTI,0,0
CCACGGGGTATCGGGC-1,OTI,2,46
CCACGGTCAAGTTTCA-1,OTI,6,1055
CCACGGTCAATAACCC-1,OTI,3,347
CCACGGTCAATGCTAC-1,C57BL6,1,5
CCACGGTCACAAGGGT-1,OTI,10,101
CCACGGTCACAGCGGA-1,OTI,4,193
CCACGTACAAACGGGT-1,OTI,3,97
CCACGTACAAATGACG-1,OTI,6,102
CCACGTACAAGCTTCG-1,OTI,9,110
CCACGTACACCGTCAA-1,OTI,3,16
CCACGTACACCTACCT-1,C57BL6,0,0
CCACGTACACGTTCGA-1,C57BL6,8,14
CCACGTACACTATCCC-1,OTI,3,105
CCACGTACAGGACTTT-1,OTI,1,12
CCACGTTGTAAATGGG-1,OTI,0,0
CCACGTTGTATACCCC-1,OTI,4,158
CCACGTTGTCACGTTC-1,OTI,0,0
CCACGTTGTCAGTTGG-1,OTI,4,138
CCACGTTGTGGAAATG-1,OTI,4,215
CCACGTTGTGGAGCCT-1,OTI,1,27
CCACGTTGTGGCTTTC-1,C57BL6,2,4
CCACGTTGTGGGGATG-1,OTI,6,255
CCACGTTGTGGTTATA-1,OTI,2,75
CCACGTTGTGTATCTT-1,OTI,2,237
CCACTAAAGAAGGTTA-1,C57BL6,0,0
CCACTAAAGCAAGGGC-1,OTI,1,5
CCACTAAAGCGGGTTT-1,OTI,5,335
CCACTAAAGCTCAGTA-1,OTI,3,228
CCACTAAAGGGGCTTT-1,C57BL6,0,0
CCACTAGCAAGCGTTT-1,OTI,2,13
CCACTAGCAATTACGC-1,C57BL6,0,0
CCACTAGCACGATGGG-1,OTI,1,9
CCACTAGCAGGGCTCT-1,C57BL6,2,7
CCACTAGCAGTGAAAT-1,OTI,3,187
CCACTATTCAAGGGGC-1,OTI,0,0
CCACTATTCAGCATTG-1,C57BL6,0,0
CCACTATTCAGGCCAT-1,C57BL6,0,0
CCACTATTCCACTCCA-1,OTI,4,135
CCACTATTCCATCGCC-1,OTI,1,38
CCACTATTCCGACCCT-1,OTI,2,134
CCACTCATCAATACGT-1,OTI,2,44
CCACTCATCACATCAG-1,OTI,3,48
CCACTCATCACTACCT-1,C57BL6,2,45
CCACTCATCACTCTCG-1,OTI,2,17
CCACTCATCAGCGTAC-1,OTI,5,321
CCACTCATCCAATATA-1,OTI,3,83
CCACTCATCCCATTAC-1,OTI,9,291
CCACTCATCCTGGGTG-1,OTI,7,193
CCACTCATCGGGCCTA-1,OTI,2,29
CCACTCATCGGTGTCG-1,OTI,0,0
CCACTCATCGTAACCA-1,OTI,0,0
CCACTCATCGTTATGG-1,OTI,1,1
CCACTCTCAAACTACC-1,OTI,1,6
CCACTCTCAAGTTGAG-1,C57BL6,0,0
CCACTCTCAATCGGCC-1,OTI,11,574
CCACTCTCACGAACCC-1,OTI,1,90
CCACTCTCAGCAGTAA-1,OTI,0,0
CCACTCTCAGTGGCAG-1,OTI,2,22
CCACTGACAAAAGGCC-1,OTI,8,131
CCACTGACAACCAACT-1,OTI,4,77
CCACTGACAAGGGTTA-1,OTI,5,6
CCACTGACAATCGCAT-1,OTI,0,0
CCACTGACACAAACCT-1,OTI,1,1
CCACTGACACACTTAA-1,OTI,1,7
CCACTGACACATTCAA-1,OTI,0,0
CCACTGACAGTCTGCA-1,C57BL6,0,0
CCACTTGTCACAGGCT-1,OTI,2,87
CCACTTGTCACCATTC-1,OTI,0,0
CCACTTGTCAGTATGT-1,OTI,2,22
CCACTTGTCATGGCCG-1,OTI,1,58
CCACTTGTCCGGGTAT-1,C57BL6,2,59
CCACTTGTCGGACGTT-1,OTI,7,335
CCACTTGTCGGGTCCA-1,C57BL6,1,2
CCACTTTAGGCATACC-1,OTI,2,17
CCAGAACTCAGTTAGT-1,C57BL6,0,0
CCAGAACTCCATTCTA-1,OTI,1,498
CCAGAACTCCCTATTA-1,OTI,2,50
CCAGAACTCGCTTTAC-1,OTI,0,0
CCAGAATGTACCCATC-1,OTI,0,0
CCAGAATGTACTGCAG-1,OTI,11,832
CCAGAATGTAGAATGG-1,OTI,0,0
CCAGAATGTATCGCTC-1,OTI,4,28
CCAGAATGTGCGAATT-1,OTI,1,6
CCAGAATGTGCTTGTC-1,OTI,0,0
CCAGAATGTGTATCTT-1,C57BL6,0,0
CCAGAATGTGTTGCAG-1,OTI,2,118
CCAGACCCAAACATTT-1,OTI,0,0
CCAGACCCAAACGCGG-1,OTI,5,670
CCAGACCCAAGGACAC-1,OTI,4,398
CCAGACCCACATGATC-1,OTI,2,70
CCAGACCCACTTCTCA-1,C57BL6,3,6
CCAGACCCAGTAATCC-1,OTI,3,52
CCAGAGAAGACATGAA-1,OTI,0,0
CCAGAGAAGACCCAAC-1,OTI,1,19
CCAGAGAAGAGGATTA-1,C57BL6,0,0
CCAGAGAAGAGGTAAC-1,OTI,0,0
CCAGAGAAGCTAAGCC-1,OTI,1,8
CCAGAGAAGGCCTGCA-1,OTI,5,221
CCAGAGAAGGTTCAAT-1,OTI,4,45
CCAGAGGCAAAATGAC-1,OTI,4,128
CCAGAGGCAAAGGGGA-1,OTI,5,139
CCAGAGGCAATCATTG-1,OTI,4,47
CCAGAGGCACATTTAG-1,C57BL6,0,0
CCAGATGGTAATTCAG-1,C57BL6,0,0
CCAGATGGTCTAATCT-1,OTI,4,4
CCAGATTCAAGTCCAT-1,OTI,0,0
CCAGATTCAATGTGTC-1,C57BL6,0,0
CCAGATTCACCGTTTC-1,OTI,2,13
CCAGATTCAGCATAGA-1,OTI,4,97
CCAGATTCAGCTGTAT-1,C57BL6,0,0
CCAGATTCAGGATGAC-1,C57BL6,3,3
CCAGATTCAGGCAATA-1,OTI,0,0
CCAGATTCAGTGCGGA-1,OTI,2,5
CCAGATTCAGTTAATT-1,C57BL6,0,0
CCAGCATAGAGCTTAT-1,C57BL6,1,12
CCAGCATAGAGCTTTG-1,OTI,1,9
CCAGCATAGATGTGTT-1,OTI,1,5
CCAGCATAGCCATGAC-1,C57BL6,0,0
CCAGCATAGCGATGAG-1,OTI,3,36
CCAGCATAGCTGGGTT-1,C57BL6,1,1
CCAGCATAGCTGTAAT-1,OTI,1,23
CCAGCATAGGCTTCGG-1,C57BL6,0,0
CCAGCCCGTAGCGGTC-1,C57BL6,1,20
CCAGCCCGTCAACTCC-1,OTI,2,91
CCAGCCCGTCCGTGTT-1,C57BL6,1,1
CCAGCCCGTGCTTCGT-1,OTI,4,16
CCAGCCCGTGTGTGCA-1,OTI,0,0
CCAGCCTTCAAGGTAA-1,OTI,3,51
CCAGCCTTCATCGACA-1,OTI,3,31
CCAGCCTTCCCCTATG-1,OTI,4,268
CCAGCTACAACATACC-1,C57BL6,1,19
CCAGCTACAACCATCG-1,OTI,2,19
CCAGCTACACCTGACA-1,OTI,4,22
CCAGCTACAGCATGGG-1,C57BL6,0,0
CCAGCTCTCAGGCCCA-1,OTI,6,182
CCAGCTCTCATAATGC-1,OTI,0,0
CCAGCTCTCCCCAGCT-1,OTI,1,15
CCAGCTCTCCGACGCA-1,C57BL6,0,0
CCAGCTCTCCTAGTTC-1,OTI,2,140
CCAGCTCTCCTGATTC-1,OTI,0,0
CCAGCTCTCGGAAAGT-1,C57BL6,0,0
CCAGCTCTCGGCCCTT-1,OTI,5,56
CCAGCTCTCGTGTACA-1,OTI,1,25
CCAGCTTGTATAAGCC-1,OTI,3,121
CCAGCTTGTATTGTCT-1,OTI,1,6
CCAGCTTGTCCTAATT-1,OTI,0,0
CCAGCTTGTGTCGCGG-1,OTI,0,0
CCAGGCTCAACGTGCC-1,OTI,3,13
CCAGGCTCAACTCGAT-1,C57BL6,1,10
CCAGGCTCACACTTAA-1,C57BL6,0,0
CCAGGCTCAGTGCGAG-1,OTI,4,444
CCAGGCTCAGTGTGGG-1,OTI,1,1
CCAGGGACAAAGTGCA-1,OTI,1,5
CCAGGGACAACTCCGA-1,OTI,2,62
CCAGGGACAACTGGAA-1,OTI,9,90
CCAGGGACAAGAGGTC-1,OTI,6,289
CCAGGGACAATGCAGA-1,OTI,2,64
CCAGGGACACCAGACC-1,OTI,2,38
CCAGGGACACCTTTCA-1,OTI,4,47
CCAGGGTGTCATCGCT-1,C57BL6,0,0
CCAGGGTGTCCTCATA-1,OTI,0,0
CCAGGGTGTGGTTATA-1,OTI,0,0
CCAGGGTGTGTGTCGA-1,OTI,4,121
CCAGGTAGTAAAGCCT-1,OTI,2,118
CCAGGTAGTACCCATC-1,C57BL6,1,8
CCAGGTAGTAGGCCGT-1,OTI,3,121
CCAGGTAGTAGGGAGT-1,OTI,3,19
CCAGGTAGTCAAGGCC-1,OTI,3,20
CCAGGTAGTCGACTAG-1,OTI,0,0
CCAGGTAGTGCACAGC-1,C57BL6,0,0
CCAGGTTAGCATGCCG-1,C57BL6,0,0
CCAGGTTAGGCGTCCA-1,C57BL6,0,0
CCAGTAATCACGCGTG-1,C57BL6,2,7
CCAGTAATCACTCGCC-1,OTI,2,78
CCAGTAATCAGAGTAA-1,C57BL6,0,0
CCAGTAATCATGCGTA-1,OTI,2,17
CCAGTAATCGCGATGT-1,OTI,5,162
CCAGTAATCGCGTATA-1,OTI,0,0
CCAGTAATCGTATACG-1,OTI,3,46
CCAGTACAGGCCCACA-1,OTI,11,557
CCAGTACAGGTCGCAT-1,OTI,2,69
CCAGTAGGTAACAGGA-1,OTI,4,41
CCAGTAGGTACGGGCT-1,OTI,3,106
CCAGTAGGTACGTGAT-1,OTI,0,0
CCAGTAGGTGCTTGCT-1,OTI,4,205
CCAGTGAGTACTTCTG-1,OTI,1,9
CCAGTGAGTAGCGCGT-1,C57BL6,0,0
CCAGTGAGTATGGAGA-1,C57BL6,0,0
CCAGTGCCAACCCCAA-1,OTI,1,44
CCAGTGCCACTACATA-1,C57BL6,0,0
CCAGTGCCAGCATGGG-1,C57BL6,0,0
CCAGTGCCAGTGCTCA-1,OTI,1,1
CCAGTTCGTAATGTGC-1,OTI,5,40
CCAGTTCGTATCCGCT-1,OTI,2,75
CCAGTTCGTCAATGTA-1,OTI,4,53
CCAGTTCGTGGAACCC-1,C57BL6,0,0
CCATAACCAACAAGAT-1,OTI,0,0
CCATAACCAATGGGCG-1,OTI,1,161
CCATAACCAGGCTTCA-1,C57BL6,1,1
CCATAACCAGTGAGCG-1,OTI,2,52
CCATAAGTCCGATGTA-1,C57BL6,0,0
CCATAAGTCGCCATGG-1,OTI,8,114
CCATAAGTCGCCTTGC-1,OTI,0,0
CCATAATAGAGACATA-1,C57BL6,4,64
CCATAATAGATTATGC-1,OTI,1,3
CCATAATAGCATCACA-1,C57BL6,0,0
CCATAATAGCATGTAT-1,OTI,6,101
CCATAATAGCGCATCG-1,C57BL6,0,0
CCATAATAGCGTTGTA-1,OTI,9,73
CCATAATAGGCAAGCA-1,OTI,2,4
CCATACAAGATCCGAC-1,OTI,0,0
CCATACAAGCAGCGTT-1,OTI,3,91
CCATACAAGCGATTCA-1,OTI,4,123
CCATACAAGGGAATCG-1,C57BL6,0,0
CCATACAAGGTGTATT-1,OTI,4,61
CCATACGCAAAGCTTC-1,C57BL6,0,0
CCATACGCAACAGCCC-1,C57BL6,1,16
CCATACGCAAGTCGCC-1,C57BL6,0,0
CCATACGCAATGCTTA-1,OTI,5,99
CCATACTTCAGCACTA-1,OTI,1,1
CCATACTTCCAAATGT-1,C57BL6,0,0
CCATACTTCCATGCTT-1,OTI,6,297
CCATACTTCGCTCGCT-1,C57BL6,1,1
CCATAGCAGACATCCA-1,OTI,1,12
CCATAGCAGAGCCCAT-1,C57BL6,2,22
CCATAGCAGAGGTATA-1,C57BL6,1,12
CCATAGCAGATTACCG-1,C57BL6,0,0
CCATAGCAGCAAAGCG-1,OTI,3,13
CCATAGCAGCATGTTG-1,C57BL6,1,1
CCATAGCAGCTGACGT-1,OTI,3,397
CCATAGCAGGCGATAG-1,OTI,3,25
CCATAGGGTAAGGGTA-1,OTI,6,201
CCATAGGGTCCGCTTG-1,C57BL6,0,0
CCATAGGGTCCTTGCG-1,OTI,2,105
CCATAGGGTCCTTTAG-1,OTI,3,356
CCATAGGGTGCATAGT-1,OTI,2,19
CCATAGGGTGGAGCAG-1,OTI,9,734
CCATAGGGTGGGACTC-1,OTI,1,3
CCATATCTCAAGCCGT-1,OTI,3,18
CCATATCTCACCCTGC-1,C57BL6,0,0
CCATATCTCATAAGCT-1,OTI,0,0
CCATATCTCATTGTCC-1,OTI,4,385
CCATATCTCCACCAAA-1,OTI,0,0
CCATATCTCCTTCGCA-1,C57BL6,2,23
CCATATCTCGGGCATT-1,C57BL6,0,0
CCATATCTCGGTCAAC-1,C57BL6,0,0
CCATATGAGACGAAGT-1,OTI,1,49
CCATATGAGACTATCG-1,OTI,0,0
CCATATGAGCAAAGTA-1,C57BL6,1,3
CCATATGAGCTACACA-1,OTI,3,80
CCATATTGTAATCTCT-1,OTI,4,303
CCATATTGTCATTCTG-1,OTI,2,14
CCATATTGTCCACGGG-1,OTI,4,36
CCATATTGTCCAGATG-1,OTI,3,122
CCATATTGTCTTCTAG-1,C57BL6,0,0
CCATATTGTGCTCGTT-1,OTI,4,76
CCATATTGTGGGGAAT-1,C57BL6,1,2
CCATCAAAGAAGGTGT-1,C57BL6,0,0
CCATCAAAGACGTTAT-1,C57BL6,1,3
CCATCAAAGATCCTGA-1,OTI,6,594
CCATCAAAGCAATTGT-1,C57BL6,0,0
CCATCAAAGCACGTAC-1,C57BL6,0,0
CCATCAAAGCGCTATA-1,OTI,6,574
CCATCAAAGCTATAAC-1,C57BL6,0,0
CCATCAAAGCTCGTGG-1,C57BL6,0,0
CCATCAAAGGCGAATG-1,OTI,0,0
CCATCATTCACCTCTG-1,C57BL6,0,0
CCATCATTCAGTACAT-1,C57BL6,1,9
CCATCATTCATAATGC-1,OTI,4,56
CCATCATTCATTAATG-1,C57BL6,0,0
CCATCATTCGCGTGTG-1,OTI,4,62
CCATCATTCGGTTGTA-1,OTI,0,0
CCATCCATCACAACGC-1,OTI,1,1
CCATCCATCCAAACCA-1,C57BL6,5,6
CCATCCATCCGAAACC-1,OTI,0,0
CCATCCATCGGTCAAC-1,C57BL6,1,1
CCATCCATCGTGAACC-1,OTI,2,10
CCATCCATCGTGCTCC-1,OTI,1,40
CCATCCATCGTGTAAT-1,OTI,0,0
CCATCCGGTAACCCGA-1,OTI,6,159
CCATCCGGTATGCCTC-1,OTI,2,29
CCATCCGGTGGCAATT-1,OTI,4,5
CCATCCGGTGGGTATT-1,C57BL6,3,35
CCATCGACAACGAAGC-1,OTI,1,6
CCATCGCTCAACCTCT-1,C57BL6,1,23
CCATCGCTCATACTAA-1,OTI,4,1045
CCATCGCTCCGGTCAG-1,OTI,0,0
CCATCGCTCCTTCTAA-1,OTI,6,507
CCATCGCTCGGCTCTC-1,OTI,2,13
CCATCGCTCGGGCTCA-1,C57BL6,3,45
CCATCGCTCGTGTAAT-1,OTI,3,55
CCATCGGAGAACACCC-1,C57BL6,0,0
CCATCGGAGAACGGCA-1,OTI,5,61
CCATCGGAGAATCTGT-1,OTI,2,43
CCATCGGAGATTCGAT-1,OTI,2,244
CCATCGGAGCCTATTC-1,OTI,1,3
CCATCGGAGCTAAACT-1,OTI,1,118
CCATCGGAGGGTAAGT-1,OTI,4,50
CCATCGGAGGGTGAAT-1,OTI,3,128
CCATCGGAGGTGTCGT-1,C57BL6,0,0
CCATCTGTCCAAGACC-1,OTI,6,72
CCATCTGTCCGGCCTT-1,OTI,1,2
CCATCTGTCGTAACTG-1,OTI,3,139
CCATCTGTCGTACTTC-1,C57BL6,0,0
CCATGACAGAGACGCA-1,OTI,2,1187
CCATGACAGAGCAGAT-1,OTI,8,166
CCATGACAGATGGGTG-1,OTI,5,248
CCATGACAGCTGGTCG-1,OTI,3,144
CCATGACAGGGACGAC-1,C57BL6,2,19
CCATGCACAAGGTTTC-1,OTI,0,0
CCATGCACAAGTACTC-1,C57BL6,1,1
CCATGCACACGTAATC-1,OTI,6,66
CCATGCACACGTTCGA-1,OTI,1,22
CCATGCACAGCTACAT-1,OTI,3,243
CCATGCACAGCTTTAA-1,OTI,1,3
CCATGCCTCAGTATTA-1,OTI,0,0
CCATGCCTCCCACTCA-1,OTI,7,388
CCATGCCTCGTTAAGT-1,OTI,1,3
CCATGCGAGAATTCGT-1,OTI,0,0
CCATGCGAGAGAATTG-1,OTI,3,125
CCATGCGAGAGTTTAC-1,OTI,0,0
CCATGCGAGATCGATT-1,OTI,2,94
CCATGCGAGCATTACG-1,OTI,3,87
CCATGCTGTCAACGTG-1,OTI,0,0
CCATGCTGTGGATTTA-1,OTI,1,78
CCATGCTGTGTAGCGC-1,C57BL6,0,0
CCATGGTAGAAGCTAA-1,OTI,3,13
CCATGGTAGCAAGGCA-1,OTI,7,450
CCATGGTAGCCATACA-1,OTI,5,503
CCATGGTAGCCGTATA-1,OTI,6,52
CCATGGTAGGGGAGCT-1,C57BL6,1,2
CCATGGTAGGGGCATA-1,OTI,3,59
CCATGGTAGGTAGCTC-1,OTI,1,35
CCATTAACACTAACGT-1,OTI,0,0
CCATTACTCACAACTG-1,OTI,5,354
CCATTACTCATCTTCA-1,OTI,7,121
CCATTACTCATTCAAA-1,OTI,0,0
CCATTACTCCACCGCT-1,OTI,6,142
CCATTACTCCCGGTTC-1,OTI,6,104
CCATTACTCCTCCTTC-1,OTI,0,0
CCATTACTCGCGTGTG-1,C57BL6,0,0
CCATTAGAGAGGCGTA-1,OTI,2,29
CCATTAGAGCCGCCAA-1,C57BL6,0,0
CCATTAGAGGCCCACA-1,OTI,3,186
CCATTCAGTAGCGTAT-1,OTI,2,126
CCATTCAGTATATGGC-1,C57BL6,0,0
CCATTCAGTCAATGCG-1,OTI,2,108
CCATTCAGTCACGCTT-1,C57BL6,1,4
CCATTCAGTCAGTTGG-1,OTI,0,0
CCATTCAGTGGACCGT-1,OTI,4,46
CCATTCCCAACAACCT-1,OTI,7,9
CCATTCCCAACCATCG-1,C57BL6,0,0
CCATTCCCAACGCACC-1,OTI,2,13
CCATTCCCAGTACTTA-1,OTI,5,174
CCATTCGTCAACTATA-1,OTI,2,79
CCATTCGTCAAGCAAA-1,OTI,5,31
CCATTGAAGACAACGG-1,OTI,4,25
CCATTGAAGACATGCC-1,OTI,1,1
CCATTGAAGAGCCTGT-1,OTI,1,94
CCATTGAAGCGCATTA-1,OTI,6,233
CCATTTCAGACCCTTT-1,OTI,1,109
CCATTTCAGAGGTTAA-1,OTI,0,0
CCATTTCAGATGACGG-1,C57BL6,0,0
CCATTTCAGCATGGTC-1,C57BL6,0,0
CCATTTCAGCCAACCG-1,OTI,4,116
CCATTTCAGCGCATTA-1,C57BL6,0,0
CCATTTCAGCGTCATA-1,OTI,3,36
CCATTTCAGCTTAGCA-1,OTI,0,0
CCATTTCAGGCTAACC-1,OTI,1,56
CCATTTCAGGTAAGGT-1,OTI,2,35
CCATTTCAGGTTGTGC-1,OTI,4,125
CCATTTGGTACTGGAT-1,OTI,3,21
CCATTTGGTATTACAG-1,OTI,2,7
CCATTTGGTATTGAGC-1,OTI,5,56
CCATTTGGTCAGCGGT-1,OTI,0,0
CCATTTGGTCATTCCA-1,C57BL6,3,8
CCATTTGGTCCCTCTC-1,C57BL6,0,0
CCATTTGGTCTAGTGG-1,C57BL6,1,5
CCATTTGGTGTCGCCC-1,OTI,0,0
CCCAAAGGTAGTACGT-1,OTI,4,53
CCCAAAGGTATAAGGG-1,OTI,6,172
CCCAAAGGTCACATGG-1,OTI,4,68
CCCAAAGGTGGTTGAT-1,OTI,3,74
CCCAAATCAAAACCAG-1,C57BL6,0,0
CCCAAATCAAACACTC-1,OTI,2,86
CCCAAATCAAACTCAC-1,OTI,2,155
CCCAAATCAAAGTGCA-1,C57BL6,1,11
CCCAAATCAACTGGGG-1,C57BL6,0,0
CCCAAATCACATATGC-1,OTI,5,485
CCCAACACAACAGCGG-1,C57BL6,1,15
CCCAACACAATTAATC-1,OTI,1,4
CCCAACACACAGTGCC-1,C57BL6,1,1
CCCAACACACCTGACA-1,OTI,3,152
CCCAACACAGTATCAC-1,OTI,8,230
CCCAACACAGTGATTC-1,OTI,0,0
CCCAACCTCAAACCGC-1,OTI,4,58
CCCAACCTCAGTAATC-1,OTI,5,71
CCCAACCTCAGTACGC-1,C57BL6,0,0
CCCAACCTCATAGTCG-1,OTI,3,16
CCCAACCTCCATTGTC-1,OTI,3,43
CCCAACCTCGCATAGC-1,C57BL6,0,0
CCCAACCTCGCGCGTA-1,C57BL6,1,3
CCCAACCTCGTAATCG-1,OTI,2,5
CCCAACGAGAGCGGTA-1,OTI,6,132
CCCAACGAGATCGTAT-1,OTI,5,112
CCCAACGAGATTGCAT-1,OTI,1,4
CCCAACGAGCCATCGG-1,OTI,3,36
CCCAACGAGCTGTATG-1,OTI,2,96
CCCAACGAGGGAATCG-1,OTI,4,505
CCCAAGCCAATAAGTA-1,C57BL6,0,0
CCCAAGCCACGTAACT-1,OTI,2,3
CCCAAGCCACTAGCGC-1,OTI,5,893
CCCAAGCCAGGCTTCA-1,OTI,2,3
CCCAAGCCAGGTGCGA-1,OTI,2,39
CCCAAGCCAGTCTGCA-1,OTI,1,8
CCCAAGCCAGTTCGCA-1,OTI,5,186
CCCAAGTAGAGGGTAT-1,OTI,5,8
CCCAAGTAGATAGGCG-1,OTI,15,407
CCCAAGTAGATGGAGT-1,OTI,2,7
CCCAAGTAGCATTTGG-1,OTI,0,0
CCCAAGTAGCTATGTG-1,OTI,6,88
CCCAAGTAGGGTCTGT-1,OTI,7,225
CCCAATCGTAATCTAG-1,OTI,2,8
CCCAATCGTAGTGCGC-1,OTI,3,453
CCCAATCGTCAGCTCT-1,OTI,3,34
CCCAATCGTGGAGTGG-1,OTI,3,381
CCCAATTTCACACACA-1,C57BL6,1,3
CCCAATTTCACATATA-1,OTI,0,0
CCCAATTTCCTGGCTC-1,OTI,3,88
CCCAATTTCGCAATAT-1,OTI,0,0
CCCACAACAAAATGAC-1,OTI,3,49
CCCACAACAAGTACAG-1,OTI,0,0
CCCACAACAGCAACCC-1,OTI,2,19
CCCACAGAGACTCCAA-1,OTI,5,179
CCCACAGAGAGCCGAA-1,OTI,5,117
CCCACAGAGATACAAG-1,C57BL6,1,12
CCCACAGAGATACCCA-1,OTI,5,134
CCCACAGAGGCTTCGG-1,C57BL6,0,0
CCCACAGAGGGCTAGA-1,C57BL6,1,11
CCCACAGAGGTACGTC-1,OTI,0,0
CCCACAGAGGTATGTT-1,OTI,0,0
CCCACGAAGACCCAAC-1,OTI,1,16
CCCACGAAGACCCCAG-1,OTI,2,22
CCCACGAAGCATGGTC-1,OTI,6,336
CCCACGAAGCCAGAGA-1,OTI,4,27
CCCACGAAGCGGGTTT-1,OTI,0,0
CCCACGAAGCTGCAAC-1,OTI,7,99
CCCACGAAGGCTAGAG-1,C57BL6,0,0
CCCACGAAGGGCTAGA-1,OTI,0,0
CCCACGTTCACTGCAA-1,C57BL6,1,4
CCCACGTTCCATACCT-1,OTI,2,129
CCCACGTTCGCTCTCA-1,C57BL6,0,0
CCCACGTTCGGGTTAC-1,OTI,3,19
CCCACGTTCGTCGTAA-1,OTI,5,52
CCCACGTTCGTCTCGC-1,OTI,6,91
CCCACGTTCGTTACCT-1,OTI,1,97
CCCACTATCACGGTTA-1,OTI,3,51
CCCACTATCAGTAATC-1,OTI,8,286
CCCACTATCCCTTTAA-1,OTI,0,0
CCCACTATCGCTTCCA-1,OTI,6,184
CCCAGACCAAACTACC-1,C57BL6,0,0
CCCAGACCAAAGTTCC-1,OTI,3,138
CCCAGACCAACCTCTC-1,C57BL6,0,0
CCCAGACCAATGCCGC-1,C57BL6,1,1
CCCAGACCACAGCATT-1,OTI,1,142
CCCAGACCACTAATCA-1,C57BL6,1,5
CCCAGACCAGTCAAGA-1,C57BL6,0,0
CCCAGACCAGTCTTCC-1,C57BL6,1,8
CCCAGCAAGAAAGCTA-1,C57BL6,1,6
CCCAGCAAGACCAGGA-1,OTI,0,0
CCCAGCAAGACCCCGA-1,OTI,4,1200
CCCAGCAAGATTACGT-1,OTI,6,128
CCCAGCAAGCATGCCG-1,C57BL6,5,10
CCCAGCAAGCGAACAG-1,OTI,6,359
CCCAGCAAGCGCCACA-1,OTI,1,49
CCCAGCAAGCGTACGT-1,OTI,2,15
CCCAGCAAGCTAACAT-1,OTI,5,503
CCCAGCTTCAAACTTA-1,OTI,0,0
CCCAGCTTCCCTGCAC-1,OTI,1,9
CCCAGCTTCCTCGCAC-1,C57BL6,0,0
CCCAGCTTCGCTTCAT-1,C57BL6,0,0
CCCAGCTTCGGTGTTA-1,C57BL6,0,0
CCCAGTACAAGTCTTA-1,OTI,4,110
CCCAGTACACCGCTAA-1,C57BL6,0,0
CCCAGTACACCGGTTA-1,OTI,3,158
CCCAGTACACTCCACT-1,OTI,3,166
CCCAGTACACTCCGAA-1,OTI,6,163
CCCAGTACACTCGGGT-1,OTI,0,0
CCCATAGCAAGGTTAG-1,OTI,4,204
CCCATAGCACACCGTA-1,OTI,3,12
CCCATAGCACAGTAAG-1,OTI,3,325
CCCATAGCACGAACCC-1,OTI,0,0
CCCATAGCAGTAGCCC-1,OTI,0,0
CCCATGCTCAACCCTT-1,OTI,5,190
CCCATGCTCACGCCCT-1,OTI,7,83
CCCATGCTCCAATTCC-1,C57BL6,0,0
CCCATGCTCCATAACG-1,C57BL6,0,0
CCCATGCTCCCATTAC-1,OTI,2,50
CCCATGCTCCTCTCGA-1,OTI,0,0
CCCATGCTCCTTGTCG-1,OTI,0,0
CCCATGCTCGTGACGT-1,C57BL6,0,0
CCCATGGAGACGTGTC-1,OTI,3,12
CCCATGGAGAGTATAG-1,OTI,2,35
CCCATGGAGATGACGG-1,C57BL6,1,8
CCCATGGAGCCAGCAT-1,OTI,4,60
CCCATGGAGCGCCCAA-1,C57BL6,3,87
CCCATGGAGCGCTATA-1,OTI,1,23
CCCATGGAGGGGAATT-1,OTI,0,0
CCCATGGAGGTCCAAC-1,OTI,6,294
CCCATGTGTGGACTAT-1,C57BL6,0,0
CCCATTCCAATGTCCG-1,OTI,6,417
CCCATTCCACCACTAG-1,OTI,2,59
CCCATTCCACTCTCCG-1,C57BL6,0,0
CCCATTGTCAAATCAC-1,OTI,0,0
CCCATTGTCAAGCTCA-1,OTI,2,7
CCCATTGTCGCGAAAG-1,OTI,2,7
CCCATTGTCGGGTCAT-1,OTI,2,56
CCCATTTAGAATGGGT-1,OTI,15,320
CCCATTTAGATCGTAT-1,C57BL6,0,0
CCCATTTAGCACTAGC-1,OTI,0,0
CCCATTTAGCACTGTA-1,C57BL6,1,45
CCCATTTAGCTCGTAA-1,OTI,1,34
CCCATTTAGGCGGTTT-1,OTI,1,65
CCCATTTAGGGGAGCT-1,OTI,4,52
CCCTAAGCACCTAGAT-1,OTI,6,192
CCCTAATTCAGGCACT-1,OTI,5,192
CCCTAATTCCAGGTGT-1,C57BL6,0,0
CCCTAATTCCCTGATT-1,OTI,1,8
CCCTAATTCCGCTACC-1,C57BL6,0,0
CCCTAATTCGGTGCAT-1,C57BL6,1,1
CCCTAATTCGTTGCCC-1,OTI,1,22
CCCTAGACAATTCGTA-1,OTI,4,178
CCCTAGACACAAGTCT-1,OTI,1,9
CCCTAGACACAGTTTA-1,OTI,1,7
CCCTAGCTCACCATCT-1,OTI,1,16
CCCTAGCTCACGACTA-1,OTI,1,1
CCCTAGCTCCGAACAC-1,OTI,1,10
CCCTAGCTCCTGGGTG-1,OTI,4,55
CCCTAGCTCGGGCCTA-1,OTI,5,216
CCCTAGGAGAAAGCCG-1,OTI,2,64
CCCTAGGAGAAGGTTA-1,OTI,5,37
CCCTAGGAGCACCAAC-1,OTI,2,68
CCCTAGGAGCATGGTC-1,OTI,0,0
CCCTAGGAGCGTATTG-1,OTI,0,0
CCCTAGGAGCTCGTTT-1,C57BL6,1,8
CCCTAGGAGCTGACCG-1,OTI,4,94
CCCTAGGAGGGCGAAC-1,OTI,1,17
CCCTAGTGTAATCGCG-1,OTI,2,122
CCCTAGTGTACGCCGG-1,OTI,5,11
CCCTAGTGTAGGGCGA-1,C57BL6,0,0
CCCTAGTGTCATACGG-1,OTI,0,0
CCCTAGTGTCCCATGT-1,C57BL6,3,29
CCCTAGTGTCCTGTCG-1,OTI,3,171
CCCTAGTGTCGCGTGG-1,C57BL6,0,0
CCCTAGTGTGCCATAG-1,OTI,9,226
CCCTATCCAAAGGCAC-1,C57BL6,0,0
CCCTATCCAACAGAAT-1,OTI,1,7
CCCTATCCACCGGAAG-1,OTI,3,3
CCCTATCCAGTGATAG-1,OTI,3,77
CCCTATGTCAGTTAGT-1,OTI,2,17
CCCTATGTCATCTCCG-1,OTI,4,221
CCCTATGTCCCAACTT-1,OTI,1,1
CCCTATGTCCTTCAAC-1,OTI,1,7
CCCTATGTCGTATCGA-1,OTI,2,17
CCCTCATCAATTCGAC-1,C57BL6,0,0
CCCTCATCAGCGTGTC-1,OTI,2,19
CCCTCATCAGGAGTCG-1,OTI,1,6
CCCTCATCAGTCAACT-1,OTI,4,167
CCCTCTCGTAAATCTG-1,OTI,3,36
CCCTCTCGTAACCCCT-1,OTI,1,5
CCCTCTCGTAAGCCCA-1,OTI,4,77
CCCTCTCGTACGTGCA-1,OTI,1,103
CCCTCTCGTAGACGTT-1,C57BL6,0,0
CCCTCTCGTCCAGGTA-1,OTI,5,114
CCCTCTCGTGCGAATT-1,C57BL6,1,7
CCCTGAACAAGTCATC-1,C57BL6,0,0
CCCTGAACAATTAAGA-1,OTI,0,0
CCCTGAACACGTAGCC-1,OTI,2,17
CCCTGAACAGGTCGTC-1,C57BL6,0,0
CCCTGATGTAACGTCG-1,C57BL6,0,0
CCCTGATGTATCACGG-1,OTI,1,37
CCCTGATGTATGGCGC-1,OTI,3,20
CCCTGATGTCTAACTT-1,C57BL6,0,0
CCCTGATGTCTATTCG-1,OTI,0,0
CCCTGGAAGAGGACAT-1,OTI,1,2
CCCTGGAAGCAAGCCT-1,OTI,3,467
CCCTGGAAGCCTCGAG-1,OTI,6,167
CCCTGTGGTATGTACA-1,C57BL6,0,0
CCCTGTGGTCGAGTCA-1,C57BL6,0,0
CCCTGTGGTCTCTAAT-1,OTI,2,468
CCCTTACCAACTGAAG-1,OTI,0,0
CCCTTACCAAGTCTCG-1,C57BL6,0,0
CCCTTACCAATGCGGG-1,C57BL6,1,6
CCCTTACCAGCGCTAC-1,OTI,2,352
CCCTTACCAGTAATCC-1,OTI,0,0
CCCTTAGTCAATTCCC-1,OTI,1,565
CCCTTAGTCGTCTCGC-1,OTI,1,1
CCCTTATAGCGTTCCC-1,OTI,5,116
CCCTTATAGCTCGTTT-1,OTI,1,11
CCCTTCGCACAACGCC-1,C57BL6,1,15
CCCTTCGCACCAGGCT-1,OTI,2,56
CCCTTCGCACTCGGGT-1,OTI,1,12
CCCTTCGCAGCAGGAT-1,OTI,3,69
CCCTTGCAGAAAGTGC-1,C57BL6,0,0
CCCTTGCAGAGGGGCT-1,OTI,0,0
CCCTTGCAGAGTTGGG-1,C57BL6,2,17
CCCTTGCAGATAGCGG-1,C57BL6,0,0
CCCTTGCAGCATGCCG-1,OTI,0,0
CCCTTGCAGGCAATTT-1,OTI,1,14
CCCTTGCAGGGACATG-1,OTI,0,0
CCCTTGGGTAAGCCCA-1,OTI,4,52
CCCTTGGGTATCAATG-1,OTI,3,61
CCCTTGGGTGGATCGC-1,OTI,9,126
CCCTTGGGTGGCTTTC-1,OTI,3,147
CCCTTGGGTGTTGCAG-1,OTI,3,84
CCCTTTACAAATTAAG-1,C57BL6,3,25
CCCTTTACACCAGGGA-1,C57BL6,0,0
CCCTTTACACTATGGT-1,OTI,2,202
CCCTTTACACTTAGTA-1,OTI,4,198
CCCTTTACAGTCTCGA-1,OTI,0,0
CCCTTTGAGAAACGTA-1,OTI,1,71
CCCTTTGAGATCGGAG-1,OTI,1,6
CCCTTTGAGATCGTTG-1,C57BL6,1,2
CCCTTTGAGATGCGGA-1,OTI,2,153
CCCTTTGAGCAGCTGT-1,OTI,2,216
CCCTTTGAGCCTGATA-1,C57BL6,2,9
CCCTTTGAGGCTCAGT-1,C57BL6,0,0
CCGAAACTCAAATTGC-1,OTI,4,24
CCGAAACTCAACACGC-1,C57BL6,5,17
CCGAAACTCAACGAAA-1,OTI,4,39
CCGAAACTCACATACG-1,OTI,0,0
CCGAAACTCCACAAGC-1,OTI,3,42
CCGAAACTCCCTTCCT-1,OTI,0,0
CCGAAACTCGGGCTAT-1,OTI,9,315
CCGAAACTCGTTCATC-1,C57BL6,1,16
CCGAAATGTACAGCAT-1,C57BL6,0,0
CCGAAATGTAGTGTTA-1,OTI,2,6
CCGAAATGTCGACTAG-1,OTI,1,9
CCGAAATGTCGCGTGG-1,OTI,5,593
CCGAAATGTCTTGGTC-1,OTI,0,0
CCGAAATGTGCGATGC-1,OTI,5,87
CCGAAATGTGGTATTA-1,OTI,4,28
CCGAAATGTGTAAAGG-1,OTI,4,69
CCGAATATCAAGTCGC-1,OTI,1,5
CCGAATATCATAACAC-1,OTI,0,0
CCGAATATCCATGGCG-1,OTI,3,16
CCGAATATCGCTTCGC-1,OTI,1,6
CCGAATATCGCTTTAC-1,C57BL6,1,6
CCGAATATCGTAGCAC-1,C57BL6,0,0
CCGAATGGTATAGTCA-1,C57BL6,1,5
CCGAATGGTCAAAGCT-1,OTI,0,0
CCGAATTCAAACGGGT-1,C57BL6,1,13
CCGAATTCAAGAGGGA-1,C57BL6,0,0
CCGAATTCAATATTAC-1,C57BL6,9,24
CCGAATTCACAGTCCA-1,C57BL6,0,0
CCGAATTCACGTCTAG-1,OTI,1,12
CCGAATTCACTTCATT-1,C57BL6,1,5
CCGAATTCAGCCTCTT-1,OTI,3,176
CCGAATTCAGCGGGTA-1,OTI,6,181
CCGACAAGTAAGTGTC-1,OTI,4,108
CCGACAAGTATCCGTC-1,OTI,1,2
CCGACAAGTCAATATG-1,OTI,4,483
CCGACAAGTCATTCTG-1,OTI,5,367
CCGACAAGTGCAATCG-1,OTI,3,24
CCGACAAGTGCACAGC-1,OTI,7,331
CCGACACCAAAAGTTA-1,OTI,0,0
CCGACACCAACTGCCA-1,OTI,0,0
CCGACACCAAGGGGAA-1,C57BL6,7,89
CCGACACCAATCACGT-1,C57BL6,0,0
CCGACACCACCCTGAA-1,C57BL6,0,0
CCGACATAGAAGTAGC-1,C57BL6,0,0
CCGACATAGACCCGCA-1,C57BL6,1,19
CCGACATAGACCCGTG-1,OTI,1,9
CCGACATAGAGCCCAT-1,OTI,2,164
CCGACATAGCATAACT-1,OTI,4,13
CCGACATAGGGAGGTC-1,OTI,7,80
CCGACATAGGTGTATT-1,OTI,2,36
CCGACTACAAGCTTTA-1,C57BL6,0,0
CCGACTACAAGGACCG-1,OTI,4,138
CCGACTACACTATTCT-1,C57BL6,0,0
CCGACTACAGCCAAGG-1,OTI,2,356
CCGACTACAGCGCATC-1,OTI,9,300
CCGACTACAGTACTTA-1,OTI,2,108
CCGACTCTCACCCAAA-1,C57BL6,0,0
CCGACTCTCAGCAATT-1,OTI,2,299
CCGACTCTCAGTACGC-1,OTI,0,0
CCGACTCTCAGTTGGC-1,C57BL6,0,0
CCGACTCTCGCATCAA-1,C57BL6,0,0
CCGACTCTCGCGTCGA-1,OTI,4,135
CCGACTCTCGGAAGCA-1,C57BL6,0,0
CCGACTCTCGGACGTT-1,OTI,4,40
CCGATACAGAAACGGT-1,OTI,2,9
CCGATACAGGCTCACG-1,C57BL6,0,0
CCGATACAGGCTTGTA-1,OTI,3,367
CCGATACAGGTTGCCG-1,OTI,0,0
CCGATAGGTAATGGTC-1,OTI,3,267
CCGATAGGTACTACTT-1,OTI,4,1195
CCGATAGGTAGCTGGC-1,C57BL6,1,3
CCGATAGGTAGGCAGG-1,OTI,3,94
CCGATAGGTCATAAGC-1,OTI,10,327
CCGATAGGTCGGATAT-1,OTI,4,361
CCGATAGGTGCCTGCC-1,OTI,1,2
CCGATAGGTGCGCCTC-1,OTI,5,50
CCGATAGGTGCGGAGA-1,C57BL6,0,0
CCGATTAAGATCCGAC-1,OTI,5,141
CCGATTAAGCAGCCCA-1,C57BL6,1,1
CCGATTAAGCTCATAG-1,OTI,1,21
CCGATTAAGCTGTATG-1,OTI,2,18
CCGCAATAGAGCGTGA-1,OTI,3,191
CCGCAATAGAGGATTA-1,OTI,5,113
CCGCAATAGCAAGGGC-1,OTI,4,62
CCGCAATAGCGATTCA-1,OTI,5,62
CCGCAATAGCTCGTAA-1,OTI,2,11
CCGCACAAGAAAGTCA-1,C57BL6,1,5
CCGCACAAGACATTCG-1,C57BL6,1,5
CCGCACAAGACCTTTC-1,OTI,2,79
CCGCACAAGATGAGGT-1,C57BL6,1,28
CCGCACAAGATGGGAT-1,OTI,2,38
CCGCACAAGCATGTCA-1,OTI,2,38
CCGCACAAGCGACAAG-1,OTI,1,1
CCGCACAAGCGGCCTA-1,OTI,4,226
CCGCACAAGCTAAGCC-1,C57BL6,0,0
CCGCACAAGGCTCAGT-1,OTI,3,104
CCGCACAAGGTCTATG-1,OTI,3,4
CCGCACTTCAGAAGTA-1,C57BL6,0,0
CCGCACTTCCCACAGG-1,OTI,3,19
CCGCACTTCCCTTTGG-1,OTI,2,11
CCGCACTTCCGTCTAT-1,OTI,2,308
CCGCACTTCGTTAGCA-1,OTI,1,201
CCGCAGTCAACACAAG-1,OTI,5,499
CCGCAGTCACCGAATT-1,OTI,0,0
CCGCATACAAACACCT-1,OTI,0,0
CCGCATACAACCCGTA-1,OTI,10,385
CCGCATACAATCCGCA-1,OTI,6,281
CCGCATACACCCATAG-1,OTI,6,51
CCGCATACACTAAGCT-1,OTI,2,416
CCGCATACAGCCTTTC-1,OTI,0,0
CCGCATCTCAAAGCAA-1,OTI,5,51
CCGCATCTCAAGTCGC-1,C57BL6,0,0
CCGCATCTCCCGGGTA-1,OTI,0,0
CCGCATCTCCGACGCA-1,C57BL6,0,0
CCGCATCTCGTTAAGT-1,OTI,8,72
CCGCATTGTGCACAGC-1,OTI,1,110
CCGCATTGTGGCTAAT-1,OTI,7,369
CCGCCAAAGATCACAT-1,OTI,4,41
CCGCCAAAGCACAATT-1,OTI,7,89
CCGCCAAAGCGCATCG-1,OTI,5,61
CCGCCAAAGCGTTACA-1,C57BL6,0,0
CCGCCAAAGGGGTAGC-1,OTI,3,36
CCGCCATTCACATGTG-1,C57BL6,1,36
CCGCCATTCAGTACTG-1,C57BL6,0,0
CCGCCATTCCAGCTAA-1,OTI,10,210
CCGCCATTCCCAGCCT-1,C57BL6,0,0
CCGCCATTCCCTGACC-1,OTI,6,184
CCGCCATTCCTGTCGC-1,C57BL6,1,13
CCGCCATTCGTACGTA-1,C57BL6,1,1
CCGCCGTGTCAATTTC-1,OTI,10,356
CCGCCGTGTCCAGTAG-1,C57BL6,0,0
CCGCCGTGTCCTTCGG-1,OTI,1,5
CCGCCGTGTCGACTCT-1,OTI,0,0
CCGCCGTGTGTCTATT-1,C57BL6,2,140
CCGCCTAGTACAGGTT-1,OTI,1,70
CCGCCTAGTAGAGAAT-1,C57BL6,2,8
CCGCCTAGTATCTGTT-1,OTI,0,0
CCGCCTAGTCCGAATG-1,OTI,1,2
CCGCCTAGTCGATAGT-1,C57BL6,0,0
CCGCCTAGTGCGCTGG-1,OTI,6,588
CCGCCTAGTGTCCCGC-1,C57BL6,0,0
CCGCGTAAGAGGCGGT-1,OTI,1,45
CCGCGTAAGCGATTCA-1,OTI,3,296
CCGCGTTTCACTTGTC-1,C57BL6,1,2
CCGCGTTTCCGGAATC-1,OTI,3,165
CCGCGTTTCGCGGCTA-1,OTI,1,1
CCGCGTTTCGTGTTGA-1,OTI,3,55
CCGCTAACAAAGCTCT-1,C57BL6,4,4
CCGCTAACAACGAACA-1,C57BL6,0,0
CCGCTAACAAGTAACG-1,OTI,3,81
CCGCTAACAATTAATC-1,C57BL6,0,0
CCGCTAACACACAGAA-1,OTI,1,17
CCGCTAACACATTCCC-1,C57BL6,1,1
CCGCTAACACTAAGTC-1,OTI,4,65
CCGCTAACACTACGCA-1,C57BL6,2,4
CCGCTAACACTATGGT-1,OTI,5,28
CCGCTAACAGCTAGGG-1,C57BL6,0,0
CCGCTAACAGGTATCT-1,OTI,0,0
CCGCTAACAGTGACCC-1,OTI,4,25
CCGCTAGAGAGGCACA-1,OTI,4,93
CCGCTAGAGCGCATTA-1,OTI,0,0
CCGCTAGAGGCGCTCA-1,C57BL6,0,0
CCGCTAGAGGTCACGT-1,C57BL6,0,0
CCGCTATGTATCTGTT-1,C57BL6,0,0
CCGCTATGTCAAGTTA-1,OTI,2,49
CCGCTATGTCCAGGTA-1,OTI,5,64
CCGCTATGTCGAGCGT-1,C57BL6,0,0
CCGCTATGTGGGGTAG-1,OTI,0,0
CCGCTGAAGACGTCCG-1,C57BL6,0,0
CCGCTGAAGATTGGTT-1,OTI,5,107
CCGCTGAAGCACAGCT-1,OTI,2,45
CCGCTGAAGCACCTCC-1,OTI,3,137
CCGCTGAAGCAGGGAC-1,OTI,0,0
CCGCTGAAGCGTCTCC-1,C57BL6,1,9
CCGCTGAAGCTATTGG-1,OTI,4,400
CCGCTGAAGGTATATC-1,OTI,2,324
CCGCTGTTCACAGCGT-1,C57BL6,0,0
CCGCTGTTCACTGTCT-1,OTI,1,49
CCGCTGTTCAGTGCTA-1,C57BL6,0,0
CCGCTGTTCATGTAAC-1,OTI,0,0
CCGCTGTTCCTAAAGT-1,OTI,0,0
CCGCTGTTCGCTATCT-1,OTI,1,43
CCGCTGTTCGGCCCTT-1,C57BL6,0,0
CCGCTGTTCGGGCTAT-1,OTI,1,10
CCGCTGTTCGTTATAA-1,OTI,2,37
CCGCTTATCACTCGCC-1,OTI,5,415
CCGCTTATCCAATTAA-1,OTI,8,261
CCGCTTATCCCTAGTT-1,C57BL6,0,0
CCGCTTGGTAGGATAG-1,OTI,1,171
CCGCTTGGTATGAAGG-1,OTI,2,16
CCGCTTGGTCAGGTGC-1,OTI,4,413
CCGCTTGGTGCTATGG-1,C57BL6,0,0
CCGCTTGGTGGATCGC-1,OTI,5,122
CCGCTTGGTGGCACGT-1,OTI,2,11
CCGCTTGGTGGTACTG-1,OTI,5,212
CCGCTTGGTGTGCCGG-1,C57BL6,1,1
CCGGAAGCAAAGCCGG-1,C57BL6,0,0
CCGGAAGCAATAGTAA-1,OTI,3,50
CCGGAAGCAGCTAAAG-1,OTI,8,101
CCGGAAGCAGGGCTAG-1,C57BL6,0,0
CCGGACTCAAGCAGTA-1,C57BL6,1,6
CCGGACTCAATAGGCA-1,OTI,2,49
CCGGACTCAGTGAGGT-1,C57BL6,0,0
CCGGATTAGCAAACCC-1,OTI,3,148
CCGGATTAGCAATCCA-1,OTI,1,81
CCGGATTAGCCACTAA-1,OTI,1,35
CCGGCAATCCAGTATG-1,OTI,3,106
CCGGCAATCCGCTTGC-1,OTI,3,515
CCGGCAATCCTCCGGT-1,OTI,5,98
CCGGCCTGTAGGTATC-1,C57BL6,0,0
CCGGCCTGTCAAGTTA-1,OTI,2,250
CCGGCCTGTCCATATT-1,OTI,9,525
CCGGCCTGTCCGTAAG-1,OTI,3,33
CCGGCCTGTCGCCATT-1,OTI,4,254
CCGGCCTGTCTGCAAG-1,OTI,2,14
CCGGCCTGTGCTTCTA-1,OTI,1,12
CCGGCCTGTGTCCATC-1,OTI,7,162
CCGGCTTTCAAACCTG-1,C57BL6,0,0
CCGGCTTTCAAATCCG-1,OTI,4,180
CCGGCTTTCAAGCAAA-1,C57BL6,0,0
CCGGCTTTCACACAAT-1,OTI,2,26
CCGGCTTTCACGCTCC-1,OTI,2,61
CCGGCTTTCACTCTCG-1,OTI,0,0
CCGGCTTTCCTCCGAC-1,C57BL6,1,8
CCGGGTATCCCTATGT-1,OTI,1,8
CCGGGTATCCGGGTCA-1,OTI,0,0
CCGGGTATCGGACCTG-1,OTI,4,228
CCGGGTATCGGGCATT-1,OTI,2,170
CCGGGTATCGTGTCAA-1,OTI,1,1
CCGGTAAGTACGGATT-1,C57BL6,0,0
CCGGTAAGTACTACCC-1,C57BL6,1,19
CCGGTAAGTCCGGTAA-1,OTI,1,28
CCGGTAAGTCCTTGTA-1,C57BL6,3,7
CCGGTAAGTGTACCCT-1,OTI,1,7
CCGGTATAGAAACTAG-1,C57BL6,0,0
CCGGTATAGACATTCG-1,OTI,2,25
CCGGTATAGACGACGA-1,OTI,1,183
CCGGTATAGACGGGGT-1,OTI,4,259
CCGGTATAGAGGAGTT-1,OTI,0,0
CCGGTATAGATGGGAT-1,C57BL6,0,0
CCGGTATAGCATGCCG-1,C57BL6,1,10
CCGGTATAGCCTTAGA-1,OTI,3,607
CCGGTATAGCGCACAT-1,C57BL6,2,11
CCGGTATAGCTGACCG-1,OTI,2,44
CCGGTATAGCTGCAGT-1,C57BL6,2,12
CCGGTATAGCTTCTAC-1,OTI,4,718
CCGGTTACAAAGCATG-1,C57BL6,1,8
CCGGTTACAAGGTAAT-1,C57BL6,7,16
CCGGTTACAATAGCGA-1,OTI,0,0
CCGGTTACACATTCCC-1,OTI,2,2
CCGGTTACACGTAATC-1,C57BL6,0,0
CCGGTTACACGTAGGG-1,C57BL6,0,0
CCGGTTACAGGGTTAA-1,OTI,4,94
CCGGTTACAGTTAATT-1,OTI,6,89
CCGGTTCTCAACCCAA-1,OTI,0,0
CCGGTTCTCCCATCGC-1,C57BL6,0,0
CCGTAAATCATGGCGT-1,OTI,4,41
CCGTAAATCCTAGGGT-1,C57BL6,0,0
CCGTAACAGAAGTAGC-1,OTI,0,0
CCGTAACAGACGGAGC-1,OTI,5,80
CCGTAACAGACGTGTC-1,OTI,5,63
CCGTAACAGAGACGAT-1,C57BL6,1,67
CCGTAACAGATACCAT-1,OTI,6,6
CCGTAACAGGGCGGAT-1,OTI,4,36
CCGTAACAGGGGTGTA-1,OTI,1,4
CCGTAAGGTAACCGTG-1,C57BL6,0,0
CCGTAAGGTATCGTGG-1,OTI,7,172
CCGTAAGGTCCATTTG-1,OTI,0,0
CCGTAAGGTCGTTAAA-1,OTI,6,756
CCGTAAGGTCTATGGG-1,C57BL6,0,0
CCGTAAGGTCTGCATC-1,C57BL6,2,12
CCGTAATCAACTTACA-1,OTI,3,16
CCGTAATCACCAGTGC-1,OTI,3,510
CCGTAATCACGACGGA-1,OTI,0,0
CCGTAATCACGGTGTC-1,OTI,3,25
CCGTACACAATTGTAT-1,OTI,4,43
CCGTACACACAACGCC-1,OTI,5,64
CCGTACACACATCTCC-1,C57BL6,0,0
CCGTACACACCTAACG-1,OTI,1,6
CCGTACACAGCAGGAT-1,C57BL6,0,0
CCGTAGTAGATTGCAT-1,OTI,10,396
CCGTAGTAGGTCTCCC-1,OTI,5,121
CCGTATAAGATCAGGG-1,OTI,2,33
CCGTATAAGCATCGAC-1,OTI,0,0
CCGTATAAGCGAAGCA-1,OTI,6,185
CCGTATAAGCTAGCGT-1,OTI,2,8
CCGTATAAGCTCACCC-1,OTI,1,250
CCGTATAAGGGAGATT-1,C57BL6,0,0
CCGTATAAGGGGATCA-1,OTI,0,0
CCGTATAAGGTTATCG-1,C57BL6,0,0
CCGTCAACAAGGCACG-1,C57BL6,3,96
CCGTCAACACGAGTAA-1,OTI,3,417
CCGTCAACACTCCACT-1,C57BL6,0,0
CCGTCAACAGCCTTAG-1,OTI,3,68
CCGTCAACAGGCGGTA-1,OTI,4,130
CCGTCAACAGTATTAT-1,C57BL6,1,3
CCGTCAACAGTGCGAG-1,OTI,0,0
CCGTCAACAGTTCACG-1,C57BL6,0,0
CCGTCAGAGAGGAGTT-1,OTI,0,0
CCGTCAGAGATTAAGG-1,OTI,1,1
CCGTCAGAGCTACTGA-1,C57BL6,0,0
CCGTCCAGTACGGGTC-1,OTI,4,120
CCGTCCAGTACTTGGG-1,OTI,3,30
CCGTCCAGTAGTCGCA-1,OTI,5,97
CCGTCCAGTAGTGAGA-1,OTI,4,442
CCGTCCAGTCTCCTGG-1,OTI,3,534
CCGTCCAGTCTGACTC-1,C57BL6,1,1
CCGTCCAGTGCCTGGG-1,OTI,4,96
CCGTCCAGTGGGAGAT-1,C57BL6,1,9
CCGTCCAGTGGTAGTT-1,OTI,4,56
CCGTCCAGTGTTCTAT-1,OTI,6,362
CCGTCGAAGCTCAGTA-1,C57BL6,2,14
CCGTCGAAGCTGCAGT-1,OTI,8,670
CCGTCGCGTAAGTGCT-1,OTI,6,150
CCGTCGCGTACCCGTT-1,C57BL6,4,8
CCGTCGCGTGGAATTC-1,C57BL6,0,0
CCGTCGCGTGGGGATG-1,OTI,1,20
CCGTCGCGTGGTGCGT-1,C57BL6,1,4
CCGTCGCGTGTAACGT-1,C57BL6,0,0
CCGTCGCGTGTCCCCA-1,OTI,7,113
CCGTCGCGTGTGCCCC-1,C57BL6,1,5
CCGTCTATCAAAGCAA-1,OTI,2,17
CCGTCTATCAGACATT-1,C57BL6,0,0
CCGTCTATCCCAAATG-1,OTI,7,303
CCGTCTATCCTAACTC-1,OTI,5,176
CCGTCTATCGTTAAGT-1,OTI,3,137
CCGTCTATCGTTCTAC-1,OTI,2,15
CCGTCTGGTAAGGTAG-1,OTI,1,1
CCGTCTGGTCAGGTTG-1,C57BL6,0,0
CCGTCTGGTCGGAATT-1,OTI,2,71
CCGTCTGGTCTTCTCT-1,OTI,3,43
CCGTCTGGTGCGTAGC-1,C57BL6,1,8
CCGTCTGGTGGACGCT-1,C57BL6,2,22
CCGTCTGGTGGCAAGG-1,OTI,6,107
CCGTCTGGTGGCGTGT-1,C57BL6,2,31
CCGTCTGGTGTCTATT-1,C57BL6,0,0
CCGTGATAGAGTACGG-1,C57BL6,0,0
CCGTGATAGCAAGGCA-1,OTI,6,103
CCGTGTCTCACGGTGT-1,OTI,5,46
CCGTGTCTCACTGTTC-1,C57BL6,1,2
CCGTGTCTCATGCAAT-1,OTI,4,426
CCGTGTCTCCAAGACC-1,OTI,1,2
CCGTGTCTCCTCAGGG-1,OTI,7,96
CCGTGTCTCGCTATCT-1,OTI,6,464
CCGTGTTGTAATGTGC-1,OTI,3,106
CCGTGTTGTACAAGTC-1,C57BL6,0,0
CCGTGTTGTACGGTGC-1,OTI,4,94
CCGTGTTGTAGTCTGG-1,OTI,2,14
CCGTGTTGTATTGCCC-1,OTI,3,93
CCGTGTTGTCTCGAAG-1,OTI,1,6
CCGTGTTGTGCCATAG-1,C57BL6,0,0
CCGTTAAAGCAATTAC-1,C57BL6,0,0
CCGTTAAAGCTCTGAA-1,OTI,3,21
CCGTTAAAGGCGTGAA-1,OTI,3,147
CCGTTAAAGGTAATGA-1,C57BL6,0,0
CCGTTAGCAAACCACT-1,C57BL6,0,0
CCGTTAGCAAAGTCTC-1,C57BL6,0,0
CCGTTAGCACCAGGGA-1,OTI,2,38
CCGTTAGCACTCGACA-1,OTI,1,1
CCGTTAGCACTCGGGT-1,C57BL6,0,0
CCGTTAGCAGCCTTTC-1,OTI,5,37
CCGTTGGAGCATTCAG-1,OTI,1,75
CCGTTGGAGGCAATTT-1,OTI,5,155
CCGTTGGAGGCACCCA-1,OTI,3,240
CCGTTGGAGGTCGCAT-1,C57BL6,0,0
CCGTTGTGTCCTCTCC-1,OTI,2,242
CCGTTGTGTCTATCGC-1,OTI,3,62
CCGTTGTGTGCTTCCG-1,C57BL6,1,9
CCGTTTAGTATGCGCA-1,C57BL6,0,0
CCGTTTAGTCTACGCT-1,OTI,2,9
CCGTTTAGTGGCCTGG-1,OTI,5,152
CCGTTTAGTGGTTCAG-1,OTI,3,72
CCGTTTAGTGTCCATC-1,C57BL6,0,0
CCGTTTCCAAAATGGT-1,OTI,4,80
CCGTTTCCAACCCATG-1,OTI,2,13
CCGTTTCCAATCATTG-1,OTI,2,84
CCGTTTCCACCCTTCG-1,OTI,0,0
CCGTTTCCACCTATAA-1,C57BL6,0,0
CCGTTTCCACGCGTAC-1,C57BL6,0,0
CCGTTTCCAGGTTGCC-1,OTI,2,10
CCGTTTCCAGTTAAGG-1,C57BL6,1,1
CCTAAACCAAAGTAAC-1,C57BL6,1,6
CCTAAAGTCATGGTGC-1,OTI,0,0
CCTAAAGTCCAATGCA-1,OTI,5,281
CCTAAAGTCCAGTCAA-1,C57BL6,0,0
CCTAAAGTCCCCAATT-1,OTI,0,0
CCTAAAGTCCTTGTAC-1,C57BL6,3,22
CCTAAAGTCGGTGCAT-1,OTI,2,21
CCTAAAGTCGGTGTCG-1,OTI,5,45
CCTAAAGTCGGTTGGT-1,OTI,4,341
CCTAAAGTCGTCCATT-1,OTI,6,41
CCTAACGCACCAGACC-1,C57BL6,1,3
CCTAACGCACTGGGGA-1,OTI,5,201
CCTAACTTCAAGCTCA-1,C57BL6,1,1
CCTAACTTCAAGTTCG-1,C57BL6,0,0
CCTAACTTCAGACGCT-1,OTI,0,0
CCTAACTTCAGGAATA-1,OTI,1,52
CCTAACTTCCTATACC-1,OTI,3,57
CCTAACTTCCTCTGAT-1,OTI,3,18
CCTAACTTCGCCCCAT-1,OTI,2,11
CCTAACTTCGCGTAAC-1,C57BL6,0,0
CCTAAGCAGAATGGGT-1,OTI,2,23
CCTAAGCAGCCTGGTG-1,OTI,4,44
CCTAAGCAGCGCCAAT-1,OTI,2,12
CCTAAGCAGCTATGGC-1,C57BL6,0,0
CCTAAGCAGGCCCGTA-1,OTI,7,490
CCTAAGCAGGCGTCCA-1,OTI,1,51
CCTAAGCAGGTTGCCG-1,OTI,3,132
CCTAATACAAACATGG-1,OTI,2,152
CCTAATACAACCTAAC-1,OTI,3,39
CCTAATACAACTCACG-1,OTI,4,49
CCTAATACAATACCCG-1,OTI,4,152
CCTAATACACAAGGCG-1,OTI,0,0
CCTAATCTCCCGCGTT-1,OTI,2,12
CCTAATCTCGCACGTG-1,C57BL6,0,0
CCTAATCTCGCTGTGG-1,C57BL6,1,3
CCTAATCTCGTACGTA-1,OTI,0,0
CCTAATGAGAGCGAAT-1,OTI,3,38
CCTAATGAGAGGTGAT-1,OTI,0,0
CCTAATGAGAGTGATA-1,OTI,3,487
CCTAATGAGCCATATG-1,OTI,4,160
CCTAATGAGCCCTGGA-1,OTI,1,53
CCTAATGAGCGGGTTT-1,C57BL6,0,0
CCTAATGAGGTTGTGC-1,C57BL6,0,0
CCTAATTGTACTTGGG-1,OTI,3,94
CCTAATTGTAGTCCAG-1,OTI,0,0
CCTAATTGTATTGCTT-1,OTI,1,8
CCTAATTGTGCTACCT-1,OTI,5,146
CCTAATTGTGGACTGC-1,OTI,4,60
CCTAATTGTGGCGATC-1,OTI,0,0
CCTACATTCACGCGCA-1,OTI,5,301
CCTACATTCACTGACA-1,OTI,0,0
CCTACATTCCAACACA-1,OTI,6,39
CCTACATTCCCGCTTA-1,OTI,9,243
CCTACATTCCTCCTTC-1,C57BL6,0,0
CCTACATTCGGGTATC-1,C57BL6,0,0
CCTACATTCGTGCAAC-1,C57BL6,2,8
CCTACCATCACGTCAA-1,OTI,3,54
CCTACCATCATCGGGT-1,OTI,1,3
CCTACCATCCATAAGT-1,OTI,1,7
CCTACCATCCCACTAT-1,OTI,6,96
CCTACCATCCGAGCAT-1,OTI,0,0
CCTACCATCCTTCAAC-1,OTI,0,0
CCTACCATCGCTCCGT-1,OTI,1,98
CCTACCATCGGGCTTG-1,OTI,3,240
CCTACCTCAAAGTGCA-1,OTI,5,441
CCTACCTCAAATTAAG-1,OTI,2,21
CCTACCTCAAATTTCG-1,OTI,3,41
CCTACCTCAACAATTT-1,C57BL6,2,60
CCTACCTCAAGTGGGT-1,C57BL6,0,0
CCTACCTCAATGGGCG-1,OTI,6,559
CCTACCTCACGGTATT-1,OTI,3,42
CCTACCTCACTAGCAT-1,C57BL6,1,4
CCTACCTCACTGCGTA-1,OTI,2,375
CCTACCTCAGCCTTTC-1,C57BL6,0,0
CCTACGACAAACCGAA-1,OTI,2,7
CCTACGACAAGACGAC-1,OTI,2,27
CCTACGACACCAGCTA-1,OTI,1,266
CCTACGACACCCATAG-1,OTI,0,0
CCTACGACACTAATAT-1,C57BL6,0,0
CCTACGCTCATGGTTG-1,OTI,6,106
CCTACGCTCGCCACTC-1,OTI,3,7
CCTACGGAGCGAAGTG-1,OTI,5,1165
CCTACGGAGCGAGTAG-1,OTI,5,179
CCTACGGAGCTCTCAT-1,OTI,1,3
CCTACGGAGGGAGAGG-1,OTI,1,1
CCTACGGAGGGTTCCG-1,OTI,6,529
CCTACGGAGGTGTATT-1,OTI,4,140
CCTACGTGTAAAGTGG-1,OTI,1,25
CCTACGTGTAAGTCCG-1,OTI,0,0
CCTACGTGTGCGAGAG-1,OTI,1,3
CCTACTCCAAACGGCG-1,OTI,2,103
CCTACTCCAAAGGCAC-1,C57BL6,1,34
CCTACTCCAAAGTAAC-1,OTI,5,372
CCTACTCCAACATAGG-1,C57BL6,0,0
CCTACTCCAATGAAAC-1,OTI,4,68
CCTACTCCACCTTGAG-1,C57BL6,0,0
CCTACTCCAGCCCTAA-1,C57BL6,0,0
CCTACTCCAGGACGCA-1,OTI,6,92
CCTACTCCAGTGCGTC-1,OTI,3,24
CCTAGACAGAAATGGC-1,C57BL6,0,0
CCTAGACAGCAAGCTC-1,OTI,0,0
CCTAGACAGCCCTTGC-1,OTI,2,450
CCTAGACAGCTCGTTT-1,OTI,1,41
CCTAGACAGGTTAGGG-1,OTI,0,0
CCTAGACAGGTTGGTC-1,OTI,0,0
CCTAGAGGTAGGAGTA-1,OTI,1,11
CCTAGAGGTAGGTAAG-1,C57BL6,0,0
CCTAGAGGTCAGGCCG-1,C57BL6,0,0
CCTAGAGGTCGCCGTC-1,OTI,12,183
CCTAGAGGTGGAGTAA-1,OTI,3,69
CCTAGAGGTGGCTCCC-1,C57BL6,0,0
CCTAGAGGTGTCCGGG-1,OTI,3,24
CCTAGATCAACAAGAT-1,OTI,3,15
CCTAGATCAACAGAAT-1,C57BL6,0,0
CCTAGATCAACGAGAC-1,OTI,2,74
CCTAGATCAAGGCCGA-1,C57BL6,0,0
CCTAGATCAATGAAAC-1,OTI,3,26
CCTAGATCACCACTAG-1,OTI,2,117
CCTAGATCACGTCAAT-1,C57BL6,0,0
CCTAGATCACTAAGGA-1,OTI,1,6
CCTAGATCAGGACTAA-1,OTI,2,12
CCTAGATCAGTAACCT-1,C57BL6,1,21
CCTAGATCAGTCTGCA-1,OTI,2,108
CCTAGCACAAACACTC-1,OTI,2,19
CCTAGCACAAACTCAC-1,OTI,2,93
CCTAGCACAAGTGTTC-1,OTI,0,0
CCTAGCACACCACAGC-1,OTI,1,24
CCTAGCACACCTAAAC-1,OTI,4,88
CCTAGCACACCTACCT-1,OTI,1,65
CCTAGCACACTATACA-1,OTI,4,139
CCTAGCACACTCCTTA-1,OTI,3,176
CCTAGCACAGGTATTC-1,OTI,0,0
CCTAGCGAGAGTCAGG-1,C57BL6,0,0
CCTAGCGAGCATGCGT-1,OTI,2,302
CCTAGCGAGCGCCTGA-1,OTI,4,42
CCTAGCGAGCGCTGAT-1,C57BL6,0,0
CCTAGCGAGCTCGTTT-1,OTI,0,0
CCTAGCGAGGCACCCA-1,C57BL6,1,5
CCTAGCGAGGGCCATT-1,OTI,3,380
CCTAGCTGTAGAGGCG-1,OTI,5,203
CCTAGCTGTGCCATTC-1,C57BL6,0,0
CCTAGCTGTGGGGCTT-1,OTI,3,80
CCTAGCTGTGGGGTTC-1,OTI,10,74
CCTAGCTGTGTCGGGT-1,OTI,1,36
CCTAGCTGTGTCTAGG-1,OTI,3,301
CCTAGGCCAACGTCGC-1,OTI,0,0
CCTAGGCCAACTAACC-1,C57BL6,0,0
CCTAGGCCAATTCGTA-1,OTI,12,391
CCTAGGCCACATACCG-1,OTI,0,0
CCTAGGCCACTAAACC-1,C57BL6,1,6
CCTAGGCCACTCACCT-1,OTI,2,278
CCTAGGCCAGCTTAGT-1,C57BL6,8,10
CCTAGGCCAGTTAGCT-1,OTI,5,36
CCTAGGGTCACCTACT-1,OTI,4,23
CCTAGGGTCATGGTCA-1,OTI,0,0
CCTAGGGTCATTAACA-1,OTI,4,155
CCTAGGGTCCATTGCT-1,OTI,2,316
CCTAGGGTCGCATGGT-1,OTI,3,37
CCTAGGGTCGTAAGCC-1,OTI,4,86
CCTAGTAAGCAGGCTT-1,OTI,3,283
CCTAGTAAGCGAAGTG-1,OTI,6,308
CCTAGTAAGCTACTTC-1,OTI,3,122
CCTAGTAAGGCAAAGT-1,OTI,2,36
CCTAGTAAGGGGTTTC-1,C57BL6,0,0
CCTAGTAAGGTCCTTT-1,OTI,6,226
CCTAGTCGTAAACGCT-1,C57BL6,0,0
CCTAGTCGTAATCTCT-1,OTI,1,2
CCTAGTCGTACTCGCT-1,OTI,1,49
CCTAGTCGTACTGGGC-1,C57BL6,0,0
CCTAGTCGTAGTGTAC-1,OTI,6,355
CCTAGTCGTATCCGGA-1,OTI,0,0
CCTAGTCGTCGCCTAT-1,OTI,5,73
CCTAGTCGTGGGAGCA-1,OTI,2,24
CCTAGTCGTGGGGAAT-1,OTI,2,27
CCTAGTCGTGGTTGAT-1,OTI,0,0
CCTAGTCGTGTCTTAT-1,OTI,2,110
CCTAGTTTCCACCCGT-1,C57BL6,0,0
CCTAGTTTCCCGGTTC-1,OTI,3,88
CCTAGTTTCCGCACTC-1,OTI,2,201
CCTAGTTTCGCGTTAA-1,OTI,2,30
CCTAGTTTCGGAGCTT-1,C57BL6,1,4
CCTAGTTTCGGCGTCA-1,OTI,4,180
CCTATAACAAGTCCGC-1,OTI,1,11
CCTATAACAATCGTCG-1,OTI,1,7
CCTATAACACAACGAA-1,OTI,0,0
CCTATAACACAAGTAG-1,OTI,1,5
CCTATAACACCCAGAC-1,OTI,2,82
CCTATAACACCGTTTC-1,C57BL6,0,0
CCTATAACAGCTTATA-1,OTI,2,80
CCTATAACAGTCTGCA-1,OTI,5,32
CCTATACTCACTCTGT-1,OTI,3,62
CCTATACTCATGACCA-1,C57BL6,0,0
CCTATACTCCAGTAGC-1,OTI,0,0
CCTATACTCCTATGTC-1,OTI,1,3
CCTATACTCGCACTCC-1,OTI,0,0
CCTATACTCGCTAAAT-1,OTI,1,8
CCTATACTCGGTTAAT-1,OTI,2,27
CCTATACTCGTCACCC-1,C57BL6,0,0
CCTATGAAGAATTGAG-1,C57BL6,2,2
CCTATGAAGACCAGAG-1,OTI,2,26
CCTATGAAGCATTAGT-1,OTI,2,10
CCTATGAAGCTACGTA-1,C57BL6,1,6
CCTATGAAGGGAGCTA-1,OTI,5,442
CCTATGAAGGTTCATG-1,OTI,0,0
CCTATGCGTAACCGCA-1,OTI,2,82
CCTATGCGTATTGGTA-1,OTI,6,266
CCTATGCGTGTAAGTC-1,OTI,7,284
CCTATGTTCAACGTGC-1,C57BL6,0,0
CCTATGTTCAGACAGG-1,OTI,6,97
CCTATGTTCCATTGTC-1,OTI,0,0
CCTATGTTCCCTACGC-1,OTI,2,52
CCTATGTTCCCTAGTT-1,OTI,4,66
CCTATGTTCCCTTAGT-1,C57BL6,2,7
CCTATGTTCCTACATC-1,OTI,3,31
CCTATGTTCGCGAAAG-1,OTI,1,42
CCTATGTTCGGAGGTA-1,OTI,0,0
CCTATGTTCGGATTGC-1,OTI,3,7
CCTATGTTCGGTAATT-1,OTI,1,3
CCTATTATCAAGCAAA-1,OTI,1,20
CCTATTATCCACTCCA-1,OTI,3,133
CCTATTATCCGAATTG-1,OTI,1,3
CCTATTATCCTGTATC-1,OTI,0,0
CCTATTATCCTGTCGC-1,C57BL6,2,13
CCTATTATCGCCCTTA-1,C57BL6,0,0
CCTATTATCGCCTGCT-1,OTI,1,17
CCTATTATCGTCCGCT-1,OTI,4,32
CCTATTCAGAGCTTAT-1,C57BL6,0,0
CCTATTCAGATTCACG-1,OTI,2,64
CCTATTCAGCAATTGT-1,OTI,6,618
CCTATTCAGCCTAAGC-1,C57BL6,0,0
CCTATTCAGCGCCCAA-1,OTI,1,8
CCTATTCAGCTCGAGT-1,OTI,2,284
CCTATTCAGGCGCTCA-1,OTI,0,0
CCTATTCAGGTCGACT-1,OTI,0,0
CCTATTGGTCAATGTA-1,OTI,2,6
CCTATTGGTCACTTTG-1,OTI,4,59
CCTATTGGTGGGTGCT-1,OTI,5,94
CCTATTGGTGTCGGCG-1,OTI,0,0
CCTATTGGTGTGGCCG-1,OTI,2,98
CCTCACCAGATACAGA-1,OTI,2,168
CCTCACCAGCACCATA-1,C57BL6,0,0
CCTCACCAGCACCCAG-1,OTI,1,16
CCTCACCAGCATAATC-1,OTI,3,152
CCTCACCAGCCATGAC-1,OTI,4,49
CCTCACCAGGGAATGT-1,OTI,6,337
CCTCACTCAACGCACC-1,OTI,3,40
CCTCACTCAAGGGTTA-1,OTI,4,340
CCTCACTCAAGTAAAC-1,C57BL6,0,0
CCTCACTCAATACCCG-1,C57BL6,1,11
CCTCACTCACCTCTCG-1,C57BL6,0,0
CCTCAGACAAGCGGCA-1,OTI,4,46
CCTCAGACACCCAAGC-1,OTI,0,0
CCTCAGACAGCGCATC-1,OTI,3,68
CCTCAGACAGGCTCTA-1,C57BL6,0,0
CCTCAGACAGTAGGCG-1,OTI,5,134
CCTCATAGTAACAGGA-1,OTI,5,107
CCTCATAGTAATGGCT-1,OTI,2,66
CCTCATAGTACTACTT-1,OTI,1,27
CCTCATAGTAGGACTT-1,C57BL6,0,0
CCTCATAGTATTGCCC-1,C57BL6,1,1
CCTCATAGTGGGCGTT-1,OTI,2,17
CCTCATAGTGTAGTTA-1,OTI,3,26
CCTCATAGTGTTAGTA-1,C57BL6,0,0
CCTCATCCAACCTAAC-1,OTI,4,252
CCTCATCCAATCGCCA-1,OTI,13,245
CCTCATCCAATGGGAC-1,OTI,0,0
CCTCATCCACCAGGGA-1,C57BL6,0,0
CCTCATCCACGTAGAA-1,OTI,4,27
CCTCATCCAGCACACC-1,OTI,1,9
CCTCATCCAGCATGAA-1,OTI,3,327
CCTCATCCAGTAAAGT-1,C57BL6,0,0
CCTCATTAGAAATGGC-1,OTI,2,14
CCTCATTAGACAGCGA-1,OTI,4,319
CCTCATTAGAGGACAT-1,OTI,0,0
CCTCATTAGCCGACAT-1,C57BL6,1,7
CCTCGAACAAAGCTCT-1,OTI,8,415
CCTCGAACAACAGCGG-1,OTI,2,76
CCTCGAACAGGCATTT-1,C57BL6,1,6
CCTCGAGAGAACGACG-1,C57BL6,1,4
CCTCGAGAGAACGGGC-1,OTI,3,73
CCTCGAGAGAACTTGT-1,C57BL6,0,0
CCTCGAGAGACGTGTC-1,OTI,2,21
CCTCGAGAGAGCGGTA-1,OTI,5,76
CCTCGAGAGCAAGCGA-1,OTI,1,13
CCTCGAGAGCTACGAC-1,OTI,0,0
CCTCGAGAGCTGTATG-1,OTI,3,150
CCTCGAGAGGCTATTG-1,OTI,4,281
CCTCGAGAGGTATACT-1,C57BL6,2,5
CCTCGATGTATAGTCA-1,OTI,1,6
CCTCGATGTCAACTCC-1,OTI,1,38
CCTCGGTTCACATAAC-1,OTI,1,5
CCTCGGTTCACTTCCG-1,C57BL6,0,0
CCTCGGTTCCAACGTA-1,C57BL6,0,0
CCTCGGTTCCTGCACC-1,C57BL6,0,0
CCTCGGTTCGCTGAGT-1,OTI,0,0
CCTCGTCAGAGAGGAA-1,OTI,3,170
CCTCGTCAGCGGTTAC-1,C57BL6,0,0
CCTCGTCAGCGTGTTA-1,OTI,0,0
CCTCTACCAAAAGCGC-1,OTI,3,166
CCTCTACCAAACATGG-1,OTI,1,4
CCTCTACCAAATTGAA-1,OTI,4,45
CCTCTACCAACGTTCG-1,OTI,2,151
CCTCTACCAACTGAAG-1,OTI,1,1
CCTCTACCAAGACAGC-1,C57BL6,0,0
CCTCTACCAGGACAAC-1,OTI,6,54
CCTCTACCAGGACACG-1,OTI,2,37
CCTCTACCAGTCTTCC-1,OTI,1,363
CCTCTAGTCAATGGTT-1,C57BL6,1,10
CCTCTAGTCCCAATAG-1,OTI,1,9
CCTCTAGTCCTCTGAT-1,OTI,4,21
CCTCTAGTCGCGCAAT-1,OTI,2,10
CCTCTAGTCGTAGATT-1,OTI,6,1019
CCTCTCCGTACCCCTG-1,OTI,1,11
CCTCTCCGTCCTTCCC-1,OTI,7,270
CCTCTCCGTCGCTGCC-1,OTI,4,60
CCTCTCCGTCGTGTCT-1,OTI,5,134
CCTCTCCGTGCTTCGT-1,C57BL6,0,0
CCTCTCCGTGGTTTGG-1,C57BL6,3,3
CCTCTCGCAAAGTATA-1,OTI,2,10
CCTCTCGCAGTGTGGG-1,OTI,5,362
CCTCTGGGTACATCCC-1,C57BL6,0,0
CCTCTGGGTACTATTC-1,C57BL6,0,0
CCTCTGGGTAGCCCTT-1,OTI,4,46
CCTCTGGGTATGTTCT-1,OTI,4,151
CCTCTGGGTGGCTTTC-1,OTI,2,8
CCTCTTACAACTAAGG-1,C57BL6,4,4
CCTCTTACAAGAAGCC-1,OTI,5,103
CCTCTTACAAGTCTTA-1,OTI,0,0
CCTCTTACACGTTTCC-1,C57BL6,0,0
CCTCTTACACTGACCA-1,OTI,2,91
CCTCTTGAGAAAGGTC-1,OTI,5,153
CCTCTTGAGCTTAGGC-1,OTI,1,2
CCTCTTGAGGTCCGCA-1,OTI,3,83
CCTGAAATCAGGGTCT-1,C57BL6,0,0
CCTGAAATCATACTAA-1,C57BL6,0,0
CCTGAAATCCCGGGTA-1,OTI,2,15
CCTGAAATCCTCTGCA-1,OTI,5,74
CCTGAAATCGCAAACC-1,OTI,4,210
CCTGAAATCGTAGTCA-1,OTI,0,0
CCTGACACAACCAGAA-1,C57BL6,1,20
CCTGACACAATACCTA-1,OTI,3,33
CCTGACACAGTACAAG-1,OTI,1,14
CCTGACCTCAATGTGT-1,C57BL6,3,47
CCTGACCTCACGGCCA-1,OTI,4,153
CCTGACCTCATGCCTT-1,OTI,1,8
CCTGACCTCATTCAAA-1,OTI,2,10
CCTGACCTCCTCGTCA-1,OTI,2,233
CCTGACGAGATAAGTG-1,OTI,4,82
CCTGACGAGCAGGAGC-1,C57BL6,0,0
CCTGACGAGGCACGAA-1,C57BL6,0,0
CCTGACGAGGGAGCGT-1,OTI,3,855
CCTGATAAGAAGTACA-1,OTI,7,412
CCTGATAAGACCCGCA-1,C57BL6,1,5
CCTGATAAGCCACAAC-1,OTI,3,349
CCTGATAAGCGCGTCA-1,OTI,6,324
CCTGATAAGCTGGTCG-1,C57BL6,0,0
CCTGATAAGGGTTGTC-1,OTI,0,0
CCTGATAAGGTCGCAT-1,OTI,3,64
CCTGATCGTACAGGCC-1,OTI,4,166
CCTGATCGTCACCCAT-1,OTI,1,4
CCTGATCGTCATAGGT-1,C57BL6,0,0
CCTGATCGTGGCCTGG-1,C57BL6,0,0
CCTGATCGTGTCGAGC-1,C57BL6,0,0
CCTGATCGTGTGGCGT-1,OTI,5,62
CCTGATCGTGTGTCAG-1,OTI,1,25
CCTGATTTCAGTCCTT-1,C57BL6,0,0
CCTGATTTCATATTAG-1,OTI,3,30
CCTGATTTCATCGACA-1,OTI,2,48
CCTGATTTCCGAATGC-1,OTI,5,266
CCTGATTTCCGGCACA-1,OTI,0,0
CCTGATTTCCTCGGCT-1,C57BL6,1,16
CCTGATTTCGCTCATT-1,OTI,2,45
CCTGCAACAAAGCTAG-1,C57BL6,1,4
CCTGCAACAACTGCAT-1,C57BL6,1,4
CCTGCAACACACCTCT-1,OTI,1,3
CCTGCAACACCTACGA-1,OTI,2,12
CCTGCAACACTGGGCT-1,OTI,2,14
CCTGCAACACTTAGTA-1,OTI,2,8
CCTGCAACAGTCTGCA-1,OTI,1,4
CCTGCACTCCAATTAA-1,C57BL6,1,2
CCTGCACTCCCCATTG-1,OTI,0,0
CCTGCACTCCGCTTGC-1,C57BL6,0,0
CCTGCACTCCGGTCAG-1,C57BL6,0,0
CCTGCACTCGTCAACA-1,OTI,2,124
CCTGCACTCGTCATTC-1,C57BL6,0,0
CCTGCAGAGACTTTCC-1,OTI,1,46
CCTGCAGAGATAGCGG-1,OTI,3,67
CCTGCAGAGATCCTGA-1,C57BL6,1,11
CCTGCAGAGCATTTCC-1,OTI,8,667
CCTGCAGAGCCCAGCA-1,C57BL6,0,0
CCTGCAGAGGGATGAT-1,OTI,3,26
CCTGCGAAGAATGTAG-1,OTI,4,5
CCTGCGAAGACAGCGA-1,C57BL6,0,0
CCTGCGAAGAGACGAT-1,C57BL6,0,0
CCTGCGAAGATGGGAT-1,OTI,0,0
CCTGCGAAGCGAGTAG-1,OTI,1,160
CCTGCGAAGGTAAGGT-1,OTI,9,134
CCTGCGCGTAAGGGTA-1,C57BL6,0,0
CCTGCGCGTACGGGCT-1,OTI,5,158
CCTGCGCGTAGCGGAG-1,OTI,4,24
CCTGCGCGTATCACCC-1,OTI,1,6
CCTGCTATCAGTACGC-1,OTI,1,15
CCTGCTATCATTCATT-1,OTI,2,96
CCTGCTATCGGACACT-1,OTI,2,500
CCTGCTTCAACTCGCA-1,OTI,2,83
CCTGCTTCACAATAGG-1,OTI,7,82
CCTGCTTCACTTCGTC-1,C57BL6,0,0
CCTGCTTCAGTACGCC-1,C57BL6,1,9
CCTGCTTCAGTGGTAA-1,OTI,4,41
CCTGGCAAGAACTGAA-1,C57BL6,0,0
CCTGGCAAGAGGGATT-1,OTI,5,22
CCTGGCAAGAGTGATA-1,C57BL6,0,0
CCTGGCAAGCCGTAAC-1,OTI,6,188
CCTGGCAAGCTCAGTA-1,OTI,2,8
CCTGGCAAGGGGTACA-1,OTI,2,23
CCTGGCAAGGTCACGT-1,OTI,3,206
CCTGGCTTCAACCCTT-1,C57BL6,3,19
CCTGGCTTCACGACAC-1,OTI,5,487
CCTGGCTTCACGCATA-1,OTI,5,146
CCTGGCTTCACTACCT-1,C57BL6,0,0
CCTGGCTTCCATGCCC-1,C57BL6,0,0
CCTGGCTTCGGACTTA-1,OTI,2,28
CCTGGTGAGAATTCGT-1,OTI,4,99
CCTGGTGAGAGCAACG-1,OTI,4,81
CCTGGTGAGAGGGGTC-1,OTI,3,33
CCTGGTGAGATCTCGA-1,OTI,3,286
CCTGGTGAGATGCTCA-1,OTI,1,26
CCTGGTGAGCAGCGAA-1,OTI,1,2
CCTGGTGAGCCGTCAG-1,OTI,2,23
CCTGGTGAGGCCTGCA-1,C57BL6,4,38
CCTGTAAAGACTGCCG-1,C57BL6,0,0
CCTGTAAAGCAAGTTT-1,OTI,4,60
CCTGTAAAGCACATCA-1,C57BL6,1,8
CCTGTAAAGCGCGTCA-1,OTI,0,0
CCTGTAAAGCTAAGCC-1,OTI,2,46
CCTGTAAAGGCGAATG-1,OTI,2,44
CCTGTAAAGGCTTCGG-1,OTI,4,624
CCTGTAAAGGGCGTAA-1,C57BL6,0,0
CCTGTACGTAACGAAG-1,C57BL6,0,0
CCTGTACGTAAGGTAG-1,C57BL6,0,0
CCTGTACGTATCTTGT-1,OTI,0,0
CCTGTACGTCCTATTG-1,OTI,1,198
CCTGTACGTGGGTTCA-1,OTI,0,0
CCTGTAGCAAAGCCAA-1,C57BL6,0,0
CCTGTAGCAACATTAT-1,OTI,3,95
CCTGTCATCAACCCAA-1,OTI,2,34
CCTGTCATCACGCAGT-1,OTI,2,44
CCTGTCATCATCATCC-1,OTI,2,199
CCTGTCATCCCTTTCC-1,OTI,3,278
CCTGTCATCCGGTAAC-1,OTI,2,43
CCTGTCATCCTACGCC-1,C57BL6,1,73
CCTGTCGGTAACCGCA-1,OTI,0,0
CCTGTCGGTACATCCC-1,C57BL6,0,0
CCTGTCGGTCTATTCG-1,OTI,3,384
CCTGTCGGTGCTCTTA-1,OTI,0,0
CCTGTCGGTGGCATAT-1,OTI,1,38
CCTGTCGGTGTATCCC-1,OTI,2,15
CCTGTCGGTGTGGCCG-1,C57BL6,1,32
CCTGTGGAGAGCAAGT-1,OTI,0,0
CCTGTGGAGCAATTAC-1,OTI,3,32
CCTGTGGAGGCGTGAA-1,C57BL6,0,0
CCTGTGGAGGTCAATT-1,C57BL6,0,0
CCTTAACTCCAGGTTA-1,C57BL6,1,15
CCTTAACTCCTAGCCC-1,OTI,1,28
CCTTAACTCGGCGATT-1,OTI,0,0
CCTTAACTCGTAGTCA-1,OTI,0,0
CCTTAAGAGACATAAG-1,OTI,5,71
CCTTAAGAGAGCATTT-1,C57BL6,2,128
CCTTAAGAGAGCCCAT-1,C57BL6,0,0
CCTTAAGAGCTCATGA-1,OTI,2,270
CCTTAAGAGGCGAGTA-1,OTI,2,18
CCTTAATGTAGTGATC-1,OTI,2,25
CCTTAATGTATCTGTT-1,C57BL6,1,1
CCTTAATGTCGTCGGG-1,OTI,0,0
CCTTAATGTCTTATGT-1,OTI,0,0
CCTTAATGTGGAATTC-1,C57BL6,0,0
CCTTAATGTGGAGTGG-1,C57BL6,1,12
CCTTACCCAAAAGCCA-1,OTI,7,251
CCTTACCCAACGTAAG-1,OTI,2,38
CCTTACCCAAGTATAA-1,OTI,8,119
CCTTACCCAATCGTCG-1,OTI,1,27
CCTTACCCACCCAAAT-1,C57BL6,0,0
CCTTACCCACCTTTCA-1,OTI,5,41
CCTTACCCACTGATTA-1,OTI,7,101
CCTTACCCAGGCGTTC-1,C57BL6,0,0
CCTTAGAAGAGCTTGC-1,OTI,6,375
CCTTAGAAGATCCAAT-1,OTI,1,55
CCTTAGAAGCGATGAG-1,OTI,3,10
CCTTAGAAGGCTCATA-1,OTI,2,29
CCTTAGAAGGTACCCG-1,OTI,4,71
CCTTAGCGTACTCATT-1,OTI,0,0
CCTTAGCGTATACTTC-1,C57BL6,0,0
CCTTAGCGTCGTAATA-1,C57BL6,3,14
CCTTAGCGTGCCCTAT-1,OTI,2,15
CCTTAGCGTGGAATGA-1,OTI,4,32
CCTTAGTTCACACAAT-1,OTI,6,148
CCTTAGTTCATGGGCT-1,OTI,3,70
CCTTAGTTCCCGCCAT-1,OTI,1,28
CCTTAGTTCCGACGCA-1,OTI,0,0
CCTTAGTTCCGGAAAG-1,OTI,6,118
CCTTAGTTCCTGTATC-1,OTI,1,15
CCTTAGTTCGCTTCAT-1,C57BL6,0,0
CCTTAGTTCGTATACG-1,C57BL6,3,169
CCTTATCAGAAACTAG-1,OTI,0,0
CCTTATCAGAACTCAT-1,C57BL6,0,0
CCTTATCAGAAGCCGA-1,OTI,5,44
CCTTATCAGATACCCA-1,OTI,0,0
CCTTATCAGCAGTATT-1,C57BL6,1,3
CCTTATCAGCATCAAT-1,OTI,4,64
CCTTATCAGCATTACG-1,C57BL6,2,7
CCTTATCAGCCTTGCC-1,OTI,0,0
CCTTATCAGCGTTCCC-1,OTI,3,194
CCTTATCAGGCCTATA-1,OTI,2,63
CCTTATGGTAGCCTCT-1,OTI,4,21
CCTTATGGTATCTGCC-1,OTI,0,0
CCTTATGGTCGAAGTT-1,OTI,3,49
CCTTATGGTCGTGTTC-1,C57BL6,3,12
CCTTATGGTCTTGATT-1,C57BL6,1,30
CCTTATGGTGCCTCGC-1,C57BL6,1,9
CCTTATGGTGCTACAG-1,C57BL6,0,0
CCTTATGGTGGTTAGT-1,OTI,4,31
CCTTATGGTGTGGTCA-1,OTI,0,0
CCTTATGGTGTGTCTC-1,OTI,4,243
CCTTCAGTCAAGGTAA-1,OTI,3,84
CCTTCAGTCACAATTA-1,C57BL6,1,29
CCTTCAGTCCCGCTTA-1,C57BL6,2,3
CCTTCAGTCCCTAGTT-1,OTI,0,0
CCTTCAGTCCCTGGCT-1,C57BL6,1,18
CCTTCAGTCCGCTACC-1,OTI,2,106
CCTTCAGTCCTAATCC-1,C57BL6,0,0
CCTTCATAGCAAGCTC-1,OTI,1,1
CCTTCATAGCCCTAGG-1,C57BL6,0,0
CCTTCATAGGTACGTC-1,OTI,1,6
CCTTCATAGGTTCAAT-1,OTI,3,140
CCTTCCCGTAAAGCCT-1,OTI,2,23
CCTTCCCGTAGAGGCG-1,C57BL6,0,0
CCTTCCCGTAGAGGTA-1,OTI,3,136
CCTTCCCGTAGCGTCA-1,C57BL6,2,73
CCTTCCCGTAGTGATC-1,C57BL6,2,2
CCTTCCCGTCAGCTTC-1,C57BL6,0,0
CCTTCCCGTCTTCAAT-1,OTI,3,59
CCTTCCGCAAGAATAC-1,OTI,0,0
CCTTCCGCACAGTTCG-1,C57BL6,0,0
CCTTCCGCACCTCTCG-1,OTI,4,305
CCTTCCGCACGAAGTA-1,C57BL6,4,4
CCTTCCGCACGCGTTA-1,OTI,3,44
CCTTCCGCACTACGCA-1,C57BL6,1,4
CCTTCCTTCAAACCAT-1,OTI,3,290
CCTTCCTTCACCACAA-1,OTI,3,28
CCTTCCTTCATAAGTC-1,OTI,5,68
CCTTCCTTCCCTTCTC-1,C57BL6,0,0
CCTTCCTTCGCCCTAC-1,C57BL6,1,8
CCTTCCTTCGTACCTT-1,OTI,3,290
CCTTCCTTCGTTCGCC-1,OTI,7,175
CCTTCGATCCATAACG-1,OTI,4,402
CCTTCGATCCGATCGG-1,C57BL6,1,4
CCTTCGATCCGGTTAA-1,OTI,2,21
CCTTCGATCCGTCTAT-1,OTI,7,1039
CCTTCGATCGCAACGT-1,OTI,2,159
CCTTCGATCGCTGTGG-1,OTI,0,0
CCTTCGATCGTAACCA-1,OTI,3,19
CCTTCGATCGTAGCAC-1,OTI,0,0
CCTTCGATCGTATACG-1,C57BL6,1,8
CCTTCGGGTCCGTCCA-1,OTI,5,165
CCTTCGGGTCGTCGGG-1,C57BL6,0,0
CCTTCGGGTCGTGGTA-1,C57BL6,1,8
CCTTCGGGTGGCGCAT-1,OTI,3,26
CCTTCGGGTGTGTCTC-1,OTI,5,251
CCTTCGGGTGTTATAG-1,OTI,1,301
CCTTCTACAATGGTAG-1,OTI,1,10
CCTTCTACACCTTGAG-1,OTI,2,145
CCTTCTACAGCGACGA-1,OTI,3,120
CCTTCTACAGGACACG-1,OTI,1,5
CCTTCTACAGTCACGC-1,C57BL6,0,0
CCTTCTCTCAGTAATC-1,C57BL6,1,18
CCTTCTCTCCTCTGAT-1,OTI,5,60
CCTTCTCTCGTAATTA-1,OTI,0,0
CCTTCTCTCGTAGCTA-1,OTI,7,578
CCTTCTCTCGTTATGG-1,OTI,3,29
CCTTGAGCAATATCAT-1,OTI,6,93
CCTTGAGCACCTAGCA-1,C57BL6,1,4
CCTTGAGCAGTCTCGA-1,OTI,2,48
CCTTGCCAGACTCCAA-1,OTI,1,246
CCTTGCCAGAGGGCGT-1,C57BL6,9,11
CCTTGCCAGCCTGACG-1,OTI,4,116
CCTTGCCAGCGCCAAT-1,OTI,2,11
CCTTGCGGTACAGAAG-1,C57BL6,0,0
CCTTGCGGTCCGGTAA-1,OTI,0,0
CCTTGCGGTCGCTCTG-1,OTI,3,58
CCTTGCGGTCGTGAGC-1,OTI,3,430
CCTTGCGGTCTAAGCG-1,C57BL6,0,0
CCTTGCGGTCTCGAAG-1,OTI,1,6
CCTTGCGGTGGAGTAA-1,OTI,6,382
CCTTGTAGTATCACGG-1,OTI,3,12
CCTTGTAGTCCAACTC-1,OTI,3,30
CCTTGTAGTGTATCGG-1,C57BL6,1,8
CCTTGTGTCACATACG-1,OTI,2,25
CCTTGTGTCACATCAG-1,OTI,2,33
CCTTGTGTCACCATCT-1,OTI,2,23
CCTTGTGTCACGCAGT-1,C57BL6,0,0
CCTTGTGTCACGCCCT-1,OTI,4,1292
CCTTGTGTCACTAACG-1,OTI,5,54
CCTTGTGTCACTCGTT-1,OTI,4,33
CCTTGTGTCAGTGATT-1,OTI,5,170
CCTTGTGTCATCCCCA-1,C57BL6,0,0
CCTTGTGTCCAAGTAT-1,OTI,3,41
CCTTGTGTCCCTAGGG-1,OTI,0,0
CCTTGTGTCGCTTTCG-1,C57BL6,0,0
CCTTTAATCACAGCTA-1,OTI,4,314
CCTTTAATCAGTCCGG-1,OTI,3,980
CCTTTAATCATGGGTC-1,OTI,2,123
CCTTTAATCCCTAGGG-1,C57BL6,0,0
CCTTTAATCCCTGTCA-1,C57BL6,0,0
CCTTTAATCGGCAATC-1,OTI,1,5
CCTTTAATCGGGTCAT-1,C57BL6,0,0
CCTTTAATCGTCCTGC-1,OTI,3,104
CCTTTACAGAACACCC-1,C57BL6,0,0
CCTTTACAGAATGTAG-1,OTI,1,1
CCTTTACAGACAAGTA-1,OTI,3,87
CCTTTACAGACTTAAC-1,OTI,0,0
CCTTTACAGCAGTCCG-1,OTI,6,618
CCTTTACAGCGGTGTT-1,OTI,5,73
CCTTTACAGCGTACCG-1,OTI,6,124
CCTTTAGGTAAGCCGC-1,C57BL6,1,5
CCTTTAGGTACATAGC-1,C57BL6,0,0
CCTTTAGGTATAAGGG-1,OTI,5,31
CCTTTAGGTCACTTAT-1,OTI,5,34
CCTTTAGGTCCATGCT-1,OTI,0,0
CCTTTAGGTCTGCAAG-1,C57BL6,0,0
CCTTTAGGTCTGGCCC-1,OTI,1,17
CCTTTAGGTGGGAGAT-1,OTI,0,0
CCTTTAGGTGGGTTTG-1,OTI,2,9
CCTTTCACAAAATCAA-1,C57BL6,1,1
CCTTTCACAACACGAA-1,OTI,6,117
CCTTTCACAACTCACG-1,OTI,5,66
CCTTTCACAATCGCCA-1,OTI,7,79
CCTTTCACACTTAGCG-1,OTI,2,38
CCTTTCACAGTCCTAG-1,C57BL6,0,0
CCTTTCCTCAAGCGTC-1,OTI,4,39
CCTTTCCTCACGAACC-1,OTI,5,1137
CCTTTCCTCAGCCATA-1,OTI,3,159
CCTTTCCTCATACAAC-1,OTI,4,39
CCTTTCCTCCACGAGT-1,C57BL6,0,0
CCTTTCCTCCCATAAG-1,OTI,0,0
CCTTTCCTCCTCTCGA-1,OTI,0,0
CCTTTCCTCGGCTTCC-1,C57BL6,0,0
CCTTTCGAGACGGGTA-1,OTI,5,302
CCTTTCGAGCACCAAC-1,OTI,1,7
CCTTTCGAGCAGCCCA-1,C57BL6,1,4
CCTTTCGAGCGACAAG-1,C57BL6,0,0
CCTTTCGAGCTGACGT-1,OTI,1,13
CCTTTGAGTATCCCCG-1,OTI,4,68
CCTTTGAGTATGTTAG-1,C57BL6,0,0
CCTTTGAGTATTACCT-1,OTI,2,40
CCTTTGAGTGGAAGTA-1,C57BL6,0,0
CCTTTGAGTGGCATTG-1,C57BL6,0,0
CCTTTGGTCAAACTTA-1,OTI,0,0
CCTTTGGTCATAGTAC-1,OTI,2,13
CCTTTGGTCATCTCTA-1,OTI,0,0
CCTTTGGTCATTACTT-1,OTI,0,0
CCTTTGGTCCACATCT-1,OTI,2,5
CCTTTGGTCCCTATTA-1,OTI,2,166
CCTTTGGTCCGACTCC-1,C57BL6,3,3
CCTTTGGTCCGCAATA-1,OTI,4,34
CCTTTGGTCCGGGCTA-1,OTI,3,80
CCTTTGGTCGTATAAC-1,OTI,1,8
CGAAACCTCACCCATT-1,OTI,4,89
CGAAACCTCACTTTCA-1,OTI,6,92
CGAAACCTCCAATGCA-1,C57BL6,1,4
CGAAACCTCCAGTAGC-1,OTI,3,129
CGAAACCTCCCAGTAA-1,OTI,4,57
CGAAACCTCCCCATGC-1,OTI,3,71
CGAAACCTCCCCTAAT-1,OTI,7,491
CGAAACCTCCGATACA-1,C57BL6,0,0
CGAAACCTCCGGGCTA-1,OTI,1,4
CGAAACCTCCTACAAG-1,C57BL6,0,0
CGAAACCTCCTCGGCT-1,C57BL6,1,11
CGAAACCTCCTTCTAA-1,OTI,0,0
CGAAACCTCGCTCCGT-1,OTI,3,257
CGAAACCTCGGGTATC-1,OTI,0,0
CGAAACCTCGGTCCCT-1,OTI,5,46
CGAAACGAGAACTCAT-1,OTI,4,10
CGAAACGAGACGCCAT-1,OTI,8,184
CGAAACGAGCCGCACA-1,OTI,1,9
CGAAACGAGCGAACAG-1,C57BL6,0,0
CGAAACGAGGCCTCGA-1,OTI,2,7
CGAAACGAGGGAAGCC-1,C57BL6,0,0
CGAACACTCCCACACC-1,OTI,5,210
CGAACACTCCTAATCC-1,OTI,2,49
CGAACACTCGCGGATT-1,C57BL6,0,0
CGAACACTCGGATACC-1,OTI,1,136
CGAACACTCGGATCAC-1,OTI,4,82
CGAACACTCGGCATTA-1,OTI,3,25
CGAACACTCGTAGGTC-1,C57BL6,0,0
CGAACACTCGTCTCTG-1,C57BL6,1,1
CGAACAGAGAATTACC-1,C57BL6,0,0
CGAACAGAGACCCTAA-1,C57BL6,0,0
CGAACAGAGACCTGCG-1,OTI,2,35
CGAACAGAGAGGACGC-1,C57BL6,5,78
CGAACAGAGATGGTGG-1,OTI,6,190
CGAACAGAGATTCAGT-1,OTI,5,147
CGAACAGAGCGTTAGC-1,C57BL6,1,5
CGAACAGAGGGGTTTC-1,OTI,4,51
CGAACCCCAAAGTCTC-1,OTI,1,19
CGAACCCCAACTGCAT-1,C57BL6,0,0
CGAACCCCAAGGCGCA-1,OTI,14,761
CGAACCCCAAGGGTTA-1,OTI,1,8
CGAACCCCACCACAGC-1,OTI,0,0
CGAACCCCACGTCGTA-1,OTI,2,34
CGAACGAAGACGGAGC-1,OTI,0,0
CGAACGAAGACGTCCG-1,OTI,5,38
CGAACGAAGATCCCAA-1,C57BL6,0,0
CGAACGAAGATGCCCG-1,OTI,2,131
CGAACGAAGCACTACA-1,OTI,3,148
CGAACGAAGCCGCGTA-1,OTI,0,0
CGAACGAAGGCGGTAA-1,OTI,3,20
CGAACGGCAAGCGTCC-1,OTI,4,120
CGAACGGCAATAAGTA-1,OTI,0,0
CGAACGGCACCCTTCG-1,OTI,2,16
CGAACGGCAGCCTCTT-1,OTI,0,0
CGAACGGCAGTTGGGG-1,C57BL6,0,0
CGAAGATAGACAGTTT-1,OTI,4,507
CGAAGATAGACTTAAC-1,C57BL6,0,0
CGAAGATAGATATCAC-1,C57BL6,0,0
CGAAGATAGCAATATC-1,OTI,2,10
CGAAGATAGCCGGTAT-1,OTI,3,42
CGAAGATAGGCAAAGT-1,C57BL6,1,6
CGAAGCAAGCACTCCC-1,OTI,2,20
CGAAGCAAGCCACGAT-1,C57BL6,0,0
CGAAGCAAGCGGGTTT-1,OTI,4,55
CGAAGCCGTATGTTAG-1,C57BL6,1,7
CGAAGCCGTCATCATT-1,OTI,0,0
CGAAGCCGTGTTGCAG-1,C57BL6,0,0
CGAAGGGGTAGAGTGA-1,OTI,8,258
CGAAGGGGTAGCTGTG-1,C57BL6,0,0
CGAAGGGGTATAATCG-1,C57BL6,0,0
CGAAGGGGTATGGAGA-1,OTI,1,5
CGAAGGGGTGGCGCAT-1,OTI,0,0
CGAAGGGGTGGTAATC-1,OTI,4,153
CGAAGGTCAACGCGAG-1,C57BL6,0,0
CGAAGGTCAATGCTCG-1,OTI,1,8
CGAAGGTCACGATTTA-1,C57BL6,0,0
CGAAGTACAACGCGTC-1,OTI,0,0
CGAAGTACACAACGGG-1,OTI,2,364
CGAAGTACACCAGATT-1,OTI,0,0
CGAAGTACACGCACGT-1,C57BL6,0,0
CGAAGTACACGTCAGC-1,OTI,4,152
CGAAGTCTCACATTCC-1,OTI,1,19
CGAAGTCTCATATCCC-1,OTI,0,0
CGAAGTCTCCATTCAC-1,OTI,2,22
CGAAGTCTCCCCAGCT-1,C57BL6,0,0
CGAAGTCTCCGTGTCC-1,OTI,1,180
CGAAGTCTCGCGTTAA-1,OTI,3,23
CGAAGTCTCGTCCAAA-1,C57BL6,0,0
CGAAGTCTCGTGCGCA-1,OTI,2,56
CGAAGTGAGAGCAGAT-1,C57BL6,2,5
CGAAGTGAGAGTCGTC-1,OTI,5,72
CGAAGTGAGATCCGAC-1,OTI,4,35
CGAAGTGAGCCGTTGG-1,OTI,0,0
CGAAGTGAGCGCATTA-1,OTI,0,0
CGAAGTGAGCGCCAAT-1,C57BL6,0,0
CGAAGTGAGCTACAGC-1,C57BL6,0,0
CGAAGTTGTAACTAGC-1,OTI,0,0
CGAAGTTGTACCCTTA-1,C57BL6,1,8
CGAAGTTGTAGTGTAC-1,OTI,0,0
CGAAGTTGTCATGGGC-1,C57BL6,0,0
CGAAGTTGTCTACGCT-1,OTI,2,209
CGAATCATCAATCCCT-1,OTI,3,85
CGAATCATCAGTAATC-1,OTI,8,109
CGAATCATCCTACAAG-1,OTI,5,244
CGAATCATCGCTCCTA-1,C57BL6,0,0
CGAATCATCGGTTCGG-1,OTI,1,4
CGAATCATCGTATGTG-1,OTI,1,97
CGAATCATCGTCAATG-1,C57BL6,1,2
CGAATCATCGTGCAAC-1,OTI,1,54
CGAATCTCAATTCAGC-1,OTI,2,7
CGAATCTCACCACTCT-1,OTI,1,91
CGAATCTCACCTCAGA-1,C57BL6,2,2
CGAATCTCACGACACC-1,C57BL6,0,0
CGAATCTCACGCTGAC-1,C57BL6,0,0
CGAATCTCACTCTAGG-1,C57BL6,1,6
CGAATCTCAGCATTTA-1,OTI,7,81
CGAATCTCAGCCTGAC-1,OTI,8,174
CGAATGCTCAATTATG-1,C57BL6,0,0
CGAATGCTCACCAAGC-1,OTI,0,0
CGAATGCTCACGTCGG-1,OTI,6,210
CGAATGCTCACTTCTA-1,OTI,1,6
CGAATGCTCATGCTTC-1,OTI,11,82
CGAATGCTCCGAAACC-1,C57BL6,1,23
CGAATGCTCCGCTTGC-1,OTI,2,43
CGAATGCTCGCACTAA-1,OTI,1,8
CGAATGCTCGTGTCGG-1,OTI,0,0
CGAATGGAGAGTAAGC-1,OTI,0,0
CGAATGGAGCCTATGA-1,C57BL6,0,0
CGAATGGAGGGAATCG-1,OTI,3,179
CGAATGGAGGGCGATA-1,OTI,10,201
CGAATTGTCAAACTAC-1,OTI,1,4
CGAATTGTCCGATGTA-1,OTI,5,47
CGAATTGTCCTATGCT-1,OTI,3,101
CGAATTGTCGCATCGG-1,OTI,0,0
CGAATTGTCGGTTCGG-1,C57BL6,0,0
CGAATTTAGACATGGG-1,OTI,0,0
CGAATTTAGAGCGTAG-1,OTI,2,32
CGAATTTAGCAAGAGT-1,C57BL6,0,0
CGAATTTAGCAATTCG-1,OTI,1,5
CGAATTTAGCTAATAC-1,C57BL6,0,0
CGAATTTAGGGACACA-1,OTI,1,5
CGAATTTAGGGTGTTC-1,OTI,0,0
CGACAAGAGAGCGTAG-1,OTI,5,82
CGACAAGAGCAACCCG-1,OTI,3,28
CGACAAGAGCAGCTGT-1,OTI,0,0
CGACAAGAGCCAGCAT-1,C57BL6,0,0
CGACACCCAACTGCCA-1,OTI,4,32
CGACACCCACCAGACC-1,C57BL6,3,3
CGACACCCAGGACCTC-1,OTI,2,58
CGACACCCAGTATACC-1,C57BL6,0,0
CGACACCCAGTCCACA-1,OTI,2,129
CGACAGAAGACAACGG-1,C57BL6,2,13
CGACAGAAGACGCGTT-1,C57BL6,1,1
CGACAGAAGCTGTAGC-1,OTI,1,4
CGACAGCGTATGATGC-1,C57BL6,1,2
CGACAGCGTCAGCGGT-1,C57BL6,2,3
CGACAGCGTCCGCTAT-1,OTI,1,5
CGACAGCGTCGGGGTT-1,C57BL6,1,7
CGACAGCGTCTGGTAG-1,OTI,0,0
CGACAGCGTGCTTGCT-1,OTI,1,21
CGACCATAGACGAACG-1,OTI,1,7
CGACCATAGACTGCCG-1,OTI,1,2
CGACCATAGCAAACGG-1,OTI,0,0
CGACCATAGCCAGAGA-1,OTI,0,0
CGACCATAGCCTACGG-1,OTI,3,349
CGACCATAGCGACCAT-1,OTI,0,0
CGACCATAGCTAGATT-1,OTI,4,82
CGACCATAGGTATCCA-1,OTI,4,58
CGACCCCGTACGGGCT-1,OTI,0,0
CGACCCCGTACTTGCC-1,C57BL6,1,10
CGACCCTTCACTGCAA-1,OTI,7,174
CGACCCTTCCGCTAAA-1,C57BL6,0,0
CGACCCTTCCTACTAC-1,OTI,4,681
CGACCCTTCGTGCGTG-1,OTI,4,235
CGACCTACACACTAAC-1,OTI,1,152
CGACCTACACCATTAA-1,OTI,1,113
CGACCTACACTAAACC-1,OTI,5,157
CGACCTACAGCACCTA-1,OTI,2,20
CGACCTACAGTGGGAT-1,OTI,5,87
CGACGCATCACCTCTG-1,OTI,1,26
CGACGCATCACTTCTA-1,C57BL6,0,0
CGACGCATCATAGTAC-1,OTI,7,390
CGACGCATCCACAAGC-1,OTI,9,265
CGACGCATCCATGGGT-1,OTI,0,0
CGACGCATCGGTATGC-1,OTI,2,12
CGACGCATCGGTGCAT-1,OTI,1,34
CGACGGACAAAACCTC-1,OTI,2,24
CGACGGACAACACGGG-1,C57BL6,0,0
CGACGGACACAGGTAA-1,C57BL6,0,0
CGACGGACAGGAAGGA-1,OTI,6,271
CGACGGTGTATATCAG-1,OTI,3,74
CGACGGTGTATGCGAT-1,OTI,0,0
CGACGGTGTGCCCGAG-1,OTI,3,18
CGACGGTGTGCTGTCT-1,OTI,2,14
CGACGTAGTACCTATT-1,C57BL6,0,0
CGACGTAGTACGGGTC-1,OTI,0,0
CGACGTAGTATCATTC-1,C57BL6,0,0
CGACGTAGTATGCCGA-1,OTI,0,0
CGACGTAGTCAGTGCA-1,OTI,5,155
CGACGTAGTCTGGTCT-1,OTI,2,13
CGACGTAGTGGGATAA-1,C57BL6,0,0
CGACGTTAGATCCTGA-1,C57BL6,0,0
CGACGTTAGATTGGTT-1,C57BL6,1,6
CGACGTTAGCACGAAG-1,OTI,1,13
CGACGTTAGGCGGTTT-1,OTI,3,20
CGACGTTAGGCTTCCC-1,C57BL6,1,3
CGACGTTAGGGCTTGT-1,C57BL6,2,11
CGACGTTAGGTGCCCA-1,OTI,8,177
CGACTAATCAGTACGC-1,OTI,5,221
CGACTAATCAGTTTCC-1,C57BL6,0,0
CGACTAATCATGAAAG-1,OTI,3,35
CGACTAATCCAAAGCC-1,C57BL6,0,0
CGACTAATCCAGTCAA-1,OTI,2,24
CGACTAATCCTAGCAA-1,OTI,5,136
CGACTAGGTACATCTT-1,OTI,2,171
CGACTAGGTAGGATAG-1,OTI,0,0
CGACTAGGTCTAGGTG-1,OTI,3,50
CGACTAGGTGGCGAAG-1,OTI,0,0
CGACTAGGTGTACCCT-1,C57BL6,0,0
CGACTAGGTGTGCAAT-1,C57BL6,0,0
CGACTCCTCAAATTGC-1,C57BL6,3,43
CGACTCCTCAACGCAC-1,C57BL6,0,0
CGACTCCTCACTCCAT-1,C57BL6,1,8
CGACTCCTCAGAATAG-1,OTI,3,44
CGACTCCTCAGGCCAT-1,C57BL6,0,0
CGACTCCTCATTACTT-1,OTI,6,262
CGACTCCTCCCGGTTC-1,OTI,2,1218
CGACTCCTCCGGCGTA-1,OTI,4,33
CGACTCCTCGGCTCGA-1,C57BL6,1,27
CGACTCCTCGGTCAGT-1,C57BL6,0,0
CGACTCCTCGTAGGCT-1,OTI,1,116
CGACTCCTCGTCAACA-1,C57BL6,0,0
CGACTCTGTACGTGCA-1,OTI,1,183
CGACTCTGTAGCAGGG-1,OTI,2,65
CGACTCTGTCGTTAAA-1,OTI,1,257
CGACTCTGTGTATCCC-1,OTI,1,236
CGACTTCGTACGCTTC-1,C57BL6,1,6
CGACTTCGTATGCCTC-1,C57BL6,3,11
CGACTTCGTCACTATT-1,C57BL6,0,0
CGACTTCGTCGTGTCT-1,OTI,2,24
CGACTTCGTGCCATAG-1,C57BL6,0,0
CGACTTCGTGTCACGA-1,OTI,3,61
CGAGCATTCAAATCAC-1,C57BL6,0,0
CGAGCATTCAGGCTCG-1,C57BL6,2,4
CGAGCATTCATGTCCT-1,C57BL6,0,0
CGAGCATTCCGCACTC-1,C57BL6,3,397
CGAGCATTCCTCTGGC-1,OTI,3,70
CGAGCATTCGCGCATG-1,OTI,5,80
CGAGCATTCGGACACT-1,OTI,2,14
CGAGCGACAAGTTTCA-1,OTI,2,41
CGAGCGACAATGCGGG-1,C57BL6,1,2
CGAGCGACACTATAAT-1,OTI,5,1112
CGAGCGACAGCGGACA-1,OTI,4,52
CGAGCGACAGTCGCAC-1,C57BL6,0,0
CGAGCGTGTACAAGGA-1,OTI,4,22
CGAGCGTGTATCCGGA-1,OTI,2,27
CGAGCGTGTATGTTCT-1,OTI,0,0
CGAGCGTGTCATGTCC-1,OTI,8,301
CGAGCGTGTGCAATGT-1,OTI,5,345
CGAGGAGGTACTATAG-1,OTI,3,17
CGAGGAGGTCTGTATT-1,OTI,4,70
CGAGGAGGTCTGTCTA-1,C57BL6,0,0
CGAGGCTGTAAGGTCT-1,OTI,1,60
CGAGGCTGTAGGATTC-1,OTI,0,0
CGAGGCTGTAGGTAAG-1,OTI,2,23
CGAGGCTGTCCTCTCC-1,C57BL6,0,0
CGAGGCTGTCGAAGGG-1,C57BL6,2,16
CGAGGCTGTCGATGGC-1,OTI,0,0
CGAGGCTGTCTGGTGA-1,OTI,0,0
CGAGGGAGTAGGACCC-1,OTI,4,187
CGAGGGAGTCATCATT-1,C57BL6,0,0
CGAGGGAGTGGCTGTA-1,C57BL6,0,0
CGAGTAACAAAACGGC-1,C57BL6,0,0
CGAGTAACAACTTACA-1,OTI,3,110
CGAGTAACAATAAGTA-1,OTI,5,80
CGAGTAACAGCTTCAG-1,OTI,0,0
CGAGTAGAGCAAGAGT-1,C57BL6,4,32
CGAGTAGAGCACCACG-1,C57BL6,1,16
CGAGTAGAGCATTTCC-1,C57BL6,0,0
CGAGTAGAGCGAGTCT-1,C57BL6,2,5
CGAGTAGAGGCTATGC-1,C57BL6,5,35
CGAGTAGAGGCTTATG-1,C57BL6,4,59
CGAGTAGAGGGTACGA-1,C57BL6,0,0
CGAGTAGAGGTAGTTT-1,C57BL6,0,0
CGAGTAGAGGTCCATA-1,C57BL6,3,38
CGAGTCAGTCGACGGT-1,C57BL6,0,0
CGAGTCAGTCGCGTGG-1,C57BL6,1,6
CGAGTCAGTCGTACCT-1,OTI,5,35
CGAGTCTAGAATTACC-1,OTI,0,0
CGAGTCTAGACCCGCA-1,OTI,0,0
CGAGTCTAGCACTAGC-1,OTI,4,30
CGAGTCTAGCATTTGG-1,OTI,1,13
CGAGTCTAGCCGCGTA-1,C57BL6,1,11
CGAGTCTAGCTGTCGG-1,OTI,0,0
CGAGTCTAGCTTAAGT-1,C57BL6,1,3
CGAGTCTAGGGTAGGC-1,C57BL6,0,0
CGAGTGCGTAACGTCG-1,C57BL6,1,9
CGAGTGCGTACATCTT-1,OTI,0,0
CGAGTGCGTAGGCAGG-1,OTI,7,379
CGAGTGCGTCCTAATT-1,C57BL6,1,84
CGAGTGCGTCGAAGCC-1,OTI,4,20
CGAGTGTTCAGTTTGG-1,OTI,1,24
CGAGTGTTCCATATCC-1,OTI,2,143
CGAGTGTTCCCAAAGC-1,OTI,3,14
CGAGTGTTCCCTGACC-1,OTI,5,66
CGAGTGTTCGCATCGG-1,OTI,0,0
CGATAAGCAAATCTAT-1,OTI,3,30
CGATAAGCAACGGCAG-1,OTI,6,150
CGATAAGCAAGAGGTC-1,OTI,1,3
CGATAAGCAATCGTAC-1,OTI,2,111
CGATAAGCAGCTATCG-1,C57BL6,1,2
CGATAAGCAGGCGCAA-1,OTI,2,41
CGATAAGCAGGGCAAT-1,C57BL6,2,171
CGATAAGCAGTAACCT-1,C57BL6,2,6
CGATAATTCCCGGGTA-1,OTI,5,44
CGATAATTCGCCAATA-1,OTI,0,0
CGATAATTCGGGTTAC-1,OTI,1,63
CGATAATTCGGTGCAT-1,OTI,2,107
CGATACATCACCCATT-1,OTI,3,154
CGATACATCACCTACT-1,C57BL6,0,0
CGATACATCACGTATG-1,C57BL6,1,41
CGATACATCAGCTATG-1,OTI,3,81
CGATACATCCATCACT-1,C57BL6,0,0
CGATACATCCATCTGT-1,OTI,0,0
CGATACATCCCACTAT-1,OTI,4,30
CGATACATCCCGCTTA-1,C57BL6,1,5
CGATACATCCCTTCCT-1,C57BL6,6,7
CGATACATCCTGTATC-1,OTI,2,10
CGATACATCCTTAGCT-1,C57BL6,0,0
CGATACATCGCGATGT-1,OTI,2,16
CGATACATCGGTATGC-1,C57BL6,0,0
CGATAGACAACTGGAA-1,OTI,2,8
CGATAGACAGTATGCT-1,C57BL6,0,0
CGATAGACAGTGTCAT-1,OTI,3,28
CGATAGCTCAATTATG-1,OTI,6,308
CGATAGCTCAGGGTCT-1,OTI,1,7
CGATAGCTCATCAATA-1,OTI,5,22
CGATAGCTCATTGTGG-1,OTI,4,71
CGATAGCTCCCCAATT-1,OTI,3,47
CGATAGCTCCGTGTCC-1,OTI,4,208
CGATAGCTCGCGAGTT-1,C57BL6,1,1
CGATAGCTCGGGCTTG-1,OTI,4,248
CGATAGTGTCGTGGGT-1,C57BL6,2,46
CGATAGTGTGCCTGCC-1,OTI,4,92
CGATAGTGTGTGTGCA-1,OTI,1,40
CGATCAATCACAACGC-1,OTI,3,29
CGATCAATCACACACA-1,OTI,1,19
CGATCAATCACTTACC-1,OTI,1,71
CGATCAATCCCCACGT-1,C57BL6,0,0
CGATCAATCCGAAACC-1,OTI,2,8
CGATCAATCCGAACAC-1,OTI,0,0
CGATCAATCGCATCAA-1,OTI,1,4
CGATCAATCGTCATTC-1,OTI,1,6
CGATCAGGTAAATCTG-1,C57BL6,4,10
CGATCAGGTAACTCCC-1,OTI,3,47
CGATCAGGTAAGCATC-1,C57BL6,0,0
CGATCAGGTCCTTTAG-1,OTI,3,50
CGATCAGGTCTGTGGA-1,OTI,0,0
CGATCAGGTCTTGGAG-1,OTI,1,26
CGATCAGGTGCACAGC-1,C57BL6,1,11
CGATCAGGTGTCATCC-1,OTI,4,37
CGATCAGGTGTCGCTT-1,C57BL6,0,0
CGATCAGGTGTTAGCG-1,OTI,3,58
CGATCGGTCATCCCCA-1,OTI,2,23
CGATCGGTCGCGCCTT-1,OTI,7,517
CGATCGGTCGTTGGCG-1,OTI,13,176
CGATGAGAGACAGCAG-1,OTI,6,435
CGATGAGAGACTTCAG-1,OTI,3,57
CGATGAGAGCAACCGT-1,OTI,0,0
CGATGAGAGGCATCGT-1,C57BL6,0,0
CGATGAGAGGGGTAAT-1,C57BL6,0,0
CGATGAGAGGTATATC-1,OTI,2,16
CGATGAGAGGTTAGGG-1,C57BL6,0,0
CGATGATGTCATCTCA-1,OTI,4,31
CGATGATGTCATGTGG-1,OTI,4,127
CGATGATGTCGATGGC-1,C57BL6,0,0
CGATGATGTCGCGCTC-1,OTI,2,57
CGATGATGTCGTTCTA-1,OTI,2,48
CGATGATGTCTGTATT-1,C57BL6,1,5
CGATGATGTGGACTAT-1,OTI,2,90
CGATGATGTGGGAGTG-1,OTI,3,17
CGATGATGTGTCGAGC-1,OTI,4,197
CGATGGAAGAATCAAG-1,C57BL6,1,24
CGATGGAAGACGATGG-1,OTI,4,22
CGATGGAAGATAGTAG-1,OTI,0,0
CGATGGAAGCAAGACG-1,C57BL6,1,4
CGATGGAAGCCATAAT-1,OTI,1,20
CGATGGAAGCGTGCAT-1,C57BL6,6,40
CGATGGAAGGCGCATT-1,C57BL6,0,0
CGATGGAAGGGAAGCC-1,OTI,6,9
CGATGGCGTAACATTG-1,OTI,12,244
CGATGGCGTACAGCGC-1,OTI,1,12
CGATGGCGTACGTGCA-1,OTI,0,0
CGATGGCGTAGGCAGG-1,OTI,4,254
CGATGGCGTCTATGGG-1,C57BL6,0,0
CGATGGCGTCTTGGTC-1,OTI,1,3
CGATGGCGTGCTAAGT-1,OTI,3,175
CGATGGCGTGGAACGG-1,OTI,0,0
CGATGGCGTGTGTCAG-1,C57BL6,0,0
CGATGGCGTGTTGCAG-1,OTI,3,33
CGATGGGCAAGGGTCG-1,OTI,2,75
CGATGGGCAATAGCCT-1,OTI,3,318
CGATGGGCACCGCATA-1,OTI,4,502
CGATGGGCACTGTAAC-1,OTI,3,10
CGATGGGCAGTATGGA-1,OTI,1,18
CGATGGTTCATTGTCC-1,OTI,6,200
CGATGGTTCCGCACTC-1,OTI,9,177
CGATGGTTCCGTTACT-1,OTI,5,45
CGATGGTTCGCGCAAT-1,C57BL6,0,0
CGATGGTTCGGTCCCT-1,OTI,4,46
CGATGGTTCGTCCAAA-1,OTI,8,627
CGATGTATCAAGCCTA-1,C57BL6,0,0
CGATGTATCACAACAT-1,C57BL6,0,0
CGATGTATCAGGGCAA-1,OTI,0,0
CGATGTATCCCTGCAC-1,OTI,5,97
CGATGTATCCGGTCGA-1,OTI,2,56
CGATGTATCCTTCGCA-1,C57BL6,0,0
CGATGTATCGGTTCCC-1,C57BL6,2,9
CGATGTATCGGTTGGT-1,OTI,1,190
CGATGTTCAACTCGAT-1,C57BL6,0,0
CGATGTTCAACTGAAG-1,OTI,1,161
CGATGTTCAATCATCA-1,C57BL6,0,0
CGATGTTCAATTCAGC-1,C57BL6,0,0
CGATGTTCAATTCTAG-1,OTI,1,9
CGATGTTCACGTATCG-1,C57BL6,0,0
CGATGTTCAGCTATTA-1,C57BL6,1,9
CGATGTTCAGGGGCTA-1,C57BL6,0,0
CGATTACCAAATATCT-1,OTI,2,6
CGATTACCAACATCCG-1,C57BL6,0,0
CGATTACCAAGTATAA-1,OTI,2,14
CGATTACCAATATGCC-1,OTI,3,144
CGATTACCAATCGGCC-1,OTI,1,6
CGATTACCACCAACAT-1,C57BL6,2,15
CGATTACCACCAGATT-1,OTI,13,417
CGATTATAGAGTAAGC-1,OTI,3,230
CGATTATAGATGTATC-1,C57BL6,0,0
CGATTATAGCAGGGTA-1,OTI,8,132
CGATTCAAGATGAGTA-1,OTI,4,393
CGATTCCGTACAACGT-1,OTI,2,295
CGATTCCGTATCTCAT-1,OTI,5,74
CGATTCCGTATCTCGC-1,OTI,7,93
CGATTCCGTCACCCGC-1,OTI,2,7
CGATTCCGTCATCTTG-1,OTI,0,0
CGATTGCAGAAGGTGT-1,C57BL6,0,0
CGATTGCAGAGGGCGT-1,OTI,1,163
CGATTGCAGCACCGCA-1,C57BL6,4,5
CGATTGCAGCACGCCA-1,OTI,3,67
CGATTGCAGCCTTAGA-1,OTI,4,129
CGATTGCAGCGAAACG-1,OTI,5,311
CGATTGCAGCTGGCAT-1,OTI,0,0
CGATTGCAGGTCAATT-1,OTI,0,0
CGATTGGGTAACAGAG-1,OTI,2,47
CGATTGGGTCATGGGC-1,C57BL6,1,8
CGATTGGGTCCATCCG-1,OTI,2,9
CGATTGGGTCCATTCA-1,OTI,2,51
CGATTGGGTCCCTTGG-1,OTI,2,588
CGATTGGGTGGCACGT-1,OTI,2,169
CGATTTACAACCAACT-1,OTI,2,77
CGATTTACAATCGGGG-1,OTI,0,0
CGATTTACACTAGCGC-1,OTI,4,32
CGATTTACACTAGGCC-1,C57BL6,0,0
CGATTTACACTGACAT-1,OTI,6,37
CGATTTACAGCTAACT-1,OTI,4,286
CGATTTGAGACGCGAA-1,C57BL6,0,0
CGATTTGAGACGTTAT-1,OTI,0,0
CGATTTGAGAGTCCAC-1,OTI,0,0
CGATTTGAGAGTGCAG-1,C57BL6,0,0
CGATTTGAGCATTTGG-1,OTI,4,158
CGATTTGAGGGTAGGC-1,OTI,1,57
CGATTTGAGGTAAGAC-1,OTI,1,130
CGATTTGAGGTTGCCG-1,C57BL6,0,0
CGATTTGAGGTTGGTC-1,C57BL6,2,4
CGCAAATGTCCTTATG-1,C57BL6,2,7
CGCAAATGTCGAAGGG-1,OTI,4,76
CGCAAATGTCGAGCGT-1,OTI,6,137
CGCAAATGTCGTATGG-1,OTI,0,0
CGCAAATGTCGTGTTC-1,OTI,3,24
CGCAAATGTCTCGTCG-1,C57BL6,1,8
CGCAAATGTGTCATCC-1,OTI,2,28
CGCAACCCAAAATTCT-1,OTI,5,94
CGCAACCCAACGGGAT-1,OTI,5,474
CGCAACCCAAGCAGTA-1,C57BL6,0,0
CGCAACCCAAGTCCAT-1,OTI,3,57
CGCAACCCACTGAAAG-1,OTI,3,161
CGCAACCCAGCACGCT-1,OTI,1,5
CGCAACCCAGTATAGG-1,C57BL6,0,0
CGCAACCCAGTGCTCA-1,OTI,5,66
CGCAATATCACATACG-1,OTI,2,18
CGCAATATCACTCTCG-1,OTI,8,171
CGCAATATCATAACAC-1,OTI,6,361
CGCAATATCCCTATTA-1,C57BL6,0,0
CGCAATATCCGGGATT-1,C57BL6,2,2
CGCAATATCGTAGTCA-1,C57BL6,2,11
CGCAATTCAACCCTCT-1,OTI,3,49
CGCAATTCAAGCCGTC-1,C57BL6,0,0
CGCAATTCACCAGCTA-1,C57BL6,1,22
CGCAATTCAGGTTCGC-1,OTI,1,37
CGCACATAGAACCATT-1,OTI,0,0
CGCACATAGAACCCAC-1,C57BL6,0,0
CGCACATAGAATTACC-1,OTI,5,104
CGCACATAGATCCACA-1,OTI,0,0
CGCACATAGCACCTCC-1,C57BL6,0,0
CGCACATAGCTAGGTC-1,OTI,3,87
CGCACCCGTACCCTTA-1,C57BL6,1,148
CGCACCCGTGTGTATA-1,C57BL6,0,0
CGCACCCGTGTGTTAA-1,OTI,1,10
CGCACGTCAATGGTCT-1,OTI,2,22
CGCACGTCACAGGTAA-1,OTI,3,25
CGCACGTCACCACGGT-1,OTI,0,0
CGCACGTCACTCACGA-1,C57BL6,3,18
CGCACGTCACTCTAGG-1,C57BL6,0,0
CGCACGTCACTGGGAG-1,C57BL6,1,1
CGCACGTCAGGTATCT-1,OTI,0,0
CGCACGTCAGTTGGTT-1,OTI,1,1
CGCACTACAAGTGCAA-1,C57BL6,2,15
CGCACTACAATTAACT-1,C57BL6,0,0
CGCACTACACATAATT-1,OTI,1,32
CGCACTACACCACTAG-1,OTI,8,272
CGCACTCTCAAGGGCA-1,OTI,3,143
CGCACTCTCATTGGCA-1,OTI,0,0
CGCACTCTCCCACTAT-1,OTI,0,0
CGCACTCTCCGGTCCT-1,OTI,11,834
CGCAGCATCAATTGGT-1,OTI,0,0
CGCAGCATCCTTAGTC-1,OTI,7,38
CGCAGCTCAAACTCCG-1,OTI,2,15
CGCAGCTCAAGCATTC-1,OTI,5,331
CGCAGCTCAAGGTAAT-1,OTI,3,246
CGCAGCTCACACAAGA-1,OTI,0,0
CGCAGGACAACTGAAG-1,OTI,3,102
CGCAGGACAGGGTCTC-1,OTI,5,94
CGCAGTAGTAAACGCT-1,OTI,1,3
CGCAGTAGTACAACGT-1,OTI,7,209
CGCAGTAGTCTCGCTG-1,OTI,1,35
CGCAGTAGTGCGGAGA-1,OTI,1,11
CGCAGTAGTGGTCTAG-1,C57BL6,0,0
CGCAGTCCAACTTAGC-1,OTI,5,175
CGCAGTCCAATCATCA-1,C57BL6,0,0
CGCAGTCCACAACATC-1,OTI,4,77
CGCAGTCCACGTTAGT-1,OTI,2,104
CGCAGTCCAGCTCGGT-1,C57BL6,0,0
CGCAGTTAGAATGCGG-1,C57BL6,0,0
CGCAGTTAGACATATC-1,OTI,1,3
CGCAGTTAGAGAGGAA-1,C57BL6,0,0
CGCAGTTAGATGCGGA-1,OTI,5,279
CGCATAATCAACCAAT-1,OTI,3,451
CGCATAATCCGAAGTC-1,C57BL6,1,1
CGCATAATCGTACGGT-1,OTI,4,89
CGCATAATCGTCTCTG-1,C57BL6,0,0
CGCATACAGACATAGA-1,C57BL6,1,7
CGCATACAGAGCGATG-1,C57BL6,1,52
CGCATACAGAGGCGGT-1,C57BL6,0,0
CGCATAGGTAAGCAAG-1,C57BL6,0,0
CGCATAGGTACAGGCC-1,C57BL6,1,3
CGCATAGGTCAGGTTG-1,C57BL6,0,0
CGCATAGGTGCCTTGT-1,OTI,5,572
CGCATAGGTGGATTCG-1,OTI,3,3
CGCATAGGTGGCGCAT-1,C57BL6,1,4
CGCATAGGTGGCTTTC-1,OTI,2,31
CGCATAGGTGTTAAGC-1,C57BL6,1,4
CGCATATCAACGAGGT-1,OTI,1,1
CGCATATCAACGTGCC-1,OTI,4,37
CGCATATCAATCTCTT-1,OTI,4,336
CGCATATCACACTCAG-1,C57BL6,0,0
CGCATATCAGCCTCTT-1,C57BL6,0,0
CGCATATCAGTGTGGG-1,OTI,0,0
CGCATCACAAACGGTA-1,C57BL6,2,47
CGCATCACAAAGCTAG-1,C57BL6,0,0
CGCATCACACCAGCTA-1,OTI,1,31
CGCATCACAGGAGCCA-1,C57BL6,0,0
CGCATCGAGCATGGAG-1,OTI,4,274
CGCATCGAGCCAGCAT-1,C57BL6,1,42
CGCATCGAGCCTCGAG-1,C57BL6,0,0
CGCATCGAGCGGGGAT-1,OTI,3,113
CGCATCGAGCGTGTCG-1,C57BL6,0,0
CGCATCGAGGGTCGTT-1,C57BL6,0,0
CGCATCGAGGTATGGG-1,OTI,5,37
CGCATCTGTAAATCCA-1,C57BL6,0,0
CGCATCTGTAATTTCC-1,OTI,3,44
CGCATCTGTAGTGTTA-1,C57BL6,1,39
CGCATCTGTATCCTAT-1,C57BL6,0,0
CGCATCTGTCTAACCC-1,C57BL6,1,4
CGCATCTGTGTGCAAT-1,C57BL6,0,0
CGCATCTGTGTGGATT-1,OTI,1,117
CGCATGGTCACCTCTG-1,C57BL6,0,0
CGCATGGTCATGCTTC-1,C57BL6,1,1
CGCATGGTCCATTGCT-1,OTI,2,164
CGCATGGTCGTACGTA-1,OTI,2,53
CGCATGGTCGTCAAGC-1,C57BL6,0,0
CGCATGGTCGTCATTC-1,OTI,1,6
CGCATTAAGCTCGTAA-1,OTI,5,117
CGCATTAAGGGAGTAT-1,C57BL6,6,6
CGCATTAAGGTATTGT-1,C57BL6,2,17
CGCATTCGTACTCTAT-1,C57BL6,1,3
CGCATTCGTCACACTC-1,OTI,0,0
CGCATTCGTCCGCTTG-1,OTI,3,66
CGCATTCGTCTTCAAT-1,C57BL6,1,2
CGCCAACCAAAACCTC-1,C57BL6,0,0
CGCCAACCAAAAGGCC-1,C57BL6,0,0
CGCCAACCAAAGGACC-1,OTI,1,77
CGCCAACCAACTGCCA-1,OTI,2,122
CGCCAACCACACCGTA-1,OTI,3,180
CGCCAATAGACAGTTT-1,C57BL6,1,17
CGCCAATAGACCCACG-1,OTI,0,0
CGCCAATAGAGAGAGA-1,OTI,3,482
CGCCAATAGCACCTCC-1,OTI,1,9
CGCCAATAGCATAGGG-1,C57BL6,0,0
CGCCAATAGCCATACA-1,OTI,7,161
CGCCAATAGCGATTAT-1,OTI,3,204
CGCCAATAGGTAGAAC-1,OTI,7,48
CGCCACAAGAGGGTGC-1,OTI,3,38
CGCCACAAGATCGGAG-1,C57BL6,2,15
CGCCACAAGGCACCCA-1,C57BL6,1,3
CGCCACAAGGGCTTCG-1,OTI,8,586
CGCCATACAATACGCT-1,C57BL6,2,28
CGCCATACAATCCTAA-1,C57BL6,1,4
CGCCATACAATGGTCT-1,OTI,1,2
CGCCATACAATTACCA-1,C57BL6,1,43
CGCCATACAATTCGTA-1,C57BL6,1,2
CGCCATACACCACGTA-1,C57BL6,0,0
CGCCATACACTTATAG-1,OTI,1,40
CGCCATACACTTGACG-1,OTI,3,8
CGCCATACAGGCGACA-1,C57BL6,0,0
CGCCATACAGTGCGAG-1,OTI,1,15
CGCCATTGTAACTCGG-1,OTI,3,463
CGCCATTGTACTTCGC-1,OTI,1,1
CGCCATTGTATAGGCT-1,OTI,0,0
CGCCATTGTATCTCGC-1,C57BL6,0,0
CGCCATTGTCCGTAAG-1,OTI,4,187
CGCCATTGTCCGTTGT-1,OTI,3,316
CGCCATTGTCGCACCC-1,OTI,5,218
CGCCATTGTCGTTCTA-1,OTI,5,49
CGCCCAAAGAAGCTAA-1,OTI,2,7
CGCCCAAAGACACGGA-1,OTI,2,48
CGCCCAAAGAGAGGAA-1,OTI,5,233
CGCCCAAAGAGGCTGA-1,OTI,3,61
CGCCCAAAGCAGGGGT-1,OTI,5,209
CGCCCAAAGCCATTGA-1,OTI,3,174
CGCCCAAAGCGTACAC-1,C57BL6,0,0
CGCCCAAAGGTTCAGC-1,OTI,0,0
CGCCCATTCAAAGCAA-1,OTI,7,96
CGCCCATTCAGCAATT-1,OTI,4,78
CGCCCATTCAGCCTCC-1,OTI,1,3
CGCCCATTCCCAGCCT-1,C57BL6,0,0
CGCCCATTCCCTACCA-1,C57BL6,0,0
CGCCCATTCCGGTAAC-1,OTI,1,1
CGCCCATTCGTAGCGT-1,OTI,3,9
CGCCCGTGTAAGGTTC-1,OTI,2,61
CGCCCGTGTAAGTGAG-1,OTI,2,19
CGCCCGTGTACGAGTT-1,OTI,1,21
CGCCCGTGTATGCCTC-1,OTI,1,6
CGCCCGTGTCATACAA-1,OTI,0,0
CGCCCGTGTCCAGCTT-1,C57BL6,2,15
CGCCCGTGTCGTCTTA-1,C57BL6,1,5
CGCCCGTGTGTCTTAT-1,OTI,5,194
CGCCCTAGTAGAGGTA-1,C57BL6,0,0
CGCCCTAGTAGCGTCA-1,C57BL6,0,0
CGCCCTAGTAGTCTCC-1,OTI,2,59
CGCCCTAGTATGTACA-1,OTI,4,43
CGCCCTAGTCATGTGG-1,OTI,5,78
CGCCCTAGTCGATAGT-1,OTI,0,0
CGCCCTAGTCGCTAAG-1,OTI,0,0
CGCCCTAGTCTCGGTT-1,OTI,0,0
CGCCGTCGTACTATGA-1,C57BL6,1,1
CGCCGTCGTAGCGTTG-1,C57BL6,0,0
CGCCGTCGTAGCTGGC-1,C57BL6,1,5
CGCCGTCGTCCTGCGC-1,OTI,1,6
CGCCGTCGTCTGCATC-1,C57BL6,1,7
CGCCGTCGTGGGTTAT-1,C57BL6,1,10
CGCCGTTTCAACCCAA-1,OTI,3,486
CGCCGTTTCACTTCGT-1,OTI,6,6
CGCCGTTTCAGCAGTC-1,C57BL6,0,0
CGCCGTTTCCAGCCCT-1,OTI,0,0
CGCCGTTTCCCACCTA-1,OTI,4,76
CGCCTAACAAACGGTA-1,OTI,1,65
CGCCTAACAAGGACCG-1,OTI,0,0
CGCCTAACAAGTGTTC-1,C57BL6,0,0
CGCCTAACAATCGAGA-1,OTI,2,7
CGCCTAACACCGCAGT-1,C57BL6,2,2
CGCCTAACACTAAACC-1,OTI,0,0
CGCCTAACACTGGAGG-1,OTI,4,45
CGCCTAACAGGTTCAT-1,OTI,1,10
CGCCTAACAGTCGGTC-1,OTI,1,3
CGCCTACTCAACCCTT-1,C57BL6,0,0
CGCCTACTCAAGTCGC-1,OTI,0,0
CGCCTACTCATAACTA-1,C57BL6,6,69
CGCCTACTCATAATTG-1,OTI,3,118
CGCCTACTCCTAGCCC-1,OTI,1,4
CGCCTACTCCTGATTC-1,OTI,1,40
CGCCTACTCGCATAGC-1,C57BL6,0,0
CGCCTAGAGACAGCCT-1,OTI,3,51
CGCCTAGAGCCTGGTG-1,OTI,4,37
CGCCTAGAGCTAATAC-1,OTI,5,144
CGCCTAGAGGGGGTAC-1,OTI,22,580
CGCCTATGTACGCTGA-1,OTI,4,60
CGCCTATGTATGCCAG-1,OTI,0,0
CGCCTATGTCAGCAAT-1,OTI,5,48
CGCCTATGTCGCGTGG-1,C57BL6,1,1
CGCCTATGTGGAGCCT-1,C57BL6,4,5
CGCCTATGTGTTCGTC-1,OTI,1,84
CGCCTGAAGGCCTGAT-1,C57BL6,0,0
CGCCTGAAGGTAGCAG-1,OTI,6,68
CGCCTGAAGGTATTGT-1,OTI,2,83
CGCGAAGCAATCAGCT-1,C57BL6,0,0
CGCGAAGCACCGCATA-1,C57BL6,0,0
CGCGAAGCACTGGCAC-1,OTI,3,34
CGCGAAGCAGTCTAAC-1,OTI,2,34
CGCGACTCAATGCAGA-1,OTI,3,30
CGCGACTCAATGTGTC-1,C57BL6,0,0
CGCGACTCACTAAACC-1,OTI,3,17
CGCGATTAGAATCTGT-1,OTI,4,119
CGCGATTAGGGGTTAG-1,OTI,3,36
CGCGATTAGGGTAGCA-1,OTI,3,46
CGCGATTAGGGTTCGT-1,OTI,5,67
CGCGATTAGGTAAGCG-1,OTI,2,103
CGCGATTAGGTCTGCG-1,OTI,0,0
CGCGCATCAACACCCA-1,OTI,2,102
CGCGCATCAACCAAGA-1,C57BL6,0,0
CGCGCATCAACGCAGG-1,C57BL6,1,33
CGCGCATCAATATGTT-1,OTI,1,79
CGCGCATCACATACCG-1,C57BL6,1,10
CGCGCATCACCGCTAA-1,OTI,1,8
CGCGCATCAGCATGGG-1,OTI,0,0
CGCGCTCGTAACTCGG-1,C57BL6,1,1
CGCGCTCGTAGGCTCA-1,OTI,6,191
CGCGCTCGTCAGTATA-1,OTI,0,0
CGCGCTCGTCCGGCCT-1,OTI,1,11
CGCGCTCGTCTCATAT-1,OTI,10,214
CGCGCTCGTGCAATGT-1,OTI,4,94
CGCGCTCGTGGATGGG-1,OTI,0,0
CGCGCTCGTGGCTAGC-1,OTI,6,94
CGCGCTCGTGTTAATG-1,C57BL6,0,0
CGCGGATGTAGTCCGA-1,OTI,4,42
CGCGGATGTATATGTG-1,C57BL6,1,2
CGCGGATGTATGCGCA-1,C57BL6,1,12
CGCGGATGTCAAACGT-1,OTI,5,21
CGCGGATGTCATGTGG-1,OTI,0,0
CGCGGATGTCTATTCG-1,OTI,1,86
CGCGGATGTCTGTTAT-1,OTI,8,116
CGCGGATGTGCCTGGG-1,OTI,1,309
CGCGGATGTGCTTTCA-1,OTI,2,57
CGCGGATGTGGCTCCC-1,OTI,3,1230
CGCGGTATCACGCCTC-1,C57BL6,1,22
CGCGGTATCAGGAATA-1,OTI,1,1
CGCGGTATCAGGGGTA-1,OTI,1,469
CGCGGTATCCGCATGG-1,OTI,8,56
CGCGGTATCGCTACTT-1,C57BL6,1,5
CGCGGTATCGGTCGCA-1,OTI,0,0
CGCGGTATCGTATCGA-1,OTI,2,1255
CGCGTAAGTAACATGC-1,OTI,5,166
CGCGTAAGTAACGAAG-1,OTI,5,95
CGCGTAAGTAATGTCA-1,OTI,4,224
CGCGTAAGTACCCGTT-1,OTI,1,34
CGCGTAAGTACTCGAG-1,OTI,0,0
CGCGTAAGTCAATGCG-1,C57BL6,2,18
CGCGTAAGTCACATGG-1,OTI,3,24
CGCGTAAGTCGACAGC-1,OTI,1,4
CGCGTACCAACTCACG-1,C57BL6,1,5
CGCGTACCAACTTCAA-1,C57BL6,1,11
CGCGTACCAATCGCGC-1,OTI,0,0
CGCGTACCACCACTAG-1,OTI,1,1
CGCGTACCACTGGGGA-1,C57BL6,2,3
CGCGTATAGAAAGCCG-1,OTI,6,78
CGCGTATAGAACGATA-1,OTI,4,24
CGCGTATAGACGAGGC-1,C57BL6,0,0
CGCGTATAGCACCACG-1,OTI,2,49
CGCGTATAGCATGCGT-1,OTI,2,28
CGCGTATAGCTCCGGA-1,C57BL6,0,0
CGCGTATAGGGAATCG-1,OTI,3,21
CGCGTCAAGCCTCACC-1,C57BL6,2,5
CGCGTCAAGCCTCTTG-1,C57BL6,9,138
CGCGTCAAGGCGAGTA-1,OTI,3,85
CGCGTCAAGGCTTTAG-1,OTI,6,75
CGCGTCAAGGGCCTTG-1,OTI,1,3
CGCGTCAAGGTTCTAG-1,OTI,6,617
CGCGTCCGTATGTGTA-1,OTI,3,247
CGCGTCCGTCGTTTCA-1,OTI,4,1295
CGCGTCCGTCTGTACC-1,C57BL6,0,0
CGCGTGGGTACGTTGG-1,C57BL6,0,0
CGCGTGGGTATACTTC-1,C57BL6,0,0
CGCGTGGGTATGCTCC-1,OTI,2,51
CGCGTGGGTCCTACGT-1,OTI,1,681
CGCGTGGGTCTACTGC-1,C57BL6,2,43
CGCGTGGGTCTTAGCC-1,OTI,1,13
CGCGTGGGTGGTTAGT-1,OTI,7,247
CGCGTTACAACATCCG-1,OTI,1,21
CGCGTTACAATATTAC-1,C57BL6,0,0
CGCGTTACACAACATC-1,C57BL6,0,0
CGCGTTACACACTCGA-1,OTI,1,5
CGCGTTACACGCACTA-1,C57BL6,0,0
CGCGTTACAGCAAGAC-1,C57BL6,0,0
CGCGTTACAGCATGAA-1,OTI,1,5
CGCGTTACAGTACGAA-1,OTI,1,9
CGCGTTACAGTGCGAG-1,OTI,5,98
CGCTAAATCACAGCTA-1,C57BL6,0,0
CGCTAAATCACTCCTG-1,OTI,0,0
CGCTAAATCACTTCGT-1,OTI,1,8
CGCTAAATCATACGTG-1,C57BL6,0,0
CGCTAAATCATTAAGC-1,OTI,3,31
CGCTAAATCCAAGTAT-1,C57BL6,0,0
CGCTAAATCGGACTTA-1,OTI,3,105
CGCTAAATCGGCTTAA-1,OTI,5,824
CGCTAAATCGTATGTG-1,OTI,8,239
CGCTAAGGTAGCCCTT-1,C57BL6,0,0
CGCTAAGGTAGGACGG-1,C57BL6,0,0
CGCTAAGGTCGTGTTC-1,OTI,4,33
CGCTAAGGTCTAACGG-1,OTI,5,130
CGCTACCTCAGGGCAA-1,OTI,1,5
CGCTACCTCATACCCT-1,OTI,0,0
CGCTACCTCCAGCCCT-1,OTI,4,22
CGCTACCTCCTAAAGT-1,OTI,2,28
CGCTACCTCGGGTATC-1,C57BL6,1,5
CGCTACCTCGTAGCGT-1,OTI,1,9
CGCTATAAGAAACTAG-1,OTI,1,25
CGCTATAAGACAAGCG-1,OTI,1,3
CGCTATAAGACCCCGA-1,OTI,2,69
CGCTATAAGATGACGG-1,OTI,6,355
CGCTATAAGCTTAAGT-1,OTI,5,135
CGCTATAAGGGTAGTG-1,OTI,0,0
CGCTATCGTACTGGAT-1,OTI,3,35
CGCTATCGTGGAACTT-1,OTI,1,14
CGCTATCGTGTGCCCC-1,OTI,4,13
CGCTATCGTGTGTCGA-1,OTI,2,1645
CGCTATCGTGTTGCAG-1,OTI,0,0
CGCTCAACAAAACCAG-1,OTI,6,8
CGCTCAACAAAAGCCA-1,OTI,3,25
CGCTCAACAATACGGA-1,OTI,5,96
CGCTCAACAATCACGT-1,OTI,1,1
CGCTCAACACGGGTAG-1,OTI,2,8
CGCTCGAAGAAAGTCA-1,OTI,1,129
CGCTCGAAGAGAAGCT-1,OTI,4,82
CGCTCGAAGCACGAAG-1,C57BL6,1,1
CGCTCGAAGCACTACA-1,OTI,4,62
CGCTCGAAGGGAATTA-1,OTI,0,0
CGCTCGCGTCGACTTC-1,OTI,1,17
CGCTCGCGTCTGGTAG-1,C57BL6,2,19
CGCTCGCGTGGAACGG-1,OTI,3,153
CGCTCGCGTGGCGGTT-1,OTI,4,301
CGCTCGCGTGGGCAAG-1,OTI,3,123
CGCTCGCGTGTAAGTC-1,OTI,5,64
CGCTCGCGTGTCGGGT-1,OTI,5,120
CGCTCGCGTGTGGTCA-1,C57BL6,1,14
CGCTCTATCACCTACT-1,OTI,1,4
CGCTCTATCAGAGAAC-1,OTI,0,0
CGCTCTATCAGTGCTA-1,OTI,0,0
CGCTCTATCATCCGCC-1,C57BL6,0,0
CGCTCTATCCCACGCT-1,C57BL6,0,0
CGCTCTATCCCTACAT-1,C57BL6,2,19
CGCTCTATCCGGAAAG-1,OTI,1,21
CGCTCTATCGCCCGTT-1,OTI,0,0
CGCTCTATCGCCCTAC-1,OTI,0,0
CGCTCTATCGGTAATT-1,OTI,3,101
CGCTCTGGTACAAGAG-1,OTI,8,152
CGCTCTGGTACGTTGG-1,OTI,3,160
CGCTCTGGTACTATTC-1,C57BL6,0,0
CGCTCTGGTGTCACGA-1,OTI,0,0
CGCTGACCAAATTGGG-1,OTI,10,176
CGCTGACCAACGGTCC-1,C57BL6,1,7
CGCTGACCAAGGCGCA-1,C57BL6,4,141
CGCTGACCAATATCTG-1,OTI,4,51
CGCTGACCAGCACACC-1,OTI,0,0
CGCTGACCAGCATCGC-1,OTI,3,21
CGCTGACCAGCTACAT-1,C57BL6,4,86
CGCTGATAGAACGGCA-1,C57BL6,0,0
CGCTGATAGAGTCAGG-1,C57BL6,5,5
CGCTGATAGAGTCCCG-1,OTI,10,367
CGCTGATAGCAACCCG-1,OTI,3,33
CGCTGATAGCAGTATT-1,OTI,3,24
CGCTGATAGCGTACCG-1,C57BL6,4,5
CGCTGATAGCGTTAGC-1,OTI,0,0
CGCTGATAGGGATTAA-1,OTI,4,22
CGCTGATAGGGGAGCT-1,C57BL6,0,0
CGCTGCAAGATGTAGA-1,C57BL6,1,4
CGCTGCAAGCCCTTAT-1,C57BL6,0,0
CGCTGCAAGCCTCTTG-1,OTI,2,169
CGCTGCAAGCTTAAGT-1,OTI,2,46
CGCTGCAAGGCTCTAA-1,C57BL6,3,18
CGCTGCAAGGTCTGTA-1,OTI,4,395
CGCTGCCGTACATCTT-1,OTI,3,89
CGCTGCCGTAGGCTTG-1,OTI,5,154
CGCTGCCGTCATCTTG-1,C57BL6,1,6
CGCTGCCGTCCAACTC-1,C57BL6,0,0
CGCTGCCGTCGCTCTG-1,OTI,3,99
CGCTGCCGTCTTATAC-1,C57BL6,0,0
CGCTGCCGTGCGTAGC-1,OTI,5,1413
CGCTGCCGTGCTGCCC-1,OTI,2,114
CGCTGGGGTCGACCCC-1,OTI,2,11
CGCTGGGGTCGTAGGC-1,OTI,4,71
CGCTGGGGTGCTCGGG-1,C57BL6,0,0
CGCTGGGGTGGGTAGG-1,C57BL6,1,5
CGCTGTGAGACTGTTG-1,OTI,0,0
CGCTGTGAGATAGCGG-1,C57BL6,0,0
CGCTGTGAGCATCTAG-1,C57BL6,1,20
CGCTGTGAGCGTAGAG-1,C57BL6,1,14
CGCTGTGAGCTCTCAT-1,C57BL6,0,0
CGCTGTGAGCTTCGTT-1,OTI,0,0
CGCTGTGAGGCAACAG-1,OTI,1,51
CGCTGTGAGGGCCTTG-1,OTI,4,182
CGCTTCATCACTCCTG-1,C57BL6,0,0
CGCTTCATCCATGGGT-1,OTI,1,592
CGCTTCATCGCTGTGG-1,OTI,4,124
CGCTTCATCGGACACT-1,OTI,0,0
CGCTTCGGTAAAGCCT-1,C57BL6,0,0
CGCTTCGGTAAGTGTC-1,OTI,3,157
CGCTTCGGTACAGGCC-1,OTI,5,6
CGCTTCGGTAGTCTCC-1,C57BL6,0,0
CGCTTCGGTAGTGTTA-1,C57BL6,0,0
CGCTTCGGTCACGAAT-1,C57BL6,1,1
CGCTTCGGTCACTTAT-1,C57BL6,0,0
CGCTTGCTCAGTTGGC-1,OTI,2,75
CGCTTGCTCGGCGTTG-1,C57BL6,1,6
CGCTTGCTCGTAATCG-1,C57BL6,0,0
CGCTTGCTCGTCAAAT-1,OTI,3,188
CGCTTGGAGACACGGA-1,C57BL6,1,5
CGCTTGGAGACCATGC-1,C57BL6,0,0
CGCTTGGAGCCAGCAT-1,OTI,2,11
CGCTTGGAGGGTGAAT-1,C57BL6,0,0
CGCTTGGAGGTCTCCC-1,OTI,2,11
CGCTTGTGTAAGCATC-1,C57BL6,5,5
CGCTTGTGTACCTTTG-1,OTI,3,420
CGCTTGTGTATTGTCT-1,C57BL6,1,4
CGCTTGTGTCAGCTCT-1,OTI,8,110
CGCTTGTGTCCTTTGA-1,C57BL6,0,0
CGCTTGTGTGTCTTAT-1,OTI,4,367
CGCTTTAGTAACGCTG-1,C57BL6,0,0
CGCTTTAGTAGGACGG-1,OTI,1,1
CGCTTTAGTAGTGTTA-1,OTI,5,277
CGCTTTAGTCTACGCT-1,OTI,3,182
CGCTTTAGTCTCTAAT-1,OTI,4,382
CGCTTTCCAAACACTC-1,OTI,3,218
CGCTTTCCAACTTACA-1,C57BL6,2,33
CGCTTTCCACACTATA-1,C57BL6,2,48
CGCTTTCCAGGCCTTA-1,C57BL6,0,0
CGGAAACCAAAGTTCC-1,OTI,5,658
CGGAAACCAACATACC-1,C57BL6,1,4
CGGAAACCAACGAACA-1,C57BL6,0,0
CGGAAACCAAGTGGGT-1,OTI,3,261
CGGAAACCACAATACC-1,C57BL6,1,38
CGGAAACCACGTTCAG-1,C57BL6,0,0
CGGAAACCAGGCGACA-1,OTI,2,43
CGGAAACCAGTACGGG-1,OTI,2,17
CGGAAACCAGTCATCG-1,C57BL6,0,0
CGGAAAGTCCGGACCA-1,OTI,0,0
CGGAAAGTCCGGTTAA-1,C57BL6,2,14
CGGAAAGTCGTGCAAC-1,OTI,3,36
CGGAATCTCACATCTC-1,C57BL6,0,0
CGGAATCTCCCGCCAT-1,OTI,0,0
CGGAATCTCCCGTCTA-1,OTI,5,30
CGGAATCTCCGTACAA-1,C57BL6,0,0
CGGAATCTCGTAGTTG-1,OTI,2,12
CGGAATGAGAACCCCG-1,C57BL6,1,4
CGGAATGAGCGAATTT-1,OTI,3,102
CGGAATGAGGTTGGTC-1,OTI,3,90
CGGAATTGTAACAGAG-1,OTI,13,166
CGGAATTGTACATAGC-1,C57BL6,0,0
CGGAATTGTCCTTTAG-1,OTI,1,10
CGGAATTGTCTTAGTT-1,OTI,0,0
CGGAATTGTGCCAAAT-1,OTI,0,0
CGGAATTGTGCCTGGG-1,C57BL6,1,1
CGGAATTGTGTGCAAT-1,OTI,1,62
CGGACATTCCGTGAGT-1,OTI,1,217
CGGACATTCCTATGTC-1,OTI,4,37
CGGACCATCAATATCA-1,OTI,4,95
CGGACCATCACAACGC-1,C57BL6,1,12
CGGACCATCACATAAC-1,OTI,1,37
CGGACCATCACGACAC-1,OTI,0,0
CGGACCATCAGCGGTT-1,OTI,6,144
CGGACCATCATGGGTC-1,OTI,6,128
CGGACCATCCGTGAGT-1,OTI,0,0
CGGACCATCGTGGCAT-1,C57BL6,1,1
CGGACCTCAAAGCCAA-1,OTI,4,477
CGGACCTCAACACAGA-1,C57BL6,0,0
CGGACCTCAAGAATAC-1,OTI,2,18
CGGACCTCAAGACGAC-1,OTI,4,68
CGGACCTCAAGCATTC-1,OTI,1,10
CGGACCTCAAGGTTCT-1,OTI,7,441
CGGACCTCAATGGGGT-1,C57BL6,0,0
CGGACCTCACCTACGA-1,OTI,0,0
CGGACCTCAGTCTGCA-1,C57BL6,0,0
CGGATAGAGACATGTT-1,C57BL6,1,16
CGGATAGAGATTGAAG-1,OTI,4,71
CGGATAGAGCACAGCT-1,OTI,2,48
CGGATAGAGCATATGT-1,OTI,1,130
CGGATAGAGCCAAATT-1,C57BL6,1,10
CGGATAGAGCGAGTCT-1,C57BL6,0,0
CGGATATGTACGTCTC-1,OTI,3,30
CGGATATGTCAAAGCT-1,OTI,0,0
CGGATATGTCTAGTAA-1,OTI,2,92
CGGATATGTGCTCGGG-1,OTI,7,160
CGGATATGTGGGAGCA-1,OTI,3,112
CGGATTCAGCATTGCA-1,OTI,7,25
CGGATTCAGCCGTAAC-1,C57BL6,1,5
CGGATTCAGCCTAGCG-1,C57BL6,3,9
CGGATTCAGCGTTGCG-1,C57BL6,0,0
CGGATTCAGCTGCTAA-1,OTI,1,182
CGGATTCAGGGAGATT-1,OTI,4,40
CGGATTCAGGGGTAGC-1,C57BL6,3,46
CGGCAAGCAACACTTA-1,OTI,13,167
CGGCAAGCAACCTAAC-1,C57BL6,0,0
CGGCAAGCACGTTTCC-1,OTI,6,125
CGGCAAGCAGCTCTAG-1,OTI,4,25
CGGCAATTCACAACAT-1,OTI,5,266
CGGCAATTCAGTACTG-1,C57BL6,1,8
CGGCAATTCATAACTA-1,C57BL6,2,71
CGGCAATTCCTCGCAC-1,OTI,0,0
CGGCAATTCGCACGTG-1,OTI,6,75
CGGCAATTCGGTTATG-1,C57BL6,0,0
CGGCACATCCGATGTA-1,C57BL6,2,13
CGGCACATCCTGTTCG-1,OTI,1,10
CGGCACTCAAATATCT-1,OTI,0,0
CGGCACTCAATCTCTT-1,OTI,3,26
CGGCACTCAATGGGAC-1,OTI,2,10
CGGCACTCACACTCGA-1,OTI,2,84
CGGCACTCACATAGCT-1,OTI,3,133
CGGCACTCACGGCACT-1,OTI,3,19
CGGCACTCAGGCATTT-1,OTI,0,0
CGGCACTCAGTGATTC-1,OTI,0,0
CGGCATGTCAAGGGTG-1,C57BL6,5,5
CGGCATGTCAGTGGCT-1,OTI,1,9
CGGCATGTCATATTAG-1,OTI,0,0
CGGCATGTCCCATGCC-1,OTI,5,67
CGGCATGTCCTAATCC-1,OTI,8,451
CGGCATGTCCTCCTCT-1,C57BL6,0,0
CGGCATGTCGCGAAAG-1,OTI,7,336
CGGCATGTCGCTTCAT-1,C57BL6,4,12
CGGCATGTCGGTAATT-1,OTI,4,255
CGGCATTAGAACGATA-1,OTI,0,0
CGGCATTAGAACTCAT-1,OTI,3,24
CGGCATTAGAATGTAG-1,OTI,2,302
CGGCATTAGACTGTTG-1,C57BL6,3,29
CGGCATTAGATAGTAG-1,OTI,4,38
CGGCATTAGCATTCAG-1,OTI,4,124
CGGCATTAGGTCTAGC-1,OTI,7,755
CGGCCTAAGAATGTTC-1,OTI,0,0
CGGCCTAAGCACTCAA-1,OTI,4,112
CGGCCTAAGCCATGAC-1,C57BL6,0,0
CGGCCTAAGGGCTAGA-1,OTI,0,0
CGGCCTAAGGGGTACA-1,OTI,0,0
CGGCCTTTCAATGGTT-1,OTI,6,94
CGGCCTTTCAGCCTCC-1,OTI,2,92
CGGCCTTTCATCGGAC-1,C57BL6,1,1
CGGCCTTTCATGTAAC-1,OTI,0,0
CGGCCTTTCCAGCCTC-1,C57BL6,0,0
CGGCCTTTCCCTAACT-1,OTI,6,420
CGGCCTTTCCGAATCA-1,OTI,4,263
CGGCCTTTCCTTCATA-1,OTI,2,16
CGGCCTTTCGCATACA-1,OTI,8,354
CGGCCTTTCGGACACT-1,OTI,2,67
CGGCCTTTCGGTTACA-1,OTI,5,290
CGGCGTATCATGTCAG-1,OTI,1,5
CGGCGTATCCACTTCG-1,OTI,0,0
CGGCGTATCCGTGAGT-1,OTI,2,586
CGGCTACCAACTCACG-1,OTI,5,181
CGGCTACCAATGCGAA-1,OTI,3,270
CGGCTACCACCCAAGC-1,C57BL6,1,7
CGGCTACCACCTTCTA-1,C57BL6,0,0
CGGCTACCACTAACCG-1,OTI,3,20
CGGCTACCACTGACGC-1,OTI,2,24
CGGCTACCAGTCCTAG-1,OTI,3,20
CGGCTCCGTAGCAGGG-1,C57BL6,2,42
CGGCTCCGTAGGAGTA-1,OTI,6,192
CGGCTCCGTCGTTAAA-1,OTI,2,21
CGGCTCCGTCTTGTCA-1,OTI,4,71
CGGCTGGGTCAGTCTC-1,OTI,0,0
CGGCTGGGTCTCATTG-1,C57BL6,0,0
CGGCTGGGTGTCGAGC-1,OTI,2,78
CGGCTTACAAGCGAGT-1,OTI,0,0
CGGCTTACACACAGAA-1,OTI,3,106
CGGCTTACACAGTCCA-1,OTI,3,21
CGGCTTACACCGACAC-1,OTI,1,19
CGGCTTACACTAATCA-1,OTI,0,0
CGGCTTACAGCATCGC-1,C57BL6,1,1
CGGCTTACAGTTACCG-1,OTI,4,119
CGGCTTCTCAGTACTG-1,OTI,0,0
CGGCTTCTCCATTCCG-1,OTI,2,103
CGGCTTCTCCCAGCTC-1,OTI,3,64
CGGCTTCTCGGTGGTT-1,OTI,4,261
CGGCTTCTCGTAAGCC-1,OTI,5,262
CGGCTTGAGACAATAG-1,C57BL6,2,56
CGGCTTGAGACCTATG-1,OTI,3,259
CGGCTTGAGCCTCTTG-1,OTI,4,141
CGGGAAATCAGGGTCT-1,C57BL6,0,0
CGGGAAATCATGATGT-1,OTI,2,405
CGGGAAATCCGGTAAC-1,OTI,6,368
CGGGAAATCCTAATCC-1,OTI,3,43
CGGGAAATCGGGCCTA-1,OTI,0,0
CGGGAAATCGTTGACA-1,OTI,6,65
CGGGATAAGGCCACAT-1,OTI,0,0
CGGGATAAGGTAGACG-1,OTI,5,114
CGGGATTTCAGCCGTG-1,OTI,6,74
CGGGATTTCCCGAAAC-1,OTI,7,673
CGGGATTTCCCTTCCT-1,OTI,3,305
CGGGATTTCGCGTAGT-1,C57BL6,0,0
CGGGATTTCGTATGCA-1,OTI,3,36
CGGGATTTCGTGGCCA-1,OTI,4,156
CGGGCATGTAACAGGA-1,OTI,2,62
CGGGCATGTAAGTAGG-1,C57BL6,2,8
CGGGCATGTATTACCT-1,OTI,2,153
CGGGCATGTGGGACCT-1,C57BL6,0,0
CGGGCATGTGTAGTGT-1,C57BL6,1,9
CGGGCATGTGTCCATC-1,OTI,2,260
CGGGCTATCACAGTTG-1,C57BL6,0,0
CGGGCTATCCGAACAC-1,OTI,3,58
CGGGGATAGACCCTTT-1,OTI,1,5
CGGGGATAGATCGTAT-1,OTI,1,1
CGGGGATAGGCTCTAA-1,OTI,7,153
CGGGGATAGGGAGCGT-1,OTI,2,109
CGGGGATAGGGGGCAT-1,OTI,1,6
CGGGGTACAAAGGCCG-1,OTI,3,75
CGGGGTACAAGCGGCA-1,OTI,3,345
CGGGGTACAAGGGTTA-1,OTI,8,575
CGGGGTACACTTCTCA-1,OTI,0,0
CGGGGTACAGTGTTAC-1,OTI,2,80
CGGGGTTGTACGTTCC-1,OTI,2,15
CGGGGTTGTCCAACTC-1,OTI,1,7
CGGGGTTGTCTTATAC-1,OTI,6,209
CGGGGTTGTGTATCTT-1,C57BL6,1,9
CGGGTAAAGAGGAGCC-1,C57BL6,2,9
CGGGTAAAGAGGTAAC-1,C57BL6,0,0
CGGGTAAAGCGCCAAT-1,OTI,2,103
CGGGTAAAGGCTATTG-1,OTI,4,16
CGGGTACGTAACAGGA-1,C57BL6,0,0
CGGGTACGTAATTTCC-1,OTI,2,19
CGGGTACGTATCAGGT-1,OTI,2,19
CGGGTACGTATTACCT-1,C57BL6,0,0
CGGGTACGTCCTTGTA-1,OTI,4,154
CGGGTACGTCTGGTGA-1,OTI,3,65
CGGGTACGTGGGAGCA-1,OTI,0,0
CGGGTAGCAATGCACT-1,C57BL6,0,0
CGGGTAGCAATGCTTA-1,OTI,1,11
CGGGTAGCACGGCTTA-1,C57BL6,0,0
CGGGTAGCAGTTAAGG-1,OTI,4,118
CGGGTATTCAACTCCT-1,C57BL6,0,0
CGGGTATTCCACCCTA-1,OTI,4,49
CGGGTATTCGTCAAAT-1,C57BL6,0,0
CGGGTCATCATGACCA-1,OTI,0,0
CGGGTCATCCCATACT-1,OTI,3,35
CGGGTCATCCTGTACT-1,C57BL6,2,2
CGGGTCATCGTCCATT-1,C57BL6,0,0
CGGGTCTCAAAACGGC-1,OTI,1,3
CGGGTCTCACCTAAAC-1,OTI,3,99
CGGGTCTCAGCACGCT-1,C57BL6,0,0
CGGGTTAGTACGCGCG-1,OTI,5,111
CGGGTTAGTACGTTCC-1,OTI,7,361
CGGGTTAGTAGCGTCA-1,OTI,4,52
CGGGTTAGTCTGGCCC-1,OTI,3,34
CGGGTTGTCACCAACA-1,C57BL6,1,17
CGGGTTGTCAGTAATC-1,C57BL6,1,6
CGGGTTGTCATCATCC-1,C57BL6,0,0
CGGGTTGTCATGCCTT-1,OTI,2,175
CGGGTTGTCCAATGCA-1,OTI,2,60
CGGGTTGTCCCGACTC-1,OTI,2,15
CGGGTTGTCCTGCATT-1,OTI,2,9
CGGGTTGTCGCCCCAT-1,OTI,9,165
CGGGTTGTCGGCATTA-1,C57BL6,1,10
CGGGTTTAGACGTCAC-1,C57BL6,0,0
CGGGTTTAGAGACTTT-1,OTI,4,154
CGGGTTTAGCTCAGGT-1,OTI,4,65
CGGGTTTAGCTCCTCA-1,C57BL6,1,7
CGGGTTTAGGCTCTAA-1,OTI,2,34
CGGGTTTAGGGACATG-1,OTI,5,65
CGGGTTTAGGTAGCTC-1,OTI,7,185
CGGTAACTCAAAGGTA-1,OTI,9,171
CGGTAACTCACGTGGT-1,OTI,3,14
CGGTAACTCATCCCGC-1,OTI,7,146
CGGTAACTCCGGTCAG-1,OTI,2,89
CGGTATATCACAATAC-1,OTI,10,1409
CGGTATATCACTGGCG-1,OTI,1,5
CGGTATATCAGCGTAC-1,OTI,0,0
CGGTATATCAGTCATG-1,OTI,1,26
CGGTATATCGCTAAAT-1,C57BL6,0,0
CGGTATGGTCATACCC-1,OTI,1,8
CGGTATGGTGGGGTTC-1,OTI,6,731
CGGTATGGTGTATCTT-1,OTI,0,0
CGGTATGGTGTTCGCT-1,OTI,0,0
CGGTATTCAAACTAGG-1,OTI,4,26
CGGTATTCAAATCGGA-1,C57BL6,1,1
CGGTATTCAATCTGAC-1,OTI,6,151
CGGTATTCACGATGGG-1,OTI,4,237
CGGTATTCACGTACGC-1,OTI,2,152
CGGTATTCAGCGACGA-1,OTI,9,190
CGGTATTCAGTCGGTC-1,OTI,3,58
CGGTCAGTCACGCGCA-1,OTI,10,174
CGGTCAGTCCCATATC-1,OTI,3,18
CGGTCAGTCCTGACAA-1,OTI,5,650
CGGTCATAGCAACCCG-1,OTI,1,2
CGGTCATAGCCGCCAA-1,C57BL6,0,0
CGGTCATAGCTTAAGT-1,OTI,0,0
CGGTCATAGGGTAGCA-1,OTI,6,69
CGGTCATAGGTAGAGT-1,OTI,6,122
CGGTCCAAGAGTCAGG-1,OTI,0,0
CGGTCCAAGCAACCGT-1,OTI,8,327
CGGTCCAAGCAACGAG-1,C57BL6,0,0
CGGTCCAAGCAATCCA-1,C57BL6,2,8
CGGTCCAAGCTTGTAG-1,OTI,0,0
CGGTCCAAGGCGGTTT-1,C57BL6,0,0
CGGTCCAAGGGCGGAT-1,OTI,0,0
CGGTCCTTCACTGGCG-1,OTI,6,158
CGGTCCTTCCGTACAA-1,C57BL6,0,0
CGGTCCTTCGTACGGT-1,C57BL6,0,0
CGGTCGATCACAAGCC-1,OTI,5,470
CGGTCGATCATCACTC-1,OTI,0,0
CGGTCGATCCACGAGT-1,C57BL6,2,6
CGGTCGATCGGGCCTA-1,C57BL6,0,0
CGGTCGATCGTCCAAA-1,C57BL6,1,10
CGGTCGTCAAACTACC-1,C57BL6,0,0
CGGTCGTCACCATAAC-1,OTI,4,19
CGGTCGTCACTTAAAT-1,OTI,3,30
CGGTCGTCAGCAGCCT-1,OTI,1,90
CGGTCGTCAGTAACCT-1,OTI,1,9
CGGTCGTCAGTGGTAA-1,C57BL6,1,1
CGGTGCATCAGGTGTC-1,OTI,1,252
CGGTGCATCATAAGCT-1,OTI,5,59
CGGTGCATCATGGCGT-1,OTI,1,11
CGGTGCATCCGTCTAT-1,OTI,2,13
CGGTGCATCGCACGTG-1,C57BL6,1,9
CGGTGCATCGTTGCCC-1,C57BL6,0,0
CGGTGCTCAAATGAAC-1,OTI,3,54
CGGTGCTCAACATACC-1,OTI,6,249
CGGTGCTCACAAGGCG-1,OTI,6,51
CGGTGCTCACTCACGA-1,OTI,0,0
CGGTGTAGTATCCTAT-1,OTI,3,54
CGGTGTAGTATGTCGG-1,OTI,3,142
CGGTGTAGTCAATCCC-1,OTI,2,20
CGGTGTAGTCAGGCCG-1,OTI,4,87
CGGTGTAGTCCATGCT-1,C57BL6,0,0
CGGTGTAGTGCGATGC-1,OTI,7,236
CGGTGTAGTGCTAGAT-1,C57BL6,1,15
CGGTGTAGTGGGATAA-1,C57BL6,1,6
CGGTGTCCAACTAACC-1,C57BL6,0,0
CGGTGTCCAAGTTAGG-1,OTI,1,6
CGGTGTCCAATAGTAA-1,C57BL6,0,0
CGGTGTCCAATCATCA-1,C57BL6,0,0
CGGTGTCCACAGTCCA-1,OTI,2,23
CGGTGTTAGAACCCGT-1,C57BL6,1,4
CGGTGTTAGAGGACGC-1,C57BL6,2,5
CGGTGTTAGATACGAA-1,OTI,6,189
CGGTGTTAGCATCGCG-1,OTI,2,32
CGGTGTTAGCCAACCG-1,OTI,1,4
CGGTGTTAGCGAGTCT-1,C57BL6,0,0
CGGTGTTAGGTACGTC-1,OTI,6,502
CGGTGTTAGGTTGGTC-1,OTI,3,143
CGGTTAATCAATGCGC-1,OTI,2,151
CGGTTAATCACCCGCT-1,C57BL6,0,0
CGGTTAATCATTCGTC-1,C57BL6,0,0
CGGTTAATCGCTCATT-1,OTI,2,11
CGGTTAATCGGCCCTT-1,OTI,0,0
CGGTTACAGAACTAAG-1,OTI,2,3
CGGTTACAGAGGGGCT-1,OTI,0,0
CGGTTACAGAGTCCAC-1,OTI,0,0
CGGTTACAGATCCGTA-1,OTI,7,628
CGGTTACAGCATAATC-1,OTI,3,333
CGGTTACAGCCATTTC-1,OTI,0,0
CGGTTAGGTAACGCAT-1,OTI,1,15
CGGTTAGGTAACGTCG-1,OTI,4,89
CGGTTAGGTACATATG-1,C57BL6,1,3
CGGTTAGGTATCATGA-1,C57BL6,0,0
CGGTTAGGTCCTCTGG-1,C57BL6,0,0
CGGTTAGGTGCGCGAT-1,C57BL6,0,0
CGGTTAGGTGGGTAGG-1,OTI,2,19
CGGTTAGGTGTCGAAT-1,OTI,4,163
CGGTTCGAGAGGGGTC-1,OTI,3,85
CGGTTCGAGATAGGCG-1,C57BL6,0,0
CGGTTCGAGCATCTAG-1,OTI,1,1
CGGTTCGAGGCCACAT-1,OTI,2,19
CGGTTCGAGGCCATGT-1,OTI,3,58
CGGTTCGAGGTAAATG-1,C57BL6,0,0
CGGTTCGAGGTCTACA-1,OTI,0,0
CGGTTCTGTAAACGCT-1,C57BL6,1,8
CGGTTCTGTAAGTAGG-1,OTI,0,0
CGGTTCTGTCGGGTAC-1,OTI,6,114
CGGTTCTGTGCGTAGC-1,OTI,5,52
CGGTTCTGTGGCAAGG-1,C57BL6,0,0
CGGTTTAAGATACCAT-1,OTI,0,0
CGGTTTAAGCACAAGG-1,C57BL6,0,0
CGGTTTAAGCACGCCA-1,OTI,4,25
CGGTTTAAGCCCAACG-1,OTI,3,293
CGGTTTAAGCGTTGGT-1,OTI,8,354
CGGTTTCGTAGCATCG-1,OTI,1,49
CGGTTTCGTAGGGTAA-1,OTI,2,2
CGGTTTCGTCATAGCG-1,OTI,3,32
CGGTTTCGTCTGGTAG-1,OTI,2,117
CGGTTTCGTGCAAGGG-1,OTI,6,151
CGGTTTCGTGCAATCG-1,OTI,0,0
CGGTTTCGTGTATCTT-1,OTI,12,219
CGTAAAGCACAAGGGT-1,C57BL6,0,0
CGTAAAGCACACAAGA-1,C57BL6,0,0
CGTAAAGCACAGTCAT-1,OTI,4,258
CGTAAAGCAGCGTAGG-1,C57BL6,0,0
CGTAAAGCAGGGCTCT-1,OTI,6,270
CGTAAATTCAAACCAT-1,OTI,0,0
CGTAAATTCAATCTCC-1,C57BL6,0,0
CGTAAATTCATGCAGC-1,C57BL6,1,12
CGTAAATTCATTAATG-1,C57BL6,1,14
CGTAAATTCCACGAGT-1,C57BL6,0,0
CGTAAATTCCATTCTA-1,OTI,3,40
CGTAAATTCCATTGTC-1,C57BL6,0,0
CGTAAATTCCCGTGTC-1,OTI,0,0
CGTAAATTCCGCTCTA-1,OTI,1,4
CGTAAATTCCTTATGC-1,OTI,4,74
CGTAAATTCGCCCTTA-1,C57BL6,0,0
CGTAACATCAAGCGTC-1,OTI,2,51
CGTAACATCCGCACTC-1,OTI,3,110
CGTAACATCCGTTTAC-1,OTI,4,48
CGTAACATCGCTTCAT-1,OTI,2,12
CGTAACATCGGCCCTT-1,OTI,4,297
CGTAACATCGTAGCAC-1,C57BL6,0,0
CGTAACATCGTTCACT-1,OTI,2,66
CGTAACCAGACAATGA-1,C57BL6,2,2
CGTAACCAGAGGGTAT-1,OTI,3,55
CGTAACCAGGGAAATC-1,OTI,2,11
CGTAACCAGGTTGGTC-1,OTI,5,315
CGTAACTCAACCTAAC-1,OTI,2,256
CGTAACTCAATGCGGG-1,OTI,1,53
CGTAACTCACAGCACC-1,OTI,1,33
CGTAACTCACCAGGCT-1,C57BL6,0,0
CGTAACTCAGTCATAC-1,OTI,4,41
CGTAATAGTAGCCCTT-1,OTI,2,12
CGTAATAGTGGTAATC-1,OTI,1,28
CGTAATAGTGTGTTGG-1,OTI,9,112
CGTAATCCAAAAGTTA-1,C57BL6,0,0
CGTAATCCAAAGTCTC-1,C57BL6,1,25
CGTAATTAGAGAAGGA-1,OTI,0,0
CGTAATTAGAGGTAAC-1,OTI,2,519
CGTAATTAGCAAGCTC-1,OTI,4,134
CGTAATTAGCACAATT-1,C57BL6,0,0
CGTAATTAGGGCTTGT-1,OTI,1,12
CGTAATTAGGTAAGTA-1,OTI,1,141
CGTACAATCAAGCAAA-1,OTI,2,112
CGTACAATCAATTGGT-1,C57BL6,1,1
CGTACAATCAGAGTAA-1,OTI,3,34
CGTACAATCCAGCAGT-1,OTI,10,410
CGTACAATCCCATCTG-1,OTI,4,85
CGTACAATCGTACGGT-1,C57BL6,0,0
CGTACACAGAATGGTA-1,OTI,8,193
CGTACACAGAGTCAGG-1,C57BL6,0,0
CGTACACAGAGTCCCG-1,OTI,2,53
CGTACACAGCAGGGGT-1,OTI,0,0
CGTACACAGCAGTCTA-1,OTI,0,0
CGTACACAGCGCACAT-1,C57BL6,0,0
CGTACACAGGCTCGAT-1,C57BL6,1,10
CGTACACAGGTCTGCG-1,OTI,2,12
CGTACAGGTAGTGTGT-1,C57BL6,2,11
CGTACAGGTATGTGTA-1,OTI,0,0
CGTACAGGTCACGGGT-1,OTI,2,18
CGTACAGGTCCAGTTC-1,OTI,2,38
CGTACAGGTCCTACGT-1,OTI,7,206
CGTACAGGTCTCTAAT-1,OTI,4,187
CGTACAGGTGCTATGG-1,C57BL6,0,0
CGTACAGGTGGCTTTC-1,OTI,3,70
CGTACAGGTGGGCAAG-1,C57BL6,1,5
CGTACAGGTGTACGTG-1,OTI,5,78
CGTACAGGTGTAGTTA-1,C57BL6,1,13
CGTACATCAACCTACG-1,OTI,3,72
CGTACATCAATGCTAC-1,C57BL6,0,0
CGTACCGAGAAGTAGC-1,OTI,3,29
CGTACCGAGATTACGT-1,OTI,3,57
CGTACCGAGCAAGGGC-1,OTI,5,172
CGTACCGAGCCACAAC-1,OTI,0,0
CGTACCGAGCTGCAAC-1,C57BL6,0,0
CGTACCGAGGCAACAG-1,OTI,2,228
CGTACCGAGGGTGATG-1,OTI,0,0
CGTACCGAGGTCCTCC-1,OTI,3,214
CGTACCTGTAGGGGCA-1,OTI,5,144
CGTACCTGTATCGAGT-1,OTI,4,108
CGTACCTGTCACACCT-1,OTI,9,72
CGTACCTGTCATAAGC-1,C57BL6,0,0
CGTACCTGTCATCGCT-1,OTI,4,249
CGTACCTGTGTCGGGT-1,OTI,2,236
CGTACGCCAACGGGAT-1,OTI,3,91
CGTACGCCAAGCGAAC-1,C57BL6,0,0
CGTACGCCAAGGACCG-1,C57BL6,1,5
CGTACGCCAAGTACAG-1,OTI,2,14
CGTACGCCACGAGCGA-1,C57BL6,3,12
CGTACGCCACGCAACC-1,C57BL6,2,8
CGTACGCCAGCAAGAC-1,OTI,3,44
CGTACGCCAGGCCTTA-1,OTI,2,180
CGTACGTAGAAACGGT-1,OTI,1,11
CGTACGTAGATAACGA-1,C57BL6,1,1
CGTACGTAGCCATGAC-1,OTI,2,47
CGTACGTAGCTTGGCG-1,OTI,7,224
CGTACGTAGGCCTGAT-1,OTI,2,37
CGTACGTAGGGAGGTC-1,OTI,3,92
CGTACTTTCAAAGGTA-1,C57BL6,6,78
CGTACTTTCACGCTAA-1,C57BL6,2,7
CGTACTTTCATATGTA-1,OTI,0,0
CGTACTTTCCAAATCG-1,OTI,5,76
CGTACTTTCCTAATGG-1,C57BL6,2,10
CGTACTTTCGGTACTA-1,OTI,1,12
CGTAGAACAACAGAGC-1,OTI,4,64
CGTAGAACAACTTACA-1,OTI,0,0
CGTAGAACACAATCAC-1,OTI,6,218
CGTAGAACACATGGTT-1,C57BL6,0,0
CGTAGAACACCAACAT-1,OTI,3,184
CGTAGAACACCGGTTA-1,OTI,1,37
CGTAGAACACGTCGTA-1,OTI,0,0
CGTAGAGAGAAAGCGT-1,OTI,1,6
CGTAGAGAGATGATGA-1,OTI,0,0
CGTAGAGAGGGGCTAA-1,C57BL6,1,2
CGTAGATGTACTTGGG-1,OTI,1,1
CGTAGATGTAGCGTAT-1,C57BL6,1,4
CGTAGATGTATCTCTG-1,OTI,2,14
CGTAGATGTATGGCCA-1,OTI,0,0
CGTAGATGTCACTTTG-1,C57BL6,1,18
CGTAGATGTGCTACCT-1,C57BL6,3,144
CGTAGATGTGGATGTT-1,OTI,3,129
CGTAGATGTGTGGCCG-1,C57BL6,0,0
CGTAGATGTGTTACTT-1,OTI,1,70
CGTAGCCCAACAATTT-1,OTI,4,213
CGTAGCCCAAGTGCCC-1,C57BL6,0,0
CGTAGCCCAATAAGTA-1,C57BL6,0,0
CGTAGCCCAGGACGCA-1,OTI,2,92
CGTAGCCCAGTGATTC-1,OTI,5,171
CGTAGCTAGAACGACG-1,OTI,2,39
CGTAGCTAGACCCGAT-1,OTI,2,23
CGTAGCTAGATGACGG-1,C57BL6,1,4
CGTAGCTAGCCGCTGA-1,C57BL6,1,5
CGTAGCTAGCGAAACG-1,C57BL6,0,0
CGTAGCTAGCGTGCAT-1,C57BL6,0,0
CGTAGCTAGGGAATGT-1,OTI,4,57
CGTAGCTAGGGACACA-1,OTI,7,227
CGTAGCTAGGTGCGTT-1,OTI,3,50
CGTAGGCGTAATTGGC-1,OTI,0,0
CGTAGGCGTAGGGGAT-1,C57BL6,1,16
CGTAGGCGTAGTCGAT-1,OTI,0,0
CGTAGGCGTCAGTTAA-1,OTI,1,25
CGTAGGCGTCGACGTA-1,C57BL6,3,435
CGTAGGCGTGCACTCT-1,C57BL6,0,0
CGTAGGCGTGCATAGT-1,OTI,0,0
CGTAGGGCAAATACAA-1,OTI,0,0
CGTAGGGCAACATGCT-1,OTI,3,79
CGTAGGGCACACCGTA-1,OTI,6,28
CGTAGGGCACGCATCA-1,OTI,1,2
CGTAGGGCACGGTCGT-1,C57BL6,0,0
CGTAGGGCACGTCGTA-1,OTI,1,3
CGTAGGGCACTCGACA-1,OTI,4,84
CGTAGGGCACTGCGTA-1,C57BL6,4,4
CGTAGGGCAGTAAACG-1,OTI,7,231
CGTAGTGGTAGGATTC-1,OTI,3,30
CGTAGTGGTCCGTGTT-1,OTI,2,129
CGTAGTGGTCGCCCTA-1,OTI,8,101
CGTAGTGGTCTACAGG-1,OTI,2,10
CGTAGTGGTGTGTCCT-1,OTI,2,176
CGTATAAGTAACCCCT-1,OTI,1,6
CGTATAAGTCAAGTTA-1,OTI,4,47
CGTATAAGTCCGTTTA-1,OTI,3,151
CGTATAAGTCGCAGTA-1,C57BL6,8,35
CGTATAAGTCGTGGTA-1,OTI,0,0
CGTATAAGTGTGTCCT-1,C57BL6,0,0
CGTATAGTCACACGTA-1,C57BL6,1,2
CGTATAGTCCACCCAC-1,C57BL6,0,0
CGTATAGTCCATCACT-1,OTI,2,40
CGTATAGTCGCTCCTA-1,OTI,5,69
CGTATAGTCGGACGTT-1,C57BL6,1,9
CGTATAGTCGGCGTAT-1,C57BL6,0,0
CGTATATAGAACCCGT-1,OTI,5,284
CGTATATAGAACTGAA-1,C57BL6,0,0
CGTATATAGCATGCCG-1,C57BL6,0,0
CGTATATAGCCAAACC-1,OTI,2,911
CGTATATAGCTTCTAC-1,C57BL6,0,0
CGTATATAGGCTTGTA-1,C57BL6,3,5
CGTATATAGGGAATTA-1,C57BL6,0,0
CGTATATAGGGGGTTA-1,OTI,0,0
CGTATCGCAAAGTAAC-1,OTI,1,23
CGTATCGCAAATACAA-1,OTI,6,179
CGTATCGCAATCAGGA-1,C57BL6,0,0
CGTATCGCAATGGCGG-1,OTI,0,0
CGTATCGCACATTCGG-1,C57BL6,0,0
CGTATCGCACGTGCTA-1,OTI,6,74
CGTATCGCAGCGGACA-1,C57BL6,2,368
CGTATCGCAGGTTAGA-1,OTI,2,14
CGTATCTTCAGAGTAA-1,C57BL6,0,0
CGTATCTTCAGGAATA-1,OTI,5,323
CGTATCTTCAGTTTCC-1,OTI,4,60
CGTATCTTCCAAATGT-1,C57BL6,0,0
CGTATCTTCCTAGCCC-1,C57BL6,1,19
CGTATCTTCGTTGTCT-1,OTI,4,35
CGTATGGGTAATTCCT-1,C57BL6,0,0
CGTATGGGTACATATG-1,OTI,3,24
CGTATGGGTGGACGGA-1,OTI,0,0
CGTATGGGTGGTCTCT-1,C57BL6,1,16
CGTATTCTCCGCCTAC-1,OTI,6,130
CGTATTCTCCTTCTAA-1,OTI,0,0
CGTATTCTCGCCTCTA-1,C57BL6,2,2
CGTATTGAGATCACAT-1,OTI,2,16
CGTCAAATCATCTCAC-1,OTI,6,111
CGTCAAATCCGAATCA-1,OTI,0,0
CGTCAAATCCGCTAAA-1,OTI,3,5
CGTCAAATCGTTACTC-1,OTI,2,145
CGTCAACAGACAGCGA-1,OTI,4,96
CGTCAACAGATTATGC-1,C57BL6,0,0
CGTCAACAGCCCAAGT-1,C57BL6,0,0
CGTCAACAGCGCCACA-1,OTI,0,0
CGTCAATCAAACTACC-1,OTI,3,11
CGTCAATCAACACGAA-1,OTI,2,24
CGTCAATCAAGACGAC-1,C57BL6,0,0
CGTCAATCACAACGCC-1,OTI,2,14
CGTCAATCAGCGACCT-1,OTI,4,56
CGTCAATCAGGATGGT-1,OTI,4,44
CGTCAATCAGTTGAGA-1,OTI,0,0
CGTCAGAGTACAGCGC-1,OTI,1,16
CGTCAGAGTGGGTATT-1,OTI,5,292
CGTCAGCCAAGAATTA-1,OTI,1,5
CGTCAGCCAATGGGGT-1,C57BL6,0,0
CGTCAGCCACCAACGC-1,C57BL6,0,0
CGTCAGCCACGTACGC-1,OTI,1,19
CGTCAGCCACTAACCG-1,C57BL6,0,0
CGTCAGTAGAGGACCA-1,OTI,1,2
CGTCAGTAGATTCACG-1,OTI,5,102
CGTCAGTAGCGGGTTT-1,OTI,4,72
CGTCAGTAGCTCTGAA-1,OTI,1,1
CGTCAGTAGCTCTGGG-1,OTI,3,91
CGTCAGTAGGCACAAG-1,C57BL6,0,0
CGTCAGTAGGGCATAG-1,OTI,0,0
CGTCATAAGACCTGTA-1,C57BL6,1,6
CGTCATAAGAGCAGCA-1,OTI,0,0
CGTCATAAGCACAGGA-1,OTI,5,110
CGTCATAAGGCCTATA-1,C57BL6,0,0
CGTCATAAGGTCAATT-1,OTI,1,11
CGTCATTTCAACGCTA-1,C57BL6,1,1
CGTCATTTCACTTGCT-1,OTI,5,40
CGTCATTTCCTCAGCC-1,C57BL6,1,3
CGTCATTTCGGGTCCA-1,C57BL6,1,3
CGTCGCTTCAGCATAT-1,C57BL6,1,1
CGTCGCTTCCACTCCA-1,OTI,8,29
CGTCGCTTCCTAGTCT-1,C57BL6,0,0
CGTCGGGGTACATCCC-1,C57BL6,0,0
CGTCGGGGTCACGGGT-1,OTI,1,18
CGTCGGGGTCGATCAG-1,OTI,6,454
CGTCGGGGTCTAGCTC-1,OTI,2,50
CGTCGGGGTCTGTTGC-1,C57BL6,1,12
CGTCGGGGTGTCACGA-1,OTI,5,515
CGTCGGTCAAACCGGG-1,OTI,0,0
CGTCGGTCAAACGGGT-1,OTI,3,37
CGTCGGTCAAGCAAAT-1,OTI,2,12
CGTCGGTCACTGGCAC-1,OTI,2,33
CGTCGGTCAGGCTTCA-1,OTI,3,75
CGTCGTACAAAACTCC-1,OTI,2,2
CGTCGTACAAAGGACC-1,C57BL6,0,0
CGTCGTACAAAGGCAC-1,OTI,0,0
CGTCGTACAATCAGAG-1,OTI,6,61
CGTCGTACAATGAATA-1,OTI,2,33
CGTCGTACACTTCTAT-1,C57BL6,1,1
CGTCGTACAGTATGTC-1,OTI,16,728
CGTCGTCTCAACTCTC-1,OTI,2,22
CGTCGTCTCATAGTCG-1,C57BL6,1,4
CGTCGTCTCCCCTTAG-1,C57BL6,1,1
CGTCGTCTCGCTTTCG-1,OTI,9,86
CGTCGTCTCGGAGTCT-1,OTI,6,40
CGTCTAAAGACAGACG-1,C57BL6,1,1
CGTCTAAAGATCAGGG-1,OTI,2,37
CGTCTAAAGATTGGTT-1,OTI,1,3
CGTCTAAAGCAACCGT-1,C57BL6,1,50
CGTCTAAAGCAACGTC-1,OTI,1,15
CGTCTAAAGCCACAAC-1,OTI,4,83
CGTCTAAAGCTGTATG-1,OTI,2,27
CGTCTAAAGCTTCGTT-1,C57BL6,0,0
CGTCTAAAGGGTTTCA-1,OTI,2,40
CGTCTAGCAACTCCGA-1,C57BL6,1,9
CGTCTAGCAATCTTAG-1,OTI,3,16
CGTCTAGCACAGTTCG-1,OTI,0,0
CGTCTAGCACGCGTAC-1,C57BL6,3,57
CGTCTATTCACCCTAT-1,OTI,0,0
CGTCTATTCAGGTTCA-1,C57BL6,4,22
CGTCTATTCAGTCCTT-1,OTI,1,6
CGTCTATTCCTCGAAA-1,OTI,1,14
CGTCTATTCCTTAGTC-1,OTI,0,0
CGTCTATTCGCATTAG-1,OTI,2,133
CGTCTATTCGGTACTA-1,C57BL6,0,0
CGTCTCCAGAAGTAGC-1,C57BL6,1,2
CGTCTCCAGAATCTGT-1,OTI,5,95
CGTCTCCAGACATAAG-1,C57BL6,0,0
CGTCTCCAGACCTTTC-1,OTI,5,306
CGTCTCCAGACGCGTT-1,OTI,3,174
CGTCTCCAGATTGAGA-1,OTI,1,5
CGTCTCCAGCAATACT-1,C57BL6,0,0
CGTCTCCAGCGCATTA-1,OTI,2,7
CGTCTGTGTACGGATT-1,OTI,6,48
CGTCTGTGTCACGGCG-1,C57BL6,0,0
CGTCTGTGTCTTATGT-1,C57BL6,0,0
CGTCTGTGTGCCTGGG-1,OTI,3,579
CGTCTGTGTGGATTTA-1,OTI,2,92
CGTCTGTGTGTAGGTT-1,C57BL6,0,0
CGTCTTAGTACGTGCA-1,OTI,0,0
CGTCTTAGTAGTTATG-1,C57BL6,0,0
CGTCTTAGTATCATTC-1,OTI,0,0
CGTCTTAGTATTCGGG-1,OTI,1,3
CGTCTTAGTCCCTGAT-1,C57BL6,0,0
CGTCTTAGTCGGAATT-1,OTI,0,0
CGTCTTAGTGGAGTAA-1,C57BL6,0,0
CGTGAAGAGAACTTGT-1,OTI,6,173
CGTGAAGAGACTTCAG-1,C57BL6,0,0
CGTGAAGAGGTTGATT-1,C57BL6,0,0
CGTGAAGAGGTTGTAT-1,C57BL6,0,0
CGTGAGAAGATATGAG-1,C57BL6,0,0
CGTGAGAAGCGTTAAT-1,OTI,3,235
CGTGAGAAGCGTTGTA-1,OTI,2,8
CGTGAGAAGGGTAGCA-1,OTI,4,71
CGTGAGAAGGTCGGAA-1,C57BL6,0,0
CGTGAGCGTAAGTGAG-1,OTI,1,2
CGTGAGCGTGCTACAG-1,C57BL6,0,0
CGTGAGTTCACAACAT-1,C57BL6,1,4
CGTGAGTTCACCACTT-1,OTI,4,62
CGTGAGTTCAGACGCT-1,OTI,4,53
CGTGAGTTCCATCGTT-1,OTI,1,74
CGTGAGTTCGGTTCAA-1,OTI,6,126
CGTGCATAGACATGCC-1,OTI,3,38
CGTGCATAGACTGATT-1,OTI,10,375
CGTGCATAGAGTGCAG-1,OTI,0,0
CGTGCATAGCACCTAA-1,OTI,3,313
CGTGCATAGCGTTGGT-1,OTI,4,108
CGTGCATAGGCCATTA-1,OTI,6,134
CGTGCATAGGCGTCCA-1,C57BL6,0,0
CGTGCATAGGGATTAA-1,C57BL6,1,1
CGTGCATAGGGGATAT-1,C57BL6,0,0
CGTGCATAGGTCGAAG-1,OTI,5,89
CGTGCCCGTAGCTTGG-1,OTI,5,195
CGTGCCCGTCATATTC-1,OTI,5,156
CGTGCCCGTCGTAGTG-1,OTI,1,339
CGTGCCCGTGTGTTAA-1,OTI,3,15
CGTGCCCGTGTTCGAG-1,OTI,1,27
CGTGCTACAAATTGCC-1,C57BL6,1,6
CGTGCTACAACGCAGG-1,OTI,2,11
CGTGCTACACACTACG-1,OTI,0,0
CGTGCTACACCCAAAT-1,OTI,3,77
CGTGCTACACTCGACA-1,OTI,2,359
CGTGCTACACTTGACG-1,C57BL6,0,0
CGTGGAAAGACATGTT-1,OTI,3,32
CGTGGAAAGAGTTAAG-1,OTI,3,74
CGTGGAAAGATACCCA-1,OTI,2,14
CGTGGAAAGATGTATC-1,C57BL6,0,0
CGTGGAAAGCACCTAA-1,OTI,2,30
CGTGGAAAGCTCAGCG-1,OTI,4,20
CGTGGAAAGCTCCTCA-1,OTI,2,24
CGTGGAAAGCTGCACG-1,OTI,1,1148
CGTGGAAAGGGGAGCT-1,OTI,0,0
CGTGGAAAGGGGTTTC-1,OTI,1,1
CGTGGGTGTAGTCAGT-1,OTI,1,15
CGTGGGTGTATTGTAG-1,C57BL6,0,0
CGTGGGTGTCATACCC-1,C57BL6,1,2
CGTGGGTGTCCTTCGG-1,OTI,1,15
CGTGGGTGTGCCTTTA-1,C57BL6,0,0
CGTGGGTGTGTCGAAT-1,OTI,1,9
CGTGGTAGTACTCATT-1,C57BL6,1,27
CGTGGTAGTATGTTAG-1,OTI,10,407
CGTGGTAGTCGCCGTC-1,C57BL6,0,0
CGTGGTTAGAAGGGCC-1,OTI,1,6
CGTGGTTAGAATGATG-1,OTI,7,175
CGTGGTTAGACTTTGG-1,C57BL6,3,23
CGTGGTTAGCATGCGT-1,OTI,7,547
CGTGGTTAGCTAATAC-1,C57BL6,0,0
CGTGGTTAGGTTCAGC-1,C57BL6,0,0
CGTGTCCTCAGTACTG-1,C57BL6,0,0
CGTGTCCTCGCCCCAT-1,OTI,3,186
CGTGTCCTCGTAGCAC-1,C57BL6,0,0
CGTGTCGAGACAGCGA-1,OTI,1,2
CGTGTCGAGACATGAA-1,OTI,1,77
CGTGTCGAGATGCCCG-1,OTI,4,33
CGTGTCGAGATTGAAG-1,OTI,3,43
CGTGTCGAGCACCATA-1,OTI,3,154
CGTGTCGAGCTAGTCA-1,C57BL6,0,0
CGTGTCGAGGTTGCGT-1,C57BL6,0,0
CGTGTCTGTAAGCCAT-1,OTI,1,40
CGTGTCTGTATGAGTC-1,OTI,5,198
CGTGTCTGTCCTATGC-1,OTI,2,19
CGTGTCTGTCTCTCGG-1,OTI,1,57
CGTGTCTGTGCTATGG-1,C57BL6,6,31
CGTGTCTGTGTATGTA-1,OTI,2,6
CGTGTTAAGCATAACT-1,OTI,5,122
CGTGTTAAGCCTTAGA-1,OTI,1,14
CGTGTTAAGGCATACC-1,C57BL6,5,57
CGTGTTAAGGCTCACG-1,OTI,9,89
CGTGTTAAGGGGAATT-1,OTI,2,9
CGTGTTAAGGTAGGCA-1,C57BL6,0,0
CGTGTTCGTCAGGTGC-1,OTI,1,8
CGTGTTCGTCGCTATC-1,C57BL6,0,0
CGTGTTCGTCGCTCTG-1,C57BL6,0,0
CGTTAAAGTAGAGGCG-1,C57BL6,0,0
CGTTAAAGTATAAGGG-1,C57BL6,1,5
CGTTAAAGTATGGTCG-1,OTI,7,118
CGTTAAAGTCAAAGCT-1,OTI,0,0
CGTTAAAGTCTAAAGC-1,C57BL6,0,0
CGTTAAAGTGCTAAGT-1,OTI,4,159
CGTTAATAGAAGGCTG-1,OTI,4,75
CGTTAATAGACGTGTC-1,OTI,8,266
CGTTAATAGAGGCGGT-1,C57BL6,1,3
CGTTAATAGATGTGAA-1,C57BL6,2,11
CGTTAATAGCACCATA-1,OTI,6,372
CGTTAATAGCATTTCC-1,C57BL6,0,0
CGTTAATAGGCATACC-1,OTI,4,25
CGTTACAAGAAGGTTA-1,OTI,1,4
CGTTACAAGACCTTAG-1,OTI,0,0
CGTTACAAGATTCAAC-1,OTI,2,158
CGTTACAAGCATCTTC-1,OTI,0,0
CGTTACAAGCTTGTGA-1,OTI,4,62
CGTTACAAGGCCCGTA-1,OTI,2,41
CGTTACAAGGGGGCAT-1,OTI,3,70
CGTTACTTCACATTAA-1,C57BL6,4,100
CGTTACTTCCCACTAT-1,C57BL6,0,0
CGTTACTTCCCGACTC-1,OTI,1,17
CGTTACTTCCCGCTGT-1,OTI,3,35
CGTTACTTCCGGGCTA-1,C57BL6,0,0
CGTTACTTCCGGTCAG-1,OTI,0,0
CGTTACTTCGGTCCCT-1,OTI,1,7
CGTTACTTCGTAGCGT-1,C57BL6,0,0
CGTTACTTCGTATCTC-1,OTI,11,70
CGTTAGCAGAACGGAT-1,C57BL6,0,0
CGTTAGCAGAGGCCAA-1,OTI,0,0
CGTTAGCAGAGTTTCG-1,OTI,3,31
CGTTAGCAGCAGCCCA-1,C57BL6,0,0
CGTTAGCAGCCATATG-1,OTI,3,50
CGTTAGCAGCCCTTGC-1,OTI,0,0
CGTTAGCAGCGCATAC-1,OTI,4,47
CGTTAGCAGCTATAAC-1,C57BL6,0,0
CGTTAGCAGGTTGGAG-1,C57BL6,0,0
CGTTAGGGTAACAGAG-1,OTI,2,78
CGTTAGGGTAGTCAGT-1,OTI,3,107
CGTTAGGGTCTGATAA-1,OTI,1,8
CGTTAGGGTGGCGTGT-1,OTI,5,577
CGTTAGGGTGTCGCTT-1,OTI,3,21
CGTTAGGGTGTTACCC-1,OTI,4,170
CGTTAGTCAAACGCAA-1,OTI,10,783
CGTTAGTCAAACGTTC-1,OTI,4,105
CGTTAGTCAAAGCTTC-1,OTI,0,0
CGTTAGTCAACAATGG-1,C57BL6,0,0
CGTTAGTCAACCACAT-1,C57BL6,1,2
CGTTAGTCAACTCGAT-1,OTI,10,497
CGTTAGTCAACTTTAG-1,OTI,3,374
CGTTAGTCAATCCGCA-1,C57BL6,5,52
CGTTAGTCAATCGTAC-1,OTI,4,151
CGTTAGTCACTGCAAT-1,C57BL6,2,3
CGTTATACAAGCCGAG-1,C57BL6,1,3
CGTTATACACACTACG-1,C57BL6,1,6
CGTTATACAGCTACGC-1,OTI,0,0
CGTTATACAGCTAGCC-1,OTI,3,37
CGTTATACAGGAACCG-1,C57BL6,0,0
CGTTATACAGTTACTA-1,OTI,6,284
CGTTATGAGAGAGGTT-1,OTI,1,12
CGTTATGAGAGTTGAA-1,OTI,2,72
CGTTATGAGCCTGTGG-1,C57BL6,0,0
CGTTATGAGCGAATGG-1,OTI,1,1
CGTTATGAGCTGATTG-1,OTI,2,54
CGTTATGAGGCTTAAT-1,C57BL6,0,0
CGTTATGAGGGTTGTC-1,OTI,1,7
CGTTCAAAGACAAGAC-1,OTI,0,0
CGTTCAAAGAGAATCA-1,OTI,2,17
CGTTCAAAGAGGACCA-1,OTI,3,28
CGTTCAAAGATAGGGT-1,OTI,5,155
CGTTCAAAGATGGTTT-1,OTI,0,0
CGTTCAAAGATTGAAG-1,OTI,4,212
CGTTCAAAGCCTTTCG-1,C57BL6,1,5
CGTTCAAAGGGACACA-1,OTI,4,434
CGTTCAAAGGGGTATG-1,OTI,2,188
CGTTCAAAGGGTGTTC-1,C57BL6,1,1
CGTTCAGCAAGCTGCC-1,C57BL6,0,0
CGTTCAGCACAATGGA-1,OTI,2,36
CGTTCAGCACCGCTAA-1,C57BL6,0,0
CGTTCAGCACCTAAAC-1,C57BL6,0,0
CGTTCAGCACCTATAA-1,OTI,2,38
CGTTCAGCACGATAGA-1,OTI,1,76
CGTTCAGCACGTTAGT-1,OTI,6,14
CGTTCAGCACTCTCCG-1,OTI,7,211
CGTTCCCAGACGAGGC-1,OTI,2,151
CGTTCCCAGATAAGTG-1,OTI,1,43
CGTTCCGGTCAGGATT-1,OTI,0,0
CGTTCCGGTCCATAGG-1,OTI,0,0
CGTTCCGGTCGCTGCC-1,OTI,4,47
CGTTCCGGTCTTGTCA-1,OTI,0,0
CGTTCCGGTGCGCGAT-1,OTI,5,158
CGTTCCGGTGTACTCC-1,OTI,1,21
CGTTCGACAATATTAC-1,OTI,4,88
CGTTCGACAATGTATT-1,C57BL6,2,35
CGTTCGACACGTCAAT-1,OTI,1,5
CGTTCGCTCATAATTG-1,OTI,2,41
CGTTCGCTCCGTAAAT-1,C57BL6,0,0
CGTTCGCTCGCTTACT-1,C57BL6,0,0
CGTTCGCTCGTACGTA-1,C57BL6,0,0
CGTTCGCTCGTGTCGG-1,OTI,0,0
CGTTCGTGTCAATTAG-1,OTI,2,63
CGTTCGTGTCACTCCG-1,OTI,1,20
CGTTCGTGTCATTCCA-1,C57BL6,1,7
CGTTCGTGTCCCAAAG-1,OTI,5,91
CGTTCGTGTCCTATTG-1,OTI,4,67
CGTTCGTGTCCTTAGC-1,OTI,3,26
CGTTCGTGTCTGCGCC-1,OTI,3,256
CGTTCGTGTGCCTCGC-1,OTI,0,0
CGTTCGTGTGGACGGA-1,OTI,8,345
CGTTCGTGTGGAGTGG-1,OTI,12,192
CGTTCGTGTGGCGGTT-1,OTI,2,68
CGTTCTAGTAATGTGC-1,OTI,1,18
CGTTCTAGTATCTTGT-1,C57BL6,1,4
CGTTCTAGTATGTTAG-1,OTI,3,135
CGTTCTAGTATTATGG-1,OTI,0,0
CGTTCTAGTCGCCCTA-1,OTI,0,0
CGTTCTAGTGCTAGGC-1,C57BL6,1,3
CGTTCTAGTGGGTAGG-1,OTI,3,18
CGTTCTAGTGTGTTAA-1,OTI,4,212
CGTTCTGTCACAGATT-1,OTI,3,38
CGTTCTGTCCACTCCA-1,C57BL6,0,0
CGTTCTGTCCGTCAAA-1,C57BL6,2,19
CGTTCTGTCCTAACTC-1,OTI,0,0
CGTTCTGTCGCGTAAC-1,C57BL6,3,3
CGTTGACAGAAGGCAT-1,OTI,2,177
CGTTGACAGCATGGAG-1,OTI,0,0
CGTTGACAGCGTCATA-1,OTI,2,7
CGTTGACAGCTACGCG-1,C57BL6,0,0
CGTTGACAGCTGCACG-1,C57BL6,0,0
CGTTGACAGGCATCCG-1,OTI,0,0
CGTTGCGAGACAGAAC-1,OTI,5,263
CGTTGCGAGCCGACAT-1,OTI,1,16
CGTTGCGAGCGGCCTA-1,OTI,2,49
CGTTGCGAGGGCTTGT-1,C57BL6,1,4
CGTTGCGAGGTATGGG-1,C57BL6,0,0
CGTTGCGAGGTGTCCG-1,OTI,0,0
CGTTGCTGTAGCTTCC-1,OTI,6,174
CGTTGCTGTCAGCGTA-1,OTI,0,0
CGTTGGAGTAACTGCG-1,OTI,6,123
CGTTGGAGTAATGGAG-1,OTI,4,106
CGTTGGAGTCGATTCC-1,OTI,4,67
CGTTGGAGTGTAAGGA-1,OTI,0,0
CGTTGGTAGAATTCCG-1,OTI,6,797
CGTTGGTAGAGGCAGC-1,OTI,4,62
CGTTGGTAGCTTAAGT-1,OTI,3,125
CGTTGGTAGCTTGATG-1,OTI,1,7
CGTTGTAAGAGGGCGT-1,OTI,6,94
CGTTGTAAGCGAACAG-1,C57BL6,1,13
CGTTGTAAGCGGTCAT-1,OTI,2,30
CGTTGTAAGGGAAGCC-1,OTI,2,8
CGTTGTAAGGTGCCCA-1,C57BL6,0,0
CGTTTACTCAAGGGTG-1,C57BL6,1,3
CGTTTACTCCCATACT-1,OTI,5,132
CGTTTACTCCGCTACC-1,OTI,5,111
CGTTTACTCCGGTGCA-1,OTI,1,5
CGTTTACTCGGACTTA-1,C57BL6,0,0
CGTTTACTCGTTGACA-1,OTI,4,76
CGTTTAGAGACCTGTA-1,OTI,8,362
CGTTTAGAGCCCAAGT-1,OTI,1,8
CGTTTAGAGCTACGAC-1,C57BL6,0,0
CGTTTAGAGGCTCTAA-1,C57BL6,4,41
CGTTTAGAGGTAGTGG-1,OTI,3,36
CGTTTAGAGGTCCCGA-1,C57BL6,0,0
CGTTTCAGTACCTTTG-1,OTI,1,28
CGTTTCAGTACTGTGG-1,C57BL6,1,10
CGTTTCAGTAGCCCTT-1,C57BL6,0,0
CGTTTCAGTAGGGGCA-1,OTI,2,56
CGTTTCAGTCCGTCTG-1,C57BL6,2,21
CGTTTCAGTCGGATAT-1,OTI,5,235
CGTTTCAGTGCACTAG-1,OTI,2,10
CGTTTCCCAACTCACG-1,OTI,1,4
CGTTTCCCAAGCGCGA-1,OTI,7,139
CGTTTCCCAAGCTGGG-1,OTI,3,113
CGTTTCCCAAGTGGCG-1,OTI,4,30
CGTTTCCCAATCAGTC-1,C57BL6,0,0
CGTTTCCCACATTCCC-1,OTI,7,125
CGTTTCCCACCATTAA-1,C57BL6,0,0
CGTTTCCCACCGGTTA-1,C57BL6,1,16
CGTTTCCCAGTTGAAG-1,OTI,4,43
CGTTTCGTCAACCCTT-1,OTI,12,162
CGTTTCGTCACTGTTC-1,OTI,5,82
CGTTTCGTCCGTATCT-1,OTI,2,12
CGTTTCGTCCTATGCT-1,C57BL6,0,0
CGTTTCGTCGTTCGTT-1,OTI,4,41
CGTTTGAAGACCCAAC-1,OTI,0,0
CGTTTGAAGACGTCAC-1,C57BL6,0,0
CGTTTGAAGATCCGAC-1,OTI,5,269
CGTTTGAAGCTAGGAG-1,OTI,4,415
CGTTTGAAGGGTGTTC-1,C57BL6,0,0
CGTTTGAAGGTCCATA-1,OTI,5,248
CGTTTGAAGGTCGGAA-1,OTI,4,496
CTAAACCCAACATCCG-1,OTI,0,0
CTAAACCCAATCTTAG-1,C57BL6,0,0
CTAAACCCACTCACGA-1,OTI,4,131
CTAAACCCAGTGCGTC-1,OTI,2,3
CTAAACGTCACTACTC-1,OTI,2,67
CTAAACGTCCAATGCA-1,C57BL6,0,0
CTAAACGTCCCTTTGG-1,C57BL6,0,0
CTAAACTAGAAATTGG-1,OTI,2,29
CTAAACTAGAACCCCG-1,OTI,5,58
CTAAACTAGAGGTTGG-1,OTI,10,184
CTAAACTAGCGTTAGC-1,OTI,3,17
CTAAAGCGTATGCGAT-1,OTI,3,65
CTAAAGGCAAGTCGAA-1,C57BL6,0,0
CTAAAGGCAATAATTC-1,OTI,8,127
CTAAAGGCACACTATA-1,OTI,1,236
CTAAAGGCACGCAGTC-1,OTI,1,3
CTAAAGTTCAGGTTCA-1,C57BL6,1,43
CTAAAGTTCAGTCATG-1,C57BL6,2,794
CTAAAGTTCATGATGT-1,OTI,2,38
CTAAAGTTCCCTATGT-1,C57BL6,0,0
CTAAAGTTCCGTATCT-1,C57BL6,0,0
CTAAAGTTCGTAGCTA-1,OTI,4,101
CTAAATCAGAAACGTA-1,C57BL6,1,5
CTAAATCAGAGACGAT-1,OTI,0,0
CTAAATCAGAGTAAGC-1,OTI,3,12
CTAAATCAGATGCCAC-1,OTI,6,28
CTAAATCAGCAAATGA-1,OTI,1,120
CTAAATCAGCGATTCA-1,OTI,6,246
CTAAATCAGCTAGTTG-1,OTI,5,104
CTAAATCAGGGTTGTC-1,C57BL6,1,4
CTAAATCAGGTCTGGT-1,C57BL6,1,4
CTAAATCAGGTTATCG-1,C57BL6,1,5
CTAAATGGTAAACCGT-1,OTI,3,258
CTAAATGGTATCTCGC-1,C57BL6,1,10
CTAAATGGTCCGGCCT-1,C57BL6,1,3
CTAAATGGTCGGAATT-1,OTI,4,29
CTAAATTCAAATTAAG-1,OTI,4,33
CTAAATTCAACGATAG-1,C57BL6,0,0
CTAAATTCAATGCGAA-1,OTI,4,93
CTAAATTCACAACTTA-1,OTI,1,16
CTAAATTCAGGCGTAG-1,OTI,1,3
CTAAATTCAGTACTCG-1,C57BL6,0,0
CTAAATTCAGTCATAC-1,OTI,5,6
CTAACATAGACCCAAC-1,OTI,5,114
CTAACATAGAGGGTAT-1,OTI,19,588
CTAACATAGCACTGTA-1,OTI,1,4
CTAACATAGCGATTCA-1,OTI,9,120
CTAACATAGCTATTGG-1,C57BL6,0,0
CTAACCCGTAACAGGA-1,C57BL6,0,0
CTAACCCGTACGCTGA-1,OTI,1,6
CTAACCCGTAGGAAAT-1,OTI,2,29
CTAACCCGTAGGCTCA-1,C57BL6,1,1
CTAACCCGTAGTGATC-1,OTI,2,112
CTAACCCGTCCGTGTT-1,OTI,0,0
CTAACCCGTCGTACAG-1,OTI,4,94
CTAACCCGTCTGGTCT-1,OTI,1,6
CTAACCGCAAAATCCC-1,OTI,0,0
CTAACCGCAAATTGGG-1,OTI,2,79
CTAACCGCAAGCTGAA-1,C57BL6,1,12
CTAACCGCAATATCTG-1,OTI,0,0
CTAACCGCACGTAACT-1,OTI,3,347
CTAACCGCAGTTGAGA-1,OTI,1,1
CTAACGGGTACTAAGC-1,C57BL6,2,42
CTAACGGGTAGTATGC-1,C57BL6,0,0
CTAACGGGTAGTATTG-1,OTI,2,547
CTAACGGGTCAGGTGC-1,C57BL6,0,0
CTAACGGGTCAGTTCC-1,OTI,1,8
CTAACGGGTCATTCCA-1,C57BL6,0,0
CTAACGGGTGTAAAGG-1,OTI,3,24
CTAACGTCAATATTAC-1,OTI,4,103
CTAACGTCAATTGCTA-1,C57BL6,2,14
CTAACGTCACAGCGTC-1,OTI,0,0
CTAACGTCACTGCGTA-1,OTI,4,22
CTAACGTCAGGAATCA-1,C57BL6,0,0
CTAACGTCAGGATCAA-1,OTI,3,54
CTAACGTCAGTATTAT-1,OTI,3,37
CTAACGTCAGTGATAG-1,C57BL6,1,6
CTAACTACACAGGCGA-1,OTI,3,259
CTAACTACACGAATCT-1,OTI,4,411
CTAACTACAGCGACAG-1,OTI,1,5
CTAACTCTCACCTCAT-1,OTI,1,3
CTAACTCTCACGACTA-1,C57BL6,1,4
CTAACTCTCACTACCT-1,OTI,6,121
CTAACTCTCCATAGCA-1,OTI,4,81
CTAACTCTCCATCATC-1,C57BL6,2,15
CTAACTCTCCTACGCC-1,OTI,1,26
CTAACTCTCGTATCAG-1,OTI,0,0
CTAACTTGTAACCCCT-1,C57BL6,0,0
CTAACTTGTACCACTC-1,OTI,0,0
CTAACTTGTACCCGTT-1,OTI,2,253
CTAACTTGTCATCAGG-1,OTI,6,248
CTAACTTGTCGAAGCC-1,C57BL6,0,0
CTAACTTGTCGCATCT-1,C57BL6,1,5
CTAACTTGTCGGCTGG-1,OTI,9,81
CTAACTTGTGGAACTT-1,C57BL6,0,0
CTAACTTGTGGATTCG-1,OTI,2,29
CTAAGCATCAACTATA-1,OTI,0,0
CTAAGCATCACTTCCG-1,OTI,5,8
CTAAGCATCAGACTCA-1,OTI,2,23
CTAAGCATCCCACCGT-1,OTI,4,296
CTAAGCATCCGGCCTT-1,OTI,1,6
CTAAGCCAGAACATAG-1,OTI,7,184
CTAAGCCAGCGTCATA-1,OTI,2,90
CTAAGCCAGGCCTGCA-1,OTI,3,14
CTAAGCCAGGCTAACC-1,OTI,1,6
CTAAGCCAGGGCTCAT-1,C57BL6,1,4
CTAAGCCAGGTAACCC-1,OTI,0,0
CTAAGCGGTACAGGCC-1,OTI,0,0
CTAAGCGGTCGACCCC-1,C57BL6,0,0
CTAAGCGGTGGAAAGC-1,OTI,2,150
CTAAGCGGTGGACGGA-1,OTI,7,124
CTAAGCGGTGGCATGC-1,C57BL6,0,0
CTAAGCGGTGGCTAAT-1,OTI,2,195
CTAAGCGGTGTCGCTT-1,OTI,1,2
CTAAGCTCAAGACGAC-1,C57BL6,4,5
CTAAGCTCACACACGC-1,OTI,0,0
CTAAGCTCACGTTCAG-1,OTI,9,405
CTAAGCTCAGTACTCG-1,OTI,1,63
CTAAGCTCAGTGGCGA-1,C57BL6,0,0
CTAAGCTCAGTGGGAT-1,OTI,1,4
CTAAGGACAAAAGTTA-1,C57BL6,1,172
CTAAGGACAACATTAT-1,OTI,2,32
CTAAGGACAATCCAAC-1,OTI,0,0
CTAAGGACAGGAACTA-1,C57BL6,3,47
CTAAGGACAGTCGCAC-1,OTI,2,23
CTAAGGACAGTTAGCT-1,OTI,3,44
CTAAGGGAGAAGTAGC-1,OTI,2,75
CTAAGGGAGCACGGTT-1,OTI,3,18
CTAAGGGAGCCGTATA-1,C57BL6,0,0
CTAAGGGAGCCTATGA-1,OTI,3,25
CTAAGGGAGGGAGATT-1,OTI,4,368
CTAAGGGAGGGGCATA-1,OTI,2,15
CTAAGGTGTAATTGTG-1,OTI,1,7
CTAAGGTGTCATAGCG-1,OTI,1,3
CTAAGGTGTCATCATT-1,OTI,2,15
CTAAGGTGTGCACGTA-1,OTI,8,110
CTAAGGTGTGGGTTTG-1,OTI,0,0
CTAAGTAGTACCTAGG-1,C57BL6,0,0
CTAAGTAGTACGAGTT-1,C57BL6,0,0
CTAAGTAGTACTAATG-1,C57BL6,0,0
CTAAGTAGTAGTGTGT-1,OTI,3,91
CTAAGTAGTATGCTCC-1,OTI,5,6
CTAAGTAGTCGCATTC-1,C57BL6,0,0
CTAAGTCCACAATTCA-1,OTI,2,188
CTAAGTCCACTAGCGC-1,OTI,2,97
CTAAGTCCAGTCACGC-1,OTI,3,64
CTAATACAGAGTGGGC-1,C57BL6,5,5
CTAATACAGATCGTAT-1,OTI,4,225
CTAATACAGATGGTTT-1,OTI,1,44
CTAATACAGCCAGGTT-1,C57BL6,4,9
CTAATACAGCTGCAGT-1,C57BL6,0,0
CTAATACAGGCGCATT-1,OTI,3,47
CTAATACAGGGCGGAT-1,C57BL6,0,0
CTAATATCAAACCGAA-1,OTI,2,61
CTAATATCACCAAGCC-1,OTI,1,46
CTAATATCACCACTCT-1,OTI,2,62
CTAATATCACTCGAGC-1,C57BL6,0,0
CTAATATCAGTGTTAC-1,OTI,2,6
CTAATCACAATAATTC-1,OTI,3,719
CTAATCACAGGAATCA-1,C57BL6,0,0
CTAATCCTCATATGGT-1,C57BL6,1,5
CTAATCCTCGGTCTAA-1,OTI,3,86
CTAATCCTCGTCGAGT-1,C57BL6,1,7
CTAATCGAGATGAAGC-1,OTI,3,97
CTAATCGAGCCATATG-1,C57BL6,0,0
CTAATCGAGCGGTGTT-1,OTI,4,337
CTAATCGAGCTAGCGT-1,OTI,2,34
CTAATCTGTATCCTAT-1,C57BL6,2,2
CTAATCTGTCGCTGGG-1,OTI,9,263
CTAATCTGTCGTCGGG-1,OTI,4,209
CTAATCTGTGTTAGGT-1,OTI,1,5
CTAATGAGTAATGTCA-1,C57BL6,0,0
CTAATGAGTACTCGCT-1,C57BL6,0,0
CTAATGAGTACTTGCC-1,OTI,2,10
CTAATGAGTCAATTTC-1,C57BL6,0,0
CTAATGAGTCAGGGTC-1,OTI,3,44
CTAATGAGTGCATTGG-1,OTI,3,84
CTAATGAGTGTCCGGG-1,OTI,2,106
CTAATGAGTGTGGGCT-1,OTI,3,9
CTAATGAGTGTTCTAT-1,OTI,0,0
CTAATGGTCCCAGCTC-1,C57BL6,0,0
CTAATGGTCCTATGCT-1,C57BL6,0,0
CTAATGGTCGCATTAG-1,C57BL6,0,0
CTAATGGTCGTAGCTA-1,C57BL6,0,0
CTAATGGTCGTTATGG-1,OTI,4,197
CTAATTCGTATGGAGA-1,OTI,1,26
CTAATTCGTCCGCTTG-1,OTI,2,156
CTACAAGTCACTATCC-1,OTI,6,154
CTACAAGTCCAGCTAA-1,OTI,2,327
CTACAAGTCCATTGTC-1,OTI,5,433
CTACAAGTCCTAATGG-1,C57BL6,0,0
CTACAAGTCGCCAATA-1,OTI,2,12
CTACAAGTCGTTGCTT-1,C57BL6,0,0
CTACAATAGACACATT-1,OTI,0,0
CTACAATAGATGGGTG-1,OTI,0,0
CTACAATAGCAAGGGC-1,OTI,7,348
CTACAATAGCGAAGCA-1,OTI,6,69
CTACAATAGCGGTCAT-1,OTI,6,203
CTACAATAGCTACATG-1,C57BL6,0,0
CTACAATAGCTATGTG-1,C57BL6,0,0
CTACAATAGCTCAGTA-1,C57BL6,2,5
CTACAATAGCTCGAAC-1,OTI,4,115
CTACACAAGAAGGGCC-1,OTI,3,46
CTACACAAGACATATC-1,OTI,5,154
CTACACAAGACCAATT-1,OTI,5,297
CTACACAAGGTCGTAC-1,C57BL6,1,18
CTACAGCAGACACATT-1,OTI,0,0
CTACAGCAGATCGTAT-1,OTI,0,0
CTACAGCAGGCTTGCG-1,OTI,3,79
CTACAGCAGGTAATTC-1,C57BL6,1,7
CTACAGCAGGTCCACG-1,OTI,1,5
CTACAGGGTAACCGGC-1,C57BL6,2,16
CTACAGGGTAAGCATC-1,C57BL6,0,0
CTACAGGGTAAGCGCC-1,OTI,4,62
CTACAGGGTAGCTGAT-1,OTI,7,176
CTACAGGGTCCTACGT-1,OTI,5,57
CTACAGGGTCGCTTTA-1,OTI,4,349
CTACAGGGTCGTTCTA-1,OTI,3,123
CTACATACACAGCACC-1,OTI,2,14
CTACATACACCCTCAT-1,C57BL6,1,8
CTACATACACCCTGAA-1,C57BL6,0,0
CTACATACAGTGTCGC-1,OTI,3,304
CTACATCTCATTGTCC-1,C57BL6,0,0
CTACATCTCCACCCTA-1,C57BL6,1,1
CTACATCTCCCGCCAT-1,OTI,4,212
CTACATCTCCCTACCA-1,C57BL6,0,0
CTACATCTCGCTGTGG-1,C57BL6,1,7
CTACATCTCGGTCATA-1,C57BL6,1,17
CTACATGAGATAGGCG-1,OTI,6,840
CTACATGAGCATTCGA-1,OTI,0,0
CTACATGAGCGAACGA-1,OTI,3,115
CTACATGAGCTGGGTT-1,OTI,1,3
CTACATGAGGTAATTC-1,OTI,0,0
CTACATGAGGTTCAAT-1,OTI,4,144
CTACGACAGAGGCAGC-1,OTI,4,202
CTACGACAGCAAGTAA-1,OTI,3,186
CTACGACAGCAGGGGT-1,C57BL6,6,21
CTACGACAGCTGTATG-1,C57BL6,0,0
CTACGACAGGCTGGAA-1,OTI,3,28
CTACGACAGGTATTCG-1,OTI,4,205
CTACGATCAACGACCC-1,OTI,1,10
CTACGATCAATAGGGC-1,OTI,3,356
CTACGATCACTGCAAT-1,C57BL6,0,0
CTACGATCAGTAGTAG-1,OTI,9,510
CTACGATCAGTATAGG-1,OTI,1,21
CTACGCACAAACCACT-1,OTI,1,5
CTACGCACAACGTCGC-1,C57BL6,4,4
CTACGCACAAGAATAC-1,C57BL6,5,25
CTACGCACACCGTAAT-1,OTI,3,61
CTACGCACAGTCATAC-1,C57BL6,1,41
CTACGCCTCCACATCT-1,OTI,0,0
CTACGCCTCCATCGGG-1,OTI,5,692
CTACGCGAGAACTTGT-1,OTI,3,27
CTACGCGAGAAGCGGC-1,C57BL6,0,0
CTACGCGAGATAGTGA-1,OTI,3,13
CTACGCGAGCATGTCA-1,OTI,1,13
CTACGCGAGCCTTTAC-1,OTI,2,35
CTACGCGAGGTCTAGC-1,OTI,0,0
CTACGCTGTAGAGGTA-1,OTI,2,20
CTACGCTGTAGGCCGT-1,OTI,2,17
CTACGCTGTATGCGCA-1,OTI,3,253
CTACGCTGTCCGGTAA-1,OTI,0,0
CTACGCTGTCGATGGC-1,OTI,0,0
CTACGCTGTGGTCAGC-1,OTI,7,314
CTACGGAGTGCCTATC-1,C57BL6,0,0
CTACGGAGTGTTATAG-1,OTI,3,83
CTACGTAAGAGGGTAT-1,C57BL6,0,0
CTACGTAAGCACCGCA-1,OTI,2,9
CTACGTAAGGTATCCA-1,C57BL6,1,7
CTACTAACAAGTTAGG-1,OTI,3,20
CTACTAACAATCAGGA-1,C57BL6,0,0
CTACTAACACGCAGCT-1,OTI,14,80
CTACTAACAGCGCGAA-1,C57BL6,0,0
CTACTAACAGCGTGAG-1,OTI,4,75
CTACTAACAGTACGGG-1,OTI,5,6
CTACTAACAGTATTAT-1,C57BL6,0,0
CTACTACTCAAGGGCA-1,C57BL6,1,3
CTACTACTCACTCCAT-1,C57BL6,0,0
CTACTACTCCAAATGT-1,OTI,2,39
CTACTACTCCATCATC-1,OTI,6,79
CTACTACTCCCGTAAA-1,OTI,7,133
CTACTATGTCGCTGGG-1,OTI,0,0
CTACTATGTGCCCCTA-1,OTI,2,42
CTACTATGTGCCTTCG-1,C57BL6,0,0
CTACTCCCAACAATTT-1,C57BL6,0,0
CTACTCCCACACCTCT-1,OTI,2,23
CTACTCCCACGATAGA-1,OTI,4,28
CTACTCCCACTATAAT-1,C57BL6,2,16
CTACTGAAGAACGACG-1,C57BL6,0,0
CTACTGAAGATATACC-1,OTI,1,4
CTACTGAAGATGTGAA-1,OTI,1,20
CTACTGAAGCCGTGAT-1,C57BL6,1,5
CTACTGCGTACAAGAG-1,OTI,5,298
CTACTGCGTCTCGCAT-1,OTI,9,187
CTACTGCGTGCCATAG-1,OTI,0,0
CTACTGCGTGGCGCAT-1,OTI,1,4
CTACTGCGTGGGGATG-1,OTI,3,97
CTACTGCGTGTCATGG-1,OTI,0,0
CTACTTATCCCAAAGC-1,OTI,2,30
CTACTTATCCTATACC-1,OTI,0,0
CTACTTATCCTTAACC-1,OTI,2,13
CTACTTATCGCACCTC-1,OTI,0,0
CTACTTCAGACGTATT-1,OTI,4,211
CTACTTCAGACTAATC-1,OTI,1,27
CTACTTCAGAGCAGAT-1,OTI,0,0
CTACTTCAGCCCTTAT-1,C57BL6,1,4
CTACTTTCAAACATTT-1,OTI,5,173
CTACTTTCAAAGTGCA-1,OTI,4,38
CTACTTTCAACTCCGA-1,OTI,5,131
CTACTTTCACACTAAC-1,OTI,0,0
CTACTTTCACCGCAGT-1,C57BL6,0,0
CTACTTTCACCTTGAG-1,OTI,6,252
CTACTTTCACGCGCAT-1,C57BL6,1,6
CTACTTTCAGCTATCG-1,C57BL6,0,0
CTACTTTCAGTGCATT-1,OTI,0,0
CTAGAAGCAACTAAGG-1,C57BL6,0,0
CTAGAAGCAAGAATAC-1,C57BL6,0,0
CTAGAAGCAGGCAATA-1,OTI,2,145
CTAGAAGCAGTACAAG-1,OTI,1,40
CTAGATTAGAAAGCGT-1,OTI,2,29
CTAGATTAGACTCAGC-1,OTI,2,7
CTAGATTAGAGCGAAT-1,OTI,1,25
CTAGATTAGAGGCGTA-1,OTI,1,33
CTAGATTAGATAGTAG-1,C57BL6,0,0
CTAGATTAGCATTGCA-1,C57BL6,3,39
CTAGATTAGCGTGTTA-1,C57BL6,0,0
CTAGATTAGGCAGTGA-1,OTI,1,11
CTAGATTAGGTTATCG-1,OTI,1,5
CTAGCAATCACAACCA-1,OTI,6,114
CTAGCAATCACATTCC-1,C57BL6,0,0
CTAGCAATCACGCTAA-1,C57BL6,1,11
CTAGCAATCAGAATAG-1,OTI,1,23
CTAGCAATCAGTACGC-1,OTI,3,10
CTAGCAATCCGGTATA-1,C57BL6,1,1
CTAGCAATCGCTTCGC-1,OTI,2,51
CTAGCAATCGGCCTCT-1,OTI,2,47
CTAGCAGGTAGTGATC-1,C57BL6,1,1
CTAGCAGGTGGGTTTG-1,C57BL6,0,0
CTAGCATCAAGGACTA-1,OTI,2,25
CTAGCATCACCCATTC-1,OTI,4,259
CTAGCATCACTCATTT-1,OTI,1,1
CTAGCATCACTCGGTA-1,OTI,0,0
CTAGCATCACTGATTA-1,OTI,3,27
CTAGCATCAGGGGCTA-1,OTI,7,389
CTAGCCCTCAGCTAAT-1,C57BL6,0,0
CTAGCCCTCATTGGCA-1,OTI,6,41
CTAGCCCTCCAAACCA-1,OTI,6,122
CTAGCCCTCCATTGCT-1,C57BL6,1,8
CTAGCCCTCCCATGCC-1,OTI,3,86
CTAGCCCTCCCGACTC-1,C57BL6,0,0
CTAGCCGAGAACTAGA-1,OTI,6,460
CTAGCCGAGAAGTAGC-1,C57BL6,0,0
CTAGCCGAGACCAGAG-1,C57BL6,0,0
CTAGCCGAGAGCAGAT-1,C57BL6,1,4
CTAGCCGAGATAACAG-1,OTI,1,291
CTAGCCGAGCAAGCGA-1,OTI,2,22
CTAGCCGAGGGTTTCA-1,OTI,7,255
CTAGCGCCAAATTCGC-1,OTI,8,262
CTAGCGCCACATGGTT-1,OTI,2,9
CTAGCGCCACGTACAT-1,C57BL6,1,5
CTAGCGCCACTACATA-1,C57BL6,0,0
CTAGCGCCACTATAGC-1,OTI,0,0
CTAGCGCCAGCCTCTT-1,OTI,10,144
CTAGCGTAGACTATCG-1,OTI,0,0
CTAGCGTAGATGAGGT-1,C57BL6,2,3
CTAGCGTAGCACCTCC-1,C57BL6,0,0
CTAGCGTAGGCGTGAA-1,OTI,4,28
CTAGCGTAGGTCCATA-1,OTI,3,47
CTAGCTAAGAGACGAT-1,OTI,1,28
CTAGCTAAGAGGGTGC-1,C57BL6,1,9
CTAGCTAAGATCGATT-1,C57BL6,4,6
CTAGCTAAGCCGCAAT-1,OTI,0,0
CTAGCTAAGCTGGGTT-1,OTI,1,18
CTAGCTAAGGCTTAAT-1,OTI,6,190
CTAGCTAAGGTCGGAA-1,OTI,5,48
CTAGCTCGTAATCTTC-1,OTI,3,100
CTAGCTCGTAATGTGC-1,C57BL6,0,0
CTAGCTCGTATCAGCG-1,OTI,1,4
CTAGCTCGTCATCATT-1,OTI,3,34
CTAGCTCGTCCCATGT-1,OTI,4,164
CTAGCTCGTCTACAGG-1,C57BL6,0,0
CTAGCTCGTCTCGCTG-1,OTI,0,0
CTAGCTTTCAAGTTCG-1,C57BL6,1,6
CTAGCTTTCACCATTC-1,OTI,0,0
CTAGCTTTCAGTACGC-1,OTI,4,70
CTAGCTTTCATACCCT-1,C57BL6,0,0
CTAGCTTTCCTACATC-1,OTI,2,62
CTAGCTTTCGCGCATG-1,OTI,0,0
CTAGGAACAACCCACA-1,OTI,1,35
CTAGGAACACACCCAA-1,OTI,6,457
CTAGGAACACATACCG-1,OTI,2,17
CTAGGAACACCCAAGC-1,OTI,0,0
CTAGGAACACGGAAAC-1,OTI,1,65
CTAGGAGAGAAGGGCC-1,OTI,2,17
CTAGGAGAGAGCGGTA-1,OTI,0,0
CTAGGAGAGATCGACC-1,OTI,1,1
CTAGGAGAGCCTCATT-1,C57BL6,0,0
CTAGGAGAGCGCATCG-1,OTI,1,2
CTAGGAGAGCTAATCG-1,OTI,6,293
CTAGGAGAGCTTGGCG-1,OTI,5,126
CTAGGCCCAAACTACC-1,OTI,1,2
CTAGGCCCACACTCGA-1,OTI,0,0
CTAGGCCCACCTAACG-1,OTI,1,20
CTAGGGCGTAATGGGA-1,OTI,2,115
CTAGGGCGTAATTTGG-1,OTI,2,61
CTAGGGCGTACTACCC-1,C57BL6,2,15
CTAGGGCGTATCTTGT-1,C57BL6,3,26
CTAGGGCGTGGGTGCT-1,OTI,4,517
CTAGGGGCAAGAGAGG-1,C57BL6,1,23
CTAGGGGCAAGGGGAA-1,C57BL6,0,0
CTAGGGGCAAGTCTCG-1,OTI,4,67
CTAGGGGCAATCATCA-1,C57BL6,0,0
CTAGGGGCAATGGGCG-1,C57BL6,9,14
CTAGGGGCACCACTAG-1,C57BL6,1,21
CTAGGGGCACTACGCA-1,OTI,7,418
CTAGGGTTCAAGCTCA-1,C57BL6,1,1
CTAGGGTTCACGCTCC-1,C57BL6,0,0
CTAGGGTTCATCAGCA-1,OTI,2,4
CTAGGGTTCATCCCGC-1,OTI,5,141
CTAGGGTTCATTAAGC-1,OTI,2,13
CTAGGGTTCCACCCAC-1,OTI,5,96
CTAGGGTTCCGCTTGC-1,OTI,6,592
CTAGGGTTCCTTCGCA-1,C57BL6,0,0
CTAGGTCAGGCGAGTA-1,C57BL6,4,4
CTAGGTCAGGTAGCTC-1,OTI,0,0
CTAGGTGGTAAGTTTG-1,C57BL6,1,7
CTAGGTGGTAATGTCA-1,OTI,2,134
CTAGGTGGTATCCCTA-1,OTI,0,0
CTAGGTGGTATTGGTA-1,OTI,1,11
CTAGTAAGTAAGTCCG-1,OTI,2,33
CTAGTAAGTAGCTGGC-1,C57BL6,0,0
CTAGTAAGTCCTTCCC-1,OTI,6,312
CTAGTAAGTCTTATAC-1,OTI,2,61
CTAGTAAGTGCGTATG-1,OTI,2,8
CTAGTAAGTGTCGTAG-1,OTI,6,42
CTAGTATAGCTCGTAA-1,OTI,4,111
CTAGTATAGGCATGGA-1,OTI,0,0
CTAGTATAGGCGAGTA-1,C57BL6,0,0
CTAGTCAAGAAGGCAT-1,C57BL6,0,0
CTAGTCAAGACATATC-1,OTI,1,8
CTAGTCAAGACATGAA-1,OTI,2,37
CTAGTCAAGATTGGTT-1,OTI,1,8
CTAGTCAAGCTGCAAC-1,OTI,5,30
CTAGTCAAGGCATCAC-1,OTI,2,15
CTAGTCAAGGGATAGT-1,C57BL6,0,0
CTAGTCAAGGTAAATG-1,C57BL6,0,0
CTAGTCAAGGTCCACG-1,OTI,3,345
CTAGTCAAGGTGTATT-1,C57BL6,1,5
CTAGTCGCAGGCGTAG-1,C57BL6,1,3
CTAGTCTTCATCGGGT-1,C57BL6,0,0
CTAGTCTTCCCCAGCT-1,OTI,4,225
CTAGTCTTCCGCTTGC-1,OTI,1,56
CTAGTCTTCCTGCGTC-1,OTI,2,36
CTAGTCTTCGCAAAGG-1,C57BL6,0,0
CTAGTCTTCGCTTTAC-1,OTI,0,0
CTAGTCTTCGTCCTAT-1,OTI,3,279
CTAGTGCAGACCCTAA-1,OTI,2,17
CTAGTGCAGAGGGGCT-1,OTI,2,461
CTAGTGCAGATCCAAT-1,OTI,5,540
CTAGTGCAGATTCGTG-1,OTI,0,0
CTAGTGCAGCAAGCGA-1,OTI,4,112
CTAGTGCAGCCAAACC-1,C57BL6,0,0
CTAGTGCAGCGTTCAA-1,C57BL6,0,0
CTAGTGGGTACTCGCT-1,OTI,5,495
CTAGTGGGTATAATCG-1,C57BL6,2,12
CTAGTGGGTATGGCGC-1,C57BL6,1,1
CTAGTGGGTCGGTATG-1,OTI,3,10
CTAGTGGGTCTAACTT-1,C57BL6,0,0
CTAGTGGGTGCCAAAT-1,OTI,0,0
CTAGTGGGTGCGGGTT-1,OTI,2,70
CTAGTGGGTGGTAATC-1,C57BL6,0,0
CTAGTGGGTGTAAAGG-1,C57BL6,6,14
CTAGTGGGTGTACTCC-1,C57BL6,0,0
CTAGTGGGTGTGCCTT-1,OTI,2,66
CTAGTGGGTGTGTTCC-1,OTI,1,2
CTAGTTACAAAAGCAT-1,OTI,5,190
CTAGTTACAATGCTTA-1,C57BL6,1,15
CTAGTTACACCTTCCG-1,OTI,0,0
CTAGTTCTCACAACTG-1,OTI,8,173
CTAGTTCTCAGTCCGG-1,C57BL6,0,0
CTAGTTCTCCTAAAGT-1,C57BL6,1,14
CTAGTTCTCGTCTTAC-1,C57BL6,1,4
CTAGTTGAGACGAGGC-1,OTI,3,113
CTAGTTGAGATCCTGA-1,C57BL6,0,0
CTAGTTGAGCTCATAG-1,OTI,5,338
CTAGTTGAGGGGATCA-1,C57BL6,1,41
CTAGTTGAGGGTACAG-1,OTI,1,5
CTAGTTGAGGGTTTCA-1,C57BL6,0,0
CTAGTTGAGGTGAGAT-1,C57BL6,0,0
CTATAACAGAAAGCCG-1,OTI,1,24
CTATAACAGATGCCCG-1,C57BL6,1,3
CTATAACAGCCCATTT-1,OTI,3,30
CTATAACAGCCTCGTC-1,C57BL6,0,0
CTATAACAGCGTTCCC-1,OTI,0,0
CTATAACAGGCAACGA-1,C57BL6,0,0
CTATAACAGGGAGCGT-1,OTI,1,3
CTATAACAGGGGTACA-1,C57BL6,0,0
CTATAAGGTAGGGCGA-1,OTI,3,489
CTATAAGGTATGGGTT-1,OTI,1,11
CTATAAGGTCCTACGT-1,OTI,0,0
CTATAAGGTCCTTGTA-1,C57BL6,1,1
CTATAAGGTGCACGTA-1,C57BL6,1,3
CTATAAGGTGCTATAA-1,OTI,0,0
CTATAAGGTGGTGTGC-1,OTI,9,160
CTATAAGGTGTAGCAT-1,C57BL6,0,0
CTATAATCAACGAGAC-1,C57BL6,1,5
CTATAATCAAGGAGGA-1,OTI,1,14
CTATAATCACCAGATT-1,C57BL6,1,7
CTATAATCACTATGAC-1,OTI,0,0
CTATACACAATCGACT-1,C57BL6,3,5
CTATACACACGTAGCC-1,OTI,5,156
CTATACACACTGGGCT-1,OTI,8,130
CTATACACAGCCAAGG-1,OTI,2,14
CTATACACAGGTTTCG-1,OTI,1,1
CTATACACAGTATAGG-1,OTI,1,107
CTATACCTCAAGGTAA-1,OTI,0,0
CTATACCTCACCCTAT-1,OTI,2,24
CTATACCTCCAATGCA-1,OTI,3,4
CTATACCTCCGGTCCT-1,C57BL6,1,4
CTATACCTCCTGGGTG-1,C57BL6,3,27
CTATACCTCGCGCATG-1,OTI,5,54
CTATACCTCGCTCATT-1,OTI,4,146
CTATACCTCGGTCAAC-1,OTI,0,0
CTATACCTCGGTCCCT-1,C57BL6,0,0
CTATACCTCGGTTACA-1,OTI,0,0
CTATAGCCACATTCAA-1,OTI,0,0
CTATAGCCAGGAAAGG-1,OTI,2,18
CTATAGTAGACTGATT-1,OTI,4,40
CTATAGTAGAGTCTTG-1,OTI,0,0
CTATAGTAGATCACAT-1,OTI,1,5
CTATAGTAGGCAATTT-1,OTI,1,2
CTATAGTAGGGATTAA-1,OTI,0,0
CTATAGTAGGTATTGT-1,C57BL6,0,0
CTATCACTCACCCATT-1,C57BL6,0,0
CTATCAGAGATCTCGA-1,OTI,1,51
CTATCAGAGCAAGAGT-1,OTI,2,8
CTATCAGAGCGTATAT-1,C57BL6,0,0
CTATCAGAGCTAGTAT-1,C57BL6,0,0
CTATCAGAGGCAAAGT-1,C57BL6,1,4
CTATCAGAGGTATTCG-1,C57BL6,1,2
CTATCCAGTAGCGCGT-1,OTI,1,6
CTATCCAGTAGTCCGA-1,OTI,0,0
CTATCCAGTGTGTCCT-1,C57BL6,0,0
CTATCCAGTGTGTGCA-1,OTI,3,114
CTATCCCCAACGAAAT-1,OTI,0,0
CTATCCCCAATTAAAG-1,OTI,3,89
CTATCCCCACACTATA-1,C57BL6,0,0
CTATCCCCACAGTTAC-1,OTI,1,24
CTATCCCCACAGTTTA-1,C57BL6,0,0
CTATCCCCACCGGACT-1,OTI,0,0
CTATCCCCACGTACAT-1,OTI,3,287
CTATCCCCAGGCATTT-1,OTI,4,42
CTATCCGTCAGACAGG-1,OTI,1,7
CTATCCGTCATGGCAC-1,C57BL6,0,0
CTATCCGTCCAGGGTT-1,OTI,1,29
CTATCCGTCCCTTTCC-1,C57BL6,0,0
CTATCCGTCCTCACGC-1,OTI,2,2
CTATCGAAGAACGGAT-1,OTI,5,108
CTATCGAAGACGCTGT-1,OTI,4,100
CTATCGAAGACTGCAC-1,OTI,2,59
CTATCGAAGACTTGTG-1,C57BL6,1,2
CTATCGAAGAGGCGTA-1,OTI,4,29
CTATCGAAGCATTGCA-1,OTI,4,18
CTATCGAAGCTTGTCT-1,OTI,6,148
CTATCGAAGGCATCAC-1,C57BL6,1,10
CTATCGAAGGTCGTAC-1,OTI,6,489
CTATCGCGTAACGAAG-1,OTI,1,111
CTATCGCGTAAGGGAC-1,OTI,5,76
CTATCGCGTACACCCT-1,C57BL6,0,0
CTATCGCGTAGTCTGG-1,OTI,4,254
CTATCGCGTATTGTAG-1,C57BL6,1,12
CTATCGCGTCCAAAGT-1,OTI,1,25
CTATCGCGTGCCCCGT-1,OTI,1,2
CTATCGCGTGGAGTGG-1,C57BL6,0,0
CTATCGCGTGTCCCCA-1,C57BL6,0,0
CTATCGCGTGTCCGCC-1,OTI,1,6
CTATCTTCAAAGGGAG-1,C57BL6,3,18
CTATCTTCACACTATA-1,OTI,7,103
CTATCTTCACGTAGAA-1,OTI,2,12
CTATCTTCAGCAGGCA-1,OTI,0,0
CTATGACCACCTACTC-1,C57BL6,0,0
CTATGCTTCACGCCTC-1,C57BL6,6,7
CTATGCTTCACGGCCA-1,OTI,5,496
CTATGCTTCACTACCT-1,OTI,0,0
CTATGCTTCAGTGGTC-1,OTI,4,91
CTATGCTTCCACCCGT-1,OTI,1,44
CTATGCTTCCAGTCCC-1,OTI,2,48
CTATGCTTCCCAGAAC-1,C57BL6,0,0
CTATGCTTCCCAGTAA-1,C57BL6,0,0
CTATGCTTCCCTACGC-1,OTI,0,0
CTATGCTTCCGTATCT-1,OTI,3,47
CTATGCTTCGGTTTAG-1,C57BL6,0,0
CTATGGCAGACTTTGG-1,OTI,1,57
CTATGGCAGATCTGCA-1,OTI,4,29
CTATGGCAGATTGGTT-1,OTI,5,502
CTATGGCAGCTATAAC-1,C57BL6,1,1
CTATGGCAGCTGCATA-1,C57BL6,0,0
CTATGGCAGCTTGATG-1,OTI,2,118
CTATGGGGTACTACGG-1,OTI,4,307
CTATGGGGTCCGTCCA-1,OTI,10,352
CTATGGGGTGCTATAA-1,OTI,0,0
CTATGGGGTGGGTGCT-1,OTI,5,277
CTATGGTCAAAATTCT-1,C57BL6,2,13
CTATGGTCAAATCTAT-1,C57BL6,0,0
CTATGGTCAACACAGA-1,OTI,0,0
CTATGGTCAACAGCCC-1,OTI,0,0
CTATGGTCAACTTACA-1,OTI,0,0
CTATGGTCAAGCTGAA-1,OTI,1,5
CTATGGTCACAACGCC-1,OTI,3,36
CTATGGTCACCAGCTA-1,OTI,2,95
CTATGTCTCAAAGGTA-1,OTI,0,0
CTATGTCTCCGAACAC-1,OTI,3,186
CTATGTCTCCGTATAG-1,OTI,4,60
CTATGTCTCGGTATGC-1,C57BL6,2,18
CTATGTCTCGTCACCC-1,OTI,5,59
CTATGTGAGATACAGA-1,C57BL6,0,0
CTATGTGAGATCTGCA-1,C57BL6,1,4
CTATGTGAGCAAACTT-1,OTI,0,0
CTATGTTGTATAATCG-1,OTI,2,146
CTATGTTGTATAGGCT-1,OTI,5,142
CTATGTTGTCAACTCC-1,OTI,0,0
CTATGTTGTCGACTTC-1,C57BL6,0,0
CTATGTTGTGCTAGGC-1,C57BL6,0,0
CTATGTTGTGGCTGTA-1,OTI,6,112
CTATGTTGTGTACGTG-1,OTI,2,40
CTATGTTGTGTCCGGG-1,OTI,2,11
CTATGTTGTGTTAGGT-1,OTI,2,57
CTATTCGGTACGTCAG-1,OTI,3,18
CTATTCGGTACTTATC-1,OTI,6,97
CTATTCGGTATGTGCG-1,OTI,10,233
CTATTCGGTCCGTAAG-1,OTI,4,402
CTATTCGGTCGCCCTA-1,OTI,2,99
CTATTCGGTCGTAGGC-1,C57BL6,1,16
CTATTCGGTGCCCGTC-1,OTI,2,8
CTATTCTCAACACTTA-1,C57BL6,0,0
CTATTCTCAACCCTCT-1,OTI,4,225
CTATTCTCAAGAGGGA-1,OTI,6,22
CTATTCTCAAGGAGGA-1,OTI,2,94
CTATTCTCACTTATCT-1,OTI,2,17
CTATTCTCAGTCAATC-1,OTI,0,0
CTATTGCTCACTACCT-1,OTI,5,380
CTATTGCTCAGGCTCG-1,OTI,4,169
CTATTGCTCATAATCA-1,C57BL6,0,0
CTATTGCTCCCATGCC-1,C57BL6,1,3
CTATTGCTCCTCGCAC-1,OTI,0,0
CTATTGCTCCTCTGAT-1,OTI,3,21
CTATTGCTCGCCCTAC-1,C57BL6,0,0
CTATTGCTCGTTACTC-1,C57BL6,1,4
CTATTGCTCGTTCGGG-1,C57BL6,1,4
CTATTGGAGATACAAG-1,OTI,1,25
CTATTGGAGCAGTATT-1,C57BL6,2,53
CTATTGGAGCCATAGC-1,OTI,1,3
CTATTGGAGCCTTAGA-1,C57BL6,0,0
CTATTGGAGGCGTAGA-1,C57BL6,0,0
CTATTGGAGGCTGTTA-1,C57BL6,1,1
CTATTGTGTACTCTAT-1,OTI,5,42
CTATTGTGTCACCGCC-1,C57BL6,2,2
CTATTGTGTCAGTTGG-1,OTI,1,2
CTATTGTGTCCCTGTG-1,OTI,0,0
CTATTGTGTCGCGTAA-1,OTI,6,138
CTATTGTGTCTTCAAT-1,OTI,2,41
CTATTGTGTGTATTCT-1,C57BL6,1,1
CTCAATACAAATCTAT-1,C57BL6,0,0
CTCAATACAATAGTAA-1,OTI,2,96
CTCAATACAATGCGCC-1,OTI,0,0
CTCAATACACTAGTTA-1,OTI,4,103
CTCAATACAGCACGGA-1,C57BL6,0,0
CTCAATACAGTAGGGT-1,C57BL6,0,0
CTCAATACAGTCCTCT-1,OTI,5,120
CTCACCCAGAGCCGTT-1,C57BL6,1,1
CTCACCCAGAGCGATG-1,OTI,5,94
CTCACCCAGAGTCAGG-1,C57BL6,0,0
CTCACCCAGATATGAG-1,OTI,10,21
CTCACCCAGATTCAGT-1,OTI,1,11
CTCACCCAGCCGTGAT-1,OTI,7,772
CTCACCCAGCCGTTGG-1,C57BL6,0,0
CTCACCCAGCTAGCCG-1,OTI,4,97
CTCACCCAGCTAGGTC-1,OTI,2,4
CTCACCCAGGCCATTA-1,OTI,2,127
CTCACCCAGGGTCGTT-1,C57BL6,0,0
CTCACCCAGGGTTTCA-1,OTI,1,23
CTCACCCAGGTGCGAA-1,OTI,3,236
CTCACCTCAACACGCC-1,OTI,2,2
CTCACCTCAAGCGCCT-1,OTI,4,36
CTCACCTCAATCAGTC-1,OTI,3,104
CTCACCTCACAAGTAG-1,C57BL6,0,0
CTCACCTCACCAGGCT-1,OTI,4,33
CTCACGACAAATGACG-1,OTI,0,0
CTCACGACAACTCCGA-1,OTI,0,0
CTCACGACACCACGGT-1,OTI,4,521
CTCACGACAGTTGGGG-1,OTI,3,74
CTCACGCTCAAACCTG-1,OTI,0,0
CTCACGCTCAGGACTC-1,OTI,1,7
CTCACGCTCCCCAATT-1,C57BL6,0,0
CTCACTCCAATGTGAG-1,OTI,3,12
CTCACTCCAGCGACCT-1,OTI,4,7
CTCACTCCAGTCCACA-1,OTI,1,1
CTCAGCCTCCTTAACC-1,C57BL6,1,7
CTCAGCCTCGTATCTC-1,OTI,0,0
CTCAGCGAGCATTACG-1,OTI,0,0
CTCAGCGAGCCTGTAA-1,OTI,8,266
CTCAGCGAGCTGATTG-1,OTI,1,6
CTCAGCGAGGGTGATG-1,OTI,5,44
CTCAGCGAGGTAGCAG-1,OTI,2,9
CTCAGGGTCACGACAC-1,OTI,8,620
CTCAGGGTCAGACAGG-1,C57BL6,0,0
CTCAGGGTCAGGACTC-1,OTI,3,44
CTCAGGGTCATCCCAT-1,OTI,4,824
CTCAGGGTCCCTTCCT-1,OTI,4,613
CTCAGGGTCGGAGTCT-1,OTI,2,17
CTCAGGTAGACAATGA-1,OTI,2,19
CTCAGGTAGACGACGA-1,OTI,7,189
CTCAGGTAGATCTTGG-1,C57BL6,0,0
CTCAGGTAGCCTACGG-1,OTI,0,0
CTCAGTAAGACCCAAC-1,OTI,3,83
CTCAGTAAGATAATCC-1,OTI,2,17
CTCAGTAAGGTGCTGT-1,C57BL6,1,1
CTCAGTAAGGTTAGTT-1,OTI,3,23
CTCATAACACAGTAAG-1,C57BL6,0,0
CTCATAACAGGTCGTC-1,OTI,7,141
CTCATAACAGGTTTAC-1,C57BL6,0,0
CTCATAGAGAAACCCC-1,OTI,3,220
CTCATAGAGACAAGTA-1,OTI,0,0
CTCATAGAGAGTTGAA-1,OTI,2,168
CTCATAGAGCAAGTAA-1,OTI,2,62
CTCATAGAGCCATGCG-1,OTI,2,31
CTCATATGTACGGTTG-1,OTI,1,49
CTCATATGTACTCATT-1,OTI,0,0
CTCATATGTCGAAGCC-1,OTI,3,396
CTCATATGTCTGCATC-1,C57BL6,3,17
CTCATATGTCTGGATG-1,OTI,3,258
CTCATATGTGGAAAGC-1,OTI,3,7
CTCATATGTGTCCCTG-1,OTI,2,11
CTCATGAAGACAGAAC-1,OTI,4,36
CTCATGAAGATAAGTG-1,C57BL6,1,6
CTCATGAAGCATTTGG-1,C57BL6,0,0
CTCATGAAGCGGTCCA-1,OTI,3,195
CTCATGAAGCTAAGCC-1,C57BL6,3,7
CTCATGAAGGTAGAGT-1,OTI,0,0
CTCATGAAGGTATGTT-1,OTI,1,16
CTCATTATCACATTGG-1,OTI,2,72
CTCATTATCCGATGGT-1,OTI,3,460
CTCATTATCGTAGGCT-1,C57BL6,0,0
CTCATTATCGTAGGTC-1,C57BL6,4,139
CTCATTGGTAAAGTGG-1,OTI,0,0
CTCATTGGTCTTAGCC-1,OTI,1,5
CTCATTGGTGGCCCCT-1,C57BL6,1,4
CTCATTGGTGGGCAAG-1,OTI,2,38
CTCATTGGTGGGGTAG-1,OTI,2,53
CTCATTTCAACACAAG-1,OTI,6,65
CTCATTTCAATGCGAA-1,OTI,8,55
CTCATTTCAATGCTTA-1,C57BL6,0,0
CTCATTTCACTGGGAG-1,C57BL6,2,30
CTCATTTCAGTATTAT-1,C57BL6,0,0
CTCCAATTCATGCAGC-1,C57BL6,2,3
CTCCAATTCCGAATTG-1,OTI,8,13
CTCCAATTCCTCCAGC-1,OTI,2,17
CTCCACATCCGGTGCA-1,OTI,5,139
CTCCACATCCTTAGTC-1,C57BL6,0,0
CTCCACTCAACCCACA-1,C57BL6,0,0
CTCCACTCAAGTCTTA-1,OTI,4,84
CTCCACTCACCCAGTA-1,OTI,0,0
CTCCACTCACCCTGAA-1,C57BL6,0,0
CTCCACTCACTCACTC-1,C57BL6,0,0
CTCCACTCACTGATTA-1,OTI,2,30
CTCCACTCAGGACGCA-1,OTI,6,343
CTCCACTCAGTATACC-1,C57BL6,1,10
CTCCAGCTCACACACA-1,OTI,0,0
CTCCAGCTCAGTTGTG-1,OTI,0,0
CTCCAGCTCCACAACA-1,OTI,2,20
CTCCAGCTCCAGCATA-1,C57BL6,0,0
CTCCAGCTCCCGTAAA-1,C57BL6,0,0
CTCCAGCTCCTATGTC-1,C57BL6,0,0
CTCCAGCTCCTTAACC-1,OTI,2,48
CTCCATCCAAAGCTTC-1,OTI,3,20
CTCCATCCAAATTGCC-1,OTI,1,5
CTCCATCCAACCCATG-1,OTI,3,401
CTCCATCCAACCCTCT-1,C57BL6,0,0
CTCCATCCAGGTTTAC-1,OTI,10,215
CTCCATGTCAAAGGTA-1,OTI,0,0
CTCCATGTCAGACGCT-1,OTI,1,5
CTCCATGTCAGCCCCT-1,OTI,5,108
CTCCATGTCAGCGTGT-1,C57BL6,0,0
CTCCATGTCCGTTCGC-1,OTI,1,325
CTCCATGTCCTCAGCC-1,OTI,5,367
CTCCATGTCGCGGAAA-1,OTI,2,496
CTCCATGTCGTGCGTG-1,OTI,2,17
CTCCGAACAACTATAT-1,OTI,4,16
CTCCGAACAACTCACG-1,OTI,5,39
CTCCGACTCAACGAAA-1,OTI,3,166
CTCCGACTCACAACCA-1,OTI,0,0
CTCCGACTCAGTATTA-1,OTI,2,20
CTCCGACTCCCACTCA-1,OTI,2,99
CTCCGACTCCGATAGC-1,OTI,1,5
CTCCGACTCCGTAAAT-1,OTI,1,50
CTCCGACTCGCCTGCT-1,OTI,10,187
CTCCGACTCGTTCATC-1,OTI,1,8
CTCCGCAGTAGAGAAT-1,OTI,4,141
CTCCGCAGTAGGTATC-1,OTI,1,13
CTCCGCAGTATTGCTT-1,OTI,5,94
CTCCGGAAGAACTAAG-1,OTI,2,5
CTCCGGAAGAGACGCA-1,OTI,4,87
CTCCGGAAGAGTGGCA-1,OTI,0,0
CTCCGGAAGCAATAGA-1,OTI,3,26
CTCCGGAAGCCGCACA-1,OTI,0,0
CTCCGGCGTAAGCAAG-1,C57BL6,0,0
CTCCGGCGTATCATGA-1,OTI,2,8
CTCCGGCGTCATACTT-1,OTI,4,118
CTCCGGCGTCCGGCCT-1,C57BL6,1,9
CTCCGGCGTCTGACTC-1,C57BL6,1,8
CTCCGGCGTGCCTTTA-1,C57BL6,0,0
CTCCGGCGTGCTGTCT-1,OTI,1,252
CTCCGGTTCACGGTGT-1,OTI,2,95
CTCCGGTTCCATAGGC-1,OTI,5,121
CTCCGGTTCCCTGCAC-1,OTI,2,24
CTCCGGTTCCGTTACT-1,C57BL6,4,87
CTCCGGTTCCTTATCA-1,OTI,3,181
CTCCGGTTCGGGCTTG-1,OTI,0,0
CTCCTACCAACAGTCT-1,OTI,1,6
CTCCTACCAACCTACG-1,C57BL6,1,13
CTCCTACCAAGGACAC-1,OTI,0,0
CTCCTACCAATATCAT-1,OTI,1,4
CTCCTACCACGTACAT-1,C57BL6,2,12
CTCCTACCAGTTCACG-1,OTI,1,1
CTCCTACCAGTTGGTT-1,OTI,5,523
CTCCTCAAGCAACGTC-1,OTI,1,19
CTCCTCAAGCACCGCA-1,C57BL6,0,0
CTCCTCAAGCTAGTTG-1,C57BL6,5,16
CTCCTCAAGCTCTCAT-1,OTI,0,0
CTCCTCAAGGCGAATG-1,OTI,1,45
CTCCTCTTCAACGCTA-1,OTI,0,0
CTCCTCTTCATGTCCT-1,C57BL6,1,5
CTCCTCTTCCGACCCT-1,C57BL6,1,10
CTCCTCTTCCTAGTCT-1,C57BL6,0,0
CTCCTGGGTCACGGCG-1,OTI,2,13
CTCCTGGGTCCACGGG-1,OTI,4,167
CTCCTGGGTCCGCCTA-1,OTI,2,31
CTCCTGGGTCGCTTTA-1,OTI,2,20
CTCCTGGGTCGTAGTG-1,OTI,1,4
CTCCTGGGTGCCCATT-1,OTI,3,91
CTCCTGGGTGCGGAGA-1,OTI,1,32
CTCCTGGGTGGAACCC-1,OTI,3,30
CTCCTGGGTGGCTTAG-1,C57BL6,1,3
CTCCTGGGTGTAAGGA-1,C57BL6,0,0
CTCCTGGGTGTATTCT-1,OTI,6,378
CTCCTGGGTGTCCCGC-1,C57BL6,0,0
CTCCTTCTCAGACTGC-1,OTI,6,72
CTCCTTCTCCACCCGT-1,C57BL6,3,16
CTCCTTCTCCTGATTC-1,OTI,0,0
CTCCTTCTCCTTCATA-1,OTI,0,0
CTCCTTCTCGCTAACA-1,C57BL6,0,0
CTCCTTCTCGGCGTAT-1,OTI,2,47
CTCCTTCTCGTAGGTC-1,OTI,0,0
CTCGAAATCACAACAT-1,OTI,3,120
CTCGAAATCACACCTT-1,OTI,3,187
CTCGAAATCACATTCC-1,OTI,1,4
CTCGAAATCATAATTG-1,OTI,1,1
CTCGAAATCCACGTAA-1,C57BL6,4,4
CTCGAAATCCAGCTAA-1,C57BL6,0,0
CTCGAAATCCCTTCTC-1,OTI,3,14
CTCGAAATCCGGCAAT-1,C57BL6,0,0
CTCGAAATCCGGTTAA-1,OTI,0,0
CTCGAACAGACAGCCT-1,OTI,0,0
CTCGAACAGAGGGTGC-1,OTI,2,30
CTCGAACAGATCTTGG-1,OTI,0,0
CTCGAACAGATGGGAT-1,OTI,4,21
CTCGAACAGCCATGGT-1,OTI,2,78
CTCGAACAGCCTTATC-1,C57BL6,1,10
CTCGAACAGCTTGTCT-1,OTI,5,253
CTCGAAGGTACTAAGC-1,OTI,2,211
CTCGAAGGTATCCTGC-1,OTI,7,92
CTCGAAGGTGTAGAAG-1,C57BL6,0,0
CTCGACACAAGTGTTC-1,C57BL6,0,0
CTCGACACAAGTTTCA-1,C57BL6,0,0
CTCGACACAATTAAGA-1,C57BL6,0,0
CTCGACACACCGTAAT-1,OTI,4,33
CTCGAGCCAAAACTAA-1,OTI,4,98
CTCGAGCCAAGCACAA-1,OTI,4,422
CTCGAGCCACAACGAA-1,C57BL6,0,0
CTCGAGCCACTCTAGG-1,OTI,3,407
CTCGAGCCAGCCTTAG-1,OTI,4,82
CTCGAGCCAGTATGTC-1,C57BL6,0,0
CTCGAGTAGATGCCAC-1,C57BL6,0,0
CTCGAGTAGATTACCG-1,C57BL6,0,0
CTCGAGTAGCAGCGAA-1,C57BL6,3,9
CTCGATAAGACAGCGA-1,OTI,4,10
CTCGATAAGAGCAGCA-1,C57BL6,1,2
CTCGATAAGCGGCATT-1,OTI,1,2
CTCGATAAGCTGCACG-1,C57BL6,0,0
CTCGATAAGGCATCCG-1,OTI,3,27
CTCGATAAGGCCATCG-1,OTI,13,1004
CTCGATCGTGCTCTGT-1,OTI,0,0
CTCGCAACAAACGTTC-1,C57BL6,0,0
CTCGCAACACTCACCT-1,OTI,0,0
CTCGCAACACTTAGCG-1,OTI,3,18
CTCGCAACAGTTAGTC-1,C57BL6,2,12
CTCGCACTCAAAGCCC-1,OTI,6,303
CTCGCACTCACGCAAC-1,OTI,0,0
CTCGCACTCACGTCCC-1,C57BL6,1,17
CTCGCACTCATCCGTT-1,OTI,1,11
CTCGCATGTCAGTCTC-1,C57BL6,1,1
CTCGCATGTCCAGATG-1,OTI,3,577
CTCGCATGTCGTTAAA-1,OTI,1,42
CTCGCATGTCTGCATC-1,OTI,2,47
CTCGCATGTGGTAAAG-1,OTI,4,226
CTCGCCAGTAAGCCGC-1,OTI,4,14
CTCGCCAGTAAGTGTC-1,C57BL6,0,0
CTCGCCAGTGCCCCTA-1,C57BL6,3,28
CTCGCTATCACACCTT-1,OTI,9,96
CTCGCTATCAGCGTGT-1,C57BL6,0,0
CTCGCTATCAGGCCAT-1,OTI,0,0
CTCGCTATCCAATTAA-1,C57BL6,1,1
CTCGCTATCCCGAATA-1,OTI,0,0
CTCGCTATCCTCACGC-1,OTI,3,24
CTCGCTATCGTTCGTT-1,OTI,2,13
CTCGCTGGTATCCCCG-1,OTI,0,0
CTCGCTGGTCAGGTTG-1,C57BL6,1,7
CTCGCTGGTCGCATTC-1,OTI,1,55
CTCGCTGGTCGTACAG-1,OTI,6,71
CTCGCTGGTCTTGGTC-1,C57BL6,0,0
CTCGCTGGTGGGGTCT-1,OTI,0,0
CTCGGACCAAAAGCCA-1,OTI,9,125
CTCGGACCAAATCTAT-1,OTI,4,172
CTCGGACCAACCCTAG-1,OTI,2,6
CTCGGACCAACGTACT-1,C57BL6,0,0
CTCGGACCACATGGGG-1,OTI,5,407
CTCGGACCACCACGTA-1,OTI,4,185
CTCGGACCAGGAGTTA-1,OTI,1,9
CTCGGACCAGTACTCG-1,OTI,3,47
CTCGGACCAGTGAAGC-1,OTI,0,0
CTCGGCAAGAAAGGTC-1,OTI,7,208
CTCGGCAAGAACCCCG-1,OTI,4,60
CTCGGCAAGAGTTGGG-1,OTI,2,128
CTCGGCAAGCACAGCT-1,OTI,3,9
CTCGGCAAGCGTTCCC-1,OTI,0,0
CTCGGCAAGGCTCAAC-1,C57BL6,1,14
CTCGGCTTCAACCAAT-1,OTI,2,331
CTCGGCTTCACTGCCC-1,OTI,0,0
CTCGGCTTCAGTACGC-1,OTI,2,409
CTCGGCTTCATATTAG-1,OTI,8,563
CTCGGCTTCCGAATGC-1,OTI,2,30
CTCGGCTTCCGTACTT-1,OTI,0,0
CTCGGCTTCGTTCGCC-1,OTI,4,1268
CTCGGCTTCGTTGCCC-1,C57BL6,1,8
CTCGGGATCAACCAAT-1,C57BL6,0,0
CTCGGGATCAATTCCC-1,OTI,5,96
CTCGGGATCAGCCGCA-1,OTI,0,0
CTCGGGATCAGTAATC-1,OTI,5,38
CTCGGGATCATGGCAC-1,OTI,5,296
CTCGGGATCCTCTGAT-1,OTI,2,68
CTCGGGATCCTTCATA-1,OTI,3,33
CTCGGGATCGCACTAA-1,C57BL6,0,0
CTCGGGATCGGGGTAA-1,OTI,1,9
CTCGGGTCAAAACCGA-1,C57BL6,2,32
CTCGGGTCAACCTATA-1,OTI,4,410
CTCGGGTCAACTCCGA-1,OTI,1,13
CTCGGGTCAAGTACGA-1,OTI,0,0
CTCGGGTCAATAGTAA-1,OTI,3,58
CTCGGGTCAGTCACGC-1,C57BL6,0,0
CTCGGTACAAACACTC-1,C57BL6,0,0
CTCGGTACAACCCTCT-1,C57BL6,0,0
CTCGGTACAAGCACAA-1,OTI,0,0
CTCGGTACAAGCCGAG-1,OTI,0,0
CTCGGTACAAGTCCGC-1,C57BL6,2,2
CTCGGTACAATCGTAC-1,OTI,6,24
CTCGGTACACCAAATC-1,C57BL6,5,13
CTCGGTACAGTATGGA-1,OTI,1,4
CTCGGTACAGTCTCGA-1,OTI,0,0
CTCGGTACAGTCTTCC-1,OTI,4,53
CTCGGTTGTATCGCGA-1,C57BL6,0,0
CTCGGTTGTCGGCTGG-1,OTI,1,38
CTCGGTTGTCGTTGCT-1,OTI,1,25
CTCGGTTGTGCATTCC-1,OTI,0,0
CTCGTAAAGAACCATT-1,OTI,6,88
CTCGTAAAGAATGCCC-1,C57BL6,0,0
CTCGTAAAGATGGAGT-1,OTI,0,0
CTCGTAAAGATGGGGC-1,OTI,1,8
CTCGTAAAGCATCGAC-1,C57BL6,0,0
CTCGTAAAGCCAACCG-1,OTI,1,11
CTCGTAAAGCGAAGAT-1,OTI,0,0
CTCGTAAAGCGTACGT-1,OTI,5,35
CTCGTAAAGCGTTAGC-1,C57BL6,0,0
CTCGTAAAGCTGGTCG-1,C57BL6,0,0
CTCGTAAAGGGTCGTT-1,OTI,2,15
CTCGTAAAGGTAAGGT-1,OTI,4,85
CTCGTAAAGGTCCTTT-1,OTI,1,67
CTCGTCATCATGCCTT-1,OTI,2,22
CTCGTCATCCACTCCA-1,C57BL6,0,0
CTCGTCATCCCTAACT-1,C57BL6,0,0
CTCGTCATCCGGGCTA-1,OTI,1,63
CTCGTCATCGTGCATA-1,C57BL6,0,0
CTCGTCGGTACCCTTA-1,C57BL6,0,0
CTCGTCGGTCCCAATC-1,C57BL6,0,0
CTCGTCGGTCCTGATC-1,C57BL6,0,0
CTCGTCGGTCGTGCCC-1,C57BL6,0,0
CTCGTCGGTCTTGGAG-1,OTI,1,21
CTCGTCGGTGCTTCCG-1,OTI,0,0
CTCGTCGGTGTCGAAT-1,C57BL6,0,0
CTCGTGGAGAAACGGT-1,OTI,2,4
CTCGTGGAGAGTTAGA-1,OTI,3,369
CTCGTGGAGCAAGGCA-1,C57BL6,1,1
CTCGTGGAGCATGCAC-1,OTI,5,152
CTCGTGGAGGCTATGC-1,OTI,1,3
CTCGTTCCAAATGAAC-1,OTI,3,13
CTCGTTCCAAATGACG-1,OTI,1,12
CTCGTTCCAACGAAGC-1,C57BL6,1,8
CTCGTTCCACAGTCAT-1,OTI,7,84
CTCGTTCCAGCGATAA-1,OTI,12,224
CTCGTTCCAGTACGCC-1,OTI,2,182
CTCGTTCCAGTACTCG-1,OTI,3,47
CTCGTTGTCCGAGTGT-1,OTI,0,0
CTCGTTGTCCTACTTA-1,OTI,8,394
CTCGTTTAGATCCTGA-1,OTI,0,0
CTCGTTTAGCTGGCAT-1,C57BL6,2,12
CTCGTTTAGGGAAACT-1,C57BL6,0,0
CTCGTTTAGGTTGGAG-1,OTI,6,387
CTCTAACTCAATATGC-1,C57BL6,0,0
CTCTAACTCAATGTTA-1,OTI,1,1
CTCTAACTCCCAATTC-1,OTI,3,27
CTCTAACTCGTCAACA-1,OTI,7,223
CTCTAATGTACCACCT-1,C57BL6,1,10
CTCTAATGTCAATTAG-1,C57BL6,0,0
CTCTAATGTCTAAGCG-1,OTI,3,30
CTCTAATGTGGCGCAT-1,OTI,1,1
CTCTAATGTGGTTGGC-1,C57BL6,0,0
CTCTAATGTGTCGTCT-1,OTI,3,65
CTCTAGAAGAAAGTCA-1,C57BL6,0,0
CTCTAGAAGCATGTCA-1,OTI,0,0
CTCTAGAAGCTAAATC-1,C57BL6,0,0
CTCTAGAAGGCATCGT-1,OTI,2,3
CTCTAGAAGGGTGATG-1,C57BL6,0,0
CTCTAGCGTACTGGAT-1,C57BL6,0,0
CTCTAGCGTCAGGCGT-1,OTI,5,457
CTCTAGCGTGGCCTGG-1,OTI,4,31
CTCTAGCGTGGTACTG-1,OTI,4,162
CTCTAGCGTGGTTTGG-1,C57BL6,0,0
CTCTAGCGTGTCGGCG-1,C57BL6,1,7
CTCTAGCGTGTCTAGG-1,C57BL6,0,0
CTCTAGGCAAAGCAAT-1,OTI,7,397
CTCTAGGCAACACTTA-1,C57BL6,0,0
CTCTAGGCAACGTAAG-1,C57BL6,0,0
CTCTAGGCAATCGAAG-1,C57BL6,1,13
CTCTAGGCACTATCCC-1,C57BL6,1,4
CTCTAGGCACTTAACA-1,OTI,2,338
CTCTAGGCAGTACTTA-1,OTI,3,18
CTCTAGTTCAGAGTAA-1,OTI,4,35
CTCTAGTTCATGAAAG-1,C57BL6,0,0
CTCTAGTTCCTGATTC-1,C57BL6,1,2
CTCTAGTTCGGTCCCT-1,C57BL6,0,0
CTCTAGTTCGTGTACA-1,C57BL6,0,0
CTCTCATAGAATGGTA-1,C57BL6,0,0
CTCTCATAGAGCAGAT-1,OTI,4,72
CTCTCATAGCCACTTT-1,OTI,1,134
CTCTCATAGCGCCACA-1,C57BL6,1,6
CTCTCATAGGGCATAG-1,OTI,3,58
CTCTCATAGGTAATGA-1,OTI,2,44
CTCTCATAGGTAGGCA-1,OTI,4,626
CTCTCCAAGACCTTAG-1,C57BL6,0,0
CTCTCCAAGAGGTGAT-1,OTI,0,0
CTCTCCAAGGTAAGAC-1,OTI,4,35
CTCTCCGCAATCCAAC-1,C57BL6,1,5
CTCTCCGCAATGCGGG-1,OTI,16,404
CTCTCCGCACCCAGTA-1,OTI,3,380
CTCTCCGCACGAACCC-1,C57BL6,2,19
CTCTCCGCACTACTTT-1,C57BL6,0,0
CTCTCCGCACTCACGA-1,OTI,4,137
CTCTCCGCAGCAACTT-1,OTI,2,49
CTCTCCGCAGGGTTCC-1,OTI,2,22
CTCTCCGCAGTAAACG-1,OTI,0,0
CTCTCCTTCAACGTGC-1,OTI,2,161
CTCTCCTTCATTGGCA-1,OTI,1,21
CTCTCCTTCCAACAGC-1,OTI,3,161
CTCTCCTTCCAATAGT-1,OTI,2,108
CTCTCCTTCGCGGATT-1,C57BL6,1,10
CTCTCCTTCGGACCTG-1,OTI,2,43
CTCTCCTTCGGGCTCA-1,C57BL6,4,5
CTCTCCTTCGTAGGCT-1,C57BL6,0,0
CTCTCGATCACACGTA-1,OTI,2,22
CTCTCGATCAGTATGT-1,C57BL6,0,0
CTCTCGATCATGAGTT-1,OTI,1,5
CTCTCGATCCAGCTAA-1,C57BL6,0,0
CTCTCGATCCTAATCC-1,OTI,0,0
CTCTCGATCCTCTGGC-1,OTI,1,3
CTCTCGGGTAGAGGGT-1,OTI,1,84
CTCTCGGGTAGCCCTT-1,OTI,4,56
CTCTCGGGTATGGGTT-1,C57BL6,0,0
CTCTCGGGTCATGTCC-1,OTI,5,76
CTCTCGGGTCTCGCCA-1,OTI,1,6
CTCTCGGGTGGAGCAG-1,OTI,3,1319
CTCTCGGGTGTTACTT-1,OTI,2,14
CTCTGAAAGAAGCCGA-1,C57BL6,0,0
CTCTGAAAGCCAGTAC-1,OTI,1,23
CTCTGAAAGCGCCTAG-1,OTI,5,81
CTCTGAAAGCGGCTTG-1,OTI,5,26
CTCTGAAAGGTAGGTG-1,C57BL6,0,0
CTCTGAAAGGTCGGTT-1,OTI,7,593
CTCTGATTCATAAGCT-1,OTI,4,184
CTCTGATTCCGCATAA-1,OTI,4,201
CTCTGATTCCTAGCCC-1,OTI,5,49
CTCTGATTCGCTCCAC-1,OTI,1,1
CTCTGATTCGCTGAGT-1,OTI,3,5
CTCTGCATCCCTTTAA-1,C57BL6,5,5
CTCTGCATCGCCATAA-1,OTI,4,191
CTCTGGCTCAAGTTCG-1,C57BL6,0,0
CTCTGGCTCACAAGCC-1,C57BL6,0,0
CTCTGGCTCACATGTG-1,OTI,4,102
CTCTGGCTCCGCTAAA-1,OTI,2,131
CTCTGGCTCGCTCCTA-1,OTI,6,200
CTCTGGCTCGCTTACT-1,OTI,6,187
CTCTGGCTCGTAGTGC-1,C57BL6,1,3
CTCTGGCTCGTGCTAA-1,OTI,3,243
CTCTGGGAGAAAGGAG-1,OTI,3,367
CTCTGGGAGAACGTGG-1,C57BL6,1,4
CTCTGGGAGCAAAGCG-1,OTI,3,47
CTCTGGGAGCACCGCA-1,C57BL6,0,0
CTCTGGGAGCCAATAT-1,OTI,2,113
CTCTGGGAGGGAATGT-1,OTI,5,83
CTGAAAGCAAAGCCAA-1,C57BL6,0,0
CTGAAAGCAAAGGCCG-1,OTI,2,219
CTGAAAGCAACGCTCA-1,OTI,3,194
CTGAAAGCACATAATT-1,OTI,2,18
CTGAAAGCACCCTAAG-1,OTI,3,301
CTGAACATCAACCTCT-1,C57BL6,0,0
CTGAACATCACAACTG-1,C57BL6,0,0
CTGAACATCACATCTC-1,C57BL6,3,31
CTGAACATCACTATCC-1,OTI,3,398
CTGAACATCAGCATTG-1,C57BL6,0,0
CTGAACATCCAGCTCC-1,OTI,0,0
CTGAACATCCCTAAAG-1,OTI,3,49
CTGAACATCCGCTAAA-1,C57BL6,0,0
CTGAACATCCTAAGCA-1,OTI,6,46
CTGAACATCGCTAAAT-1,C57BL6,1,2
CTGAATTAGAACATAG-1,OTI,3,307
CTGAATTAGATGACGG-1,OTI,7,383
CTGAATTAGATTACAC-1,OTI,0,0
CTGAATTAGCCTTAAG-1,OTI,3,127
CTGAATTAGCGTTGTA-1,OTI,1,11
CTGAATTAGGCCATGT-1,OTI,4,4
CTGACAATCACAGATT-1,C57BL6,0,0
CTGACAATCACTTCTA-1,OTI,1,23
CTGACAATCACTTGTC-1,OTI,2,9
CTGACAATCATGTCAG-1,OTI,0,0
CTGACAATCCAGCCCT-1,C57BL6,1,5
CTGACAATCCGCTTCA-1,C57BL6,0,0
CTGACAATCGCCTTGC-1,C57BL6,0,0
CTGACACAGACAGCCT-1,OTI,0,0
CTGACACAGCCCTTAT-1,OTI,2,98
CTGACACAGCTCAGCG-1,OTI,0,0
CTGACACAGGCCATTA-1,C57BL6,2,3
CTGACACAGGTCGCCA-1,C57BL6,0,0
CTGACATCAAAGTGCA-1,C57BL6,0,0
CTGACATCAAGCGAAC-1,OTI,4,20
CTGACATCAAGTTTCA-1,OTI,5,59
CTGACATCACACAATC-1,OTI,3,29
CTGACATCACCACTAG-1,OTI,7,134
CTGACATCACTCGGGT-1,OTI,2,47
CTGACCACAACAATTT-1,OTI,2,424
CTGACCACAACAGACA-1,OTI,0,0
CTGACCACAAGACGTA-1,OTI,9,128
CTGACCACACGGTGCT-1,OTI,0,0
CTGACCACACTAGGCC-1,OTI,9,259
CTGACCACAGTTAGTC-1,OTI,4,383
CTGACCGAGAAGCTGG-1,C57BL6,0,0
CTGACCGAGAATGGGT-1,OTI,5,139
CTGACCGAGACCTGCG-1,C57BL6,2,4
CTGACCGAGATCCTGA-1,OTI,4,62
CTGACCGAGATTAACC-1,C57BL6,1,26
CTGACCGAGCCAGAGA-1,C57BL6,0,0
CTGACCGAGCGCATTA-1,OTI,1,5
CTGACCGAGCTCGGCA-1,OTI,4,53
CTGACGCCAACCACAT-1,C57BL6,0,0
CTGACGCCAAGCTATC-1,OTI,2,150
CTGACGCCAAGTGCCC-1,OTI,5,173
CTGACGCCACACTTAA-1,OTI,2,7
CTGACGTAGATCGTTG-1,C57BL6,0,0
CTGACGTAGCCATGAC-1,C57BL6,1,13
CTGACGTAGGCCCGTA-1,C57BL6,1,3
CTGACTCGTACCTTTG-1,OTI,4,210
CTGACTCGTCAGGCGT-1,OTI,9,307
CTGACTCGTCCGTCTG-1,OTI,2,125
CTGACTCGTCCTTGTA-1,OTI,14,146
CTGACTCGTGCGTCTT-1,OTI,5,140
CTGACTCGTGCTCGGG-1,OTI,3,30
CTGACTCGTGGCTCCC-1,C57BL6,0,0
CTGACTCGTGTGCCTT-1,OTI,0,0
CTGACTCGTGTTGGAT-1,OTI,0,0
CTGATAAGTCAACGTG-1,OTI,0,0
CTGATAAGTCAGTAGT-1,OTI,1,5
CTGATAAGTGTGCGCG-1,OTI,2,79
CTGATATAGACGCCAT-1,OTI,1,12
CTGATATAGATACGGG-1,OTI,3,147
CTGATATAGCATTACG-1,OTI,4,90
CTGATATAGCCGTCAG-1,OTI,3,45
CTGATATAGCGAACGA-1,OTI,5,354
CTGATATAGCGGATAG-1,OTI,2,17
CTGATATAGGGAGGTC-1,OTI,2,99
CTGATATAGGTGAGAT-1,C57BL6,0,0
CTGATTACAAAGTACG-1,C57BL6,0,0
CTGATTACAACATGCT-1,OTI,2,3
CTGATTACAGCGCTTA-1,OTI,2,228
CTGATTACAGGACACG-1,OTI,2,36
CTGATTACAGTCATCG-1,OTI,2,195
CTGATTCTCACATTAA-1,OTI,0,0
CTGATTCTCCCCATGC-1,OTI,0,0
CTGATTCTCCGCGGTA-1,OTI,4,83
CTGATTCTCCTGTCGC-1,OTI,7,66
CTGATTCTCGGCTATA-1,OTI,3,22
CTGATTCTCGTGGCCA-1,OTI,0,0
CTGATTCTCGTTATGG-1,OTI,5,447
CTGATTGAGACGCTGT-1,OTI,4,75
CTGATTGAGAGACTTT-1,C57BL6,1,3
CTGATTGAGGCAATCC-1,OTI,2,21
CTGCAAATCATCCTTA-1,OTI,0,0
CTGCAAATCATGTAGT-1,OTI,0,0
CTGCAAATCCCAAGTA-1,C57BL6,0,0
CTGCAAATCCCACAGG-1,C57BL6,0,0
CTGCAAATCCCTATTA-1,OTI,2,97
CTGCAAATCCGTATCT-1,C57BL6,1,6
CTGCAAATCGGGTCAT-1,OTI,2,143
CTGCAACAGAACGACG-1,C57BL6,0,0
CTGCAACAGAGTGATA-1,OTI,2,75
CTGCAACAGCACTTAG-1,OTI,2,41
CTGCAACAGCATCTAG-1,OTI,1,27
CTGCAACAGCGCTGCA-1,OTI,2,41
CTGCAACAGGTAAGTA-1,OTI,0,0
CTGCAACAGGTAATGA-1,C57BL6,2,8
CTGCAAGGTATCCGTC-1,C57BL6,2,4
CTGCAAGGTATGTTGA-1,OTI,2,19
CTGCAAGGTCACGGCG-1,OTI,0,0
CTGCAAGGTCCAACAG-1,C57BL6,2,68
CTGCAAGGTCTACAGG-1,OTI,7,270
CTGCAAGGTGCGGAGA-1,C57BL6,0,0
CTGCAAGGTGCGGGTT-1,C57BL6,2,17
CTGCAAGGTGGCTTAG-1,OTI,6,43
CTGCAAGGTGGTAGTT-1,C57BL6,0,0
CTGCAAGGTGTGGCCG-1,OTI,3,42
CTGCAATCAAACCGAA-1,OTI,0,0
CTGCAATCAACCCATG-1,OTI,0,0
CTGCAATCAAGCGGCA-1,OTI,5,89
CTGCAATCAATCGCCA-1,C57BL6,0,0
CTGCAATCACTAGTTA-1,OTI,1,5
CTGCAATCAGGAAGCT-1,OTI,2,54
CTGCAATCAGGATGGT-1,OTI,1,5
CTGCAATCAGTCCTAG-1,OTI,6,257
CTGCACACAGCGTAGG-1,C57BL6,0,0
CTGCACACAGTGGACG-1,OTI,2,27
CTGCACCTCACGGCCA-1,OTI,2,166
CTGCACCTCAGAGAAC-1,OTI,3,16
CTGCACCTCCAACAGC-1,C57BL6,1,7
CTGCACCTCCGGACAT-1,OTI,3,40
CTGCACCTCCTACAAG-1,OTI,4,59
CTGCACCTCCTCTCGA-1,OTI,2,226
CTGCACCTCCTGCATT-1,C57BL6,0,0
CTGCACCTCGCGACAT-1,C57BL6,0,0
CTGCACCTCGCGTCGA-1,OTI,2,7
CTGCACCTCGGTCCCT-1,OTI,2,6
CTGCACCTCGTATACG-1,OTI,2,76
CTGCACGAGAACGGGC-1,OTI,6,261
CTGCACGAGACATATC-1,OTI,3,127
CTGCACGAGACGCGTT-1,OTI,2,48
CTGCACGAGATGTGTT-1,C57BL6,0,0
CTGCACGAGCCTTTCG-1,OTI,2,9
CTGCACGAGGCGCATT-1,OTI,2,17
CTGCACGAGGTAGTGG-1,OTI,4,291
CTGCAGTAGAACCCAC-1,OTI,2,37
CTGCAGTAGCTAAATC-1,OTI,5,119
CTGCAGTAGGGCTTCG-1,C57BL6,0,0
CTGCATAAGAAACTAG-1,OTI,2,212
CTGCATAAGAGTTGAA-1,OTI,2,80
CTGCATAAGATCGGTC-1,OTI,4,48
CTGCATAAGCGATTTG-1,OTI,4,198
CTGCATAAGCGTTAGC-1,OTI,1,35
CTGCATAAGGGCGTAA-1,OTI,11,237
CTGCATAAGGTAAGAC-1,OTI,0,0
CTGCATCGTACTATGA-1,OTI,2,26
CTGCATCGTACTTGGG-1,OTI,0,0
CTGCATCGTATACAGC-1,OTI,1,69
CTGCATCGTCTAGCAG-1,OTI,3,28
CTGCATCGTCTTGTAT-1,OTI,3,53
CTGCATCGTGCGTTAG-1,C57BL6,0,0
CTGCATCGTGTGCCGG-1,OTI,2,59
CTGCATTTCACAACGC-1,C57BL6,0,0
CTGCATTTCACCAACA-1,C57BL6,3,17
CTGCATTTCACTCGCC-1,OTI,1,11
CTGCATTTCCACAGGT-1,C57BL6,5,84
CTGCATTTCCACCTCA-1,OTI,0,0
CTGCATTTCCAGCATA-1,OTI,1,10
CTGCATTTCCGACCCT-1,OTI,7,98
CTGCGATAGACTCCAA-1,OTI,2,6
CTGCGATAGCAAGCTC-1,OTI,3,80
CTGCGATAGCCTAATG-1,OTI,0,0
CTGCGATAGGCACGTT-1,OTI,2,168
CTGCGCCGTAAGCAAG-1,C57BL6,1,1
CTGCGCCGTCTACGCT-1,OTI,4,85
CTGCGTACAAAACTCC-1,OTI,3,200
CTGCGTACAAAGCGTA-1,C57BL6,0,0
CTGCGTACAACCCACA-1,C57BL6,0,0
CTGCGTACAACCTACG-1,OTI,10,180
CTGCGTACAAGCTATC-1,C57BL6,4,32
CTGCGTACAATCCGCA-1,OTI,0,0
CTGCGTACAATCGAGA-1,OTI,3,333
CTGCGTACACAGCGGA-1,C57BL6,0,0
CTGCGTACACGCGCAT-1,OTI,3,25
CTGCGTACAGTTGGTT-1,OTI,0,0
CTGCGTCTCACACAAT-1,OTI,3,93
CTGCGTCTCACAGTTG-1,OTI,5,376
CTGCGTCTCAGAGTAA-1,C57BL6,0,0
CTGCGTCTCATTGTCC-1,C57BL6,0,0
CTGCGTCTCCAGTCAA-1,C57BL6,0,0
CTGCGTCTCCGATCAA-1,C57BL6,0,0
CTGCGTCTCGGTTAAT-1,OTI,2,124
CTGCGTGAGCCTAGTA-1,C57BL6,0,0
CTGCTAAAGAAACCCC-1,C57BL6,0,0
CTGCTAAAGAAAGGAG-1,OTI,0,0
CTGCTAAAGAACTAAG-1,OTI,5,127
CTGCTAAAGACATTCG-1,C57BL6,0,0
CTGCTAAAGACGAAGT-1,C57BL6,3,69
CTGCTAAAGATAATCC-1,OTI,3,32
CTGCTAAAGCTAGGTC-1,C57BL6,0,0
CTGCTAAAGGCATCAC-1,OTI,4,45
CTGCTAAAGGTTATCG-1,OTI,2,100
CTGCTATTCAACCATG-1,OTI,2,3
CTGCTATTCACTTCCG-1,OTI,0,0
CTGCTATTCATGGTTG-1,OTI,1,11
CTGCTATTCGCTGAGT-1,C57BL6,1,3
CTGCTATTCGTATCGA-1,OTI,6,229
CTGCTCTCAACCTGCA-1,OTI,1,5
CTGCTCTCAAGTCGAA-1,OTI,2,132
CTGCTCTCAATACCTA-1,OTI,1,9
CTGCTCTCACAATCCG-1,OTI,1,5
CTGCTCTCACTACTCC-1,C57BL6,0,0
CTGCTCTCAGGCACTC-1,C57BL6,0,0
CTGCTTCCACATAGAG-1,OTI,3,133
CTGCTTCCACATAGTC-1,C57BL6,1,7
CTGCTTCCACGCGACT-1,OTI,2,199
CTGCTTCCAGTGAAGC-1,OTI,3,47
CTGGAATGTAACGAGA-1,OTI,6,151
CTGGAATGTAAGTGTC-1,C57BL6,5,385
CTGGAATGTAATGTCA-1,OTI,5,81
CTGGAATGTATAGGCT-1,OTI,0,0
CTGGAATGTGCCCCGT-1,OTI,3,16
CTGGAATGTGTATCTT-1,C57BL6,0,0
CTGGAGGCAAAATGAC-1,OTI,3,57
CTGGAGGCAAACCTAC-1,C57BL6,0,0
CTGGAGGCAACCCACA-1,OTI,0,0
CTGGAGGCAATGGGGT-1,OTI,0,0
CTGGAGGCACAAGCGG-1,C57BL6,0,0
CTGGAGGCACTGACAT-1,C57BL6,2,14
CTGGATGGTAAAGCTC-1,C57BL6,0,0
CTGGATGGTAACATTG-1,OTI,2,574
CTGGATGGTACGCTTC-1,OTI,1,2
CTGGATGGTAGCCAGC-1,OTI,1,5
CTGGATGGTATACAGC-1,OTI,7,298
CTGGATGGTATAGGAG-1,OTI,3,291
CTGGATGGTATGGCCA-1,OTI,3,10
CTGGATGGTCTAGGGC-1,OTI,4,240
CTGGATGGTGGCGTGT-1,C57BL6,0,0
CTGGCACCAATCAGGA-1,OTI,1,9
CTGGCACCACAGTAAG-1,C57BL6,0,0
CTGGCACCAGCTGTAT-1,C57BL6,0,0
CTGGCATAGAAACCGG-1,C57BL6,1,23
CTGGCATAGAACGTTT-1,OTI,5,172
CTGGCATAGATCTCGA-1,OTI,3,77
CTGGCATAGCATCTTC-1,OTI,4,292
CTGGCATAGCCTTCAT-1,OTI,2,22
CTGGCATAGGGACGGT-1,OTI,5,175
CTGGCCCGTACCACGA-1,OTI,1,21
CTGGCCCGTCTTGGAG-1,C57BL6,1,6
CTGGCCCGTGTCTTAT-1,OTI,2,48
CTGGCTCTCACACCTT-1,OTI,3,26
CTGGCTCTCACCATCT-1,OTI,2,19
CTGGCTCTCAGCACTA-1,OTI,2,83
CTGGCTCTCCCGAATA-1,OTI,2,40
CTGGCTCTCCGAAACC-1,OTI,0,0
CTGGCTCTCCTGCTAT-1,OTI,1,36
CTGGCTCTCGCAAACC-1,C57BL6,0,0
CTGGCTCTCGGACTAC-1,C57BL6,1,6
CTGGCTCTCGGTTACA-1,OTI,5,275
CTGGCTCTCGTAGTGC-1,C57BL6,0,0
CTGGCTCTCGTATCGA-1,OTI,0,0
CTGGCTTGTACCTTAT-1,OTI,2,18
CTGGCTTGTATTGTAG-1,OTI,2,247
CTGGCTTGTCAATTAG-1,OTI,1,4
CTGGCTTGTCCCTAGT-1,C57BL6,1,13
CTGGCTTGTCGCTCGC-1,OTI,3,106
CTGGCTTGTCTCCGGC-1,OTI,1,88
CTGGCTTGTGCATGGC-1,OTI,1,1
CTGGCTTGTGTGTGCA-1,OTI,0,0
CTGGGAGCAACTGCCA-1,OTI,0,0
CTGGGAGCAAGGTTAG-1,OTI,4,43
CTGGGCATCCCCTAGC-1,OTI,0,0
CTGGGCATCCGTTTCG-1,C57BL6,0,0
CTGGGCATCGTTATAA-1,C57BL6,0,0
CTGGGCTCAAGTACGA-1,OTI,4,92
CTGGGCTCAGGTCTAT-1,C57BL6,0,0
CTGGGGACAAAGCTCT-1,OTI,3,147
CTGGGGACAACACTCG-1,OTI,7,59
CTGGGGACAATTCAGC-1,OTI,5,79
CTGGGGACACAACGGG-1,C57BL6,2,11
CTGGGGACACAGCTCA-1,C57BL6,0,0
CTGGGGACACCATCGA-1,OTI,0,0
CTGGGGACAGCTGTAT-1,OTI,0,0
CTGGGGACAGGAAGCT-1,C57BL6,0,0
CTGGGTGTCAACTCTC-1,C57BL6,0,0
CTGGGTGTCAAGGGCA-1,C57BL6,1,5
CTGGGTGTCATCGCCC-1,OTI,4,59
CTGGGTGTCATTCGTC-1,C57BL6,0,0
CTGGGTGTCGCATACA-1,C57BL6,1,1
CTGGGTGTCGGCGTCA-1,C57BL6,0,0
CTGGGTTAGAACTTCG-1,C57BL6,2,9
CTGGGTTAGAAGCTTT-1,C57BL6,1,6
CTGGGTTAGAGAATTG-1,OTI,1,1
CTGGGTTAGATCGTAT-1,OTI,0,0
CTGGGTTAGCATGCCG-1,C57BL6,1,5
CTGGGTTAGCCATTAG-1,C57BL6,0,0
CTGGGTTAGCGTAATT-1,OTI,1,1
CTGGGTTAGGCTGTTA-1,OTI,2,402
CTGGTAATCAAACTTA-1,OTI,6,153
CTGGTAATCCAAGCTA-1,OTI,2,17
CTGGTAATCCAGGTGT-1,OTI,2,61
CTGGTAATCCTCCAGC-1,OTI,2,32
CTGGTAATCGCGAGTT-1,C57BL6,3,106
CTGGTAATCGTCATCT-1,OTI,0,0
CTGGTAGGTAGTATTG-1,C57BL6,1,1
CTGGTAGGTCCCTCTC-1,C57BL6,1,5
CTGGTAGGTCGCCATT-1,OTI,3,94
CTGGTAGGTCGTATAA-1,OTI,8,581
CTGGTCCTCAACAGCC-1,OTI,3,63
CTGGTCCTCAATCGCA-1,C57BL6,2,37
CTGGTCCTCAGTAATC-1,OTI,7,355
CTGGTCCTCCAAGTAT-1,C57BL6,0,0
CTGGTCCTCCCAAATG-1,C57BL6,0,0
CTGGTCCTCCGGGATT-1,OTI,2,5
CTGGTCCTCGGGTCCA-1,OTI,2,95
CTGGTCGAGAACTAAG-1,C57BL6,0,0
CTGGTCGAGAACTTGT-1,OTI,0,0
CTGGTCGAGACAATAG-1,OTI,2,7
CTGGTCGAGCCGACAT-1,C57BL6,0,0
CTGGTCGAGCGAAGTG-1,OTI,5,242
CTGGTCGAGCTAGTTG-1,OTI,0,0
CTGGTCGAGCTTGTCT-1,OTI,2,89
CTGGTCGAGGCTAACC-1,OTI,2,58
CTGGTCGAGGCTATGC-1,C57BL6,1,7
CTGGTCTGTACGCGCG-1,OTI,2,383
CTGGTCTGTACTCATT-1,OTI,2,203
CTGGTCTGTAGCCTCT-1,OTI,6,154
CTGGTCTGTAGGGGAT-1,OTI,3,82
CTGGTCTGTATCCTAT-1,C57BL6,2,14
CTGGTCTGTATTATCC-1,OTI,1,4
CTGGTCTGTCCAGGGT-1,C57BL6,0,0
CTGGTCTGTCCTATTG-1,C57BL6,1,26
CTGGTCTGTCTAGGTG-1,OTI,1,14
CTGGTCTGTGCCTCTG-1,OTI,3,56
CTGGTGAGTACACCCT-1,C57BL6,0,0
CTGGTGAGTACTGGAT-1,OTI,0,0
CTGGTGAGTAGAGGCG-1,C57BL6,1,5
CTGGTGAGTATGCCAG-1,OTI,5,156
CTGGTGAGTATGTGTA-1,C57BL6,1,23
CTGGTGAGTCGACGGT-1,C57BL6,0,0
CTGGTGAGTCTAATCT-1,C57BL6,1,9
CTGGTGAGTCTCTAAT-1,C57BL6,0,0
CTGGTGAGTCTGTGAG-1,C57BL6,0,0
CTGGTGAGTGGACCGT-1,C57BL6,1,1
CTGGTTAAGAACGTAA-1,C57BL6,0,0
CTGGTTAAGAGGGCGT-1,C57BL6,1,3
CTGGTTAAGATCGTAT-1,OTI,4,149
CTGGTTAAGCAGCGAA-1,OTI,0,0
CTGGTTAAGCATACAT-1,OTI,5,52
CTGGTTAAGCCATATG-1,C57BL6,1,1
CTGGTTAAGCTATAGT-1,C57BL6,1,5
CTGGTTAAGCTCTGGG-1,OTI,3,14
CTGGTTAAGGCCCCAA-1,C57BL6,1,7
CTGGTTAAGGTTGTAT-1,OTI,1,1
CTGTAACCAAATCCCG-1,OTI,5,32
CTGTAACCAACCCTAG-1,C57BL6,7,11
CTGTAACCAAGTAACG-1,OTI,2,83
CTGTAACCAATCGCAT-1,C57BL6,0,0
CTGTAACCACAACGGG-1,C57BL6,0,0
CTGTAACCACCGTACA-1,OTI,2,201
CTGTAATAGAAGCTTT-1,C57BL6,0,0
CTGTAATAGCCATCAA-1,OTI,1,7
CTGTAATAGCCGCCAA-1,OTI,4,169
CTGTAATAGCTAATCG-1,OTI,2,37
CTGTAATAGCTCGGCA-1,C57BL6,1,3
CTGTAATAGCTGGGTT-1,C57BL6,2,2
CTGTAATAGGTCGCAT-1,OTI,3,215
CTGTACAAGAATACAG-1,OTI,4,277
CTGTACAAGCATTAAC-1,C57BL6,0,0
CTGTACAAGCCATGAC-1,C57BL6,0,0
CTGTACAAGCCGTCGA-1,OTI,4,20
CTGTACAAGCCTATGA-1,OTI,5,34
CTGTACAAGCCTGACG-1,C57BL6,1,8
CTGTACAAGGCGATAG-1,OTI,0,0
CTGTACAAGGCTTTAG-1,OTI,5,109
CTGTACAAGGGTTCCG-1,OTI,1,16
CTGTACCGTCACGCTT-1,OTI,2,214
CTGTACCGTCATCGGA-1,C57BL6,1,11
CTGTACCGTCATTCTG-1,OTI,2,168
CTGTACCGTCCGTCTG-1,OTI,11,303
CTGTACCGTCGAGGAG-1,C57BL6,1,2
CTGTACCGTGCCTTGT-1,OTI,1,4
CTGTACCGTGGCTTTC-1,OTI,3,186
CTGTACGCAAGACGTA-1,OTI,1,1
CTGTACGCAAGTAACG-1,OTI,0,0
CTGTACGCAATGGACA-1,OTI,7,266
CTGTACGCACATTAGC-1,OTI,8,268
CTGTACTTCATGGCGT-1,OTI,3,270
CTGTACTTCATTAATG-1,C57BL6,0,0
CTGTACTTCGCGAAAG-1,C57BL6,1,6
CTGTACTTCGTCTCTG-1,C57BL6,0,0
CTGTAGCAGCGCAGTT-1,OTI,0,0
CTGTAGCAGCTACATG-1,C57BL6,0,0
CTGTAGCAGCTAGTGC-1,C57BL6,2,16
CTGTATCTCACGACAC-1,C57BL6,0,0
CTGTATCTCACTGTCT-1,OTI,4,42
CTGTATCTCCAAGTAT-1,OTI,1,4
CTGTATCTCCGTCGCT-1,OTI,5,116
CTGTATCTCGCATAGC-1,OTI,7,228
CTGTATCTCGCTCCTA-1,C57BL6,1,2
CTGTATCTCGGTTTAG-1,OTI,6,1664
CTGTATGAGAAGCCGA-1,OTI,2,96
CTGTATGAGAATACAG-1,C57BL6,1,16
CTGTATGAGACATGGG-1,OTI,2,6
CTGTATGAGCAGTATT-1,OTI,5,189
CTGTATGAGCTCGATA-1,C57BL6,0,0
CTGTATGAGCTGTCGG-1,OTI,0,0
CTGTATTGTATACCCC-1,OTI,3,39
CTGTATTGTCCGCATT-1,OTI,5,90
CTGTATTGTCGACAGC-1,OTI,1,9
CTGTATTGTCGACGGT-1,OTI,0,0
CTGTATTGTCGCATTC-1,OTI,3,223
CTGTATTGTCTAACTT-1,C57BL6,0,0
CTGTATTGTCTAGCTC-1,OTI,1,35
CTGTATTGTCTTAGGG-1,C57BL6,0,0
CTGTATTGTGTGTAGT-1,OTI,0,0
CTGTCATTCAATCCCT-1,OTI,3,139
CTGTCATTCACCCCGT-1,OTI,1,564
CTGTCATTCACGACTA-1,OTI,2,46
CTGTCATTCACTCATC-1,OTI,2,12
CTGTCATTCAGTCAGC-1,C57BL6,1,10
CTGTCATTCCAGTAGC-1,OTI,3,73
CTGTCATTCCATCTGT-1,OTI,3,58
CTGTCATTCGCTTATC-1,OTI,5,584
CTGTCATTCGGTTAGC-1,OTI,0,0
CTGTCATTCGTCCCTA-1,OTI,4,91
CTGTCCGGTATGTACA-1,OTI,0,0
CTGTCCGGTCATCTTG-1,OTI,3,48
CTGTCCGGTCATGGAT-1,OTI,6,115
CTGTCCGGTCCGCTTG-1,OTI,1,1
CTGTCCGGTCCTAGTC-1,OTI,2,94
CTGTCCGGTCGACAGC-1,OTI,3,69
CTGTCGCTCATGAATC-1,OTI,2,53
CTGTCGCTCCCATTAC-1,OTI,3,83
CTGTCGCTCCGCAGCA-1,C57BL6,1,23
CTGTCGCTCCGTTCTG-1,C57BL6,0,0
CTGTCGCTCGTACATG-1,C57BL6,0,0
CTGTCGGAGGTAGGAT-1,C57BL6,0,0
CTGTCTAGTACATCTT-1,OTI,1,8
CTGTCTAGTCCAGTTC-1,OTI,2,24
CTGTCTAGTCCCAAAG-1,OTI,4,25
CTGTCTAGTCCTAGTC-1,OTI,5,76
CTGTCTAGTCGTAGGC-1,OTI,2,18
CTGTCTAGTGGCTAAT-1,C57BL6,0,0
CTGTCTAGTGGTTCAG-1,OTI,1,162
CTGTGAGGTATCCAGG-1,C57BL6,3,33
CTGTGAGGTCCTATGC-1,OTI,6,24
CTGTGAGGTGCTCGTT-1,OTI,4,250
CTGTGAGGTGGACTGC-1,C57BL6,0,0
CTGTGAGGTGGAGTAA-1,OTI,5,493
CTGTGAGGTGTTAATG-1,C57BL6,3,59
CTGTGCGAGAGTATTC-1,C57BL6,0,0
CTGTGCGAGCCGGTAT-1,OTI,0,0
CTGTGCGAGCCTTAAG-1,OTI,0,0
CTGTGCGAGCGGGATA-1,OTI,0,0
CTGTGCGAGCTACGTA-1,C57BL6,1,1
CTGTGGAGTACAGGTT-1,C57BL6,1,4
CTGTGGAGTATACGGT-1,OTI,1,62
CTGTGGAGTCCGACAA-1,OTI,1,17
CTGTGGAGTCCGTTTA-1,C57BL6,4,4
CTGTGGAGTGCACGTA-1,OTI,4,33
CTGTGGAGTGGTTGGC-1,OTI,1,7
CTGTGGAGTGTAAGTC-1,OTI,3,46
CTGTGGAGTGTTCAGG-1,OTI,0,0
CTGTGGTAGATAGGGT-1,OTI,4,184
CTGTGGTAGCCTCATT-1,OTI,4,83
CTGTTACTCACCAATG-1,C57BL6,0,0
CTGTTACTCACGTCAA-1,OTI,0,0
CTGTTACTCCTGAACA-1,C57BL6,0,0
CTGTTACTCCTGGTAA-1,OTI,4,55
CTGTTACTCGCGACAT-1,OTI,8,261
CTGTTACTCGGAATGG-1,C57BL6,0,0
CTGTTACTCGTGTCAA-1,C57BL6,0,0
CTGTTATGTCTAATGA-1,OTI,7,100
CTGTTATGTGGCGAGA-1,OTI,5,140
CTGTTATGTGGTAGGG-1,C57BL6,0,0
CTGTTCGTCCCATCTG-1,OTI,1,67
CTGTTCGTCCCTTTAA-1,OTI,1,12
CTGTTCGTCGGTTCGG-1,OTI,0,0
CTGTTGAAGAAGTAGC-1,C57BL6,1,2
CTGTTGAAGCATGTAT-1,OTI,3,27
CTGTTGAAGCATTGCA-1,C57BL6,0,0
CTGTTGAAGCGGCCTA-1,C57BL6,0,0
CTGTTGAAGCTAGTAT-1,OTI,7,133
CTGTTGCGTAAGGGTA-1,OTI,0,0
CTGTTGCGTACGGTTG-1,OTI,2,19
CTGTTGCGTAGTATGC-1,OTI,3,328
CTGTTGCGTGTATGTA-1,OTI,2,13
CTTAAATCAATCGTCG-1,OTI,3,188
CTTAAATCACAGCAGG-1,OTI,3,130
CTTAAATCACTATGAC-1,OTI,1,6
CTTAAATCACTCGGGT-1,OTI,5,65
CTTAAATCAGCTTAGT-1,OTI,3,22
CTTAACACAATAAGTA-1,OTI,2,50
CTTAACACACCACTCT-1,OTI,0,0
CTTAACACACTGGAGG-1,C57BL6,1,41
CTTAACACACTTAAGC-1,OTI,2,11
CTTAACCTCAACAGCC-1,OTI,2,35
CTTAACCTCAATGCGC-1,OTI,2,38
CTTAACCTCACGCTCC-1,OTI,0,0
CTTAACCTCCAGTATG-1,OTI,3,436
CTTAACCTCCCGTAAA-1,OTI,7,610
CTTAACCTCGGAAACG-1,C57BL6,0,0
CTTAACCTCGGTCGCA-1,OTI,0,0
CTTAAGCCAAAGGGAG-1,OTI,0,0
CTTAAGCCAACCAGAA-1,C57BL6,0,0
CTTAAGCCACTCATTT-1,C57BL6,0,0
CTTAAGTAGAACAGAC-1,OTI,3,211
CTTAAGTAGAAGCCGA-1,C57BL6,0,0
CTTAAGTAGCCTAGTA-1,OTI,4,136
CTTAAGTAGCTGCGTG-1,OTI,1,22
CTTAAGTAGGGGTAGC-1,C57BL6,1,1
CTTAAGTAGGGTGAAT-1,OTI,1,40
CTTAAGTAGGTTAGCC-1,C57BL6,1,1
CTTAATCGTAACTTCT-1,OTI,3,361
CTTAATCGTACAAGCT-1,OTI,2,23
CTTAATCGTCTCGGTT-1,C57BL6,2,6
CTTAATCGTCTGCAAG-1,OTI,3,33
CTTAATCGTGTGAAAG-1,C57BL6,0,0
CTTAATCGTGTGGTGC-1,C57BL6,0,0
CTTAATTTCACATTAA-1,C57BL6,0,0
CTTAATTTCATGGTAT-1,C57BL6,10,197
CTTAATTTCCATGGCG-1,OTI,1,1
CTTAATTTCGCACGTG-1,OTI,8,76
CTTAATTTCGCGCAAT-1,OTI,3,124
CTTAATTTCGTGTAAT-1,OTI,3,47
CTTAGCAAGAATGGCG-1,OTI,0,0
CTTAGCAAGAGGCGTA-1,C57BL6,0,0
CTTAGCAAGCGGTTTA-1,OTI,8,439
CTTAGCAAGGGGTACA-1,C57BL6,1,4
CTTAGCCGTACGCTGA-1,OTI,3,322
CTTAGCCGTAGTCTGG-1,OTI,2,55
CTTAGCCGTCAGGTTG-1,OTI,2,22
CTTAGCCGTGTACGTG-1,OTI,3,171
CTTAGCGCAACTCCGA-1,OTI,0,0
CTTAGCGCACCTAGCA-1,C57BL6,0,0
CTTAGCGCACCTCTCG-1,OTI,2,128
CTTAGCGCAGGAACCG-1,OTI,6,139
CTTAGCTTCAACATTA-1,OTI,2,12
CTTAGCTTCAGGAAAC-1,OTI,1,1
CTTAGCTTCCAAGTGC-1,OTI,0,0
CTTAGCTTCCATTACC-1,C57BL6,2,9
CTTAGCTTCCGTCATT-1,OTI,1,11
CTTAGCTTCCGTTTCG-1,OTI,7,162
CTTAGCTTCGCTTCGC-1,OTI,1,10
CTTAGCTTCGGCCAAT-1,C57BL6,1,7
CTTAGCTTCGTATCGA-1,C57BL6,1,3
CTTAGGCAGAATTGTC-1,OTI,0,0
CTTAGGCAGAGCATTT-1,OTI,2,18
CTTAGGCAGCGTGTTA-1,C57BL6,3,3
CTTAGGCAGCTGACCG-1,OTI,4,838
CTTAGGCAGGTTGATT-1,C57BL6,0,0
CTTAGGGGTAAACTGC-1,OTI,2,75
CTTAGGGGTACAAGAG-1,OTI,5,163
CTTAGGGGTAGTGCGC-1,OTI,2,155
CTTAGGGGTATCTTGT-1,OTI,1,18
CTTAGGGGTCGTTGGA-1,OTI,3,90
CTTAGGGGTCTATTCG-1,C57BL6,1,7
CTTAGGGGTGCTGTCT-1,OTI,1,175
CTTAGGGGTGGAACCC-1,OTI,3,49
CTTAGTACAACATATT-1,OTI,11,151
CTTAGTACAACTTCAA-1,C57BL6,0,0
CTTAGTACAAGCGAGT-1,OTI,1,6
CTTAGTACACAGGTAA-1,OTI,0,0
CTTAGTACACCACGTA-1,C57BL6,0,0
CTTAGTACACCCTTCG-1,C57BL6,0,0
CTTAGTACAGCTACCA-1,OTI,3,609
CTTAGTCTCAAGCCGT-1,OTI,2,123
CTTAGTCTCACAACAT-1,OTI,0,0
CTTAGTCTCACATTCC-1,OTI,8,98
CTTAGTCTCAGTAATC-1,OTI,3,353
CTTAGTCTCCACGTAA-1,C57BL6,0,0
CTTAGTCTCCCTATGT-1,OTI,3,68
CTTAGTCTCGCTCCGT-1,OTI,0,0
CTTAGTCTCGGATTGC-1,OTI,3,91
CTTAGTCTCGTCCCTA-1,OTI,4,378
CTTAGTCTCGTCGAAC-1,C57BL6,0,0
CTTAGTGAGAAGCTTT-1,OTI,1,7
CTTAGTGAGAATCAAG-1,OTI,2,76
CTTAGTGAGAATTGAG-1,C57BL6,0,0
CTTAGTGAGACGCGAA-1,OTI,2,42
CTTAGTGAGATCCAAT-1,C57BL6,1,1
CTTAGTGAGGGGTATG-1,OTI,2,274
CTTAGTTGTAGTCCAG-1,OTI,2,22
CTTAGTTGTAGTGCGC-1,C57BL6,2,3
CTTAGTTGTATGGCCA-1,OTI,2,19
CTTAGTTGTCATTATC-1,OTI,2,627
CTTAGTTGTCTCTCGG-1,OTI,5,105
CTTAGTTGTGCCTATC-1,C57BL6,0,0
CTTAGTTGTGCTATAA-1,OTI,5,125
CTTAGTTGTGTGCCTT-1,C57BL6,1,29
CTTATACGTAATTCAG-1,OTI,0,0
CTTATACGTACAGAAG-1,OTI,1,5
CTTATACGTACGGATT-1,OTI,1,6
CTTATACGTGGTGTGC-1,OTI,3,26
CTTATAGCAAAGGCCG-1,C57BL6,1,2
CTTATAGCAACGTAAG-1,OTI,2,16
CTTATAGCAATCAGCT-1,OTI,2,43
CTTATAGCAGCTAGGG-1,OTI,0,0
CTTATCATCAAACCCA-1,OTI,6,55
CTTATCATCAAAGCAA-1,OTI,4,70
CTTATCATCAACCCAA-1,OTI,7,456
CTTATCATCAAGCAAA-1,OTI,3,130
CTTATCATCAAGCCTA-1,OTI,2,12
CTTATCATCAGTCCTT-1,OTI,10,378
CTTATCATCCGCTTCA-1,OTI,4,102
CTTATCATCGCTCATT-1,OTI,2,17
CTTATCATCGTAAGCC-1,C57BL6,1,4
CTTATCTCAAACCGGG-1,C57BL6,1,3
CTTATCTCAACAACCT-1,C57BL6,0,0
CTTATCTCACAAATGG-1,C57BL6,0,0
CTTATCTCACAATGTC-1,C57BL6,0,0
CTTATCTCACATAGAG-1,C57BL6,1,6
CTTATCTCACTACTCC-1,C57BL6,2,5
CTTATCTCACTGGGAG-1,C57BL6,1,2
CTTATCTCAGCGTGTC-1,OTI,10,256
CTTATCTCAGTTCAGT-1,C57BL6,1,2
CTTATGCTCACGACTA-1,OTI,4,231
CTTATGCTCAGCGCAT-1,C57BL6,0,0
CTTATGCTCCGACGCA-1,OTI,1,2
CTTATGCTCCGTTTCG-1,OTI,4,35
CTTATGCTCCTGAACA-1,OTI,0,0
CTTATGCTCCTGTTAC-1,OTI,6,157
CTTATGCTCGCTATAG-1,OTI,7,500
CTTATGTGTAAGGGAC-1,OTI,3,89
CTTATGTGTATTCGGG-1,C57BL6,1,29
CTTATGTGTCCAACCT-1,OTI,2,12
CTTATGTGTCGTCGGG-1,OTI,1,5
CTTATGTGTCGTCTGT-1,OTI,0,0
CTTATGTGTCTGACTC-1,OTI,3,32
CTTATGTGTCTGCATC-1,C57BL6,0,0
CTTATGTGTGCCACTT-1,OTI,8,69
CTTATGTGTGGCTGTA-1,C57BL6,0,0
CTTATGTGTGGTATTA-1,OTI,5,288
CTTCAACTCACCCATT-1,OTI,2,27
CTTCAACTCATCAGGC-1,OTI,3,76
CTTCAACTCCACTCTG-1,C57BL6,0,0
CTTCAACTCGCCACTC-1,OTI,7,284
CTTCAACTCGCGCCTT-1,OTI,0,0
CTTCAACTCGGCGTAT-1,OTI,0,0
CTTCAATGTCAGCTTC-1,C57BL6,0,0
CTTCAATGTCCTGTCG-1,OTI,9,141
CTTCAATGTCGAGTGC-1,OTI,1,46
CTTCAATGTCGGGCAT-1,C57BL6,0,0
CTTCATATCAGCTATG-1,OTI,4,68
CTTCATATCATGGGCT-1,C57BL6,0,0
CTTCATATCCCTATTA-1,OTI,4,45
CTTCATATCCGTCAAA-1,OTI,1,1
CTTCATATCGGTTAGC-1,OTI,5,80
CTTCATATCGTAATTA-1,OTI,2,15
CTTCATTCAAATCGAG-1,C57BL6,0,0
CTTCATTCAACGTACT-1,C57BL6,0,0
CTTCATTCACAAGGCG-1,C57BL6,2,5
CTTCATTCACCACGGT-1,OTI,2,19
CTTCGAGCAAATCTCA-1,C57BL6,0,0
CTTCGAGCAACGTTCG-1,C57BL6,0,0
CTTCGAGCAATATCTG-1,OTI,6,936
CTTCGAGCACAATCCG-1,C57BL6,1,4
CTTCGAGCACCTCTCG-1,OTI,4,225
CTTCGAGCAGCACGGA-1,C57BL6,0,0
CTTCGAGCAGGACGCA-1,C57BL6,0,0
CTTCGAGCAGGCATAA-1,OTI,3,442
CTTCGCATCAACGTAT-1,OTI,0,0
CTTCGCATCAATTATG-1,OTI,3,49
CTTCGCATCACGCATA-1,C57BL6,0,0
CTTCGCATCATGAATC-1,C57BL6,0,0
CTTCGCATCCAGGATC-1,C57BL6,0,0
CTTCGCATCCCTTAGT-1,OTI,3,45
CTTCGCATCCGGTTAA-1,C57BL6,0,0
CTTCGCATCGCTGTGG-1,OTI,4,36
CTTCGCATCGGTTAAT-1,C57BL6,0,0
CTTCGTCCAAACACTC-1,OTI,4,126
CTTCGTCCAACGAGAC-1,OTI,1,9
CTTCGTCCAAGACGAC-1,OTI,5,1337
CTTCGTCCAAGCCGTC-1,OTI,1,1
CTTCGTCCAATAACCC-1,OTI,6,91
CTTCGTCCACAGTCGC-1,OTI,4,44
CTTCGTCCACCGCAGT-1,OTI,2,63
CTTCGTCCACTAAGCT-1,OTI,1,2
CTTCGTCCAGCGCACT-1,C57BL6,0,0
CTTCGTCCAGCTTACG-1,OTI,0,0
CTTCGTGTCACGGGTT-1,C57BL6,1,1
CTTCGTGTCAGTACGC-1,OTI,3,19
CTTCGTGTCCCTTCCT-1,OTI,7,1025
CTTCGTGTCCGACCCT-1,OTI,2,428
CTTCGTGTCCGTATCT-1,C57BL6,1,33
CTTCGTGTCGCAGTAC-1,C57BL6,0,0
CTTCGTGTCGGTATGC-1,C57BL6,5,469
CTTCGTGTCGTCGAGT-1,OTI,2,176
CTTCTAATCAAACTTA-1,OTI,1,3
CTTCTAATCACAGGCT-1,OTI,0,0
CTTCTAATCACTGTTC-1,OTI,4,107
CTTCTAATCATAATCA-1,OTI,5,52
CTTCTAATCCGCTCTA-1,OTI,1,84
CTTCTAATCGCCCGTT-1,OTI,0,0
CTTCTAATCGCCCTAC-1,C57BL6,1,1
CTTCTAATCGCTCATT-1,OTI,4,58
CTTCTAATCGGTATAT-1,OTI,0,0
CTTCTACAGGTTCTAG-1,OTI,4,156
CTTCTAGGTATGCGCA-1,OTI,0,0
CTTCTAGGTCCAGGGT-1,OTI,7,454
CTTCTAGGTGCTTGCT-1,OTI,4,225
CTTCTAGGTGTGGTCA-1,C57BL6,3,20
CTTCTAGGTGTTAGGT-1,OTI,0,0
CTTCTAGGTGTTCTCA-1,OTI,9,386
CTTCTATCAAGCTTAC-1,C57BL6,1,1
CTTCTATCACTATTCT-1,OTI,1,11
CTTCTATCAGCAAGAC-1,OTI,3,39
CTTCTCACAAATCACC-1,C57BL6,3,18
CTTCTCACAACATAGG-1,C57BL6,0,0
CTTCTCACAAGGACCG-1,C57BL6,0,0
CTTCTCACACCTGACA-1,C57BL6,1,2
CTTCTCACACGTCGTA-1,C57BL6,0,0
CTTCTCACAGGCTCTA-1,C57BL6,3,3
CTTCTCTGTACCATCC-1,OTI,0,0
CTTCTCTGTATATGTG-1,OTI,1,1
CTTCTCTGTATCTGTT-1,OTI,1,4
CTTCTCTGTGGGGTCT-1,C57BL6,1,1
CTTCTCTGTGGGTGCT-1,OTI,2,27
CTTCTCTGTGTCGCGG-1,OTI,3,32
CTTCTCTGTGTCTGAG-1,OTI,4,35
CTTGAATAGCAGTAGG-1,OTI,1,10
CTTGAATAGCTGCGTG-1,OTI,4,168
CTTGAATAGGTAGTGG-1,OTI,5,139
CTTGACGCAAATTGCC-1,OTI,1,1
CTTGACGCAAGGACCG-1,OTI,1,17
CTTGACGCAATTCGGT-1,OTI,1,26
CTTGACGCAGTTACCG-1,OTI,3,17
CTTGATGAGAGCCGTT-1,OTI,0,0
CTTGATGAGAGGTATA-1,OTI,7,56
CTTGATGAGCGACAAG-1,OTI,4,137
CTTGATGAGCGCCTGA-1,OTI,3,165
CTTGATTGTACGAGTT-1,OTI,3,379
CTTGATTGTAGGCTCA-1,C57BL6,0,0
CTTGATTGTATATGTG-1,C57BL6,1,1
CTTGATTGTCCAGTGA-1,C57BL6,0,0
CTTGGAGGTACCTGTC-1,OTI,2,65
CTTGGAGGTCACCGGG-1,C57BL6,0,0
CTTGGCGAGAGCAAGT-1,OTI,4,126
CTTGGCGAGCACCAAC-1,C57BL6,1,3
CTTGGCGAGCATAACT-1,C57BL6,0,0
CTTGGCGAGCATTGCA-1,OTI,3,186
CTTGGCGAGGCTCGAT-1,OTI,1,8
CTTGGGTAGCCTATTC-1,OTI,8,161
CTTGGGTAGCGAATTT-1,C57BL6,2,2
CTTGGGTAGGCAAAGT-1,OTI,2,11
CTTGGGTAGGTAGAAC-1,C57BL6,0,0
CTTGGTCGTAGCTGAT-1,OTI,2,16
CTTGGTCGTCGCTGGG-1,C57BL6,0,0
CTTGGTCGTCGTCGGG-1,OTI,5,305
CTTGTACTCACTGTCT-1,OTI,1,10
CTTGTACTCCCGGCTT-1,OTI,3,453
CTTGTACTCCTCCAAT-1,C57BL6,0,0
CTTGTACTCGCATCAA-1,OTI,3,3
CTTGTAGAGAAATGGC-1,OTI,0,0
CTTGTAGAGAGCTTAT-1,OTI,2,14
CTTGTAGAGAGGACAT-1,C57BL6,0,0
CTTGTATGTCATAGGT-1,C57BL6,0,0
CTTGTATGTGTCGGGT-1,OTI,1,10
CTTGTATGTGTGTCAG-1,C57BL6,1,10
CTTGTCAGTACTCTAT-1,C57BL6,1,16
CTTGTCAGTAGCTGAT-1,OTI,3,76
CTTGTCAGTGGATTTA-1,OTI,5,91
CTTGTCAGTGTTGGGC-1,OTI,1,5
CTTGTCGTCAAATTGC-1,C57BL6,0,0
CTTGTCGTCAGGACTC-1,C57BL6,0,0
CTTGTCGTCGCTTCTG-1,OTI,0,0
CTTGTCTAGACGGGGT-1,OTI,0,0
CTTGTCTAGGGGGTAC-1,C57BL6,0,0
CTTGTCTAGGGTAGTG-1,OTI,1,10
CTTGTCTAGGTCTATG-1,C57BL6,0,0
CTTGTGAAGACGTCAC-1,OTI,5,187
CTTGTGAAGACTTAAC-1,OTI,3,74
CTTGTGAAGCACTTAG-1,OTI,2,39
CTTGTGAAGCGCCCAA-1,OTI,1,2
CTTGTGAAGCGTACCG-1,C57BL6,1,1
CTTGTGAAGCTATCGA-1,OTI,5,71
CTTGTGAAGGCCTGAT-1,C57BL6,0,0
CTTGTGAAGGCGCTCA-1,C57BL6,0,0
CTTGTGAAGGTTCAGC-1,OTI,0,0
CTTGTGCGTACTTCAT-1,C57BL6,0,0
CTTGTGCGTAGCGTTG-1,OTI,3,188
CTTGTGCGTAGGCTTG-1,OTI,2,10
CTTGTGCGTGCCTTTA-1,C57BL6,0,0
CTTGTGCGTGCGGAGA-1,C57BL6,0,0
CTTGTGTTCAAGGTAA-1,OTI,1,3
CTTGTGTTCAGCCTCC-1,OTI,0,0
CTTGTGTTCCAGCAAC-1,C57BL6,0,0
CTTGTGTTCCGATAAT-1,OTI,2,20
CTTGTGTTCCTTCATA-1,C57BL6,2,18
CTTGTGTTCGTGACTA-1,OTI,7,226
GCAAACCTCATGAGTT-1,C57BL6,0,0
GCAAACCTCCCGGCTT-1,OTI,3,303
GCAAACCTCGCGATGT-1,C57BL6,0,0
GCAAAGGTCAGGCACT-1,OTI,2,22
GCAAAGGTCATCGGAC-1,OTI,1,6
GCAAAGGTCATGAATC-1,C57BL6,1,3
GCAAAGGTCATTACAA-1,C57BL6,0,0
GCAAAGGTCCCACTTG-1,C57BL6,1,6
GCAAAGGTCGCATACA-1,OTI,2,336
GCAAAGGTCGGTTCGG-1,OTI,4,29
GCAAAGGTCGTAATTA-1,C57BL6,1,5
GCAAAGTAGAACCAGG-1,OTI,2,60
GCAAAGTAGATCCAAT-1,C57BL6,0,0
GCAAAGTAGCATCAAT-1,OTI,9,134
GCAAAGTAGCATGTAT-1,OTI,0,0
GCAAAGTAGCCATGGT-1,OTI,1,9
GCAAAGTAGCGCCTAG-1,OTI,4,115
GCAAAGTAGCTCTCAT-1,OTI,0,0
GCAAAGTAGGCAAAGT-1,OTI,0,0
GCAAAGTAGGGACGGT-1,OTI,2,44
GCAACAGAGAATGACA-1,OTI,14,43
GCAACAGAGACAATGA-1,OTI,7,87
GCAACAGAGCAATATC-1,OTI,4,75
GCAACAGAGCCATGCG-1,OTI,2,8
GCAACAGAGGCTCATA-1,C57BL6,0,0
GCAACAGAGGTGCCAT-1,C57BL6,1,8
GCAACCCCAACATGCT-1,OTI,6,597
GCAACCCCAAGTGTTC-1,OTI,5,62
GCAACCCCAGTACGAA-1,C57BL6,0,0
GCAACGAAGACTAATC-1,OTI,4,351
GCAACGAAGATTCGAT-1,OTI,6,67
GCAACGAAGCATATCG-1,OTI,0,0
GCAACGAAGGCACAAG-1,C57BL6,3,3
GCAACGAAGGCATCGT-1,OTI,1,3
GCAACGGCAAATTACT-1,OTI,4,55
GCAACGGCAACGGGAT-1,OTI,4,92
GCAACGGCACGTAAAG-1,C57BL6,0,0
GCAACGGCAGGAAGGA-1,C57BL6,0,0
GCAACGGCAGTACGGG-1,OTI,3,269
GCAACGGCAGTTGCGC-1,OTI,7,267
GCAACGTTCAGCAATT-1,OTI,1,41
GCAACGTTCCACAGGT-1,OTI,0,0
GCAACGTTCCGGTCGA-1,OTI,2,185
GCAACGTTCGCTCATT-1,C57BL6,0,0
GCAACTATCAACTATA-1,OTI,7,23
GCAACTATCACTGCCC-1,OTI,1,15
GCAACTATCAGCCGTG-1,C57BL6,0,0
GCAACTATCAGTAAAG-1,OTI,6,63
GCAACTATCATGTCGA-1,OTI,1,5
GCAACTATCCATATCC-1,OTI,0,0
GCAACTATCCGCACTC-1,OTI,6,191
GCAACTATCCGGTCGA-1,C57BL6,0,0
GCAACTATCCTATGCT-1,OTI,0,0
GCAACTATCGTCAACA-1,OTI,0,0
GCAACTTCAAGAGATT-1,C57BL6,0,0
GCAACTTCAAGTACGA-1,OTI,3,381
GCAACTTCAATAAGAC-1,OTI,7,266
GCAACTTCACTGGGCT-1,OTI,1,6
GCAACTTCAGTAGCGG-1,OTI,5,117
GCAACTTCAGTGTCAT-1,C57BL6,1,4
GCAAGACCAACAGTCT-1,C57BL6,0,0
GCAAGACCAACTTAGC-1,OTI,2,65
GCAAGACCAAGGACCG-1,OTI,2,21
GCAAGACCAATAGTAA-1,OTI,3,209
GCAAGACCACACGGTC-1,OTI,5,245
GCAAGACCACATCACG-1,OTI,9,405
GCAAGACCACTCGACA-1,OTI,0,0
GCAAGACCAGGACATA-1,OTI,6,58
GCAAGCAAGAACATAG-1,OTI,4,180
GCAAGCAAGAACTAAG-1,OTI,8,91
GCAAGCAAGAGCGGTA-1,OTI,2,64
GCAAGCAAGCAACAGG-1,OTI,0,0
GCAAGCAAGCGCACAT-1,C57BL6,0,0
GCAAGCAAGGGGAGCT-1,OTI,1,29
GCAAGCAAGGTAAGAC-1,OTI,2,42
GCAAGCCGTAGCCTCT-1,OTI,4,56
GCAAGCCGTCATGTCC-1,OTI,0,0
GCAAGCCGTCGGCTGG-1,OTI,2,6
GCAAGCCGTCGTGAGC-1,OTI,5,88
GCAAGCCGTGGTTGTG-1,C57BL6,0,0
GCAAGCCGTGTTCGCT-1,OTI,2,12
GCAAGCTTCAGCTGTA-1,C57BL6,2,17
GCAAGCTTCCCTATGT-1,OTI,2,24
GCAAGCTTCCTGGGCA-1,OTI,2,18
GCAAGCTTCGCTTATC-1,OTI,2,52
GCAAGCTTCGGTACGT-1,OTI,1,59
GCAAGCTTCGTCCTAT-1,OTI,5,377
GCAAGGCAGAACCCAC-1,C57BL6,1,7
GCAAGGCAGACCTGCG-1,OTI,3,430
GCAAGGCAGCAATTCG-1,OTI,0,0
GCAAGGCAGCCAGGTT-1,OTI,3,292
GCAAGGCAGGCCCACA-1,OTI,4,1020
GCAAGGCAGGGATTAA-1,OTI,5,733
GCAAGGCAGGGTTAGG-1,OTI,10,256
GCAAGGCAGGTAATGA-1,C57BL6,0,0
GCAAGGCAGGTCTATG-1,OTI,1,113
GCAAGGGGTAAGCAAG-1,C57BL6,0,0
GCAAGGGGTAGACGGG-1,C57BL6,0,0
GCAAGGGGTATGTCTT-1,OTI,1,5
GCAAGGGGTCGAGTCA-1,C57BL6,0,0
GCAAGGGGTCGTAGGC-1,C57BL6,0,0
GCAAGGGGTGGGTTGC-1,C57BL6,0,0
GCAAGTCTCAGTAATC-1,OTI,2,38
GCAAGTCTCCATATGG-1,OTI,11,344
GCAAGTCTCGTGTAAT-1,OTI,1,592
GCAATAGCAAACTCCG-1,C57BL6,1,1
GCAATAGCACGCTCAA-1,OTI,3,20
GCAATAGCACGTAGCC-1,OTI,2,15
GCAATAGCACTGACAT-1,OTI,1,2
GCAATATTCATAGCAT-1,OTI,5,710
GCAATCCAGAATTGTC-1,OTI,0,0
GCAATCCAGAGGCAGC-1,OTI,6,235
GCAATCCAGAGGCGTA-1,C57BL6,0,0
GCAATCCAGCAAAGTA-1,OTI,5,55
GCAATCCAGCCACGAT-1,OTI,1,1
GCAATCCAGCCATTGA-1,OTI,5,106
GCAATCCAGCGGGTTT-1,OTI,4,26
GCAATCCAGCGTTATG-1,C57BL6,1,7
GCAATCCAGCTAGTCA-1,C57BL6,1,16
GCAATCCAGGGTAAGT-1,OTI,5,128
GCAATCCAGGTAGTGG-1,OTI,5,89
GCAATCCAGGTCACGT-1,OTI,0,0
GCAATCCAGGTCGGAA-1,OTI,1,9
GCAATCCAGGTGCTAC-1,OTI,2,49
GCAATCGGTAGTGATC-1,OTI,17,912
GCAATCGGTATAGTCA-1,C57BL6,0,0
GCAATCGGTCCGCCGT-1,OTI,6,195
GCAATCGGTCCTTTGA-1,OTI,2,14
GCAATCGGTGTGCGCG-1,OTI,2,120
GCAATCTCAAACCTTA-1,OTI,2,5
GCAATCTCAAGCTATC-1,OTI,3,54
GCAATCTCACAGGCGA-1,OTI,6,102
GCAATGTGTAACTTCT-1,OTI,0,0
GCAATGTGTAAGCGCC-1,OTI,0,0
GCAATGTGTCTTGTCA-1,OTI,6,130
GCAATGTGTGTCCGCC-1,OTI,5,210
GCAATTGTCAAAGCAA-1,OTI,0,0
GCAATTGTCACTTGCT-1,OTI,1,10
GCAATTGTCAGACTGC-1,C57BL6,0,0
GCAATTGTCATGCGTA-1,OTI,0,0
GCAATTGTCCATTCGT-1,OTI,1,7
GCAATTGTCCCAAGTA-1,OTI,3,42
GCAATTTAGAACCAGG-1,C57BL6,1,8
GCAATTTAGACTTACG-1,C57BL6,1,4
GCAATTTAGCCTTCAT-1,OTI,2,166
GCAATTTAGCCTTTAC-1,C57BL6,1,5
GCAATTTAGCTCTGGG-1,OTI,0,0
GCACAACTCAACGTAT-1,OTI,0,0
GCACAACTCACATATA-1,C57BL6,0,0
GCACAACTCACATTAA-1,C57BL6,0,0
GCACAACTCCACCTCA-1,C57BL6,0,0
GCACAACTCCAGGTGT-1,OTI,8,48
GCACAACTCCATCGTT-1,OTI,1,51
GCACAACTCCCGGCAA-1,OTI,2,120
GCACAACTCGCGATGT-1,OTI,6,122
GCACAACTCGTCCAAA-1,OTI,0,0
GCACAAGAGACCCGTG-1,OTI,2,137
GCACAAGAGAGGGACC-1,OTI,9,433
GCACACCCAAAGCAAT-1,C57BL6,1,1
GCACACCCAATGAATA-1,C57BL6,0,0
GCACACCCACTTATCT-1,OTI,1,1
GCACAGCGTAACGCCA-1,C57BL6,0,0
GCACAGCGTAGAGTGA-1,OTI,11,313
GCACAGCGTAGGAGGT-1,C57BL6,0,0
GCACAGCGTATAGGCT-1,OTI,1,5
GCACAGCGTCGAGGGA-1,OTI,3,50
GCACAGCGTCTCTCGG-1,OTI,0,0
GCACAGCGTGGCTGTA-1,OTI,5,244
GCACCATAGAATGCGG-1,OTI,1,3
GCACCATAGACGCCAT-1,OTI,2,196
GCACCATAGACGTTAT-1,OTI,3,171
GCACCATAGACTGCAC-1,OTI,4,194
GCACCATAGAGCTTGC-1,OTI,5,28
GCACCATAGCACTGTA-1,C57BL6,0,0
GCACCATAGCGTTAGC-1,OTI,2,7
GCACCATAGCTGTTGA-1,OTI,1,26
GCACCATAGCTTCTAC-1,OTI,0,0
GCACCATAGGCGCATT-1,OTI,3,291
GCACCATAGGTCTGGT-1,C57BL6,1,5
GCACCCAAGAAAGTCA-1,C57BL6,3,29
GCACCCAAGACTATCG-1,C57BL6,1,6
GCACCCAAGCCCATGG-1,C57BL6,1,3
GCACCCAAGCCTGCAG-1,C57BL6,0,0
GCACCCAAGCGATGAG-1,OTI,1,24
GCACCCAAGCGTGCAT-1,OTI,1,10
GCACCCAAGCTAAACT-1,C57BL6,0,0
GCACCCTTCAGACTCA-1,OTI,2,6
GCACCCTTCCTGGGCA-1,OTI,3,34
GCACCCTTCGCGGCTA-1,OTI,1,82
GCACCCTTCGCTCCGT-1,OTI,5,214
GCACCCTTCGGTGTTA-1,OTI,0,0
GCACCTACAACTCGAT-1,C57BL6,0,0
GCACCTACAAGCTTCG-1,OTI,0,0
GCACCTACACAATTCA-1,C57BL6,3,4
GCACCTACACACCGTA-1,C57BL6,0,0
GCACCTACAGCACCTA-1,C57BL6,0,0
GCACCTACAGGAACGT-1,OTI,3,62
GCACCTCTCACGCCCT-1,OTI,2,31
GCACCTCTCATGCAGC-1,OTI,7,37
GCACCTCTCCCTTCGA-1,OTI,1,23
GCACCTCTCGCATAGC-1,OTI,0,0
GCACCTCTCGTGCGTG-1,C57BL6,2,24
GCACGAAAGAAAGCGT-1,C57BL6,0,0
GCACGAAAGCAATACT-1,C57BL6,0,0
GCACGAAAGCATGTCA-1,OTI,4,173
GCACGCTCAAATCCCG-1,OTI,4,151
GCACGCTCAACACTAC-1,C57BL6,0,0
GCACGCTCAACTTCGG-1,OTI,0,0
GCACGCTCACAACGGG-1,C57BL6,0,0
GCACGCTCACATGGTT-1,C57BL6,0,0
GCACGCTCAGCTAACT-1,C57BL6,0,0
GCACGCTCAGGGTTCC-1,C57BL6,1,4
GCACGGACAAACCTTA-1,OTI,5,518
GCACGGACAACCCATG-1,OTI,5,16
GCACGGACAAGCCATT-1,OTI,3,113
GCACGGACAATAGTAA-1,OTI,4,54
GCACGGACACCCAGTA-1,OTI,3,24
GCACGGACACCCTATC-1,OTI,3,173
GCACGGACACCTCTCG-1,OTI,4,74
GCACGGACAGCAACCC-1,OTI,1,10
GCACGGACAGCATTAC-1,C57BL6,0,0
GCACGGACAGTCCTAG-1,OTI,4,565
GCACGTAGTAATGTCA-1,OTI,4,430
GCACGTAGTAGGAGGT-1,OTI,5,106
GCACGTAGTAGGCATT-1,C57BL6,0,0
GCACGTAGTAGGCTTG-1,OTI,6,412
GCACGTAGTATATTCC-1,C57BL6,0,0
GCACGTAGTCGCTGCC-1,C57BL6,0,0
GCACGTAGTGCTCTGT-1,OTI,3,24
GCACGTAGTGTAGTTA-1,C57BL6,0,0
GCACGTAGTGTTCAGG-1,C57BL6,0,0
GCACGTGTCAGCGCAT-1,OTI,2,493
GCACGTGTCCACCAAA-1,C57BL6,0,0
GCACGTGTCCTAAGCA-1,OTI,3,34
GCACGTGTCGGAAAGT-1,C57BL6,0,0
GCACGTTAGAACGTTT-1,OTI,3,111
GCACGTTAGAAGGGTT-1,OTI,1,10
GCACGTTAGAATGATG-1,OTI,12,459
GCACGTTAGAGTTTAC-1,OTI,17,587
GCACGTTAGCAACCCG-1,OTI,5,71
GCACGTTAGCGAAGTG-1,OTI,7,146
GCACGTTAGCGCACAT-1,OTI,6,191
GCACGTTAGCTAGTCA-1,OTI,3,324
GCACGTTAGGCCTCGA-1,OTI,5,112
GCACTAATCACAGGTC-1,OTI,2,269
GCACTAATCACCCCGT-1,OTI,0,0
GCACTAATCATCAGGC-1,C57BL6,6,247
GCACTAATCGCAAGTC-1,C57BL6,0,0
GCACTAATCGTTGTCT-1,OTI,1,36
GCACTAGGTATCCCTA-1,OTI,0,0
GCACTAGGTCCAACAG-1,OTI,0,0
GCACTAGGTCCATATT-1,C57BL6,4,10
GCACTAGGTCTAAAGC-1,C57BL6,0,0
GCACTAGGTCTAATCT-1,OTI,7,209
GCACTAGGTCTACTGC-1,OTI,2,84
GCACTAGGTGCCATTC-1,C57BL6,0,0
GCACTAGGTGTGCCCC-1,OTI,1,1
GCACTCCTCCCATATC-1,OTI,2,19
GCACTCCTCCGAATGC-1,C57BL6,2,4
GCACTCCTCCGTACTT-1,OTI,1,4
GCACTCCTCGCTAACA-1,OTI,1,5
GCACTCCTCGGTCCCT-1,C57BL6,0,0
GCACTCCTCGTACGGT-1,OTI,0,0
GCACTCCTCGTGTTGA-1,C57BL6,1,7
GCACTCTGTACGCTGA-1,OTI,3,111
GCACTCTGTATAAGCC-1,C57BL6,0,0
GCACTCTGTCACATGG-1,OTI,1,4
GCACTCTGTCACGCCC-1,C57BL6,1,4
GCACTCTGTCTAATCT-1,OTI,2,20
GCACTCTGTGGGAGAT-1,OTI,5,229
GCAGCCTCAACCTCTC-1,OTI,4,170
GCAGCCTCAATGGCGG-1,C57BL6,0,0
GCAGCCTCACCTTTCA-1,OTI,1,2
GCAGCCTCAGCGCGAA-1,OTI,4,82
GCAGCCTCAGCGGGTA-1,C57BL6,1,3
GCAGCCTCAGCTTTAA-1,OTI,3,222
GCAGCCTCAGGACACG-1,C57BL6,0,0
GCAGCGACAATATCAT-1,C57BL6,0,0
GCAGCGACACCCAAGC-1,OTI,4,145
GCAGCGACACCTAGAT-1,OTI,4,165
GCAGCGACAGGAATAT-1,OTI,5,46
GCAGGCACAACTCTCC-1,OTI,3,12
GCAGGCACACGACACC-1,C57BL6,0,0
GCAGGCACAGGAACCG-1,C57BL6,1,2
GCAGGCACAGGAGTCG-1,OTI,3,121
GCAGGCACAGGCGTAG-1,OTI,1,19
GCAGGCACAGTACTCG-1,OTI,4,37
GCAGGCACAGTTGCCA-1,OTI,2,15
GCAGGGTAGAAAGTGC-1,OTI,3,211
GCAGGGTAGACCCTAA-1,OTI,1,7
GCAGGGTAGAGTACGG-1,OTI,3,33
GCAGGGTAGAGTTGCC-1,OTI,2,9
GCAGGGTAGCCGCAAT-1,OTI,2,12
GCAGGGTAGCTGTATG-1,OTI,3,14
GCAGGGTAGGCAACAG-1,OTI,6,133
GCAGGGTAGGCTATTG-1,OTI,2,69
GCAGTAACAACAATTT-1,C57BL6,0,0
GCAGTAACAACATAGG-1,OTI,0,0
GCAGTAACAACGAAGC-1,OTI,6,848
GCAGTAACAATTCAGC-1,OTI,2,12
GCAGTAACACCCTAAG-1,OTI,4,565
GCAGTAACACCTACGA-1,OTI,5,68
GCAGTAACACTCGTTC-1,OTI,3,81
GCAGTACTCAACCCTT-1,OTI,3,123
GCAGTACTCATTATCT-1,OTI,2,12
GCAGTACTCCAATTGG-1,OTI,1,43
GCAGTACTCCGTTCTG-1,OTI,6,670
GCAGTACTCGGTAATT-1,C57BL6,0,0
GCAGTCAGTACAAGTC-1,OTI,0,0
GCAGTCAGTAGCTGTG-1,OTI,0,0
GCAGTCAGTCACGGGT-1,OTI,2,217
GCAGTCAGTCAGGTGC-1,OTI,3,20
GCAGTCAGTGTGCATG-1,OTI,0,0
GCAGTCAGTGTTCTAT-1,OTI,0,0
GCAGTGAAGCAAGTTT-1,C57BL6,1,7
GCAGTGAAGCCATGAC-1,OTI,7,177
GCAGTGAAGCGAGTCT-1,OTI,0,0
GCAGTGAAGGCGTTAC-1,OTI,0,0
GCAGTGAAGGGACGTA-1,OTI,2,518
GCAGTGTTCATCGCGG-1,OTI,3,163
GCAGTGTTCCACGAGT-1,C57BL6,1,5
GCAGTGTTCCCACAGG-1,OTI,1,87
GCATAAGCAAACGCGG-1,OTI,5,117
GCATAAGCAACAATCC-1,OTI,6,66
GCATAAGCAAGTGTTC-1,OTI,0,0
GCATAAGCACGGGGTA-1,OTI,4,198
GCATAAGCAGGTCTAT-1,OTI,8,168
GCATAAGCAGTAGCCC-1,C57BL6,0,0
GCATAATTCAATCTGG-1,OTI,4,103
GCATAATTCAGGCTGT-1,OTI,4,62
GCATAATTCATAACAC-1,OTI,0,0
GCATAATTCCAACTTC-1,OTI,0,0
GCATAATTCCCAAAGC-1,C57BL6,2,352
GCATAATTCCTTCATA-1,OTI,1,141
GCATAATTCCTTGTCG-1,C57BL6,0,0
GCATACATCAACATTA-1,OTI,1,216
GCATACATCCACCTAT-1,C57BL6,1,6
GCATACATCCCTTCGA-1,OTI,5,216
GCATACATCCGCTAAA-1,OTI,4,105
GCATACATCGGGTTCG-1,OTI,0,0
GCATACCAGAACGTTT-1,C57BL6,0,0
GCATACCAGAAGGGCC-1,OTI,2,55
GCATACCAGAAGTAGC-1,C57BL6,0,0
GCATACCAGCACCCGA-1,OTI,4,30
GCATACCAGCTAACAT-1,OTI,2,8
GCATACCAGCTCAGCG-1,C57BL6,0,0
GCATACCAGCTGGTTA-1,OTI,4,105
GCATACCAGGCTTAAT-1,OTI,3,59
GCATAGACACCGACTA-1,OTI,1,128
GCATAGACAGCGAATA-1,OTI,1,85
GCATAGACAGCGACGA-1,OTI,2,14
GCATAGACAGTTCTCC-1,OTI,2,779
GCATAGCTCACTAATA-1,OTI,0,0
GCATAGCTCCATTCGT-1,OTI,4,303
GCATAGCTCCCTAACT-1,OTI,9,547
GCATAGCTCCGCCGTT-1,C57BL6,0,0
GCATAGGAGAACCATT-1,OTI,1,6
GCATAGGAGAAGCTAA-1,C57BL6,0,0
GCATAGGAGACAGGAT-1,OTI,2,14
GCATAGGAGACGGGTA-1,C57BL6,0,0
GCATAGGAGATGATGA-1,OTI,8,93
GCATAGGAGATTCAGT-1,OTI,4,39
GCATAGGAGCACATCA-1,OTI,2,86
GCATAGGAGGCATGGA-1,C57BL6,1,4
GCATAGGAGGCGAGTA-1,OTI,5,126
GCATAGTGTAGCGCGT-1,OTI,3,127
GCATAGTGTATCCGGA-1,OTI,6,136
GCATAGTGTCGCCCGT-1,C57BL6,1,4
GCATAGTGTGGTAGCC-1,OTI,2,74
GCATAGTGTGGTTGTG-1,OTI,1,7
GCATCAATCCACAACA-1,OTI,2,155
GCATCAATCCACTTAC-1,OTI,5,470
GCATCAATCCATAACG-1,OTI,3,402
GCATCAATCCCTAGTT-1,OTI,2,54
GCATCAATCGCATAAT-1,OTI,3,8
GCATCAATCGGTTACA-1,C57BL6,1,14
GCATCAATCGTATACG-1,OTI,4,37
GCATCACAGAATCAAG-1,OTI,3,18
GCATCACAGACGACAG-1,OTI,1,7
GCATCACAGACGTGTC-1,C57BL6,0,0
GCATCACAGAGGGACC-1,OTI,7,264
GCATCACAGAGTTAAG-1,OTI,3,37
GCATCACAGATGCCCG-1,OTI,3,3
GCATCACAGCAGGGTA-1,OTI,5,72
GCATCACAGCCCAGCA-1,C57BL6,3,9
GCATCACAGCTTAGTG-1,C57BL6,0,0
GCATCACAGGGTCGTT-1,OTI,3,20
GCATCAGGTATCAGGT-1,C57BL6,2,42
GCATCAGGTATTCTGT-1,OTI,3,46
GCATCAGGTCAATGTA-1,C57BL6,1,3
GCATCAGGTCACCGTT-1,OTI,3,120
GCATCAGGTGCCCGAG-1,OTI,1,4
GCATCAGGTGTAGGTT-1,OTI,5,84
GCATCAGGTGTCTTCA-1,OTI,4,238
GCATCATCAACGCAGG-1,OTI,1,311
GCATCATCAAGCCGAG-1,C57BL6,0,0
GCATCATCAATGCTAC-1,OTI,3,152
GCATCATCACAGCTCA-1,OTI,3,205
GCATCATCACGTACAT-1,OTI,5,37
GCATCATCACTAAGCT-1,OTI,10,24
GCATCCACACTGGCAC-1,OTI,1,32
GCATCCACAGCATGAA-1,C57BL6,0,0
GCATCCGAGAATATCC-1,OTI,3,50
GCATCCGAGCATAACT-1,OTI,4,87
GCATCCGAGCGCTATA-1,OTI,3,291
GCATCCGAGGGGCGAT-1,C57BL6,2,50
GCATCGCCAAAGCTTC-1,C57BL6,2,3
GCATCGCCAAATTCCA-1,C57BL6,1,7
GCATCGCCAACCATAC-1,OTI,2,552
GCATCGCCAATAACCC-1,C57BL6,0,0
GCATCGCCAATAGCCT-1,OTI,0,0
GCATCGCCACCAGCTA-1,OTI,4,38
GCATCGCCACTAAATT-1,OTI,3,32
GCATCGCCAGTACGAA-1,C57BL6,0,0
GCATCGCCAGTACTTA-1,OTI,9,858
GCATCGGTCAAGCCAC-1,OTI,2,59
GCATCGGTCATGCCTT-1,OTI,2,16
GCATCGGTCCATTACC-1,OTI,2,155
GCATCGGTCCTCCAGC-1,OTI,8,290
GCATCGGTCGGGCTTG-1,OTI,2,61
GCATCGGTCGTAGCAC-1,OTI,1,5
GCATCGTAGAATATCC-1,OTI,2,282
GCATCGTAGAATTCCG-1,C57BL6,0,0
GCATCGTAGACATAAG-1,OTI,4,72
GCATCGTAGCAAAGCG-1,C57BL6,0,0
GCATCGTAGCAATGGG-1,C57BL6,0,0
GCATCGTAGCCTACGG-1,OTI,5,316
GCATCGTAGCCTTGCC-1,OTI,2,22
GCATCGTAGCGGGGAT-1,OTI,3,15
GCATCGTAGGCCCGTA-1,OTI,4,133
GCATCGTAGGCCTATA-1,C57BL6,0,0
GCATGAACAATTGCTA-1,C57BL6,0,0
GCATGAACACAGCATT-1,C57BL6,0,0
GCATGAACACTATCCC-1,OTI,1,5
GCATGCCCAAAAGTTA-1,C57BL6,4,9
GCATGCCCAAAGGCAC-1,C57BL6,0,0
GCATGCCCACCCAACA-1,OTI,3,184
GCATGCCCACTCGAGC-1,OTI,4,507
GCATGCCCAGGAAGCT-1,OTI,0,0
GCATGGAAGAGCGACA-1,OTI,4,376
GCATGGAAGATCTGCA-1,C57BL6,2,73
GCATGGAAGCAGTCCG-1,OTI,0,0
GCATGGAAGCCACTAA-1,OTI,6,139
GCATGGAAGCGGGATA-1,OTI,4,422
GCATGGAAGCGGTTCG-1,OTI,2,12
GCATGGAAGCTTGAAT-1,C57BL6,1,6
GCATGGCGTATGAAGG-1,C57BL6,0,0
GCATGGCGTCAATGTA-1,OTI,0,0
GCATGGCGTCCAAAGT-1,OTI,0,0
GCATGGCGTCGCATAG-1,C57BL6,2,6
GCATGGCGTCTATGTT-1,OTI,2,63
GCATGGCGTGCCTCGC-1,OTI,0,0
GCATGGCGTGTCGTAG-1,C57BL6,0,0
GCATGGCGTGTTGTAA-1,C57BL6,0,0
GCATGGGCAAAAGGAA-1,OTI,2,3
GCATGGGCAAACGGCG-1,OTI,2,26
GCATGGGCAAAGCTAG-1,OTI,3,111
GCATGGGCAATACGGA-1,C57BL6,0,0
GCATGGGCACACTCTC-1,C57BL6,2,11
GCATGGGCACCATTCC-1,OTI,3,27
GCATGGGCAGTACAAG-1,OTI,3,145
GCATGGTTCCCTAACT-1,OTI,2,142
GCATGGTTCCCTGTCA-1,OTI,2,78
GCATGGTTCGGAGGTA-1,OTI,6,39
GCATTACCAAAACTAA-1,OTI,3,47
GCATTACCACCAGACC-1,C57BL6,0,0
GCATTACCACTATAGC-1,OTI,4,253
GCATTACCACTTCGTC-1,C57BL6,1,5
GCATTACCAGCATGAA-1,C57BL6,1,6
GCATTACCAGGAATCA-1,OTI,6,463
GCATTACCAGGACTTT-1,OTI,1,238
GCATTACCAGTTAATT-1,OTI,2,2
GCATTAGTCAATCCTC-1,OTI,7,68
GCATTAGTCACTTTCA-1,OTI,2,14
GCATTAGTCCGATAGC-1,C57BL6,0,0
GCATTAGTCCGGCGTA-1,OTI,2,7
GCATTAGTCCTCCTTC-1,OTI,3,34
GCATTAGTCGCGTAAC-1,OTI,5,195
GCATTAGTCGGCCCTT-1,OTI,5,57
GCATTAGTCGTAGTCA-1,OTI,2,260
GCATTCAAGAACTGAA-1,C57BL6,1,12
GCATTCAAGATCTTGG-1,C57BL6,0,0
GCATTCAAGATTGGTT-1,OTI,5,49
GCATTCAAGATTGTGT-1,OTI,3,77
GCATTCCGTCCGCCTA-1,C57BL6,0,0
GCATTCCGTCTTAGTT-1,OTI,5,55
GCATTCCGTCTTGTGC-1,C57BL6,0,0
GCATTCCGTGGTTTGG-1,OTI,0,0
GCATTCCGTGTGCCGG-1,OTI,2,139
GCATTCGCAAAACTCC-1,OTI,4,13
GCATTCGCAAAGCCAA-1,OTI,4,104
GCATTCGCAATACCCG-1,OTI,1,3
GCATTCGCACATCTCC-1,OTI,2,26
GCATTCGCACATTTAG-1,OTI,1,3
GCATTCGCACGCCATA-1,C57BL6,2,31
GCATTCGCAGCTTCAG-1,C57BL6,1,1
GCATTGGGTAAATCCA-1,OTI,3,25
GCATTGGGTATCTGGG-1,OTI,1,31
GCATTGGGTCATACTT-1,OTI,0,0
GCATTGGGTCTATGTT-1,C57BL6,0,0
GCATTGGGTGGGTAGG-1,OTI,1,1
GCATTGGGTGGTGGAG-1,OTI,0,0
GCATTTACAAATACCC-1,OTI,2,8
GCATTTACAACCTATA-1,C57BL6,0,0
GCATTTACAACGGCAG-1,OTI,10,18
GCATTTACAACGTCGC-1,C57BL6,0,0
GCATTTACAATGGTCT-1,OTI,3,36
GCATTTACACACATAC-1,OTI,4,53
GCATTTACACCGTTTC-1,C57BL6,0,0
GCATTTACACGAATCT-1,OTI,3,289
GCATTTACACGCATCA-1,C57BL6,0,0
GCATTTACACGTCGTA-1,C57BL6,1,41
GCATTTACACTCAATA-1,C57BL6,1,7
GCATTTACAGGACACG-1,C57BL6,0,0
GCATTTACAGTGAAAT-1,OTI,0,0
GCATTTACAGTGCAGG-1,OTI,0,0
GCCAAATGTAGGCAGG-1,OTI,2,263
GCCAAATGTCAAGGCC-1,OTI,3,47
GCCAAATGTCAGCGTA-1,C57BL6,1,1
GCCAAATGTCCAACTC-1,OTI,4,259
GCCAAATGTGCCCGAG-1,OTI,1,2
GCCAACCCAAACACCT-1,C57BL6,1,4
GCCAACCCAAACCTTA-1,C57BL6,0,0
GCCAACCCAAGCGCTC-1,OTI,3,21
GCCAACCCAAGGCACG-1,OTI,2,418
GCCAACCCACGCGACT-1,OTI,3,319
GCCAACCCACTGCAAT-1,OTI,2,32
GCCAACCCAGCCTCTT-1,OTI,1,11
GCCAAGGCAATGCTTA-1,C57BL6,0,0
GCCAAGGCACAGCTCA-1,OTI,1,18
GCCAAGGCACTGGGAG-1,C57BL6,1,1
GCCAAGGCAGCAGCGA-1,OTI,1,10
GCCAATATCAGCTGTA-1,C57BL6,0,0
GCCAATATCATAGTAC-1,OTI,3,250
GCCAATATCCCGTGTC-1,C57BL6,1,13
GCCAATATCGCAAGTC-1,C57BL6,0,0
GCCAATATCGCACCCT-1,OTI,9,296
GCCAATATCGGAATGG-1,OTI,1,58
GCCAATTCAACGCGAG-1,C57BL6,0,0
GCCAATTCAATCACGT-1,C57BL6,0,0
GCCAATTCAATCGGCC-1,C57BL6,0,0
GCCAATTCAATGCGCC-1,OTI,0,0
GCCAATTCACGATAGA-1,OTI,1,7
GCCAATTCACGTAAAG-1,OTI,3,86
GCCAATTCAGTAGCCC-1,OTI,1,8
GCCACATAGACAGACG-1,OTI,3,77
GCCACATAGAGAATCA-1,OTI,3,22
GCCACATAGCAATGTT-1,OTI,2,325
GCCACATAGCTGGTCG-1,OTI,7,40
GCCACATAGGCAATCC-1,C57BL6,2,16
GCCACATAGGTACGTC-1,OTI,6,814
GCCACTACAAATTCCA-1,OTI,1,3
GCCACTACACCACAGC-1,OTI,4,54
GCCACTACACGCAACC-1,OTI,4,68
GCCACTACACGGTCGT-1,OTI,2,89
GCCACTACACTATCCC-1,OTI,3,15
GCCACTACAGGGCTCT-1,OTI,5,159
GCCACTACAGTATAGG-1,OTI,2,684
GCCACTCTCAGACAGG-1,OTI,1,1
GCCACTCTCAGCCGTG-1,OTI,0,0
GCCACTCTCCAATGCA-1,C57BL6,0,0
GCCACTCTCCAATTCC-1,OTI,2,25
GCCACTCTCCTACGCC-1,C57BL6,0,0
GCCACTCTCCTCCTTC-1,OTI,5,74
GCCACTCTCCTCGAAA-1,OTI,3,116
GCCACTCTCGCAGTAC-1,OTI,3,29
GCCACTCTCGGGCAAA-1,OTI,2,5
GCCACTTGTAAACGCT-1,OTI,3,68
GCCACTTGTAAGGCCC-1,OTI,6,332
GCCACTTGTACACTCC-1,C57BL6,0,0
GCCACTTGTAGCGTAT-1,OTI,3,28
GCCACTTGTATTATCC-1,OTI,0,0
GCCACTTGTCCGCCTA-1,OTI,3,57
GCCACTTGTGTGTTGG-1,C57BL6,2,29
GCCATAATCAATCATA-1,C57BL6,0,0
GCCATAATCACTCCGC-1,OTI,0,0
GCCATAATCACTTCGT-1,OTI,0,0
GCCATAATCCAAGCTA-1,OTI,1,6
GCCATAATCCAGCCCT-1,OTI,1,23
GCCATAATCCCTCGGT-1,C57BL6,1,3
GCCATAATCGCACGTG-1,C57BL6,1,10
GCCATAATCGGATACC-1,OTI,0,0
GCCATAATCGGGCTTG-1,OTI,1,3
GCCATAATCGTTAGCA-1,OTI,2,9
GCCATACAGACGTCCG-1,OTI,0,0
GCCATACAGCCATCGG-1,C57BL6,0,0
GCCATACAGGCACGTT-1,C57BL6,1,4
GCCATACAGGCTCTAA-1,OTI,4,206
GCCATAGGTAAAGCTC-1,OTI,4,74
GCCATAGGTAACATGC-1,C57BL6,1,3
GCCATAGGTAAGCCCA-1,C57BL6,0,0
GCCATAGGTAAGTTTG-1,OTI,2,118
GCCATAGGTACATTCT-1,C57BL6,1,1
GCCATAGGTAGAGTGA-1,OTI,0,0
GCCATAGGTATTCGGG-1,OTI,5,96
GCCATAGGTCCCTTGG-1,OTI,6,67
GCCATAGGTCCTGTAC-1,OTI,1,64
GCCATAGGTGCCTTTA-1,C57BL6,0,0
GCCATATCAAACATAA-1,C57BL6,0,0
GCCATATCAAATTAAG-1,OTI,2,26
GCCATATCAACGCTCA-1,OTI,7,72
GCCATATCAAGTATCC-1,OTI,5,102
GCCATATCAAGTGTTC-1,OTI,5,22
GCCATATCAATCTCTT-1,OTI,4,18
GCCATATCAATGCTTA-1,OTI,3,35
GCCATATCACACCTCT-1,C57BL6,0,0
GCCATCGAGAAGGTTA-1,OTI,4,58
GCCATCGAGACAATGA-1,OTI,1,39
GCCATCGAGAGTCGTC-1,OTI,6,81
GCCATCGAGCATGTAT-1,OTI,0,0
GCCATCGAGGGATGAT-1,OTI,7,76
GCCATGGTCACAACTG-1,OTI,2,31
GCCATGGTCACTTGTC-1,C57BL6,1,7
GCCATGGTCCACTACT-1,C57BL6,1,4
GCCATGGTCCTCTAGT-1,C57BL6,0,0
GCCATGGTCGGGCTAT-1,C57BL6,0,0
GCCATGGTCGGGCTCA-1,OTI,2,9
GCCATGTAGACCTTTC-1,C57BL6,1,9
GCCATGTAGAGCTTTG-1,C57BL6,0,0
GCCATGTAGATCCACA-1,C57BL6,2,9
GCCATGTAGCCTTAGA-1,C57BL6,2,28
GCCATGTAGCGAATTT-1,OTI,3,17
GCCATGTAGCGGAATG-1,C57BL6,1,3
GCCATGTAGGTAGAAC-1,C57BL6,3,7
GCCATTAAGAAATTGG-1,OTI,2,124
GCCATTAAGACAGTTT-1,OTI,3,65
GCCATTAAGCAAACGG-1,OTI,0,0
GCCATTAAGCACGTAC-1,OTI,2,6
GCCATTAAGCATACAT-1,C57BL6,0,0
GCCATTAAGGTAGGGC-1,OTI,0,0
GCCATTCGTAAACGCT-1,OTI,1,12
GCCATTCGTCATAAGC-1,C57BL6,1,46
GCCATTCGTCGACTCT-1,C57BL6,0,0
GCCATTCGTCGACTTC-1,C57BL6,0,0
GCCATTCGTGGGATAA-1,C57BL6,2,17
GCCATTCGTGTGAGTT-1,C57BL6,0,0
GCCCAACCAACAGGAC-1,OTI,1,10
GCCCAACCAACGTAAG-1,C57BL6,0,0
GCCCAACCAACGTACT-1,C57BL6,0,0
GCCCAACCAAGACAGC-1,C57BL6,0,0
GCCCAACCAAGGGTCG-1,OTI,5,257
GCCCAACCAAGTAAAC-1,C57BL6,3,4
GCCCAACCAATGATCC-1,OTI,4,47
GCCCAACCACATGCCA-1,OTI,9,524
GCCCAATAGCTCAGGT-1,OTI,2,7
GCCCAATAGCTTGATG-1,OTI,11,99
GCCCAATAGGGGGTAC-1,OTI,0,0
GCCCAATAGGTCCAAC-1,OTI,4,36
GCCCACAAGAAACTAG-1,OTI,0,0
GCCCACAAGAAGCCAG-1,OTI,2,35
GCCCACAAGAGCAACG-1,OTI,7,234
GCCCACAAGATTCAGT-1,C57BL6,1,10
GCCCACAAGATTCGAT-1,C57BL6,1,2
GCCCACAAGGTTCAGC-1,C57BL6,0,0
GCCCATACAGCTACCA-1,C57BL6,1,5
GCCCATACAGGGGCTA-1,C57BL6,0,0
GCCCATACAGTCACGC-1,C57BL6,0,0
GCCCATTGTACTACCC-1,OTI,2,51
GCCCATTGTAGCTTCC-1,OTI,0,0
GCCCATTGTCTGCAAG-1,C57BL6,2,60
GCCCATTGTGTAATTG-1,OTI,2,7
GCCCCAAAGAAGGGCC-1,OTI,2,397
GCCCCAAAGAGGCGGT-1,OTI,9,66
GCCCCAAAGCAGCCAT-1,OTI,7,119
GCCCCAAAGCAGTATT-1,OTI,2,6
GCCCCAAAGCGTAGAG-1,OTI,1,86
GCCCCAAAGGGAAATC-1,C57BL6,0,0
GCCCCAAAGGGGATTG-1,OTI,2,5
GCCCCATTCACTCGTT-1,OTI,2,106
GCCCCATTCAGCATCA-1,OTI,2,22
GCCCCATTCATAGCGC-1,C57BL6,1,4
GCCCCATTCATGTCAG-1,C57BL6,0,0
GCCCCATTCGTAACTG-1,C57BL6,1,8
GCCCCGTGTACGTTCC-1,C57BL6,0,0
GCCCCGTGTACTCCCG-1,OTI,2,98
GCCCCGTGTCGTCAGA-1,OTI,3,9
GCCCCGTGTGTATCTT-1,C57BL6,0,0
GCCCCTAGTACCATGG-1,OTI,2,76
GCCCCTAGTACGCGCG-1,OTI,3,3
GCCCCTAGTGCCATAG-1,OTI,3,29
GCCCCTAGTGGAGTAA-1,OTI,6,158
GCCCCTAGTGGCGAAG-1,C57BL6,1,17
GCCCCTAGTGGTTCGA-1,OTI,1,10
GCCCCTAGTGTAGAAG-1,C57BL6,0,0
GCCCGAGGTAGGATAG-1,OTI,3,60
GCCCGAGGTATAGCGT-1,C57BL6,1,15
GCCCGAGGTCACTTAT-1,OTI,3,19
GCCCGAGGTCTAGGTG-1,C57BL6,0,0
GCCCGAGGTGCCAAAT-1,C57BL6,0,0
GCCCGTAAGAAGGGTT-1,OTI,8,204
GCCCGTAAGATTACAC-1,OTI,4,67
GCCCGTAAGGGACGAC-1,OTI,2,35
GCCCGTCGTACCTGCT-1,C57BL6,0,0
GCCCGTCGTATGTCGG-1,OTI,1,8
GCCCGTCGTCATGGGC-1,OTI,1,24
GCCCGTCGTCGTGTTC-1,C57BL6,1,5
GCCCGTCGTCTCCGGC-1,C57BL6,4,5
GCCCGTTTCATTAACA-1,OTI,4,225
GCCCGTTTCGCGCATG-1,C57BL6,1,6
GCCCGTTTCGCTTCAT-1,OTI,2,13
GCCCGTTTCGGATCAC-1,OTI,0,0
GCCCTAACAAAAGTTA-1,C57BL6,1,21
GCCCTAACACTCCACT-1,OTI,0,0
GCCCTAACAGTGAAAT-1,C57BL6,0,0
GCCCTACTCACCAATG-1,OTI,3,46
GCCCTACTCGTGGTTA-1,OTI,6,80
GCCCTATGTACAAGCT-1,OTI,1,37
GCCCTATGTACCCATC-1,C57BL6,0,0
GCCCTATGTGCGGTTA-1,C57BL6,1,4
GCCCTATGTGGCGGTT-1,OTI,1,91
GCCCTGAAGAGAGGTT-1,C57BL6,1,5
GCCCTGAAGGCGCATT-1,OTI,1,2
GCCCTTATCAACGCAC-1,OTI,1,124
GCCCTTATCAGTCAGC-1,OTI,7,147
GCCCTTATCCCACTTG-1,OTI,1,24
GCCCTTATCCCTAATC-1,OTI,2,10
GCCCTTATCCCTACCA-1,OTI,1,731
GCCCTTATCGCGTATA-1,OTI,0,0
GCCTAAATCAGACACC-1,OTI,6,84
GCCTAAATCAGCCCCT-1,OTI,2,55
GCCTAAATCCCTTCCT-1,C57BL6,0,0
GCCTAAATCCTAAAGT-1,OTI,4,419
GCCTAAATCGCTCCGT-1,OTI,1,1
GCCTACCTCAGCATTG-1,OTI,1,1
GCCTACCTCAGTACAT-1,OTI,0,0
GCCTACCTCCACTACT-1,C57BL6,1,361
GCCTACCTCGGGTCAT-1,OTI,8,100
GCCTACCTCGGTATGC-1,C57BL6,0,0
GCCTACCTCGGTTCGG-1,OTI,4,64
GCCTATAAGACATCAT-1,C57BL6,0,0
GCCTATAAGATGGTGG-1,C57BL6,0,0
GCCTATAAGCCTACGG-1,OTI,1,20
GCCTATAAGCTACGTA-1,C57BL6,6,20
GCCTATAAGCTCCTCA-1,OTI,0,0
GCCTATCGTAATTGTG-1,C57BL6,0,0
GCCTATCGTACCATCC-1,OTI,2,6
GCCTATCGTCAGCTTC-1,OTI,5,91
GCCTATCGTCAGGTTG-1,OTI,4,38
GCCTATCGTCCAACTC-1,C57BL6,0,0
GCCTATCGTCGTGCCC-1,C57BL6,0,0
GCCTATCGTGGTTCGA-1,C57BL6,0,0
GCCTCGAAGAAAGGTC-1,OTI,4,34
GCCTCGAAGAGACGAT-1,OTI,1,2
GCCTCGAAGATTAAGG-1,OTI,0,0
GCCTCGAAGCGAATGG-1,OTI,4,369
GCCTCGAAGGGGATAT-1,C57BL6,2,24
GCCTCGAAGGTTGATT-1,OTI,5,204
GCCTCGCGTAACTAGC-1,OTI,1,20
GCCTCGCGTACGCCGG-1,OTI,6,467
GCCTCGCGTATCAGGT-1,OTI,4,78
GCCTCGCGTATTGTCT-1,OTI,1,16
GCCTCGCGTCTGTGGA-1,OTI,0,0
GCCTCGCGTGGAATCT-1,OTI,1,4
GCCTCGCGTGGCTTTC-1,OTI,0,0
GCCTCGCGTGGGGCTT-1,OTI,8,227
GCCTCGCGTGTCGGCG-1,C57BL6,3,165
GCCTCTATCACTCTCG-1,OTI,0,0
GCCTCTATCATGGCTA-1,OTI,6,146
GCCTCTATCCCATCCA-1,OTI,8,336
GCCTCTATCCGCGGTA-1,C57BL6,1,4
GCCTCTATCGGTGGTT-1,OTI,3,191
GCCTCTATCGTAACGC-1,C57BL6,0,0
GCCTCTGGTCTAATGA-1,OTI,5,162
GCCTCTTCAACTGAGA-1,OTI,2,14
GCCTCTTCAAGCTATC-1,OTI,4,84
GCCTCTTCAATCGAAG-1,OTI,0,0
GCCTCTTCAATGCGCC-1,C57BL6,3,4
GCCTCTTCAGGGCTTC-1,C57BL6,0,0
GCCTCTTCAGTGCACC-1,OTI,4,383
GCCTGATAGACAAGAC-1,OTI,2,151
GCCTGATAGAGTGTAA-1,OTI,3,67
GCCTGATAGCTCGAAC-1,C57BL6,0,0
GCCTGATAGGCTTCGG-1,OTI,3,126
GCCTGCAAGAAATGGC-1,C57BL6,2,5
GCCTGCAAGCAATCCA-1,OTI,0,0
GCCTGCAAGCCCATGG-1,OTI,4,47
GCCTGCAAGGCTAAGG-1,OTI,3,121
GCCTGCAAGGGATGAT-1,OTI,9,201
GCCTGCAAGGGGTGTA-1,OTI,3,594
GCCTGCAAGGGTGTTC-1,OTI,7,191
GCCTGCAAGGTATGTT-1,OTI,1,9
GCCTGCAAGGTTGGTC-1,OTI,1,17
GCCTGCCGTATCTCGC-1,OTI,8,329
GCCTGCCGTCACCCTG-1,OTI,3,51
GCCTGCCGTCCAGCTT-1,OTI,2,25
GCCTGCCGTCGAAGGG-1,OTI,2,17
GCCTGCCGTCTGTGGA-1,OTI,0,0
GCCTGCTTCGCGTAGT-1,C57BL6,0,0
GCCTGCTTCGTAACGC-1,C57BL6,1,5
GCCTGGGGTGCCAAAT-1,OTI,1,5
GCCTGGGGTGGATGGG-1,OTI,2,180
GCCTGGGGTGTACGTG-1,C57BL6,0,0
GCCTGGGGTGTGCCGG-1,OTI,0,0
GCCTTAGCAACCTGCA-1,OTI,4,50
GCCTTAGCAAGCGTTT-1,C57BL6,0,0
GCCTTAGCAATCGGCC-1,C57BL6,0,0
GCCTTAGCACAGTTCG-1,OTI,3,64
GCCTTAGCACCTACTC-1,OTI,5,56
GCCTTAGCAGCACACC-1,OTI,0,0
GCCTTCGGTAAGTGTC-1,OTI,2,364
GCCTTCGGTACCATCC-1,OTI,0,0
GCCTTCGGTACCTTTG-1,OTI,2,357
GCCTTCGGTCCTAGTC-1,OTI,0,0
GCCTTCGGTGTTCGAG-1,OTI,0,0
GCCTTGCTCAACTGCA-1,OTI,2,58
GCCTTGCTCAAGCACC-1,C57BL6,1,3
GCCTTGCTCAAGCTCA-1,OTI,6,362
GCCTTGCTCACCCTGC-1,OTI,2,23
GCCTTGCTCAGAAGTA-1,OTI,0,0
GCCTTGCTCAGTGGCT-1,OTI,1,11
GCCTTGCTCATTAATG-1,OTI,3,532
GCCTTGCTCCCACCGT-1,OTI,6,167
GCCTTGCTCGGATTGC-1,C57BL6,1,23
GCCTTGCTCGGTATGC-1,OTI,2,50
GCCTTGCTCGTCAAGC-1,OTI,3,436
GCCTTGTGTAATTGTG-1,OTI,9,153
GCCTTGTGTCAATCCC-1,OTI,0,0
GCCTTGTGTGGTGATT-1,OTI,6,187
GCCTTTAGTACAAGAG-1,OTI,1,11
GCCTTTAGTAGCGCGT-1,OTI,1,4
GCCTTTAGTCGTCTGT-1,C57BL6,1,162
GCCTTTAGTGGTAATC-1,OTI,1,20
GCCTTTAGTGTCCATC-1,OTI,1,8
GCCTTTCCAAAATCAA-1,OTI,3,3
GCCTTTCCAACATACC-1,OTI,0,0
GCCTTTCCAATGATCC-1,C57BL6,0,0
GCCTTTCCAGCGCACT-1,C57BL6,1,5
GCCTTTCCAGTATCAC-1,OTI,0,0
GCCTTTCCAGTGCGAG-1,C57BL6,1,4
GCGAAACCAAAGGGAG-1,C57BL6,2,54
GCGAAACCAAGGGCAT-1,OTI,3,140
GCGAAACCAATTCGAC-1,OTI,1,13
GCGAAACCACCACAGC-1,OTI,3,21
GCGAAACCACTGATTA-1,OTI,3,226
GCGAAACCAGTGGCAG-1,C57BL6,1,6
GCGAAAGTCATCGCCC-1,OTI,4,95
GCGAAAGTCATGTCAG-1,C57BL6,0,0
GCGAAAGTCCGATAGC-1,OTI,0,0
GCGAAAGTCCGTTTAC-1,OTI,4,45
GCGAAAGTCGTCATCT-1,OTI,3,190
GCGAAGCAGAACGGAT-1,C57BL6,0,0
GCGAAGCAGACAGCGA-1,OTI,5,145
GCGAAGCAGAGAGGTT-1,C57BL6,0,0
GCGAAGCAGAGTTTCG-1,OTI,5,63
GCGAAGCAGCACTCCC-1,OTI,0,0
GCGAAGCAGCCATTGA-1,OTI,5,81
GCGAAGCAGGCTTACA-1,OTI,3,333
GCGAAGGGTAGGCCGT-1,C57BL6,1,14
GCGAAGGGTATAGTCA-1,OTI,8,251
GCGAAGGGTATGCTCC-1,C57BL6,0,0
GCGAAGGGTCCTTGTA-1,OTI,6,45
GCGAAGGGTCGCTAAG-1,C57BL6,0,0
GCGAAGGGTCGCTCGC-1,OTI,4,109
GCGAAGGGTCTCCGCA-1,OTI,4,98
GCGAAGGGTGCATTCC-1,OTI,2,247
GCGAAGGGTGCGAGAG-1,C57BL6,0,0
GCGAAGGGTGTCCGCC-1,C57BL6,8,156
GCGAATACAAAAGGAA-1,OTI,1,119
GCGAATACAATAATTC-1,OTI,6,34
GCGAATACAATTAACT-1,OTI,4,102
GCGAATACACTACGCA-1,OTI,2,11
GCGAATACAGCCCAAC-1,OTI,1,4
GCGAATACAGTACGGG-1,OTI,1,3
GCGAATACAGTCGCAC-1,OTI,2,27
GCGAATGAGATCTTGG-1,OTI,6,249
GCGAATGAGCCGCTAG-1,OTI,3,21
GCGAATGAGCGGTCCA-1,OTI,3,121
GCGAATGAGGCCATAC-1,OTI,2,72
GCGAATTGTACAGGTT-1,OTI,2,29
GCGAATTGTAGAGGCG-1,OTI,0,0
GCGAATTGTAGGAGGT-1,OTI,0,0
GCGAATTGTGGAGTGG-1,OTI,1,6
GCGAATTGTGTCATCC-1,OTI,2,17
GCGACAGCAACAGAGC-1,C57BL6,0,0
GCGACAGCACTGCTCT-1,C57BL6,0,0
GCGACATTCATCCTAC-1,C57BL6,0,0
GCGACATTCATGTAAC-1,C57BL6,1,4
GCGACATTCCGGTCAG-1,OTI,1,3
GCGACATTCCTGACAA-1,C57BL6,0,0
GCGACATTCCTGTATC-1,C57BL6,0,0
GCGACCTCAAGCGCTC-1,C57BL6,0,0
GCGACCTCAATGGGGT-1,C57BL6,0,0
GCGACGACACCAAGCC-1,C57BL6,0,0
GCGACGACACCTCGAA-1,OTI,0,0
GCGACGACACTACATA-1,OTI,3,93
GCGACGACACTCGGTA-1,OTI,9,687
GCGAGAGGTACTTCTG-1,OTI,4,267
GCGAGAGGTAGGGTAA-1,OTI,3,466
GCGAGAGGTATCAGGT-1,OTI,5,216
GCGAGAGGTATCGCAG-1,OTI,0,0
GCGAGAGGTCAAAGGA-1,OTI,3,11
GCGAGGAGTCTGTACC-1,OTI,5,14
GCGAGGAGTGCCTCGC-1,OTI,3,73
GCGAGTAAGACCCCAG-1,C57BL6,0,0
GCGAGTAAGCAATACT-1,OTI,1,3
GCGAGTAAGCGAATGG-1,OTI,0,0
GCGAGTAAGCTAAACT-1,C57BL6,0,0
GCGAGTAAGGCATCAC-1,C57BL6,0,0
GCGAGTTTCAATCCTC-1,OTI,1,12
GCGAGTTTCAGGTGTC-1,C57BL6,4,98
GCGATAACAATACCTA-1,OTI,5,49
GCGATAACAATCCAAC-1,OTI,1,7
GCGATAACACGTCGGT-1,C57BL6,1,8
GCGATAACAGGTAACA-1,OTI,4,294
GCGATAACAGGTCATT-1,C57BL6,4,4
GCGATAGAGCAAGCCT-1,C57BL6,1,2
GCGATAGAGCAAGCGA-1,OTI,4,44
GCGATAGAGCGATGGA-1,OTI,2,40
GCGATAGAGGCACGAA-1,OTI,2,8
GCGATAGAGGCATCGT-1,C57BL6,1,4
GCGATAGAGGCTAAGG-1,C57BL6,0,0
GCGATAGAGGCTCATA-1,OTI,2,15
GCGATGCGTAACAGGA-1,C57BL6,0,0
GCGATGCGTAAGTCCG-1,C57BL6,2,3
GCGATGCGTAGCCTTC-1,OTI,8,139
GCGATGCGTAGGGGAT-1,OTI,2,7
GCGATGCGTAGTTAGC-1,C57BL6,0,0
GCGATGCGTCTAACGG-1,OTI,1,8
GCGATGCGTCTGACTC-1,C57BL6,0,0
GCGATGCGTCTTAGTT-1,OTI,3,32
GCGATGCGTGCTTCGT-1,C57BL6,1,2
GCGATGCGTGGTTAGT-1,OTI,6,53
GCGATGCGTGTCTTAT-1,C57BL6,0,0
GCGATGCGTGTGTTGG-1,OTI,4,152
GCGATGTTCACTTCTA-1,OTI,10,101
GCGATGTTCAGGTTCA-1,OTI,2,23
GCGATGTTCATAATTG-1,OTI,4,417
GCGATGTTCATTCGTC-1,OTI,2,15
GCGATGTTCCATCTAC-1,OTI,1,121
GCGATGTTCCCCACTA-1,OTI,1,3
GCGATGTTCCCGCCAT-1,OTI,0,0
GCGATGTTCCTTGTGT-1,OTI,5,76
GCGATGTTCGTATCGA-1,OTI,0,0
GCGCAATTCAAATGTC-1,OTI,2,71
GCGCAATTCAACTCCT-1,OTI,2,301
GCGCAATTCAGTGGCT-1,OTI,0,0
GCGCAATTCCCACAGG-1,OTI,3,54
GCGCAATTCCGGAAAG-1,OTI,5,109
GCGCAATTCCTCTGAT-1,OTI,5,77
GCGCAATTCCTTGTGT-1,OTI,2,113
GCGCAATTCGGTTGTA-1,OTI,10,28
GCGCACTCAAGAGACC-1,OTI,0,0
GCGCACTCAATTAACT-1,OTI,2,348
GCGCACTCACGCCAAC-1,OTI,1,1
GCGCACTCACTATACA-1,OTI,1,19
GCGCACTCAGCTCGGT-1,C57BL6,6,7
GCGCATCCAAACCGGG-1,OTI,1,20
GCGCATCCAACCCTCT-1,C57BL6,0,0
GCGCATCCAACGTGCC-1,C57BL6,1,6
GCGCATCCAAGAATAC-1,OTI,3,66
GCGCATCCACATCGCA-1,C57BL6,0,0
GCGCATCCACGTATCG-1,C57BL6,0,0
GCGCATCCAGGTGCGA-1,OTI,1,5
GCGCATGTCAACAGGG-1,OTI,0,0
GCGCATGTCAGCAATT-1,OTI,4,249
GCGCATGTCAGTGAAA-1,OTI,0,0
GCGCATGTCCAAGCGT-1,OTI,0,0
GCGCATGTCGCGGTTG-1,OTI,0,0
GCGCATGTCGGTTATG-1,C57BL6,0,0
GCGCATTAGAAACGTA-1,OTI,4,101
GCGCATTAGAATACGA-1,OTI,5,160
GCGCATTAGAGGAGCC-1,C57BL6,0,0
GCGCATTAGCCTTTAC-1,C57BL6,2,27
GCGCATTAGGCTAGAG-1,C57BL6,1,14
GCGCATTAGGTAAGTA-1,C57BL6,0,0
GCGCCTCGTACTTAAG-1,OTI,4,32
GCGCCTCGTATGAGCT-1,C57BL6,0,0
GCGCCTCGTATGCCAG-1,C57BL6,0,0
GCGCCTCGTCGATGGC-1,OTI,1,11
GCGCCTCGTGTCGTGA-1,OTI,3,68
GCGCCTCGTGTTAATG-1,C57BL6,0,0
GCGCCTTTCCAGGATC-1,OTI,0,0
GCGCCTTTCCATACCT-1,C57BL6,0,0
GCGCGAACAATCACTA-1,C57BL6,0,0
GCGCGAACACAAGGGT-1,OTI,0,0
GCGCGAACACGTACAT-1,OTI,0,0
GCGCGAACAGGCCTTA-1,C57BL6,0,0
GCGCGATGTAAGCATC-1,OTI,3,28
GCGCGATGTACTATAG-1,OTI,8,65
GCGCGATGTCATGGAT-1,OTI,2,24
GCGCGATGTCGTAGGC-1,OTI,3,42
GCGCGATGTGGGGAAT-1,C57BL6,0,0
GCGCGATGTGGTGTCA-1,C57BL6,1,11
GCGCGTATCACTCTGT-1,OTI,6,93
GCGCGTATCATCCTAC-1,OTI,4,33
GCGCGTATCATCGGCG-1,OTI,4,57
GCGCGTATCATTAAGC-1,OTI,8,89
GCGCGTATCGCTAACA-1,OTI,5,160
GCGCGTATCGGAGGTA-1,C57BL6,1,1
GCGCGTATCGTAAGCC-1,C57BL6,1,2
GCGCGTATCGTCCAAA-1,OTI,0,0
GCGCTACCAACCTTAA-1,C57BL6,1,9
GCGCTACCAACTCTCC-1,OTI,2,12
GCGCTACCAATCTTAG-1,OTI,0,0
GCGCTACCACCCATTC-1,OTI,1,115
GCGCTACCACCTAGCA-1,OTI,4,64
GCGCTACCACCTGCTT-1,OTI,0,0
GCGCTACCAGCTATCG-1,OTI,3,44
GCGCTACCAGGAAGCT-1,C57BL6,0,0
GCGCTCAAGATACCCA-1,OTI,3,42
GCGCTCAAGCAATTGT-1,OTI,4,167
GCGCTCAAGCACTTTC-1,C57BL6,1,1
GCGCTCAAGCAGGCTT-1,OTI,5,136
GCGCTCAAGCAGGGTA-1,C57BL6,1,4
GCGCTCAAGCGGAATG-1,OTI,0,0
GCGCTCCGTAACGTCG-1,OTI,2,36
GCGCTCCGTACTAATG-1,OTI,1,15
GCGCTCCGTAGCCAGC-1,C57BL6,0,0
GCGCTCCGTAGTAAGG-1,C57BL6,0,0
GCGCTCCGTCAATTCT-1,C57BL6,0,0
GCGCTCCGTCGGCTCC-1,OTI,2,46
GCGCTGGGTAACTTTC-1,OTI,3,23
GCGCTGGGTAAGGAAT-1,OTI,0,0
GCGCTGGGTACCACGA-1,C57BL6,1,1
GCGCTGGGTATAGCGT-1,OTI,5,38
GCGCTGGGTCCACGGG-1,OTI,7,154
GCGCTGGGTGGACTAT-1,OTI,2,23
GCGCTGGGTGGCGTGT-1,C57BL6,1,1
GCGCTTACACACCGTA-1,OTI,0,0
GCGCTTACACATCAGT-1,OTI,1,8
GCGCTTACAGGTAAAT-1,OTI,1,4
GCGCTTACAGTACGGG-1,OTI,8,309
GCGCTTGAGCTATTGG-1,C57BL6,2,6
GCGCTTGAGGCATAGG-1,OTI,2,10
GCGCTTGAGGGGGCAT-1,OTI,1,44
GCGGAAATCACGCTAA-1,OTI,1,10
GCGGAAATCAGTGATT-1,OTI,3,140
GCGGAAATCCCACATT-1,OTI,4,32
GCGGAAATCGCGGAAA-1,OTI,2,71
GCGGACACACTTAGTA-1,OTI,1,7
GCGGACACAGGGCTCT-1,OTI,3,13
GCGGACACAGTGGCGA-1,OTI,3,168
GCGGACACAGTTCTCC-1,OTI,1,19
GCGGAGAGTAATTGGC-1,C57BL6,0,0
GCGGAGAGTACTTGGG-1,OTI,5,143
GCGGAGAGTATCGGGC-1,C57BL6,0,0
GCGGAGAGTATCTTGT-1,OTI,0,0
GCGGAGAGTATTCGGG-1,OTI,2,29
GCGGAGAGTATTGGGT-1,OTI,1,1
GCGGAGAGTCCAGTTC-1,OTI,2,36
GCGGAGAGTCCGCCTA-1,OTI,0,0
GCGGAGAGTCGCCCGT-1,OTI,0,0
GCGGAGAGTCGCGCTC-1,C57BL6,2,2
GCGGAGAGTGTAGGTT-1,OTI,0,0
GCGGAGTAGAGTGTAA-1,OTI,1,6
GCGGAGTAGATGCGAG-1,OTI,1,7
GCGGAGTAGCCGCCAA-1,OTI,3,94
GCGGAGTAGCCGTCAG-1,OTI,2,22
GCGGAGTAGCGTAACC-1,OTI,4,40
GCGGAGTAGGCTTTAG-1,OTI,3,328
GCGGATAAGAACGGGC-1,OTI,0,0
GCGGATAAGAATACGA-1,C57BL6,0,0
GCGGATAAGCCCACGA-1,OTI,2,9
GCGGATAAGCCTGCAG-1,OTI,0,0
GCGGATAAGGCCATCG-1,OTI,4,382
GCGGATAAGGGTGAAT-1,OTI,2,55
GCGGATTTCCACCCTA-1,C57BL6,1,8
GCGGATTTCCTTATCA-1,OTI,3,213
GCGGATTTCGTTGCTT-1,C57BL6,0,0
GCGGCTATCCCATCGC-1,OTI,6,130
GCGGGATAGAATTCCG-1,OTI,6,243
GCGGGATAGGCAATCC-1,OTI,13,555
GCGGGATAGGCACAAG-1,OTI,4,41
GCGGGATAGGGAGCTA-1,OTI,2,24
GCGGGTACAACTTTAG-1,OTI,4,183
GCGGGTACAAGTCGAA-1,OTI,1,4
GCGGGTACACAACTAC-1,C57BL6,0,0
GCGGGTACACCACTCT-1,OTI,3,75
GCGGGTACACCTTGAG-1,OTI,4,279
GCGGGTACAGCGTAGG-1,OTI,1,7
GCGGGTTGTACATCTT-1,C57BL6,1,1
GCGGGTTGTACTGGGC-1,OTI,5,127
GCGGGTTGTAGCGTTG-1,C57BL6,7,51
GCGGGTTGTCACACCT-1,OTI,3,44
GCGGGTTGTGCTGCCC-1,OTI,3,105
GCGGTAAAGAACGTAA-1,OTI,0,0
GCGGTAAAGCACTACA-1,C57BL6,1,18
GCGGTAAAGCATTGCA-1,OTI,0,0
GCGGTAAAGCTCGAGT-1,OTI,3,44
GCGGTAAAGGCACGAA-1,C57BL6,3,18
GCGGTAGCAACCATCG-1,OTI,1,12
GCGGTAGCAACTTAGC-1,OTI,5,133
GCGGTAGCACCTCTTA-1,OTI,5,163
GCGGTATTCAATCTGG-1,C57BL6,1,6
GCGGTATTCACATATA-1,C57BL6,0,0
GCGGTATTCATACTAA-1,OTI,5,420
GCGGTATTCCACGTAA-1,OTI,2,43
GCGGTATTCCGGTAAC-1,OTI,3,36
GCGGTCTCAATGACCT-1,OTI,4,100
GCGGTCTCACAATCAC-1,C57BL6,1,7
GCGGTCTCACGTTCGA-1,OTI,9,137
GCGGTCTCACTTAGCG-1,OTI,1,4
GCGGTCTCAGGCGACA-1,OTI,2,112
GCGGTCTCAGGTTCAT-1,OTI,4,111
GCGGTCTCAGTAAAGT-1,OTI,0,0
GCGGTCTCAGTACGCC-1,OTI,2,190
GCGGTTAGTAAACCGT-1,OTI,3,44
GCGGTTAGTACTGCAG-1,C57BL6,0,0
GCGGTTAGTACTGGGC-1,OTI,5,142
GCGGTTAGTAGTCCGA-1,C57BL6,0,0
GCGGTTAGTAGTCGCA-1,C57BL6,0,0
GCGGTTAGTATACTTC-1,OTI,2,7
GCGGTTAGTCGAAGCC-1,OTI,2,12
GCGGTTAGTCTAAGGT-1,C57BL6,0,0
GCGGTTAGTGGCTAAT-1,OTI,2,40
GCGGTTAGTGTTAAGC-1,OTI,1,2
GCGGTTGTCAATTATG-1,OTI,6,134
GCGGTTGTCCCACTTG-1,OTI,0,0
GCGGTTGTCCCAGTAA-1,OTI,6,85
GCGGTTGTCGGCTAAC-1,C57BL6,6,9
GCGGTTGTCGGTAGCT-1,C57BL6,0,0
GCGGTTGTCGTAGTCA-1,C57BL6,2,10
GCGGTTTAGCCAAATT-1,OTI,1,6
GCGGTTTAGGCCATTA-1,OTI,4,35
GCGTAACTCAATGGTT-1,C57BL6,1,11
GCGTAACTCCAAATTA-1,OTI,1,5
GCGTAACTCGGGTATC-1,OTI,4,225
GCGTAGAAGAGACGCA-1,OTI,0,0
GCGTAGAAGATGGAGT-1,OTI,6,439
GCGTAGAAGATGGGAT-1,C57BL6,0,0
GCGTAGAAGCATGTTG-1,C57BL6,1,5
GCGTAGAAGCTCGAGT-1,C57BL6,2,30
GCGTAGAAGGCGTCCA-1,C57BL6,3,8
GCGTAGAAGGTTGGAG-1,C57BL6,1,4
GCGTAGCGTACAGCGC-1,C57BL6,3,46
GCGTAGCGTATCAATG-1,OTI,2,85
GCGTAGCGTCAAAGCT-1,OTI,3,133
GCGTAGCGTCATCTCA-1,OTI,3,96
GCGTAGCGTGCCATTC-1,OTI,4,124
GCGTAGGCAAAACTCC-1,OTI,3,49
GCGTAGGCAAAGGAGG-1,OTI,3,103
GCGTAGGCAACTCGCA-1,C57BL6,0,0
GCGTAGGCAAGTGTCT-1,C57BL6,0,0
GCGTAGGCACCACACA-1,C57BL6,2,4
GCGTAGGCACCGACTA-1,OTI,2,171
GCGTAGGCACGGTGTC-1,C57BL6,0,0
GCGTAGGCAGCACCTA-1,C57BL6,1,16
GCGTAGTTCAGACATT-1,OTI,3,460
GCGTAGTTCAGCATCA-1,C57BL6,0,0
GCGTAGTTCATAGTCG-1,OTI,1,50
GCGTAGTTCCAATGCA-1,OTI,3,44
GCGTAGTTCCTATCAC-1,C57BL6,0,0
GCGTAGTTCGCTGTAA-1,OTI,1,72
GCGTATATCACGGTCG-1,OTI,4,27
GCGTATATCACTTGCT-1,C57BL6,4,114
GCGTATATCCGGGAAA-1,OTI,1,4
GCGTATATCCGTAAAT-1,C57BL6,0,0
GCGTATGGTAGTCGAT-1,OTI,0,0
GCGTATGGTATACAGC-1,C57BL6,2,8
GCGTATGGTATACGTA-1,OTI,3,19
GCGTATGGTATCCCTA-1,OTI,2,156
GCGTATGGTCATATTC-1,OTI,0,0
GCGTATGGTCCTAGAG-1,OTI,1,12
GCGTATGGTGGAATCT-1,OTI,1,24
GCGTATGGTGGTTCGA-1,C57BL6,0,0
GCGTATTCAAAACCTC-1,OTI,4,28
GCGTATTCAATACGTC-1,OTI,2,4
GCGTATTCACAGTCAT-1,OTI,2,8
GCGTATTCACTGCACA-1,OTI,2,12
GCGTCAGTCACGCTAA-1,OTI,4,247
GCGTCAGTCACGGTGT-1,C57BL6,3,17
GCGTCAGTCCGTGAGT-1,C57BL6,0,0
GCGTCAGTCGCATCGG-1,C57BL6,0,0
GCGTCAGTCGGAGCTT-1,OTI,5,158
GCGTCATAGAACGACG-1,C57BL6,0,0
GCGTCCAAGACGTATT-1,OTI,1,16
GCGTCCAAGAGGTTAA-1,C57BL6,2,2
GCGTCCAAGAGTGGGC-1,OTI,3,52
GCGTCCAAGCATATCG-1,OTI,5,719
GCGTCCAAGCCAAATT-1,OTI,6,104
GCGTCCAAGCCATCAA-1,OTI,2,11
GCGTCGATCACATACG-1,C57BL6,1,1
GCGTCGATCATTGCTC-1,OTI,3,72
GCGTCGATCCAAATTA-1,OTI,9,271
GCGTCGATCCACCGCT-1,C57BL6,0,0
GCGTCGATCCGGACCA-1,C57BL6,3,16
GCGTCTACAAAAGCCA-1,C57BL6,0,0
GCGTCTACAACATCCG-1,OTI,2,61
GCGTCTACAATCGACT-1,OTI,2,50
GCGTCTACAATGTGAG-1,OTI,2,41
GCGTCTACACAATGCT-1,C57BL6,0,0
GCGTCTACACGTGCTA-1,OTI,4,101
GCGTCTACAGGAATAT-1,OTI,1,30
GCGTCTTGTCATAAGC-1,OTI,5,25
GCGTCTTGTCCCTCTC-1,C57BL6,3,18
GCGTCTTGTCGTGGGT-1,C57BL6,3,48
GCGTCTTGTGCTTGCT-1,OTI,3,58
GCGTGAAAGCAAGCTC-1,OTI,0,0
GCGTGAAAGCGCATCG-1,C57BL6,1,3
GCGTGAAAGCGTGTCG-1,OTI,1,25
GCGTGAAAGGCTATGC-1,C57BL6,1,1
GCGTGAAAGGGCCATT-1,C57BL6,5,7
GCGTGAAAGGTCATGC-1,OTI,0,0
GCGTGAGCAAAGTACG-1,OTI,4,175
GCGTGAGCAACGAGGT-1,OTI,1,35
GCGTGAGCAAGCTTTA-1,C57BL6,0,0
GCGTGAGCACCTAGGC-1,OTI,7,208
GCGTGAGCACTCTCCG-1,OTI,3,440
GCGTGAGCAGCATAAG-1,OTI,3,47
GCGTGAGCAGGGTCTC-1,OTI,0,0
GCGTGAGCAGTCCTCT-1,OTI,1,68
GCGTGCATCAAAGCAA-1,OTI,3,79
GCGTGCATCAATGTAC-1,OTI,0,0
GCGTGCATCACAATCG-1,OTI,5,77
GCGTGCATCCAGGATC-1,C57BL6,1,2
GCGTGCATCCGAACAC-1,C57BL6,0,0
GCGTGCATCCGGTAAC-1,OTI,2,18
GCGTGCATCCTAGCTT-1,C57BL6,0,0
GCGTGCTCAAAGTTCC-1,OTI,13,270
GCGTGCTCAATATGCC-1,OTI,15,352
GCGTGCTCAATCTCTT-1,OTI,0,0
GCGTGCTCAGCTCCAA-1,OTI,1,7
GCGTGCTCAGGACATA-1,OTI,5,93
GCGTGCTCAGTAGTAG-1,OTI,3,105
GCGTGTCCAAATTGGG-1,OTI,7,169
GCGTGTCCACAGCACC-1,C57BL6,0,0
GCGTGTCCACAGTCAT-1,OTI,3,9
GCGTGTCCACGGGTCT-1,C57BL6,1,6
GCGTGTCCACGGTCGT-1,OTI,2,25
GCGTGTCCAGCAATCT-1,C57BL6,0,0
GCGTGTCCAGCACCTA-1,OTI,4,245
GCGTGTCCAGCATCCA-1,C57BL6,2,3
GCGTGTGTCAAGCTCA-1,OTI,10,204
GCGTGTGTCAATATTG-1,C57BL6,0,0
GCGTGTGTCATAACAC-1,OTI,2,190
GCGTGTGTCATGGGCT-1,C57BL6,0,0
GCGTGTGTCCGGCACA-1,C57BL6,1,4
GCGTGTTAGAAGCTGG-1,C57BL6,1,7
GCGTGTTAGAATTCGT-1,OTI,2,3
GCGTGTTAGACAGAAC-1,C57BL6,1,7
GCGTGTTAGAGTGATA-1,OTI,0,0
GCGTGTTAGGCATCAC-1,OTI,1,8
GCGTGTTAGGGTATCC-1,OTI,5,203
GCGTGTTAGGTCCTTT-1,OTI,5,462
GCGTTAATCAATTGGT-1,OTI,0,0
GCGTTAATCACAGCTA-1,OTI,16,483
GCGTTAATCCAATGTG-1,OTI,3,86
GCGTTAATCCCCTTAG-1,OTI,3,35
GCGTTAATCGCTATAG-1,OTI,4,54
GCGTTAATCGCTCCAC-1,OTI,6,127
GCGTTAATCGCTTAAG-1,OTI,1,64
GCGTTAATCGGCTTGG-1,OTI,2,13
GCGTTAATCGTGACTA-1,OTI,2,73
GCGTTAATCGTGTATG-1,C57BL6,3,15
GCGTTACAGACACGGA-1,OTI,0,0
GCGTTACAGACGCCCA-1,OTI,2,19
GCGTTACAGAGGGCGT-1,C57BL6,0,0
GCGTTACAGATCATCG-1,OTI,0,0
GCGTTACAGCGCCACA-1,OTI,1,8
GCGTTACAGGGGTAAT-1,OTI,7,121
GCGTTAGGTATCATCT-1,OTI,1,2
GCGTTAGGTCGCTCTG-1,OTI,7,143
GCGTTAGGTGCTCTTA-1,OTI,1,27
GCGTTAGGTGGCTTGA-1,C57BL6,0,0
GCGTTTAAGAGGGCGT-1,OTI,4,33
GCGTTTAAGAGTTAAG-1,C57BL6,0,0
GCGTTTAAGATGAAGC-1,C57BL6,0,0
GCGTTTAAGATTGGTT-1,C57BL6,0,0
GCGTTTAAGGCATACC-1,OTI,3,63
GCGTTTAAGGGAAGCC-1,OTI,5,39
GCGTTTCGTACCTAGG-1,OTI,3,296
GCGTTTCGTATTGCCC-1,C57BL6,1,12
GCGTTTCGTCATAAGC-1,C57BL6,0,0
GCGTTTCGTGCCCCGT-1,C57BL6,0,0
GCGTTTCGTGGATATC-1,OTI,0,0
GCGTTTCGTGGGGTCT-1,OTI,4,109
GCTAAAGCAAAACTCC-1,C57BL6,0,0
GCTAAAGCAAATTGAA-1,OTI,4,36
GCTAAAGCAACGAAAT-1,OTI,2,17
GCTAAAGCAAGCGCAG-1,OTI,4,37
GCTAAAGCAAGGCGCA-1,OTI,4,165
GCTAAAGCACCCTATC-1,OTI,0,0
GCTAAATTCAGGAATA-1,C57BL6,2,5
GCTAAATTCCAACAGC-1,OTI,1,7
GCTAAATTCGCACCTC-1,OTI,0,0
GCTAAATTCGCGGTTG-1,OTI,6,121
GCTAAATTCGGGCAAA-1,OTI,3,59
GCTAACATCACCCATT-1,C57BL6,0,0
GCTAACATCCATCTAC-1,OTI,5,239
GCTAACATCCGGGATT-1,OTI,2,7
GCTAACATCGCTAATG-1,OTI,4,758
GCTAACATCGTAATCG-1,OTI,4,103
GCTAACCAGACCACGT-1,C57BL6,1,2
GCTAACCAGAGGAGCC-1,C57BL6,1,1
GCTAACCAGCGTTAAT-1,OTI,0,0
GCTAACCAGCTAGTAT-1,OTI,1,93
GCTAACCAGGGCATGA-1,C57BL6,2,2
GCTAACCAGGTGGGTA-1,OTI,1,1
GCTAACTCAATATTCG-1,OTI,2,39
GCTAACTCAATTCGTA-1,OTI,1,34
GCTAACTCACGGCACT-1,C57BL6,3,57
GCTAACTCAGCGGGTA-1,OTI,0,0
GCTAAGACAACTGTCG-1,C57BL6,2,5
GCTAAGACACGCGACT-1,OTI,4,17
GCTAAGACAGCGTGCT-1,OTI,3,96
GCTAAGACAGGAACGT-1,C57BL6,0,0
GCTAAGGAGACAGACG-1,OTI,4,588
GCTAAGGAGACATAGA-1,OTI,2,13
GCTAAGGAGGGGTTTC-1,OTI,3,148
GCTAAGTGTACACCCT-1,OTI,7,133
GCTAAGTGTACCTCCG-1,OTI,4,128
GCTAAGTGTATCTCAT-1,OTI,2,7
GCTAAGTGTCATCAGG-1,OTI,1,3
GCTAAGTGTCGGGGTT-1,C57BL6,0,0
GCTAAGTGTGGGTGCT-1,OTI,1,115
GCTAAGTGTGTAGGTT-1,OTI,1,10
GCTAATCCAACCCACA-1,C57BL6,0,0
GCTAATCCAATCGAGA-1,OTI,0,0
GCTAATCCACCCAGTA-1,OTI,3,31
GCTAATCCAGTGTTCG-1,OTI,0,0
GCTAATGTCAAGGGGC-1,C57BL6,1,4
GCTAATGTCACAGGCT-1,OTI,7,174
GCTAATGTCACCCTGC-1,OTI,2,12
GCTACACAGACGGCAA-1,C57BL6,1,6
GCTACACAGATGAGGT-1,C57BL6,1,4
GCTACACAGCAAGAGT-1,OTI,3,49
GCTACACAGCGCTGCA-1,OTI,3,146
GCTACACAGCTGTCGG-1,OTI,0,0
GCTACACAGGTGCGAA-1,OTI,0,0
GCTACAGGTCCACGGG-1,OTI,2,13
GCTACAGGTCCAGCCC-1,C57BL6,1,2
GCTACAGGTCCTGATC-1,OTI,7,116
GCTACAGGTCGCATTC-1,OTI,2,45
GCTACAGGTGGGGATG-1,OTI,2,8
GCTACATCAAAATTTC-1,OTI,4,64
GCTACATCAAATTCCA-1,OTI,1,21
GCTACATCACCATTAA-1,OTI,3,120
GCTACATCAGCGTGAG-1,OTI,4,142
GCTACCACAAACCATC-1,C57BL6,1,9
GCTACCACACCGACAC-1,OTI,1,20
GCTACCACACGCAGTC-1,OTI,0,0
GCTACCACACGGCTTA-1,OTI,2,431
GCTACCACACTGCTCT-1,C57BL6,0,0
GCTACCGAGAACGGAT-1,OTI,2,11
GCTACCGAGAAGCTAA-1,OTI,7,659
GCTACCGAGAAGGTGT-1,OTI,5,187
GCTACCGAGAATCTGT-1,OTI,9,68
GCTACCGAGACATCCA-1,C57BL6,0,0
GCTACCGAGCACAGGA-1,OTI,4,60
GCTACCGAGCACATCA-1,C57BL6,2,8
GCTACCGAGCCTGTGG-1,C57BL6,1,1
GCTACCGAGGCGCTTG-1,OTI,7,283
GCTACCGAGGCGGAGT-1,C57BL6,0,0
GCTACCGAGGTTGTAT-1,OTI,1,3
GCTACCTGTATCCCTA-1,C57BL6,1,3
GCTACCTGTCGCTGGG-1,OTI,8,213
GCTACCTGTGTTAATG-1,C57BL6,1,1
GCTACGCCAAGAGATT-1,C57BL6,0,0
GCTACGCCAAGTAAAC-1,OTI,2,123
GCTACGCCACCTAGGC-1,C57BL6,3,3
GCTACGCCAGGGTATA-1,OTI,6,177
GCTACTTTCAACTATA-1,C57BL6,2,134
GCTACTTTCACATGTG-1,OTI,10,447
GCTACTTTCACGGTGT-1,C57BL6,0,0
GCTACTTTCACTCTGT-1,OTI,5,32
GCTACTTTCATACGTG-1,OTI,4,71
GCTACTTTCCATATGG-1,C57BL6,0,0
GCTACTTTCCCTAGTT-1,OTI,4,68
GCTACTTTCCCTTCTC-1,OTI,1,1
GCTACTTTCCGCAGCA-1,OTI,2,3
GCTACTTTCCTCCGAC-1,OTI,3,21
GCTACTTTCGTCCCTA-1,C57BL6,0,0
GCTAGAACAAATACAA-1,OTI,0,0
GCTAGAACAAATGCGA-1,OTI,1,17
GCTAGAACACACAACT-1,C57BL6,0,0
GCTAGAACACCAGTGC-1,C57BL6,1,12
GCTAGAACAGTCGGTC-1,C57BL6,1,16
GCTAGAGAGACTTACG-1,C57BL6,0,0
GCTAGAGAGATCCCAA-1,OTI,2,49
GCTAGAGAGATGCTCA-1,C57BL6,1,6
GCTAGAGAGCCACGAT-1,OTI,0,0
GCTAGAGAGCCATTAG-1,OTI,2,44
GCTAGAGAGCGTTTAG-1,OTI,7,211
GCTAGAGAGGCAAAGT-1,OTI,0,0
GCTAGAGAGGCTAAGG-1,C57BL6,0,0
GCTAGATGTACAAGAG-1,OTI,1,28
GCTAGATGTGGATTTA-1,C57BL6,1,5
GCTAGCCCAAGAAGCC-1,C57BL6,0,0
GCTAGCCCAATACACC-1,OTI,1,39
GCTAGCCCAATGAATA-1,OTI,4,78
GCTAGCCCAATTACGC-1,C57BL6,0,0
GCTAGCCCACCCATAG-1,OTI,0,0
GCTAGCCCACGTAACT-1,OTI,2,6
GCTAGCCCACGTTTCC-1,OTI,7,414
GCTAGCCCAGGAACTA-1,OTI,1,19
GCTAGGCGTACACTCC-1,OTI,3,282
GCTAGGCGTCGACGGT-1,OTI,1,13
GCTAGGCGTGCAGTCA-1,C57BL6,0,0
GCTAGGCGTGTGGATT-1,OTI,1,22
GCTAGGGCAAGTCGGG-1,OTI,0,0
GCTAGGGCAGCAGGCA-1,OTI,8,586
GCTAGTGGTAGCGTAT-1,C57BL6,0,0
GCTAGTGGTCATTCTG-1,OTI,1,8
GCTAGTGGTCTCGCCA-1,C57BL6,0,0
GCTAGTGGTGGGTTGC-1,OTI,3,40
GCTAGTGGTGTTAGGT-1,OTI,7,406
GCTATAAGTACTTGCC-1,OTI,2,164
GCTATAAGTATAGTCA-1,C57BL6,1,32
GCTATAAGTATGAGAG-1,OTI,0,0
GCTATAAGTCAATCGG-1,OTI,1,1
GCTATAAGTCACAGCA-1,C57BL6,0,0
GCTATAAGTCGTACCT-1,OTI,3,23
GCTATAAGTCTGGTCT-1,OTI,5,119
GCTATAAGTGCGCTGG-1,OTI,15,282
GCTATAGTCAATCATA-1,OTI,2,43
GCTATAGTCACTGACA-1,OTI,2,95
GCTATAGTCACTTTCA-1,OTI,0,0
GCTATAGTCCCCAACC-1,OTI,6,287
GCTATAGTCCTACTTA-1,C57BL6,1,2
GCTATAGTCCTCATTA-1,OTI,4,306
GCTATAGTCGCATGGT-1,C57BL6,2,6
GCTATAGTCGCTTATC-1,OTI,0,0
GCTATAGTCGGTCAGT-1,C57BL6,0,0
GCTATCCGTAAGTCTA-1,C57BL6,0,0
GCTATCCGTACTGCAG-1,C57BL6,1,29
GCTATCCGTATCGCGA-1,OTI,2,34
GCTATCCGTATTACAG-1,C57BL6,0,0
GCTATCGCAAGCCGTC-1,OTI,1,17
GCTATCGCAAGCGTAA-1,OTI,4,117
GCTATCGCACCAATTA-1,OTI,7,137
GCTATCGCACTCACTC-1,OTI,1,9
GCTATCGCAGCGGTCT-1,C57BL6,0,0
GCTATCGCAGGGGCTA-1,OTI,4,5
GCTATCTTCAAGCACC-1,OTI,2,175
GCTATCTTCACGCAAC-1,OTI,0,0
GCTATCTTCCTACATC-1,OTI,1,10
GCTATCTTCGCATAGC-1,C57BL6,0,0
GCTATCTTCGTGCAGT-1,OTI,10,89
GCTATGCAGACCAGAG-1,OTI,1,5
GCTATGCAGCGTTATG-1,C57BL6,0,0
GCTATGCAGCTAGTCA-1,OTI,3,28
GCTATGCAGCTTAAGT-1,C57BL6,0,0
GCTATGCAGGCCCGTA-1,OTI,10,195
GCTATGGGTAGTGCGC-1,OTI,1,3
GCTATGGGTATGAGAG-1,OTI,6,32
GCTATGGGTCAATTTC-1,C57BL6,0,0
GCTATGGGTCCAGATG-1,C57BL6,3,5
GCTATGGGTCGGTGTA-1,OTI,0,0
GCTATGGGTCGTAGGC-1,OTI,1,51
GCTATGGGTGTATCTT-1,OTI,2,11
GCTATTACAACACAGA-1,OTI,3,123
GCTATTACAAGGACCG-1,OTI,2,10
GCTATTACAATATGCC-1,OTI,0,0
GCTATTACAGTCAATC-1,OTI,5,198
GCTATTGAGAATTGTC-1,C57BL6,0,0
GCTATTGAGACACGGA-1,OTI,4,154
GCTATTGAGAGACTTT-1,OTI,2,18
GCTATTGAGAGGGACC-1,OTI,5,22
GCTATTGAGCAGCTGT-1,OTI,4,90
GCTATTGAGCAGGGAC-1,OTI,1,36
GCTATTGAGCGCCACA-1,OTI,4,203
GCTATTGAGCTGATAT-1,C57BL6,1,2
GCTATTGAGGGGTATG-1,OTI,5,143
GCTCAACAGAAAGGTC-1,OTI,3,46
GCTCAACAGATCTTCC-1,OTI,2,10
GCTCAACAGATGCGAG-1,C57BL6,3,61
GCTCAACAGATTAACC-1,OTI,1,60
GCTCAACAGCGATTTG-1,OTI,2,370
GCTCAACAGGTATCCA-1,OTI,3,35
GCTCAATCAGTGGCAG-1,OTI,1,5
GCTCAATCAGTTGGGG-1,OTI,3,1072
GCTCACGAGCACCTAA-1,C57BL6,1,3
GCTCACGAGCACTCAA-1,OTI,2,152
GCTCACGAGCATTCGA-1,C57BL6,0,0
GCTCACGAGGCGTCAT-1,OTI,2,13
GCTCAGTAGAATGCCC-1,OTI,6,25
GCTCAGTAGCAACGAG-1,OTI,2,180
GCTCAGTAGCAGCCAT-1,OTI,4,32
GCTCAGTAGCGGCTTG-1,C57BL6,0,0
GCTCAGTAGGCCTGAT-1,C57BL6,0,0
GCTCATAAGAGGTTAA-1,OTI,6,279
GCTCATAAGATTACAC-1,C57BL6,0,0
GCTCATAAGCGCCTAG-1,OTI,1,6
GCTCATAAGGTCATCA-1,OTI,0,0
GCTCATTTCATACCCT-1,OTI,3,173
GCTCATTTCCATTGCT-1,OTI,2,33
GCTCATTTCCCTAGTT-1,OTI,4,32
GCTCATTTCCGTTCGC-1,C57BL6,0,0
GCTCATTTCGGGTTCG-1,OTI,0,0
GCTCATTTCGTCGAAC-1,OTI,1,10
GCTCCAACAAATATTC-1,OTI,3,41
GCTCCAACAAGGACCG-1,OTI,0,0
GCTCCAACAGCTGTAT-1,OTI,7,144
GCTCCAACAGGAGTTA-1,OTI,3,84
GCTCCACTCATTGTAA-1,OTI,1,93
GCTCCACTCCTTGTGT-1,OTI,1,9
GCTCCACTCGGCCCTT-1,OTI,4,212
GCTCCGCGTATCAGTA-1,OTI,2,210
GCTCCGCGTGTCGTAG-1,OTI,4,107
GCTCCGTTCAAAGCAA-1,C57BL6,0,0
GCTCCGTTCACAGTTG-1,OTI,4,206
GCTCCGTTCACTATAA-1,OTI,1,32
GCTCCGTTCACTCACT-1,C57BL6,0,0
GCTCCGTTCAGAGAAC-1,OTI,1,75
GCTCCGTTCGTGTCAA-1,OTI,1,60
GCTCCTATCACATTCC-1,OTI,4,157
GCTCCTATCATGGGTC-1,OTI,3,162
GCTCCTATCATTCATT-1,OTI,4,244
GCTCCTATCCAATTAA-1,OTI,0,0
GCTCCTATCCCAGAAC-1,OTI,1,16
GCTCCTATCCCTGCAC-1,OTI,3,106
GCTCCTATCCTAATCC-1,C57BL6,0,0
GCTCCTATCCTGATTC-1,OTI,5,131
GCTCCTATCGCCTCTA-1,OTI,3,59
GCTCCTATCGGCTAAC-1,C57BL6,1,6
GCTCCTGGTAACAGAG-1,OTI,3,87
GCTCCTGGTCATACAA-1,OTI,3,141
GCTCCTGGTCGCTATC-1,C57BL6,0,0
GCTCCTGGTGCCTTCG-1,C57BL6,3,5
GCTCCTGGTGTAAGGA-1,OTI,2,127
GCTCCTGGTGTGGCGT-1,OTI,2,199
GCTCGATAGCGTGTCG-1,OTI,3,50
GCTCGATAGCGTTAAT-1,C57BL6,2,13
GCTCGATAGCTACACA-1,OTI,1,26
GCTCGATAGCTGCATA-1,C57BL6,6,87
GCTCGATAGGGGATAT-1,C57BL6,2,10
GCTCGCTTCACGACTA-1,OTI,5,110
GCTCGCTTCATCCTAC-1,C57BL6,1,29
GCTCGCTTCATTGTAA-1,OTI,2,24
GCTCGCTTCCCGCGTT-1,OTI,0,0
GCTCGCTTCCCTGACC-1,OTI,1,513
GCTCGCTTCCTTGTGT-1,C57BL6,0,0
GCTCGCTTCGCCCTTA-1,OTI,5,203
GCTCGGGGTACCATCC-1,OTI,4,347
GCTCGGGGTATCTCTG-1,OTI,1,53
GCTCGGGGTATGCCTC-1,C57BL6,1,1
GCTCGGGGTCGACTTC-1,C57BL6,0,0
GCTCGGGGTCGAGGGA-1,OTI,3,339
GCTCGGGGTCTATGTT-1,OTI,7,377
GCTCGGGGTCTTCTAG-1,OTI,3,5
GCTCGGGGTGCGCGAT-1,C57BL6,1,6
GCTCGGTCAAACCATC-1,C57BL6,1,5
GCTCGGTCAACGTTTA-1,OTI,3,13
GCTCGGTCAAGCTGAA-1,C57BL6,0,0
GCTCGGTCACCTCTCG-1,OTI,3,299
GCTCGGTCACGGGTCT-1,C57BL6,0,0
GCTCGGTCAGCGGTCT-1,C57BL6,0,0
GCTCGTGAGAAGGCAT-1,OTI,5,108
GCTCGTGAGAGGCGAC-1,C57BL6,0,0
GCTCGTGAGATTGTGT-1,OTI,1,4
GCTCGTGAGGGGTATG-1,OTI,1,30
GCTCGTTGTAGCCTCT-1,OTI,4,389
GCTCGTTGTCGCGTAA-1,OTI,5,417
GCTCGTTGTCGTGTCT-1,C57BL6,2,27
GCTCGTTGTCTGTTAT-1,OTI,0,0
GCTCTAAAGACATGTT-1,OTI,4,96
GCTCTAAAGACCTATG-1,OTI,2,29
GCTCTAAAGAGTTTCG-1,OTI,3,50
GCTCTAAAGCATGTAT-1,C57BL6,1,3
GCTCTAAAGGCTGGAA-1,OTI,4,107
GCTCTAAAGGCTTCCC-1,OTI,2,17
GCTCTAAAGGTTCGAC-1,OTI,5,52
GCTCTAGCAATAGCAG-1,OTI,2,69
GCTCTAGCACCTCTTA-1,OTI,5,240
GCTCTAGCACGTACAT-1,OTI,1,47
GCTCTAGCACTGATTA-1,C57BL6,1,17
GCTCTAGCACTTAAAT-1,OTI,0,0
GCTCTAGCACTTCGTC-1,OTI,2,27
GCTCTAGCAGCTCCAA-1,C57BL6,1,7
GCTCTAGCAGGATCAA-1,C57BL6,1,5
GCTCTATTCAACGTTG-1,OTI,2,23
GCTCTATTCACACATG-1,C57BL6,0,0
GCTCTATTCAGAGTAA-1,OTI,2,19
GCTCTATTCATTACTT-1,OTI,4,88
GCTCTATTCCACTTCG-1,OTI,9,132
GCTCTATTCCCAATTC-1,OTI,4,30
GCTCTATTCCCACATT-1,OTI,2,349
GCTCTATTCGGGCATT-1,C57BL6,2,32
GCTCTATTCGTATGTG-1,C57BL6,1,12
GCTCTCATCAGGCTTA-1,OTI,1,20
GCTCTCATCATGCAGC-1,C57BL6,0,0
GCTCTCATCCAGCTAA-1,C57BL6,0,0
GCTCTCATCCGGAAAG-1,OTI,0,0
GCTCTGTGTATTACCT-1,OTI,3,46
GCTCTGTGTCACATGG-1,C57BL6,0,0
GCTCTGTGTCAGGGTC-1,OTI,0,0
GCTCTGTGTCGATTGG-1,C57BL6,0,0
GCTCTGTGTGGGATAA-1,OTI,0,0
GCTCTGTGTGGGGTCT-1,C57BL6,0,0
GCTCTTAGTAGAGGTA-1,C57BL6,0,0
GCTCTTAGTATGCGGC-1,OTI,4,62
GCTCTTAGTGGACGCT-1,OTI,0,0
GCTCTTAGTGGATTTA-1,OTI,12,167
GCTGACCCAAACGTTC-1,C57BL6,6,315
GCTGACCCAAAGTTCC-1,OTI,3,38
GCTGACCCAAATTGCC-1,OTI,8,688
GCTGACCCAACACTAC-1,OTI,4,90
GCTGACCCAGCTTCAG-1,C57BL6,0,0
GCTGACCCAGGATTTC-1,OTI,5,96
GCTGACCCAGGGCAAT-1,OTI,1,11
GCTGAGTTCAAAGCAA-1,OTI,2,19
GCTGAGTTCACAACCA-1,C57BL6,1,1
GCTGAGTTCATAAGCT-1,OTI,4,38
GCTGAGTTCATCCTTA-1,OTI,1,3
GCTGAGTTCCACCCAC-1,OTI,1,30
GCTGAGTTCCAGCAAC-1,OTI,3,208
GCTGAGTTCCGATGTA-1,OTI,2,8
GCTGAGTTCGCGTCAG-1,C57BL6,0,0
GCTGAGTTCGGCGTAT-1,OTI,6,199
GCTGCCCGTAAGTAGG-1,OTI,3,72
GCTGCCCGTACTATAG-1,OTI,3,56
GCTGCCCGTCCGACAA-1,OTI,3,205
GCTGCCCGTCGCGTAA-1,OTI,2,13
GCTGCCCGTCGTAGTG-1,OTI,3,42
GCTGCCCGTCTACTAT-1,C57BL6,0,0
GCTGGAAAGAGGACGC-1,OTI,0,0
GCTGGAAAGATCACAT-1,OTI,0,0
GCTGGAAAGCAGCGTT-1,OTI,0,0
GCTGGAAAGCGCTGTG-1,C57BL6,1,3
GCTGGAAAGCTGACGT-1,OTI,0,0
GCTGGAAAGGGCGGAT-1,OTI,3,29
GCTGGAAAGGTCGAAG-1,C57BL6,0,0
GCTGGCATCAGAATAG-1,OTI,7,304
GCTGGCATCCAGCTCC-1,OTI,3,143
GCTGGCATCCTCCAAT-1,OTI,4,40
GCTGGCATCGCAACTA-1,C57BL6,1,3
GCTGGCATCGGTGGTT-1,C57BL6,0,0
GCTGGCATCGTCCGCT-1,OTI,8,329
GCTGGGTGTAACTCCC-1,C57BL6,3,51
GCTGGGTGTATGCCTC-1,OTI,0,0
GCTGGGTGTCAAACGT-1,OTI,0,0
GCTGGGTGTCCAGATG-1,OTI,2,22
GCTGGGTGTCCAGCTT-1,OTI,4,245
GCTGGGTGTCCGAAAT-1,C57BL6,0,0
GCTGGGTGTCCTGTAC-1,OTI,2,26
GCTGGGTGTCGCTTCG-1,OTI,1,16
GCTGGGTGTCGTGAGC-1,C57BL6,0,0
GCTGGGTGTCTTGATT-1,C57BL6,0,0
GCTGGGTGTGCCTGCC-1,OTI,3,21
GCTGGGTGTGGATGGG-1,OTI,3,88
GCTGGGTGTGGTGATT-1,OTI,6,116
GCTGGTTAGACTCAGC-1,OTI,5,147
GCTGGTTAGCATGGAG-1,OTI,6,343
GCTGGTTAGCCTTAAG-1,C57BL6,1,6
GCTGGTTAGCTAAGCC-1,OTI,3,47
GCTGGTTAGGGAGTTG-1,C57BL6,2,5
GCTGGTTAGGGGACGT-1,C57BL6,0,0
GCTGTAATCAACCCAA-1,C57BL6,0,0
GCTGTAATCACGCATA-1,OTI,4,95
GCTGTAATCAGACATT-1,OTI,0,0
GCTGTAATCATCTCTA-1,OTI,2,59
GCTGTAATCCAGTCCC-1,C57BL6,1,5
GCTGTAATCCCTTGTG-1,OTI,6,64
GCTGTAATCGCATACA-1,OTI,10,567
GCTGTAATCGGTCAAC-1,C57BL6,0,0
GCTGTATCAAAGCCAA-1,C57BL6,2,19
GCTGTATCAACAGCGG-1,OTI,2,65
GCTGTATCAATAGCCT-1,OTI,8,300
GCTGTATCAATGTGTC-1,C57BL6,0,0
GCTGTATCACGACACC-1,C57BL6,1,47
GCTGTATCACTCATAA-1,OTI,1,6
GCTGTATCACTGAAAG-1,C57BL6,0,0
GCTGTATCAGCACACC-1,OTI,2,135
GCTGTCGAGACAACCC-1,OTI,2,22
GCTGTCTGTAGCAATC-1,OTI,1,4
GCTGTCTGTATGAGCT-1,C57BL6,0,0
GCTGTCTGTATTCGTT-1,OTI,5,239
GCTGTCTGTCGAAGGG-1,OTI,1,9
GCTGTCTGTCTATTGT-1,OTI,1,12
GCTGTGGTCAACGGCT-1,OTI,8,86
GCTGTGGTCAAGCATT-1,C57BL6,0,0
GCTGTGGTCCAAGTAT-1,OTI,0,0
GCTGTGGTCCCATCCA-1,OTI,2,169
GCTGTGGTCCCGGTTC-1,OTI,2,11
GCTGTGGTCGGTTAGC-1,C57BL6,0,0
GCTGTGGTCGTTATAA-1,OTI,1,4
GCTGTTAAGAACAGGT-1,OTI,6,281
GCTGTTAAGCAATCCA-1,C57BL6,0,0
GCTGTTAAGCCTAAGC-1,OTI,2,147
GCTGTTAAGCGCAGTT-1,OTI,2,19
GCTGTTAAGGTAACCC-1,OTI,3,9
GCTGTTAAGGTCTGTA-1,C57BL6,0,0
GCTGTTAAGGTGAGTG-1,OTI,4,54
GCTTAAGTCCAAGCGT-1,OTI,2,7
GCTTAAGTCCCACTAT-1,OTI,3,56
GCTTAAGTCCCTACGC-1,C57BL6,1,64
GCTTAATAGAAGCGTG-1,OTI,1,1
GCTTAATAGATAACGA-1,C57BL6,0,0
GCTTAATAGATTGTGT-1,OTI,3,56
GCTTAATAGCACCCGA-1,OTI,3,92
GCTTAATAGCGGCATT-1,C57BL6,1,17
GCTTAATAGCTCCTCA-1,C57BL6,1,1
GCTTAATAGGTATGTT-1,C57BL6,2,8
GCTTACAAGAACAGGT-1,OTI,2,85
GCTTACAAGACCCCGA-1,OTI,0,0
GCTTACAAGCAAAGCG-1,OTI,3,39
GCTTACAAGCCATGGT-1,OTI,1,3
GCTTACAAGCGCATCG-1,OTI,3,4
GCTTACAAGCTAATCG-1,C57BL6,1,6
GCTTACAAGGGAATTA-1,OTI,4,64
GCTTACAAGGGTTCGT-1,OTI,1,14
GCTTACGCAAAACGGC-1,C57BL6,0,0
GCTTACGCAAAAGCAT-1,OTI,2,138
GCTTACGCAAGGACCG-1,C57BL6,7,8
GCTTACGCACAATCCG-1,OTI,2,28
GCTTACGCACATGCGC-1,OTI,2,12
GCTTACGCACTGACCA-1,OTI,4,57
GCTTACGCAGCCCTAA-1,C57BL6,0,0
GCTTACGCAGTGACCC-1,OTI,0,0
GCTTACGCAGTGTCGC-1,OTI,3,36
GCTTACTTCAAACTAC-1,OTI,4,25
GCTTACTTCAATCCCT-1,OTI,8,109
GCTTACTTCAGTGAAA-1,OTI,2,4
GCTTACTTCCGCTCTA-1,C57BL6,0,0
GCTTACTTCGGCTTAA-1,C57BL6,0,0
GCTTAGGGTAAGGTAG-1,OTI,3,182
GCTTAGGGTAAGTTGC-1,C57BL6,0,0
GCTTAGGGTACTTGCC-1,OTI,0,0
GCTTAGGGTATATCCT-1,C57BL6,0,0
GCTTAGGGTATCCTGC-1,OTI,0,0
GCTTAGGGTATTGTAG-1,C57BL6,0,0
GCTTAGGGTCGCCGTC-1,C57BL6,0,0
GCTTAGGGTGGCGAGA-1,OTI,1,150
GCTTAGTCAATATCTG-1,C57BL6,1,467
GCTTAGTCACATCTCC-1,C57BL6,2,15
GCTTAGTCACATGCCA-1,OTI,6,100
GCTTAGTCACCCTAAG-1,C57BL6,0,0
GCTTAGTCACTTCGTC-1,C57BL6,0,0
GCTTAGTCAGCTTCGA-1,OTI,8,172
GCTTAGTCAGGTTCAT-1,C57BL6,0,0
GCTTATACAAGGGGAA-1,OTI,3,18
GCTTATACAATCTGAC-1,OTI,4,112
GCTTATACACACTACG-1,OTI,2,2
GCTTATACACCAAGCC-1,C57BL6,0,0
GCTTATACACGCAGGA-1,OTI,1,31
GCTTATACACGCTTTC-1,C57BL6,0,0
GCTTATACACTGCACA-1,OTI,2,180
GCTTATACAGGAAAGG-1,C57BL6,1,10
GCTTATCTCACTCGCC-1,OTI,5,73
GCTTATCTCACTCTGT-1,C57BL6,0,0
GCTTATCTCAGACATT-1,OTI,0,0
GCTTATCTCGCACTCC-1,C57BL6,2,14
GCTTATCTCGGCTTAA-1,C57BL6,2,11
GCTTATCTCGTATAGT-1,OTI,1,3
GCTTATGAGAACGAAC-1,OTI,1,17
GCTTATGAGAACGTAA-1,C57BL6,0,0
GCTTATGAGACCCCGA-1,OTI,1,9
GCTTATGAGAGAATTG-1,OTI,7,261
GCTTATGAGAGTCAGG-1,C57BL6,0,0
GCTTATGAGAGTCCCG-1,C57BL6,1,3
GCTTATGAGCGGTCCA-1,OTI,4,45
GCTTATGAGCTCAGTA-1,OTI,3,57
GCTTATGAGGCTCGAT-1,OTI,2,14
GCTTATGAGGCTGGAA-1,OTI,3,72
GCTTCAAAGATAATCC-1,C57BL6,0,0
GCTTCAAAGGCCCTGA-1,OTI,3,75
GCTTCAGCAAACTCCG-1,C57BL6,1,2
GCTTCAGCAAATCCCG-1,OTI,1,2
GCTTCAGCAAGTGTTC-1,OTI,2,6
GCTTCAGCAATAGGGC-1,OTI,1,37
GCTTCAGCAGCATCGC-1,C57BL6,0,0
GCTTCAGCAGGAACTA-1,OTI,0,0
GCTTCAGCAGTAGGCG-1,C57BL6,0,0
GCTTCAGCAGTGAAAT-1,C57BL6,0,0
GCTTCAGCAGTGCTCA-1,OTI,5,6
GCTTCAGCAGTTCAGT-1,OTI,3,29
GCTTCATTCACACCTT-1,C57BL6,1,6
GCTTCATTCATAATTG-1,C57BL6,0,0
GCTTCATTCATGGCGT-1,OTI,0,0
GCTTCATTCATTACTT-1,OTI,1,172
GCTTCATTCCTGCATT-1,C57BL6,0,0
GCTTCATTCGTATTAA-1,OTI,4,125
GCTTCCATCAGCCAAC-1,OTI,0,0
GCTTCCATCCGAATTG-1,OTI,4,44
GCTTCCCAGAGACTTT-1,OTI,5,134
GCTTCCCAGATCAGGG-1,OTI,3,10
GCTTCCCAGCACAGGA-1,OTI,0,0
GCTTCCCAGCCTTATC-1,OTI,3,13
GCTTCCCAGCGTAGAG-1,C57BL6,5,6
GCTTCCCAGGCGGTTT-1,C57BL6,1,3
GCTTCCGGTACAGTTA-1,OTI,0,0
GCTTCCGGTCACGCTT-1,OTI,2,124
GCTTCCGGTCCCTAGT-1,OTI,4,98
GCTTCCGGTGGGGTTC-1,OTI,1,11
GCTTCCGGTGTCTCCG-1,OTI,1,47
GCTTCGACAAATCTAT-1,OTI,2,10
GCTTCGACACCTATAA-1,OTI,0,0
GCTTCGACACTTATCT-1,OTI,0,0
GCTTCGCTCACTCGGG-1,C57BL6,0,0
GCTTCGCTCGCGCGTA-1,C57BL6,1,2
GCTTCGCTCGTTCATC-1,OTI,1,25
GCTTCGGAGATTCAGT-1,C57BL6,0,0
GCTTCGGAGCACTATG-1,C57BL6,0,0
GCTTCGGAGGTCCACG-1,OTI,1,9
GCTTCGTGTCAATGTA-1,OTI,1,14
GCTTCGTGTCCTAGTC-1,OTI,2,39
GCTTCGTGTCTAACGG-1,OTI,3,179
GCTTCGTGTCTCTAGC-1,C57BL6,0,0
GCTTCGTGTGCCACTT-1,OTI,7,110
GCTTCGTGTGGCGAGA-1,C57BL6,0,0
GCTTCTAGTAGGTTGT-1,OTI,0,0
GCTTCTAGTATTCAGA-1,OTI,2,33
GCTTCTAGTCAAGGCC-1,OTI,2,24
GCTTCTAGTCGAAGTT-1,OTI,0,0
GCTTCTGTCACAATTA-1,OTI,0,0
GCTTCTGTCACCCTGC-1,OTI,2,6
GCTTCTGTCATTGTCC-1,OTI,0,0
GCTTCTGTCCAATGTG-1,OTI,0,0
GCTTCTGTCCCAACTT-1,C57BL6,3,16
GCTTGACAGAATGACA-1,C57BL6,0,0
GCTTGACAGAATGCAA-1,OTI,4,253
GCTTGACAGATCGTTG-1,C57BL6,0,0
GCTTGACAGCACTGTA-1,OTI,2,53
GCTTGACAGCTGTAAT-1,OTI,0,0
GCTTGACAGGCTATTG-1,C57BL6,0,0
GCTTGCGAGAACGACG-1,OTI,1,15
GCTTGCGAGAGAGAGA-1,C57BL6,0,0
GCTTGCGAGAGCAGCA-1,OTI,4,570
GCTTGCGAGAGGACAT-1,OTI,5,118
GCTTGCGAGCTACTTC-1,OTI,1,5
GCTTGCTGTATGTTGA-1,OTI,6,363
GCTTGCTGTCACGCCC-1,C57BL6,0,0
GCTTGCTGTCCTACGT-1,OTI,5,131
GCTTGCTGTCCTGATC-1,OTI,2,41
GCTTGCTGTGCGGTTA-1,OTI,3,49
GCTTGCTGTGGCTGTA-1,OTI,2,117
GCTTGCTGTGGGCAAG-1,OTI,3,22
GCTTGCTGTGTTATAG-1,OTI,1,123
GCTTGGAGTACCCCAT-1,C57BL6,1,7
GCTTGGAGTACCTCCG-1,C57BL6,0,0
GCTTGGAGTCACCCAT-1,OTI,5,219
GCTTGGAGTCGACCCC-1,OTI,2,101
GCTTGGAGTCTGTCCG-1,OTI,6,320
GCTTGTAAGAACGTGG-1,C57BL6,0,0
GCTTGTAAGAACGTTT-1,OTI,1,237
GCTTGTAAGACTATGT-1,OTI,12,327
GCTTGTAAGCGTCTAA-1,OTI,0,0
GCTTGTAAGCGTTCCC-1,C57BL6,1,7
GCTTGTAAGGCCATAC-1,OTI,0,0
GCTTGTCGTAACGCAT-1,OTI,2,49
GCTTGTCGTATGCGGC-1,OTI,1,25
GCTTGTCGTCGTAGTG-1,OTI,3,301
GCTTGTCGTCTAACTT-1,OTI,3,77
GCTTGTCGTGCAATGT-1,OTI,2,199
GCTTGTCGTGGCTTAG-1,OTI,3,48
GCTTGTCGTGGGTCTA-1,OTI,0,0
GCTTGTCGTGTCCCGC-1,OTI,3,64
GCTTTAACAACCAGAA-1,OTI,1,24
GCTTTAACAACCCATG-1,OTI,9,603
GCTTTAACAACGTAAG-1,OTI,3,40
GCTTTAACACCTAGGC-1,OTI,2,17
GCTTTAACACGTCAGC-1,OTI,0,0
GCTTTAACACTCGCAA-1,OTI,0,0
GCTTTACTCATAACAC-1,OTI,1,2
GCTTTACTCCCGAATA-1,OTI,5,142
GCTTTACTCCTATGTC-1,OTI,6,85
GCTTTAGAGAGAGGTT-1,C57BL6,1,1
GCTTTAGAGATGCGGA-1,OTI,3,87
GCTTTAGAGATGGAGT-1,OTI,6,255
GCTTTAGAGATTCAGT-1,C57BL6,0,0
GCTTTAGAGCCCATTT-1,OTI,4,44
GCTTTAGAGCGTAATT-1,OTI,11,357
GCTTTAGAGCGTAGCT-1,OTI,3,22
GCTTTCAGTAGCAATC-1,OTI,3,4
GCTTTCAGTAGGGGAT-1,OTI,6,56
GCTTTCAGTCACTAGG-1,OTI,3,78
GCTTTCAGTCGAAGGG-1,OTI,2,174
GCTTTCAGTCGCTTCG-1,OTI,2,2
GCTTTCAGTCTCGCCA-1,OTI,1,12
GCTTTCAGTGCTATGG-1,OTI,0,0
GCTTTCAGTGGCTTTC-1,C57BL6,2,13
GCTTTCAGTGTGTAGT-1,OTI,6,71
GCTTTCGTCACAGACC-1,OTI,5,159
GCTTTCGTCACTCGGG-1,OTI,2,20
GCTTTCGTCACTCTCG-1,OTI,14,297
GCTTTCGTCCATATGG-1,OTI,0,0
GCTTTCGTCCATTCAC-1,OTI,5,123
GCTTTCGTCCGCATAA-1,OTI,8,74
GCTTTCGTCCTGTATC-1,C57BL6,1,77
GCTTTCGTCGCGCATG-1,OTI,4,205
GCTTTCGTCGGAAACG-1,C57BL6,0,0
GCTTTGAAGACAATTC-1,OTI,0,0
GCTTTGAAGAGGGGCT-1,OTI,2,16
GCTTTGAAGAGTAATG-1,OTI,1,7
GCTTTGAAGCGAAGCA-1,OTI,3,25
GCTTTGAAGCGGTCCA-1,OTI,3,67
GGAAACCCAAGGTTAG-1,C57BL6,1,9
GGAAACCCAATCGACT-1,OTI,1,1
GGAAACCCACAATCCG-1,OTI,0,0
GGAAACCCAGTGAGGT-1,OTI,0,0
GGAAACGTCCGGACCA-1,C57BL6,0,0
GGAAACTAGAAGTGTA-1,OTI,2,1283
GGAAACTAGACGCCAT-1,OTI,1,2
GGAAACTAGAGTTAAG-1,OTI,3,35
GGAAACTAGCAGCGAA-1,OTI,2,40
GGAAACTAGCCAGAGA-1,OTI,0,0
GGAAAGCGTACATATG-1,OTI,1,2
GGAAAGCGTAGAGATG-1,OTI,4,122
GGAAAGCGTAGGCCGT-1,OTI,6,48
GGAAAGCGTATACTTC-1,OTI,2,105
GGAAAGCGTGTCGCGG-1,OTI,1,11
GGAAAGCGTGTGCCGG-1,OTI,5,162
GGAAAGGCAATAACTT-1,OTI,1,9
GGAAAGGCACAGGTAA-1,OTI,6,41
GGAAAGGCACTAGCGC-1,OTI,3,27
GGAAAGGCACTGTACG-1,OTI,1,19
GGAAAGTTCCCTGATT-1,OTI,1,9
GGAAAGTTCCGGCAAT-1,C57BL6,0,0
GGAAAGTTCGCGTATA-1,OTI,1,3
GGAAATCAGAATTGAG-1,OTI,8,137
GGAAATCAGAGGTACG-1,OTI,4,35
GGAAATCAGCATGCCG-1,OTI,6,112
GGAAATCAGCTACACA-1,C57BL6,1,8
GGAAATCAGGTAGAGT-1,OTI,0,0
GGAAATGGTAAGTCCG-1,C57BL6,5,10
GGAAATGGTATGCGAT-1,OTI,1,46
GGAAATGGTATGCTGG-1,OTI,4,160
GGAAATGGTCCAGTGA-1,C57BL6,5,5
GGAAATGGTCCCTGTG-1,OTI,1,25
GGAAATGGTCGCGTCC-1,OTI,4,66
GGAAATGGTCGGAATT-1,OTI,1,6
GGAAATGGTGCTAGTG-1,C57BL6,1,2
GGAAATGGTGGGGCTT-1,OTI,5,117
GGAACCCGTACACTCC-1,OTI,12,616
GGAACCCGTCGTTCGT-1,OTI,5,214
GGAACCCGTGGATTTA-1,C57BL6,2,7
GGAACCCGTGGCTAGC-1,C57BL6,0,0
GGAACCCGTGGTGTAT-1,C57BL6,1,3
GGAACCGCAAATTGGG-1,OTI,5,72
GGAACCGCAAGTGCAA-1,OTI,2,39
GGAACCGCACATTCAA-1,OTI,0,0
GGAACCGCACCTGCAA-1,C57BL6,1,9
GGAACGGGTAAGCATC-1,OTI,6,51
GGAACGGGTAGCTGAT-1,OTI,2,10
GGAACGGGTAGTTGCG-1,OTI,3,45
GGAACGGGTCATTGGG-1,OTI,0,0
GGAACGGGTCGATCAG-1,C57BL6,0,0
GGAACGGGTCTGTTAT-1,OTI,4,9
GGAACGGGTGGCGAAG-1,OTI,4,17
GGAACGGGTGGCGCAT-1,OTI,7,41
GGAACGGGTGGTGATT-1,C57BL6,0,0
GGAACGTCACATGGGG-1,C57BL6,1,38
GGAACGTCACGAAGGT-1,OTI,1,112
GGAACGTCAGTCTGCA-1,C57BL6,0,0
GGAACTACACAGTGGG-1,OTI,0,0
GGAACTACACTCGTTC-1,OTI,5,448
GGAACTACACTGATTA-1,OTI,6,19
GGAACTACAGCATTAC-1,C57BL6,2,10
GGAACTTGTACTACGG-1,OTI,3,517
GGAACTTGTACTATAG-1,OTI,6,203
GGAACTTGTAGACGTT-1,OTI,0,0
GGAACTTGTATGTTGA-1,C57BL6,0,0
GGAACTTGTATTCGGG-1,OTI,4,131
GGAACTTGTCAGTTGG-1,C57BL6,0,0
GGAACTTGTCGAAGGG-1,OTI,0,0
GGAAGCATCAAGTCCA-1,OTI,0,0
GGAAGCATCCAGCCTC-1,OTI,3,68
GGAAGCATCCATATCC-1,C57BL6,0,0
GGAAGCATCCCTTTCC-1,OTI,2,28
GGAAGCATCCGAACAC-1,OTI,2,86
GGAAGCATCCTATACC-1,OTI,0,0
GGAAGCATCGCAAAGG-1,C57BL6,1,6
GGAAGCATCGTAATTA-1,OTI,0,0
GGAAGCCAGAACGTTT-1,OTI,0,0
GGAAGCCAGACATGCC-1,C57BL6,0,0
GGAAGCCAGAGGCCAA-1,OTI,1,4
GGAAGCCAGCGGGGAT-1,OTI,1,10
GGAAGCCAGGCGCTTG-1,OTI,1,6
GGAAGCCAGGTTGATT-1,C57BL6,0,0
GGAAGCTCAAACCAGA-1,OTI,5,195
GGAAGCTCAAGCGCGA-1,OTI,5,175
GGAAGCTCACGTAACT-1,C57BL6,2,11
GGAAGCTCAGGCGTAG-1,OTI,3,248
GGAAGCTCAGTCATCG-1,OTI,1,24
GGAAGGACACAGTCCA-1,C57BL6,0,0
GGAAGGACACCGCATA-1,OTI,1,15
GGAAGGACACTCATAA-1,OTI,2,84
GGAAGGACAGCTGACC-1,OTI,0,0
GGAAGGACAGGACATA-1,OTI,0,0
GGAAGGACAGGGCTAG-1,OTI,4,49
GGAAGTAGTCCACGTT-1,OTI,3,105
GGAAGTAGTCTCGCTG-1,C57BL6,1,3
GGAAGTAGTGCTACCT-1,C57BL6,0,0
GGAAGTAGTGGTAGCC-1,OTI,1,4
GGAAGTAGTGTAGGTT-1,OTI,4,188
GGAATACAGGCCCTGA-1,C57BL6,0,0
GGAATACAGGTTATCG-1,OTI,2,33
GGAATATCAACCCTAG-1,C57BL6,0,0
GGAATATCACGCTCAA-1,OTI,8,149
GGAATATCAGTACGAA-1,C57BL6,0,0
GGAATCACAAAACCAG-1,OTI,4,150
GGAATCACAAAAGCCA-1,C57BL6,0,0
GGAATCACAAAAGGGG-1,OTI,1,4
GGAATCACAGGAAAGG-1,OTI,3,282
GGAATCGAGAGACGCA-1,OTI,4,94
GGAATCGAGCCACATA-1,OTI,1,10
GGAATCGAGCGCATTA-1,C57BL6,0,0
GGAATCGAGGCTTCGG-1,OTI,4,500
GGAATCTGTAGAATGG-1,OTI,2,252
GGAATCTGTAGGCGCT-1,OTI,4,59
GGAATCTGTATGAGGA-1,OTI,4,247
GGAATGAGTAATGTCA-1,OTI,2,2413
GGAATGAGTAATGTTG-1,C57BL6,3,32
GGAATGAGTAGTGCGC-1,OTI,0,0
GGAATGAGTCTAGGTG-1,OTI,2,172
GGAATGAGTGCAGTCA-1,C57BL6,0,0
GGAATGAGTGTTACGG-1,OTI,3,18
GGAATGGTCAGAGTAA-1,OTI,0,0
GGAATGGTCATCAGCA-1,C57BL6,5,6
GGAATGGTCCCACACC-1,OTI,1,6
GGAATGGTCCCCAATT-1,C57BL6,0,0
GGAATGGTCGTAGTGC-1,OTI,5,19
GGAATGGTCGTTACCT-1,C57BL6,0,0
GGAATGTAGACCCGAT-1,OTI,3,27
GGAATGTAGCTGTCGG-1,OTI,1,38
GGAATGTAGGGAATAC-1,C57BL6,1,1
GGAATGTAGGTCGGTT-1,C57BL6,2,43
GGAATTAAGAACACCC-1,OTI,1,75
GGAATTAAGACATGAA-1,C57BL6,0,0
GGAATTAAGACTGCGT-1,C57BL6,0,0
GGAATTAAGATTCGAT-1,C57BL6,1,2
GGAATTAAGCACCTTT-1,OTI,0,0
GGAATTAAGCCGCAAT-1,OTI,0,0
GGAATTAAGCTAAGGG-1,C57BL6,1,11
GGAATTAAGCTGTACA-1,C57BL6,0,0
GGAATTAAGGGAGGTC-1,C57BL6,0,0
GGAATTAAGGTCGTAC-1,C57BL6,0,0
GGAATTAAGGTTGCCG-1,C57BL6,1,10
GGAATTCGTACCACTC-1,OTI,4,24
GGAATTCGTATGGCGC-1,OTI,2,8
GGAATTCGTATTGCGG-1,OTI,4,198
GGAATTCGTCATGGAT-1,OTI,2,9
GGAATTCGTCCATAGG-1,OTI,1,49
GGAATTCGTCGAAGTT-1,OTI,3,31
GGACAACCAAAGTATA-1,OTI,6,129
GGACAACCAACACAGA-1,OTI,2,40
GGACAACCAACTGCAT-1,OTI,3,11
GGACAACCAAGTGTCT-1,OTI,2,42
GGACAACCAATCTGAC-1,OTI,14,2145
GGACAACCACCCTTCG-1,OTI,6,209
GGACAACCAGTCTCGA-1,C57BL6,0,0
GGACAACCAGTGTCGC-1,C57BL6,0,0
GGACAATAGATCGTTG-1,OTI,0,0
GGACAATAGCAAAGGT-1,OTI,0,0
GGACAATAGCATAACT-1,OTI,1,6
GGACAATAGCTAAGGG-1,C57BL6,0,0
GGACAATAGGTTGCGT-1,OTI,1,5
GGACACAAGCATAATC-1,C57BL6,0,0
GGACACAAGGCCATGT-1,C57BL6,0,0
GGACACGCAACACTTA-1,C57BL6,0,0
GGACACGCAACGAGGT-1,C57BL6,1,9
GGACACGCACCGTACA-1,OTI,6,176
GGACACGCACCTCATC-1,OTI,0,0
GGACACGCACTCCACT-1,OTI,4,33
GGACACGCACTTCGTC-1,OTI,3,45
GGACACTTCCATTCGT-1,OTI,2,170
GGACACTTCCCTTCAG-1,C57BL6,1,4
GGACACTTCCGGCATG-1,OTI,2,34
GGACACTTCCTCGTCA-1,OTI,1,20
GGACACTTCGTACAAT-1,OTI,0,0
GGACATACAACTATCA-1,OTI,3,74
GGACATACAATAATTC-1,C57BL6,0,0
GGACATACAATTCGAC-1,OTI,0,0
GGACATACACAACTTA-1,OTI,4,36
GGACATACACAGCAGG-1,OTI,2,11
GGACATACAGCCAACC-1,OTI,0,0
GGACATACAGGCAATA-1,OTI,14,240
GGACATACAGTGAAAT-1,OTI,2,42
GGACATCTCAATATCA-1,C57BL6,2,11
GGACATCTCAGTACTG-1,C57BL6,1,12
GGACATCTCAGTCCTT-1,OTI,3,119
GGACATCTCATCGGGT-1,OTI,3,118
GGACATCTCCCAACTT-1,C57BL6,0,0
GGACATGAGAATTCCG-1,OTI,3,127
GGACATGAGCACAGCT-1,OTI,3,18
GGACATGAGCCGCAAT-1,OTI,1,2
GGACATGAGGTCGCCA-1,OTI,1,7
GGACCCATCACTTTCA-1,OTI,6,288
GGACCCATCATCGACA-1,OTI,4,100
GGACCCATCCGGGATT-1,OTI,3,136
GGACCCATCGCATACA-1,OTI,2,10
GGACCCATCGTCTCGC-1,C57BL6,0,0
GGACCGACAACACTAC-1,OTI,1,49
GGACCGACAACGTCGC-1,OTI,0,0
GGACCGACAACTATCA-1,OTI,1,18
GGACCGACACACAAGA-1,OTI,11,273
GGACCGACACGCATCA-1,OTI,1,3
GGACCGACACGCGTAC-1,C57BL6,3,19
GGACCGACACTAGCGC-1,OTI,4,88
GGACCGACAGGCTTCA-1,C57BL6,1,5
GGACCGTGTAGAGAAT-1,C57BL6,1,1
GGACCGTGTATGTTGA-1,OTI,3,79
GGACCGTGTCAATCGG-1,OTI,7,249
GGACCGTGTGGTGTGC-1,C57BL6,0,0
GGACCTCCAATTAATC-1,OTI,0,0
GGACCTCCACAATAGG-1,OTI,2,4
GGACCTCCACGATGTT-1,OTI,0,0
GGACCTCCACGTTTCC-1,OTI,3,28
GGACCTGTCACTAATA-1,OTI,3,93
GGACCTGTCCCCTATG-1,OTI,1,1
GGACCTGTCCTCTCCT-1,C57BL6,0,0
GGACCTGTCGCACGTG-1,C57BL6,0,0
GGACCTGTCGCGAGTT-1,C57BL6,1,12
GGACGACAGACCCGCA-1,C57BL6,0,0
GGACGACAGCATCTTC-1,OTI,3,206
GGACGACAGCTTAGGC-1,OTI,1,144
GGACGACAGGTATGGG-1,OTI,2,123
GGACGCACAACCAAGA-1,OTI,3,141
GGACGCACAAGGCACG-1,OTI,7,99
GGACGCACAATCGCCA-1,OTI,5,139
GGACGCACACGCACTA-1,OTI,2,15
GGACGCACACTTCTAT-1,C57BL6,0,0
GGACGCACAGCATCAT-1,C57BL6,0,0
GGACGCACAGTTCAGT-1,OTI,5,154
GGACGCTGTACCATGG-1,OTI,3,79
GGACGCTGTCAACTCC-1,OTI,2,207
GGACGCTGTGTGTATA-1,OTI,0,0
GGACGGAGTATGGCGC-1,OTI,2,17
GGACGGAGTATGTACA-1,OTI,4,63
GGACGGAGTCAATCCC-1,OTI,4,106
GGACGGTAGAACCATT-1,OTI,9,109
GGACGGTAGACGCGTT-1,OTI,0,0
GGACGGTAGCACTATG-1,OTI,1,8
GGACGGTAGCCGGTAT-1,OTI,0,0
GGACGGTAGCGAAGTG-1,C57BL6,0,0
GGACGTAAGAACGTAA-1,OTI,1,3
GGACGTAAGAACTGAA-1,OTI,0,0
GGACGTAAGAGAAGCT-1,C57BL6,0,0
GGACGTAAGCGTGAGA-1,C57BL6,0,0
GGACGTAAGGGTAAGT-1,OTI,6,43
GGACGTAAGGTGTCCG-1,OTI,0,0
GGACGTAAGGTTAGGG-1,OTI,5,47
GGACGTAAGGTTAGTT-1,C57BL6,0,0
GGACGTTTCAAATGTC-1,OTI,6,85
GGACGTTTCAGCCAAC-1,OTI,4,214
GGACGTTTCATGTAAC-1,OTI,2,68
GGACGTTTCCATAACG-1,OTI,3,191
GGACGTTTCCGACTAA-1,C57BL6,0,0
GGACGTTTCGTCTTCG-1,OTI,2,21
GGACGTTTCGTGACGT-1,C57BL6,1,7
GGACTAACAATGTGAG-1,C57BL6,0,0
GGACTAACACCACACA-1,OTI,2,11
GGACTACTCAATGTTA-1,OTI,1,5
GGACTACTCACATTGG-1,OTI,5,741
GGACTACTCCCACTCA-1,OTI,3,20
GGACTACTCGCTCTAT-1,OTI,5,767
GGACTACTCGTTGGCG-1,OTI,11,216
GGACTATGTAAGCAAG-1,OTI,5,301
GGACTATGTACTACAA-1,C57BL6,0,0
GGACTATGTAGTAAGG-1,C57BL6,6,12
GGACTATGTGCATAGT-1,C57BL6,2,14
GGACTATGTGGGACCT-1,OTI,0,0
GGACTGAAGAAGTACA-1,OTI,1,10
GGACTGAAGACCTTAG-1,OTI,2,13
GGACTGAAGCCACTTT-1,OTI,3,25
GGACTGAAGCTGTAGC-1,OTI,0,0
GGACTGAAGGGTTCGT-1,OTI,0,0
GGACTGAAGGTAAGCG-1,C57BL6,0,0
GGACTGAAGGTAGAGT-1,C57BL6,0,0
GGACTGAAGGTATATC-1,OTI,3,135
GGACTGCGTAACCCCT-1,OTI,4,33
GGACTGCGTAGCATCG-1,OTI,5,51
GGACTGCGTAGCGCGT-1,C57BL6,1,12
GGACTGCGTATATTGG-1,OTI,2,41
GGACTGCGTCAGGTGC-1,OTI,3,23
GGACTGCGTGGATTCG-1,C57BL6,0,0
GGACTGCGTGGGTGAG-1,C57BL6,0,0
GGACTTATCAGCATTG-1,C57BL6,0,0
GGACTTATCATGAAAG-1,C57BL6,0,0
GGACTTATCCACTCTG-1,OTI,2,46
GGACTTATCCCATCGC-1,OTI,1,31
GGACTTATCCTACTTA-1,OTI,1,7
GGACTTTCAACGTTTA-1,C57BL6,0,0
GGACTTTCACGCACTA-1,OTI,0,0
GGAGAGGAGCAACATT-1,OTI,1,3
GGAGAGGAGCGTAGCT-1,C57BL6,0,0
GGAGAGGAGGCTACCG-1,OTI,0,0
GGAGATTAGCAGCCCA-1,OTI,3,242
GGAGATTAGCGGGGAT-1,OTI,0,0
GGAGATTAGGTCGCCA-1,OTI,0,0
GGAGCAGGTAACTAGC-1,OTI,0,0
GGAGCAGGTCAGGGTC-1,OTI,1,7
GGAGCAGGTCTCTAAT-1,OTI,4,254
GGAGCAGGTGTATCTT-1,OTI,2,150
GGAGCCACAACCCGAC-1,OTI,4,58
GGAGCCACACCGTTAG-1,OTI,1,5
GGAGCCACACTACTCC-1,OTI,1,7
GGAGCCACAGCTCAAT-1,OTI,7,435
GGAGCCACAGCTGTAT-1,C57BL6,1,1
GGAGCCTGTAGCGCGT-1,C57BL6,1,3
GGAGCCTGTAGGAGTA-1,OTI,9,84
GGAGCCTGTCCGTCTG-1,C57BL6,0,0
GGAGCCTGTCCTCATA-1,OTI,3,56
GGAGCCTGTGGGTTGC-1,C57BL6,2,9
GGAGCCTGTGTAAGTC-1,C57BL6,0,0
GGAGCGAGTATGTCGG-1,OTI,2,54
GGAGCGAGTCACCGGG-1,OTI,3,62
GGAGCGAGTCTATCGC-1,OTI,1,7
GGAGCGAGTGGACTAT-1,OTI,0,0
GGAGCGAGTGTCATGG-1,OTI,3,46
GGAGCGAGTGTCTTAT-1,OTI,8,79
GGAGCGTAGACGCGAA-1,OTI,4,33
GGAGCGTAGAGGTTGG-1,OTI,0,0
GGAGCGTAGAGTCAGG-1,OTI,0,0
GGAGCGTAGATCGTAT-1,C57BL6,6,93
GGAGCGTAGCGACAGA-1,OTI,2,11
GGAGCGTAGCTGGTTA-1,C57BL6,0,0
GGAGCGTAGGTGTTAT-1,C57BL6,0,0
GGAGCTAAGAGTATTC-1,OTI,0,0
GGAGCTAAGAGTCCCG-1,OTI,1,12
GGAGCTAAGATCCTAG-1,OTI,0,0
GGAGCTAAGCGGATAG-1,C57BL6,1,3
GGAGCTAAGCGGATTC-1,OTI,1,288
GGAGCTAAGCGGCCTA-1,OTI,4,272
GGAGCTAAGCTATTGG-1,OTI,1,16
GGAGCTCGTAGTCAGT-1,C57BL6,0,0
GGAGCTCGTATCCGGA-1,C57BL6,0,0
GGAGCTCGTATCGCTC-1,OTI,1,10
GGAGCTCGTCTCGCAT-1,OTI,5,71
GGAGCTCGTCTGTGGA-1,OTI,2,5
GGAGCTCGTGGCTTGA-1,OTI,7,79
GGAGCTCGTGTAAAGG-1,C57BL6,0,0
GGAGCTCGTGTGTAGT-1,OTI,1,137
GGAGCTTTCAATCTCC-1,OTI,11,56
GGAGCTTTCACGAGCT-1,OTI,1,54
GGAGCTTTCAGTTTCC-1,OTI,6,75
GGAGCTTTCCGCTTCA-1,OTI,5,62
GGAGCTTTCGTGCAAC-1,C57BL6,0,0
GGAGGTATCACCACAA-1,OTI,0,0
GGAGGTATCAGTACGC-1,OTI,1,5
GGAGGTATCCGGAAAG-1,C57BL6,1,3
GGAGGTATCCTCATTA-1,OTI,2,7
GGAGGTCAGAGGACCA-1,OTI,1,5
GGAGGTCAGCCATAGC-1,OTI,11,292
GGAGGTCAGCCGATTA-1,OTI,3,6
GGAGGTCAGCGGTTTA-1,C57BL6,0,0
GGAGGTCAGGTATGTT-1,OTI,1,11
GGAGTAAGTAAACCGT-1,C57BL6,0,0
GGAGTAAGTAAGGTAG-1,OTI,9,110
GGAGTAAGTAAGTCTA-1,C57BL6,1,7
GGAGTAAGTATCATGA-1,OTI,0,0
GGAGTAAGTATGCGAT-1,C57BL6,0,0
GGAGTAAGTATTATCC-1,OTI,1,47
GGAGTAAGTGTCTTCA-1,OTI,11,116
GGAGTATAGAGGGGTC-1,OTI,5,70
GGAGTATAGCCCTAGG-1,OTI,3,37
GGAGTATAGCTAAATC-1,OTI,2,6
GGAGTCGCAAAATCAA-1,C57BL6,2,5
GGAGTCGCAAACTAGG-1,OTI,21,473
GGAGTCGCAACCCGTA-1,OTI,3,27
GGAGTCGCAACCTATA-1,OTI,3,25
GGAGTCGCAATGTGAG-1,OTI,2,128
GGAGTCGCACAATGGA-1,C57BL6,1,10
GGAGTCGCACATACCG-1,OTI,2,241
GGAGTCGCACATAGAG-1,OTI,6,57
GGAGTCGCACGATTAC-1,OTI,2,163
GGAGTCGCAGGAAGCT-1,C57BL6,1,3
GGAGTCTTCATCGCCC-1,OTI,0,0
GGAGTCTTCCGATACA-1,OTI,2,69
GGAGTCTTCGCTAATG-1,C57BL6,0,0
GGAGTCTTCGTGGCCA-1,C57BL6,0,0
GGAGTGGGTACAAGTC-1,OTI,4,242
GGAGTGGGTCCGCTAT-1,OTI,4,97
GGAGTGGGTCCTATTG-1,OTI,3,68
GGAGTGGGTCGGTTCT-1,OTI,6,397
GGAGTTACAACATAGG-1,OTI,3,35
GGAGTTACAATGCGCC-1,OTI,5,242
GGAGTTACAATTACGC-1,C57BL6,0,0
GGAGTTACACACAGAA-1,OTI,1,27
GGAGTTACACGTAATC-1,C57BL6,1,3
GGAGTTACAGGGAGAA-1,C57BL6,1,5
GGAGTTACAGTCGGAG-1,OTI,1,89
GGAGTTGAGAGAGGAA-1,C57BL6,1,152
GGAGTTGAGAGCGGTA-1,OTI,3,59
GGAGTTGAGAGTCTTG-1,C57BL6,0,0
GGAGTTGAGCCACAAC-1,C57BL6,0,0
GGAGTTGAGCTGCAGT-1,OTI,4,132
GGAGTTGAGGGTAAGT-1,OTI,5,78
GGATAAGGTACCTGTC-1,C57BL6,0,0
GGATAAGGTAGGATTC-1,OTI,8,127
GGATAAGGTATGCGAT-1,C57BL6,0,0
GGATAAGGTCGGGGTT-1,OTI,2,29
GGATAAGGTGCGCTGG-1,OTI,5,57
GGATAAGGTGGTAAAG-1,OTI,0,0
GGATAAGGTGTTGTCC-1,OTI,2,21
GGATACCTCAATACGT-1,OTI,3,81
GGATACCTCACGAACC-1,C57BL6,0,0
GGATACCTCCATCGTT-1,OTI,0,0
GGATACCTCGGGTATC-1,C57BL6,0,0
GGATACCTCGTGATAT-1,C57BL6,1,8
GGATACCTCGTGGCCA-1,OTI,3,36
GGATAGCCAATATGTT-1,C57BL6,0,0
GGATAGCCAATCAGTC-1,OTI,3,38
GGATAGCCAATTCATG-1,OTI,4,30
GGATAGCCACATAGCT-1,OTI,1,32
GGATAGCCACGACGGA-1,OTI,2,403
GGATAGCCAGGTAAGC-1,C57BL6,0,0
GGATAGTAGAATATCC-1,OTI,4,33
GGATAGTAGAATGGTA-1,C57BL6,0,0
GGATAGTAGACTTTGG-1,C57BL6,0,0
GGATAGTAGAGCGGAC-1,OTI,1,15
GGATAGTAGATCCTGA-1,OTI,2,20
GGATAGTAGCCACAAC-1,C57BL6,1,4
GGATAGTAGCTACGTA-1,OTI,0,0
GGATAGTAGGGCTAAG-1,OTI,6,164
GGATAGTAGGGGGTAC-1,OTI,1,31
GGATAGTAGGGTACAG-1,OTI,4,37
GGATAGTAGGTAGACG-1,OTI,4,138
GGATAGTAGGTAGGGC-1,OTI,4,50
GGATATCGTAACCCGA-1,OTI,0,0
GGATATCGTAATTTCC-1,OTI,1,345
GGATATCGTACCACTC-1,OTI,4,363
GGATATCGTAGTGTTA-1,C57BL6,0,0
GGATATCGTATGGCCA-1,OTI,6,32
GGATATCGTCATCAGG-1,OTI,0,0
GGATATCGTCTGATAA-1,OTI,1,109
GGATATCGTGGGTCTA-1,OTI,5,35
GGATATCGTGTTCGTC-1,OTI,0,0
GGATCAACAAATACAA-1,OTI,1,1
GGATCAACAAATTGCC-1,OTI,3,122
GGATCAACAACAATGG-1,OTI,1,7
GGATCAACAACGTCGC-1,OTI,0,0
GGATCAACAAGCAAAT-1,OTI,0,0
GGATCAACAAGGCCGA-1,C57BL6,0,0
GGATCAACACCGCTAA-1,OTI,4,16
GGATCAACACTAAGCT-1,OTI,1,2
GGATCAACAGCGTGCT-1,OTI,2,75
GGATCACTCCCACGCT-1,OTI,3,32
GGATCACTCCTCGAAA-1,OTI,0,0
GGATCACTCGCGTAGT-1,OTI,5,120
GGATCACTCGCTTAAG-1,C57BL6,0,0
GGATCACTCGGTAGCT-1,OTI,3,37
GGATCCGTCAAATGTC-1,OTI,2,16
GGATCCGTCAATCTCC-1,OTI,2,33
GGATCCGTCCTTAACC-1,OTI,4,60
GGATCCGTCGCGCCTT-1,OTI,2,36
GGATCCGTCGGGTTAC-1,C57BL6,3,3
GGATCGCGTCAAACGT-1,C57BL6,0,0
GGATCGCGTCTTCTAG-1,OTI,1,355
GGATCGCGTGGGTATT-1,C57BL6,2,4
GGATGACCAACTAAGG-1,OTI,2,150
GGATGACCAAGCGCCT-1,OTI,2,46
GGATGACCAATTAACT-1,OTI,8,237
GGATGACCACGAGTAA-1,OTI,4,86
GGATGATAGAACTTGT-1,C57BL6,1,11
GGATGATAGACCCGCA-1,OTI,3,36
GGATGATAGACTAATC-1,C57BL6,0,0
GGATGATAGAGGTGAT-1,C57BL6,2,48
GGATGATAGATACCAT-1,OTI,3,58
GGATGATAGATGGTTT-1,C57BL6,1,2
GGATGATAGCCACAAC-1,OTI,0,0
GGATGATAGCCGGTAT-1,OTI,3,92
GGATGATAGCTGCGAT-1,C57BL6,0,0
GGATGATAGGCAAGGC-1,OTI,3,7
GGATGATAGGTAGAGT-1,OTI,4,57
GGATGATAGGTCCTCC-1,OTI,8,15
GGATGGGGTCGATGAT-1,OTI,4,109
GGATGGGGTGCTATAA-1,OTI,2,9
GGATGGGGTGGAATGA-1,OTI,6,73
GGATGGGGTGGATAAG-1,OTI,1,53
GGATGGGGTGGCTTAG-1,OTI,3,86
GGATGGGGTGTCTAGG-1,OTI,6,200
GGATGGGGTGTTCGAG-1,OTI,0,0
GGATGTCTCACTTTCA-1,OTI,2,39
GGATGTCTCAGTATGT-1,C57BL6,2,3
GGATGTCTCATTGGCA-1,C57BL6,0,0
GGATGTCTCCGATCGG-1,OTI,3,56
GGATGTCTCCGCCTAC-1,C57BL6,0,0
GGATGTCTCCGTCATT-1,OTI,1,4
GGATGTCTCCTGGGTG-1,C57BL6,0,0
GGATGTTGTCAGTCTC-1,OTI,3,192
GGATGTTGTCATAGGT-1,C57BL6,1,15
GGATGTTGTCATAGTA-1,OTI,0,0
GGATGTTGTCGCTGCC-1,OTI,4,61
GGATGTTGTGCTGTCT-1,C57BL6,0,0
GGATGTTGTGTATAGC-1,OTI,1,12
GGATTAAAGAATACAG-1,C57BL6,0,0
GGATTAAAGAATTCCG-1,OTI,1,4
GGATTAAAGACCTATG-1,C57BL6,1,2
GGATTAAAGCTGCGTG-1,OTI,2,130
GGATTAGCAACAATTT-1,OTI,3,31
GGATTAGCAACGGTCC-1,C57BL6,0,0
GGATTAGCAAGCAGTA-1,C57BL6,2,13
GGATTAGCACGCGTTA-1,C57BL6,0,0
GGATTAGCACGTTATA-1,OTI,2,37
GGATTAGCAGCATTAC-1,C57BL6,0,0
GGATTCGGTCAAACGT-1,OTI,5,43
GGATTCGGTCCACGTT-1,OTI,4,83
GGATTCGGTCCTTGCG-1,OTI,2,90
GGATTCGGTCGACCCC-1,C57BL6,0,0
GGATTCGGTCGTACCT-1,OTI,0,0
GGATTCGGTCGTTCGT-1,OTI,3,83
GGATTGCTCACCAACA-1,OTI,2,11
GGATTGCTCACTATCC-1,OTI,6,1570
GGATTGCTCCCGAAAC-1,OTI,0,0
GGATTGCTCCTCCGGT-1,OTI,2,18
GGATTGCTCGCTCATT-1,OTI,1,1
GGATTGCTCGTAGCTA-1,OTI,3,25
GGATTGCTCGTGGCAT-1,OTI,0,0
GGATTGTGTACTAATG-1,C57BL6,3,3
GGATTGTGTATGTTAG-1,C57BL6,0,0
GGATTGTGTGCCTATC-1,C57BL6,0,0
GGATTGTGTGCCTGCC-1,OTI,4,12
GGATTTAGTACTACGG-1,C57BL6,0,0
GGATTTAGTACTTAAG-1,OTI,5,66
GGATTTAGTAGTACGT-1,C57BL6,1,7
GGATTTAGTAGTTATG-1,C57BL6,1,3
GGATTTAGTCACCCTG-1,OTI,0,0
GGATTTAGTCACGCCC-1,C57BL6,1,6
GGATTTAGTCTTCAAT-1,OTI,0,0
GGATTTAGTGGACGGA-1,OTI,4,47
GGATTTAGTGGCGCTG-1,OTI,3,62
GGATTTAGTGGTACTG-1,OTI,4,124
GGATTTCCAAGAGAGG-1,OTI,2,25
GGATTTCCAAGCGAGT-1,OTI,7,73
GGATTTCCAAGTCCAT-1,OTI,1,116
GGATTTCCAGCAATCT-1,OTI,1,7
GGATTTCCAGCATTTA-1,OTI,2,3
GGATTTCCAGGAACTA-1,C57BL6,0,0
GGATTTCCAGTGTCGC-1,OTI,0,0
GGCAACTTCACAAGCC-1,OTI,5,92
GGCAACTTCAGTGAAA-1,OTI,1,8
GGCAACTTCCCAAAGC-1,OTI,1,10
GGCAACTTCCCAGCTC-1,OTI,4,161
GGCAACTTCCCCTATG-1,OTI,0,0
GGCAACTTCCGAGCAT-1,C57BL6,0,0
GGCAACTTCCGATACA-1,OTI,6,341
GGCAACTTCGGCATTA-1,OTI,4,107
GGCAACTTCGGCTGCA-1,OTI,0,0
GGCAACTTCGTAGCGT-1,OTI,6,27
GGCAAGGGTAGCCCTT-1,OTI,0,0
GGCAAGGGTATATTCC-1,OTI,5,113
GGCAAGGGTCAATATG-1,OTI,3,114
GGCAAGGGTCCAGGGT-1,OTI,1,10
GGCAAGGGTCCGTGTT-1,OTI,6,231
GGCAAGGGTCGGTTTC-1,OTI,3,115
GGCAAGGGTCTCGAAG-1,OTI,0,0
GGCAAGGGTGCCTGCC-1,C57BL6,0,0
GGCAATACAACTGGGG-1,C57BL6,0,0
GGCAATACACACGGTC-1,OTI,3,34
GGCAATACACCAGACC-1,C57BL6,3,9
GGCAATACAGGAGTTA-1,OTI,6,60
GGCAATCTCAACCTCT-1,C57BL6,1,4
GGCAATCTCAGAATAG-1,OTI,1,54
GGCAATCTCAGACTCA-1,OTI,5,598
GGCAATCTCAGTTTGG-1,OTI,1,1
GGCAATCTCATATGTA-1,OTI,1,6
GGCAATCTCCCGCGTT-1,C57BL6,0,0
GGCAATCTCGCATAGC-1,C57BL6,0,0
GGCAATTGTATACCCC-1,OTI,1,14
GGCACGTGTACTTTCG-1,OTI,0,0
GGCACGTGTGGTCTAG-1,OTI,1,30
GGCACGTGTGGTTGTG-1,OTI,3,12
GGCACTCCAACATTAT-1,C57BL6,3,3
GGCACTCCAAGTCCGC-1,C57BL6,0,0
GGCACTCCAATAAGAC-1,C57BL6,0,0
GGCACTCCAATACACC-1,OTI,0,0
GGCACTCCAATCACTA-1,OTI,0,0
GGCACTCCACATAGCT-1,OTI,4,81
GGCACTCCACGACCTA-1,C57BL6,0,0
GGCATAACAACTATAT-1,OTI,3,41
GGCATAACAATGGGCG-1,OTI,0,0
GGCATAACACCGAATT-1,OTI,7,198
GGCATAACAGCCCAAC-1,C57BL6,1,4
GGCATAACAGGGCTTC-1,OTI,0,0
GGCATAACAGTGAAGC-1,OTI,8,232
GGCATAGAGACAGGAT-1,OTI,0,0
GGCATAGAGCGTTCAA-1,OTI,5,128
GGCATAGAGCTTCGTT-1,OTI,0,0
GGCATAGAGGCGATAG-1,C57BL6,0,0
GGCATAGAGGGGATCA-1,OTI,2,36
GGCATAGAGGTTGGTC-1,OTI,4,31
GGCATATGTATACGGT-1,C57BL6,1,1
GGCATATGTATAGCGT-1,OTI,3,117
GGCATATGTATCCGAG-1,OTI,6,148
GGCATATGTCATATTC-1,OTI,3,106
GGCATATGTGGTGTCA-1,C57BL6,0,0
GGCATGAAGATCCCAA-1,OTI,8,241
GGCATGAAGCCATTTC-1,OTI,0,0
GGCATGAAGGTCGAAG-1,OTI,0,0
GGCATGCGTATATTGG-1,OTI,0,0
GGCATGCGTGCGGAGA-1,OTI,3,42
GGCATGCGTGGTCTCT-1,OTI,6,80
GGCATTATCATAGCAT-1,OTI,0,0
GGCATTATCATTCAAA-1,OTI,4,133
GGCATTATCCTCTCGA-1,C57BL6,1,7
GGCATTATCCTGTCAT-1,OTI,10,402
GGCATTATCGCTATCT-1,C57BL6,1,1
GGCATTATCGGACTAC-1,C57BL6,0,0
GGCATTATCGGCCCTT-1,OTI,0,0
GGCATTATCGTATGCA-1,C57BL6,2,7
GGCATTGGTATGTGTA-1,C57BL6,0,0
GGCATTGGTCAGCCCC-1,OTI,5,425
GGCATTGGTCTAGCTC-1,C57BL6,0,0
GGCATTGGTGCCACTT-1,OTI,0,0
GGCATTGGTGGCGAAG-1,OTI,1,13
GGCATTGGTGGCGTGT-1,C57BL6,7,897
GGCATTGGTGTCATGG-1,OTI,2,74
GGCATTGGTGTCGTCT-1,OTI,7,459
GGCATTTCAACAACCT-1,OTI,1,198
GGCATTTCAAGTGCCC-1,OTI,1,16
GGCATTTCAATCACTA-1,OTI,2,38
GGCATTTCAATGCGCC-1,C57BL6,0,0
GGCATTTCACGTAGGG-1,OTI,4,183
GGCATTTCAGCTAACT-1,C57BL6,0,0
GGCCAATTCACCTCCA-1,OTI,5,204
GGCCAATTCACTTGTC-1,OTI,3,25
GGCCAATTCATCCCAT-1,OTI,1,6
GGCCAATTCCCTAACT-1,OTI,6,383
GGCCAATTCGGTAATT-1,C57BL6,1,8
GGCCATGTCAGTACAT-1,OTI,5,66
GGCCATGTCATTACAA-1,C57BL6,0,0
GGCCATGTCCCATAAG-1,C57BL6,1,72
GGCCATGTCCGAACAC-1,OTI,1,8
GGCCATTAGAAACGTA-1,OTI,3,149
GGCCATTAGACTGCGT-1,OTI,2,2
GGCCATTAGAGGTACG-1,C57BL6,0,0
GGCCATTAGCAAAGTA-1,OTI,1,288
GGCCATTAGCAATGCC-1,OTI,1,25
GGCCATTAGCCAGTAC-1,OTI,5,59
GGCCCCTGTAAGGTCT-1,C57BL6,2,6
GGCCCCTGTAAGTGCT-1,OTI,1,6
GGCCCCTGTATCTCAT-1,OTI,0,0
GGCCCCTGTCGCGTAA-1,C57BL6,8,54
GGCCCCTGTCTGTTGC-1,OTI,0,0
GGCCCTTTCACATCAG-1,OTI,2,2
GGCCCTTTCCACCATT-1,OTI,5,151
GGCCCTTTCCATTCGT-1,C57BL6,2,18
GGCCCTTTCCCTGAAA-1,OTI,2,18
GGCCCTTTCCTAAGCA-1,OTI,9,375
GGCCCTTTCGCAGTGT-1,OTI,7,156
GGCCCTTTCGGCTTCC-1,OTI,3,35
GGCCCTTTCGGTTAGC-1,OTI,3,91
GGCCCTTTCGTCCTAT-1,OTI,11,224
GGCCTCTTCAACGCAC-1,OTI,8,155
GGCCTCTTCACTCGGG-1,C57BL6,0,0
GGCCTCTTCATGAAAG-1,C57BL6,2,5
GGCCTCTTCCCAGCTC-1,OTI,1,9
GGCCTCTTCCTGTACT-1,OTI,1,10
GGCCTCTTCGCGCATG-1,OTI,1,1
GGCCTCTTCGTATTCC-1,OTI,0,0
GGCCTGGGTAAGCAAG-1,OTI,3,53
GGCCTGGGTACTTCAT-1,C57BL6,1,5
GGCCTGGGTCCCAATC-1,OTI,0,0
GGCCTGGGTCGGAATT-1,C57BL6,0,0
GGCCTGGGTCGTGTTC-1,OTI,5,173
GGCCTGGGTCTGATAA-1,OTI,6,73
GGCCTGGGTCTGTTAT-1,OTI,1,7
GGCCTGGGTGTCCTTA-1,C57BL6,0,0
GGCCTTACAAAGGAGG-1,C57BL6,0,0
GGCCTTACACAACATC-1,OTI,2,194
GGCCTTACAGCATGCC-1,OTI,5,257
GGCCTTACAGCATTTA-1,OTI,2,13
GGCCTTACAGTCATAC-1,C57BL6,1,4
GGCCTTCTCAACCATG-1,C57BL6,0,0
GGCCTTCTCAACGGCT-1,OTI,1,5
GGCCTTCTCAACTATA-1,C57BL6,2,19
GGCCTTCTCCCATCAT-1,OTI,4,334
GGCCTTCTCCCCACTA-1,C57BL6,0,0
GGCCTTCTCCCGCTGT-1,C57BL6,1,23
GGCCTTGAGGCTCAGT-1,OTI,2,350
GGCCTTGAGGTGCCAT-1,OTI,1,7
GGCGAAATCAAACTTA-1,OTI,0,0
GGCGAAATCAGGGTCT-1,OTI,2,172
GGCGAAATCCCACGCT-1,C57BL6,0,0
GGCGAAATCGCTAACA-1,OTI,1,194
GGCGAAATCGGGCTCA-1,OTI,4,122
GGCGAAATCGGTGTTA-1,C57BL6,0,0
GGCGAACAGACCTTTC-1,OTI,0,0
GGCGAACAGAGCTTTG-1,C57BL6,1,5
GGCGAACAGCGCGATT-1,OTI,8,841
GGCGAAGGTAGCTTCC-1,OTI,2,103
GGCGAAGGTATAAGGG-1,OTI,4,64
GGCGACACAAACGCAA-1,OTI,2,14
GGCGACACACCAGGGA-1,OTI,3,27
GGCGACACACTAACCG-1,OTI,1,2
GGCGACACAGTCCACA-1,OTI,4,18
GGCGACACAGTGGTAA-1,C57BL6,1,6
GGCGAGAGTATGCCGA-1,OTI,3,100
GGCGAGAGTCAATATG-1,OTI,3,960
GGCGAGAGTCACTAGG-1,C57BL6,0,0
GGCGAGAGTCCATTCA-1,C57BL6,1,8
GGCGAGAGTGCTGTCT-1,OTI,9,150
GGCGAGAGTGTCTTCA-1,OTI,4,104
GGCGAGAGTGTTGGGC-1,C57BL6,1,1
GGCGAGTAGACAACCC-1,OTI,4,30
GGCGAGTAGACAGCCT-1,OTI,0,0
GGCGAGTAGACCCACG-1,OTI,1,1
GGCGAGTAGATAATCC-1,OTI,5,227
GGCGAGTAGCATCAAT-1,OTI,3,46
GGCGAGTAGCCTAAGC-1,OTI,1,339
GGCGAGTAGGGAGATT-1,OTI,2,113
GGCGAGTAGGGTTCCG-1,C57BL6,0,0
GGCGAGTAGGTATAGA-1,OTI,2,72
GGCGATAAGACTACAT-1,OTI,0,0
GGCGATAAGCAAACCC-1,OTI,6,98
GGCGATAAGCCATCAA-1,OTI,2,2
GGCGATCGTAGAGGCG-1,OTI,3,275
GGCGATCGTAGAGTAG-1,OTI,0,0
GGCGATCGTATGTCGG-1,OTI,5,372
GGCGATCGTGGGTAGG-1,C57BL6,4,4
GGCGATTTCAAAGGGT-1,OTI,2,49
GGCGATTTCACATTGG-1,C57BL6,0,0
GGCGATTTCAGACAGG-1,OTI,0,0
GGCGATTTCATGTAGT-1,OTI,4,100
GGCGATTTCGCAAAGG-1,OTI,3,65
GGCGATTTCGTCCTAT-1,OTI,5,482
GGCGCAACAAACTCTA-1,OTI,6,83
GGCGCAACAACGTACT-1,C57BL6,0,0
GGCGCAACACAATAGG-1,C57BL6,0,0
GGCGCAACACAATGCT-1,OTI,0,0
GGCGCAACACTAAACC-1,OTI,7,33
GGCGCAACAGGTCTAT-1,OTI,10,223
GGCGCAACAGTCCTAG-1,OTI,0,0
GGCGCATGTATGTACA-1,OTI,2,26
GGCGCATGTCCACGGG-1,C57BL6,0,0
GGCGCATGTGCATAGT-1,OTI,0,0
GGCGCATGTGTCTGAG-1,OTI,3,86
GGCGCTATCAATTCCC-1,OTI,0,0
GGCGCTATCCCACATT-1,OTI,1,1
GGCGCTATCCCTTCTC-1,C57BL6,0,0
GGCGCTATCCTCGGCT-1,OTI,6,189
GGCGCTGGTCACCGGG-1,OTI,3,43
GGCGCTGGTCACGCTT-1,OTI,1,2
GGCGCTGGTCCAACTC-1,OTI,2,56
GGCGCTGGTGCCACTT-1,OTI,1,59
GGCGCTGGTGGGGTCT-1,OTI,1,7
GGCGCTGGTGGTAGGG-1,OTI,3,86
GGCGCTGGTGTGCAAT-1,OTI,3,22
GGCGGATAGATGCCAC-1,OTI,1,10
GGCGGATAGATGTTCG-1,OTI,4,473
GGCGGATAGCCACAAC-1,OTI,3,37
GGCGGATAGCCTAGCG-1,OTI,0,0
GGCGGATAGCGGGATA-1,OTI,0,0
GGCGGATAGCTATCAG-1,C57BL6,0,0
GGCGGATAGCTTCTAC-1,OTI,0,0
GGCGGATAGCTTGAAT-1,C57BL6,2,10
GGCGGATAGGTAAATG-1,C57BL6,1,9
GGCGGTACAAAAGCGC-1,OTI,4,51
GGCGGTACAAGTCGCC-1,OTI,0,0
GGCGGTACAGTTCACG-1,OTI,11,169
GGCGGTTGTAACATTG-1,OTI,6,106
GGCGGTTGTAGTGTAC-1,OTI,2,1240
GGCGGTTGTCGAGGAG-1,OTI,3,37
GGCGGTTGTCGCAGTA-1,OTI,3,17
GGCGGTTGTCTCATAT-1,OTI,2,13
GGCGTAAAGATACAAG-1,OTI,5,100
GGCGTAAAGGCTGGAA-1,C57BL6,0,0
GGCGTAAAGGCTTGAC-1,OTI,0,0
GGCGTAAAGGGAATCG-1,OTI,0,0
GGCGTAGCACTACTAA-1,OTI,4,63
GGCGTAGCAGCCAATT-1,C57BL6,1,2
GGCGTAGCAGGCAATA-1,OTI,10,217
GGCGTAGCAGGTCTAT-1,OTI,5,92
GGCGTAGCAGTAACCT-1,OTI,1,19
GGCGTAGCAGTAGCCC-1,OTI,5,517
GGCGTAGCAGTGAAGC-1,OTI,1,4
GGCGTATTCAAATCCG-1,OTI,4,844
GGCGTATTCACAACAT-1,OTI,0,0
GGCGTATTCACTCTGT-1,C57BL6,0,0
GGCGTATTCACTGCCC-1,C57BL6,0,0
GGCGTATTCAGGCTCG-1,OTI,1,15
GGCGTATTCCACAAGC-1,OTI,10,76
GGCGTATTCCAGCGCA-1,OTI,1,3
GGCGTATTCGTAGTTG-1,OTI,6,116
GGCGTATTCGTGCAAC-1,C57BL6,0,0
GGCGTATTCGTTCGGG-1,C57BL6,0,0
GGCGTCATCACCCTAT-1,OTI,6,46
GGCGTCATCATAACAC-1,OTI,3,33
GGCGTCATCCACTCTG-1,OTI,3,121
GGCGTCATCCGCACTC-1,C57BL6,1,4
GGCGTCATCGTATTGG-1,OTI,4,118
GGCGTCATCGTTATAA-1,C57BL6,0,0
GGCGTGTGTAATCGCG-1,C57BL6,1,1
GGCGTGTGTACAGCGC-1,C57BL6,4,30
GGCGTGTGTCAGCTCT-1,OTI,1,60
GGCGTGTGTCCATTTG-1,OTI,0,0
GGCGTGTGTCGCAGTA-1,C57BL6,2,5
GGCGTGTGTCGTTCTA-1,C57BL6,0,0
GGCGTGTGTCTATAAG-1,OTI,1,15
GGCGTGTGTGCCTATC-1,OTI,0,0
GGCGTGTGTGCGAAGG-1,OTI,10,597
GGCGTGTGTGCTATCC-1,C57BL6,1,9
GGCGTTAGTACCTATT-1,OTI,0,0
GGCGTTAGTAGGCCGT-1,OTI,6,1005
GGCGTTAGTAGGGGAT-1,OTI,4,22
GGCGTTAGTAGTCTGG-1,OTI,1,3
GGCGTTAGTCAATTAG-1,OTI,0,0
GGCGTTAGTCACGCGG-1,OTI,2,8
GGCGTTAGTCCGTGTT-1,OTI,1,5
GGCGTTCCAACTCACG-1,OTI,7,417
GGCGTTCCAAGCGAGT-1,C57BL6,0,0
GGCGTTCCAATCCGGC-1,OTI,1,142
GGCGTTCCACCTATAA-1,OTI,0,0
GGCGTTCCAGCAACCC-1,OTI,0,0
GGCGTTCCAGCATAGA-1,C57BL6,0,0
GGCGTTCCAGTTACCG-1,C57BL6,5,79
GGCGTTGTCACAATCG-1,OTI,3,129
GGCGTTGTCACATACG-1,OTI,1,253
GGCGTTGTCACCTACT-1,C57BL6,0,0
GGCGTTGTCACGTGGT-1,OTI,4,190
GGCGTTGTCACTCTTA-1,C57BL6,1,12
GGCGTTGTCCCTAGGG-1,OTI,2,9
GGCTAACTCACCCCGT-1,OTI,8,592
GGCTAACTCATAGCAT-1,OTI,4,73
GGCTAACTCATGATGT-1,OTI,5,75
GGCTAACTCGCCCTAC-1,OTI,2,11
GGCTAAGAGAAAGCGT-1,OTI,4,81
GGCTAAGAGATCGTTG-1,OTI,1,1
GGCTAAGAGCCAAATT-1,OTI,4,151
GGCTAAGAGCGGCCTA-1,OTI,5,71
GGCTAAGAGGCGGTAA-1,OTI,10,203
GGCTAAGAGGCTCGTG-1,OTI,0,0
GGCTAAGAGGTCGAAG-1,OTI,1,66
GGCTAATGTACGCTTC-1,C57BL6,0,0
GGCTAATGTACTTCAT-1,OTI,4,905
GGCTAATGTATGGGTT-1,OTI,1,4
GGCTAATGTCAAACGT-1,OTI,8,283
GGCTAATGTGCCCCTA-1,OTI,3,188
GGCTAATGTGGCGCAT-1,OTI,3,30
GGCTAATGTGGCGTGT-1,C57BL6,2,23
GGCTAATGTGTGGTGC-1,OTI,8,121
GGCTACCCAATGAATA-1,OTI,0,0
GGCTACCCACAATCCG-1,OTI,4,179
GGCTACCCACTAATAT-1,C57BL6,0,0
GGCTACCCACTACATA-1,OTI,3,144
GGCTACCCAGGACTTT-1,OTI,2,83
GGCTACCCAGTAGTAG-1,C57BL6,2,56
GGCTACCCAGTGCACC-1,C57BL6,0,0
GGCTACCCAGTGTCAT-1,OTI,4,58
GGCTAGAAGAAATCAG-1,OTI,3,14
GGCTAGAAGCATAATC-1,OTI,0,0
GGCTAGAAGCATTAGT-1,C57BL6,1,7
GGCTAGAAGGGAGGTC-1,OTI,2,109
GGCTAGAAGGTTGCCG-1,C57BL6,1,26
GGCTAGCGTATGAGCT-1,OTI,15,271
GGCTAGCGTCGACTCT-1,OTI,3,61
GGCTAGCGTGCCACTT-1,OTI,2,20
GGCTAGCGTGGAATCT-1,C57BL6,2,6
GGCTAGCGTGTTCGAG-1,OTI,6,312
GGCTATATCACGTCAA-1,OTI,1,72
GGCTATATCACTTAAA-1,C57BL6,3,27
GGCTATATCATCCGTT-1,OTI,1,25
GGCTATATCCATCATC-1,OTI,1,55
GGCTATATCCTACTAC-1,OTI,2,6
GGCTATATCGCAAACC-1,OTI,2,60
GGCTATGGTACAACGT-1,OTI,5,115
GGCTATGGTCTCGCCA-1,C57BL6,0,0
GGCTATGGTGCATAGT-1,OTI,0,0
GGCTCATAGACACCCG-1,OTI,4,161
GGCTCATAGAGCTTGC-1,OTI,5,169
GGCTCATAGATGGGGC-1,OTI,3,34
GGCTCCCGTACTACTT-1,C57BL6,0,0
GGCTCCCGTCGCCGTC-1,OTI,1,3
GGCTCCCGTCGTATGG-1,OTI,4,102
GGCTCCCGTCTCCTGG-1,C57BL6,1,3
GGCTCCCGTCTCGCAT-1,OTI,4,166
GGCTCCCGTGGGGATG-1,OTI,4,276
GGCTCCTTCACACATG-1,OTI,8,169
GGCTCCTTCACAGACC-1,OTI,0,0
GGCTCCTTCCAATACG-1,OTI,2,14
GGCTCCTTCCGAGCAT-1,OTI,2,30
GGCTCCTTCCGGTATA-1,OTI,14,22
GGCTCGATCACCATTC-1,OTI,1,4
GGCTCGATCAGTATGT-1,OTI,4,91
GGCTCGATCCAATATA-1,C57BL6,1,5
GGCTCGATCCCGCTGT-1,OTI,1,6
GGCTCGATCCTCCAAT-1,OTI,2,10
GGCTCGATCCTCCGAC-1,OTI,2,42
GGCTCGATCCTCTAGT-1,C57BL6,1,2
GGCTCGATCGGATTGC-1,OTI,8,62
GGCTCTACAACATATT-1,OTI,1,9
GGCTCTACACCGTAAT-1,C57BL6,0,0
GGCTCTACAGGTAGCG-1,OTI,4,70
GGCTCTACAGTCGGTC-1,C57BL6,0,0
GGCTCTCTCAGTTGTG-1,C57BL6,2,39
GGCTCTCTCCTCCAGC-1,OTI,5,147
GGCTCTCTCGGGTTAC-1,C57BL6,2,19
GGCTGAAAGAGGAGTT-1,OTI,2,29
GGCTGAAAGATACGGG-1,C57BL6,0,0
GGCTGAAAGATGTATC-1,C57BL6,1,25
GGCTGAAAGCAAAGGT-1,OTI,2,70
GGCTGAAAGGTATTCG-1,C57BL6,0,0
GGCTGCATCAAGCCTA-1,OTI,2,83
GGCTGCATCACCTCAT-1,C57BL6,1,134
GGCTGCATCATGTTAA-1,C57BL6,1,74
GGCTGCATCCAATCAG-1,C57BL6,2,7
GGCTGCATCGGGCTCA-1,C57BL6,0,0
GGCTGCATCGTCATTC-1,C57BL6,11,16
GGCTGTAGTAAGCATC-1,OTI,0,0
GGCTGTAGTACTGGGC-1,OTI,1,3
GGCTGTAGTATATGGC-1,OTI,0,0
GGCTGTAGTGGTGGAG-1,C57BL6,1,5
GGCTGTAGTGTCGATG-1,OTI,0,0
GGCTTAATCACAGCAC-1,C57BL6,2,16
GGCTTAATCATAACAC-1,OTI,4,4
GGCTTAATCATCGGAC-1,OTI,1,3
GGCTTAATCCCAGTAA-1,OTI,2,13
GGCTTAATCCGCAATA-1,OTI,0,0
GGCTTAATCCGCTTGC-1,OTI,6,19
GGCTTAATCCTCCTTC-1,OTI,1,15
GGCTTAATCCTCTAGT-1,OTI,5,233
GGCTTAATCGCGCATG-1,C57BL6,1,17
GGCTTAATCGCTATCT-1,OTI,1,17
GGCTTAATCGCTTTCG-1,C57BL6,0,0
GGCTTAATCGGGCAAA-1,OTI,3,35
GGCTTAATCGTACTTC-1,OTI,2,9
GGCTTAGGTACCTTTG-1,OTI,8,80
GGCTTAGGTAGTTTAG-1,OTI,4,229
GGCTTAGGTCGGGTTA-1,OTI,3,169
GGCTTAGGTCGTGGTA-1,C57BL6,0,0
GGCTTAGGTGGTAGTT-1,OTI,3,40
GGCTTCACAAGCGAGT-1,C57BL6,0,0
GGCTTCACAATACGGA-1,OTI,6,56
GGCTTCACAATCCGCA-1,C57BL6,2,28
GGCTTCACACCACGGT-1,C57BL6,0,0
GGCTTCACACGGCTTA-1,OTI,2,22
GGCTTCACAGGCAATA-1,OTI,3,70
GGCTTCCTCCATTCGT-1,OTI,6,261
GGCTTCCTCGCTCTAT-1,OTI,6,99
GGCTTCCTCGGCGATT-1,OTI,9,86
GGCTTCCTCGGCTCGA-1,OTI,1,3
GGCTTCGAGAGCAGCA-1,OTI,1,18
GGCTTCGAGAGGATTA-1,C57BL6,1,44
GGCTTCGAGAGGCTGA-1,OTI,3,101
GGCTTCGAGAGTCCCG-1,OTI,12,667
GGCTTCGAGATAGGCG-1,C57BL6,0,0
GGCTTCGAGCAGCGTT-1,C57BL6,0,0
GGCTTCGAGCAGCTAC-1,OTI,0,0
GGCTTCGAGCGCGTCA-1,OTI,3,20
GGCTTCGAGCGCTATA-1,OTI,3,125
GGCTTCGAGCTCGTAA-1,OTI,4,114
GGCTTCGAGGCAATTT-1,OTI,1,7
GGCTTCGAGGGAGTAT-1,OTI,3,77
GGCTTCGAGGTGCCAT-1,OTI,2,81
GGCTTCGAGGTTAATC-1,C57BL6,0,0
GGCTTCTGTACAATTG-1,C57BL6,0,0
GGCTTCTGTACGCTTC-1,C57BL6,3,35
GGCTTCTGTACGGATT-1,OTI,5,493
GGCTTCTGTAGCTGGC-1,C57BL6,0,0
GGCTTCTGTCAAACGT-1,OTI,6,681
GGCTTCTGTGTGTCCT-1,OTI,4,26
GGCTTCTGTGTTAGGT-1,OTI,1,5
GGCTTGAGTCACTTAT-1,C57BL6,0,0
GGCTTGAGTCCACGTT-1,OTI,1,15
GGCTTGAGTGTGGATT-1,C57BL6,1,10
GGCTTGGTCACAACGC-1,OTI,1,44
GGCTTGGTCACTGGCG-1,C57BL6,0,0
GGCTTGGTCCCACAGG-1,C57BL6,0,0
GGCTTGGTCCTTAATT-1,C57BL6,0,0
GGCTTGGTCGCAATTG-1,OTI,0,0
GGCTTGGTCGTCGTAA-1,OTI,3,214
GGCTTGGTCGTTCATC-1,OTI,1,17
GGCTTGTAGACCCAAC-1,C57BL6,0,0
GGCTTGTAGACGGCAA-1,OTI,1,26
GGCTTGTAGATTACCG-1,C57BL6,0,0
GGCTTGTAGCACGGAA-1,OTI,6,170
GGCTTTCGTAATACTG-1,OTI,3,21
GGCTTTCGTATGCGAT-1,C57BL6,1,63
GGCTTTCGTCACTCCG-1,C57BL6,0,0
GGCTTTCGTCCAGAAT-1,OTI,0,0
GGCTTTCGTCGCATCT-1,OTI,2,17
GGCTTTCGTCGCTGCC-1,OTI,0,0
GGGAATTAGCAAACTT-1,OTI,7,170
GGGAATTAGGTCCGAT-1,C57BL6,0,0
GGGACATCAACTCCCT-1,OTI,2,11
GGGACATCAACTTACA-1,OTI,5,202
GGGACATCAAGCGCTC-1,OTI,1,144
GGGACATCAAGCTTTA-1,OTI,4,32
GGGACATCACAGCAGG-1,OTI,7,115
GGGACATCACAGCGAG-1,OTI,6,139
GGGACATCACATCGCA-1,C57BL6,1,2
GGGACATCAGCTCGGT-1,C57BL6,2,2
GGGACATCAGGAACGT-1,C57BL6,1,4
GGGACATCAGTGCGTC-1,C57BL6,0,0
GGGACCTGTAAGTGCT-1,OTI,2,38
GGGACCTGTGTCATGG-1,C57BL6,0,0
GGGACGTAGACATAAG-1,OTI,3,20
GGGACGTAGATGGTGG-1,OTI,5,42
GGGACGTAGCACCACG-1,OTI,3,29
GGGACGTAGCGATTCA-1,OTI,7,49
GGGACGTAGGGTAGGC-1,C57BL6,0,0
GGGACTCGTCCGCCTA-1,OTI,4,229
GGGACTCGTCGCTCTG-1,OTI,2,6
GGGACTCGTGCCTCTG-1,OTI,0,0
GGGACTCGTGCTAAGT-1,OTI,4,4
GGGAGAACACAGGTCC-1,OTI,2,31
GGGAGAACACCAACGC-1,OTI,4,127
GGGAGAACACTACTAA-1,OTI,2,70
GGGAGATGTAATGGAG-1,OTI,10,182
GGGAGATGTAATTCCT-1,OTI,2,14
GGGAGATGTATGTGCG-1,C57BL6,1,13
GGGAGATGTCAACCCT-1,C57BL6,1,7
GGGAGATGTCCGTTGT-1,OTI,0,0
GGGAGCAGTACAAGGA-1,OTI,5,468
GGGAGCAGTATGTTGA-1,OTI,4,121
GGGAGCAGTATTACCT-1,C57BL6,6,7
GGGAGCAGTCATGTGG-1,C57BL6,1,1
GGGAGCAGTCGTCAGA-1,OTI,6,117
GGGAGCAGTGCATAGT-1,C57BL6,0,0
GGGAGCAGTGCCTTTA-1,OTI,0,0
GGGAGCAGTGCGCTGG-1,OTI,6,122
GGGAGCAGTGGCCCCT-1,OTI,3,201
GGGAGCAGTGTAGTGT-1,OTI,1,55
GGGAGCAGTGTATAGC-1,C57BL6,0,0
GGGAGCTAGACCCTTT-1,C57BL6,0,0
GGGAGCTAGAGGACCA-1,OTI,3,61
GGGAGCTAGAGTTGGG-1,C57BL6,0,0
GGGAGCTAGATCCGTA-1,OTI,5,79
GGGAGCTAGCATACAT-1,C57BL6,1,5
GGGAGCTAGGCCCAAT-1,OTI,3,82
GGGAGCTAGGCTAAGG-1,OTI,3,94
GGGAGTGGTAAGCATC-1,OTI,1,15
GGGAGTGGTAGTATTG-1,OTI,5,26
GGGAGTGGTATCCCTA-1,OTI,5,153
GGGAGTGGTATCCGTC-1,C57BL6,1,8
GGGAGTGGTGCCTATC-1,OTI,5,29
GGGAGTGGTGTCGTCT-1,OTI,2,32
GGGAGTGGTGTGAGTT-1,C57BL6,0,0
GGGATAAGTCATTAAG-1,C57BL6,1,7
GGGATAAGTCCTTCGG-1,OTI,1,4
GGGATAAGTGCTTCGT-1,OTI,2,13
GGGATAAGTGGGTTTG-1,OTI,1,63
GGGATATAGAACGGCA-1,C57BL6,0,0
GGGATATAGATGGTGG-1,OTI,3,213
GGGATATAGCGAAGCA-1,OTI,1,4
GGGATATAGCTCAGTA-1,C57BL6,1,7
GGGATATAGGTCATGC-1,OTI,3,318
GGGATATAGGTCTAGC-1,C57BL6,0,0
GGGATATAGGTGCCCA-1,OTI,3,128
GGGATCAAGACTCGAC-1,OTI,2,3
GGGATCAAGCTGCGAT-1,OTI,10,100
GGGATGGGTGCCCGAG-1,OTI,4,133
GGGATTACAAACACCT-1,C57BL6,1,1
GGGATTACAAAGCAAT-1,C57BL6,2,6
GGGATTACAATCGCCA-1,OTI,2,6
GGGATTACAATGATCC-1,C57BL6,0,0
GGGATTACACCGTAAT-1,OTI,5,60
GGGATTACACCTTCTA-1,C57BL6,1,5
GGGATTACACGAACCC-1,OTI,1,12
GGGATTGAGCAATAGA-1,C57BL6,0,0
GGGATTGAGCGTACAC-1,C57BL6,8,16
GGGATTGAGGCATCGT-1,OTI,3,293
GGGATTGAGGCGAAGC-1,OTI,0,0
GGGATTGAGGGGAATT-1,OTI,3,28
GGGCAAATCACCCCGT-1,C57BL6,0,0
GGGCAAATCCCAAATG-1,OTI,10,277
GGGCAAATCCCAACCC-1,OTI,2,51
GGGCAAATCCTGCTAT-1,OTI,0,0
GGGCAAATCGGTTACA-1,C57BL6,1,8
GGGCAAGGTATAGGGA-1,C57BL6,0,0
GGGCAAGGTCAACGTG-1,OTI,2,155
GGGCAAGGTCGAGGAG-1,OTI,0,0
GGGCAAGGTCGTAGAT-1,OTI,2,90
GGGCAAGGTGTAGCAT-1,OTI,7,143
GGGCAATCAATGGGAC-1,C57BL6,1,3
GGGCAATCACGGGTAG-1,OTI,8,96
GGGCATAAGAACACCC-1,OTI,0,0
GGGCATAAGATAAGTG-1,OTI,0,0
GGGCATAAGATGAAGC-1,OTI,2,5
GGGCATAAGCACCACG-1,OTI,5,235
GGGCATAAGCACTGCG-1,OTI,5,319
GGGCATAAGCCTCATT-1,C57BL6,1,1
GGGCATAAGCGATGGA-1,C57BL6,0,0
GGGCATAAGCTTGTCT-1,OTI,3,103
GGGCATTTCAATATGC-1,OTI,2,306
GGGCATTTCCCACCGT-1,C57BL6,0,0
GGGCATTTCCGGGTCA-1,OTI,5,155
GGGCATTTCGGCTTAA-1,OTI,3,392
GGGCATTTCGTCATCT-1,C57BL6,1,6
GGGCATTTCGTTAGGC-1,C57BL6,0,0
GGGCCTATCACAAGCC-1,OTI,1,16
GGGCCTATCCATGCCC-1,OTI,3,86
GGGCCTATCCCATAAG-1,OTI,2,51
GGGCCTATCCGACCCT-1,C57BL6,0,0
GGGCCTATCCTCGAAA-1,OTI,7,557
GGGCCTATCGCACCCT-1,OTI,1,45
GGGCCTATCGCTGAGT-1,OTI,0,0
GGGCCTATCGGCCATG-1,OTI,2,18
GGGCCTATCGGTGGTT-1,C57BL6,0,0
GGGCCTATCGGTTAAT-1,OTI,1,4
GGGCGATAGACGGAGC-1,OTI,1,150
GGGCGATAGAGTGGCA-1,OTI,4,36
GGGCGATAGATACCAT-1,OTI,3,99
GGGCGATAGATCGACC-1,OTI,4,84
GGGCGATAGATCGTAT-1,C57BL6,1,5
GGGCGATAGCACTCCC-1,C57BL6,0,0
GGGCGATAGCGATTAT-1,OTI,3,142
GGGCGATAGCTGACAC-1,OTI,3,56
GGGCGATAGGGACAAT-1,OTI,1,3
GGGCGATAGGGCGATA-1,OTI,1,10
GGGCGATAGGTAGACG-1,C57BL6,0,0
GGGCGATAGGTAGTAA-1,OTI,0,0
GGGCGTACAAAATTCT-1,C57BL6,0,0
GGGCGTACAAGCTGGG-1,OTI,5,27
GGGCGTACACCAGCTA-1,OTI,3,3
GGGCGTACAGGCGTTC-1,OTI,3,25
GGGCGTACAGTTGAAG-1,C57BL6,1,5
GGGCGTTGTATGCTGG-1,OTI,0,0
GGGCGTTGTCCAGGTA-1,OTI,1,180
GGGCGTTGTCCTGTAC-1,OTI,4,301
GGGCGTTGTCGTTCCG-1,C57BL6,0,0
GGGCGTTGTCTTAGGG-1,C57BL6,0,0
GGGCTAAAGAAGCATA-1,OTI,0,0
GGGCTAAAGACAATAG-1,OTI,5,100
GGGCTAAAGCTCATAG-1,OTI,5,140
GGGCTAGCAAACACTC-1,OTI,1,50
GGGCTAGCAAACTAGG-1,C57BL6,1,1
GGGCTAGCAAATATCT-1,OTI,4,57
GGGCTAGCAGCGAATA-1,OTI,0,0
GGGCTAGCAGGACATA-1,C57BL6,0,0
GGGCTAGCAGGACCTC-1,OTI,0,0
GGGCTATTCAGGGTTC-1,OTI,0,0
GGGCTATTCATCGGGT-1,OTI,3,246
GGGCTATTCCATACCT-1,OTI,1,2
GGGCTATTCCTCTCCT-1,OTI,3,18
GGGCTATTCCTGGCTC-1,OTI,4,38
GGGCTATTCGGACTAC-1,OTI,3,109
GGGCTATTCGTAGCGT-1,OTI,5,83
GGGCTATTCGTATAGT-1,OTI,4,94
GGGCTCATCATAACGT-1,OTI,4,93
GGGCTCATCCATATCC-1,C57BL6,1,5
GGGCTCATCCTATGCT-1,OTI,2,551
GGGCTCATCGCACAAC-1,C57BL6,0,0
GGGCTCATCGCACGTG-1,OTI,7,67
GGGCTCATCGGTTAGC-1,OTI,2,29
GGGCTCATCGTTACTC-1,OTI,3,62
GGGCTCTCAACGTCGC-1,C57BL6,1,19
GGGCTCTCACTCCTAC-1,C57BL6,0,0
GGGCTTCCAAAGTGCA-1,OTI,2,16
GGGCTTCCAAATTTCG-1,OTI,3,101
GGGCTTCCAACGGCAG-1,OTI,1,97
GGGCTTCCACCGACTA-1,OTI,3,26
GGGCTTCCACGGCAAG-1,OTI,5,36
GGGCTTGTCAACACGC-1,OTI,2,29
GGGCTTGTCACCTTAC-1,C57BL6,0,0
GGGCTTGTCATCGACA-1,C57BL6,2,29
GGGCTTGTCATGGTCA-1,OTI,2,373
GGGCTTGTCATGTGGC-1,C57BL6,1,17
GGGCTTGTCCCTACCA-1,OTI,0,0
GGGCTTGTCCTCGTCA-1,OTI,0,0
GGGCTTGTCCTCTAAC-1,C57BL6,1,10
GGGCTTGTCCTGGGCA-1,OTI,4,39
GGGCTTGTCGTCCCTA-1,C57BL6,0,0
GGGCTTGTCGTCGTAA-1,C57BL6,2,7
GGGCTTTAGAGTCCAC-1,OTI,2,61
GGGCTTTAGATGAGGT-1,OTI,1,202
GGGCTTTAGCCAACCG-1,OTI,8,238
GGGCTTTAGCGACGTT-1,OTI,6,109
GGGCTTTAGCGCTCGA-1,C57BL6,0,0
GGGCTTTAGCGTTTGA-1,OTI,1,12
GGGCTTTAGGTAAGCG-1,C57BL6,0,0
GGGGAATGTAAGCCGC-1,C57BL6,0,0
GGGGAATGTAATTCAG-1,C57BL6,1,8
GGGGAATGTACGCTTC-1,OTI,7,89
GGGGAATGTCAGCCTT-1,C57BL6,1,1
GGGGAATGTCATTCTG-1,C57BL6,1,9
GGGGAATGTGCGTCTT-1,OTI,3,232
GGGGAATGTGTCGCGG-1,OTI,3,30
GGGGAATGTGTTACCC-1,OTI,4,507
GGGGATGGTACCCCAT-1,C57BL6,0,0
GGGGATGGTCAAAGGA-1,OTI,3,43
GGGGATGGTCATCATT-1,OTI,3,47
GGGGATGGTCCTAGTC-1,OTI,6,120
GGGGATGGTCGACTAG-1,OTI,2,134
GGGGATGGTCTCGATC-1,OTI,7,306
GGGGATGGTGTGTAGT-1,C57BL6,0,0
GGGGCATAGAAATTGG-1,OTI,9,13
GGGGCATAGACAAGCG-1,OTI,0,0
GGGGCATAGATAAGTG-1,OTI,4,183
GGGGCATAGCGTGCAT-1,OTI,0,0
GGGGCATAGCTCAGTA-1,C57BL6,1,44
GGGGCATAGGCGGATA-1,C57BL6,0,0
GGGGCATAGGTAGGTG-1,C57BL6,1,3
GGGGCTACAATCACTA-1,OTI,0,0
GGGGCTACACAATCCG-1,OTI,3,96
GGGGCTACACAATGTC-1,OTI,3,45
GGGGCTACACTTATCT-1,C57BL6,1,2
GGGGCTACAGCAGCCT-1,C57BL6,0,0
GGGGCTACAGTGATAG-1,OTI,18,349
GGGGCTTGTAACCCGA-1,C57BL6,0,0
GGGGCTTGTAAGTTGC-1,OTI,1,11
GGGGCTTGTCATAAGC-1,C57BL6,0,0
GGGGCTTGTCGAGTGC-1,OTI,4,275
GGGGCTTGTCTATTCG-1,OTI,1,2
GGGGCTTGTCTCGATC-1,C57BL6,0,0
GGGGCTTGTCTTCAAT-1,OTI,2,24
GGGGCTTGTGCACTAG-1,C57BL6,0,0
GGGGCTTGTGGTATTA-1,C57BL6,0,0
GGGGCTTGTGTGTGCA-1,OTI,4,112
GGGGTAATCACAATTA-1,OTI,8,140
GGGGTAATCACCTCTG-1,OTI,5,209
GGGGTAATCACTCTCG-1,C57BL6,4,79
GGGGTAATCATCCGTT-1,OTI,1,8
GGGGTAATCATCTCCG-1,OTI,1,5
GGGGTAATCATTAACA-1,OTI,1,8
GGGGTAATCCAGCATA-1,OTI,3,71
GGGGTAATCCAGTAAT-1,C57BL6,1,6
GGGGTACAGAAGTGTA-1,OTI,3,63
GGGGTACAGCTTGGGT-1,OTI,3,21
GGGGTACAGGTAGTTT-1,OTI,2,22
GGGGTAGGTACTGCAG-1,OTI,1,13
GGGGTAGGTAGCGTAT-1,OTI,0,0
GGGGTAGGTATCATTC-1,C57BL6,1,3
GGGGTAGGTATTGCCC-1,C57BL6,0,0
GGGGTAGGTCGCCGTC-1,OTI,0,0
GGGGTAGGTCTACTGC-1,OTI,5,372
GGGGTAGGTGGCGATC-1,OTI,1,13
GGGGTAGGTGGTACTG-1,OTI,1,10
GGGGTAGGTGTACCCT-1,C57BL6,2,26
GGGGTAGGTGTCGAGC-1,C57BL6,0,0
GGGGTCTGTAAGCATC-1,OTI,0,0
GGGGTCTGTATAAGCC-1,OTI,0,0
GGGGTCTGTGCGAAGG-1,C57BL6,2,17
GGGGTCTGTGTGCGCG-1,OTI,0,0
GGGGTTAAGCCTATTC-1,OTI,0,0
GGGGTTAAGCTACACA-1,OTI,3,39
GGGGTTCGTCGACTTC-1,OTI,1,3
GGGGTTCGTCGAGGGA-1,OTI,1,4
GGGGTTCGTCGAGTGC-1,OTI,8,110
GGGGTTCGTGGAAGTA-1,OTI,0,0
GGGGTTCGTGGATTCG-1,C57BL6,0,0
GGGGTTCGTGGGCGTT-1,C57BL6,0,0
GGGTAATAGAAGCCGA-1,OTI,2,294
GGGTAATAGATTGAGA-1,C57BL6,0,0
GGGTAATAGCACGGTT-1,OTI,3,52
GGGTAATAGCACTCCC-1,OTI,6,129
GGGTAATAGCTATGGC-1,OTI,2,314
GGGTACAAGACACCGT-1,C57BL6,0,0
GGGTACAAGAGGTATA-1,OTI,0,0
GGGTACAAGATTGCAT-1,C57BL6,0,0
GGGTACAAGCGCCCAA-1,OTI,5,36
GGGTACAAGCTCTAGA-1,OTI,5,62
GGGTACAAGGCTCATA-1,OTI,5,6
GGGTAGCAGCTACACA-1,OTI,3,177
GGGTAGCAGCTGGTCG-1,OTI,1,4
GGGTAGCAGGCCTATA-1,OTI,0,0
GGGTAGGGTATAGGCT-1,OTI,2,9
GGGTAGGGTATGCCTC-1,OTI,3,77
GGGTAGGGTATGGTCG-1,OTI,5,115
GGGTAGGGTCGTGGGT-1,C57BL6,0,0
GGGTAGGGTGGGAGCA-1,OTI,6,140
GGGTAGGGTGTCATGG-1,OTI,0,0
GGGTAGGGTGTCTCCG-1,OTI,2,16
GGGTATACAACGCGAG-1,OTI,5,161
GGGTATACAATTGACC-1,OTI,3,129
GGGTATACACAACATC-1,OTI,1,12
GGGTATACACTCGGAC-1,OTI,0,0
GGGTATCTCAAGTCCA-1,OTI,2,36
GGGTATCTCACCAAGC-1,OTI,4,93
GGGTATCTCCAGTATG-1,OTI,1,5
GGGTATCTCCCGCTTA-1,OTI,2,5
GGGTATCTCCCTTCCT-1,OTI,0,0
GGGTATCTCGCTAAAT-1,OTI,2,2
GGGTATCTCGGAAGCA-1,OTI,1,3
GGGTATCTCGGTATGC-1,C57BL6,1,5
GGGTATGAGAACGGAT-1,OTI,3,290
GGGTATGAGACTGCCG-1,OTI,2,336
GGGTATGAGATTAACC-1,OTI,0,0
GGGTATGAGCAGCGTT-1,OTI,6,281
GGGTATGAGCTACTGA-1,OTI,5,163
GGGTATGAGGGAGCGT-1,C57BL6,2,24
GGGTATGAGGTCCATA-1,OTI,1,19
GGGTATTGTCGCATCT-1,OTI,2,17
GGGTATTGTCGTTAAA-1,OTI,10,660
GGGTATTGTGTTAATG-1,OTI,0,0
GGGTCAGCAAAGTTCC-1,OTI,4,65
GGGTCAGCAAGCATAG-1,OTI,3,139
GGGTCAGCACAGCGTC-1,OTI,6,188
GGGTCAGCACCCACAA-1,OTI,0,0
GGGTCAGCACCTATAA-1,C57BL6,0,0
GGGTCAGCAGTTACCG-1,C57BL6,0,0
GGGTCATTCACAACTG-1,C57BL6,1,3
GGGTCATTCACCAAGC-1,OTI,2,9
GGGTCATTCATCGCTT-1,OTI,5,370
GGGTCATTCATGACCA-1,OTI,2,45
GGGTCATTCCGTTCGC-1,OTI,3,96
GGGTCATTCCTACGCC-1,C57BL6,0,0
GGGTCATTCCTCGGGA-1,OTI,6,99
GGGTCCATCAACAGGG-1,OTI,2,13
GGGTCCATCACATCTC-1,C57BL6,1,1
GGGTCCATCGTAGGTC-1,OTI,3,32
GGGTCTAGTACATATG-1,C57BL6,1,1
GGGTCTAGTCCGTTTA-1,OTI,1,30
GGGTCTCCAACGTCCA-1,C57BL6,1,19
GGGTCTCCAGTTCAGT-1,OTI,1,8
GGGTGAGGTAGGATTC-1,OTI,8,283
GGGTGAGGTATATGGC-1,OTI,2,11
GGGTGAGGTATGGAGA-1,C57BL6,0,0
GGGTGAGGTCGGCTGG-1,C57BL6,1,4
GGGTGAGGTCGTATAA-1,OTI,0,0
GGGTGAGGTGTCATGG-1,OTI,3,29
GGGTGAGGTGTGCCTT-1,C57BL6,0,0
GGGTGCACAAATTTCG-1,OTI,6,358
GGGTGCACACCGGTTA-1,OTI,1,10
GGGTGCACACTCACTC-1,OTI,5,66
GGGTGCACACTGGGAG-1,OTI,4,4
GGGTGCACAGCGTAGG-1,OTI,0,0
GGGTGCACAGTGTCAT-1,OTI,3,83
GGGTGCTGTATTACCT-1,OTI,2,38
GGGTGCTGTCGCGCTC-1,C57BL6,0,0
GGGTGCTGTGGCGGTT-1,OTI,4,607
GGGTGTAAGATCCACA-1,C57BL6,1,4
GGGTGTAAGCCATCGG-1,C57BL6,4,11
GGGTGTAAGCTAGCCG-1,OTI,1,2
GGGTGTAAGCTGCATA-1,OTI,2,24
GGGTGTCGTAACCGTG-1,C57BL6,1,1
GGGTGTCGTACAAGAG-1,OTI,2,30
GGGTGTCGTACCACTC-1,OTI,0,0
GGGTGTCGTAGGACGG-1,C57BL6,0,0
GGGTGTCGTATATCAG-1,OTI,5,38
GGGTGTCGTATTCGGG-1,C57BL6,0,0
GGGTGTCGTATTCTGT-1,C57BL6,0,0
GGGTGTCGTCACCGTT-1,OTI,6,128
GGGTGTCGTCTCCGCA-1,OTI,0,0
GGGTGTCGTGGATGGG-1,OTI,6,169
GGGTTAACAAGGATAT-1,OTI,0,0
GGGTTAACAAGTACAG-1,OTI,4,184
GGGTTAACAAGTTAGG-1,OTI,3,29
GGGTTAACACTGATTA-1,C57BL6,0,0
GGGTTAACAGTAGTAG-1,C57BL6,1,6
GGGTTACTCAACTGCA-1,OTI,2,5
GGGTTACTCAGACGCT-1,OTI,2,29
GGGTTACTCAGACTTG-1,OTI,4,130
GGGTTACTCATAAGTC-1,OTI,2,45
GGGTTACTCCACAACA-1,OTI,4,75
GGGTTACTCCCCTATG-1,OTI,2,2
GGGTTACTCCCTACAT-1,C57BL6,1,3
GGGTTACTCCCTTCAG-1,OTI,1,10
GGGTTACTCCCTTTAA-1,OTI,2,16
GGGTTACTCCGATAAT-1,OTI,9,184
GGGTTAGAGAGGCGTA-1,C57BL6,0,0
GGGTTAGAGAGTTGGG-1,C57BL6,1,8
GGGTTAGAGCGATGAG-1,OTI,7,148
GGGTTAGAGCGGCTTG-1,C57BL6,0,0
GGGTTAGAGCTACTGA-1,C57BL6,0,0
GGGTTATGTAGCCCTT-1,C57BL6,1,38
GGGTTATGTCAGCAAT-1,C57BL6,0,0
GGGTTATGTGGCCTGG-1,OTI,1,23
GGGTTATGTGTCCCAT-1,OTI,0,0
GGGTTCAGTCAATTCT-1,OTI,3,67
GGGTTCAGTCCAGAAT-1,OTI,3,30
GGGTTCAGTCCAGTTC-1,OTI,4,257
GGGTTCCCAACCTCAG-1,OTI,4,137
GGGTTCCCAATAAGTA-1,C57BL6,0,0
GGGTTCCCACACTACG-1,C57BL6,0,0
GGGTTCCCACGAGCGA-1,OTI,3,303
GGGTTCCCACTACATA-1,OTI,0,0
GGGTTCCCACTACGAT-1,OTI,1,4
GGGTTCCCAGTAACCT-1,OTI,2,254
GGGTTCCCAGTCTATA-1,C57BL6,0,0
GGGTTCGTCAAGGCTC-1,C57BL6,0,0
GGGTTCGTCAGTATGT-1,OTI,2,17
GGGTTCGTCCGTCGTC-1,OTI,2,320
GGGTTGAAGAAGTACA-1,OTI,2,136
GGGTTGAAGATGGTTT-1,OTI,4,62
GGGTTGAAGCTCCTCA-1,OTI,1,4
GGGTTGAAGCTCGAAC-1,OTI,0,0
GGGTTGAAGGCACGAA-1,OTI,0,0
GGGTTGAAGGCATCAC-1,OTI,1,164
GGGTTGAAGGCTTCCC-1,OTI,6,209
GGGTTGAAGGTCTGGT-1,OTI,4,47
GGGTTGAAGGTTCAGC-1,OTI,2,71
GGGTTGCGTAGTCGGC-1,C57BL6,0,0
GGGTTGCGTATGGCGC-1,C57BL6,1,16
GGGTTGCGTCTGCATC-1,OTI,2,164
GGGTTTCAGAACTTCG-1,C57BL6,0,0
GGGTTTCAGAAGGCGC-1,OTI,1,15
GGGTTTCAGACCTATG-1,OTI,0,0
GGGTTTCAGATAAGCA-1,OTI,2,11
GGGTTTCAGATCGATT-1,OTI,3,58
GGGTTTCAGCAAGCCT-1,OTI,5,92
GGGTTTCAGCCGGATT-1,C57BL6,0,0
GGGTTTCAGCTAACAT-1,C57BL6,1,10
GGGTTTCAGGGGCTTT-1,OTI,1,23
GGGTTTCAGGTGCCAT-1,OTI,0,0
GGGTTTGGTACAAGGA-1,C57BL6,0,0
GGGTTTGGTAGCGGAG-1,C57BL6,0,0
GGGTTTGGTCGTGGTA-1,OTI,0,0
GGTAAAGGTAGTCTGG-1,OTI,4,245
GGTAAAGGTCCTCGAT-1,OTI,0,0
GGTAAAGGTGGGTTGC-1,OTI,1,76
GGTAAAGGTGGTAGGG-1,C57BL6,0,0
GGTAAATCAAACGCGG-1,OTI,6,143
GGTAAATCAAGGATAT-1,OTI,2,106
GGTAAATCACACTAAC-1,C57BL6,1,1
GGTAAATCACATATCA-1,OTI,3,264
GGTAAATCACCAACGC-1,OTI,6,105
GGTAAATCACCGGACT-1,OTI,5,127
GGTAAATCAGCCAAGG-1,OTI,0,0
GGTAACACAATACGCT-1,OTI,3,14
GGTAACACACCAGCTA-1,OTI,4,26
GGTAACACAGTGTAAG-1,C57BL6,0,0
GGTAAGCCAAACCCAT-1,OTI,4,70
GGTAAGCCACTATGGT-1,OTI,1,2
GGTAAGCCAGTGTGGG-1,OTI,1,8
GGTAAGTAGAAACCGG-1,OTI,1,21
GGTAAGTAGAATACAG-1,OTI,4,36
GGTAAGTAGACTGCGT-1,C57BL6,1,1
GGTAAGTAGGCAAAGT-1,OTI,3,70
GGTAAGTAGGCTATTG-1,C57BL6,0,0
GGTAAGTAGGGCATGA-1,C57BL6,0,0
GGTAATCGTACGGTTG-1,OTI,8,144
GGTAATCGTCATCTCA-1,OTI,3,76
GGTAATCGTGCCTTGT-1,OTI,3,101
GGTAATCGTGGCTTTC-1,OTI,3,107
GGTAATTTCAGTTATA-1,OTI,1,8
GGTAATTTCATACTAA-1,C57BL6,1,5
GGTAATTTCATATCCC-1,C57BL6,1,3
GGTAATTTCCTAAAGT-1,OTI,3,9
GGTAATTTCCTACTAC-1,OTI,0,0
GGTAATTTCCTTCATA-1,C57BL6,1,12
GGTAATTTCGGCATTA-1,OTI,1,53
GGTAATTTCGGGTCCA-1,C57BL6,3,52
GGTAATTTCGTTGGCG-1,OTI,3,8
GGTACAACAAAACGCA-1,OTI,2,30
GGTACAACAACCAGAA-1,C57BL6,1,15
GGTACAACAACTCCCT-1,C57BL6,0,0
GGTACAACAATACGCT-1,OTI,4,32
GGTACAACACCATACG-1,OTI,1,53
GGTACAACACCTAGCA-1,OTI,2,50
GGTACAACACGGCTTA-1,OTI,9,50
GGTACAACACTCTCCG-1,OTI,1,4
GGTACAACACTTAGCG-1,OTI,6,116
GGTACAGAGAGTTGGG-1,C57BL6,0,0
GGTACAGAGCAACATT-1,OTI,0,0
GGTACAGAGCGATGGA-1,C57BL6,0,0
GGTACAGAGCTAATCG-1,OTI,2,50
GGTACAGAGCTACACA-1,OTI,5,55
GGTACAGAGCTACGAC-1,C57BL6,1,7
GGTACAGAGGGAATTA-1,C57BL6,1,2
GGTACAGAGGGTGAAT-1,C57BL6,0,0
GGTACGAAGACGATGG-1,OTI,0,0
GGTACGAAGCTGAATT-1,OTI,5,236
GGTACGAAGGTTCTAG-1,OTI,2,7
GGTACGTTCAGTTGCA-1,OTI,4,175
GGTACGTTCATGTCAG-1,OTI,2,143
GGTACGTTCCAAGCGT-1,C57BL6,1,8
GGTACGTTCGTGTACA-1,C57BL6,2,11
GGTACTATCAAATCAC-1,OTI,2,70
GGTACTATCAACGCAC-1,OTI,3,21
GGTACTATCACCAAAT-1,OTI,5,124
GGTACTATCATATCCC-1,C57BL6,0,0
GGTACTATCCTGACAA-1,OTI,6,248
GGTACTATCGTATAAC-1,OTI,1,113
GGTACTATCGTATCAG-1,OTI,4,23
GGTACTGGTACAGCGC-1,C57BL6,1,5
GGTACTGGTACGCAAT-1,OTI,4,221
GGTACTGGTATATTGG-1,C57BL6,1,8
GGTACTGGTATCCGAG-1,OTI,8,217
GGTACTGGTATTACCT-1,OTI,1,80
GGTACTGGTCAGGTAT-1,C57BL6,1,1
GGTACTGGTCCATTTG-1,OTI,0,0
GGTACTGGTCCGGCCT-1,OTI,0,0
GGTACTGGTCGCCCGT-1,OTI,3,1478
GGTACTGGTGCACAGC-1,OTI,0,0
GGTAGCAAGACCATGC-1,C57BL6,0,0
GGTAGCAAGAGCATGG-1,C57BL6,0,0
GGTAGCAAGATTGAAG-1,C57BL6,0,0
GGTAGCAAGCACCTCC-1,OTI,2,6
GGTAGCAAGCTAGCGT-1,OTI,4,43
GGTAGCAAGGGCGTAA-1,OTI,0,0
GGTAGCAAGGTAGGCA-1,OTI,6,239
GGTAGCCGTACCAGAT-1,OTI,0,0
GGTAGCCGTACTTATC-1,OTI,0,0
GGTAGCCGTAGGCCGT-1,OTI,2,20
GGTAGCCGTCAGCCCC-1,OTI,3,117
GGTAGCCGTCCATCCG-1,OTI,5,51
GGTAGCCGTCGTAGAT-1,C57BL6,0,0
GGTAGCCGTCGTAGTG-1,OTI,4,23
GGTAGCCGTGTCGCTT-1,OTI,1,47
GGTAGCGCAACTATCA-1,OTI,4,200
GGTAGCGCACAGTTTA-1,C57BL6,0,0
GGTAGCGCAGCGTGAG-1,OTI,6,395
GGTAGCGCAGTGATTC-1,OTI,0,0
GGTAGCTTCACATTGG-1,C57BL6,1,7
GGTAGCTTCATCCTAC-1,C57BL6,0,0
GGTAGCTTCATTCTCA-1,OTI,4,672
GGTAGCTTCCAAGTAT-1,OTI,2,693
GGTAGCTTCCCACTTG-1,C57BL6,0,0
GGTAGCTTCGTGCATA-1,OTI,0,0
GGTAGGCAGACAACCC-1,OTI,3,38
GGTAGGCAGAGAGTTA-1,OTI,2,58
GGTAGGCAGATCACAT-1,OTI,1,6
GGTAGGCAGCACAGGA-1,OTI,0,0
GGTAGGCAGGCGATAG-1,OTI,0,0
GGTAGGCAGGTCATCA-1,OTI,5,111
GGTAGGCAGGTCCTTT-1,OTI,1,7
GGTAGGCAGGTCGGAA-1,C57BL6,0,0
GGTAGGGGTACTTGCC-1,C57BL6,0,0
GGTAGGGGTCACTATT-1,OTI,1,20
GGTAGGGGTCGACGGT-1,OTI,5,76
GGTAGGGGTCTTCTCT-1,OTI,1,15
GGTAGGGGTGGCTTAG-1,C57BL6,0,0
GGTAGGGGTGTGCAAT-1,C57BL6,0,0
GGTAGGGGTGTTGGGC-1,OTI,0,0
GGTAGTGAGAACAGAC-1,C57BL6,1,1
GGTAGTGAGACTTTGG-1,OTI,0,0
GGTAGTGAGAGTAAGC-1,OTI,1,24
GGTAGTGAGCGCTGCA-1,OTI,4,136
GGTAGTGAGGGAGCGT-1,C57BL6,2,16
GGTAGTGAGGGGCGAT-1,C57BL6,0,0
GGTAGTTGTAAAGCTC-1,C57BL6,0,0
GGTAGTTGTACCTATT-1,C57BL6,0,0
GGTAGTTGTATAAGCC-1,OTI,7,126
GGTAGTTGTCCGTCTG-1,C57BL6,0,0
GGTAGTTGTCGCCTAT-1,C57BL6,2,30
GGTAGTTGTGCAAGGG-1,OTI,0,0
GGTAGTTGTGGACCGT-1,OTI,2,42
GGTAGTTGTGGAGTAA-1,OTI,0,0
GGTAGTTGTGTAGGTT-1,C57BL6,0,0
GGTATATTCAACCCTT-1,OTI,5,447
GGTATATTCACATAAC-1,OTI,1,5
GGTATATTCCACCCGT-1,OTI,2,16
GGTATATTCCAGCCCT-1,OTI,2,4
GGTATATTCCTGCACC-1,OTI,3,114
GGTATATTCGTTATAA-1,OTI,4,733
GGTATCCAGAGTTGAA-1,OTI,2,16
GGTATCCAGATTACGT-1,OTI,5,28
GGTATCCAGCCGTCAG-1,C57BL6,0,0
GGTATCCAGCGCTTGG-1,OTI,5,246
GGTATCCAGCGTAACC-1,OTI,0,0
GGTATCCAGCGTATAT-1,OTI,2,18
GGTATCCAGGCTTCAA-1,C57BL6,1,6
GGTATCCAGGTCGTAC-1,C57BL6,5,32
GGTATCTCAAACGAGC-1,OTI,1,247
GGTATCTCAACCAAGA-1,OTI,3,29
GGTATCTCAACCCATG-1,C57BL6,3,9
GGTATCTCAACGAAAT-1,OTI,8,66
GGTATCTCACCAGGGA-1,OTI,8,137
GGTATCTCACCCTTAC-1,OTI,1,45
GGTATCTCACGACACC-1,OTI,4,23
GGTATCTCACGGAAAC-1,OTI,0,0
GGTATCTCAGGGCTCT-1,OTI,5,81
GGTATGCTCAAGCACC-1,OTI,0,0
GGTATGCTCAATATTG-1,OTI,2,45
GGTATGCTCACCCATT-1,C57BL6,0,0
GGTATGCTCCGCTAAA-1,OTI,7,43
GGTATGCTCCGCTCTA-1,OTI,1,24
GGTATGCTCCGTGTCC-1,OTI,9,114
GGTATGCTCCTAATGG-1,OTI,9,331
GGTATGCTCCTGTCGC-1,OTI,2,76
GGTATGTGTAATGTCA-1,OTI,1,7
GGTATGTGTACGCTTC-1,OTI,1,2
GGTATGTGTATAAGGG-1,OTI,4,390
GGTATGTGTATAGGAG-1,C57BL6,1,73
GGTATGTGTCAGCAAT-1,C57BL6,3,22
GGTATGTGTCATTCTG-1,C57BL6,1,11
GGTATGTGTCCGCCGT-1,OTI,8,266
GGTATGTGTCCGCTAT-1,OTI,4,220
GGTATGTGTCTATGGG-1,OTI,9,425
GGTATGTGTCTTGGAG-1,C57BL6,1,41
GGTATGTGTGGGGTCT-1,OTI,4,125
GGTATTAGTCTAAGGT-1,C57BL6,3,196
GGTATTAGTGCGTTTC-1,OTI,0,0
GGTATTAGTGTAAGGA-1,OTI,1,2
GGTATTAGTGTGTCCT-1,OTI,2,23
GGTATTAGTGTGTGCA-1,OTI,0,0
GGTATTCCAAACCGGG-1,OTI,8,512
GGTATTCCAACGAGAC-1,OTI,2,12
GGTATTCCACCGCAGT-1,C57BL6,0,0
GGTATTCCACGGGGTA-1,OTI,6,127
GGTATTCCACTATGAC-1,OTI,4,137
GGTATTCCACTTCTAT-1,C57BL6,1,2
GGTATTCCAGCTTATA-1,C57BL6,0,0
GGTATTCCAGTTACTA-1,C57BL6,1,3
GGTATTGTCAATGTTA-1,OTI,3,94
GGTATTGTCAGCATTG-1,C57BL6,0,0
GGTATTGTCCATCGTT-1,C57BL6,1,5
GGTATTGTCCGTGAGT-1,C57BL6,1,4
GGTATTGTCGCCAATA-1,OTI,1,131
GGTATTGTCGGCGTTG-1,OTI,2,14
GGTCAACTCACGCGCA-1,OTI,3,46
GGTCAACTCAGCATTG-1,C57BL6,5,245
GGTCAACTCATCCCCA-1,C57BL6,3,22
GGTCAACTCCGAGCAT-1,C57BL6,0,0
GGTCAACTCCTATTGC-1,OTI,0,0
GGTCAACTCCTGCGTC-1,OTI,1,3
GGTCAACTCCTTCATA-1,OTI,4,380
GGTCAACTCGCTGTGG-1,OTI,1,131
GGTCAATGTAATCTCT-1,C57BL6,1,2
GGTCAATGTAGTGCGC-1,OTI,3,99
GGTCAATGTGCTATCC-1,OTI,3,53
GGTCAATGTGGGTGAG-1,OTI,2,357
GGTCAATGTGTTCAGG-1,C57BL6,0,0
GGTCAATGTGTTGCAG-1,C57BL6,1,4
GGTCAGTTCATAACAC-1,OTI,3,69
GGTCAGTTCATTCAAA-1,OTI,1,473
GGTCAGTTCCCCAGCT-1,OTI,6,187
GGTCAGTTCCCTTTGG-1,OTI,3,144
GGTCAGTTCGCGTCGA-1,OTI,16,258
GGTCAGTTCGCGTGCA-1,OTI,0,0
GGTCAGTTCGTGCAGT-1,OTI,4,38
GGTCATATCAAACCCA-1,OTI,0,0
GGTCATATCCCTAATC-1,C57BL6,0,0
GGTCATATCCCTACGC-1,OTI,1,2
GGTCATATCGTTCGTT-1,C57BL6,2,2
GGTCATTCAACGGGAT-1,OTI,4,27
GGTCATTCAAGCTGAA-1,C57BL6,1,10
GGTCATTCAAGTACTC-1,C57BL6,1,4
GGTCATTCAATATTCG-1,OTI,3,30
GGTCATTCACACTAAC-1,C57BL6,2,30
GGTCATTCAGCGACGA-1,OTI,2,150
GGTCCCCGTATCACGG-1,C57BL6,0,0
GGTCCCCGTCATAGGT-1,OTI,6,141
GGTCCCCGTCCGTGTT-1,OTI,1,1
GGTCCCCGTCGCGTCC-1,OTI,5,52
GGTCCCCGTCTAGCTC-1,C57BL6,0,0
GGTCCCTTCACGACTA-1,OTI,3,173
GGTCCCTTCCACTCCA-1,OTI,3,103
GGTCCCTTCCAGGTTA-1,OTI,0,0
GGTCCTCTCAAGGCTC-1,C57BL6,0,0
GGTCCTCTCACAAGCC-1,OTI,2,105
GGTCCTCTCCCTATAC-1,C57BL6,0,0
GGTCCTCTCCGCTTCA-1,C57BL6,2,11
GGTCCTCTCCTCGCAC-1,OTI,0,0
GGTCGCATCAATCGTG-1,OTI,4,63
GGTCGCATCAATTGGT-1,OTI,3,64
GGTCGCATCACGCTAA-1,OTI,3,10
GGTCGCATCAGACACC-1,OTI,7,194
GGTCGCATCATTCATT-1,OTI,2,28
GGTCGCATCCAAACCA-1,C57BL6,0,0
GGTCGCATCCAGCAAC-1,C57BL6,0,0
GGTCGCATCCCCTATG-1,C57BL6,1,1
GGTCGCATCGTCTCAT-1,C57BL6,0,0
GGTCGTCCAACAATTT-1,OTI,1,10
GGTCGTCCAACCTATA-1,OTI,3,64
GGTCGTCCACCACAAT-1,OTI,2,8
GGTCGTCCACTTAAAT-1,C57BL6,0,0
GGTCGTCCACTTAACA-1,OTI,4,18
GGTCGTTAGACTCCAA-1,OTI,1,60
GGTCGTTAGGGAAACT-1,OTI,5,134
GGTCGTTAGGTAGAAC-1,OTI,3,32
GGTCTAATCAACGAAA-1,OTI,4,99
GGTCTAATCACTACCT-1,OTI,2,25
GGTCTAATCCGGTATA-1,OTI,9,102
GGTCTAATCCTTAACC-1,C57BL6,3,3
GGTCTAATCGCTCCTA-1,C57BL6,0,0
GGTCTAATCGGTAATT-1,OTI,2,11
GGTCTAATCGGTTATG-1,OTI,1,20
GGTCTAGGTAGTTGCG-1,OTI,4,54
GGTCTAGGTCGCGTAA-1,OTI,0,0
GGTCTAGGTCTGGAAT-1,C57BL6,1,19
GGTCTAGGTGCGTTTC-1,C57BL6,2,8
GGTCTAGGTGGGGTAG-1,OTI,2,94
GGTCTATCAAAAGGGG-1,C57BL6,0,0
GGTCTATCAAACATTT-1,OTI,3,958
GGTCTATCAAGAAGCC-1,OTI,0,0
GGTCTCTGTACCACGA-1,C57BL6,1,3
GGTCTCTGTACGCAAT-1,OTI,2,51
GGTCTCTGTAGGAAAT-1,OTI,2,7
GGTCTCTGTAGGGGCA-1,C57BL6,0,0
GGTCTCTGTAGTGTAC-1,OTI,2,1174
GGTCTCTGTCAGCCCC-1,OTI,5,136
GGTCTCTGTCCAAAGT-1,OTI,0,0
GGTCTCTGTGGCTTGA-1,OTI,2,6
GGTCTGTAGAGGGTAT-1,OTI,3,45
GGTCTGTAGCTACGCG-1,OTI,3,601
GGTGAATAGACAATTC-1,OTI,1,3
GGTGAATAGAGTTGAA-1,OTI,1,6
GGTGAATAGCCGCCAA-1,OTI,2,11
GGTGAATAGCCTGACG-1,OTI,4,103
GGTGAATAGGCAGGGT-1,OTI,7,104
GGTGATACAAGCGATA-1,OTI,2,34
GGTGATACAATTAACT-1,OTI,1,6
GGTGATACACACTACG-1,OTI,3,10
GGTGATACACATTCCC-1,OTI,4,69
GGTGATACACCAAGGG-1,OTI,10,175
GGTGATACAGGAAGCT-1,C57BL6,0,0
GGTGATGAGAAGCGTG-1,OTI,1,28
GGTGATGAGCGCTCGA-1,C57BL6,2,8
GGTGATGAGGCGTTTA-1,C57BL6,0,0
GGTGATGAGGCTCGAT-1,OTI,5,243
GGTGATGAGGGGGCAT-1,OTI,2,11
GGTGATGAGGGTAGCA-1,OTI,5,28
GGTGATTGTAACCGGC-1,OTI,4,1654
GGTGATTGTAACGAGA-1,OTI,4,28
GGTGATTGTAATGGGA-1,OTI,1,9
GGTGATTGTACAGAAG-1,OTI,0,0
GGTGATTGTAGCAGTT-1,OTI,6,750
GGTGATTGTCAACCTC-1,C57BL6,2,10
GGTGATTGTCATGTCC-1,OTI,2,15
GGTGATTGTCCTTAGC-1,C57BL6,0,0
GGTGATTGTCGAGTGC-1,OTI,2,4
GGTGATTGTCGCATAG-1,OTI,2,340
GGTGATTGTGGCCCCT-1,C57BL6,1,3
GGTGATTGTGTTGTAA-1,OTI,0,0
GGTGATTGTGTTGTGG-1,OTI,1,3
GGTGCATTCAAACCAT-1,OTI,8,445
GGTGCATTCACAACTG-1,OTI,7,47
GGTGCATTCACTCCCA-1,OTI,2,29
GGTGCATTCACTCTTA-1,OTI,3,5
GGTGCATTCAGTGAAA-1,OTI,4,423
GGTGCATTCATAATTG-1,OTI,4,23
GGTGCATTCCCAACTT-1,C57BL6,0,0
GGTGCATTCCCGAAAC-1,C57BL6,0,0
GGTGCATTCCGAATCA-1,OTI,5,167
GGTGCATTCCGCCTAC-1,C57BL6,0,0
GGTGCATTCGGCCCTT-1,OTI,1,4
GGTGCCGGTAAGCCAT-1,OTI,2,60
GGTGCCGGTATTGCTT-1,OTI,7,339
GGTGCCGGTCGCAGTA-1,C57BL6,0,0
GGTGCCGGTCGTATGG-1,C57BL6,1,5
GGTGCCGGTCTGGTCT-1,C57BL6,2,5
GGTGCCGGTCTTATAC-1,OTI,1,12
GGTGCGACAAAAGTTA-1,C57BL6,0,0
GGTGCGACAAAGTGCA-1,OTI,0,0
GGTGCGACAAGAAGCC-1,OTI,2,13
GGTGCGACAAGCTTCG-1,C57BL6,1,5
GGTGCGACAATCTGAC-1,OTI,10,175
GGTGCGACAATTCAGC-1,OTI,0,0
GGTGCGACACAATAGG-1,OTI,8,536
GGTGCGACACTGTACG-1,OTI,5,10
GGTGCGACAGCTAACT-1,OTI,5,141
GGTGCGTGTACAAGGA-1,OTI,2,30
GGTGCGTGTATCTCGC-1,C57BL6,2,14
GGTGCGTGTCAATTAG-1,OTI,2,97
GGTGCGTGTCGATGAT-1,OTI,6,94
GGTGCGTGTCGCATAG-1,OTI,1,1
GGTGCGTGTCGCCCGT-1,OTI,2,12
GGTGGAGGTAGGATTC-1,C57BL6,1,6
GGTGGAGGTAGTATGC-1,C57BL6,1,2
GGTGGAGGTATGCTCC-1,OTI,0,0
GGTGGAGGTATGTTAG-1,OTI,0,0
GGTGGAGGTCACAGCA-1,OTI,5,152
GGTGGAGGTCCTGATC-1,C57BL6,0,0
GGTGGAGGTGCTAGTG-1,OTI,1,25
GGTGGAGGTGCTATCC-1,OTI,1,1
GGTGGAGGTGGTTGAT-1,OTI,5,38
GGTGGTTTCATGGTGC-1,OTI,2,12
GGTGGTTTCCAACTTC-1,OTI,3,164
GGTGGTTTCCCATCAT-1,C57BL6,0,0
GGTGGTTTCCGTACTT-1,OTI,2,24
GGTGGTTTCCTAATGG-1,OTI,1,10
GGTGGTTTCGGCTTCC-1,C57BL6,2,52
GGTGTATGTAGCAGTT-1,C57BL6,0,0
GGTGTATGTCATACCC-1,OTI,7,171
GGTGTATGTGCCTATC-1,OTI,0,0
GGTGTATGTGCTTCCG-1,OTI,3,29
GGTGTATGTGGAGCAG-1,C57BL6,1,1
GGTGTATGTGGCTTCT-1,OTI,6,183
GGTGTATGTGTATTCT-1,OTI,4,76
GGTGTATGTGTCCATC-1,OTI,4,144
GGTGTCAGTAGAGAAT-1,C57BL6,0,0
GGTGTCAGTCTGTCTA-1,C57BL6,0,0
GGTGTCAGTGGGGTCT-1,C57BL6,2,11
GGTGTCGTCACTATAA-1,OTI,2,109
GGTGTCGTCAGAAGTA-1,OTI,3,29
GGTGTCGTCAGCCGCA-1,C57BL6,0,0
GGTGTCGTCATCGCGG-1,OTI,2,542
GGTGTCGTCCAGTACA-1,OTI,3,149
GGTGTCGTCCTACAAG-1,C57BL6,0,0
GGTGTCGTCGCAATAT-1,OTI,4,248
GGTGTCGTCGCTAACA-1,OTI,1,273
GGTGTGCGTGCACAGC-1,OTI,5,59
GGTGTGCGTGGCTAGC-1,OTI,2,33
GGTGTGCGTGTCTCCG-1,OTI,10,34
GGTGTGCGTGTGCGTA-1,C57BL6,1,2
GGTGTGCGTGTGTCGA-1,OTI,6,54
GGTGTTATCAACCCAA-1,C57BL6,0,0
GGTGTTATCAACGCAC-1,OTI,6,56
GGTGTTATCACTCACT-1,C57BL6,0,0
GGTGTTATCCCACTCA-1,OTI,0,0
GGTGTTATCGCACTCC-1,OTI,1,10
GGTGTTATCGCTATCT-1,C57BL6,4,10
GGTGTTATCGGGCTCA-1,OTI,6,372
GGTGTTCAGACTACAT-1,C57BL6,0,0
GGTGTTCAGCAACATT-1,OTI,0,0
GGTGTTCAGCACCGCA-1,OTI,4,218
GGTGTTCAGCGTATTG-1,C57BL6,2,19
GGTGTTCAGGGTAGGC-1,OTI,4,270
GGTGTTCAGGTATTCG-1,C57BL6,1,6
GGTTAATTCATACCCT-1,C57BL6,0,0
GGTTAATTCCCCAATT-1,OTI,8,186
GGTTAATTCGGCTTCC-1,OTI,8,112
GGTTAATTCGTCGAAC-1,C57BL6,0,0
GGTTAATTCGTGCAAC-1,C57BL6,1,8
GGTTACATCCAGCCTC-1,OTI,5,99
GGTTACATCCCCACTA-1,C57BL6,0,0
GGTTACATCCCTTAGT-1,OTI,3,27
GGTTACATCCGGGTAT-1,OTI,6,305
GGTTACATCGCCCTAC-1,C57BL6,0,0
GGTTACATCGGCTCTC-1,OTI,11,172
GGTTACTCAAAAGCCA-1,OTI,3,478
GGTTACTCAAATGGCA-1,OTI,4,73
GGTTACTCAACAATGG-1,C57BL6,0,0
GGTTACTCAACCTAAC-1,C57BL6,0,0
GGTTACTCACACAATC-1,OTI,5,77
GGTTACTCACGACCTA-1,OTI,3,63
GGTTACTCACGCCTAA-1,OTI,6,174
GGTTACTCAGGAATAT-1,C57BL6,0,0
GGTTACTCAGGATTAG-1,OTI,2,84
GGTTACTCAGGTGATA-1,OTI,4,106
GGTTACTCAGTACGGG-1,OTI,7,441
GGTTAGACAAACCCAT-1,C57BL6,1,5
GGTTAGACAACACCCA-1,OTI,1,12
GGTTAGACAACACTCG-1,OTI,2,16
GGTTAGACAATGCGCC-1,OTI,8,157
GGTTAGACACCCAGAC-1,OTI,1,7
GGTTAGACACGATGTT-1,OTI,2,22
GGTTAGACAGCTCTAG-1,OTI,3,52
GGTTAGCTCAAGCACC-1,OTI,1,1
GGTTAGCTCAAGGCTC-1,OTI,0,0
GGTTAGCTCATCCCCA-1,OTI,4,33
GGTTAGCTCGGCGTCA-1,C57BL6,0,0
GGTTAGCTCGTAGTTG-1,OTI,4,26
GGTTAGCTCGTCAACA-1,OTI,1,3
GGTTAGGAGAACCCAC-1,OTI,1,20
GGTTAGGAGAATGTAG-1,C57BL6,0,0
GGTTAGGAGACAAGTA-1,OTI,3,85
GGTTAGGAGACCTGCG-1,OTI,2,364
GGTTAGGAGACTGCAC-1,OTI,7,30
GGTTAGGAGCAGCGAA-1,OTI,4,145
GGTTAGGAGCCAACCG-1,OTI,0,0
GGTTAGGAGCCGCTAG-1,OTI,9,283
GGTTAGTGTAAGGTTC-1,OTI,2,8
GGTTAGTGTAATCTTC-1,OTI,5,65
GGTTAGTGTACGCCGG-1,C57BL6,1,8
GGTTAGTGTACGCGCG-1,C57BL6,0,0
GGTTAGTGTACTCCCG-1,OTI,5,161
GGTTAGTGTCACCGCC-1,OTI,4,129
GGTTAGTGTCTGTGAG-1,OTI,2,13
GGTTAGTGTGCCTTCG-1,C57BL6,0,0
GGTTATAGTCAATTAG-1,OTI,4,171
GGTTATAGTCGCGGAT-1,OTI,0,0
GGTTATGTCACGAACC-1,C57BL6,0,0
GGTTATGTCACGGTCG-1,OTI,0,0
GGTTATGTCAGTACTG-1,OTI,2,14
GGTTATGTCATACTCC-1,OTI,2,16
GGTTATGTCGTTAGGC-1,OTI,0,0
GGTTCAATCAATATTG-1,OTI,0,0
GGTTCAATCACCTCCA-1,OTI,0,0
GGTTCAATCACGCATA-1,OTI,2,69
GGTTCAATCATTCGCT-1,C57BL6,0,0
GGTTCAATCCCACATT-1,C57BL6,0,0
GGTTCAATCCTCTCCT-1,C57BL6,0,0
GGTTCAATCGCAGTAC-1,C57BL6,1,11
GGTTCAATCGCATAGC-1,C57BL6,0,0
GGTTCAATCGTAGTGC-1,OTI,7,162
GGTTCAGGTAAGTCTA-1,OTI,2,6
GGTTCAGGTAGCAATC-1,OTI,7,373
GGTTCAGGTATCCAGG-1,OTI,6,104
GGTTCAGGTCGACGGT-1,OTI,2,3
GGTTCAGGTCGTGTTC-1,OTI,2,16
GGTTCAGGTGTGTTAA-1,OTI,2,219
GGTTCATCAATACCTA-1,OTI,5,114
GGTTCATCACACTATA-1,OTI,1,6
GGTTCATCACCCAACA-1,C57BL6,0,0
GGTTCATCACTGACCA-1,OTI,3,54
GGTTCATCACTGGGAG-1,C57BL6,0,0
GGTTCCCTCACCAATG-1,OTI,4,25
GGTTCCCTCACTGACA-1,OTI,4,106
GGTTCCCTCACTGTCT-1,C57BL6,0,0
GGTTCCCTCAGTACAT-1,C57BL6,1,3
GGTTCCCTCCTCGGCT-1,OTI,2,201
GGTTCCCTCCTCTGGC-1,OTI,10,140
GGTTCCCTCCTGTTCG-1,OTI,0,0
GGTTCCCTCGCTATCT-1,OTI,5,215
GGTTCCCTCGTATACG-1,OTI,2,15
GGTTCCGAGAAAGCGT-1,OTI,3,4
GGTTCCGAGCAAAGGT-1,OTI,3,22
GGTTCCGAGCCGACAT-1,C57BL6,0,0
GGTTCCGAGCGTCTAA-1,C57BL6,1,9
GGTTCCGAGGTCTGGT-1,OTI,1,3
GGTTCGAGTATGTCTT-1,OTI,1,19
GGTTCGAGTCAAACGT-1,OTI,0,0
GGTTCGAGTCATCATT-1,OTI,1,1
GGTTCGAGTCCAGAAT-1,OTI,0,0
GGTTCGAGTCCCTGAT-1,C57BL6,1,5
GGTTCGCCAAACGCAA-1,OTI,2,11
GGTTCGCCAAATGACG-1,C57BL6,1,1
GGTTCGCCAAGTATCC-1,C57BL6,1,7
GGTTCGCCACCTACGA-1,OTI,1,51
GGTTCGCCACGAACCC-1,OTI,9,234
GGTTCGCCAGCTACCA-1,C57BL6,0,0
GGTTCGGTCACAATCG-1,OTI,3,224
GGTTCGGTCATGAATC-1,OTI,6,236
GGTTCGGTCCAGTATG-1,C57BL6,1,6
GGTTCGGTCCCAACTT-1,OTI,1,3
GGTTCGGTCGCGTTAA-1,C57BL6,0,0
GGTTCGGTCGTAACGC-1,OTI,4,513
GGTTCGGTCGTCTCTG-1,OTI,1,36
GGTTCGTAGAAAGGAG-1,OTI,3,21
GGTTCGTAGAACATAG-1,OTI,7,52
GGTTCGTAGACCTATG-1,OTI,0,0
GGTTCGTAGACGCCCA-1,OTI,1,37
GGTTCGTAGATCCGTA-1,OTI,0,0
GGTTCGTAGATTAACC-1,C57BL6,0,0
GGTTCGTAGGTCGACT-1,OTI,3,32
GGTTGATGTAGGGAGT-1,OTI,3,18
GGTTGATGTATTACAG-1,C57BL6,3,80
GGTTGATGTCAACCCT-1,C57BL6,1,1
GGTTGATGTCACCGTT-1,OTI,2,13
GGTTGATGTCTAATCT-1,OTI,0,0
GGTTGATGTCTCGTCG-1,C57BL6,1,20
GGTTGATGTCTGGTGA-1,OTI,1,8
GGTTGATGTGCCCGAG-1,OTI,11,177
GGTTGATGTGGTTCAG-1,OTI,11,379
GGTTGATGTGTATGCG-1,OTI,5,209
GGTTGCCCAACGGCAG-1,C57BL6,1,12
GGTTGCCCAATGATCC-1,C57BL6,1,10
GGTTGCCCACGTCGGT-1,OTI,1,7
GGTTGGCGTATGCGAT-1,OTI,0,0
GGTTGGCGTCACCCGC-1,OTI,1,201
GGTTGGCGTCATACGG-1,OTI,9,485
GGTTGGCGTCATCGGA-1,OTI,10,329
GGTTGGCGTCCTTAGC-1,C57BL6,2,4
GGTTGGCGTCCTTCCC-1,OTI,0,0
GGTTGGCGTGGTCAAT-1,OTI,0,0
GGTTGGCGTGTACTCC-1,OTI,5,22
GGTTGGGCAACTCACG-1,C57BL6,0,0
GGTTGGGCACAACTCG-1,C57BL6,1,1
GGTTGGGCACACTATA-1,OTI,2,3
GGTTGGGCACAGCGAG-1,OTI,3,105
GGTTGGGCACCGCATA-1,C57BL6,1,5
GGTTGGTTCACTTCTA-1,OTI,5,81
GGTTGGTTCATAAGTC-1,C57BL6,3,3
GGTTGGTTCATCCGTT-1,OTI,0,0
GGTTGGTTCATTCATT-1,OTI,3,104
GGTTGGTTCATTGGCA-1,OTI,0,0
GGTTGGTTCCCACAGG-1,OTI,5,328
GGTTGGTTCGGTATAT-1,OTI,1,2
GGTTGTATCACTAACG-1,OTI,2,701
GGTTGTATCATGGCCG-1,OTI,1,11
GGTTGTATCCCTACCA-1,OTI,0,0
GGTTGTATCCGGACCA-1,OTI,2,39
GGTTGTATCCGTAAAT-1,OTI,0,0
GGTTGTATCGGGTTAC-1,C57BL6,1,6
GGTTGTATCGGTCAGT-1,C57BL6,0,0
GGTTGTCAGAAGGCGC-1,OTI,1,10
GGTTGTCAGACAGAAC-1,C57BL6,1,4
GGTTGTCAGATCGTTG-1,OTI,4,87
GGTTGTCAGGTTGTGC-1,OTI,1,34
GGTTGTGGTACCACTC-1,OTI,3,160
GGTTGTGGTATTGCCC-1,OTI,2,244
GGTTGTGGTCAATCGG-1,OTI,4,205
GGTTGTGGTGGCAAGG-1,C57BL6,0,0
GGTTTAAGTAAATCTG-1,OTI,5,103
GGTTTAAGTCATTATC-1,C57BL6,1,3
GGTTTAAGTCCTTCCC-1,OTI,3,197
GGTTTAAGTCGCTAAG-1,OTI,3,29
GGTTTAAGTCTCCTGG-1,OTI,9,144
GGTTTAAGTGCCACTT-1,OTI,3,121
GGTTTACCAAACCACT-1,C57BL6,0,0
GGTTTACCAACAATTT-1,OTI,1,4
GGTTTACCAAGAGGTC-1,C57BL6,0,0
GGTTTACCACACAAGA-1,OTI,5,304
GGTTTACCAGCGACGA-1,C57BL6,1,3
GGTTTACCAGTAATCC-1,OTI,5,97
GGTTTAGTCACGCGCA-1,OTI,4,102
GGTTTAGTCAGTAAAG-1,C57BL6,1,1
GGTTTAGTCATAACGT-1,OTI,3,28
GGTTTAGTCCGTACAA-1,OTI,1,13
GGTTTAGTCCTATTGC-1,OTI,1,6
GGTTTAGTCGGTCGCA-1,OTI,4,274
GGTTTCAAGACATCCA-1,OTI,2,2
GGTTTCAAGCAGCTAC-1,OTI,0,0
GGTTTCAAGCTGATTG-1,OTI,4,97
GGTTTCCGTACAGCGC-1,OTI,6,357
GGTTTCCGTAGTCGAT-1,OTI,2,30
GGTTTCCGTATGGTTA-1,C57BL6,2,19
GGTTTCCGTCTATCGC-1,OTI,1,10
GGTTTCCGTGCACAGC-1,C57BL6,1,4
GGTTTCCGTGGACGCT-1,OTI,5,412
GGTTTCGCAAAATGAC-1,OTI,2,12
GGTTTCGCAAATTTCG-1,OTI,0,0
GGTTTCGCAATAACTT-1,OTI,1,7
GGTTTCGCACCTTACC-1,OTI,1,1
GGTTTCGCACGGTCGT-1,OTI,3,33
GGTTTCGCACTATAAT-1,OTI,2,19
GGTTTCGCAGTCATCG-1,C57BL6,3,4
GGTTTGGGTAAAGCGA-1,OTI,5,31
GGTTTGGGTACACTCC-1,OTI,4,116
GGTTTGGGTCAGCCCC-1,OTI,4,100
GGTTTGGGTGGGGTAG-1,OTI,0,0
GTAAACGCAAAATGGT-1,C57BL6,0,0
GTAAACGCAATCTCTT-1,C57BL6,2,9
GTAAACGCACATAGAG-1,OTI,2,17
GTAAACGCACCTGACA-1,OTI,0,0
GTAAACGCAGGAAGCT-1,OTI,4,110
GTAAACGCAGGTCATT-1,OTI,0,0
GTAAACGCAGTTGGAA-1,C57BL6,0,0
GTAAAGGGTACGCCGG-1,OTI,6,173
GTAAAGGGTCTATCCA-1,C57BL6,0,0
GTAAAGGGTCTGCGCC-1,OTI,2,39
GTAAAGGGTGTGTGCA-1,OTI,5,42
GTAAAGTCAAACATAA-1,OTI,0,0
GTAAAGTCAAATACAA-1,OTI,3,28
GTAAAGTCACCTAGCA-1,OTI,2,217
GTAAAGTCACGCCATA-1,OTI,2,4
GTAAAGTCACTCCATC-1,OTI,3,49
GTAAAGTCAGGTGATA-1,OTI,1,183
GTAAATCTCACCCTAT-1,OTI,7,12
GTAAATCTCACCCTGC-1,C57BL6,0,0
GTAAATCTCACTTACC-1,OTI,6,69
GTAAATCTCAGCTGTA-1,C57BL6,0,0
GTAAATCTCGCTAACA-1,OTI,0,0
GTAAATCTCGCTTATC-1,C57BL6,0,0
GTAAATCTCGGGCTCA-1,OTI,4,84
GTAAATGAGAAGGGCC-1,C57BL6,0,0
GTAAATGAGACCCCGA-1,C57BL6,0,0
GTAAATGAGACTGCGT-1,OTI,1,80
GTAAATGAGAGGTTAA-1,OTI,2,58
GTAAATGAGCGACCAT-1,OTI,4,185
GTAAATGAGCTAGCTA-1,OTI,6,179
GTAAATGAGGCGCTCA-1,C57BL6,6,13
GTAAATGAGGGGATTG-1,OTI,2,4
GTAACCATCACCACAA-1,C57BL6,1,6
GTAACCATCACCTCAT-1,C57BL6,0,0
GTAACCATCCTATGTC-1,OTI,5,125
GTAACCATCGCGATGT-1,OTI,1,1
GTAACCATCGGACTTA-1,OTI,0,0
GTAACCATCGGTATGC-1,OTI,2,34
GTAACCATCGGTCGCA-1,C57BL6,0,0
GTAACCATCGTAGTCA-1,C57BL6,4,31
GTAACCCAGACAGAAC-1,OTI,3,39
GTAACCCAGCAAGTAA-1,OTI,2,42
GTAACCCAGCACTTAG-1,OTI,4,34
GTAACCCAGCCATATG-1,OTI,0,0
GTAACCCAGCGCCTGA-1,OTI,5,237
GTAACCCAGGCTAACC-1,C57BL6,1,18
GTAACCCAGGTCCATA-1,C57BL6,0,0
GTAACCTCAACTCCCT-1,OTI,2,10
GTAACCTCACATAGTC-1,OTI,0,0
GTAACCTCACGCTCAA-1,OTI,1,3
GTAACCTCACGTACGC-1,OTI,2,12
GTAACCTCAGCCAAGG-1,OTI,3,49
GTAACGCTCACCTACT-1,C57BL6,0,0
GTAACGCTCACCTTAC-1,OTI,3,55
GTAACGCTCACGCATA-1,OTI,3,22
GTAACGCTCCCTGAAA-1,OTI,3,34
GTAACGCTCCCTGCAC-1,OTI,1,4
GTAACGCTCGTGAACC-1,OTI,0,0
GTAACGCTCGTGTCAA-1,OTI,3,164
GTAACGCTCGTTAGGC-1,OTI,8,124
GTAACGTGTAAACGCT-1,C57BL6,0,0
GTAACGTGTAACGAGA-1,OTI,1,22
GTAACGTGTAAGGGTA-1,OTI,2,113
GTAACGTGTACTGGAT-1,C57BL6,1,6
GTAACGTGTAGCATCG-1,C57BL6,0,0
GTAACGTGTCACGAAT-1,OTI,0,0
GTAACGTGTCACGCGG-1,C57BL6,0,0
GTAACGTGTCATTATC-1,OTI,0,0
GTAACGTGTCGTTGCT-1,OTI,1,2
GTAACGTGTGTTCGAG-1,OTI,0,0
GTAACTGTCAAGCATT-1,C57BL6,0,0
GTAACTGTCACAGGTC-1,OTI,0,0
GTAACTGTCCAAGTGC-1,OTI,3,19
GTAACTGTCCGTTACT-1,C57BL6,1,4
GTAAGACAGAAGTAGC-1,OTI,1,16
GTAAGACAGCGGTGTT-1,C57BL6,0,0
GTAAGACAGGTCCATA-1,C57BL6,0,0
GTAAGATCAACTAATT-1,OTI,7,459
GTAAGATCACAGGTAA-1,OTI,1,48
GTAAGATCACCGTTTC-1,OTI,2,12
GTAAGATCACCTTCCG-1,OTI,0,0
GTAAGATCACTACTTT-1,OTI,5,297
GTAAGATCACTCCTAC-1,OTI,1,47
GTAAGCCTCCATCTGT-1,OTI,2,18
GTAAGCCTCCGCATAA-1,OTI,2,359
GTAAGCCTCCGCCGTT-1,OTI,1,5
GTAAGCCTCGTGGCAT-1,OTI,2,33
GTAAGCCTCGTTGGCG-1,OTI,4,120
GTAAGCGAGACAGCCT-1,OTI,7,23
GTAAGCGAGACGAGGC-1,OTI,0,0
GTAAGCGAGCAATATC-1,OTI,0,0
GTAAGCGAGCTAAATC-1,OTI,2,18
GTAAGCGAGGGTAGTG-1,OTI,4,151
GTAAGCGAGGTCCCGA-1,C57BL6,1,1
GTAAGCGAGGTGTATT-1,C57BL6,0,0
GTAAGCTGTAACTAGC-1,OTI,6,56
GTAAGCTGTAATGGAG-1,OTI,3,38
GTAAGCTGTATCACCC-1,C57BL6,0,0
GTAAGCTGTGGGTGCT-1,OTI,8,356
GTAAGCTGTGGGTTAT-1,C57BL6,1,10
GTAAGGAGTACAGTTA-1,C57BL6,2,9
GTAAGGAGTATGAAGG-1,OTI,0,0
GTAAGGAGTCCAGATG-1,OTI,4,58
GTAAGGAGTGGGATGG-1,OTI,1,154
GTAAGGAGTGGTTCGA-1,OTI,1,19
GTAAGGTAGAGGTTGG-1,OTI,1,20
GTAAGGTAGAGTGGGC-1,C57BL6,0,0
GTAAGGTAGCATCGAC-1,OTI,0,0
GTAAGGTAGCGTGAGA-1,OTI,0,0
GTAAGGTAGGGAGCGT-1,OTI,1,7
GTAAGGTAGGTTATGT-1,OTI,2,132
GTAAGTAAGAATGGGT-1,OTI,3,16
GTAAGTAAGACAGCGA-1,C57BL6,0,0
GTAAGTAAGCGTCAAC-1,OTI,7,63
GTAAGTAAGCTAAGCC-1,C57BL6,1,2
GTAAGTAAGGGACGTA-1,OTI,11,105
GTAAGTCGTATCCTAT-1,OTI,5,157
GTAAGTCGTATGCGCA-1,OTI,3,89
GTAAGTCGTATGTACA-1,OTI,0,0
GTAAGTCGTCAATTAG-1,OTI,0,0
GTAAGTCGTCTTCTCT-1,OTI,6,36
GTAAGTCGTGCCCATT-1,C57BL6,3,14
GTAAGTCGTGGTGATT-1,OTI,0,0
GTAATAGAGAACTCAT-1,OTI,1,7
GTAATAGAGACAAGAC-1,OTI,1,8
GTAATAGAGACCCACG-1,OTI,4,85
GTAATAGAGAGAGGAA-1,OTI,0,0
GTAATAGAGATCGACC-1,OTI,0,0
GTAATAGAGCAATTGT-1,OTI,0,0
GTAATAGAGCTACATG-1,OTI,4,49
GTAATAGAGCTCACCC-1,OTI,1,1
GTAATAGAGGGCATAG-1,C57BL6,0,0
GTAATCCCAAATTACT-1,OTI,1,14
GTAATCCCACTGACGC-1,C57BL6,0,0
GTAATCCCAGTGTTCG-1,OTI,4,20
GTAATCGTCAAGCGTC-1,C57BL6,0,0
GTAATCGTCCCATACT-1,OTI,1,12
GTAATCGTCGTCCCTA-1,OTI,3,103
GTAATGAAGATCGATT-1,OTI,3,44
GTAATGAAGCCATAGC-1,C57BL6,0,0
GTAATGAAGCGGCCTA-1,OTI,6,123
GTAATTATCAATCGCA-1,C57BL6,3,22
GTAATTATCAGTCCTT-1,C57BL6,0,0
GTAATTATCCATGGGT-1,OTI,3,3
GTAATTATCGCTTACT-1,OTI,4,130
GTAATTATCGGCCAAT-1,OTI,3,28
GTAATTATCGGCTATA-1,OTI,7,55
GTAATTATCGGTGTTA-1,OTI,0,0
GTAATTATCGTACGTA-1,C57BL6,1,34
GTAATTCAGAATCTGT-1,OTI,6,396
GTAATTCAGACCCGTG-1,OTI,0,0
GTAATTCAGACGACAG-1,OTI,1,1
GTAATTCAGAGAATCA-1,C57BL6,0,0
GTAATTCAGATACGGG-1,OTI,4,18
GTAATTCAGCAAATTC-1,OTI,0,0
GTAATTCAGCTGGGTT-1,C57BL6,2,17
GTAATTCAGGCGTCCA-1,OTI,7,173
GTAATTGGTAAGTTGC-1,OTI,1,16
GTAATTGGTACATAGC-1,OTI,1,7
GTAATTGGTAGTCTCC-1,OTI,2,6
GTAATTGGTAGTGTTA-1,OTI,2,64
GTAATTGGTATGCCGA-1,OTI,2,17
GTAATTGGTGCCTCGC-1,OTI,0,0
GTAATTGGTGCTTAGG-1,OTI,5,162
GTAATTGGTGGCTAGC-1,OTI,0,0
GTACAAGCACAAGCGG-1,OTI,5,45
GTACAAGCACGTACGC-1,OTI,2,8
GTACAAGCACTAATAT-1,C57BL6,0,0
GTACAAGCAGTTGAGA-1,OTI,0,0
GTACAATTCAAATCAC-1,OTI,3,128
GTACAATTCAGAGAAC-1,OTI,6,45
GTACAATTCCCTAACT-1,OTI,2,49
GTACAATTCCGGAATC-1,OTI,2,8
GTACAATTCCGGCTTC-1,OTI,0,0
GTACAATTCCGGTCAG-1,OTI,2,13
GTACAATTCGCTCTAT-1,OTI,0,0
GTACATCCAAAGCTTC-1,C57BL6,1,1
GTACATCCAAATTAAG-1,C57BL6,0,0
GTACATCCAAGCATTC-1,OTI,3,217
GTACATCCACAAGTAG-1,C57BL6,0,0
GTACATCCACTCGTTC-1,OTI,2,58
GTACATCCAGCTCGGT-1,OTI,2,14
GTACATCCAGCTGTAT-1,C57BL6,1,1
GTACATCCAGCTTACG-1,OTI,3,80
GTACATCCAGTCTAAC-1,C57BL6,1,1
GTACATGTCCACTCCA-1,C57BL6,1,12
GTACATGTCGCTCCAC-1,OTI,4,45
GTACATGTCGTACGTA-1,OTI,9,65
GTACCCGAGAAGGTTA-1,OTI,3,35
GTACCCGAGATCCACA-1,OTI,2,4
GTACCCGAGATGACGG-1,C57BL6,0,0
GTACCCGAGATGGAGT-1,C57BL6,0,0
GTACCCGAGCAACCCG-1,C57BL6,0,0
GTACCCGAGCAAGACG-1,C57BL6,0,0
GTACCCGAGCCAGTAC-1,OTI,0,0
GTACCCGAGCGACGTT-1,OTI,4,51
GTACCCGAGGCCCTGA-1,OTI,3,4
GTACCCGAGGTACGTC-1,C57BL6,0,0
GTACCCGAGGTCAATT-1,OTI,3,138
GTACCCGAGGTCGGAA-1,C57BL6,3,3
GTACCCTGTACGGTGC-1,OTI,0,0
GTACCCTGTCATCGAG-1,C57BL6,0,0
GTACCTTTCGCAAGTC-1,C57BL6,1,1
GTACCTTTCGTGTATG-1,C57BL6,0,0
GTACGAACAATCATCA-1,OTI,6,92
GTACGAACAATCTTAG-1,C57BL6,0,0
GTACGAACACAACATC-1,C57BL6,0,0
GTACGAACACAATGTC-1,OTI,0,0
GTACGAACACAGTGGG-1,OTI,9,235
GTACGAACACGTTTCC-1,OTI,2,2
GTACGAACAGTATACC-1,OTI,2,20
GTACGAACAGTTCGCA-1,C57BL6,0,0
GTACGCCCAATCGTCG-1,C57BL6,2,21
GTACGCCCACAGCGGA-1,OTI,1,91
GTACGCCCACCTGACA-1,OTI,0,0
GTACGCCCAGGAAAGG-1,OTI,4,4
GTACGCCCAGGTAGCG-1,C57BL6,0,0
GTACGCCCAGTAGGGT-1,OTI,1,4
GTACGGGCAACGTTAC-1,OTI,3,167
GTACGGGCACATCATA-1,OTI,7,128
GTACGGGCACCTGTAG-1,C57BL6,0,0
GTACGGGCAGCCTCTT-1,OTI,2,6
GTACGGGCAGGAAGCT-1,OTI,2,7
GTACGGGCAGGTGATA-1,OTI,7,86
GTACGGTTCACTCGTT-1,OTI,4,20
GTACGGTTCCAGCTAA-1,OTI,3,378
GTACGGTTCCAGGTGT-1,OTI,0,0
GTACGGTTCCCAACTT-1,C57BL6,0,0
GTACGGTTCCGTATTC-1,OTI,0,0
GTACGGTTCGGATCCG-1,OTI,3,172
GTACGGTTCGGGTATC-1,OTI,2,12
GTACGGTTCGTCCATT-1,OTI,3,68
GTACGTATCACAATCG-1,OTI,0,0
GTACGTATCATAGCGC-1,C57BL6,1,3
GTACGTATCCATAGGC-1,OTI,0,0
GTACGTATCCCACCGT-1,OTI,3,821
GTACGTATCCCCTAGC-1,OTI,5,91
GTACGTATCCGGGCTA-1,OTI,0,0
GTACGTATCGTAGCGT-1,OTI,2,24
GTACGTATCGTGACTA-1,OTI,0,0
GTACGTCAGAGCCTGT-1,C57BL6,0,0
GTACGTCAGAGGTTGG-1,OTI,1,7
GTACGTCAGATAACGA-1,OTI,1,1
GTACGTCAGGCTAAGG-1,C57BL6,1,4
GTACGTCAGGCTTCCC-1,OTI,3,17
GTACGTCAGGTGGGTA-1,OTI,1,117
GTACGTGGTATGCCTC-1,OTI,5,44
GTACGTGGTCCGTTGT-1,C57BL6,0,0
GTACGTGGTGCCCTAT-1,C57BL6,2,8
GTACGTGGTGGAAAGC-1,C57BL6,0,0
GTACGTGGTGTGCGGT-1,C57BL6,1,9
GTACGTGGTGTTCTAT-1,OTI,3,151
GTACTCCGTATCTGTT-1,OTI,0,0
GTACTCCGTCCGTAAG-1,C57BL6,1,5
GTACTCCGTCCTAGCT-1,C57BL6,0,0
GTACTCCGTCGGATAT-1,OTI,2,449
GTACTCCGTGGGTGCT-1,OTI,2,7
GTACTCGCAAGCGTAA-1,OTI,5,591
GTACTCGCAAGTCTCG-1,OTI,2,36
GTACTCGCAGCTAACT-1,OTI,2,64
GTACTCGCAGGAGCCA-1,OTI,6,122
GTACTCGCAGGATGAC-1,OTI,1,8
GTACTCGCAGGGTCAG-1,OTI,3,40
GTACTCGCAGTCTATA-1,OTI,1,75
GTACTTACAAACATAA-1,C57BL6,0,0
GTACTTACAAGGAGGA-1,OTI,1,3
GTACTTACAATCATGC-1,OTI,3,15
GTACTTACACAAATGG-1,OTI,1,16
GTACTTACACCAGACC-1,C57BL6,0,0
GTACTTACACCCTTAC-1,C57BL6,1,6
GTACTTACACGAATCT-1,OTI,5,241
GTACTTACACTCGGGT-1,OTI,3,59
GTACTTACACTTAAGC-1,OTI,1,3
GTACTTACAGTACGGG-1,OTI,1,8
GTACTTACAGTGAGGT-1,OTI,5,289
GTACTTCTCAATCGTG-1,OTI,1,414
GTACTTCTCACGACAC-1,OTI,0,0
GTACTTCTCACGCATA-1,OTI,5,258
GTACTTCTCCGGCTTC-1,C57BL6,0,0
GTACTTCTCCTTCGCA-1,OTI,3,78
GTACTTCTCGCGACAT-1,C57BL6,0,0
GTAGAACAGAATTGAG-1,OTI,3,35
GTAGAACAGACGACAG-1,OTI,2,11
GTAGAACAGCGCGATT-1,OTI,2,43
GTAGAACAGCTGATAT-1,OTI,3,73
GTAGAACAGGCGGGAT-1,OTI,0,0
GTAGAACAGGCTATGC-1,OTI,0,0
GTAGAACAGGGGTTGA-1,OTI,1,2
GTAGAAGGTACGTGCA-1,OTI,4,50
GTAGAAGGTACTTATC-1,C57BL6,0,0
GTAGAAGGTAGTGTGT-1,C57BL6,0,0
GTAGAAGGTATTGCGG-1,OTI,2,107
GTAGAAGGTCCGCTAT-1,OTI,2,4
GTAGAAGGTCTTGTAT-1,OTI,5,61
GTAGAAGGTGCACTCT-1,OTI,4,92
GTAGACGAGACACATT-1,OTI,1,316
GTAGACGAGAGGTACG-1,C57BL6,0,0
GTAGACGAGATCAGGG-1,C57BL6,0,0
GTAGACGAGATGTGAA-1,OTI,1,7
GTAGACGAGCCGCACA-1,C57BL6,2,16
GTAGACGAGCGTGTCG-1,OTI,0,0
GTAGACGAGGCACGAA-1,OTI,0,0
GTAGAGTAGACTTTGG-1,C57BL6,0,0
GTAGAGTAGAGCCGTT-1,OTI,2,15
GTAGAGTAGCATGGAG-1,OTI,0,0
GTAGAGTAGGTGTTAT-1,OTI,1,322
GTAGAGTAGGTTCGAC-1,C57BL6,1,10
GTAGATTTCACTTTCA-1,OTI,4,82
GTAGATTTCCTGTTAC-1,C57BL6,0,0
GTAGATTTCGGATACC-1,C57BL6,0,0
GTAGCACTCACAGGTC-1,OTI,0,0
GTAGCACTCCAATTCC-1,OTI,1,17
GTAGCACTCGGGCTCA-1,OTI,3,22
GTAGCACTCGTCCAAA-1,OTI,9,287
GTAGCACTCGTCCGCT-1,OTI,0,0
GTAGCAGAGAAACCGG-1,C57BL6,1,5
GTAGCAGAGACTGCAC-1,OTI,2,47
GTAGCAGAGGGCTCAT-1,OTI,0,0
GTAGCAGAGGGTGTTC-1,OTI,1,21
GTAGCATGTGCAAGCC-1,C57BL6,0,0
GTAGCATGTGTAGTGT-1,C57BL6,0,0
GTAGCCCCACATGCGC-1,C57BL6,0,0
GTAGCCCCACGCAGTC-1,OTI,1,17
GTAGCGCGTATCGCGA-1,OTI,0,0
GTAGCGCGTCCCTTGG-1,C57BL6,0,0
GTAGCGCGTCCGTGTT-1,OTI,2,68
GTAGCGCGTGTCTATT-1,C57BL6,0,0
GTAGCGCGTGTTCAGG-1,C57BL6,1,23
GTAGCGGCAACTGGGG-1,C57BL6,0,0
GTAGCGGCAACTTAGC-1,OTI,2,12
GTAGCGGCAAGTCGGG-1,OTI,1,32
GTAGCGGCAATACCTA-1,OTI,2,15
GTAGCGGCACCCTTCG-1,OTI,0,0
GTAGCGTTCAGGCTGT-1,OTI,1,4
GTAGCGTTCATAAGTC-1,C57BL6,0,0
GTAGCGTTCATTCGTC-1,OTI,1,112
GTAGCGTTCCTCCAAT-1,OTI,1,312
GTAGCGTTCGCATCGG-1,OTI,6,79
GTAGCTATCAGTCAGC-1,C57BL6,0,0
GTAGCTATCATCTCCG-1,OTI,2,154
GTAGCTATCATGCTTC-1,OTI,7,172
GTAGCTCAGAACTGAA-1,OTI,1,26
GTAGCTCAGAAGTGTA-1,OTI,6,160
GTAGCTCAGCCGGTAT-1,OTI,4,170
GTAGCTCAGCGTACGT-1,C57BL6,0,0
GTAGCTCAGCTATGGC-1,OTI,0,0
GTAGCTCAGCTCGGCA-1,C57BL6,0,0
GTAGCTCAGGCATCGT-1,OTI,3,26
GTAGGATAGACCTGTA-1,OTI,4,30
GTAGGATAGATTACGT-1,OTI,4,112
GTAGGATAGCCAGGTT-1,OTI,6,82
GTAGGATAGCCGTAAC-1,OTI,3,243
GTAGGATAGCCTTTCG-1,OTI,2,41
GTAGGATAGCGCCCAA-1,OTI,1,37
GTAGGATAGCGTGCAT-1,C57BL6,1,14
GTAGGATAGGCTCATA-1,OTI,2,7
GTAGGCAAGATCATCG-1,C57BL6,0,0
GTAGGCAAGCAAAGGT-1,OTI,3,88
GTAGGCAAGCAATGCC-1,OTI,0,0
GTAGGCAAGCTGAATT-1,OTI,4,480
GTAGGCAAGGCGATAG-1,C57BL6,2,47
GTAGGCAAGGGTTAGG-1,C57BL6,0,0
GTAGGCAAGGTCCATA-1,OTI,7,32
GTAGGCGCAACTCTCC-1,OTI,5,155
GTAGGCGCAAGAGAGG-1,C57BL6,1,17
GTAGGCGCACGGCAAG-1,OTI,4,118
GTAGGCGCAGGATAGC-1,OTI,5,192
GTAGGCGCAGTGAAGC-1,OTI,8,137
GTAGGCTTCACACAAT-1,C57BL6,0,0
GTAGGCTTCCCAATTC-1,C57BL6,1,7
GTAGGCTTCGCCCTTA-1,OTI,4,66
GTAGGCTTCGCTTCTG-1,C57BL6,1,4
GTAGGCTTCGGAAAGT-1,OTI,4,4
GTAGGGCAGCTTAGGC-1,OTI,2,27
GTAGGGCAGGCGCATT-1,C57BL6,0,0
GTAGGGCAGGTATTCG-1,OTI,2,20
GTAGGGTCACTTATCT-1,OTI,4,422
GTAGGGTCACTTGACG-1,OTI,2,86
GTAGGGTCAGGCGACA-1,C57BL6,0,0
GTAGGTCTCCGACTCC-1,OTI,0,0
GTAGGTCTCGGTGCAT-1,OTI,0,0
GTAGGTGAGCACTACA-1,OTI,5,74
GTAGGTGAGCAGCCAT-1,OTI,5,42
GTAGGTGAGCAGCGTT-1,OTI,1,5
GTAGGTGAGGCGGGAT-1,OTI,0,0
GTAGGTGAGGCGTTAC-1,OTI,4,173
GTAGGTTGTAGTCCGA-1,OTI,0,0
GTAGGTTGTCGGATAT-1,OTI,0,0
GTAGGTTGTGCCTCGC-1,OTI,4,23
GTAGTAAAGGGGTTGA-1,OTI,5,316
GTAGTAGCAACCCATG-1,C57BL6,0,0
GTAGTAGCAACGCGAG-1,OTI,5,380
GTAGTAGCAGCGATAA-1,OTI,1,3
GTAGTCATCAACCCTT-1,OTI,0,0
GTAGTCATCACTAATA-1,C57BL6,0,0
GTAGTCATCATACCCT-1,OTI,0,0
GTAGTCATCATACGCA-1,OTI,2,234
GTAGTCATCATGGCGT-1,OTI,4,153
GTAGTCATCATGGTGC-1,C57BL6,0,0
GTAGTCATCCATCGCC-1,OTI,4,687
GTAGTCATCCCAAGTA-1,OTI,5,398
GTAGTCATCCCCTAAT-1,C57BL6,0,0
GTAGTCATCCCTTCTC-1,C57BL6,0,0
GTAGTCATCCGATGTA-1,OTI,1,6
GTAGTCATCGGGTTAC-1,OTI,0,0
GTAGTGCTCACAGTTG-1,C57BL6,0,0
GTAGTGCTCATCCCGC-1,OTI,3,208
GTAGTGCTCCTAAGCA-1,C57BL6,0,0
GTAGTGCTCGGAAACG-1,OTI,1,40
GTAGTGCTCGTATGTG-1,C57BL6,0,0
GTAGTGGAGACCAATT-1,C57BL6,0,0
GTAGTGGAGAGGATTA-1,OTI,3,48
GTAGTGGAGATCGGTC-1,OTI,0,0
GTAGTGGAGCAGTCTA-1,OTI,3,15
GTAGTGGAGGCCCAAT-1,C57BL6,1,6
GTAGTGGAGGTTATGT-1,OTI,16,321
GTAGTGTGTACAGCGC-1,C57BL6,0,0
GTAGTGTGTCACGCGG-1,OTI,3,21
GTAGTGTGTCTACTAT-1,OTI,2,10
GTAGTGTGTGCGCCTC-1,OTI,7,272
GTAGTGTGTGGTGCCG-1,OTI,2,60
GTAGTGTGTGTACCCT-1,OTI,0,0
GTAGTTAGTCTATAAG-1,OTI,7,203
GTAGTTAGTCTGTCCG-1,OTI,3,210
GTAGTTAGTGGTGATT-1,OTI,1,7
GTAGTTAGTGTAAAGG-1,C57BL6,0,0
GTAGTTAGTGTAGTGT-1,OTI,0,0
GTAGTTGTCAAGCCGT-1,OTI,3,106
GTAGTTGTCCTACAAG-1,C57BL6,0,0
GTAGTTGTCCTTCATA-1,C57BL6,0,0
GTAGTTGTCGCAGTGT-1,OTI,2,26
GTAGTTTAGACCCATA-1,OTI,4,94
GTAGTTTAGACGTCCG-1,C57BL6,1,11
GTAGTTTAGCAAATTC-1,OTI,5,93
GTAGTTTAGCACGTAC-1,OTI,2,5
GTAGTTTAGCTACGAC-1,C57BL6,0,0
GTAGTTTAGGGGTATG-1,OTI,3,51
GTAGTTTAGGTGTCCG-1,OTI,4,110
GTATAACTCAGCTGTA-1,OTI,5,154
GTATAACTCCTAGCAA-1,C57BL6,0,0
GTATAACTCCTGCACC-1,OTI,1,104
GTATAACTCGGAGTCT-1,OTI,1,3
GTATAACTCGTAACTG-1,C57BL6,5,7
GTATACCCAACCTACG-1,C57BL6,1,26
GTATACCCAACCTGCA-1,OTI,4,173
GTATACCCAACGTGGG-1,OTI,5,28
GTATACCCACCCAAGC-1,C57BL6,0,0
GTATACCCAGTGCATT-1,OTI,3,127
GTATACGTCAAACCGC-1,OTI,0,0
GTATACGTCAGAGAAC-1,C57BL6,0,0
GTATACGTCGTAAATC-1,OTI,2,13
GTATACTAGACCTTAG-1,OTI,6,64
GTATACTAGCGCAGTT-1,OTI,0,0
GTATACTAGGCGTGTT-1,OTI,2,48
GTATAGAAGAAGGCAT-1,OTI,6,116
GTATAGAAGCCATCAA-1,C57BL6,0,0
GTATAGAAGCCTATGA-1,OTI,3,98
GTATAGAAGCTAGTTG-1,OTI,2,5
GTATAGAAGGTTGTAT-1,OTI,4,182
GTATAGCGTAACTTTC-1,C57BL6,1,6
GTATAGCGTATCCGAG-1,OTI,3,44
GTATAGCGTATCTCGC-1,OTI,1,9
GTATAGCGTCCCTTGG-1,C57BL6,2,8
GTATAGCGTGCTGGGT-1,C57BL6,0,0
GTATAGCGTGGCTTAG-1,C57BL6,1,3
GTATAGGCAAAGGGAG-1,OTI,3,28
GTATAGGCAACACAAG-1,OTI,0,0
GTATAGGCAATCCGCA-1,C57BL6,0,0
GTATAGGCACATAGAG-1,OTI,0,0
GTATAGTTCACTGACA-1,C57BL6,0,0
GTATAGTTCAGTTAGT-1,OTI,2,83
GTATAGTTCCAACGTA-1,OTI,0,0
GTATAGTTCCCAACTT-1,C57BL6,0,0
GTATAGTTCCGCTTGC-1,OTI,3,26
GTATAGTTCGCGGCTA-1,C57BL6,0,0
GTATAGTTCGGAAAGT-1,C57BL6,1,11
GTATAGTTCGGACATC-1,C57BL6,1,5
GTATAGTTCGGTATAT-1,OTI,1,5
GTATAGTTCGTCCTGC-1,OTI,8,273
GTATATCAGAGCATGG-1,C57BL6,3,59
GTATATCAGAGGGTGC-1,OTI,3,23
GTATATCAGCATGGTC-1,OTI,4,282
GTATATCAGCCGTAAC-1,OTI,6,132
GTATATCAGGCAAAGT-1,C57BL6,0,0
GTATATCAGGCAACGA-1,OTI,4,43
GTATATCAGGGTAGCA-1,OTI,0,0
GTATATCAGGTCACGT-1,OTI,7,68
GTATCACCACCATGCA-1,OTI,1,74
GTATCACCACCTTCCG-1,OTI,0,0
GTATCACCACTTAGTA-1,C57BL6,0,0
GTATCACCAGGGTTAA-1,OTI,2,36
GTATCAGTCCACTCCA-1,OTI,2,32
GTATCAGTCCGACCCT-1,OTI,0,0
GTATCAGTCCGACGCA-1,OTI,0,0
GTATCAGTCGCATAGC-1,OTI,1,11
GTATCAGTCGTTGACA-1,C57BL6,1,50
GTATCAGTCGTTGCCC-1,OTI,5,205
GTATCCAAGATGGTTT-1,OTI,3,254
GTATCCAAGGCTAAGG-1,OTI,9,371
GTATCCAAGGTCGAAG-1,C57BL6,2,2
GTATCCCGTACAGCAT-1,OTI,5,722
GTATCCCGTACGGGCT-1,OTI,5,40
GTATCCCGTACTTCTG-1,OTI,0,0
GTATCCCGTCCAGTAG-1,OTI,0,0
GTATCCCGTGCACGTA-1,C57BL6,2,2
GTATCCCGTGTTAGTA-1,OTI,0,0
GTATCGATCACTTCTA-1,C57BL6,0,0
GTATCGATCATGTAAC-1,OTI,4,243
GTATCGATCCCTAAAG-1,OTI,3,325
GTATCGATCCTAGGGT-1,OTI,11,218
GTATCGATCCTGCACC-1,OTI,5,41
GTATCGATCGCCTAAA-1,OTI,0,0
GTATCGATCGGACCTG-1,C57BL6,1,6
GTATCGGGTAAGTGTC-1,C57BL6,0,0
GTATCGGGTAGCCAGC-1,C57BL6,0,0
GTATCGGGTCTAACCC-1,OTI,1,14
GTATCGGGTGTGGTGC-1,OTI,2,87
GTATCTCTCACGCCTC-1,OTI,6,338
GTATCTCTCACGGTGT-1,C57BL6,1,17
GTATCTCTCGCAAAGG-1,C57BL6,0,0
GTATCTCTCGCGCGTA-1,OTI,3,81
GTATCTCTCGGAAGCA-1,OTI,0,0
GTATCTTGTACATAGC-1,OTI,4,298
GTATCTTGTAGTAAGG-1,C57BL6,1,1
GTATCTTGTATTCTGT-1,OTI,3,135
GTATCTTGTCCCAATC-1,C57BL6,0,0
GTATCTTGTCGCAGTA-1,C57BL6,0,0
GTATCTTGTCTTAGGG-1,OTI,1,109
GTATCTTGTGCGTTAG-1,OTI,1,31
GTATGCATCAACCTCT-1,C57BL6,2,69
GTATGCATCAATGGTT-1,C57BL6,1,8
GTATGCATCAGGAATA-1,OTI,0,0
GTATGCATCCGGTATA-1,OTI,2,50
GTATGCATCCTGACAA-1,OTI,6,298
GTATGCGGTCCCTGTG-1,C57BL6,1,6
GTATGCGGTGCATCAG-1,OTI,6,164
GTATGCTCAACACTTA-1,OTI,0,0
GTATGCTCAACAGAAT-1,C57BL6,0,0
GTATGCTCAACATACC-1,OTI,0,0
GTATGCTCAATTCAGC-1,OTI,3,27
GTATGCTCACAGTTTA-1,OTI,2,21
GTATGCTCACCTAGGC-1,OTI,5,77
GTATGCTCACGACACC-1,C57BL6,0,0
GTATGCTCAGCTAAAG-1,C57BL6,0,0
GTATGGACAAAAGCGC-1,OTI,0,0
GTATGGACACACGCAC-1,OTI,3,20
GTATGGACACTGACAT-1,OTI,5,32
GTATGGGAGACATAGA-1,C57BL6,1,3
GTATGGGAGATATACC-1,OTI,5,76
GTATGGGAGCCGTGAT-1,OTI,2,125
GTATGGGAGCCTGTAA-1,C57BL6,0,0
GTATGGGAGCCTTTCG-1,OTI,5,50
GTATGGGAGGCTCAGT-1,OTI,4,148
GTATGGGAGGGCTGAA-1,OTI,4,34
GTATGGGAGGGTTGTC-1,OTI,3,189
GTATGGGAGGTCGAAG-1,OTI,3,18
GTATGTAGTAATTCAG-1,OTI,4,158
GTATGTAGTATTGTCT-1,C57BL6,0,0
GTATGTAGTCGACTAG-1,OTI,0,0
GTATGTAGTGCTCGTT-1,OTI,3,38
GTATGTAGTGTCGCTT-1,OTI,3,484
GTATGTAGTGTTCGTC-1,OTI,1,4
GTATGTCCAAACCAGA-1,C57BL6,0,0
GTATGTCCAACAATGG-1,C57BL6,0,0
GTATGTCCAACCCTCT-1,OTI,2,15
GTATGTCCAACGCACC-1,OTI,5,126
GTATGTCCAATATTCG-1,OTI,7,294
GTATGTCCACAGTGCC-1,C57BL6,0,0
GTATGTCCACCACGTA-1,C57BL6,0,0
GTATGTCCACCTACTC-1,OTI,3,38
GTATGTCCACCTGACA-1,OTI,2,69
GTATGTCCAGCATGGG-1,OTI,5,146
GTATGTCCAGCCTTTC-1,OTI,3,96
GTATGTGTCACCCCGT-1,OTI,1,12
GTATGTGTCAGCTGTA-1,OTI,0,0
GTATGTGTCAGTGGCT-1,OTI,2,25
GTATGTGTCCATACCT-1,OTI,5,105
GTATGTGTCCGAATGC-1,C57BL6,0,0
GTATGTTAGAACGAAC-1,OTI,6,107
GTATGTTAGAACGTTT-1,OTI,0,0
GTATGTTAGAATTGTC-1,C57BL6,1,55
GTATGTTAGAGCCCAT-1,OTI,5,140
GTATGTTAGCAATACT-1,OTI,1,6
GTATGTTAGCATCTTC-1,OTI,2,8
GTATGTTAGCGTGTTA-1,C57BL6,0,0
GTATGTTAGGGATAGT-1,OTI,6,8
GTATGTTAGGTAATTC-1,C57BL6,0,0
GTATTAATCAATTGGT-1,OTI,0,0
GTATTAATCACATACG-1,OTI,2,56
GTATTAATCACCTTAC-1,OTI,4,25
GTATTAATCACTTTCA-1,C57BL6,7,7
GTATTAATCAGGCTTA-1,C57BL6,0,0
GTATTAATCCCATACT-1,OTI,4,150
GTATTAATCGCCCTTA-1,OTI,6,128
GTATTATCAAAATCTT-1,C57BL6,4,117
GTATTATCACAAGCCC-1,OTI,1,7
GTATTATCACCGTAAT-1,OTI,1,49
GTATTATCACGGTGTC-1,OTI,4,127
GTATTATCAGCACGGA-1,OTI,0,0
GTATTATCAGTACTTA-1,OTI,0,0
GTATTATCAGTTAGCT-1,C57BL6,0,0
GTATTCACAAGCATTC-1,C57BL6,2,10
GTATTCACACTGTAAC-1,C57BL6,1,7
GTATTCACAGTACATC-1,OTI,0,0
GTATTCACAGTGCGGA-1,C57BL6,0,0
GTATTCCTCACAACTG-1,OTI,3,24
GTATTCCTCAGTACTG-1,OTI,0,0
GTATTCCTCAGTTAGT-1,OTI,3,22
GTATTCCTCATACCCT-1,OTI,7,24
GTATTCCTCATATGGT-1,OTI,5,62
GTATTCCTCCTCAGCC-1,OTI,3,30
GTATTCCTCGCAAACC-1,C57BL6,1,7
GTATTCCTCGCTAAAT-1,C57BL6,0,0
GTATTCCTCGGCAATC-1,OTI,5,89
GTATTCGAGATGAGGT-1,OTI,3,6
GTATTCGAGGCTTGCG-1,OTI,0,0
GTATTCTGTCGCTGCC-1,OTI,0,0
GTATTCTGTCGTCTGT-1,OTI,0,0
GTATTCTGTCGTGGTA-1,C57BL6,0,0
GTATTCTGTGGTAGCC-1,C57BL6,2,38
GTATTGGTCAAGGTAA-1,C57BL6,2,31
GTATTGGTCAATCCCT-1,C57BL6,0,0
GTATTGGTCACACATG-1,OTI,0,0
GTATTGGTCACGCATA-1,OTI,1,26
GTATTGGTCAGTACTG-1,C57BL6,0,0
GTATTGGTCGGTTCGG-1,OTI,0,0
GTATTGGTCGTTACTC-1,OTI,1,3
GTATTGTAGACGTGTC-1,C57BL6,0,0
GTCAAATTCCGTATCT-1,OTI,3,41
GTCAAATTCGTCAATG-1,OTI,3,1059
GTCAAATTCGTTCTAC-1,OTI,1,5
GTCAACATCAATTGTA-1,C57BL6,0,0
GTCAACATCACAATCG-1,OTI,3,17
GTCAACATCATGGTGC-1,OTI,2,55
GTCAACATCCCAAAGC-1,C57BL6,1,9
GTCAACATCCCACAGG-1,OTI,0,0
GTCAACATCCTCTAAC-1,C57BL6,1,10
GTCAACATCGCGGTTG-1,OTI,0,0
GTCAACATCGGTGTTA-1,OTI,3,14
GTCAACATCGTACGGT-1,OTI,2,605
GTCAACTCAAACCAGA-1,OTI,1,22
GTCAACTCAAAGTCTC-1,OTI,3,914
GTCAACTCAACCATAC-1,OTI,6,64
GTCAACTCAAGCGATA-1,C57BL6,0,0
GTCAACTCAGCATGGG-1,OTI,2,7
GTCAACTCAGCGTATT-1,OTI,0,0
GTCAACTCAGGACTAA-1,C57BL6,0,0
GTCAAGACAATCAACC-1,C57BL6,2,25
GTCAAGACACAGTGGG-1,OTI,1,17
GTCAAGACACATATGC-1,OTI,1,22
GTCAAGACACCCAGTA-1,OTI,4,42
GTCAAGACACCGTTAG-1,OTI,6,193
GTCAAGACACGAACCC-1,OTI,2,35
GTCAAGACACGCGTAC-1,OTI,2,16
GTCAAGCTCACGCTAA-1,C57BL6,0,0
GTCAAGCTCCCTATAC-1,OTI,1,4
GTCAAGCTCCGATCAA-1,OTI,8,1247
GTCAAGCTCCTACTTA-1,OTI,4,48
GTCAAGCTCCTTCGCA-1,OTI,1,1
GTCAAGCTCGTTCGCC-1,C57BL6,1,5
GTCAATCCAAACTCCG-1,OTI,10,180
GTCAATCCAAGGGGAA-1,C57BL6,1,8
GTCAATCCACCGGACT-1,C57BL6,0,0
GTCAATCCACTAGAAG-1,OTI,2,218
GTCAATCCAGCTAACT-1,OTI,2,5
GTCAATGTCACTGTCT-1,OTI,3,24
GTCAATGTCACTTACC-1,C57BL6,1,1
GTCAATGTCAGACATT-1,OTI,4,216
GTCAATGTCCGTATCT-1,OTI,2,106
GTCAATGTCCTTAATT-1,C57BL6,0,0
GTCAATGTCGCGCAAT-1,C57BL6,0,0
GTCAATGTCGCTCCGT-1,OTI,15,402
GTCAATGTCGTGGCAT-1,OTI,3,27
GTCAATTAGACCAGGA-1,OTI,3,129
GTCAATTAGATTGGTT-1,OTI,0,0
GTCAATTAGCATCAAT-1,C57BL6,0,0
GTCAATTAGCATCTAG-1,OTI,2,11
GTCAATTAGGCAAAGT-1,OTI,1,1
GTCAATTAGGTCATGC-1,C57BL6,5,5
GTCACCCTCACTTGCT-1,C57BL6,2,8
GTCACCCTCAGCCAAC-1,C57BL6,0,0
GTCACCCTCAGTTGGC-1,OTI,4,23
GTCACCCTCCTGCGTC-1,C57BL6,0,0
GTCACGAGTACGAGTT-1,C57BL6,0,0
GTCACGAGTCCAGCTT-1,OTI,1,8
GTCACGAGTCCGGTAA-1,C57BL6,0,0
GTCACGAGTCTGGTAG-1,OTI,0,0
GTCACGAGTCTGGTGA-1,OTI,4,55
GTCACGAGTCTTGTGC-1,OTI,2,17
GTCACGAGTGCGTTAG-1,OTI,0,0
GTCACGAGTGGAAAGC-1,C57BL6,2,7
GTCACGAGTGGGTGTC-1,OTI,1,459
GTCACGAGTGTGTCTC-1,C57BL6,0,0
GTCACGCCACACCCAA-1,C57BL6,0,0
GTCACGCCACCGGAAG-1,OTI,5,107
GTCACGCCACTCGCAA-1,OTI,1,1
GTCACGCCACTGACGC-1,OTI,2,28
GTCACGCCAGCATCAT-1,OTI,0,0
GTCACGCCAGTGAGGT-1,C57BL6,1,9
GTCACGTAGCAACAGG-1,OTI,2,49
GTCACGTAGCAGTCTA-1,C57BL6,1,6
GTCACGTAGCGGCATT-1,C57BL6,0,0
GTCATACCAACCAGAA-1,OTI,0,0
GTCATACCACCGTCAA-1,C57BL6,0,0
GTCATACCAGGTTAGA-1,C57BL6,1,16
GTCATCAAGCACAGCT-1,OTI,6,210
GTCATCAAGCGATGGA-1,OTI,3,49
GTCATCAAGCGGTCAT-1,OTI,3,15
GTCATCAAGGCTCGAT-1,C57BL6,1,3
GTCATCAAGGGTTTCA-1,C57BL6,1,9
GTCATCCGTCGAGGAG-1,OTI,3,182
GTCATCCGTGTGGTGC-1,OTI,1,134
GTCATCCGTGTTCGAG-1,OTI,0,0
GTCATCGCAAACGGGT-1,OTI,4,100
GTCATCGCAACGAAAT-1,C57BL6,0,0
GTCATCGCACACTATA-1,OTI,3,35
GTCATCGCACAGTAAG-1,OTI,2,13
GTCATCGCACCACGTA-1,C57BL6,1,1
GTCATCGCACTCCACT-1,OTI,4,163
GTCATCGCACTCGTTC-1,C57BL6,0,0
GTCATCGCAGCATTCG-1,OTI,3,473
GTCATCGCAGTTAGCT-1,OTI,0,0
GTCATCTTCAATTCGG-1,OTI,6,129
GTCATCTTCACACCTT-1,C57BL6,0,0
GTCATCTTCGCGACAT-1,C57BL6,0,0
GTCATCTTCGCGGCTA-1,C57BL6,0,0
GTCATCTTCGTGTAAT-1,OTI,0,0
GTCATGCAGCACCTCC-1,OTI,2,71
GTCATGCAGCTATTGG-1,OTI,3,25
GTCATGCAGCTGTGGT-1,OTI,1,15
GTCATGCAGGGAATTA-1,OTI,6,72
GTCATGGGTACATTTC-1,OTI,2,17
GTCATGGGTACCACTC-1,OTI,6,95
GTCATGGGTCCGAAAT-1,OTI,2,41
GTCATGGGTCTGTGAG-1,OTI,2,5
GTCATGGGTGCGCGAT-1,C57BL6,1,36
GTCATGGGTGCTACAG-1,C57BL6,0,0
GTCATGGGTGGCTAGC-1,C57BL6,0,0
GTCATGGGTGGTATTA-1,C57BL6,0,0
GTCATGGGTGTTATGA-1,C57BL6,2,9
GTCATTCTCAACGCTA-1,OTI,7,516
GTCATTCTCAGGCTGT-1,C57BL6,1,2
GTCATTCTCAGTCAAT-1,OTI,4,23
GTCATTCTCATCGCCC-1,OTI,1,3
GTCATTCTCCAAGACC-1,OTI,3,117
GTCATTCTCCTACAAG-1,OTI,2,51
GTCATTCTCGCGTAGT-1,OTI,5,224
GTCCAAATCCTTGTAC-1,C57BL6,0,0
GTCCAACAGAACGGCA-1,OTI,8,57
GTCCAACAGCAACATT-1,C57BL6,0,0
GTCCAACAGCACGAAG-1,OTI,1,12
GTCCAACAGCGCCTAG-1,OTI,2,158
GTCCACACAAACTACC-1,OTI,1,1
GTCCACACACCCTCAT-1,OTI,1,31
GTCCACACAGCATCGC-1,C57BL6,1,19
GTCCACACAGCTAGGG-1,C57BL6,1,7
GTCCACGAGAACGCGA-1,OTI,2,103
GTCCACGAGCACCAAC-1,OTI,1,48
GTCCACGAGGGGAATT-1,OTI,1,148
GTCCAGTAGAAGTGTA-1,C57BL6,0,0
GTCCAGTAGACAACGG-1,OTI,4,17
GTCCAGTAGAGTTGAA-1,C57BL6,1,5
GTCCAGTAGATAGGCG-1,C57BL6,0,0
GTCCAGTAGCAACCCG-1,C57BL6,0,0
GTCCAGTAGCCGCCAA-1,OTI,2,160
GTCCAGTAGCCTCTTG-1,C57BL6,0,0
GTCCAGTAGCTGCAAC-1,C57BL6,1,6
GTCCATAAGACGATGG-1,OTI,3,34
GTCCATAAGCGAAGCA-1,C57BL6,0,0
GTCCATAAGCTGTACA-1,OTI,11,403
GTCCATCGTAAATCCA-1,OTI,0,0
GTCCATCGTAACCCCT-1,OTI,0,0
GTCCATCGTAATTGTG-1,OTI,0,0
GTCCATCGTCCAGATG-1,C57BL6,0,0
GTCCATCGTCCAGTAG-1,C57BL6,1,2
GTCCATCGTCCGGCCT-1,OTI,4,107
GTCCATCGTGTTAGGT-1,OTI,0,0
GTCCATGCAAACTAGG-1,OTI,5,34
GTCCATGCAACTTACA-1,C57BL6,0,0
GTCCATGCAATCGCGC-1,C57BL6,0,0
GTCCATGCACTTAGCG-1,C57BL6,0,0
GTCCATGCAGGAAGCT-1,OTI,4,40
GTCCATTTCAAGCCAC-1,OTI,4,287
GTCCATTTCACATTGG-1,OTI,6,87
GTCCATTTCACGCATA-1,OTI,1,18
GTCCATTTCAGACTTG-1,C57BL6,0,0
GTCCATTTCCATAGGC-1,OTI,1,174
GTCCATTTCCCCTATG-1,OTI,3,21
GTCCATTTCCTGTCAT-1,OTI,5,356
GTCCCATGTAGTGTAC-1,OTI,3,1376
GTCCCATGTCAATGCG-1,C57BL6,3,4
GTCCCATGTCAGTAGT-1,OTI,4,1218
GTCCCATGTCCAACGA-1,OTI,3,27
GTCCCATGTCGATGGC-1,OTI,0,0
GTCCCATGTCGCGTAA-1,OTI,3,101
GTCCCATGTCGCGTCC-1,OTI,3,155
GTCCCATGTGTCCCTG-1,OTI,4,94
GTCCCCAGTAGTCGCA-1,OTI,3,8
GTCCCCAGTCACGAAT-1,OTI,4,255
GTCCCCAGTCACTAGG-1,OTI,2,17
GTCCCCAGTCATTGGG-1,OTI,1,37
GTCCCCAGTCCAGGGT-1,OTI,1,218
GTCCCCAGTGGATGTT-1,OTI,3,66
GTCCCGAAGATTCACG-1,OTI,1,1
GTCCCGAAGCAGCGTT-1,OTI,2,151
GTCCCGAAGCATTAAC-1,OTI,0,0
GTCCCGAAGCGAGTAG-1,C57BL6,0,0
GTCCCGCGTAAACTGC-1,C57BL6,1,29
GTCCCGCGTAAGTGAG-1,OTI,3,24
GTCCCGCGTACAAGCT-1,C57BL6,0,0
GTCCCGCGTACTCATT-1,C57BL6,0,0
GTCCCTATCATTCATT-1,OTI,1,2
GTCCCTATCCAAAGCC-1,C57BL6,5,8
GTCCCTATCCCATATC-1,OTI,2,422
GTCCCTATCCCATGCC-1,OTI,2,16
GTCCCTATCGCCCTTA-1,OTI,3,29
GTCCCTATCGCTCGCT-1,C57BL6,1,4
GTCCCTATCGCTCTAT-1,OTI,6,80
GTCCCTGGTATGGCGC-1,OTI,1,7
GTCCCTGGTCCTTGTA-1,OTI,1,3
GTCCCTGGTCGCTGGG-1,OTI,0,0
GTCCCTGGTGCCAAAT-1,OTI,3,35
GTCCCTGGTGTATTCT-1,C57BL6,1,2
GTCCCTGGTGTGTCGA-1,OTI,7,84
GTCCGATAGACAATAG-1,OTI,4,300
GTCCGATAGATACAAG-1,OTI,0,0
GTCCGATAGATGGGTG-1,OTI,1,22
GTCCGATAGCATGGAG-1,C57BL6,0,0
GTCCGATAGCCTTATC-1,OTI,5,322
GTCCGATAGCGTAACC-1,OTI,5,697
GTCCGATAGCTAAGCC-1,OTI,0,0
GTCCGATAGGGACACA-1,OTI,12,582
GTCCGATAGGTAATTC-1,OTI,0,0
GTCCGCAAGAAACCGG-1,C57BL6,0,0
GTCCGCAAGACTTCAG-1,C57BL6,0,0
GTCCGCAAGGGACTGA-1,OTI,6,81
GTCCGCCGTAGCCAGC-1,OTI,1,38
GTCCGCCGTAGGCCCG-1,OTI,1,10
GTCCGCCGTAGTTTAG-1,C57BL6,3,18
GTCCGCCGTCTAAGGT-1,OTI,6,374
GTCCGCCGTCTTCTCT-1,OTI,2,30
GTCCGCCGTGGCTAAT-1,OTI,2,20
GTCCGCCGTGGCTTGA-1,C57BL6,4,4
GTCCGCCGTGTAAGCT-1,C57BL6,0,0
GTCCGCCGTGTCTTCA-1,OTI,13,73
GTCCGCCGTGTGTAGT-1,OTI,4,67
GTCCGCTTCAAACTAC-1,C57BL6,1,12
GTCCGCTTCAAGCTCA-1,OTI,0,0
GTCCGCTTCACACCTT-1,OTI,3,157
GTCCGCTTCCACTCTG-1,OTI,1,20
GTCCGCTTCCAGGTGT-1,OTI,2,8
GTCCGCTTCGTCCTGC-1,OTI,1,196
GTCCGCTTCGTTAAGT-1,OTI,0,0
GTCCGGGGTATGTCTT-1,OTI,3,47
GTCCGGGGTATTACAG-1,C57BL6,0,0
GTCCGGGGTCAGCAAT-1,C57BL6,1,8
GTCCGGGGTCAGCTCT-1,OTI,3,12
GTCCGGGGTCCCAATC-1,C57BL6,0,0
GTCCGGGGTGGTTGTG-1,OTI,4,137
GTCCGTACAAATGCGA-1,OTI,3,13
GTCCGTACAAATTGGG-1,C57BL6,0,0
GTCCGTACACCATAAC-1,C57BL6,0,0
GTCCGTACACCCAGAC-1,OTI,1,61
GTCCGTACACCTTGAG-1,OTI,1,225
GTCCGTACACTAGAAG-1,OTI,3,56
GTCCGTACACTCACTC-1,C57BL6,1,3
GTCCGTACAGGTATTC-1,C57BL6,0,0
GTCCTAAAGAACATAG-1,OTI,3,59
GTCCTAAAGAACTAGA-1,C57BL6,1,9
GTCCTAAAGATCGTAT-1,OTI,3,225
GTCCTAAAGCACTGCG-1,C57BL6,0,0
GTCCTAAAGCCGTCGA-1,OTI,5,45
GTCCTAAAGGCCTCGA-1,C57BL6,1,3
GTCCTAAAGGCTCGTG-1,C57BL6,1,7
GTCCTAAAGGTCACGT-1,OTI,5,77
GTCCTAGCAACTTCAA-1,OTI,3,120
GTCCTAGCAATGACAG-1,OTI,5,44
GTCCTAGCAGCATAAG-1,OTI,3,59
GTCCTATTCAAACCGC-1,OTI,3,119
GTCCTATTCAATATTG-1,C57BL6,6,23
GTCCTATTCATGTTAA-1,C57BL6,0,0
GTCCTATTCATTCGCT-1,C57BL6,0,0
GTCCTATTCCAATGTG-1,C57BL6,1,1
GTCCTATTCGGGTTAC-1,OTI,1,5
GTCCTCCAGAAACTAG-1,C57BL6,0,0
GTCCTCCAGACAACCC-1,C57BL6,0,0
GTCCTCCAGACGCCCA-1,C57BL6,1,1
GTCCTCCAGAGGACCA-1,OTI,5,95
GTCCTCCAGAGGTATA-1,OTI,3,9
GTCCTCCAGATGGAGT-1,C57BL6,1,3
GTCCTCCAGCCAAAGG-1,OTI,2,5
GTCCTCCAGCGGATAG-1,OTI,3,52
GTCCTCCAGGCGAAGC-1,C57BL6,0,0
GTCCTCCAGGCTGTCG-1,C57BL6,1,7
GTCCTCCAGGCTTATG-1,C57BL6,1,1
GTCCTCTCAAGCTTAC-1,OTI,1,53
GTCCTCTCAAGTGTCT-1,C57BL6,0,0
GTCCTCTCACCAGATT-1,C57BL6,0,0
GTCCTCTCACGTAACT-1,OTI,3,76
GTCCTCTCAGCGAATA-1,OTI,6,47
GTCCTCTCAGGATAGC-1,OTI,1,34
GTCCTCTCAGGGTATA-1,C57BL6,0,0
GTCCTGCTCACCTTAC-1,OTI,1,11
GTCCTGCTCAGGGACA-1,OTI,3,120
GTCCTGCTCCAGGTTA-1,C57BL6,0,0
GTCCTGCTCCCACAGG-1,C57BL6,1,4
GTCCTGCTCCGAGCAT-1,OTI,0,0
GTCCTGCTCGTTGCCC-1,OTI,1,12
GTCCTTAGTACGAGTT-1,C57BL6,0,0
GTCCTTAGTAGGGCGA-1,C57BL6,0,0
GTCCTTAGTATTGTAG-1,C57BL6,0,0
GTCCTTAGTCAATGTA-1,OTI,3,89
GTCCTTAGTCAATTTC-1,OTI,0,0
GTCCTTAGTCATCTCA-1,OTI,0,0
GTCCTTAGTCTGTGAG-1,OTI,2,153
GTCCTTAGTGCGTATG-1,OTI,3,81
GTCCTTTAGATGAAGC-1,OTI,1,99
GTCCTTTAGCGACAAG-1,OTI,2,12
GTCCTTTAGCTATGGC-1,C57BL6,4,405
GTCCTTTAGGCGAAGC-1,C57BL6,0,0
GTCCTTTAGGGAAGCC-1,C57BL6,1,31
GTCCTTTAGGGACATG-1,C57BL6,0,0
GTCCTTTAGGGACGGT-1,OTI,4,53
GTCCTTTAGGTCCGAT-1,C57BL6,0,0
GTCGAACTCAGGGCTT-1,C57BL6,1,1
GTCGAACTCCCTATAC-1,OTI,0,0
GTCGAACTCGCGACAT-1,C57BL6,0,0
GTCGAAGAGCTACACA-1,OTI,4,49
GTCGAAGAGGGAAACT-1,C57BL6,1,2
GTCGAAGAGGGAGATT-1,OTI,0,0
GTCGAATGTCACGGCG-1,OTI,2,61
GTCGAATGTCACTTTG-1,OTI,4,94
GTCGAATGTCTGACTC-1,C57BL6,0,0
GTCGAATGTGTGCCCC-1,OTI,3,61
GTCGACTAGACGACGA-1,OTI,4,122
GTCGACTAGATGGGTG-1,OTI,2,46
GTCGACTAGCTCAGGT-1,C57BL6,2,39
GTCGACTAGGGAATAC-1,OTI,1,2
GTCGAGAAGACGCCAT-1,C57BL6,0,0
GTCGAGAAGAGACGCA-1,OTI,6,90
GTCGAGAAGATAATCC-1,OTI,2,7
GTCGAGAAGCCGATAC-1,OTI,5,49
GTCGAGAAGCCTACGG-1,OTI,3,239
GTCGAGAAGCGGCATT-1,OTI,6,109
GTCGAGAAGCTATGTG-1,C57BL6,0,0
GTCGAGCGTACTTAAG-1,OTI,1,26
GTCGAGCGTGTGGCGT-1,C57BL6,1,11
GTCGAGCGTGTTGTGG-1,C57BL6,0,0
GTCGAGTTCATAGTCG-1,C57BL6,0,0
GTCGAGTTCCAACACA-1,OTI,1,115
GTCGAGTTCCCAGCCT-1,OTI,1,5
GTCGAGTTCGCGCAAT-1,OTI,3,132
GTCGAGTTCGTACCTT-1,OTI,2,23
GTCGAGTTCGTTGCAA-1,C57BL6,0,0
GTCGATGGTAAGTGTC-1,OTI,2,22
GTCGATGGTAATTTCC-1,C57BL6,0,0
GTCGATGGTAGGATTC-1,OTI,0,0
GTCGATGGTCCAGCCC-1,C57BL6,1,28
GTCGATGGTCCTGATC-1,C57BL6,1,5
GTCGATGGTCGACTAG-1,C57BL6,0,0
GTCGATGGTCTGGCCC-1,C57BL6,1,10
GTCGATGGTGTGTGAT-1,C57BL6,0,0
GTCGCACCAAGCATTC-1,OTI,3,70
GTCGCACCACAACTTA-1,C57BL6,1,5
GTCGCACCACCCATAG-1,OTI,3,129
GTCGCACCACCTAGCA-1,C57BL6,2,114
GTCGCACCAGGGCTAG-1,OTI,2,138
GTCGCACCAGGTAAGC-1,OTI,1,3
GTCGCACCAGGTTGGG-1,OTI,0,0
GTCGCACCAGTCTTCC-1,C57BL6,0,0
GTCGCCAAGAACGGAT-1,OTI,2,19
GTCGCCAAGAGTCCAC-1,OTI,1,10
GTCGCCAAGGGTGATG-1,C57BL6,1,6
GTCGCCCGTACATTTC-1,OTI,6,88
GTCGCCCGTAGCATCG-1,C57BL6,0,0
GTCGCCCGTAGTTAGC-1,OTI,4,21
GTCGCCCGTCGAGGGA-1,OTI,4,445
GTCGCCCGTGGCGCTG-1,OTI,6,168
GTCGCCCGTGGGATGG-1,C57BL6,0,0
GTCGCCCGTGGTCTCT-1,OTI,2,36
GTCGCGGGTATTCTGT-1,C57BL6,3,4
GTCGCGGGTCTGTTAT-1,OTI,2,37
GTCGCGGGTGGCTTTC-1,OTI,5,76
GTCGCGGGTGTCGGGT-1,C57BL6,0,0
GTCGCTCTCCAACATG-1,OTI,4,157
GTCGCTCTCCCATCAT-1,C57BL6,0,0
GTCGCTCTCCCCACGT-1,C57BL6,0,0
GTCGCTCTCGGATGTC-1,OTI,1,4
GTCGCTCTCGTTCTAC-1,C57BL6,1,8
GTCGCTTGTACGGGTC-1,C57BL6,0,0
GTCGCTTGTAGTGCGC-1,OTI,0,0
GTCGCTTGTCTAATGA-1,OTI,2,32
GTCGCTTGTGCCCTAT-1,OTI,8,607
GTCGCTTGTGTTACCC-1,C57BL6,1,14
GTCGGAAAGACTTGTG-1,OTI,3,87
GTCGGAAAGGTCTGCG-1,OTI,3,81
GTCGGAAAGGTTAGTT-1,OTI,4,68
GTCGGAGCAAATTACT-1,OTI,3,32
GTCGGAGCAATGCGCC-1,C57BL6,1,9
GTCGGAGCAGCTCAAT-1,C57BL6,1,8
GTCGGAGCAGTCTTAA-1,OTI,3,29
GTCGGCGGTAACGAAG-1,C57BL6,0,0
GTCGGCGGTAAGTGCT-1,OTI,4,20
GTCGGCGGTACAGCAT-1,OTI,3,32
GTCGGCGGTCAATATG-1,OTI,0,0
GTCGGCGGTGCTTGCT-1,OTI,1,158
GTCGGGTGTAAGGGTA-1,C57BL6,0,0
GTCGGGTGTGTAAGCT-1,OTI,0,0
GTCGGGTGTGTATGTA-1,C57BL6,0,0
GTCGGGTGTGTCCCGC-1,OTI,2,355
GTCGGGTGTGTCCCTG-1,OTI,0,0
GTCGGTCCACGAATCT-1,C57BL6,2,13
GTCGGTCCAGCGACGA-1,OTI,3,22
GTCGGTTAGCATGCCG-1,OTI,2,44
GTCGGTTAGCGACAGA-1,OTI,2,271
GTCGGTTAGCGCTATA-1,OTI,5,46
GTCGGTTAGGCGTCCA-1,C57BL6,1,1
GTCGGTTAGGTTGATT-1,C57BL6,1,8
GTCGTAATCATGAGTT-1,C57BL6,0,0
GTCGTAATCCATAACG-1,OTI,3,130
GTCGTAATCCCTTCGA-1,C57BL6,0,0
GTCGTAATCGGACTAC-1,OTI,4,173
GTCGTAATCGTTCATC-1,C57BL6,2,16
GTCGTACAGAGGTAAC-1,OTI,6,72
GTCGTACAGGCATAGG-1,OTI,4,21
GTCGTACAGGTATTGT-1,OTI,2,30
GTCGTAGGTCATTCCA-1,OTI,3,203
GTCGTAGGTGCTCCTG-1,C57BL6,0,0
GTCGTAGGTGGAGCGA-1,C57BL6,1,2
GTCGTCTGTAATTGTG-1,OTI,2,166
GTCGTCTGTAGAGAAT-1,C57BL6,1,4
GTCGTCTGTATTCGTT-1,C57BL6,0,0
GTCGTCTGTCAAGGTT-1,C57BL6,0,0
GTCGTCTGTCACGGGT-1,C57BL6,0,0
GTCGTCTGTCGGGCAT-1,OTI,1,6
GTCGTGAGTACCCATC-1,C57BL6,0,0
GTCGTGAGTACTGGGC-1,OTI,1,1
GTCGTGAGTAGCCCTT-1,C57BL6,0,0
GTCGTGAGTATAGGAG-1,OTI,1,38
GTCGTGAGTATTCGGG-1,C57BL6,6,309
GTCGTGAGTCGTCAGA-1,C57BL6,0,0
GTCGTGAGTGGGTGAG-1,OTI,8,90
GTCGTGAGTGGTAGTT-1,OTI,4,81
GTCTAACCAAATACAA-1,OTI,2,9
GTCTAACCAATGATCC-1,OTI,2,35
GTCTAACCAATTACCA-1,C57BL6,0,0
GTCTAACCACAGGTCC-1,C57BL6,0,0
GTCTAACCACATTGGT-1,OTI,0,0
GTCTAACCACGGTATT-1,OTI,1,62
GTCTACAAGAAAGTCA-1,OTI,3,153
GTCTACAAGACACCGT-1,OTI,1,7
GTCTACAAGACAGCCT-1,C57BL6,0,0
GTCTACAAGATCGTAT-1,OTI,0,0
GTCTACAAGCACGCCA-1,OTI,2,188
GTCTACAAGCATAATC-1,OTI,1,3
GTCTACAAGCCAGCAT-1,OTI,1,5
GTCTACAAGCCTGTGG-1,OTI,5,66
GTCTACAAGCTAGTTG-1,OTI,2,49
GTCTAGCAGGGATTAA-1,C57BL6,0,0
GTCTAGCAGGGTAGCA-1,OTI,1,5
GTCTAGGGTAATGGTC-1,OTI,2,32
GTCTAGGGTAGGGGCA-1,OTI,4,30
GTCTAGGGTAGTTTAG-1,C57BL6,1,5
GTCTAGGGTCAATTCT-1,OTI,4,372
GTCTAGGGTCGACTTC-1,OTI,1,4
GTCTAGGGTGCGTTTC-1,OTI,9,301
GTCTAGGGTGGGTCTA-1,OTI,5,768
GTCTAGGGTGTCCTTA-1,C57BL6,0,0
GTCTATACAAAGCGTA-1,OTI,4,105
GTCTATACACAAACCT-1,OTI,0,0
GTCTATACACATTCAA-1,OTI,2,62
GTCTATACAGTAATCC-1,OTI,1,3
GTCTATGAGATACAAG-1,C57BL6,0,0
GTCTATGAGCACTACA-1,C57BL6,0,0
GTCTATGAGCCAATAT-1,OTI,0,0
GTCTATGAGCTTGTCT-1,C57BL6,0,0
GTCTATTGTACCATCC-1,OTI,1,23
GTCTATTGTCTTGTCA-1,OTI,0,0
GTCTATTGTGTATTCT-1,OTI,0,0
GTCTATTGTGTTATGA-1,OTI,3,53
GTCTCATTCAAGCATT-1,OTI,5,110
GTCTCATTCAGGCACT-1,OTI,0,0
GTCTCATTCCGGTGCA-1,OTI,0,0
GTCTCATTCCTTAACC-1,C57BL6,1,5
GTCTCATTCGCTTAAG-1,OTI,4,826
GTCTCCATCAGGGGTA-1,OTI,3,112
GTCTCCATCAGTTAGT-1,C57BL6,0,0
GTCTCCATCATGGCGT-1,OTI,4,14
GTCTCCATCCTCAGGG-1,OTI,3,44
GTCTCCCAGAATGGGT-1,OTI,2,433
GTCTCCCAGACAGCCT-1,OTI,2,217
GTCTCCCAGACGGCAA-1,OTI,0,0
GTCTCCCAGAGAGGAA-1,OTI,0,0
GTCTCCCAGATCGTAT-1,OTI,0,0
GTCTCCCAGATCTGCA-1,OTI,1,31
GTCTCCCAGCCCACGA-1,OTI,5,223
GTCTCCCAGCGTGGAA-1,OTI,3,149
GTCTCCCAGGCTTGAC-1,OTI,1,3
GTCTCCCAGGGGTAGC-1,C57BL6,2,9
GTCTCCCAGGTCGCCA-1,OTI,6,160
GTCTCCCAGGTTGGTC-1,OTI,4,428
GTCTCCGGTAACCGTG-1,OTI,2,11
GTCTCCGGTAATCCGG-1,C57BL6,0,0
GTCTCCGGTAATGGAG-1,OTI,1,82
GTCTCCGGTCATCAGG-1,C57BL6,0,0
GTCTCCGGTCGGGTAC-1,C57BL6,1,3
GTCTCCGGTGTCGATG-1,OTI,1,6
GTCTCGACAACGTTAC-1,OTI,3,60
GTCTCGACAACTCCGA-1,C57BL6,6,42
GTCTCGACAATCTCTT-1,OTI,3,907
GTCTCGACACAAGACA-1,OTI,5,169
GTCTCGACACGTATCG-1,OTI,3,222
GTCTCGACACTAAAGG-1,C57BL6,0,0
GTCTCGCTCACGGTCG-1,OTI,1,50
GTCTCGCTCACTGCCC-1,OTI,0,0
GTCTCGCTCCCTGACC-1,OTI,0,0
GTCTCGCTCCGACTAA-1,C57BL6,1,3
GTCTCGCTCCGGCTTC-1,OTI,0,0
GTCTCGCTCCTCCGAC-1,C57BL6,1,5
GTCTCGCTCGCTTTCG-1,C57BL6,0,0
GTCTCGCTCGGTGCAT-1,OTI,0,0
GTCTCTGTCAGCTAAT-1,OTI,7,97
GTCTCTGTCAGGCCAT-1,OTI,3,37
GTCTCTGTCATAGGGG-1,C57BL6,0,0
GTCTCTGTCCACCCAC-1,C57BL6,0,0
GTCTCTGTCCAGCATA-1,C57BL6,0,0
GTCTCTGTCCTCTCGA-1,OTI,3,307
GTCTGAGGTAGTGAGA-1,OTI,4,127
GTCTGAGGTATGCTCC-1,C57BL6,0,0
GTCTGAGGTATTACCT-1,OTI,5,16
GTCTGAGGTCCAGTAG-1,OTI,7,320
GTCTGAGGTCCGAAAT-1,OTI,2,60
GTCTGAGGTGCTCGTT-1,OTI,1,1
GTCTGAGGTGGTGCCG-1,OTI,3,23
GTCTGAGGTGTTGTGG-1,OTI,5,13
GTCTGCACAAAATCTT-1,C57BL6,0,0
GTCTGCACAACTGGGG-1,OTI,1,12
GTCTGCACACAGTCCA-1,OTI,7,63
GTCTGCACAGCTACAT-1,C57BL6,1,1
GTCTGCACAGTATTCA-1,C57BL6,0,0
GTCTGCACAGTGCGAG-1,OTI,0,0
GTCTGCGAGAGGACCA-1,OTI,0,0
GTCTGCGAGATCTCGA-1,C57BL6,0,0
GTCTGCGAGCCATAGC-1,OTI,2,3
GTCTGCGAGCCCAACG-1,C57BL6,0,0
GTCTGCGAGCCTGGTG-1,C57BL6,0,0
GTCTGGTAGACGGGGT-1,OTI,2,194
GTCTGGTAGGGAGTTG-1,C57BL6,0,0
GTCTGGTAGGGTAGCA-1,C57BL6,1,3
GTCTGGTAGGTGGGTA-1,C57BL6,0,0
GTCTGTAAGACCAATT-1,C57BL6,0,0
GTCTGTAAGAGCTTGC-1,OTI,1,33
GTCTGTAAGAGGACAT-1,C57BL6,0,0
GTCTGTAAGATGAGGT-1,C57BL6,0,0
GTCTGTAAGCACCACG-1,OTI,1,1
GTCTGTAAGCATAATC-1,OTI,2,14
GTCTGTAAGCATTAGT-1,C57BL6,1,2
GTCTGTAAGCGGTGTT-1,OTI,1,13
GTCTGTAAGCGTTATG-1,OTI,6,45
GTCTGTAAGGTAAATG-1,C57BL6,0,0
GTCTGTAAGGTATAGA-1,OTI,3,261
GTCTGTAAGGTATTGT-1,C57BL6,0,0
GTCTGTAAGGTGTATT-1,OTI,1,78
GTCTTAACAAAGCTAG-1,C57BL6,1,19
GTCTTAACAACGAAAT-1,OTI,1,16
GTCTTAACAACTCGAT-1,C57BL6,1,3
GTCTTAACACCAGGCT-1,C57BL6,1,2
GTCTTAACACGTAGAA-1,OTI,2,31
GTCTTAACACTAAAGG-1,C57BL6,0,0
GTCTTAACAGGCCTTA-1,C57BL6,0,0
GTCTTACTCACTTACC-1,OTI,3,540
GTCTTACTCACTTCTA-1,OTI,3,32
GTCTTACTCAGCCTCC-1,OTI,2,32
GTCTTACTCATTCGTC-1,OTI,1,6
GTCTTACTCCTAAAGT-1,C57BL6,0,0
GTCTTACTCGGTTGTA-1,C57BL6,2,8
GTCTTACTCGTTGCTT-1,OTI,1,9
GTCTTATGTAGTGAGA-1,OTI,1,2
GTCTTATGTCACCCGC-1,OTI,13,490
GTCTTATGTCAGCTTC-1,C57BL6,1,1
GTCTTATGTCGCATAG-1,OTI,2,68
GTCTTATGTCGGGTTA-1,OTI,7,135
GTCTTATGTCTGTTGC-1,C57BL6,1,8
GTCTTATGTGCTAAGT-1,OTI,5,180
GTCTTCAGTACTACAA-1,OTI,1,2
GTCTTCAGTAGCCAGC-1,C57BL6,0,0
GTCTTCAGTCCACGTT-1,C57BL6,0,0
GTCTTCAGTCTTATAC-1,OTI,4,240
GTCTTCAGTGGTAGCC-1,OTI,4,50
GTCTTCAGTGGTATGT-1,C57BL6,1,3
GTCTTCCCAACGTTAC-1,OTI,0,0
GTCTTCCCAACTTACA-1,OTI,0,0
GTCTTCCCAATAGGCA-1,OTI,0,0
GTCTTCCCAATCACTA-1,OTI,4,25
GTCTTCCCACCAAGGG-1,C57BL6,2,6
GTCTTCCCACCTCTTA-1,OTI,5,185
GTCTTCCCACGTAGGG-1,C57BL6,0,0
GTCTTCCCACGTTTCC-1,OTI,2,11
GTCTTCCCAGTCGGAG-1,OTI,10,225
GTCTTCGTCAAGGGCA-1,OTI,7,146
GTCTTCGTCACAGATT-1,OTI,1,51
GTCTTCGTCACATCAG-1,OTI,0,0
GTCTTCGTCACCATCT-1,OTI,1,1
GTCTTCGTCATGGCCG-1,C57BL6,2,8
GTCTTCGTCCCTGTCA-1,C57BL6,1,25
GTCTTCGTCGTTCGCC-1,OTI,3,229
GTGAAAGGTATCGTGG-1,OTI,0,0
GTGAAAGGTATCTGTT-1,OTI,0,0
GTGAAAGGTGTTGTGG-1,OTI,3,105
GTGAAATCACACTCGA-1,C57BL6,0,0
GTGAAATCACATGAAG-1,OTI,1,1
GTGAAATCAGTGTAAG-1,OTI,2,7
GTGAACCTCAACATTA-1,OTI,1,8
GTGAACCTCAAGCATT-1,OTI,0,0
GTGAACCTCACCCTAT-1,OTI,0,0
GTGAACCTCCCTGACC-1,C57BL6,1,5
GTGAACCTCCTATGTC-1,C57BL6,1,12
GTGAACCTCGCATCGG-1,OTI,2,101
GTGAACCTCGCATGGT-1,C57BL6,3,18
GTGAACCTCGTAACTG-1,OTI,1,11
GTGAAGCCAGCCAATT-1,C57BL6,0,0
GTGAAGCCAGTGCGTC-1,OTI,0,0
GTGACCCCAAAATCCC-1,C57BL6,0,0
GTGACCCCAACATAGG-1,C57BL6,0,0
GTGACCCCAATCCAAC-1,OTI,1,65
GTGACCCCAATCGTCG-1,C57BL6,0,0
GTGACCCCAATGCATC-1,OTI,0,0
GTGACCCCACAGCATT-1,OTI,4,783
GTGACGTTCAGCATAT-1,OTI,3,39
GTGACGTTCAGTCAGC-1,C57BL6,2,9
GTGACGTTCCGCTTCA-1,OTI,0,0
GTGACGTTCGCTATCT-1,OTI,5,220
GTGACGTTCGTGACGT-1,OTI,1,5
GTGACTATCACTACTC-1,C57BL6,0,0
GTGACTATCAGCCCCT-1,OTI,0,0
GTGACTATCCCGAAAC-1,OTI,3,24
GTGAGATAGAATGCAA-1,OTI,4,113
GTGAGATAGATGCGAG-1,OTI,6,165
GTGAGATAGCCTTTCG-1,OTI,5,132
GTGAGCGCACCATCGA-1,C57BL6,1,7
GTGAGCGCACTAATCA-1,OTI,0,0
GTGAGCGCACTGACAT-1,C57BL6,0,0
GTGAGCGCAGCGTAGG-1,C57BL6,1,6
GTGAGCGCAGGAATAT-1,OTI,1,12
GTGAGCTTCATACAAC-1,OTI,5,88
GTGAGCTTCCATCACT-1,OTI,3,42
GTGAGCTTCCCATGCC-1,OTI,2,19
GTGAGCTTCCTACGCC-1,C57BL6,0,0
GTGAGGTCAAACATTT-1,OTI,4,51
GTGAGGTCAACACAAG-1,OTI,9,289
GTGAGGTCACAGTAAG-1,OTI,0,0
GTGAGGTCACCGTACA-1,OTI,9,713
GTGAGGTCACCTAGGC-1,C57BL6,0,0
GTGAGGTCAGTATCAC-1,C57BL6,1,10
GTGAGGTCAGTATGCT-1,OTI,2,32
GTGAGTGAGCAGGGAC-1,OTI,3,19
GTGAGTGAGGCTCATA-1,OTI,1,5
GTGAGTTGTACAGGCC-1,C57BL6,0,0
GTGAGTTGTACCTATT-1,OTI,4,22
GTGAGTTGTCAACCCT-1,OTI,0,0
GTGAGTTGTCAGTCTC-1,OTI,0,0
GTGAGTTGTCGACGTA-1,OTI,5,345
GTGAGTTGTGCGAGGA-1,OTI,3,42
GTGAGTTGTGCTATCC-1,C57BL6,0,0
GTGATAGCAACCTATA-1,OTI,5,992
GTGATAGCAACGGACG-1,OTI,5,140
GTGATAGCAAGCGAAC-1,C57BL6,0,0
GTGATAGCAATATGCC-1,OTI,0,0
GTGATAGCACAGCGAG-1,OTI,4,213
GTGATAGCACCACTGA-1,OTI,1,11
GTGATAGCACGTTCGA-1,OTI,4,42
GTGATAGCAGCGTGAG-1,C57BL6,8,16
GTGATAGCAGGGCGTA-1,OTI,4,40
GTGATAGCAGGTATTC-1,OTI,2,21
GTGATATTCCCATTAC-1,OTI,6,152
GTGATATTCCGGTTAA-1,OTI,3,103
GTGATATTCCTCATTA-1,C57BL6,0,0
GTGATATTCCTCCAGC-1,OTI,0,0
GTGATATTCGTAGATT-1,C57BL6,0,0
GTGATTCCAAGGGTTA-1,C57BL6,0,0
GTGATTCCACCTAACG-1,C57BL6,0,0
GTGATTCCACTCACCT-1,C57BL6,0,0
GTGATTCCAGTGGTAA-1,OTI,1,7
GTGATTTAGAACTAAG-1,OTI,5,72
GTGATTTAGACGTGTC-1,OTI,7,171
GTGATTTAGCAAAGCG-1,OTI,1,4
GTGATTTAGCCGCGTA-1,OTI,1,1
GTGATTTAGCGGCATT-1,OTI,1,104
GTGATTTAGGGGGCAT-1,OTI,1,3
GTGATTTAGGGGTACA-1,OTI,1,29
GTGCAACTCATGAATC-1,OTI,1,4
GTGCAACTCCGGGTAT-1,OTI,3,76
GTGCAACTCCGGTATA-1,C57BL6,1,2
GTGCAACTCCTCTCCT-1,C57BL6,0,0
GTGCAACTCGCCTAAA-1,C57BL6,0,0
GTGCAACTCGGTATTG-1,OTI,1,3
GTGCAATGTAACGCCA-1,OTI,4,46
GTGCAATGTACTCGCT-1,OTI,2,22
GTGCAATGTATAGTGC-1,C57BL6,0,0
GTGCAATGTCCCTGAT-1,OTI,3,52
GTGCAATGTCGGGTTA-1,OTI,5,5
GTGCAATGTGCTATAA-1,OTI,8,461
GTGCACCCAACGCACC-1,OTI,2,46
GTGCACCCAAGCAAAT-1,C57BL6,0,0
GTGCACCCAAGCATTC-1,OTI,6,705
GTGCACCCAATGACAG-1,C57BL6,0,0
GTGCACCCACCAGACC-1,OTI,1,4
GTGCACCCACGTCGTA-1,C57BL6,0,0
GTGCAGGCACAAGCCC-1,OTI,1,140
GTGCAGGCACATCTCC-1,C57BL6,0,0
GTGCAGGCACTCGACA-1,OTI,1,54
GTGCAGGCAGCTTCGA-1,OTI,10,492
GTGCAGGCAGGACCTC-1,OTI,1,6
GTGCAGGCAGGCGACA-1,C57BL6,0,0
GTGCAGTTCAGTTTCC-1,OTI,3,297
GTGCAGTTCCCAACCC-1,OTI,7,216
GTGCAGTTCCCTTAAC-1,OTI,2,41
GTGCAGTTCCTCCATG-1,OTI,9,366
GTGCAGTTCCTTATCA-1,OTI,4,271
GTGCAGTTCGGCCAAT-1,C57BL6,1,5
GTGCAGTTCGTGACTA-1,OTI,6,11
GTGCATATCAATCGCA-1,C57BL6,0,0
GTGCATATCACCATCT-1,OTI,2,136
GTGCATATCGTATGTG-1,C57BL6,3,635
GTGCATGGTACCACTC-1,OTI,0,0
GTGCATGGTCACCGCC-1,OTI,1,3
GTGCATGGTCACTTTG-1,OTI,2,96
GTGCATGGTGCTATGG-1,OTI,11,451
GTGCATTCAACTGTCG-1,OTI,4,5
GTGCATTCAAGCTGCC-1,OTI,4,117
GTGCATTCACAATGGA-1,OTI,5,55
GTGCATTCACTCAATA-1,C57BL6,1,8
GTGCATTCAGCCAACC-1,C57BL6,0,0
GTGCATTCAGCTTATA-1,C57BL6,4,14
GTGCATTCAGGAATCA-1,OTI,5,92
GTGCCATAGGGTCTGT-1,OTI,1,2
GTGCCCAAGAAACCGG-1,OTI,9,56
GTGCCCAAGAAGCCAG-1,OTI,0,0
GTGCCCAAGACGACGA-1,OTI,7,138
GTGCCCAAGACGCCCA-1,OTI,3,56
GTGCCCAAGACTATCG-1,C57BL6,0,0
GTGCCCAAGAGTTGGG-1,OTI,1,4
GTGCCCAAGATGGAGT-1,OTI,5,86
GTGCCCAAGCCGCGTA-1,OTI,0,0
GTGCCCAAGCTGACCG-1,OTI,4,90
GTGCCCAAGGCAGGGT-1,OTI,3,36
GTGCCCAAGGCCATCG-1,OTI,3,14
GTGCCCAAGGCCATTA-1,OTI,5,243
GTGCCCAAGGCGTCCA-1,OTI,1,6
GTGCCCAAGGTTCAGC-1,OTI,4,12
GTGCCCAAGGTTCGCG-1,C57BL6,0,0
GTGCCCCGTAGGCTCA-1,OTI,3,300
GTGCCCCGTCGCGTCC-1,OTI,0,0
GTGCCCCGTGCGAAGG-1,OTI,4,5
GTGCCCCGTGGACGCT-1,OTI,5,239
GTGCCCCGTGGTTCAG-1,OTI,1,11
GTGCCGGGTAAGGTCT-1,C57BL6,1,9
GTGCCGGGTACTTGGG-1,OTI,0,0
GTGCCGGGTCTACGGA-1,OTI,6,250
GTGCCGGGTGGGTTGC-1,OTI,7,220
GTGCCTTGTAAATCTG-1,OTI,3,19
GTGCCTTGTCAATTAG-1,OTI,3,52
GTGCCTTGTCATCGGA-1,OTI,3,48
GTGCCTTGTCCAACCT-1,OTI,4,55
GTGCCTTGTGGTTTAA-1,OTI,2,167
GTGCGAAAGAACCATT-1,OTI,2,15
GTGCGAAAGAACTTGT-1,OTI,0,0
GTGCGAAAGAGGGTAT-1,C57BL6,0,0
GTGCGAAAGATAACAG-1,OTI,1,6
GTGCGAAAGCATCGCG-1,C57BL6,1,12
GTGCGAAAGCATTTCC-1,OTI,6,892
GTGCGAAAGCGGTGTT-1,OTI,1,13
GTGCGAAAGGTCGGTT-1,OTI,0,0
GTGCGAAAGGTGCTAC-1,OTI,6,139
GTGCGAGCAAAGTGCA-1,OTI,1,6
GTGCGAGCAAGGTTCT-1,OTI,3,90
GTGCGAGCAATCCTAA-1,OTI,6,111
GTGCGAGCAATCGGGG-1,OTI,5,17
GTGCGAGCACCTCTAC-1,OTI,4,143
GTGCGAGCACTACTCC-1,OTI,5,315
GTGCGCATCACTCCAT-1,OTI,5,162
GTGCGCATCCATAAGT-1,OTI,3,203
GTGCGCATCCGGACCA-1,C57BL6,0,0
GTGCGCATCGGCTATA-1,C57BL6,0,0
GTGCGCGGTATCACCC-1,C57BL6,1,3
GTGCGCGGTATGTTAG-1,OTI,3,91
GTGCGGACAACCTCAG-1,OTI,0,0
GTGCGGACAACTGGGG-1,OTI,12,219
GTGCGGACAATCGTAC-1,OTI,1,6
GTGCGGACACATGTCG-1,OTI,2,82
GTGCGGACACCTCATC-1,C57BL6,1,1
GTGCGGACACGCGAAG-1,C57BL6,2,2
GTGCGGACACGTAATC-1,OTI,1,3
GTGCGGACACTCCACT-1,OTI,1,1
GTGCGGACAGTACAAG-1,C57BL6,0,0
GTGCGGTGTAACGCTG-1,OTI,4,64
GTGCGGTGTACTAAGC-1,OTI,5,170
GTGCGGTGTAGGCCGT-1,C57BL6,0,0
GTGCGGTGTATTCTGT-1,C57BL6,0,0
GTGCGGTGTCTGTCCG-1,OTI,4,158
GTGCGGTGTGCCCCTA-1,C57BL6,1,6
GTGCGTAGTAAAGCCT-1,C57BL6,0,0
GTGCGTAGTAGGACTT-1,C57BL6,2,9
GTGCGTCCAAACGGCG-1,C57BL6,0,0
GTGCGTCCAAGGTTTC-1,OTI,3,96
GTGCGTCCACAACTTA-1,C57BL6,0,0
GTGCGTCCACGTACAT-1,OTI,6,415
GTGCGTCCACGTCAGC-1,C57BL6,0,0
GTGCGTCCACTAATAT-1,C57BL6,0,0
GTGCGTGTCAGCGTGT-1,C57BL6,1,1
GTGCGTGTCAGTTGTG-1,OTI,4,124
GTGCGTGTCCGTACTT-1,OTI,2,16
GTGCGTGTCCGTCATT-1,OTI,8,202
GTGCGTGTCGGTGTCG-1,OTI,0,0
GTGCGTGTCGTAACGC-1,OTI,2,92
GTGCGTTAGACTTACG-1,C57BL6,0,0
GTGCGTTAGGTTCAGC-1,OTI,1,5
GTGCTAATCACAGACC-1,C57BL6,2,13
GTGCTAATCCGCCTAC-1,C57BL6,0,0
GTGCTAATCCTAGTTC-1,OTI,0,0
GTGCTAATCCTGCACC-1,OTI,2,44
GTGCTAATCGCAACGT-1,OTI,1,20
GTGCTAATCGCGTAGT-1,C57BL6,0,0
GTGCTAATCGGCCATG-1,OTI,6,14
GTGCTAATCGTAGCTA-1,OTI,4,54
GTGCTACAGACCTTTC-1,OTI,0,0
GTGCTACAGACGCCAT-1,OTI,2,22
GTGCTACAGATGGTAA-1,OTI,4,46
GTGCTACAGATGGTTT-1,OTI,2,782
GTGCTACAGCTACTTC-1,OTI,1,45
GTGCTACAGCTCCGGA-1,OTI,1,6
GTGCTACAGGTTAGGG-1,OTI,5,785
GTGCTCACAAGCTTAC-1,OTI,0,0
GTGCTCACACGCTTTC-1,OTI,1,133
GTGCTCACAGTATCAC-1,OTI,7,151
GTGCTCCTCAAACCGC-1,OTI,3,54
GTGCTCCTCACAACAT-1,OTI,5,377
GTGCTCCTCAGGACTC-1,OTI,4,440
GTGCTCCTCCATAAGT-1,OTI,3,81
GTGCTCCTCCATTCAC-1,OTI,2,10
GTGCTCCTCGCACCTC-1,C57BL6,0,0
GTGCTCCTCGCTGAGT-1,OTI,0,0
GTGCTGTAGAGTAAGC-1,OTI,4,30
GTGCTGTAGATGTATC-1,OTI,0,0
GTGCTGTAGCATTTCC-1,OTI,7,434
GTGCTGTAGGCCATAC-1,OTI,0,0
GTGCTGTAGGTATCCA-1,C57BL6,0,0
GTGGACGCAAACTCCG-1,C57BL6,0,0
GTGGACGCAAGGCGCA-1,C57BL6,2,14
GTGGACGCACCTCATC-1,OTI,4,193
GTGGACGCACGTTCGA-1,OTI,0,0
GTGGACGCAGCCCATA-1,OTI,0,0
GTGGACGCAGTCATCG-1,C57BL6,0,0
GTGGATTGTACGTTGG-1,OTI,0,0
GTGGATTGTAGTATGC-1,C57BL6,0,0
GTGGATTGTCGTTGCT-1,C57BL6,0,0
GTGGATTGTCTAGCTC-1,OTI,3,96
GTGGATTGTGCAGTCA-1,OTI,1,2
GTGGATTGTGTGGTGC-1,C57BL6,5,145
GTGGCAGCAAGCCATT-1,OTI,1,9
GTGGCAGCAAGTACAG-1,C57BL6,0,0
GTGGCAGCACACGCAC-1,OTI,6,94
GTGGCAGCAGGGCTAG-1,C57BL6,2,48
GTGGCAGCAGGTCATT-1,OTI,5,53
GTGGCAGCAGTATTCA-1,OTI,0,0
GTGGCATTCAGGAATA-1,OTI,11,255
GTGGCATTCATAATGC-1,C57BL6,0,0
GTGGCATTCCCACACC-1,OTI,0,0
GTGGCATTCCCCAGCT-1,OTI,2,93
GTGGCATTCCGATGTA-1,OTI,5,42
GTGGCATTCCTACATC-1,OTI,0,0
GTGGCATTCGTAGTCA-1,OTI,0,0
GTGGCCATCAGGCTGT-1,OTI,2,9
GTGGCCATCAGTACAT-1,C57BL6,2,90
GTGGCCATCAGTTATA-1,OTI,3,106
GTGGCCATCATGGTAT-1,C57BL6,0,0
GTGGCCATCCACCAAA-1,OTI,7,171
GTGGCCATCCATAGCA-1,OTI,1,4
GTGGCCATCCGCTTCA-1,OTI,1,7
GTGGCCATCCGGTCCT-1,OTI,2,19
GTGGCCATCCTCCTCT-1,OTI,0,0
GTGGCCATCCTGGTAA-1,OTI,0,0
GTGGCCATCGCTGAGT-1,C57BL6,0,0
GTGGCCATCGGATGTC-1,OTI,0,0
GTGGCCGGTACTCATT-1,C57BL6,0,0
GTGGCCGGTAGAATGG-1,C57BL6,0,0
GTGGCCGGTAGGAGGT-1,C57BL6,2,11
GTGGCCGGTCCATAGG-1,OTI,3,139
GTGGCCGGTCGTGGTA-1,OTI,3,20
GTGGCCGGTGCCCCGT-1,OTI,4,65
GTGGCCGGTGGTGATT-1,C57BL6,0,0
GTGGCCGGTGTAGAAG-1,C57BL6,1,6
GTGGCGACAAAACGCA-1,OTI,3,122
GTGGCGACAACAGGAC-1,OTI,6,205
GTGGCGACAAGCTTCG-1,OTI,2,152
GTGGCGACAAGGGTCG-1,C57BL6,1,4
GTGGCGACAATGGGCG-1,OTI,2,360
GTGGCGACACATGATC-1,C57BL6,2,32
GTGGCGACACCGCAGT-1,C57BL6,0,0
GTGGCGACACCGGTTA-1,OTI,1,38
GTGGCGACACCTCATC-1,OTI,5,11
GTGGCGACAGCACCTA-1,OTI,4,316
GTGGCGACAGTTACCG-1,OTI,4,361
GTGGCGTGTAAGTCCG-1,OTI,4,175
GTGGCGTGTATACAGC-1,OTI,0,0
GTGGCGTGTCCATATT-1,C57BL6,1,4
GTGGCGTGTCTAATTC-1,OTI,1,8
GTGGGATCAATAGGCA-1,C57BL6,1,1
GTGGGATCAATCGACT-1,C57BL6,2,13
GTGGGATCACCAAGCC-1,C57BL6,4,20
GTGGGATCACCTAGGC-1,OTI,4,95
GTGGGATCACTTAGTA-1,C57BL6,1,2
GTGGGATCAGCAGCGA-1,C57BL6,0,0
GTGGGATCAGCGGGTA-1,OTI,7,497
GTGGGCTGTAAGCGTT-1,C57BL6,0,0
GTGGGCTGTACGTGAT-1,OTI,0,0
GTGGGCTGTAGGAGTA-1,C57BL6,0,0
GTGGGCTGTGGAAGTA-1,OTI,1,2
GTGGGCTGTGGATCGC-1,OTI,4,5
GTGGGCTGTGGCGAAG-1,OTI,2,68
GTGGGCTGTGTGCGTA-1,OTI,0,0
GTGGGTAAGACCCATA-1,OTI,2,414
GTGGGTAAGAGGAGCC-1,OTI,5,187
GTGGGTAAGAGGGCGT-1,C57BL6,1,59
GTGGGTAAGCAAGCGA-1,C57BL6,0,0
GTGGGTAAGCACCACG-1,OTI,2,2
GTGGGTAAGCCTAAGC-1,OTI,3,36
GTGGGTAAGCGGTCAT-1,OTI,0,0
GTGGGTAAGCTCCGGA-1,OTI,1,171
GTGGGTAAGGGAATCG-1,C57BL6,0,0
GTGGGTTTCACAGTTG-1,OTI,7,705
GTGGGTTTCACTCCGC-1,C57BL6,0,0
GTGGGTTTCACTGGCG-1,C57BL6,0,0
GTGGGTTTCAGGGCAA-1,OTI,5,37
GTGGGTTTCATGTTAA-1,OTI,4,47
GTGGGTTTCCACACCC-1,C57BL6,0,0
GTGGGTTTCCATACCT-1,OTI,4,168
GTGGGTTTCCCTTTGG-1,OTI,2,12
GTGGGTTTCGGCATTA-1,OTI,3,63
GTGGGTTTCGGCTTGG-1,OTI,4,31
GTGGGTTTCGGGCTCA-1,OTI,0,0
GTGGGTTTCGTATACG-1,C57BL6,1,15
GTGGGTTTCGTATTAA-1,OTI,5,80
GTGGGTTTCGTCTCCA-1,C57BL6,0,0
GTGGGTTTCGTGTACA-1,C57BL6,0,0
GTGGTAACAACATTAT-1,OTI,4,84
GTGGTAACAATACCTA-1,OTI,3,174
GTGGTAACACGTTTCC-1,C57BL6,2,14
GTGGTCAGTAAGTCTA-1,OTI,0,0
GTGGTCAGTACCTAGG-1,C57BL6,0,0
GTGGTCAGTATGCTGG-1,OTI,4,56
GTGGTCAGTCGCACCC-1,OTI,3,239
GTGGTCAGTCGTTCCG-1,C57BL6,0,0
GTGGTCAGTCTAAGGT-1,C57BL6,2,38
GTGGTCAGTGCCTATC-1,OTI,4,29
GTGGTGCGTAGCAGTT-1,OTI,0,0
GTGGTGCGTATGCTGG-1,C57BL6,1,3
GTGGTGCGTCAATATG-1,OTI,3,102
GTGGTGCGTCTGTGGA-1,OTI,4,73
GTGGTTATCAAGCCAC-1,C57BL6,3,3
GTGGTTATCAATTATG-1,OTI,5,168
GTGGTTATCACCCCTA-1,OTI,2,43
GTGGTTATCAGGGCAA-1,OTI,3,14
GTGGTTATCCATAGCA-1,OTI,1,4
GTGGTTATCCGCTCTA-1,OTI,2,145
GTGGTTATCGGACATC-1,OTI,2,37
GTGGTTATCGGTACTA-1,C57BL6,0,0
GTGTAAGCAAACTCCG-1,OTI,4,74
GTGTAAGCAAATTGGG-1,C57BL6,0,0
GTGTAAGCAACTGCCA-1,C57BL6,2,11
GTGTAAGCAATCATCA-1,OTI,0,0
GTGTAAGCACATATGC-1,OTI,3,13
GTGTAAGCACTAGGAA-1,C57BL6,0,0
GTGTAATTCAACATTA-1,C57BL6,0,0
GTGTAATTCAGGGCAA-1,OTI,3,74
GTGTAATTCATGGTGC-1,OTI,4,142
GTGTAATTCATGTTAA-1,C57BL6,1,18
GTGTAATTCCCAGTAA-1,OTI,4,26
GTGTAATTCCTGCACC-1,C57BL6,1,6
GTGTAATTCGTGCTAA-1,OTI,4,40
GTGTACATCCCATCTG-1,C57BL6,0,0
GTGTACATCCTTCGTG-1,OTI,1,19
GTGTAGCTCAAACCTG-1,OTI,3,82
GTGTAGCTCAATTCCC-1,C57BL6,0,0
GTGTAGCTCACCAATG-1,OTI,4,23
GTGTAGCTCCTCCATG-1,C57BL6,0,0
GTGTAGCTCGTAGCGT-1,OTI,5,17
GTGTAGCTCGTTCTAC-1,OTI,7,172
GTGTAGTGTACACTCC-1,C57BL6,0,0
GTGTAGTGTACAGCGC-1,C57BL6,1,5
GTGTAGTGTCACACTC-1,C57BL6,0,0
GTGTAGTGTCACCGGG-1,C57BL6,0,0
GTGTAGTGTCATTCCA-1,OTI,4,89
GTGTAGTGTCGCGTCC-1,C57BL6,1,3
GTGTAGTGTCTTAGCC-1,C57BL6,3,74
GTGTAGTGTGCAGTCA-1,C57BL6,1,3
GTGTAGTGTGTGCCTT-1,C57BL6,1,205
GTGTATAGTACGTTCC-1,OTI,6,726
GTGTATAGTGGCTTTC-1,OTI,0,0
GTGTATAGTGGGATGG-1,OTI,1,28
GTGTATAGTGTGCAAT-1,C57BL6,1,23
GTGTATAGTGTTGCAG-1,OTI,6,74
GTGTATGTCACTCGCC-1,OTI,0,0
GTGTATGTCCACGAGT-1,OTI,2,41
GTGTATGTCCACGTAA-1,C57BL6,0,0
GTGTATGTCGCGACAT-1,OTI,1,7
GTGTATGTCGTGAGCT-1,C57BL6,0,0
GTGTATTAGAAGGTGT-1,OTI,4,19
GTGTATTAGAATGCCC-1,OTI,1,6
GTGTATTAGAATTCGT-1,OTI,2,6
GTGTATTAGAGTTTAC-1,OTI,3,75
GTGTATTAGATCGCGT-1,OTI,3,16
GTGTATTAGCTGGGTT-1,OTI,3,864
GTGTATTAGCTTCTAC-1,OTI,0,0
GTGTATTAGGTCTACA-1,C57BL6,0,0
GTGTCAATCCCCATTG-1,OTI,4,149
GTGTCAATCGGACTAC-1,C57BL6,0,0
GTGTCAATCGGGCCTA-1,OTI,3,49
GTGTCAATCGTATACG-1,OTI,1,9
GTGTCAGGTACAAGTC-1,OTI,0,0
GTGTCAGGTCAATTCT-1,OTI,1,51
GTGTCAGGTCGGGGTT-1,OTI,3,47
GTGTCAGGTCTCTCGG-1,OTI,0,0
GTGTCAGGTGTGTCCT-1,C57BL6,0,0
GTGTCATCAAACGGCG-1,OTI,0,0
GTGTCATCAAGTAACG-1,OTI,0,0
GTGTCATCAGGAATAT-1,C57BL6,2,10
GTGTCCGAGAACGTTT-1,OTI,2,92
GTGTCCGAGAGTTAGA-1,OTI,3,26
GTGTCCGAGCACCTTT-1,OTI,3,78
GTGTCCGAGCAGTATT-1,C57BL6,1,5
GTGTCCGAGCCTAGCG-1,OTI,1,14
GTGTCCGAGCTTAAGT-1,OTI,0,0
GTGTCCGAGGTTGCCG-1,C57BL6,0,0
GTGTCCGAGGTTGTGC-1,OTI,3,64
GTGTCCTGTACACCCT-1,C57BL6,0,0
GTGTCCTGTATATCAG-1,OTI,2,96
GTGTCCTGTCATACCC-1,C57BL6,0,0
GTGTCGAGTCTAACGG-1,OTI,4,43
GTGTCGCCAATACCTA-1,OTI,1,4
GTGTCGCCAATTCGTA-1,C57BL6,1,8
GTGTCGGTCAAGGCTC-1,OTI,4,65
GTGTCGGTCATCAGCA-1,OTI,2,8
GTGTCGGTCATTAACA-1,OTI,1,9
GTGTCGGTCCCTTAGT-1,OTI,5,9
GTGTCGGTCGCTCCTA-1,OTI,0,0
GTGTCGGTCGTCACCC-1,C57BL6,0,0
GTGTCGTAGCGAATTT-1,OTI,3,137
GTGTCGTAGCGCATTA-1,C57BL6,1,8
GTGTCGTAGGGGGTAC-1,OTI,6,133
GTGTCGTAGGTGTTAT-1,C57BL6,0,0
GTGTCTCGTAACCCCT-1,OTI,0,0
GTGTCTCGTAAGGAAT-1,C57BL6,0,0
GTGTCTCGTAATCCCC-1,OTI,3,218
GTGTCTCGTAGAGTGA-1,C57BL6,0,0
GTGTCTCGTCCAGATG-1,OTI,1,75
GTGTCTCGTCGGCTGG-1,OTI,5,121
GTGTCTCGTGCTGGGT-1,OTI,1,17
GTGTCTCGTGGTGTAT-1,OTI,5,362
GTGTCTCGTGTCGCGG-1,OTI,2,67
GTGTGATGTATCCAGG-1,OTI,5,152
GTGTGCAGTACTTCAT-1,OTI,4,64
GTGTGCAGTAGCGTTG-1,C57BL6,0,0
GTGTGCAGTCGTTGGA-1,OTI,1,7
GTGTGCAGTCTCATTG-1,OTI,1,5
GTGTGCAGTGGTAAAG-1,OTI,2,105
GTGTGCAGTGTAAAGG-1,OTI,4,70
GTGTGGGCAAAGGCAC-1,C57BL6,7,10
GTGTGGGCAACACGAA-1,C57BL6,0,0
GTGTGGGCAACATTAT-1,OTI,4,13
GTGTGGGCAAGAGGTC-1,OTI,5,21
GTGTGGGCAATGCAGA-1,OTI,1,3
GTGTGGGCACTAGCGC-1,OTI,5,176
GTGTGGGCACTGACGC-1,OTI,11,34
GTGTTAAGTATAGGGA-1,OTI,4,35
GTGTTAAGTCAGCTCT-1,OTI,4,4
GTGTTAAGTCATCAGG-1,C57BL6,0,0
GTGTTAAGTCATTAAG-1,OTI,4,142
GTGTTAAGTCGACAGC-1,OTI,5,59
GTGTTAAGTCGAGGCT-1,OTI,5,24
GTGTTAAGTCTTCTAG-1,OTI,5,144
GTGTTACCACAAGTAG-1,OTI,2,49
GTGTTACCAGTAAACG-1,OTI,0,0
GTGTTACCAGTGCGTC-1,OTI,2,14
GTGTTATAGATGCATT-1,C57BL6,1,22
GTGTTATAGCCGACAT-1,OTI,7,63
GTGTTATAGCTACTTC-1,OTI,1,8
GTGTTATAGGCCCCAA-1,OTI,3,81
GTGTTATAGGCTTACA-1,OTI,2,21
GTGTTATAGGGACATG-1,C57BL6,0,0
GTGTTATAGGGCGTAA-1,C57BL6,1,32
GTGTTATAGGGGATTG-1,OTI,2,43
GTGTTCCGTAATTGTG-1,C57BL6,2,16
GTGTTCCGTCATGGGC-1,OTI,4,63
GTGTTCCGTCTAGCTC-1,OTI,3,21
GTGTTCCGTCTGGTGA-1,C57BL6,0,0
GTGTTCCGTGGCGAAG-1,OTI,2,129
GTGTTCCGTGGGGTTC-1,OTI,8,262
GTGTTCGCAAACACTC-1,C57BL6,1,9
GTGTTCGCAACGTGGG-1,C57BL6,4,9
GTGTTCGCAATAGCGA-1,OTI,7,103
GTGTTCGCACCAGTGC-1,OTI,3,79
GTGTTCGCACTCTAGG-1,OTI,3,61
GTGTTCGCACTTATCT-1,OTI,3,32
GTGTTCGCAGCGGTCT-1,OTI,2,140
GTGTTCGCAGCTAATC-1,OTI,1,30
GTGTTCGCAGGAGTCG-1,OTI,0,0
GTGTTCGCAGGATGGT-1,C57BL6,0,0
GTGTTCGCAGGGATTA-1,OTI,0,0
GTGTTCGCAGGTCTAT-1,OTI,5,49
GTGTTGATCAGCCAAC-1,OTI,4,68
GTGTTGATCCACTACT-1,OTI,2,28
GTGTTGATCCATCTGT-1,OTI,2,20
GTGTTGATCCTACGCC-1,OTI,4,209
GTGTTGATCGTAGCAC-1,C57BL6,2,31
GTGTTGGGTACCCGTT-1,OTI,5,394
GTGTTGGGTAGCATCG-1,C57BL6,0,0
GTGTTGGGTATGGAGA-1,C57BL6,1,2
GTGTTGGGTCAGCTCT-1,OTI,0,0
GTGTTGGGTGGCATGC-1,C57BL6,1,5
GTTAACCCAAATTTCG-1,OTI,5,44
GTTAACCCAATTATCG-1,OTI,2,338
GTTAACCCACGTACGC-1,C57BL6,0,0
GTTAACCCAGCCAACC-1,C57BL6,0,0
GTTAACCCAGCCTTTC-1,OTI,5,214
GTTAACCCAGTATGCT-1,OTI,0,0
GTTAAGCGTACTTGGG-1,OTI,1,27
GTTAAGCGTAGGAGGT-1,OTI,5,242
GTTAAGCGTCATAGCG-1,OTI,2,54
GTTAAGCGTCTCTAAT-1,OTI,4,73
GTTAAGGCAACGTTAC-1,C57BL6,0,0
GTTAAGGCACAAGTAG-1,OTI,0,0
GTTAAGGCACAAGTCT-1,C57BL6,1,9
GTTAAGGCACAGTTAC-1,OTI,4,159
GTTAAGGCACGTCTAG-1,C57BL6,1,7
GTTAAGGCAGCCAACC-1,OTI,0,0
GTTAAGGCAGTGCAGG-1,OTI,3,46
GTTAAGTTCATCCCCA-1,OTI,3,92
GTTAAGTTCCAATTCC-1,OTI,4,102
GTTAAGTTCCCACAGG-1,OTI,5,168
GTTAAGTTCCGATACA-1,OTI,1,5
GTTAAGTTCGGCGCTA-1,C57BL6,0,0
GTTAATATCAGCGTGT-1,OTI,3,5
GTTAATATCAGGCTTA-1,C57BL6,0,0
GTTAATATCAGTATCG-1,OTI,5,539
GTTAATATCCATGCCC-1,OTI,9,225
GTTAATATCCCCTAAT-1,OTI,1,30
GTTAATATCCCTTAGT-1,OTI,2,14
GTTAATATCCTCGTTG-1,OTI,3,11
GTTAATATCGCCTCTA-1,OTI,2,47
GTTAATCAGAACGTTT-1,OTI,4,31
GTTAATCAGATCTCGA-1,OTI,3,16
GTTAATCAGCAAGTTT-1,C57BL6,2,9
GTTAATCAGCGATTGC-1,C57BL6,0,0
GTTAATCAGGCAGGGT-1,OTI,2,5
GTTAATGGTAGTTAGC-1,OTI,0,0
GTTAATGGTCCTCGAT-1,C57BL6,0,0
GTTAATGGTCTAGTGG-1,OTI,1,51
GTTAATGGTGGAGCAG-1,OTI,10,74
GTTAATGGTGGCGCTG-1,C57BL6,0,0
GTTAATGGTGGGCGTT-1,OTI,0,0
GTTAATGGTGTATTCT-1,C57BL6,3,13
GTTAATTCAAATTGCC-1,C57BL6,1,1
GTTAATTCAAGCTTTA-1,C57BL6,0,0
GTTAATTCAAGTCGCC-1,OTI,2,5
GTTAATTCAGTTAAGG-1,C57BL6,1,2
GTTACCCGTAAGCCAT-1,C57BL6,0,0
GTTACCCGTCAATTAG-1,OTI,4,100
GTTACCCGTCGATTGG-1,C57BL6,0,0
GTTACCCGTCGCCTAT-1,OTI,1,1
GTTACCCGTCGGTTCT-1,C57BL6,0,0
GTTACCCGTCTATGTT-1,OTI,5,33
GTTACCCGTGGTAGTT-1,OTI,3,112
GTTACCGCAAACGAGC-1,OTI,3,979
GTTACCGCAATCAGAG-1,OTI,4,76
GTTACCGCACCCTGAA-1,OTI,4,200
GTTACCGCACGATGGG-1,OTI,5,111
GTTACCGCACTCGAGC-1,OTI,1,119
GTTACCGCAGTGCTCA-1,C57BL6,1,3
GTTACCTTCAAACTTA-1,OTI,5,54
GTTACCTTCAAATGTC-1,OTI,5,304
GTTACCTTCAGACTGC-1,OTI,0,0
GTTACCTTCGCATCGG-1,OTI,4,47
GTTACCTTCGGACTAC-1,OTI,4,36
GTTACCTTCGTCCGCT-1,OTI,0,0
GTTACGGGTACGTCAG-1,C57BL6,0,0
GTTACGGGTCACTAGG-1,OTI,0,0
GTTACGGGTCTTGGAG-1,C57BL6,2,8
GTTACGGGTGTCCCCA-1,C57BL6,2,2
GTTACTACAACTTTAG-1,OTI,4,115
GTTACTACAAGCGAAC-1,C57BL6,1,3
GTTACTACACATCAGT-1,C57BL6,2,19
GTTACTACACCGTAAT-1,C57BL6,1,8
GTTACTACACGCCTAA-1,OTI,2,24
GTTACTCTCAACGAAA-1,C57BL6,0,0
GTTACTCTCCGCTAAA-1,C57BL6,1,7
GTTACTCTCGTGTCGG-1,C57BL6,0,0
GTTACTTGTACTGCGA-1,OTI,0,0
GTTACTTGTATGTTCT-1,C57BL6,1,6
GTTACTTGTCAGCGTA-1,OTI,8,369
GTTACTTGTCATACAA-1,OTI,3,202
GTTACTTGTCCTAATT-1,OTI,2,34
GTTACTTGTGCCCGAG-1,OTI,1,22
GTTACTTGTGGTGATT-1,OTI,2,8
GTTAGAGCAACAGAAT-1,OTI,0,0
GTTAGAGCAAGCGGCA-1,OTI,5,15
GTTAGAGCACCATCGA-1,OTI,1,4
GTTAGAGCACCGACAC-1,OTI,4,229
GTTAGAGCACTGGCAC-1,OTI,11,566
GTTAGCATCAATCTCC-1,C57BL6,1,5
GTTAGCATCACTCACT-1,OTI,1,21
GTTAGCATCATACTAA-1,C57BL6,0,0
GTTAGCATCATGGGCT-1,OTI,12,925
GTTAGCATCCAAATGT-1,OTI,7,54
GTTAGCATCCCACTCA-1,OTI,2,331
GTTAGCATCCCTAGGG-1,OTI,4,200
GTTAGCATCCTCCAAT-1,OTI,2,17
GTTAGCATCGCGTCGA-1,OTI,3,12
GTTAGCCAGAAAGCGT-1,OTI,4,165
GTTAGCCAGAACGACG-1,C57BL6,0,0
GTTAGCCAGACTGCGT-1,OTI,3,73
GTTAGCCAGATATGAG-1,C57BL6,0,0
GTTAGCCAGATCGCGT-1,C57BL6,0,0
GTTAGCCAGCCACTAA-1,OTI,7,249
GTTAGCCAGCCGTTGG-1,OTI,1,5
GTTAGCCAGCTGTCGG-1,OTI,4,58
GTTAGCGGTAGGTAAG-1,C57BL6,0,0
GTTAGCGGTGCGAGGA-1,OTI,0,0
GTTAGCGGTGGTTGTG-1,C57BL6,0,0
GTTAGCGGTGTTGTGG-1,OTI,3,154
GTTAGCTCAAGACAAT-1,C57BL6,1,105
GTTAGCTCAAGCAAGC-1,C57BL6,0,0
GTTAGCTCAATAAGAC-1,C57BL6,0,0
GTTAGCTCAATCGGGG-1,OTI,3,15
GTTAGCTCAATTCGAC-1,C57BL6,0,0
GTTAGCTCACACTGCA-1,OTI,1,44
GTTAGCTCACCGGACT-1,OTI,0,0
GTTAGCTCACTATAAT-1,OTI,0,0
GTTAGCTCAGCAGCCT-1,C57BL6,3,4
GTTAGCTCAGCTACGC-1,OTI,0,0
GTTAGGCTCAAACTAC-1,C57BL6,12,17
GTTAGGCTCATATGGT-1,OTI,4,80
GTTAGGGAGATGAGTA-1,OTI,1,12
GTTAGGGAGATGCGGA-1,OTI,1,36
GTTAGGGAGCACCTAA-1,OTI,4,23
GTTAGGTGTCACATGG-1,OTI,3,209
GTTAGGTGTCCTAGAG-1,C57BL6,1,16
GTTAGGTGTCGCTCTG-1,OTI,2,13
GTTAGGTGTGGAGCGA-1,C57BL6,0,0
GTTAGTAGTAACGCCA-1,OTI,3,98
GTTAGTAGTACCCATC-1,OTI,0,0
GTTAGTAGTACTAAGC-1,OTI,6,216
GTTAGTAGTCGTTCCG-1,OTI,2,83
GTTAGTAGTCTAATGA-1,C57BL6,2,35
GTTAGTAGTGCGCCTC-1,OTI,5,157
GTTAGTCCAAGTAACG-1,OTI,2,13
GTTAGTCCACCCAGAC-1,OTI,0,0
GTTAGTTAGAAGCTAA-1,OTI,5,30
GTTAGTTAGACTAATC-1,C57BL6,1,13
GTTAGTTAGAGAGGTT-1,OTI,4,41
GTTAGTTAGATCCGAC-1,OTI,0,0
GTTAGTTAGCATATCG-1,OTI,8,157
GTTAGTTAGCCAACCG-1,C57BL6,0,0
GTTAGTTAGCCCTAGG-1,C57BL6,0,0
GTTATAATCATACTCC-1,OTI,2,270
GTTATAATCGTAGCAC-1,OTI,0,0
GTTATAGGTACGTCTC-1,OTI,3,22
GTTATAGGTATCAGCG-1,OTI,0,0
GTTATAGGTATTATCC-1,OTI,0,0
GTTATAGGTGTGTTCC-1,C57BL6,0,0
GTTATCGAGACTAATC-1,OTI,4,4
GTTATCGAGCCAGTAC-1,OTI,9,133
GTTATCGAGCCATAAT-1,OTI,0,0
GTTATCGAGCGTTCAA-1,OTI,0,0
GTTATCGAGCTCATAG-1,C57BL6,0,0
GTTATCGAGGCTTCCC-1,C57BL6,1,5
GTTATCGAGGCTTCGG-1,OTI,0,0
GTTATCGAGGTCGCAT-1,OTI,4,29
GTTATGAGTAATTTGG-1,OTI,6,116
GTTATGAGTAGGCTTG-1,C57BL6,0,0
GTTATGAGTAGGGGCA-1,OTI,1,6
GTTATGAGTATCTCTG-1,C57BL6,1,6
GTTATGAGTATGGTCG-1,OTI,0,0
GTTATGAGTCTCTCGG-1,C57BL6,0,0
GTTATGAGTGCGTAGC-1,OTI,4,65
GTTATGAGTGGCTTAG-1,OTI,3,104
GTTATGGTCACATTCC-1,OTI,1,2
GTTATGGTCAGCGTAC-1,OTI,6,69
GTTATGGTCCTACATC-1,OTI,3,31
GTTATGGTCCTCCTTC-1,OTI,1,198
GTTATGTAGATACAAG-1,C57BL6,0,0
GTTATGTAGATACAGA-1,OTI,1,2
GTTATGTAGCAGTCCG-1,C57BL6,0,0
GTTATGTAGCATGTAT-1,C57BL6,0,0
GTTATGTAGGTTATGT-1,OTI,0,0
GTTATGTAGGTTGTAT-1,OTI,1,85
GTTCAATAGCCAAATT-1,C57BL6,1,3
GTTCAATAGCCATAAT-1,C57BL6,0,0
GTTCAATAGGCGGGAT-1,OTI,3,20
GTTCAATAGGGGGCAT-1,OTI,2,64
GTTCAATAGGGGTTTC-1,OTI,0,0
GTTCACGCAAGGGGAA-1,C57BL6,0,0
GTTCACGCAAGTACTC-1,OTI,4,72
GTTCACGCACATAGAG-1,C57BL6,1,69
GTTCACGCACCATAAC-1,OTI,0,0
GTTCACGCACTAAGGA-1,OTI,0,0
GTTCACGCACTATGAC-1,OTI,1,541
GTTCACTTCAAATCAC-1,OTI,1,11
GTTCACTTCACTTGCT-1,OTI,1,2
GTTCACTTCAGTACAT-1,OTI,1,10
GTTCACTTCATCCGCC-1,OTI,2,43
GTTCACTTCCGGACAT-1,C57BL6,1,5
GTTCACTTCGCATCGG-1,OTI,2,51
GTTCACTTCGCCCGTT-1,OTI,1,24
GTTCACTTCGGATACC-1,OTI,9,43
GTTCACTTCGGCGATT-1,OTI,3,22
GTTCACTTCGTGTATG-1,OTI,7,89
GTTCAGCAGACTTTGG-1,OTI,5,686
GTTCAGCAGATGACGG-1,OTI,1,3
GTTCAGCAGCCACTAA-1,OTI,2,25
GTTCAGCAGCGCGATT-1,OTI,1,43
GTTCAGCAGCTAGTTG-1,OTI,1,11
GTTCAGCAGGTAATTC-1,OTI,6,66
GTTCAGCAGGTCTGTA-1,C57BL6,1,6
GTTCAGGGTAGGTTGT-1,C57BL6,4,107
GTTCAGGGTATGTCTT-1,OTI,3,120
GTTCAGGGTCACTTTG-1,C57BL6,4,4
GTTCAGGGTCTAAGGT-1,OTI,3,212
GTTCAGGGTCTATGGG-1,C57BL6,0,0
GTTCAGGGTCTGCGCC-1,OTI,9,874
GTTCAGGGTCTTGGAG-1,OTI,2,310
GTTCAGGGTGCTCTGT-1,OTI,8,211
GTTCAGTCAACTGAAG-1,OTI,0,0
GTTCAGTCAGGACCTC-1,OTI,5,258
GTTCATCTCAATTATG-1,OTI,5,525
GTTCATCTCACTATAA-1,C57BL6,0,0
GTTCATCTCATGAAAG-1,OTI,2,62
GTTCATCTCCACTTCG-1,OTI,6,90
GTTCATCTCCGGGCTA-1,OTI,2,43
GTTCATCTCGTTAAGT-1,OTI,1,2
GTTCATGAGATAAGTG-1,C57BL6,0,0
GTTCATGAGATGACGG-1,OTI,1,12
GTTCATGAGCAATTCG-1,OTI,1,5
GTTCATGAGCCTAGCG-1,OTI,8,50
GTTCATGAGGCTTTAG-1,C57BL6,2,21
GTTCATTGTATCTCTG-1,OTI,0,0
GTTCATTGTCAGTATA-1,OTI,4,72
GTTCATTGTCCGGTAA-1,OTI,3,64
GTTCATTGTCGAGGCT-1,OTI,0,0
GTTCATTGTCTAAGTA-1,C57BL6,0,0
GTTCGACAGACAGCGA-1,OTI,0,0
GTTCGACAGAGGTACG-1,C57BL6,1,17
GTTCGACAGCCGTCGA-1,OTI,4,107
GTTCGACAGCGTTATG-1,C57BL6,0,0
GTTCGAGGTAATTCAG-1,OTI,2,80
GTTCGAGGTACAGGTT-1,C57BL6,0,0
GTTCGAGGTAGCGTCA-1,OTI,4,135
GTTCGAGGTAGGCGGA-1,C57BL6,0,0
GTTCGAGGTCCCATGT-1,OTI,1,7
GTTCGAGGTCCGCCTA-1,C57BL6,1,1
GTTCGAGGTGTGGATT-1,OTI,2,77
GTTCGCACAATCGCCA-1,OTI,6,79
GTTCGCACACCACCAA-1,OTI,2,7
GTTCGCCTCAAGCATT-1,OTI,4,162
GTTCGCGAGACCCTTT-1,OTI,4,122
GTTCGCGAGACCTGCG-1,OTI,0,0
GTTCGCGAGAGACGCA-1,OTI,4,15
GTTCGCGAGATCGACC-1,OTI,5,257
GTTCGCGAGCAGTAGG-1,OTI,0,0
GTTCGCGAGCCGCTAG-1,OTI,6,360
GTTCGCTGTCCAGTTC-1,OTI,1,32
GTTCGCTGTGGCTTGA-1,OTI,0,0
GTTCGCTGTGTGTGAT-1,OTI,3,144
GTTCGGGTCAAATCAC-1,OTI,1,5
GTTCGGGTCATCCCAT-1,OTI,2,26
GTTCGGGTCCTAAAGT-1,OTI,1,18
GTTCGTCGTAACTGCG-1,OTI,5,216
GTTCGTCGTACAGAAG-1,OTI,1,237
GTTCGTCGTAGTGTTA-1,OTI,1,39
GTTCGTCGTCCATATT-1,OTI,4,222
GTTCGTCGTCTGATAA-1,OTI,0,0
GTTCGTCGTGCGCTCC-1,C57BL6,0,0
GTTCGTTTCACCTTAC-1,OTI,3,20
GTTCGTTTCATCCCGC-1,OTI,3,28
GTTCGTTTCCAATTAA-1,OTI,1,5
GTTCGTTTCCAGGGTT-1,C57BL6,0,0
GTTCGTTTCCCTAGTT-1,OTI,2,130
GTTCGTTTCGCTCCTA-1,OTI,4,72
GTTCTACTCAATCTCC-1,OTI,6,65
GTTCTACTCCAACACA-1,OTI,5,87
GTTCTACTCCGAAACC-1,OTI,4,36
GTTCTAGAGAGGGGCT-1,OTI,1,6
GTTCTAGAGATGGGGC-1,OTI,7,621
GTTCTAGAGCCTAGCG-1,OTI,3,31
GTTCTAGAGCGTAGAG-1,C57BL6,1,3
GTTCTAGAGGCTCGAT-1,OTI,1,18
GTTCTAGAGGGACTGA-1,OTI,2,6
GTTCTAGAGGGGTTAG-1,C57BL6,0,0
GTTCTATGTAAGGGAC-1,C57BL6,0,0
GTTCTATGTACTAAGC-1,C57BL6,0,0
GTTCTATGTACTGCGA-1,OTI,1,79
GTTCTATGTAGGGCGA-1,OTI,5,154
GTTCTATGTAGTGTAC-1,C57BL6,0,0
GTTCTATGTCACTTTG-1,OTI,1,37
GTTCTATGTCCGCATT-1,OTI,2,613
GTTCTATGTCGAAGCC-1,OTI,0,0
GTTCTATGTCGCCCTA-1,OTI,1,16
GTTCTATGTCTTGTCA-1,OTI,3,285
GTTCTATGTGCTATGG-1,OTI,6,174
GTTCTATGTGGGGTAG-1,OTI,4,22
GTTCTATGTGTATGCG-1,OTI,1,82
GTTCTATGTGTGAGTT-1,OTI,0,0
GTTCTATGTGTGGTCA-1,C57BL6,2,10
GTTCTCAGTACACCCT-1,OTI,7,223
GTTCTCAGTACAGTTA-1,C57BL6,1,9
GTTCTCAGTCAAGTTA-1,OTI,0,0
GTTCTCAGTCGGGGTT-1,OTI,0,0
GTTCTCAGTCTCGCTG-1,OTI,3,64
GTTCTCAGTGTCGATG-1,OTI,10,851
GTTCTCCCAAGGGTTA-1,C57BL6,1,3
GTTCTCCCACCTTCTA-1,OTI,0,0
GTTCTCCCACTGGGCT-1,OTI,2,27
GTTGAAGCAAGCTATC-1,C57BL6,1,6
GTTGAAGCAAGGGGAA-1,OTI,1,3
GTTGAAGCAAGGTTCT-1,OTI,3,104
GTTGAAGCAATCTTAG-1,OTI,2,18
GTTGAAGCACAATAGG-1,OTI,0,0
GTTGAAGCACAATGTC-1,OTI,0,0
GTTGAAGCACTTCTCA-1,OTI,1,4
GTTGAAGCAGTATACC-1,OTI,0,0
GTTGACATCCTACAAG-1,C57BL6,1,1
GTTGAGACAAATGCGA-1,OTI,2,15
GTTGATCCAAAGCTCT-1,OTI,0,0
GTTGATCCAAGAATTA-1,OTI,4,48
GTTGATCCAATGGGAC-1,OTI,1,34
GTTGATCCACTATAAT-1,C57BL6,1,5
GTTGATCCAGCATGCC-1,OTI,3,174
GTTGATCCAGCCTTTC-1,OTI,6,362
GTTGATCCAGCGAAAC-1,C57BL6,0,0
GTTGATTAGATTACCG-1,OTI,3,58
GTTGATTAGATTGAGA-1,C57BL6,0,0
GTTGATTAGCCCAAGT-1,C57BL6,0,0
GTTGATTAGGTAGCAG-1,C57BL6,0,0
GTTGCAATCACAGTTG-1,C57BL6,0,0
GTTGCAATCCCATCGC-1,C57BL6,1,4
GTTGCAATCCGGAATC-1,OTI,2,21
GTTGCAATCGCGTCAG-1,OTI,6,67
GTTGCAGGTAAGGTAG-1,C57BL6,0,0
GTTGCAGGTAAGTGTC-1,OTI,3,383
GTTGCAGGTACTGCGA-1,C57BL6,3,18
GTTGCAGGTCACTAGG-1,OTI,0,0
GTTGCAGGTCGTAATA-1,OTI,0,0
GTTGCAGGTCTGGTGA-1,OTI,4,60
GTTGCCACAATAAGAC-1,OTI,4,84
GTTGCCACACAAGGGT-1,C57BL6,0,0
GTTGCCACACCTATAA-1,C57BL6,0,0
GTTGCCACACGAGCGA-1,C57BL6,0,0
GTTGCCACACTAGAAG-1,OTI,0,0
GTTGCCACACTCCTTA-1,C57BL6,2,15
GTTGCCACACTTAGCG-1,OTI,3,19
GTTGCCACAGCGTAGG-1,OTI,6,750
GTTGCCACAGCTATCG-1,OTI,0,0
GTTGCCACAGGATAGC-1,OTI,4,160
GTTGCCACAGTGCGGA-1,OTI,3,171
GTTGCCCTCAATTCCC-1,OTI,1,223
GTTGCCCTCACAATTA-1,OTI,9,271
GTTGCCCTCAGCCAAC-1,OTI,0,0
GTTGCCCTCCCTTCTC-1,OTI,2,111
GTTGCCCTCGGACTTA-1,C57BL6,1,5
GTTGCCCTCGGGCCTA-1,OTI,1,16
GTTGCCCTCGTATAGT-1,OTI,1,15
GTTGCCCTCGTATCTC-1,C57BL6,3,87
GTTGCCCTCGTGATAT-1,OTI,0,0
GTTGCCCTCGTTCGCC-1,C57BL6,0,0
GTTGCCGAGATTCAAC-1,C57BL6,0,0
GTTGCCGAGCATAGGG-1,C57BL6,1,1
GTTGCCGAGCCGCAAT-1,OTI,0,0
GTTGCCGAGCGTTCCC-1,OTI,2,124
GTTGCCGAGGCTAACC-1,OTI,1,4
GTTGCCGAGGGCGGAT-1,OTI,0,0
GTTGCCGAGGTTCTAG-1,OTI,0,0
GTTGCGAGTACTCGAG-1,C57BL6,0,0
GTTGCGAGTAGCTGAT-1,C57BL6,1,9
GTTGCGAGTCTGTCCG-1,OTI,5,422
GTTGCGAGTGGGGCTT-1,OTI,2,22
GTTGCGCCAAAGCTCT-1,OTI,0,0
GTTGCGCCAAATATTC-1,C57BL6,0,0
GTTGCGCCAAGCGCGA-1,OTI,3,19
GTTGCGCCAATTCAGC-1,C57BL6,0,0
GTTGCGTAGAAATGGC-1,OTI,3,140
GTTGCGTAGAATATCC-1,OTI,4,48
GTTGCGTAGACAAGTA-1,OTI,1,5
GTTGCGTAGCGCAGTT-1,C57BL6,0,0
GTTGCTTTCACGCAAC-1,C57BL6,0,0
GTTGCTTTCACTATCC-1,OTI,4,188
GTTGCTTTCAGGGCAA-1,C57BL6,1,11
GTTGGAACAACATGTC-1,OTI,2,25
GTTGGAACAACGACCC-1,OTI,3,540
GTTGGAACAATTCTAG-1,OTI,4,118
GTTGGAACACACCTCT-1,OTI,2,11
GTTGGAACACATTGGT-1,C57BL6,0,0
GTTGGAACACCGAATT-1,C57BL6,0,0
GTTGGAACACTAGTTA-1,C57BL6,0,0
GTTGGAACAGGTAAAT-1,OTI,0,0
GTTGGAACAGTGCACC-1,OTI,5,31
GTTGGAACAGTGGCGA-1,OTI,1,6
GTTGGAGAGACGATGG-1,OTI,5,159
GTTGGAGAGACTTAAC-1,OTI,3,67
GTTGGAGAGATGTATC-1,OTI,0,0
GTTGGAGAGCAAATGA-1,OTI,4,101
GTTGGAGAGCACTGCG-1,OTI,3,82
GTTGGAGAGCCACAAC-1,C57BL6,0,0
GTTGGAGAGGCGTCAT-1,OTI,1,17
GTTGGAGAGGTATTCG-1,OTI,6,1069
GTTGGAGAGGTGTCCG-1,OTI,0,0
GTTGGATGTAGCCCTT-1,C57BL6,0,0
GTTGGATGTCGATAGT-1,OTI,2,6
GTTGGATGTGCATGGC-1,C57BL6,1,4
GTTGGATGTGCTATGG-1,OTI,0,0
GTTGGCGTCAATGTAC-1,OTI,2,15
GTTGGCGTCACCATCT-1,OTI,3,16
GTTGGCGTCCCTTAAC-1,OTI,6,216
GTTGGCGTCCTTGTCG-1,C57BL6,2,8
GTTGGGCGTACCATGG-1,C57BL6,0,0
GTTGGGCGTACTTGGG-1,C57BL6,0,0
GTTGGGCGTCTACGGA-1,C57BL6,0,0
GTTGGGCGTCTCATTG-1,OTI,2,71
GTTGGGGCAACCTATA-1,C57BL6,0,0
GTTGGGGCAACGTAAG-1,C57BL6,0,0
GTTGGGGCAATGCTCG-1,C57BL6,1,4
GTTGGGGCACCTAATA-1,OTI,4,4
GTTGGGGCACGACACC-1,C57BL6,0,0
GTTGGGGCACGCATCA-1,C57BL6,0,0
GTTGGGGCAGCAGCCT-1,OTI,4,213
GTTGGGGCAGCTAGGG-1,OTI,4,210
GTTGGGGCAGTACTTA-1,C57BL6,1,7
GTTGGGTTCAATCCCT-1,C57BL6,0,0
GTTGGGTTCACACATG-1,OTI,3,8
GTTGGGTTCAGCATTG-1,OTI,5,41
GTTGGGTTCATACGTG-1,C57BL6,0,0
GTTGGGTTCATCGGAC-1,OTI,1,66
GTTGGGTTCCAGTATG-1,OTI,3,30
GTTGGGTTCCATCTGT-1,OTI,4,31
GTTGGGTTCCTTCAAC-1,OTI,6,38
GTTGGGTTCGTCGCTC-1,OTI,4,148
GTTGGTCAGATTCGTG-1,OTI,0,0
GTTGGTTCACACCTCT-1,OTI,1,7
GTTGGTTCACATAGAG-1,OTI,0,0
GTTGGTTCACCTGACA-1,OTI,2,51
GTTGGTTCACGCGCAT-1,C57BL6,0,0
GTTGGTTCAGCGCTAC-1,C57BL6,1,14
GTTGTAAGTAACATGC-1,OTI,0,0
GTTGTAAGTAGTGTAC-1,OTI,3,45
GTTGTAAGTGCGTAGC-1,OTI,3,53
GTTGTAAGTGGACGCT-1,OTI,0,0
GTTGTAAGTGTGGCCG-1,OTI,7,271
GTTGTAAGTGTTGCGA-1,C57BL6,3,98
GTTGTATAGACTATGT-1,C57BL6,3,7
GTTGTATAGATCTGCA-1,OTI,4,50
GTTGTATAGCAAACGG-1,OTI,1,3
GTTGTATAGCTACATG-1,OTI,2,65
GTTGTATAGGCGGAGT-1,OTI,0,0
GTTGTATAGGGGGTAC-1,OTI,2,168
GTTGTATAGGTGCGTT-1,OTI,0,0
GTTGTCCGTATCCGAG-1,OTI,4,83
GTTGTCCGTATGCCTC-1,OTI,0,0
GTTGTCCGTATTATCC-1,OTI,2,39
GTTGTCCGTCAATTAG-1,OTI,3,207
GTTGTCCGTGTCTCCG-1,C57BL6,0,0
GTTGTCCGTGTGGATT-1,OTI,3,25
GTTGTCTTCAAACCAT-1,C57BL6,0,0
GTTGTCTTCAACTCCT-1,C57BL6,0,0
GTTGTCTTCCACTCCA-1,OTI,4,232
GTTGTCTTCCCCATTG-1,OTI,2,44
GTTGTCTTCCGCCCAT-1,OTI,1,53
GTTGTCTTCCGCTAAA-1,C57BL6,0,0
GTTGTCTTCCGTAACA-1,OTI,4,103
GTTGTCTTCCTCTAGT-1,C57BL6,1,4
GTTGTCTTCGGCCCTT-1,C57BL6,8,112
GTTGTGCAGAAGCTGG-1,OTI,4,20
GTTGTGCAGAGTAAGC-1,C57BL6,0,0
GTTGTGCAGATAGTGA-1,OTI,2,5
GTTGTGCAGCGATTCA-1,OTI,5,264
GTTGTGCAGCTACATG-1,OTI,0,0
GTTGTGCAGGCCCGTA-1,OTI,2,12
GTTGTGGGTACCTTGC-1,C57BL6,1,3
GTTGTGGGTACGGGTC-1,C57BL6,2,12
GTTGTGGGTCCCAATC-1,OTI,4,23
GTTGTGGGTGTGCGCG-1,C57BL6,1,2
