comparison,peptide_group,reference,gene,total_counts,pct_group,pct_reference,pct_delta,detection_log2_odds_ratio,mean_norm_group,mean_norm_reference,mean_log1p_group,mean_log1p_reference,avg_log1p_diff,log2fc_mean_norm,welch_t,welch_df,cohen_d_log1p,p_value,tested,padj_bh,n_group_cells,n_reference_cells,is_sig_0p25,is_sig_0p5,gene_program,gene_order,peptide_order,is_sig_abs0p5_fdr0p05,plot_size,x,y,gene_centered_log2fc_z,percent_detected
multi_peptide_vs_no_interaction,multi_peptide,no_interaction,Stmn1,22170,0.6095399927175976,0.14414414414414514,0.4653958485734525,3.119386030056693,1.0459793657148846,0.384608200099215,0.5483449468629232,0.16479613130563348,0.38354881555728976,1.2416903453561114,36.303353494215926,5506.761320009467,0.7270480300228387,6.441798596253511e-259,True,1.986323484616202e-257,8239,2664,True,True,Proliferation,0,0,True,48.88687947566703,0,31,1.3934832651215014,60.95399927175976
N4_vs_no_interaction,N4,no_interaction,Stmn1,1704,0.4914163090128736,0.14414414414414514,0.3472721648687285,2.4412788742124483,0.871342109180392,0.384608200099215,0.45809932060614217,0.16479613130563348,0.2933031893005087,1.003160689068072,10.943890342517893,577.9128751258603,0.633913694361063,1.8398040753461453e-25,True,1.6631828841129154e-24,466,2664,True,True,Proliferation,0,1,True,40.381974248926895,1,31,0.7984359140199428,49.14163090128736
A2_vs_no_interaction,A2,no_interaction,Stmn1,1451,0.45479452054794395,0.14414414414414514,0.3106503764037988,2.233418042379409,0.8772718443009114,0.384608200099215,0.43536057128429895,0.16479613130563348,0.27056443997866547,1.0119411104987217,8.712074498527375,427.3045846159823,0.5845943067863402,6.617389771038711e-17,True,4.959366000628456e-16,365,2664,True,True,Proliferation,0,2,True,37.74520547945196,2,31,0.8203399681957232,45.47945205479439
Y3_vs_no_interaction,Y3,no_interaction,Stmn1,1439,0.4186046511627919,0.14414414414414514,0.27446050701864677,2.0253713966558946,0.785976707847212,0.384608200099215,0.40305482553502714,0.16479613130563348,0.23825869422939366,0.8704499541417968,8.14784714135713,462.86022659386816,0.5173157888706155,3.4845726987288367e-15,True,2.977324774230335e-14,387,2664,True,True,Proliferation,0,3,True,35.13953488372101,3,31,0.4673694440911012,41.86046511627919
Q4_vs_no_interaction,Q4,no_interaction,Stmn1,1570,0.45585215605749263,0.14414414414414514,0.3117080119133475,2.239448026490435,0.7093235427509431,0.384608200099215,0.3874337295404127,0.16479613130563348,0.22263759823477924,0.7398977462658061,9.106363922635493,632.4639663297687,0.4885451707166613,1.1053181652513001e-18,True,7.850507692157878e-18,487,2664,True,True,Proliferation,0,4,True,37.82135523613947,4,31,0.14168773773229454,45.58521560574926
Q4R7_vs_no_interaction,Q4R7,no_interaction,Stmn1,1101,0.43171806167400817,0.14414414414414514,0.28757391752986305,2.1011995698735175,0.7054244356874457,0.384608200099215,0.38337689582972023,0.16479613130563348,0.21858076452408676,0.7329304257519521,6.229270516323437,256.0615134886881,0.4838779961510672,1.9124705341997054e-09,True,1.3836850428197405e-08,227,2664,True,True,Proliferation,0,5,True,36.08370044052859,5,31,0.12430673077256484,43.17180616740082
T4_vs_no_interaction,T4,no_interaction,Stmn1,1613,0.4964200477326959,0.14414414414414514,0.35227590358855077,2.469592418247735,0.9430965229683816,0.384608200099215,0.4757744992632047,0.16479613130563348,0.3109783679575712,1.1059819417823182,10.611731021461429,500.7701288037525,0.6681083349996547,7.239121389992134e-24,True,9.58653522984314e-23,419,2664,True,True,Proliferation,0,6,True,40.7422434367541,6,31,1.0549386693447285,49.64200477326959
Q7_vs_no_interaction,Q7,no_interaction,Stmn1,1283,0.46048109965635625,0.14414414414414514,0.3163369555122111,2.265814452764073,0.9275720499398133,0.384608200099215,0.4312819585773642,0.16479613130563348,0.2664858272717307,1.0843488323571306,7.724950015890645,330.0064009648995,0.579570180496506,1.354383346781513e-13,True,1.387239408212766e-12,291,2664,True,True,Proliferation,0,7,True,38.15463917525765,7,31,1.0009716924083116,46.048109965635625
Q4H7_vs_no_interaction,Q4H7,no_interaction,Stmn1,1395,0.44417475728155326,0.14414414414414514,0.3000306131374081,2.1727377720031944,0.795181841022743,0.384608200099215,0.3997677322813253,0.16479613130563348,0.2349716009756918,0.8853619542288015,8.381419842915374,501.0609764166354,0.5107439355259737,5.315691393370447e-16,True,4.675821251813331e-15,412,2664,True,True,Proliferation,0,8,True,36.98058252427184,8,31,0.5045696241000944,44.417475728155324
V4_vs_no_interaction,V4,no_interaction,Stmn1,1244,0.43518518518518656,0.14414414414414514,0.29104104104104145,2.121155126239346,0.7880674635522994,0.384608200099215,0.39875444876624094,0.16479613130563348,0.23395831746060747,0.8738504605469335,7.48466547795328,378.4044991265836,0.5115342053457946,5.079595727929708e-13,True,4.723159631305212e-12,324,2664,True,True,Proliferation,0,9,True,36.33333333333343,9,31,0.4758525080432708,43.518518518518654
D4_vs_no_interaction,D4,no_interaction,Stmn1,1015,0.31779661016949107,0.14414414414414514,0.17365246602534593,1.4114517163143172,0.535514110212521,0.384608200099215,0.2787593935104634,0.16479613130563348,0.11396326220482994,0.39110534053115703,3.5209267066531136,272.34834993269624,0.25383579364807834,0.0005039733710676256,True,0.002347004371811221,236,2664,True,False,Proliferation,0,10,False,27.881355932203356,10,31,-0.7284262780532975,31.779661016949106
G4_vs_no_interaction,G4,no_interaction,Stmn1,981,0.37692307692307647,0.14414414414414514,0.23277893277893133,1.779512757099179,0.7610476139993281,0.384608200099215,0.37399375492058257,0.16479613130563348,0.2091976236149491,0.829274200654585,4.199854578960072,137.1308015842474,0.46277484993600293,4.780190128503585e-05,True,0.0003031792472924976,130,2664,True,True,Proliferation,0,11,True,32.138461538461506,11,31,0.36465046388769606,37.69230769230765
E1_vs_no_interaction,E1,no_interaction,Stmn1,950,0.3352601156069363,0.14414414414414514,0.19111597146279116,1.523199028462927,0.5245029885542813,0.384608200099215,0.2941456113998932,0.16479613130563348,0.12934948009425973,0.36588965888668673,3.575624357270678,193.42029742799733,0.2892581830801138,0.00044134233541731166,True,0.002536332303224236,173,2664,True,False,Proliferation,0,12,False,29.138728323699414,12,31,-0.7913305089244617,33.52601156069363
CATNB_vs_no_interaction,CATNB,no_interaction,Stmn1,941,0.3749999999999996,0.14414414414414514,0.23085585585585447,1.7679486416380135,0.5390997190601288,0.384608200099215,0.30617915746801144,0.16479613130563348,0.14138302616237797,0.3992222362208589,3.625674147973672,158.1423497178702,0.31649107281011946,0.0003882175534053626,True,0.0031186548616702193,144,2664,True,False,Proliferation,0,13,False,31.99999999999997,13,31,-0.7081774865424747,37.499999999999964
LCMV_vs_no_interaction,LCMV,no_interaction,Stmn1,853,0.25984251968503913,0.14414414414414514,0.11569837554089399,1.0147709906728544,0.4061280026316264,0.384608200099215,0.22380192796472748,0.16479613130563348,0.059005796659094,0.06268347982396492,1.5164149356561172,139.4063990733064,0.13248574143762362,0.13167877527090682,True,0.32825611196000504,127,2664,False,False,Proliferation,0,14,False,23.708661417322816,14,31,-1.547722969705215,25.984251968503912
TB_vs_no_interaction,TB,no_interaction,Stmn1,900,0.27607361963190186,0.14414414414414514,0.13192947548775671,1.1305978983214315,0.40384949932660363,0.384608200099215,0.23117269759915057,0.16479613130563348,0.0663765662935171,0.056174045724354825,1.9572869982096808,185.24613925808683,0.1492724082317708,0.0518161871854348,True,0.16313917460172156,163,2664,False,False,Proliferation,0,15,False,24.877300613496935,15,31,-1.5639617115808406,27.607361963190186
MCMV_vs_no_interaction,MCMV,no_interaction,Stmn1,825,0.22077922077922082,0.14414414414414514,0.07663507663507568,0.7159311771988993,0.37095007820249565,0.384608200099215,0.1989346367750307,0.16479613130563348,0.03413850546939723,-0.041244678037267134,0.6994893430393951,81.00097128451435,0.07662392184549931,0.48625018246527385,True,0.7146141996017009,77,2664,False,False,Proliferation,0,16,False,20.8961038961039,16,31,-1.806987062910936,22.077922077922082
multi_peptide_vs_no_interaction,multi_peptide,no_interaction,Pcna,72142,0.9257191406725818,0.45007507507506567,0.4756440655975161,3.7561627391078156,3.672095798734643,1.74025425326594,1.4107532257051394,0.6599998232216454,0.750753402483494,1.035461210421294,45.53854148335794,3564.829381529973,1.2052252118384987,0.0,True,0.0,8239,2664,True,True,Proliferation,1,0,True,71.65177812842589,0,30,1.9426633362674681,92.57191406725818
N4_vs_no_interaction,N4,no_interaction,Pcna,6308,0.8454935622317646,0.45007507507506567,0.395418487156699,2.6619770581888997,3.310647772217194,1.74025425326594,1.273810539173696,0.6599998232216454,0.6138107159520506,0.8901406654873497,17.780468018554835,712.4420312369439,0.7944935833740988,8.241313632556469e-59,True,5.180566158955364e-57,466,2664,True,True,Proliferation,1,1,True,65.87553648068706,1,30,1.0912682316203421,84.54935622317646
A2_vs_no_interaction,A2,no_interaction,Pcna,5503,0.8273972602739699,0.45007507507506567,0.3773221851989042,2.4805678899503896,3.125156603834497,1.74025425326594,1.210614699780959,0.6599998232216454,0.5506148765593136,0.8094641094067275,14.05056080657477,504.34389400086957,0.7076818037973466,4.428026288480281e-38,True,1.3359058224319261e-36,365,2664,True,True,Proliferation,1,2,True,64.57260273972582,2,30,0.6186053680310735,82.73972602739698
Y3_vs_no_interaction,Y3,no_interaction,Pcna,5457,0.8010335917312643,0.45007507507506567,0.35095851665619865,2.2398547280206387,3.133234224084944,1.74025425326594,1.206931121243648,0.6599998232216454,0.5469312980220026,0.8130729181841868,13.919058277837289,533.6856824410385,0.7011590230959174,8.549883627799459e-38,True,7.087403533570605e-36,387,2664,True,True,Proliferation,1,3,True,62.67441860465103,3,30,0.6397484357792231,80.10335917312644
Q4_vs_no_interaction,Q4,no_interaction,Pcna,6159,0.8172484599589256,0.45007507507506567,0.3671733848838599,2.3849424170397118,3.12318823417236,1.74025425326594,1.217206338461171,0.6599998232216454,0.5572065152395257,0.808583338508228,16.006034722933826,738.5863909207685,0.7190530166014185,1.0033551648350578e-49,True,3.51547302177339e-48,487,2664,True,True,Proliferation,1,4,True,63.84188911704264,4,30,0.613445161457123,81.72484599589257
Q4R7_vs_no_interaction,Q4R7,no_interaction,Pcna,4504,0.7841409691629968,0.45007507507506567,0.33406589408793114,2.0973366281322776,3.1735134432926713,1.74025425326594,1.1980685037689878,0.6599998232216454,0.5380686805473424,0.8309347979037658,10.479027852804313,271.9309058628923,0.6849608859701891,8.354889281317836e-22,True,2.5134741108893596e-20,227,2664,True,True,Proliferation,1,5,True,61.45814977973577,5,30,0.7443965222556256,78.41409691629968
T4_vs_no_interaction,T4,no_interaction,Pcna,5682,0.7875894988066875,0.45007507507506567,0.3375144237316218,2.1257856113331206,2.9666109438801684,1.74025425326594,1.163976286832599,0.6599998232216454,0.5039764636109535,0.7367400400270717,13.312196309245694,593.4153631670288,0.6469755367022112,1.4432807646263782e-35,True,4.929478726664554e-34,419,2664,True,True,Proliferation,1,6,True,61.7064439140815,6,30,0.19253404626441345,78.75894988066875
Q7_vs_no_interaction,Q7,no_interaction,Pcna,4788,0.7972508591065269,0.45007507507506567,0.34717578403146127,2.207227868337053,3.087470918704247,1.74025425326594,1.1886697196929028,0.6599998232216454,0.5286698964712574,0.7925070736893753,11.80168802158189,370.8786136300631,0.6754373885872135,1.650058826233984e-27,True,8.649830846960283e-26,291,2664,True,True,Proliferation,1,7,True,62.40206185566994,7,30,0.5192585261537425,79.7250859106527
Q4H7_vs_no_interaction,Q4H7,no_interaction,Pcna,5456,0.8058252427184464,0.45007507507506567,0.3557501676433807,2.2818197373384246,2.997168651602368,1.74025425326594,1.1836267746587772,0.6599998232216454,0.5236269514371318,0.7510448391822787,14.02364210524842,589.7294872234418,0.6738898615999827,9.14479291713714e-39,True,4.413886714671526e-37,412,2664,True,True,Proliferation,1,8,True,63.01941747572814,8,30,0.2763421270780354,80.58252427184463
V4_vs_no_interaction,V4,no_interaction,Pcna,4812,0.8024691358024721,0.45007507507506567,0.3523940607274065,2.252351200567497,2.914965750020827,1.74025425326594,1.1626352409850789,0.6599998232216454,0.5026354177634335,0.7122365074872461,12.224495585525371,433.7101883152356,0.645246976927637,9.83506668563146e-30,True,4.096768360665051e-28,324,2664,True,True,Proliferation,1,9,True,62.77777777777799,9,30,0.04897425118896798,80.24691358024721
D4_vs_no_interaction,D4,no_interaction,Pcna,4139,0.741525423728812,0.45007507507506567,0.29145034865374636,1.7684005380622296,2.6059406021866804,1.74025425326594,1.0478353285376663,0.6599998232216454,0.38783550531602085,0.5562250654864452,7.825335716849602,286.7931059508689,0.49448309072169366,9.80152728254452e-14,True,2.4193878019318676e-12,236,2664,True,True,Proliferation,1,10,True,58.38983050847447,10,30,-0.8650560261458567,74.1525423728812
G4_vs_no_interaction,G4,no_interaction,Pcna,3833,0.8153846153846134,0.45007507507506567,0.3653095403095477,2.3678048893367367,2.8532302477474207,1.74025425326594,1.1644014974810402,0.6599998232216454,0.5044016742593947,0.6823887344302639,8.424903743407421,147.6065321641938,0.6434512105785098,2.9541221440343856e-14,True,9.900559717974235e-13,130,2664,True,True,Proliferation,1,11,True,63.70769230769216,11,30,-0.12589605277861068,81.53846153846133
E1_vs_no_interaction,E1,no_interaction,Pcna,3842,0.7514450867052044,0.45007507507506567,0.3013700116301387,1.8416333801176579,2.393171758242814,1.74025425326594,1.0297572601479361,0.6599998232216454,0.3697574369262907,0.43807716989028944,6.959111362056349,204.37518936021928,0.4724449449918261,4.5590536113478815e-11,True,1.2794718248534284e-09,173,2664,True,False,Proliferation,1,12,False,59.104046242774714,12,30,-1.5572536777624981,75.14450867052044
CATNB_vs_no_interaction,CATNB,no_interaction,Pcna,3791,0.7222222222222207,0.45007507507506567,0.272147147147155,1.6306904705960301,2.6720561103317007,1.74025425326594,1.0509709967359033,0.6599998232216454,0.3909711735142579,0.5910513542256415,6.075496941407376,160.60395302759787,0.49650052647317117,8.64805527431208e-09,True,3.244450158490883e-07,144,2664,True,True,Proliferation,1,13,True,56.999999999999886,13,30,-0.6610178995405862,72.22222222222207
LCMV_vs_no_interaction,LCMV,no_interaction,Pcna,3606,0.7165354330708651,0.45007507507506567,0.2664603579957994,1.591210940892738,2.5844041105027116,1.74025425326594,1.0310942017407339,0.6599998232216454,0.37109437851908844,0.5446967656333614,5.531300695119949,140.17321663816338,0.4714815289100032,1.509261566358388e-07,True,7.992797711839629e-06,127,2664,True,True,Proliferation,1,14,True,56.590551181102285,14,30,-0.9325973229685546,71.65354330708651
TB_vs_no_interaction,TB,no_interaction,Pcna,3716,0.6687116564417176,0.45007507507506567,0.21863658136665193,1.2751717528479842,2.2534646171798176,1.74025425326594,0.9292036875852051,0.6599998232216454,0.2692038643635597,0.3548810574715235,4.500764535649283,185.40463221872696,0.3422521170893342,1.1936068519905169e-05,True,0.00019125418362340906,163,2664,True,False,Proliferation,1,15,False,53.14723926380367,15,30,-2.044677963648616,66.87116564417175
MCMV_vs_no_interaction,MCMV,no_interaction,Pcna,3506,0.6753246753246754,0.45007507507506567,0.22524960024960977,1.3173895496080414,2.725123677422501,1.74025425326594,1.0177187731470083,0.6599998232216454,0.3577189499253629,0.6184089210531857,3.8316881402630796,80.2481097494539,0.45284577957611055,0.00025157121867054805,True,0.003623258432424875,77,2664,True,True,Proliferation,1,16,True,53.62337662337663,16,30,-0.5007370632512975,67.53246753246755
multi_peptide_vs_no_interaction,multi_peptide,no_interaction,Birc5,6923,0.26326010438159464,0.04016516516516507,0.22309493921642956,2.822650301019612,0.29390616357943966,0.0773489519528733,0.1789762054328904,0.03861659774361609,0.1403596076892743,1.151261186789384,25.184075374468822,7604.877420077499,0.43925659507861653,1.7256083680956198e-134,True,1.6862006116008808e-133,8239,2664,True,True,Proliferation,2,0,True,23.954727515474815,0,29,1.3486400510399144,26.326010438159464
N4_vs_no_interaction,N4,no_interaction,Birc5,495,0.20386266094420566,0.04016516516516507,0.16369749577904058,2.358640240547448,0.23239562285228255,0.0773489519528733,0.14381065706854165,0.03861659774361609,0.10519405932492557,0.9063105794577258,6.828250776251375,535.9589844307956,0.4593477941924313,2.336786258815249e-11,True,1.0004860247485044e-10,466,2664,True,True,Proliferation,2,1,True,19.678111587982805,1,29,0.7343506693794951,20.386266094420566
A2_vs_no_interaction,A2,no_interaction,Birc5,396,0.18630136986301352,0.04016516516516507,0.14613620469784844,2.2039349195321423,0.21484383174926658,0.0773489519528733,0.13266910205031876,0.03861659774361609,0.09405250430670267,0.8280455984605676,5.58808967964931,409.82242070573216,0.4202313763040477,4.1936261860394726e-08,True,1.6590034384068179e-07,365,2664,True,True,Proliferation,2,2,True,18.413698630136974,2,29,0.5380770315790672,18.630136986301352
Y3_vs_no_interaction,Y3,no_interaction,Birc5,424,0.1937984496124029,0.04016516516516507,0.1536332844472378,2.271198893753107,0.23490244602300062,0.0773489519528733,0.1423770522526957,0.03861659774361609,0.10376045450907961,0.9171501084141547,6.0659352387938394,432.9010487775738,0.4566347187050053,2.863371366856562e-09,True,1.4408338347600912e-08,387,2664,True,True,Proliferation,2,3,True,18.95348837209301,3,29,0.7615341396009807,19.379844961240288
Q4_vs_no_interaction,Q4,no_interaction,Birc5,466,0.21149897330595505,0.04016516516516507,0.17133380814078997,2.422987017447329,0.31010039596125805,0.0773489519528733,0.15424505178976047,0.03861659774361609,0.11562845404614439,1.209386331957154,6.6428524005690175,542.7957574137288,0.47834422560432993,7.490070133450282e-11,True,3.360014802844784e-10,487,2664,True,True,Proliferation,2,4,True,20.227926078028766,4,29,1.4944068236680255,21.149897330595504
Q4R7_vs_no_interaction,Q4R7,no_interaction,Birc5,286,0.1497797356828195,0.04016516516516507,0.10961457051765441,1.8443595988262953,0.1904011510679654,0.0773489519528733,0.11132075337369376,0.03861659774361609,0.07270415563007768,0.7114563671162704,3.5265031346941753,244.44061380365298,0.3337064578049681,0.0005027270939181637,True,0.001643334342054257,227,2664,True,True,Proliferation,2,5,True,15.784140969163003,5,29,0.245693486949678,14.97797356828195
T4_vs_no_interaction,T4,no_interaction,Birc5,464,0.21241050119331709,0.04016516516516507,0.172245336028152,2.430559760407527,0.2918374108169464,0.0773489519528733,0.16218189749038375,0.03861659774361609,0.12356529974676767,1.1436643413429153,6.745970625542299,461.80461244278126,0.5228807307022187,4.5622830213906585e-11,True,2.390666517003549e-10,419,2664,True,True,Proliferation,2,6,True,20.29355608591883,6,29,1.3295886122918465,21.24105011933171
Q7_vs_no_interaction,Q7,no_interaction,Birc5,318,0.1683848797250858,0.04016516516516507,0.12821971455992073,2.034813979052657,0.17727873597030203,0.0773489519528733,0.11123358866200689,0.03861659774361609,0.0726169909183908,0.644746178152868,4.277844487885268,325.8687544488649,0.3345830685950574,2.4831500182189165e-05,True,9.614221087137223e-05,291,2664,True,True,Proliferation,2,7,True,17.123711340206178,7,29,0.07839706268201788,16.83848797250858
Q4H7_vs_no_interaction,Q4H7,no_interaction,Birc5,378,0.16747572815533976,0.04016516516516507,0.12731056299017468,2.025884752707393,0.18590158997734085,0.0773489519528733,0.11518785816554053,0.03861659774361609,0.07657126042192444,0.6889278385515468,5.143451036570913,478.72355413263534,0.34557458150580234,3.94058645441782e-07,True,1.6447361290013535e-06,412,2664,True,True,Proliferation,2,8,True,17.058252427184463,8,29,0.18919623620799958,16.747572815533974
V4_vs_no_interaction,V4,no_interaction,Birc5,316,0.15123456790123468,0.04016516516516507,0.1110694027360696,1.859878232705911,0.18942390561914033,0.0773489519528733,0.10882917607900915,0.03861659774361609,0.07021257833539306,0.7065932847728643,4.089296316110098,361.9573161846242,0.3182884106889469,5.335317801973343e-05,True,0.00019504040559830928,324,2664,True,True,Proliferation,2,9,True,15.888888888888896,9,29,0.2334978044068305,15.123456790123468
D4_vs_no_interaction,D4,no_interaction,Birc5,253,0.12711864406779666,0.04016516516516507,0.08695347890263158,1.5861864391453417,0.14666045670277644,0.0773489519528733,0.08979606024250333,0.03861659774361609,0.051179462498887246,0.47593564428846097,2.903368157276529,261.8011312770366,0.23935997744687182,0.004006439200013816,True,0.014197734190873468,236,2664,True,False,Proliferation,2,10,False,14.15254237288136,10,29,-0.34494754378766984,12.711864406779666
G4_vs_no_interaction,G4,no_interaction,Birc5,233,0.1,0.04016516516516507,0.059834834834834934,1.224618246904667,0.15221512436630363,0.0773489519528733,0.08869699665999484,0.03861659774361609,0.05008039891637875,0.5080639864428375,2.0012873801384563,136.01588080003586,0.23537709868896942,0.04735115589746266,True,0.11711460565348011,130,2664,False,False,Proliferation,2,11,False,12.2,11,29,-0.26437579240162806,10.0
E1_vs_no_interaction,E1,no_interaction,Birc5,225,0.0867052023121387,0.04016516516516507,0.04654003714697363,1.0178553181874535,0.09144761524604256,0.0773489519528733,0.0599550115560664,0.03861659774361609,0.02133841381245031,0.11035888480564318,1.3109127557434233,195.35161857270722,0.10221031122760697,0.19142616615131655,True,0.3419285423893782,173,2664,False,False,Proliferation,2,12,False,11.242774566473987,12,29,-1.2617442971349955,8.67052023121387
CATNB_vs_no_interaction,CATNB,no_interaction,Birc5,228,0.09722222222222225,0.04016516516516507,0.05705705705705718,1.1833215407840723,0.0954383510473779,0.0773489519528733,0.06291325897284684,0.03861659774361609,0.024296661229230757,0.1401227917978109,1.3557348144501924,158.75274563393955,0.11631195635256279,0.17710902193677786,True,0.3637124655426388,144,2664,False,False,Proliferation,2,13,False,12.000000000000002,13,29,-1.187102097953749,9.722222222222225
LCMV_vs_no_interaction,LCMV,no_interaction,Birc5,211,0.06299212598425197,0.04016516516516507,0.022826960819086896,0.5754175942196698,0.07714109235811605,0.0773489519528733,0.046636847831111036,0.03861659774361609,0.008020250087494948,-0.0016918841346219703,0.44272013475351724,139.5630997942786,0.03848047789827746,0.6586535827942673,True,0.8224618843678031,127,2664,False,False,Proliferation,2,14,False,9.53543307086614,14,29,-1.5427462440854407,6.299212598425196
TB_vs_no_interaction,TB,no_interaction,Birc5,222,0.09202453987730064,0.04016516516516507,0.051859374712135566,1.1034418854800125,0.11727752095587582,0.0773489519528733,0.06636763206761213,0.03861659774361609,0.027751034323996046,0.2929481195887098,1.4148843088828973,176.70327771148803,0.13145876617077912,0.1588622229160449,True,0.3508546690994803,163,2664,False,False,Proliferation,2,15,False,11.625766871165645,15,29,-0.8038453380159714,9.202453987730063
MCMV_vs_no_interaction,MCMV,no_interaction,Birc5,202,0.07792207792207793,0.04016516516516507,0.03775691275691286,0.8668280866691821,0.07685371115922895,0.0773489519528733,0.05153523974172275,0.03861659774361609,0.012918641998106661,-0.004034311297066222,0.5889619165935549,81.44691208083282,0.06200803969633946,0.5575168278734053,True,0.7698001421948135,77,2664,False,False,Proliferation,2,16,False,10.61038961038961,16,29,-1.5486206044263977,7.792207792207793
multi_peptide_vs_no_interaction,multi_peptide,no_interaction,Mcm2,26402,0.8300764655906134,0.32319819819819634,0.506878267392417,3.2666499693724833,1.445139065372012,1.0292561440345924,0.7837691817448225,0.4207103459788302,0.36305883576599224,0.4523639260100472,26.051327351969285,3572.6649055060466,0.6881263435983223,3.9427190461480096e-137,True,3.9480031026016105e-136,8239,2664,True,False,Proliferation,3,0,False,64.76550552252417,0,28,0.9071462518899824,83.00764655906134
N4_vs_no_interaction,N4,no_interaction,Mcm2,2834,0.742489270386269,0.32319819819819634,0.41929107218807266,2.5355874780094316,1.4840123543140031,1.0292561440345924,0.7494903330445043,0.4207103459788302,0.3287799870656741,0.488210824404449,11.427511493341212,721.6224626110674,0.5046547725350996,6.498930325318295e-28,True,6.668956394369865e-27,466,2664,True,False,Proliferation,3,1,False,58.45922746781137,1,28,1.0745022329181513,74.2489270386269
A2_vs_no_interaction,A2,no_interaction,Mcm2,2503,0.7013698630136964,0.32319819819819634,0.3781716648155001,2.248234136849873,1.4115004885022027,1.0292561440345924,0.7032346467982056,0.4207103459788302,0.28252430081937535,0.4206086820470961,8.58558540685113,506.5064248008722,0.43009406931579786,1.1171805748110483e-16,True,8.222553521387942e-16,365,2664,True,False,Proliferation,3,2,False,55.498630136986144,2,28,0.758892700139506,70.13698630136965
Y3_vs_no_interaction,Y3,no_interaction,Mcm2,2488,0.6692506459948319,0.32319819819819634,0.3460524477966355,2.0387463355442708,1.3401984313132687,1.0292561440345924,0.683035768685348,0.4207103459788302,0.26232542270651776,0.35089483747645295,8.224594283501263,549.3919752473038,0.39997657411502757,1.4231693607078744e-15,True,1.253397060455677e-14,387,2664,True,False,Proliferation,3,3,False,53.18604651162789,3,28,0.43342440659287934,66.92506459948319
Q4_vs_no_interaction,Q4,no_interaction,Mcm2,2821,0.7063655030800768,0.32319819819819634,0.3831673048818805,2.281873380908747,1.392802969827823,1.0292561440345924,0.7116696281760908,0.4207103459788302,0.2909592821972606,0.4026509982631901,10.201163596753663,760.1644825846731,0.44644824108616854,5.475546060664139e-23,True,4.952689215140068e-22,487,2664,True,False,Proliferation,3,4,False,55.858316221765534,4,28,0.6750548809345238,70.63655030800768
Q4R7_vs_no_interaction,Q4R7,no_interaction,Mcm2,2166,0.6872246696035247,0.32319819819819634,0.36402647140532834,2.1546065234672196,1.4186336103253603,1.0292561440345924,0.7101108521459777,0.4207103459788302,0.28940050616714746,0.42740108010880296,7.104691288437155,279.1047544105724,0.438036032983494,1.0066897390069297e-11,True,1.0073378225298955e-10,227,2664,True,False,Proliferation,3,5,False,54.48017621145378,5,28,0.7906039078608498,68.72246696035246
T4_vs_no_interaction,T4,no_interaction,Mcm2,2626,0.7088305489260176,0.32319819819819634,0.38563235072782126,2.298589508328577,1.4657687927155965,1.0292561440345924,0.7228765695220922,0.4207103459788302,0.302166223543262,0.4714984314192881,9.835393170708487,612.5300669380199,0.461546367660545,2.711075740166447e-21,True,2.972478539593581e-20,419,2664,True,False,Proliferation,3,6,False,56.035799522673265,6,28,0.9964782183273467,70.88305489260176
Q7_vs_no_interaction,Q7,no_interaction,Mcm2,2252,0.652920962199311,0.32319819819819634,0.3297227640011146,1.9361066544845045,1.2881912576716235,1.0292561440345924,0.6557101676547371,0.4207103459788302,0.23499982167590688,0.2978335853418871,6.507670613162748,380.52553657961624,0.3568789287214361,2.409996643063063e-10,True,1.7324868009569674e-09,291,2664,True,False,Proliferation,3,7,False,52.01030927835039,7,28,0.18570094087317596,65.2920962199311
Q4H7_vs_no_interaction,Q4H7,no_interaction,Mcm2,2575,0.6747572815533979,0.32319819819819634,0.35155908335520153,2.073899930518311,1.4605577621018326,1.0292561440345924,0.7089333336492742,0.4207103459788302,0.288222987670444,0.46668899462186303,8.846042109170874,575.6288204773936,0.4372026568907091,1.1090542346872986e-17,True,1.1081123627257807e-16,412,2664,True,False,Proliferation,3,8,False,53.58252427184465,8,28,0.9740247272450682,67.47572815533978
V4_vs_no_interaction,V4,no_interaction,Mcm2,2239,0.6080246913580268,0.32319819819819634,0.2848264931598305,1.6640708164196185,1.0545066210041465,1.0292561440345924,0.5696336163371714,0.4207103459788302,0.14892327035834113,0.03190368369413793,4.568140487372471,452.71397736173054,0.22761643655733146,6.352954273471078e-06,True,2.6897261734855445e-05,324,2664,False,False,Proliferation,3,9,False,48.777777777777935,9,28,-1.055827938008402,60.80246913580268
D4_vs_no_interaction,D4,no_interaction,Mcm2,2017,0.5084745762711855,0.32319819819819634,0.1852763780729892,1.091463635361797,0.997942569430916,1.0292561440345924,0.5150197971029669,0.4207103459788302,0.09430945112413663,-0.04057017055641277,2.3934039188673673,294.66441383319284,0.14295207636540747,0.017318468272743758,True,0.04861416298233884,236,2664,False,False,Proliferation,3,10,False,41.610169491525355,10,28,-1.394181701381347,50.84745762711855
G4_vs_no_interaction,G4,no_interaction,Mcm2,1865,0.5461538461538451,0.32319819819819634,0.22295564795564876,1.305350870048548,1.013615988878145,1.0292561440345924,0.5421480327740513,0.4207103459788302,0.1214376867952211,-0.020120933064577254,2.419391701641143,147.92530125980252,0.18341443894730056,0.01676028131799832,True,0.04985809100887304,130,2664,False,False,Proliferation,3,11,False,44.32307692307685,11,28,-1.2987117345219936,54.615384615384514
E1_vs_no_interaction,E1,no_interaction,Mcm2,1930,0.5780346820809253,0.32319819819819634,0.254836483882729,1.4884989877821182,1.107152869518385,1.0292561440345924,0.581945142588528,0.4207103459788302,0.1612347966096978,0.09623562221429446,3.589813479871606,204.33321866756927,0.24384049231356503,0.00041435470545822485,True,0.0024038878885461632,173,2664,False,False,Proliferation,3,12,False,46.61849710982663,12,28,-0.7554857838831229,57.80346820809253
CATNB_vs_no_interaction,CATNB,no_interaction,Mcm2,1868,0.5277777777777769,0.32319819819819634,0.20457957957958056,1.2008252298276312,1.0352167435134454,1.0292561440345924,0.5384075066616413,0.4207103459788302,0.11769716068281105,0.007595010049954667,2.381158251663393,164.70026551361184,0.1776721554405278,0.018400063413557946,True,0.06891673916323952,144,2664,False,False,Proliferation,3,13,False,42.999999999999936,13,28,-1.1693161924301907,52.77777777777769
LCMV_vs_no_interaction,LCMV,no_interaction,Mcm2,1824,0.5039370078740151,0.32319819819819634,0.18073880967581873,1.0657877919249317,0.9537846991780631,1.0292561440345924,0.4987424617251157,0.4207103459788302,0.07803211574628549,-0.09979262595886833,1.512949674500647,143.41090017684584,0.11777172178208963,0.13249308478834765,True,0.3295776719533805,127,2664,False,False,Proliferation,3,14,False,41.283464566929084,14,28,-1.6706695585378468,50.39370078740151
TB_vs_no_interaction,TB,no_interaction,Mcm2,1884,0.5398773006134975,0.32319819819819634,0.21667910241530114,1.2695856159439451,1.198727431289422,1.0292561440345924,0.5772320430717836,0.4207103459788302,0.15652169709295333,0.20172591564777573,3.1172884254534967,185.73691037250424,0.23562054586337572,0.0021155680892738326,True,0.014381054897768258,163,2664,False,False,Proliferation,3,15,False,43.87116564417182,15,28,-0.2629904122537957,53.98773006134975
MCMV_vs_no_interaction,MCMV,no_interaction,Mcm2,1778,0.6103896103896105,0.32319819819819634,0.28719141219141414,1.6780936581352424,1.4233195866538455,1.0292561440345924,0.6720328920966088,0.4207103459788302,0.25132254611777854,0.4318458823266815,3.3816787973142417,80.8096274459674,0.3772181073077536,0.0011124346562514543,True,0.011210012597649418,77,2664,True,False,Proliferation,3,16,False,48.948051948051955,16,28,0.8113550542352154,61.03896103896105
multi_peptide_vs_no_interaction,multi_peptide,no_interaction,Mcm3,72773,0.8900351984465682,0.43918918918918043,0.45084600925738777,3.2530597039531397,3.7495607072962955,2.1607041136313327,1.391308450996031,0.7062359836091632,0.6850724673868678,0.7679216409614082,37.34251993334026,3622.447907247526,0.9744641329443857,1.7017866945747678e-258,True,5.181647073481103e-257,8239,2664,True,True,Proliferation,4,0,True,69.08253428815291,0,27,1.538046837670206,89.00351984465682
N4_vs_no_interaction,N4,no_interaction,Mcm3,7024,0.8283261802575154,0.43918918918918043,0.38913699106833494,2.5518506031662365,3.772077636327528,2.1607041136313327,1.3329865567234787,0.7062359836091632,0.6267505731143155,0.7763356983112887,16.372814301909436,711.9535369519672,0.73206234258263,2.2460624771601782e-51,True,8.666514241140005e-50,466,2664,True,True,Proliferation,4,1,True,64.6394849785411,1,27,1.5722955523771431,82.83261802575154
A2_vs_no_interaction,A2,no_interaction,Mcm3,5957,0.8136986301369836,0.43918918918918043,0.3745094409478032,2.414735801522057,3.320357552967308,2.1607041136313327,1.2291767147499515,0.7062359836091632,0.5229407311407883,0.5973749665421938,12.420407231344765,515.7210735639045,0.6086054573331675,3.5918997959636347e-31,True,6.472959880397825e-30,365,2664,True,True,Proliferation,4,2,True,63.586301369862824,2,27,0.8438509041847289,81.36986301369836
Y3_vs_no_interaction,Y3,no_interaction,Mcm3,5973,0.7932816537467683,0.43918918918918043,0.35409246455758786,2.2357740898864744,3.3225894658756365,2.1607041136313327,1.2265021433876508,0.7062359836091632,0.5202661597784877,0.5983160727029918,12.493393417455605,551.2898737733617,0.605150719284442,1.0292416466226004e-31,True,4.303687416187422e-30,387,2664,True,True,Proliferation,4,3,True,62.116279069767316,3,27,0.8476815978762295,79.32816537467683
Q4_vs_no_interaction,Q4,no_interaction,Mcm3,6645,0.7741273100615955,0.43918918918918043,0.3349381208724151,2.0787689717498425,3.196303498252733,2.1607041136313327,1.1878241051750509,0.7062359836091632,0.4815881215658877,0.5440768998277163,12.567234075059552,743.0291225501347,0.5614266687804234,5.562268769496735e-33,True,8.191309867579176e-32,487,2664,True,True,Proliferation,4,4,True,60.73716632443488,4,27,0.6269055940411766,77.41273100615955
Q4R7_vs_no_interaction,Q4R7,no_interaction,Mcm3,5004,0.7533039647577102,0.43918918918918043,0.3141147755685298,1.917886124422608,3.1787360939961276,2.1607041136313327,1.1630367841947762,0.7062359836091632,0.456800800585613,0.5363676025814933,8.311374963278071,275.72692811431904,0.5261393867907863,4.349787438806283e-15,True,6.388364984930298e-14,227,2664,True,True,Proliferation,4,5,True,59.237885462555134,5,27,0.5955255462238627,75.33039647577102
T4_vs_no_interaction,T4,no_interaction,Mcm3,6283,0.7852028639618187,0.43918918918918043,0.3460136747726383,2.168388749990201,3.264123355817553,2.1607041136313327,1.209950180832938,0.7062359836091632,0.5037141972237749,0.5734584263027106,12.442173804787213,610.1621718960359,0.5862906851104047,7.844065829675356e-32,True,1.9146376620248717e-30,419,2664,True,True,Proliferation,4,6,True,61.534606205250945,6,27,0.7465006331587435,78.52028639618187
Q7_vs_no_interaction,Q7,no_interaction,Mcm3,5200,0.7594501718213037,0.43918918918918043,0.32026098263212327,1.9644198074869508,2.972449534149727,2.1607041136313327,1.1337486856738253,0.7062359836091632,0.4275127020646621,0.44261713305648903,9.072929361870449,381.6569472099568,0.49523322176718265,6.235633334066056e-18,True,9.997370213087692e-17,291,2664,True,False,Proliferation,4,7,False,59.68041237113387,7,27,0.21392212341751438,75.94501718213037
Q4H7_vs_no_interaction,Q4H7,no_interaction,Mcm3,5954,0.7330097087378639,0.43918918918918043,0.29382051954868343,1.7692351053300666,2.9697481674664497,2.1607041136313327,1.121125020476369,0.7062359836091632,0.4148890368672058,0.4413481252002814,9.948752140216275,586.1418445727755,0.48139294845854075,1.1859212250025265e-21,True,1.5553662547574824e-20,412,2664,True,False,Proliferation,4,8,False,57.7766990291262,8,27,0.20875673337786418,73.30097087378638
V4_vs_no_interaction,V4,no_interaction,Mcm3,5273,0.737654320987657,0.43918918918918043,0.2984651317984766,1.802621866982528,2.848930161262848,2.1607041136313327,1.0899459361313284,0.7062359836091632,0.3837099525221652,0.3834194747740867,8.437178979799343,434.1969770622446,0.4446245359444683,4.880400342878018e-16,True,6.012471987399722e-15,324,2664,True,False,Proliferation,4,9,False,58.111111111111306,9,27,-0.027036979370341913,73.7654320987657
D4_vs_no_interaction,D4,no_interaction,Mcm3,4636,0.639830508474575,0.43918918918918043,0.20064131928539458,1.15756693333645,2.432470451896305,2.1607041136313327,0.9351142953265027,0.7062359836091632,0.22887831171733952,0.16377325512965163,4.1761401186998235,287.03397217977084,0.2634008000661917,3.9369989728271956e-05,True,0.0002471244784799366,236,2664,False,False,Proliferation,4,10,False,51.0677966101694,10,27,-0.92108849343168,63.9830508474575
G4_vs_no_interaction,G4,no_interaction,Mcm3,4246,0.7461538461538444,0.43918918918918043,0.30696465696466396,1.8646722927559145,2.672209944689403,2.1607041136313327,1.0351656811070593,0.7062359836091632,0.32892969749789613,0.2942643385667967,4.893181875145343,147.0720311001619,0.3785126486528959,2.5765525268821806e-06,True,2.130056778434896e-05,130,2664,True,False,Proliferation,4,11,False,58.723076923076796,11,27,-0.3899354833441706,74.61538461538444
E1_vs_no_interaction,E1,no_interaction,Mcm3,4340,0.6358381502890184,0.43918918918918043,0.19664896109983793,1.1331996514479015,2.523719924442863,2.1607041136313327,0.9266190978149047,0.7062359836091632,0.22038311420574153,0.21484154301527963,3.404615230912633,198.1761534146651,0.25285502139150534,0.000801902115754334,True,0.0043156485041390595,173,2664,False,False,Proliferation,4,12,False,50.78034682080932,12,27,-0.713219310986487,63.58381502890184
CATNB_vs_no_interaction,CATNB,no_interaction,Mcm3,4241,0.645833333333332,0.43918918918918043,0.2066441441441516,1.1944198085950395,2.299164223041147,2.1607041136313327,0.9207711508803517,0.7062359836091632,0.2145351672711885,0.08575973257418859,3.2281933238747804,163.54120214173253,0.24667096904309133,0.0015054098025835206,True,0.009387098624763588,144,2664,False,False,Proliferation,4,13,False,51.49999999999991,13,27,-1.2386359935474518,64.5833333333332
LCMV_vs_no_interaction,LCMV,no_interaction,Mcm3,4048,0.6220472440944873,0.43918918918918043,0.18285805490530688,1.0498408785426352,2.149382631881298,2.1607041136313327,0.8586143147319683,0.7062359836091632,0.15237833112280508,-0.007243089016194796,2.1711975867088684,142.06115441699674,0.175118420831032,0.03157687872670043,True,0.12660634972124998,127,2664,False,False,Proliferation,4,14,False,49.787401574803084,14,27,-1.6171961781454907,62.20472440944873
TB_vs_no_interaction,TB,no_interaction,Mcm3,4270,0.5889570552147242,0.43918918918918043,0.14976786602554376,0.8541746288999407,2.414037000814134,2.1607041136313327,0.9066928952497778,0.7062359836091632,0.20045691164061463,0.15323370198821834,2.984421606990419,184.7249364888167,0.22983170858553495,0.003225540109756958,True,0.020275546163150113,163,2664,False,False,Proliferation,4,15,False,47.40490797546014,15,27,-0.9639888604804834,58.89570552147242
MCMV_vs_no_interaction,MCMV,no_interaction,Mcm3,3948,0.6233766233766235,0.43918918918918043,0.18418743418744304,1.0578242033859915,2.265191597065327,2.1607041136313327,0.9091080132275613,0.7062359836091632,0.20287202961839812,0.06518487562629598,2.2478798741394526,81.65389707466615,0.2326086012156357,0.027279970972176753,True,0.11923271770876649,77,2664,False,False,Proliferation,4,16,False,49.88311688311689,16,27,-1.322384223021361,62.337662337662344
multi_peptide_vs_no_interaction,multi_peptide,no_interaction,Mcm5,44838,0.8582352227213452,0.3596096096096056,0.49862561311173964,3.3315526284728856,2.3180633726059616,1.402359183880156,1.0613485079880811,0.5180463390335066,0.5433021689545745,0.6866222817614429,34.2253106432461,3651.6695175673185,0.8869770203893056,6.4992439101589666e-223,True,1.3346121796907832e-221,8239,2664,True,True,Proliferation,5,0,True,66.79293603593686,0,26,1.3647461334349122,85.82352227213453
N4_vs_no_interaction,N4,no_interaction,Mcm5,4291,0.7896995708154545,0.3596096096096056,0.4300899612058489,2.675289483130445,2.2175549050168817,1.402359183880156,0.9935575301303929,0.5180463390335066,0.47551119109688633,0.6253737445607463,14.832808280485434,733.0814225475058,0.6459151421737523,1.0140867913433053e-43,True,2.3885141001068617e-42,466,2664,True,True,Proliferation,5,1,True,61.85836909871272,1,26,1.118043715894492,78.96995708154545
A2_vs_no_interaction,A2,no_interaction,Mcm5,3799,0.7479452054794496,0.3596096096096056,0.38833559586984406,2.347528725269814,2.0657565548389663,1.402359183880156,0.922633784375736,0.5180463390335066,0.40458744534222935,0.5276413102552727,10.889615258919184,507.5814265504592,0.544066566770854,5.824908324680238e-25,True,7.171396259446609e-24,365,2664,True,True,Proliferation,5,2,True,58.85205479452038,2,26,0.724388146027324,74.79452054794497
Y3_vs_no_interaction,Y3,no_interaction,Mcm5,3701,0.7286821705426347,0.3596096096096056,0.36907256093302915,2.2080564399686833,1.9830486386618746,1.402359183880156,0.8950196793226726,0.5180463390335066,0.37697334028916596,0.47146675286490314,10.416187981193694,548.5637044528495,0.5074507730796911,2.639653072261606e-23,True,4.577013125297647e-22,387,2664,True,False,Proliferation,5,3,False,57.465116279069704,3,26,0.498123164921626,72.86821705426347
Q4_vs_no_interaction,Q4,no_interaction,Mcm5,4330,0.7433264887063598,0.3596096096096056,0.38371687909675417,2.313504404935087,2.207919706567195,1.402359183880156,0.9540672903018447,0.5180463390335066,0.43602095126833806,0.6193632594561715,12.91672820127055,729.7886720153008,0.5869092210533199,1.604158957905914e-34,True,2.575672602770569e-33,487,2664,True,True,Proliferation,5,4,True,58.5195071868579,4,26,1.0938341384309436,74.33264887063598
Q4R7_vs_no_interaction,Q4R7,no_interaction,Mcm5,3142,0.6651982378854628,0.3596096096096056,0.30558862827585725,1.784847666755368,1.8421494382067074,1.402359183880156,0.8240467724480456,0.5180463390335066,0.306000433414539,0.37042443936672104,6.484913740004883,276.3826753471938,0.40835961619453465,4.075724576289809e-10,True,3.262418756638003e-09,227,2664,True,False,Proliferation,5,5,False,52.89427312775332,5,26,0.09113576321115605,66.51982378854629
T4_vs_no_interaction,T4,no_interaction,Mcm5,4073,0.7565632458233933,0.3596096096096056,0.3969536362137877,2.412082738788159,2.214580311980041,1.402359183880156,0.9726194217651728,0.5180463390335066,0.4545730827316662,0.6235208490765819,12.905406364989323,606.4061903079871,0.6121861331998854,7.695769043545468e-34,True,2.2414517505663873e-32,419,2664,True,True,Proliferation,5,6,True,59.47255369928432,6,26,1.1105804552798713,75.65632458233932
Q7_vs_no_interaction,Q7,no_interaction,Mcm5,3352,0.6941580756013727,0.3596096096096056,0.3345484659917671,1.972000324117183,1.8157562151725732,1.402359183880156,0.8388312617294771,0.5180463390335066,0.3207849226959705,0.3506842126850666,7.884953047130255,381.6642633886387,0.43037624831902843,3.3378090336374255e-14,True,3.6427012974117914e-13,291,2664,True,False,Proliferation,5,7,False,54.979381443298834,7,26,0.011624286403107984,69.41580756013727
Q4H7_vs_no_interaction,Q4H7,no_interaction,Mcm5,3751,0.7135922330097085,0.3596096096096056,0.35398262340010295,2.1028973452877886,1.9321325664974711,1.402359183880156,0.8778270772164597,0.5180463390335066,0.3597807381829531,0.4357647461515629,10.254864247936121,598.2291594691792,0.4850658978614944,7.680660578762289e-23,True,1.0936516999593141e-21,412,2664,True,False,Proliferation,5,8,False,56.378640776699015,8,26,0.35431938168408644,71.35922330097085
V4_vs_no_interaction,V4,no_interaction,Mcm5,3418,0.6666666666666691,0.3596096096096056,0.3070570570570635,1.7941390651750928,1.8262145038719004,1.402359183880156,0.8272972271130442,0.5180463390335066,0.3092508880795376,0.358538597641883,7.756445764632458,430.11814595649696,0.41440115327999294,6.396481266320626e-14,True,6.536514244538206e-13,324,2664,True,False,Proliferation,5,9,False,53.00000000000017,9,26,0.04326089105850336,66.66666666666691
D4_vs_no_interaction,D4,no_interaction,Mcm5,2956,0.5296610169491516,0.3596096096096056,0.170051407339546,0.9833042527987444,1.3332663420120017,1.402359183880156,0.6326286086036075,0.5180463390335066,0.11458226957010087,-0.06792304482561644,2.555128503967053,293.97271383263467,0.15331845547134748,0.01111843915225829,True,0.03366236667999798,236,2664,False,False,Proliferation,5,10,False,43.13559322033891,10,26,-1.6744800215162041,52.96610169491516
G4_vs_no_interaction,G4,no_interaction,Mcm5,2761,0.6538461538461524,0.3596096096096056,0.2942365442365468,1.7136520410918294,1.7380492658226225,1.402359183880156,0.7780670618258344,0.5180463390335066,0.2600207227923278,0.2909456626886595,4.297819473662044,145.5002331357598,0.3460058087488666,3.141246441756169e-05,True,0.00020698014920680498,130,2664,True,False,Proliferation,5,11,False,52.076923076922974,11,26,-0.22899606761744948,65.38461538461524
E1_vs_no_interaction,E1,no_interaction,Mcm5,2810,0.5664739884393067,0.3596096096096056,0.20686437882970116,1.1935404704413517,1.520109228504188,1.402359183880156,0.6887083263806688,0.5180463390335066,0.1706619873471622,0.10886131007421898,3.168599141489217,200.42330120680677,0.22724847354611324,0.0017715753366167783,True,0.008389307844051194,173,2664,False,False,Proliferation,5,12,False,45.786127167630085,12,26,-0.9624119504992033,56.647398843930674
CATNB_vs_no_interaction,CATNB,no_interaction,Mcm5,2729,0.5347222222222213,0.3596096096096056,0.17511261261261574,1.01205345087585,1.4207757684736952,1.402359183880156,0.6546437644054882,0.5180463390335066,0.1365974253719816,0.017577676394465638,2.3516363479846847,162.99561545477366,0.1818044152476377,0.019886430035764627,True,0.07294904981604325,144,2664,False,False,Proliferation,5,13,False,43.499999999999936,13,26,-1.3300924558617568,53.47222222222213
LCMV_vs_no_interaction,LCMV,no_interaction,Mcm5,2661,0.5669291338582669,0.3596096096096056,0.20731952424866135,1.1961603274549957,1.6611573011222696,1.402359183880156,0.7074897519894796,0.5180463390335066,0.189443412955973,0.22929399850897023,2.9115902560113214,139.76283750173562,0.25143441462081617,0.004186826601103115,True,0.02835245643962158,127,2664,False,False,Proliferation,5,14,False,45.81889763779522,14,26,-0.47732223659486134,56.69291338582669
TB_vs_no_interaction,TB,no_interaction,Mcm5,2708,0.5214723926380375,0.3596096096096056,0.16186278302843188,0.9368583348409755,1.2712157050011874,1.402359183880156,0.6123684714332861,0.5180463390335066,0.09432213239977949,-0.13177423513727018,1.800296472177151,190.48706721369308,0.12589240824291306,0.07339597989230727,True,0.2088085375946966,163,2664,False,False,Proliferation,5,15,False,42.5460122699387,15,26,-1.9316656414943951,52.14723926380375
MCMV_vs_no_interaction,MCMV,no_interaction,Mcm5,2573,0.6103896103896105,0.3596096096096056,0.2507800007800049,1.449884108310841,1.8771450261836078,1.402359183880156,0.77793378785295,0.5180463390335066,0.25988744881944337,0.39618892505057834,3.048283673449226,80.68117573024898,0.34433775421530666,0.0031114283134167234,True,0.02379021982545675,77,2664,True,False,Proliferation,5,16,False,48.948051948051955,16,26,0.19491229723784717,61.03896103896105
multi_peptide_vs_no_interaction,multi_peptide,no_interaction,Mcm6,47294,0.8985313751670476,0.4602102102102002,0.4383211649568474,3.2524728949868775,2.5429521970399556,1.9912005130375428,1.13826022639367,0.70901916848456,0.42924105790911005,0.3378189310690706,24.87775313579312,3381.8971134705225,0.6920617428721955,1.3353981799397048e-125,True,1.195458296935885e-124,8239,2664,True,False,Proliferation,6,0,False,69.69425901202743,0,25,0.9175034003461974,89.85313751670476
N4_vs_no_interaction,N4,no_interaction,Mcm6,5298,0.8154506437768284,0.4602102102102002,0.3552404335666282,2.3106199966454994,2.5257276435905687,1.9912005130375428,1.0663862320966684,0.70901916848456,0.35736706361210835,0.3283858787197799,10.48478644332947,766.2409602467974,0.4399774707644798,3.978708677457906e-24,True,3.34804102539277e-23,466,2664,True,False,Proliferation,6,1,False,63.712446351931646,1,25,0.863194308999867,81.54506437768283
A2_vs_no_interaction,A2,no_interaction,Mcm6,4646,0.8054794520547919,0.4602102102102002,0.3452692418445917,2.220976977322869,2.3593364649089303,1.9912005130375428,1.0216047262785903,0.70901916848456,0.3125855577940303,0.2339377251717626,8.423030970451041,552.3460705782163,0.3829354513073746,3.1818836742157593e-16,True,2.2693751915120404e-15,365,2664,False,False,Proliferation,6,2,False,62.994520547945015,2,25,0.31942616178745475,80.54794520547918
Y3_vs_no_interaction,Y3,no_interaction,Mcm6,4725,0.790697674418603,0.4602102102102002,0.33048746420840275,2.093910753324126,2.5586883052508655,1.9912005130375428,1.068459268915408,0.70901916848456,0.35944010043084795,0.3463832507125609,9.566614677849413,579.0319844670994,0.4393745888570817,3.143442676358985e-20,True,4.086043093754114e-19,387,2664,True,False,Proliferation,6,3,False,61.93023255813941,3,25,0.9668109203953632,79.0697674418603
Q4_vs_no_interaction,Q4,no_interaction,Mcm6,5158,0.8418891170431142,0.4602102102102002,0.381678906832914,2.5668267850771613,2.467237023319354,1.9912005130375428,1.0800935899853812,0.70901916848456,0.37107442150082115,0.29588510047399663,11.801594618574715,882.0109892535346,0.4609616054771263,5.9958721315002384e-30,True,7.595577263358838e-29,487,2664,True,False,Proliferation,6,4,False,65.61601642710423,4,25,0.6760769614840558,84.18891170431142
Q4R7_vs_no_interaction,Q4R7,no_interaction,Mcm6,4031,0.7709251101321597,0.4602102102102002,0.3107148999219595,1.933295839382277,2.478017678530393,1.9912005130375428,1.0132079075731573,0.70901916848456,0.3041887390885972,0.3019307567036532,6.3362569888572695,287.69402981879875,0.3680226703341606,9.055890798899303e-10,True,6.888681695802194e-09,227,2664,True,False,Proliferation,6,5,False,60.506607929515496,5,25,0.7108837328521399,77.09251101321597
T4_vs_no_interaction,T4,no_interaction,Mcm6,4944,0.8090692124105066,0.4602102102102002,0.34885900220030636,2.2528609773105592,2.508390958144979,1.9912005130375428,1.0759279139541726,0.70901916848456,0.3669087454696126,0.31882872364228493,10.476828928137262,670.1161431532279,0.45116789269070495,6.882644799552837e-24,True,9.127194465328798e-23,419,2664,True,False,Proliferation,6,6,False,63.25298329355647,6,25,0.8081707186607604,80.90692124105065
Q7_vs_no_interaction,Q7,no_interaction,Mcm6,4286,0.7491408934707883,0.4602102102102002,0.2889306832605881,1.7666711188839856,2.35132099755406,1.9912005130375428,0.9965760671657748,0.70901916848456,0.2875568986812148,0.22922801558136438,6.669672873762041,392.52116886866946,0.3490977112743578,8.733498116506948e-11,True,6.566661637802283e-10,291,2664,False,False,Proliferation,6,7,False,58.93814432989676,7,25,0.29231086136416634,74.91408934707883
Q4H7_vs_no_interaction,Q4H7,no_interaction,Mcm6,4742,0.7839805825242716,0.4602102102102002,0.3237703723140714,2.0382312530474014,2.345124556281272,1.9912005130375428,1.01889893507189,0.70901916848456,0.30987976658732996,0.22557655871563384,8.654753621649041,644.4652385889996,0.3802546798458005,3.9379999911764766e-17,True,3.793700707978812e-16,412,2664,False,False,Proliferation,6,8,False,61.44660194174756,8,25,0.2712882594400865,78.39805825242716
V4_vs_no_interaction,V4,no_interaction,Mcm6,4272,0.7314814814814842,0.4602102102102002,0.271271271271284,1.6382116555876969,2.1200738498085636,1.9912005130375428,0.9327950741268429,0.70901916848456,0.2237759056422829,0.0862762678233535,5.529597471278763,456.67560006267325,0.2725564096937158,5.4096701618567136e-08,True,2.987540198185911e-07,324,2664,False,False,Proliferation,6,9,False,57.66666666666686,9,25,-0.5307079494761168,73.14814814814842
D4_vs_no_interaction,D4,no_interaction,Mcm6,3846,0.7118644067796596,0.4602102102102002,0.25165419656945937,1.501333495507688,2.1523017665518096,1.9912005130375428,0.909163583589966,0.70901916848456,0.20014441510540593,0.10706873448994247,4.170606319216784,299.1923798056381,0.24200772873995777,3.983933546524479e-05,True,0.0002493849560000553,236,2664,False,False,Proliferation,6,10,False,56.254237288135485,10,25,-0.41099908645934186,71.18644067796596
G4_vs_no_interaction,G4,no_interaction,Mcm6,3581,0.7923076923076904,0.4602102102102002,0.3320974820974902,2.1074394481171885,2.103775835256366,1.9912005130375428,0.952371528432264,0.70901916848456,0.243352359947704,0.07564608243065093,4.338068783638128,153.58783088508943,0.2936585679743258,2.5929738453477317e-05,True,0.00017443131636898785,130,2664,False,False,Proliferation,6,11,False,62.04615384615371,11,25,-0.5919093176169519,79.23076923076904
E1_vs_no_interaction,E1,no_interaction,Mcm6,3631,0.6994219653179207,0.4602102102102002,0.23921175510772047,1.4172624483314171,1.8790361695580635,1.9912005130375428,0.8545007497593621,0.70901916848456,0.14548158127480204,-0.07953342035853932,2.7880526612058723,210.66809628607655,0.17576825807821925,0.005787765400449717,True,0.022494590335052873,173,2664,False,False,Proliferation,6,12,False,55.35838150289029,12,25,-1.485327214602326,69.94219653179206
CATNB_vs_no_interaction,CATNB,no_interaction,Mcm6,3537,0.6388888888888876,0.4602102102102002,0.17867867867868742,1.0316945148352787,1.9266938271766825,1.9912005130375428,0.8276536662914217,0.70901916848456,0.11863449780686164,-0.045203242991653694,1.9226409312369148,165.00233623660054,0.14260458765378003,0.05624763619028406,True,0.16073173772296678,144,2664,False,False,Proliferation,6,13,False,50.99999999999991,13,25,-1.2876774328014116,63.888888888888765
LCMV_vs_no_interaction,LCMV,no_interaction,Mcm6,3451,0.6377952755905503,0.4602102102102002,0.17758506538035007,1.0250158272409766,2.096467263210412,1.9912005130375428,0.8362471268233357,0.70901916848456,0.12722795833877565,0.07085359705797822,1.8621825790958695,141.50030814112904,0.152568484272,0.06465127220179916,True,0.20557625760522052,127,2664,False,False,Proliferation,6,14,False,50.92125984251962,14,25,-0.6195011846227577,63.779527559055026
TB_vs_no_interaction,TB,no_interaction,Mcm6,3520,0.5950920245398775,0.4602102102102002,0.13488181432967733,0.7699374283736456,1.715204524816048,1.9912005130375428,0.7486673562513534,0.70901916848456,0.03964818776679335,-0.2041992898071016,0.6904289607278419,191.26549888277913,0.04773244903084041,0.4907614448733019,True,0.69166282011308,163,2664,False,False,Proliferation,6,15,False,47.846625766871185,15,25,-2.2030683911538103,59.509202453987754
MCMV_vs_no_interaction,MCMV,no_interaction,Mcm6,3360,0.6753246753246754,0.4602102102102002,0.21511446511447524,1.2595996947628194,2.668681733317081,1.9912005130375428,0.9205717136854913,0.70901916848456,0.21155254520093125,0.40486782175597763,2.2934977620009347,80.9322239862243,0.2528574308846203,0.02441321898805342,True,0.11043214120028115,77,2664,False,False,Proliferation,6,16,False,53.62337662337663,16,25,1.3035252514026212,67.53246753246755
multi_peptide_vs_no_interaction,multi_peptide,no_interaction,Cdk1,10192,0.42189586114818783,0.07957957957957965,0.34231628156860816,2.9312528079740807,0.461657629119051,0.21493465683469112,0.2886975628950072,0.08501569885904517,0.20368186403596203,0.8346384446735835,26.25589746891392,5272.814887627022,0.5371511602070045,6.636640192211627e-143,True,6.99909730585793e-142,8239,2664,True,True,Proliferation,7,0,True,35.376502002669525,0,24,1.5377823751869057,42.18958611481878
N4_vs_no_interaction,N4,no_interaction,Cdk1,789,0.35193133047210184,0.07957957957957965,0.27235175089252217,2.5141188227398397,0.383899845624019,0.21493465683469112,0.24384899312594965,0.08501569885904517,0.15883329426690448,0.6196559520597883,8.588884821320896,599.9837672587117,0.4688806292366678,7.575688106173877e-17,True,4.427859082746455e-16,466,2664,True,True,Proliferation,7,1,True,30.33905579399133,1,24,0.8965476170649738,35.19313304721018
A2_vs_no_interaction,A2,no_interaction,Cdk1,653,0.27671232876712276,0.07957957957957965,0.19713274918754312,2.0218656193004247,0.3231606157667739,0.21493465683469112,0.1990226825831106,0.08501569885904517,0.11400698372406542,0.4261528328725963,5.657240402686474,450.57125894761134,0.33904351960592505,2.7381654069548114e-08,True,1.1002764228882673e-07,365,2664,True,False,Proliferation,7,2,False,24.92328767123284,2,24,0.3193800332341204,27.671232876712278
Y3_vs_no_interaction,Y3,no_interaction,Cdk1,689,0.315245478036176,0.07957957957957965,0.23566589845659633,2.281666639759309,0.4157945648298243,0.21493465683469112,0.24495845059409982,0.08501569885904517,0.15994275173505465,0.711744043950619,7.318184127286345,462.16567181268925,0.46613140243828927,1.1214560034152872e-12,True,7.607867359852451e-12,387,2664,True,True,Proliferation,7,3,True,27.69767441860467,3,24,1.1712215433535085,31.524547803617597
Q4_vs_no_interaction,Q4,no_interaction,Cdk1,791,0.3223819301848043,0.07957957957957965,0.24280235060522468,2.327875455354261,0.3825652184424328,0.21493465683469112,0.235930533335179,0.08501569885904517,0.15091483447613382,0.6156714081546998,8.117642678210673,625.223228173785,0.4427809119382664,2.532448436718819e-15,True,1.4889785724313704e-14,487,2664,True,True,Proliferation,7,4,True,28.21149897330591,4,24,0.8846627979053242,32.23819301848043
Q4R7_vs_no_interaction,Q4R7,no_interaction,Cdk1,524,0.29515418502202645,0.07957957957957965,0.2155746054424468,2.148547235980331,0.3389059354145455,0.21493465683469112,0.20931356548787336,0.08501569885904517,0.12429786662882819,0.4788592532892574,4.950260736800533,258.78756517246103,0.37114479880852963,1.3375654100558303e-06,True,6.702920480483973e-06,227,2664,True,False,Proliferation,7,5,False,26.251101321585903,5,24,0.4765890614505036,29.515418502202646
T4_vs_no_interaction,T4,no_interaction,Cdk1,719,0.32935560859188484,0.07957957957957965,0.2497760290123052,2.3725375708872383,0.3788970293208953,0.21493465683469112,0.2358025667527681,0.08501569885904517,0.15078686789372292,0.6046629594211133,7.6699386963391065,523.173026817373,0.4446871342468733,8.45694425208547e-14,True,5.41826489025314e-13,419,2664,True,True,Proliferation,7,6,True,28.71360381861571,6,24,0.8518275661841059,32.935560859188485
Q7_vs_no_interaction,Q7,no_interaction,Cdk1,567,0.2680412371134016,0.07957957957957965,0.18846165753382196,1.9606008235807229,0.33767843986045243,0.21493465683469112,0.1991886470087937,0.08501569885904517,0.11417294814974854,0.47481879134157245,4.954653671782494,340.8731003969472,0.33891376608935986,1.1432956566755808e-06,True,5.37435353775307e-06,291,2664,True,False,Proliferation,7,7,False,24.298969072164915,7,24,0.46453745386039624,26.80412371134016
Q4H7_vs_no_interaction,Q4H7,no_interaction,Cdk1,626,0.2694174757281553,0.07957957957957965,0.18983789614857563,1.9704027087872549,0.2981761320342176,0.21493465683469112,0.18455045851041757,0.08501569885904517,0.0995347596513724,0.3383542169414823,5.416049806510685,532.3094916920327,0.29754602581186135,9.239179399411761e-08,True,4.103782751640562e-07,412,2664,True,False,Proliferation,7,8,False,24.39805825242718,8,24,0.05750045613214938,26.941747572815526
V4_vs_no_interaction,V4,no_interaction,Cdk1,565,0.2623456790123463,0.07957957957957965,0.18276609943276664,1.9197085459653689,0.31852370537399105,0.21493465683469112,0.1927419348826098,0.08501569885904517,0.10772623602356463,0.4102568130967928,5.043105384464239,390.23425881641305,0.3205554979796237,7.029261684416084e-07,True,3.4239544722884636e-06,324,2664,True,False,Proliferation,7,9,False,23.888888888888932,9,24,0.27196649610321477,26.23456790123463
D4_vs_no_interaction,D4,no_interaction,Cdk1,453,0.1864406779661016,0.07957957957957965,0.10686109838652194,1.3088620942488989,0.18431249477617714,0.21493465683469112,0.12146116715974833,0.08501569885904517,0.036445468300703165,-0.14757502389017424,1.8968446144244366,297.72331540241606,0.111076707373295,0.058816137434813634,True,0.1304755363595222,236,2664,False,False,Proliferation,7,10,False,18.423728813559315,10,24,-1.3918953314998463,18.64406779661016
G4_vs_no_interaction,G4,no_interaction,Cdk1,437,0.2230769230769231,0.07957957957957965,0.14349734349734344,1.6212245140873358,0.2761072329219159,0.21493465683469112,0.17016712569547843,0.08501569885904517,0.08515142683643326,0.2560915242278892,2.7339562359874487,140.7492209840464,0.2557995024907631,0.007062151917668766,True,0.0240329065211115,130,2664,True,False,Proliferation,7,11,False,21.06153846153846,11,24,-0.18786695599206377,22.30769230769231
E1_vs_no_interaction,E1,no_interaction,Cdk1,439,0.21387283236994212,0.07957957957957965,0.13429325279036247,1.5463215289545373,0.28336267474110327,0.21493465683469112,0.16764920166936603,0.08501569885904517,0.08263350281032086,0.283657352132259,2.95694216588815,191.76520869614444,0.24757934700712966,0.0034975156423456065,True,0.014883149121776722,173,2664,True,False,Proliferation,7,12,False,20.398843930635834,12,24,-0.10564553054583603,21.38728323699421
CATNB_vs_no_interaction,CATNB,no_interaction,Cdk1,413,0.1805555555555556,0.07957957957957965,0.10097597597597596,1.254707276397985,0.17637786273282813,0.21493465683469112,0.1180153612172454,0.08501569885904517,0.03299966235820023,-0.18841046328854855,1.4023270022747707,166.9948477668689,0.10019775639981482,0.1626738132305815,True,0.3431495237733386,144,2664,False,False,Proliferation,7,13,False,18.000000000000004,13,24,-1.5136964269614173,18.05555555555556
LCMV_vs_no_interaction,LCMV,no_interaction,Cdk1,391,0.15748031496062986,0.07957957957957965,0.07790073538105022,1.0288993497019965,0.227403054919009,0.21493465683469112,0.12476224808894112,0.08501569885904517,0.039746549229895956,0.05601525641493047,1.2970380365093361,137.88113363786644,0.11957054326112325,0.1967842944387113,True,0.41834883336229733,127,2664,False,False,Proliferation,7,14,False,16.33858267716535,14,24,-0.7846404682773562,15.748031496062985
TB_vs_no_interaction,TB,no_interaction,Cdk1,401,0.14723926380368102,0.07957957957957965,0.06765968422410137,0.9206419528603953,0.16534692867267772,0.21493465683469112,0.09962627137716912,0.08501569885904517,0.014610572518123949,-0.24717267690405673,0.6369719843985333,190.78154992277615,0.04434884527249841,0.524906678538116,True,0.7205121044091349,163,2664,False,False,Proliferation,7,15,False,15.601226993865033,15,24,-1.688968252012495,14.723926380368102
MCMV_vs_no_interaction,MCMV,no_interaction,Cdk1,378,0.14285714285714288,0.07957957957957965,0.06327756327756323,0.8725552405051787,0.19320933532907625,0.21493465683469112,0.11369602187116735,0.08501569885904517,0.028680323012122186,-0.10312148953112157,0.8035351247036802,81.19062377458489,0.08651249715252411,0.42401178562117964,True,0.6640997532890331,77,2664,False,False,Proliferation,7,16,False,15.285714285714286,16,24,-1.2593024351861908,14.285714285714288
multi_peptide_vs_no_interaction,multi_peptide,no_interaction,Ube2c,2895,0.1519601893433651,0.019144144144144136,0.13281604519922097,2.6819919051866354,0.12053698399686709,0.03123695439328275,0.07617658708876644,0.016593876001694135,0.059582711087072304,0.7488465968322534,16.879422373595148,7619.880569505551,0.2941781119385846,8.732909841423796e-63,True,4.447968185094354e-62,8239,2664,True,True,Proliferation,8,0,True,15.941133632722288,0,23,1.0914554440256792,15.19601893433651
N4_vs_no_interaction,N4,no_interaction,Ube2c,175,0.14592274678111586,0.019144144144144136,0.12677860263697172,2.6170683646642847,0.08792311866042013,0.03123695439328275,0.06573784900744495,0.016593876001694135,0.04914397300575081,0.5179685419354221,5.7537554788055845,560.4252609911736,0.35219263525127376,1.437327975117074e-08,True,5.0888165385346014e-08,466,2664,True,True,Proliferation,8,1,True,15.506437768240342,1,23,0.42425317371159277,14.592274678111586
A2_vs_no_interaction,A2,no_interaction,Ube2c,135,0.0931506849315069,0.019144144144144136,0.07400654078736277,1.9354660124568634,0.08350925715615355,0.03123695439328275,0.054088349592871364,0.016593876001694135,0.03749447359117723,0.4836788230688484,3.557569781267528,410.8818690791856,0.2654250880519522,0.00041795393052034056,True,0.001042180872961071,365,2664,True,False,Proliferation,8,2,False,11.706849315068496,2,23,0.325161130137192,9.31506849315069
Y3_vs_no_interaction,Y3,no_interaction,Ube2c,151,0.12144702842377253,0.019144144144144136,0.10230288427962839,2.3304209987015603,0.08840759825608732,0.03123695439328275,0.05830646750229422,0.016593876001694135,0.04171259150060008,0.5216831294766382,4.179169739097675,441.99050101835337,0.2963182945786247,3.527779526465911e-05,True,0.00011385763840540595,387,2664,True,True,Proliferation,8,3,True,13.744186046511622,3,23,0.4349877636313116,12.144702842377253
Q4_vs_no_interaction,Q4,no_interaction,Ube2c,138,0.0903490759753594,0.019144144144144136,0.07120493183121526,1.8913382341023628,0.061478242865573206,0.03123695439328275,0.0439492761228491,0.016593876001694135,0.027355400121154966,0.2991657744149361,3.6216119650714838,618.506374885828,0.20075579605402563,0.0003167809625342724,True,0.0007533839444576122,487,2664,True,False,Proliferation,8,4,False,11.505133470225877,4,23,-0.20805336276675596,9.034907597535941
Q4R7_vs_no_interaction,Q4R7,no_interaction,Ube2c,142,0.11453744493392078,0.019144144144144136,0.09539330078977665,2.241343737104178,0.19568470445231406,0.03123695439328275,0.0773372052888577,0.016593876001694135,0.060743329287163556,1.1718855970218203,3.097841050303718,233.9042203322515,0.40217196933761484,0.002187724727245824,True,0.006153053831870318,227,2664,True,True,Proliferation,8,5,True,13.246696035242296,5,23,2.3139734589318848,11.453744493392078
T4_vs_no_interaction,T4,no_interaction,Ube2c,152,0.11455847255369918,0.019144144144144136,0.09541432840955505,2.2416211878407952,0.08093963030358996,0.03123695439328275,0.05669145612506817,0.016593876001694135,0.04009758012337404,0.46333441002276793,4.382998639468719,491.52703929729745,0.28727055669093227,1.4322641277412109e-05,True,4.477888670695685e-05,419,2664,True,False,Proliferation,8,6,False,13.24821002386634,6,23,0.2663688877189252,11.455847255369918
Q7_vs_no_interaction,Q7,no_interaction,Ube2c,160,0.07560137457044676,0.019144144144144136,0.05645723042630262,1.6390649732885207,0.09818837342285304,0.03123695439328275,0.04939791082178033,0.016593876001694135,0.03280403482008619,0.594698311513186,2.475440086270048,312.88130415772423,0.2286475630016595,0.013836426543255672,True,0.030739927636933017,291,2664,True,True,Proliferation,8,7,True,10.443298969072167,7,23,0.6459904734555513,7.560137457044676
Q4H7_vs_no_interaction,Q4H7,no_interaction,Ube2c,150,0.1019417475728155,0.019144144144144136,0.08279760342867137,2.0673605821807164,0.0737430122132329,0.03123695439328275,0.05196730653928358,0.016593876001694135,0.03537343053758944,0.4047809362779066,3.9622650990344424,487.3861388113296,0.2555415264142125,8.533824865563894e-05,True,0.0002664025195180344,412,2664,True,False,Proliferation,8,8,False,12.339805825242717,8,23,0.0971583032187875,10.19417475728155
V4_vs_no_interaction,V4,no_interaction,Ube2c,139,0.08950617283950617,0.019144144144144136,0.07036202869536204,1.877847140623918,0.08048576471955295,0.03123695439328275,0.049068650104123944,0.016593876001694135,0.03247477410242981,0.4597110344629611,2.922735954862322,360.11369430545295,0.2315178311110598,0.003688875409466614,True,0.00933931961802545,324,2664,True,False,Proliferation,8,9,False,11.444444444444443,9,23,0.2558978864763689,8.950617283950617
D4_vs_no_interaction,D4,no_interaction,Ube2c,87,0.03389830508474576,0.019144144144144136,0.014754160940601627,0.6126029377406748,0.026012395364388558,0.03123695439328275,0.018554973746496922,0.016593876001694135,0.0019610977448027873,-0.05860836565672229,0.2662986601747208,303.5793859678923,0.015056976558772146,0.7901899819873812,False,,236,2664,False,False,Proliferation,8,10,False,7.4406779661016955,10,23,-1.241965912931594,3.389830508474576
G4_vs_no_interaction,G4,no_interaction,Ube2c,89,0.07692307692307693,0.019144144144144136,0.05777893277893279,1.6632123840449087,0.05413008287128204,0.03123695439328275,0.03878793706014784,0.016593876001694135,0.022194061058453705,0.23197445348764983,1.6560808711664874,138.9516971692446,0.16681986798843326,0.0999620333332599,True,0.20980992668753828,130,2664,False,False,Proliferation,8,11,False,10.538461538461538,11,23,-0.402226004632265,7.6923076923076925
E1_vs_no_interaction,E1,no_interaction,Ube2c,85,0.04624277456647398,0.019144144144144136,0.027098630422329843,0.988467157836351,0.03080672614271978,0.03123695439328275,0.020856375041758714,0.016593876001694135,0.00426249904006458,-0.004737292042085748,0.4630336845930949,201.96732419237745,0.032474130242609894,0.6438387550850385,False,,173,2664,False,False,Proliferation,8,12,False,8.329479768786126,12,23,-1.0862867487251735,4.624277456647398
CATNB_vs_no_interaction,CATNB,no_interaction,Ube2c,93,0.04166666666666667,0.019144144144144136,0.022522522522522535,0.8591992137325779,0.043335701957714384,0.03123695439328275,0.025374765136223186,0.016593876001694135,0.008780889134529051,0.12722398100960827,0.6828031457007879,155.036982479031,0.06592076343287802,0.49575024970808834,False,,144,2664,False,False,Proliferation,8,13,False,8.0,13,23,-0.7049388505328986,4.166666666666667
LCMV_vs_no_interaction,LCMV,no_interaction,Ube2c,74,0.015748031496062992,0.019144144144144136,-0.003396112648081144,-0.1836802128138975,0.012929522542802555,0.03123695439328275,0.009436689933764408,0.016593876001694135,-0.007157186067929727,-0.21675132760244858,-1.004458449039272,165.96995988212547,-0.05500255638715415,0.3166198791633235,False,,127,2664,False,False,Proliferation,8,14,False,6.133858267716535,14,23,-1.6989748880441564,1.574803149606299
TB_vs_no_interaction,TB,no_interaction,Ube2c,80,0.05521472392638037,0.019144144144144136,0.03607057978223623,1.2154905706478565,0.025776252357558194,0.03123695439328275,0.020670104318208014,0.016593876001694135,0.004076228316513879,-0.06131446418708519,0.5383495191479363,206.33430708749677,0.03131783664422986,0.5909160395841334,True,0.7671916899285173,163,2664,False,False,Proliferation,8,15,False,8.975460122699387,15,23,-1.2497861238388566,5.521472392638037
MCMV_vs_no_interaction,MCMV,no_interaction,Ube2c,76,0.05194805194805195,0.019144144144144136,0.032803907803907816,1.1364241924385048,0.10256151779198776,0.03123695439328275,0.05067650608733359,0.016593876001694135,0.034082630085639457,0.626186101187206,1.2157751324554136,77.2841007832712,0.2495823181009681,0.22777126333370507,True,0.47299586763471735,77,2664,False,False,Proliferation,8,16,False,8.740259740259742,16,23,0.7369853701644065,5.194805194805195
multi_peptide_vs_no_interaction,multi_peptide,no_interaction,Sell,6546,0.20135938827527286,0.43506006006005155,-0.23370067178477869,-1.5663892475079773,0.3918684137900856,3.2718476429942975,0.16817312011763255,0.842118930570352,-0.6739458104527195,-2.7771950316412797,-32.20006730230065,2959.4686882547526,-1.0502622924502167,2.7151718565256186e-195,True,4.410111077329989e-194,8239,2664,True,True,Naive_recirc,9,0,True,19.497875955819644,0,22,-1.8114067342297886,20.135938827527287
N4_vs_no_interaction,N4,no_interaction,Sell,3261,0.21888412017167339,0.43506006006005155,-0.21617593988837816,-1.4198604407843403,0.5458068700341596,3.2718476429942975,0.21653431202621437,0.842118930570352,-0.6255846185441376,-2.3843646561438807,-19.962870356646388,1276.655794912643,-0.6315359221534244,2.218479752590424e-77,True,9.155569483299263e-75,466,2664,True,True,Naive_recirc,9,1,True,20.759656652360484,1,22,-1.216500185204446,21.88841201716734
A2_vs_no_interaction,A2,no_interaction,Sell,3196,0.19999999999999976,0.43506006006005155,-0.23506006006005178,-1.5781213630387247,0.5032180366064676,3.2718476429942975,0.19266711843494572,0.842118930570352,-0.6494518121354063,-2.482787877675505,-19.701399710232543,906.3088322370571,-0.6485182641771079,3.39313312020952e-72,True,4.005169506767312e-69,365,2664,True,True,Naive_recirc,9,2,True,19.399999999999984,2,22,-1.3655533713059442,19.999999999999975
Y3_vs_no_interaction,Y3,no_interaction,Sell,3233,0.18604651162790678,0.43506006006005155,-0.24901354843214477,-1.7019557121090911,0.6436387036437183,3.2718476429942975,0.22152196982996783,0.842118930570352,-0.6205969607403842,-2.180865585283083,-17.568537251888806,837.0562243455798,-0.6183817983437918,4.678457262589684e-59,True,6.315917304496074e-56,387,2664,True,True,Naive_recirc,9,3,True,18.39534883720929,3,22,-0.9083190018568708,18.604651162790677
Q4_vs_no_interaction,Q4,no_interaction,Sell,3286,0.2156057494866532,0.43506006006005155,-0.21945431057339834,-1.4466401294226203,0.727854353211958,3.2718476429942975,0.2560495176662971,0.842118930570352,-0.5860694129040549,-2.026090471856979,-17.435324982015544,1144.6091322952457,-0.5891977517655348,1.4737914658818573e-60,True,1.1479739310691326e-58,487,2664,True,True,Naive_recirc,9,4,True,20.523613963039033,4,22,-0.6739259041063657,21.56057494866532
Q4R7_vs_no_interaction,Q4R7,no_interaction,Sell,3181,0.22907488986784164,0.43506006006005155,-0.2059851701922099,-1.3383103738858035,0.8381414334311078,3.2718476429942975,0.28371238292918693,0.842118930570352,-0.558406547641165,-1.8456620057793072,-12.00518821034174,344.49437657871505,-0.5447009540118691,5.625004715059451e-28,True,4.264942599401987e-26,227,2664,True,True,Naive_recirc,9,5,True,21.493392070484596,5,22,-0.40068309297116955,22.907488986784163
T4_vs_no_interaction,T4,no_interaction,Sell,3249,0.19093078758949852,0.43506006006005155,-0.24412927247055302,-1.6578755118140507,0.6604672663749896,3.2718476429942975,0.2285437408863758,0.842118930570352,-0.6135751896839763,-2.148581294650409,-17.820111620001924,947.1517345501002,-0.6135332639942627,1.758212988889429e-61,True,2.086779041188141e-58,419,2664,True,True,Naive_recirc,9,6,True,18.747016706443894,6,22,-0.8594273246190892,19.09307875894985
Q7_vs_no_interaction,Q7,no_interaction,Sell,3240,0.24742268041237075,0.43506006006005155,-0.1876373796476808,-1.1973332374523231,1.098766581135001,3.2718476429942975,0.34108123260881934,0.842118930570352,-0.5010376979615327,-1.4919885790540728,-10.796167777386644,442.3749825760029,-0.4895484701996437,2.8175689814007648e-24,True,9.630306287710819e-23,291,2664,True,True,Naive_recirc,9,7,True,22.814432989690694,7,22,0.13492375135360102,24.742268041237075
Q4H7_vs_no_interaction,Q4H7,no_interaction,Sell,3371,0.2766990291262135,0.43506006006005155,-0.15836103093383802,-0.9854572133445255,1.194597287202074,3.2718476429942975,0.35896371750360695,0.842118930570352,-0.4831552130667451,-1.3810359636912846,-11.70742013573542,707.5048112717661,-0.4761892977480941,4.6044214618142595e-29,True,1.0172961220327654e-27,412,2664,True,True,Naive_recirc,9,8,True,24.922330097087375,8,22,0.3029515863376846,27.669902912621353
V4_vs_no_interaction,V4,no_interaction,Sell,3317,0.2716049382716056,0.43506006006005155,-0.16345512178844596,-1.0213090538880665,1.1390821600242664,3.2718476429942975,0.3619508753392167,0.842118930570352,-0.4801680552311353,-1.4442674978802073,-10.816468888694345,514.0966966437819,-0.4705514150980947,1.0442783977679683e-24,True,2.664918141996334e-23,324,2664,True,True,Naive_recirc,9,9,True,24.555555555555603,9,22,0.20719307034645107,27.160493827160558
D4_vs_no_interaction,D4,no_interaction,Sell,3269,0.34745762711864353,0.43506006006005155,-0.08760243294140801,-0.5208292724284608,1.3909151676149012,3.2718476429942975,0.4702060251069486,0.842118930570352,-0.37191290546340344,-1.1773411782728298,-6.941651961437245,320.4266596149957,-0.36059979683185056,2.1591571759796033e-11,True,3.9518201379201837e-10,236,2664,True,True,Naive_recirc,9,10,True,30.016949152542335,10,22,0.6114291619180204,34.74576271186435
G4_vs_no_interaction,G4,no_interaction,Sell,3180,0.3076923076923075,0.43506006006005155,-0.12736775236774406,-0.7750618614976363,1.2682084965765685,3.2718476429942975,0.41741623448669257,0.842118930570352,-0.42470269608365946,-1.3012512552466613,-6.214203366668245,155.3379645166529,-0.40849881194552856,4.535316256803068e-09,True,6.278683739172984e-08,130,2664,True,True,Naive_recirc,9,11,True,27.15384615384614,11,22,0.42377840759783997,30.76923076923075
E1_vs_no_interaction,E1,no_interaction,Sell,3216,0.35260115606936404,0.43506006006005155,-0.0824589039906875,-0.488974177513924,1.7706161540809788,3.2718476429942975,0.5002109970749853,0.842118930570352,-0.34190793349536674,-0.8500257981393512,-5.101522936956591,208.69518653692717,-0.3286777699917313,7.555093162558172e-07,True,9.047322950817371e-06,173,2664,True,True,Naive_recirc,9,12,True,30.38728323699421,12,22,1.1071190967698512,35.2601156069364
CATNB_vs_no_interaction,CATNB,no_interaction,Sell,3210,0.36111111111111077,0.43506006006005155,-0.07394894894894077,-0.4367090493388253,1.5039712789734212,3.2718476429942975,0.5138278387720319,0.842118930570352,-0.32829109179832017,-1.0718910407056454,-4.727079170777613,171.13733684147306,-0.31554372010488496,4.735116531888968e-06,True,7.649488077049812e-05,144,2664,True,True,Naive_recirc,9,13,True,30.999999999999975,13,22,0.7711239853005281,36.11111111111108
LCMV_vs_no_interaction,LCMV,no_interaction,Sell,3221,0.33070866141732247,0.43506006006005155,-0.10435139864272908,-0.6260806181507044,1.9563965521397333,3.2718476429942975,0.5399712208363221,0.842118930570352,-0.30214770973402993,-0.7134208512411937,-3.6695571345673015,142.95343292099017,-0.28900789084673095,0.00034219035937637585,True,0.004119712621612471,127,2664,True,True,Naive_recirc,9,14,True,28.811023622047216,14,22,1.3139950987492632,33.070866141732246
TB_vs_no_interaction,TB,no_interaction,Sell,3260,0.3312883435582824,0.43506006006005155,-0.10377171650176914,-0.6223964325062993,2.093950894729899,3.2718476429942975,0.5912919877139398,0.842118930570352,-0.25082694285641227,-0.6200081140170448,-3.311169233575135,188.1976221225155,-0.23994351104945694,0.0011137449301142717,True,0.008544949632140999,163,2664,True,True,Naive_recirc,9,15,True,28.852760736196334,15,22,1.4554603534833577,33.12883435582824
MCMV_vs_no_interaction,MCMV,no_interaction,Sell,3130,0.3506493506493507,0.43506006006005155,-0.08441070941070083,-0.5010378658436347,1.607547536596795,3.2718476429942975,0.492622990105743,0.842118930570352,-0.349495940464609,-0.9816136071328264,-3.6338820598995354,83.3086372085436,-0.334045641809911,0.0004817492597885305,True,0.0058668048475862865,77,2664,True,True,Naive_recirc,9,16,True,30.24675324675325,16,22,0.9078411024370718,35.06493506493507
multi_peptide_vs_no_interaction,multi_peptide,no_interaction,Klf2,6883,0.1730792571914043,0.3858858858858803,-0.212806628694476,-1.5358974563126484,0.3928578323328438,3.5026544358342457,0.1552255557135454,0.8000682658379317,-0.6448427101243863,-2.869816818002812,-29.520175886390607,2936.831546082365,-0.9736361613343424,6.005068941806618e-168,True,7.715242676159745e-167,8239,2664,True,True,Naive_recirc,10,0,True,17.46170651778111,0,21,-1.9362450269108968,17.307925719140428
N4_vs_no_interaction,N4,no_interaction,Klf2,3524,0.15450643776824027,0.3858858858858803,-0.23137944811764002,-1.7218877501844874,0.5953394078320735,3.5026544358342457,0.18594161963995953,0.8000682658379317,-0.6141266461979722,-2.373271015469107,-18.906942141773584,1303.6100437102275,-0.5932238348707528,1.197861570883205e-70,True,2.1055744501524783e-68,466,2664,True,True,Naive_recirc,10,1,True,16.124463519313302,1,21,-1.1002331740939792,15.450643776824027
A2_vs_no_interaction,A2,no_interaction,Klf2,3449,0.14246575342465753,0.3858858858858803,-0.24342013246122277,-1.8517102819965345,0.4063074626121614,3.5026544358342457,0.15990126546636196,0.8000682658379317,-0.6401670003715697,-2.830974622256289,-19.761623847252462,1048.0492189578872,-0.6130044808405513,3.929154265955023e-74,True,6.18383395556888e-71,365,2664,True,True,Naive_recirc,10,2,True,15.257534246575343,2,21,-1.8708481675117608,14.246575342465754
Y3_vs_no_interaction,Y3,no_interaction,Klf2,3498,0.16279069767441845,0.3858858858858803,-0.22309518821146185,-1.6369676744743693,0.6548207596406175,3.5026544358342457,0.22024478342221912,0.8000682658379317,-0.5798234824157126,-2.2548542694067835,-16.12851695598404,880.1734560379024,-0.5533818421564183,1.8207347339657604e-51,True,7.480844885207146e-49,387,2664,True,True,Naive_recirc,10,3,True,16.72093023255813,3,21,-0.9008602204309716,16.279069767441847
Q4_vs_no_interaction,Q4,no_interaction,Klf2,3602,0.19507186858316242,0.3858858858858803,-0.19081401730271788,-1.3338180299303282,0.959323413972741,3.5026544358342457,0.24747411466150382,0.8000682658379317,-0.5525941511764279,-1.7659171612448485,-15.336030806426109,1091.9808494395543,-0.5301003868955265,3.192534968472636e-48,True,1.0199878670459184e-46,487,2664,True,True,Naive_recirc,10,4,True,19.045174537987695,4,21,-0.07765878439092208,19.507186858316242
Q4R7_vs_no_interaction,Q4R7,no_interaction,Klf2,3480,0.2511013215859033,0.3858858858858803,-0.13478456429997698,-0.8825723176183324,1.1022812396728818,3.5026544358342457,0.33518509583406086,0.8000682658379317,-0.4648831700038708,-1.5832858628677473,-9.024527219227434,327.79035466098117,-0.43268581253991983,1.5631733295097794e-17,True,2.969074230347903e-16,227,2664,True,True,Naive_recirc,10,5,True,23.07929515418504,5,21,0.22982932518429844,25.110132158590332
T4_vs_no_interaction,T4,no_interaction,Klf2,3577,0.21241050119331709,0.3858858858858803,-0.1734753846925632,-1.185696303328721,1.011120022261718,3.5026544358342457,0.27671345157831695,0.8000682658379317,-0.5233548142596147,-1.6970456122087654,-13.421667335448584,826.4019574113057,-0.49755009028694347,2.6760049296406025e-37,True,1.1193245289399788e-35,419,2664,True,True,Naive_recirc,10,6,True,20.29355608591883,6,21,0.03829714761420001,21.24105011933171
Q7_vs_no_interaction,Q7,no_interaction,Klf2,3505,0.2268041237113399,0.3858858858858803,-0.1590817621745404,-1.0689537597980896,0.9451731640665125,3.5026544358342457,0.2945406300638632,0.8000682658379317,-0.5055276357740685,-1.785318288557613,-11.405875085011427,485.87444579111377,-0.47465964082415796,7.276981632632825e-27,True,3.395075780704844e-25,291,2664,True,True,Naive_recirc,10,7,True,21.329896907216472,7,21,-0.11032359055526426,22.68041237113399
Q4H7_vs_no_interaction,Q4H7,no_interaction,Klf2,3613,0.25242718446601936,0.3858858858858803,-0.13345870141986094,-0.8727421833996349,0.9286395237211226,3.5026544358342457,0.3115717790553271,0.8000682658379317,-0.48849648678260454,-1.808322783106022,-12.647841860208505,825.1887794652514,-0.4646371892839871,1.2179785729564062e-33,True,3.6742353617518254e-32,412,2664,True,True,Naive_recirc,10,8,True,23.174757281553394,8,21,-0.14905522419791611,25.242718446601938
V4_vs_no_interaction,V4,no_interaction,Klf2,3546,0.2438271604938277,0.3858858858858803,-0.1420587253920526,-0.9370982276050188,1.077846406614208,3.5026544358342457,0.3330279631935447,0.8000682658379317,-0.46704030264438695,-1.6129088547849795,-10.492742049261498,537.9449702334574,-0.4388511869979176,1.468203700580595e-23,True,3.392573177784365e-22,324,2664,True,True,Naive_recirc,10,9,True,22.555555555555593,9,21,0.17995442495890626,24.38271604938277
D4_vs_no_interaction,D4,no_interaction,Klf2,3554,0.3262711864406775,0.3858858858858803,-0.05961469944520281,-0.367073853496271,1.8946203928849839,3.5026544358342457,0.4862025622829296,0.8000682658379317,-0.3138657035550021,-0.8529460706843759,-5.231528222487952,307.20607383981826,-0.28991713052329793,3.117845881580671e-07,True,3.0164498343724863e-06,236,2664,True,True,Naive_recirc,10,10,True,28.491525423728778,10,21,1.4594696116062098,32.62711864406775
G4_vs_no_interaction,G4,no_interaction,Klf2,3442,0.2153846153846154,0.3858858858858803,-0.1705012705012649,-1.1611424797129934,1.1308207753561055,3.5026544358342457,0.3278293732734108,0.8000682658379317,-0.4722388925645209,-1.5494395754442865,-7.00236295822757,159.11569872257843,-0.4349810998593632,6.678928821577898e-11,True,1.2520639804958003e-09,130,2664,True,True,Naive_recirc,10,11,True,20.50769230769231,11,21,0.286814798257431,21.53846153846154
E1_vs_no_interaction,E1,no_interaction,Klf2,3448,0.30057803468208083,0.3858858858858803,-0.08530785120379947,-0.5349629951722675,1.43173991333323,3.5026544358342457,0.44460850889068043,0.8000682658379317,-0.35545975694725124,-1.2338889250234224,-5.585211572674485,217.9644737247325,-0.32802101300565795,6.913757450635146e-08,True,1.039349370284537e-06,173,2664,True,True,Naive_recirc,10,12,True,26.64161849710982,12,21,0.8180932474353863,30.057803468208082
CATNB_vs_no_interaction,CATNB,no_interaction,Klf2,3435,0.28472222222222215,0.3858858858858803,-0.10116366366365814,-0.6424525966682594,1.5562467961264548,3.5026544358342457,0.4339079593794844,0.8000682658379317,-0.36616030645844727,-1.1211426122822248,-5.11725584353371,172.10797283220796,-0.3367162019086827,8.219104446963329e-07,True,1.699800666833259e-05,144,2664,True,True,Naive_recirc,10,13,True,25.499999999999996,13,21,1.007919147346495,28.472222222222214
LCMV_vs_no_interaction,LCMV,no_interaction,Klf2,3423,0.307086614173228,0.3858858858858803,-0.07879927171265227,-0.4917447489167204,1.5570022837515234,3.5026544358342457,0.4740907883565689,0.8000682658379317,-0.32597747748136274,-1.1204846851280916,-4.3036384781306145,148.54394339849276,-0.29937613531599006,3.0340450672005107e-05,True,0.0005731188739465594,127,2664,True,True,Naive_recirc,10,14,True,27.110236220472416,14,21,1.009026869728476,30.7086614173228
TB_vs_no_interaction,TB,no_interaction,Klf2,3464,0.30674846625766883,0.3858858858858803,-0.07913741962821147,-0.49397795558748864,1.7580175653470131,3.5026544358342457,0.5076318301315944,0.8000682658379317,-0.29243643570633726,-0.9552961353215548,-4.135137570613705,195.86015516640364,-0.2688593445610903,5.259449042408585e-05,True,0.0006722654737540204,163,2664,True,True,Naive_recirc,10,15,True,27.085889570552155,15,21,1.2871474074175013,30.674846625766882
MCMV_vs_no_interaction,MCMV,no_interaction,Klf2,3369,0.20779220779220783,0.3858858858858803,-0.17809367809367246,-1.2242984370592456,0.9192505909053518,3.5026544358342457,0.28818928215980405,0.8000682658379317,-0.5118789836781277,-1.8215514828511052,-6.495421866078337,88.45085915645669,-0.4694984506202721,4.703261630670987e-09,True,8.650666825402374e-07,77,2664,True,True,Naive_recirc,10,16,True,19.961038961038966,16,21,-0.17132779145719734,20.779220779220783
multi_peptide_vs_no_interaction,multi_peptide,no_interaction,S1pr1,1486,0.05012744265080763,0.22560060060060277,-0.17547315794979515,-2.261502153387822,0.07516432227116861,1.0673708718138506,0.03666024556320421,0.3672397691382254,-0.3305795235750212,-2.736482116010357,-23.510606739565524,2797.3640082680045,-0.8381223253905581,1.0905032638786443e-111,True,8.576565345792123e-111,8239,2664,True,True,Naive_recirc,11,0,True,8.609175870858149,0,20,-2.009784322228458,5.012744265080763
N4_vs_no_interaction,N4,no_interaction,S1pr1,986,0.06437768240343351,0.22560060060060277,-0.16122291819716927,-1.933077171342664,0.15460670204852028,1.0673708718138506,0.06517764248548681,0.3672397691382254,-0.3020621266527386,-2.1969206746002965,-15.49021469687408,1616.0458254915784,-0.4500716911623379,1.4443710486688185e-50,True,5.193170452259252e-49,466,2664,True,True,Naive_recirc,11,1,True,9.635193133047213,1,20,-0.9685550405841973,6.437768240343352
A2_vs_no_interaction,A2,no_interaction,S1pr1,978,0.0712328767123288,0.22560060060060277,-0.15436772388827397,-1.7953864631681242,0.18183372937903972,1.0673708718138506,0.07601929612745778,0.3672397691382254,-0.29122047301076764,-2.050346789349779,-13.385581268294981,973.8876309401513,-0.42736183424098606,1.245286521725029e-37,True,3.64063177233729e-36,365,2664,True,True,Naive_recirc,11,2,True,10.128767123287673,2,20,-0.6857012086862702,7.123287671232879
Y3_vs_no_interaction,Y3,no_interaction,S1pr1,989,0.06718346253229976,0.22560060060060277,-0.15841713806830302,-1.8753681791673578,0.25440942003397915,1.0673708718138506,0.09025877790002786,0.3672397691382254,-0.2769809912381976,-1.7197741200554568,-11.697222748080142,862.5888383533289,-0.4053976702364769,1.9273681870341767e-29,True,6.368401876738801e-28,387,2664,True,True,Naive_recirc,11,3,True,9.837209302325583,3,20,-0.047772111897896374,6.718346253229976
Q4_vs_no_interaction,Q4,no_interaction,S1pr1,985,0.06160164271047231,0.22560060060060277,-0.16399895789013047,-1.9921833581915356,0.14143622965838185,1.0673708718138506,0.06424744574167804,0.3672397691382254,-0.30299232339654736,-2.2735488890182123,-15.963155070419946,1812.2211512381216,-0.4531290251114691,8.952044585021378e-54,True,4.115757083601292e-52,487,2664,True,True,Naive_recirc,11,4,True,9.435318275154007,4,20,-1.1164298413548683,6.160164271047231
Q4R7_vs_no_interaction,Q4R7,no_interaction,S1pr1,970,0.0748898678414097,0.22560060060060277,-0.15071073275919306,-1.726226799676029,0.2145937250477939,1.0673708718138506,0.08646904808657466,0.3672397691382254,-0.2807707210516508,-1.8917011758629652,-10.456947892662528,416.54039694582997,-0.4039896328838371,6.990832762695261e-23,True,2.4509964791314288e-21,227,2664,True,True,Naive_recirc,11,5,True,10.392070484581499,5,20,-0.37955172229006096,7.4889867841409705
T4_vs_no_interaction,T4,no_interaction,S1pr1,990,0.08114558472553697,0.22560060060060277,-0.14445501587506582,-1.6139626024046654,0.2189965060100627,1.0673708718138506,0.08654372606986285,0.3672397691382254,-0.2806960430683626,-1.8716504484646768,-12.773466726047008,1083.6550300428523,-0.4135891403896732,6.604677003068537e-35,True,2.1123031678409914e-33,419,2664,True,True,Naive_recirc,11,6,True,10.842482100238662,6,20,-0.3408584375534704,8.114558472553696
Q7_vs_no_interaction,Q7,no_interaction,S1pr1,983,0.0962199312714777,0.22560060060060277,-0.12938066932912506,-1.3695472599724692,0.3198650158919173,1.0673708718138506,0.12410810810802744,0.3672397691382254,-0.24313166103019798,-1.47526548605812,-8.509764675033944,492.0803188463515,-0.35049556698332124,2.1166140610391868e-16,True,2.9259445634898744e-15,291,2664,True,True,Naive_recirc,11,7,True,11.927835051546394,7,20,0.42407322357962773,9.62199312714777
Q4H7_vs_no_interaction,Q4H7,no_interaction,S1pr1,987,0.08009708737864076,0.22560060060060277,-0.14550351322196203,-1.6322825111612589,0.21944927266744024,1.0673708718138506,0.08873862453021869,0.3672397691382254,-0.27850114460800673,-1.869604215745791,-12.639361515826883,1060.2632049265785,-0.4100680793497941,3.2756400138348065e-34,True,1.0522294815772423e-32,412,2664,True,True,Naive_recirc,11,8,True,10.766990291262134,8,20,-0.33690967980237096,8.009708737864075
V4_vs_no_interaction,V4,no_interaction,S1pr1,974,0.07716049382716049,0.22560060060060277,-0.14844010677344227,-1.684637399170019,0.20202083243682084,1.0673708718138506,0.08983019609168594,0.3672397691382254,-0.27740957304653946,-1.9505430051068984,-11.79877227888358,736.3073433432481,-0.4042698720780326,1.5034462971629264e-29,True,6.0456764737430405e-28,324,2664,True,True,Naive_recirc,11,9,True,10.555555555555555,9,20,-0.4931028971742054,7.716049382716049
D4_vs_no_interaction,D4,no_interaction,S1pr1,989,0.11864406779661021,0.22560060060060277,-0.10695653280399256,-1.0573714921180566,0.5103231966440065,1.0673708718138506,0.17094247244251434,0.3672397691382254,-0.19629729669571108,-0.9356176464295141,-5.3443749095573985,319.164366502866,-0.2792033393701163,1.7302056710648174e-07,True,1.7695373341360556e-06,236,2664,True,True,Naive_recirc,11,10,True,13.542372881355936,10,20,1.465469233881882,11.86440677966102
G4_vs_no_interaction,G4,no_interaction,S1pr1,959,0.09230769230769231,0.22560060060060277,-0.13329290829291046,-1.4298506782468676,0.2054564931557492,1.0673708718138506,0.1027689489683406,0.3672397691382254,-0.2644708201698848,-1.9342241621772684,-8.039209459254016,190.58680886608357,-0.3757361908546282,9.301632604826598e-14,True,2.8229091524159418e-12,130,2664,True,True,Naive_recirc,11,11,True,11.646153846153847,11,20,-0.46161128973747123,9.230769230769232
E1_vs_no_interaction,E1,no_interaction,S1pr1,978,0.13294797687861268,0.22560060060060277,-0.0926526237219901,-0.8819270041355052,0.4460886113303378,1.0673708718138506,0.16960908347970235,0.3672397691382254,-0.19763068565852307,-1.0960560008638371,-4.956634151827443,222.50465263433253,-0.28024283549262596,1.4208453717332906e-06,True,1.5989423215764716e-05,173,2664,True,True,Naive_recirc,11,12,True,14.572254335260112,12,20,1.1558601704557225,13.294797687861267
CATNB_vs_no_interaction,CATNB,no_interaction,S1pr1,962,0.08333333333333336,0.22560060060060277,-0.1422672672672694,-1.5763409367187324,0.29361904344546474,1.0673708718138506,0.11359833614701643,0.3672397691382254,-0.253641432991209,-1.5683910500826546,-6.875249387626203,193.83919875800996,-0.3600655550344145,8.273617708471203e-11,True,5.564161124089634e-09,144,2664,True,True,Naive_recirc,11,13,True,11.000000000000002,13,20,0.244362338608716,8.333333333333336
LCMV_vs_no_interaction,LCMV,no_interaction,S1pr1,957,0.11023622047244094,0.22560060060060277,-0.11536438012816183,-1.168429512540474,0.34438574640954717,1.0673708718138506,0.148305914349133,0.3672397691382254,-0.2189338547890924,-1.3933785273136048,-5.277247126406252,159.69216663961694,-0.3098077362266119,4.2185243956067333e-07,True,1.876610577385655e-05,127,2664,True,True,Naive_recirc,11,14,True,12.937007874015748,14,20,0.5820961894290088,11.023622047244094
TB_vs_no_interaction,TB,no_interaction,S1pr1,981,0.16564417177914112,0.22560060060060277,-0.059956428821461655,-0.5299501874292465,0.5267059649027676,1.0673708718138506,0.20735790746532634,0.3672397691382254,-0.15988186167289908,-0.8974023460385098,-3.6607963748155203,200.34519815321576,-0.22601728169281995,0.00032162047174375897,True,0.003066844307074122,163,2664,True,True,Naive_recirc,11,15,True,16.926380368098158,15,20,1.53921595987097,16.564417177914113
MCMV_vs_no_interaction,MCMV,no_interaction,S1pr1,957,0.10389610389610392,0.22560060060060277,-0.12170449670449886,-1.256712871912344,0.5024237044991955,1.0673708718138506,0.1793989760501769,0.3672397691382254,-0.18784079308804852,-0.9544125315221258,-2.9886075805943495,83.99642599012948,-0.2636487904642687,0.003674331001366617,True,0.026903974398495772,77,2664,True,True,Naive_recirc,11,16,True,12.480519480519483,16,20,1.4291994354833457,10.389610389610391
multi_peptide_vs_no_interaction,multi_peptide,no_interaction,Il7r,5111,0.2559776671926156,0.2635135135135152,-0.007535846320899597,-0.05479810967450805,0.27483926519166874,1.3548678461067702,0.15816401715831727,0.4302283659821492,-0.2720643488238319,-1.9565441195887654,-17.43049470588845,2989.2756439451246,-0.56054796844757,7.0407590645424e-65,True,3.660968564983958e-64,8239,2664,True,True,Naive_recirc,12,0,True,23.430392037868323,0,19,-1.8248824860854644,25.59776671926156
N4_vs_no_interaction,N4,no_interaction,Il7r,1459,0.19957081545064345,0.2635135135135152,-0.06394269806287176,-0.5027442756336283,0.3017276584109096,1.3548678461067702,0.14376000141821565,0.4302283659821492,-0.28646836456393354,-1.8565984133811808,-12.489182437888752,1326.6577146743384,-0.38920923702655114,6.365317450642982e-34,True,8.807520880685596e-33,466,2664,True,True,Naive_recirc,12,1,True,19.36909871244633,1,19,-1.5902487085613959,19.957081545064344
A2_vs_no_interaction,A2,no_interaction,Il7r,1423,0.17534246575342452,0.2635135135135152,-0.08817104776009069,-0.7224868714770446,0.39659315457213473,1.3548678461067702,0.16834446492783162,0.4302283659821492,-0.2618839010543176,-1.5507518313874706,-9.395815353329464,716.7698289729609,-0.3491441569561814,7.430436259078386e-20,True,6.746693230238192e-19,365,2664,True,True,Naive_recirc,12,2,True,17.624657534246566,2,19,-0.8722394853641395,17.53424657534245
Y3_vs_no_interaction,Y3,no_interaction,Il7r,1452,0.22997416020671807,0.2635135135135152,-0.03353935330679714,-0.2521388185864814,0.37157181660582034,1.3548678461067702,0.18594996488397444,0.4302283659821492,-0.24427840109817475,-1.6253387072871859,-9.327686949193337,842.0755487686489,-0.3272922746795211,9.313467259616161e-20,True,1.16418340745202e-18,387,2664,True,True,Naive_recirc,12,3,True,21.5581395348837,3,19,-1.0473405588381797,22.997416020671807
Q4_vs_no_interaction,Q4,no_interaction,Il7r,1497,0.2340862422997949,0.2635135135135152,-0.029427271213720296,-0.22000129595230636,0.43453722186621097,1.3548678461067702,0.18869689514595245,0.4302283659821492,-0.24153147083619675,-1.4445257940004068,-9.511106630131057,1110.9842213087422,-0.32599809615969,1.1255278280574769e-20,True,8.944434889917133e-20,487,2664,True,True,Naive_recirc,12,4,True,21.854209445585234,4,19,-0.6228619245935668,23.40862422997949
Q4R7_vs_no_interaction,Q4R7,no_interaction,Il7r,1401,0.22026431718061695,0.2635135135135152,-0.043249196332898254,-0.32957498613144975,0.624768204991019,1.3548678461067702,0.2344967985304944,0.4302283659821492,-0.1957315674516548,-1.0052965389243083,-4.918839268842394,308.4989921222606,-0.25517483384297057,1.4183874503301549e-06,True,7.085099818842541e-06,227,2664,True,True,Naive_recirc,12,5,True,20.85903083700442,5,19,0.40827811361416677,22.026431718061694
T4_vs_no_interaction,T4,no_interaction,Il7r,1480,0.2386634844868731,0.2635135135135152,-0.0248500290266421,-0.18466171343999696,0.4972843044359388,1.3548678461067702,0.2024879322244557,0.4302283659821492,-0.22774043375769348,-1.2843983949737752,-8.134701478266514,814.7364607510812,-0.30415431831587775,1.5363674815461985e-15,True,1.1288025705522145e-14,419,2664,True,True,Naive_recirc,12,6,True,22.183770883054862,6,19,-0.24694485977551592,23.86634844868731
Q7_vs_no_interaction,Q7,no_interaction,Il7r,1436,0.26116838487972466,0.2635135135135152,-0.0023451286337905497,-0.0169483295662841,0.45880216926488165,1.3548678461067702,0.2235614735377376,0.4302283659821492,-0.2066668924444116,-1.3804785845170269,-6.658869961882523,494.913903477952,-0.27300600217211424,7.352471633469482e-11,True,5.605058236266645e-10,291,2664,True,True,Naive_recirc,12,7,True,23.804123711340175,7,19,-0.4725039025115699,26.116838487972466
Q4H7_vs_no_interaction,Q4H7,no_interaction,Il7r,1503,0.2742718446601941,0.2635135135135152,0.010758331146678901,0.07660244333906228,0.5654237263049112,1.3548678461067702,0.24656537423430927,0.4302283659821492,-0.18366299174783993,-1.1285428980261478,-6.252588941512711,748.3692184970041,-0.24429096123746338,6.781249083445243e-10,True,3.6681101364015305e-09,412,2664,True,True,Naive_recirc,12,8,True,24.747572815533974,8,19,0.11894343482275305,27.427184466019412
V4_vs_no_interaction,V4,no_interaction,Il7r,1464,0.2623456790123463,0.2635135135135152,-0.0011678345011689184,-0.008428384830616056,0.6122422559271044,1.3548678461067702,0.24652715990565963,0.4302283659821492,-0.18370120607648957,-1.0304481753151185,-5.557024532483852,513.5179516309153,-0.2419971061019844,4.413704114448363e-08,True,2.468190751846381e-07,324,2664,True,True,Naive_recirc,12,9,True,23.888888888888932,9,19,0.34923182056951585,26.23456790123463
D4_vs_no_interaction,D4,no_interaction,Il7r,1392,0.21610169491525405,0.2635135135135152,-0.04741181859826116,-0.363478379752903,0.6402398044346602,1.3548678461067702,0.23546017539238884,0.4302283659821492,-0.19476819058976036,-0.974823490975929,-4.960033853128476,323.6508006065582,-0.2540655194540869,1.1403384392077203e-06,True,9.788262185417396e-06,236,2664,True,True,Naive_recirc,12,10,True,20.55932203389829,10,19,0.4798170183265905,21.610169491525404
G4_vs_no_interaction,G4,no_interaction,Il7r,1369,0.2615384615384615,0.2635135135135152,-0.00197505197505371,-0.014267591946202918,0.6646096825012878,1.3548678461067702,0.25578649859923597,0.4302283659821492,-0.17444186738291323,-0.9280927361990199,-3.4498556951506067,155.66439545673873,-0.22559675391015685,0.0007219312960517505,True,0.003378319379866479,130,2664,True,True,Naive_recirc,12,11,True,23.830769230769228,11,19,0.589522716909418,26.15384615384615
E1_vs_no_interaction,E1,no_interaction,Il7r,1397,0.25433526011560686,0.2635135135135152,-0.009178253397908342,-0.06687339584147439,0.8845737948991118,1.3548678461067702,0.3183732800624047,0.4302283659821492,-0.11185508591974452,-0.5633168640296743,-2.1985216736223046,207.0223769090865,-0.1444244158197613,0.029019914030538246,True,0.0830068688172114,173,2664,False,False,Naive_recirc,12,12,False,23.312138728323696,12,19,1.4458750714464381,25.433526011560687
CATNB_vs_no_interaction,CATNB,no_interaction,Il7r,1373,0.25000000000000006,0.2635135135135152,-0.013513513513515152,-0.09898376573876445,0.7780844893796407,1.3548678461067702,0.2950667522420306,0.4302283659821492,-0.1351616137401186,-0.7284564430998104,-2.538044637160674,169.26041722956538,-0.17447177813247594,0.012049800710018314,True,0.04941289098746896,144,2664,True,True,Naive_recirc,12,13,True,23.000000000000004,13,19,1.058191350692257,25.000000000000007
LCMV_vs_no_interaction,LCMV,no_interaction,Il7r,1347,0.1889763779527558,0.2635135135135152,-0.07453713556075942,-0.5963225341920504,0.48936733409313793,1.3548678461067702,0.20083603764756658,0.4302283659821492,-0.22939232833458262,-1.303649105043337,-4.884543778634188,156.91679888622664,-0.29716209378033626,2.5343697062369755e-06,True,7.856546089334625e-05,127,2664,True,True,Naive_recirc,12,14,True,18.606299212598415,14,19,-0.29213806511702906,18.89763779527558
TB_vs_no_interaction,TB,no_interaction,Il7r,1380,0.21472392638036805,0.2635135135135152,-0.048789587133147155,-0.3747980010386022,0.936858977694746,1.3548678461067702,0.27693285369272047,0.4302283659821492,-0.15329551228942873,-0.48866842314510883,-2.874810068603891,191.65142316584448,-0.19764987656945077,0.004499682971015247,True,0.026303358500924957,163,2664,True,False,Naive_recirc,12,15,False,20.4601226993865,15,19,1.621120675641274,21.472392638036805
MCMV_vs_no_interaction,MCMV,no_interaction,Il7r,1335,0.22077922077922082,0.2635135135135152,-0.04273429273429438,-0.32541158095265243,0.7375646107874697,1.3548678461067702,0.27583418679977506,0.4302283659821492,-0.15439417918237414,-0.7966157197436726,-2.1916145927346924,83.55385415540842,-0.19844018778332573,0.03119031949987169,True,0.13075667122143006,77,2664,False,False,Naive_recirc,12,16,False,20.8961038961039,16,19,0.8981797888244416,22.077922077922082
multi_peptide_vs_no_interaction,multi_peptide,no_interaction,Tcf7,33411,0.846340575312674,0.5818318318318146,0.2645087434808594,1.9204782489432086,1.8849673415139183,2.936483851247442,0.8906582116359401,0.9403142912147063,-0.04965607957876628,-0.6132864255746693,-2.6377092744447963,3359.179774881163,-0.07387816103258445,0.008385294173441384,True,0.010988446074829487,8239,2664,True,True,Naive_recirc,13,0,True,65.93652142251253,0,18,-0.6754908594042925,84.6340575312674
N4_vs_no_interaction,N4,no_interaction,Tcf7,4894,0.7746781115879864,0.5818318318318146,0.19284627975617175,1.2704556876749895,1.7684904031264523,2.936483851247442,0.8269660341501291,0.9403142912147063,-0.11334825706457718,-0.700528542789598,-3.4092003169494487,884.4072679799905,-0.1292907200807702,0.0006809927685256054,True,0.0014717630598463222,466,2664,True,True,Naive_recirc,13,1,True,60.77682403433502,1,18,-1.2433021013447045,77.46781115879864
A2_vs_no_interaction,A2,no_interaction,Tcf7,4647,0.8109589041095864,0.5818318318318146,0.22912707227777174,1.5772339202454957,2.049878262453685,2.936483851247442,0.9159967345761123,0.9403142912147063,-0.02431755663859403,-0.49814672755056577,-0.653508893450238,602.5312190849289,-0.027453479160338908,0.5136775625055964,True,0.5985403791162277,365,2664,False,False,Naive_recirc,13,2,False,63.38904109589022,2,18,0.07389048321771949,81.09589041095863
Y3_vs_no_interaction,Y3,no_interaction,Tcf7,4674,0.7338501291989654,0.5818318318318146,0.15201829736715078,0.9625507735289759,2.008088006224073,2.936483851247442,0.8609988387127328,0.9403142912147063,-0.07931545250197358,-0.5264666002726128,-2.049703924772196,612.5024017848613,-0.08922249281947872,0.04081863573733698,True,0.07231648063701435,387,2664,False,False,Naive_recirc,13,3,False,57.83720930232551,3,18,-0.11042808463964449,73.38501291989654
Q4_vs_no_interaction,Q4,no_interaction,Tcf7,5063,0.7823408624229917,0.5818318318318146,0.20050903059117708,1.3322360896828722,2.0909196928662337,2.936483851247442,0.9055523588513131,0.9403142912147063,-0.0347619323633932,-0.4708650926214358,-1.004480794455074,873.991507498323,-0.03947630483916461,0.31542493886855655,True,0.3945951750512537,487,2664,False,False,Naive_recirc,13,4,False,61.3285420944554,4,18,0.2514517289301684,78.23408624229917
Q4R7_vs_no_interaction,Q4R7,no_interaction,Tcf7,4182,0.7444933920704855,0.5818318318318146,0.16266156023867084,1.0397507475698236,1.9493276703800064,2.936483851247442,0.841585475696805,0.9403142912147063,-0.09872881551790136,-0.5672510189273171,-2.0519020346247365,302.076868806847,-0.10980776034150402,0.04104094611692309,True,0.0801902081471663,227,2664,False,False,Naive_recirc,13,5,False,58.60352422907496,5,18,-0.3758715670701995,74.44933920704855
T4_vs_no_interaction,T4,no_interaction,Tcf7,4689,0.7398568019093118,0.5818318318318146,0.15802497007749716,1.0058810067717594,1.8225417837013516,2.936483851247442,0.8109437589326889,0.9403142912147063,-0.12937053228201745,-0.6593867431634561,-3.592332311367757,717.2509575429783,-0.1464326202353679,0.00035011408404588327,True,0.0009102774446921308,419,2664,True,True,Naive_recirc,13,6,True,58.26968973747045,6,18,-0.9755326215665852,73.98568019093118
Q7_vs_no_interaction,Q7,no_interaction,Tcf7,4347,0.7319587628865959,0.5818318318318146,0.15012693105478125,0.9490303860869035,1.9894162388352878,2.936483851247442,0.8434183522655844,0.9403142912147063,-0.09689593894912196,-0.5393017719943046,-2.2026807247520805,411.9057762680095,-0.10816907646540887,0.028170468860890866,True,0.057105940678030126,291,2664,False,False,Naive_recirc,13,7,False,57.70103092783491,7,18,-0.19396519983662844,73.19587628865959
Q4H7_vs_no_interaction,Q4H7,no_interaction,Tcf7,4653,0.7548543689320386,0.5818318318318146,0.17302253710022397,1.1168543905996426,2.063717448772609,2.936483851247442,0.8775674637871899,0.9403142912147063,-0.06274682742751647,-0.4888895809324177,-1.6603781294794726,667.9688178036067,-0.0706992189237729,0.09730771724264908,True,0.15379684881407443,412,2664,False,False,Naive_recirc,13,8,False,59.34951456310678,8,18,0.13414018927569785,75.48543689320385
V4_vs_no_interaction,V4,no_interaction,Tcf7,4360,0.737654320987657,0.5818318318318146,0.1558224891558424,0.9899226637022994,1.9168448967020817,2.936483851247442,0.8556314209994724,0.9403142912147063,-0.08468287021523391,-0.5903015573096166,-2.1085275462409245,495.0647557376267,-0.09507949488348816,0.035487170804650914,True,0.06886156874961402,324,2664,False,False,Naive_recirc,13,9,False,58.111111111111306,9,18,-0.5258949186814896,73.7654320987657
D4_vs_no_interaction,D4,no_interaction,Tcf7,4112,0.7161016949152528,0.5818318318318146,0.13426986308343813,0.8378448308363416,2.2221895639729192,2.936483851247442,0.8839623943339849,0.9403142912147063,-0.0563518968807214,-0.3869159501411921,-1.1080247078559524,304.1097483045046,-0.06246129074932636,0.268726705289529,True,0.41760779299119766,236,2664,False,False,Naive_recirc,13,10,False,56.5593220338982,10,18,0.7978307987331995,71.61016949152528
G4_vs_no_interaction,G4,no_interaction,Tcf7,3853,0.7076923076923061,0.5818318318318146,0.12586047586049143,0.7803380179010723,1.709912367109596,2.936483851247442,0.7597018884603394,0.9403142912147063,-0.18061240275436696,-0.7464818504587556,-3.038548591386567,155.39216243605904,-0.19956846748647902,0.0027895923738318934,True,0.010859946454075182,130,2664,True,True,Naive_recirc,13,11,True,55.95384615384604,11,18,-1.5423870563167659,70.7692307692306
E1_vs_no_interaction,E1,no_interaction,Tcf7,3964,0.6994219653179207,0.5818318318318146,0.11759013348610603,0.7246784492100264,2.1896487464141345,2.936483851247442,0.8535745348130834,0.9403142912147063,-0.0867397564016229,-0.4072754042578945,-1.4441826165065799,206.33207319422976,-0.09566270611795058,0.1502043595285148,True,0.2883705631193557,173,2664,False,False,Naive_recirc,13,12,False,55.35838150289029,12,18,0.6653222432753613,69.94219653179206
CATNB_vs_no_interaction,CATNB,no_interaction,Tcf7,3944,0.6736111111111097,0.5818318318318146,0.09177927927929508,0.5560360420717531,2.446157829201967,2.936483851247442,0.8968303814162871,0.9403142912147063,-0.04348390979841921,-0.2540798459673211,-0.6253748118062054,163.5653772044705,-0.04776142463996802,0.5325966421499421,True,0.7138241680069861,144,2664,False,False,Naive_recirc,13,13,False,53.4999999999999,13,18,1.6623883735989429,67.36111111111097
LCMV_vs_no_interaction,LCMV,no_interaction,Tcf7,3850,0.6771653543307077,0.5818318318318146,0.09533352249889304,0.5788419340985944,2.5212747102961695,2.936483851247442,0.9178447612112409,0.9403142912147063,-0.02246953000346541,-0.21213314018998186,-0.3088930073523305,142.41409733022613,-0.024676382382344684,0.7578543364336588,True,0.8830643042417748,127,2664,False,False,Naive_recirc,13,14,False,53.75590551181095,14,18,1.9353965474384514,67.71653543307077
TB_vs_no_interaction,TB,no_interaction,Tcf7,3934,0.6871165644171776,0.5818318318318146,0.10528473258536297,0.6433767273175117,2.3194395551929885,2.936483851247442,0.8949532394260976,0.9403142912147063,-0.04536105178860872,-0.32772879976326685,-0.7245237312858173,191.432805479215,-0.04996887274165282,0.46962884261345555,True,0.675642072273615,163,2664,False,False,Naive_recirc,13,15,False,54.47239263803679,15,18,1.1830476003865744,68.71165644171776
MCMV_vs_no_interaction,MCMV,no_interaction,Tcf7,3730,0.5194805194805195,0.5818318318318146,-0.062351312351295096,-0.3567425776436939,1.8052038183054904,2.936483851247442,0.7025492699313778,0.9403142912147063,-0.23776502128332855,-0.6724563514205235,-2.6082980886791556,82.0979841344176,-0.2606238382430511,0.010808207426742279,True,0.06153087633869439,77,2664,False,False,Naive_recirc,13,16,False,42.40259740259741,16,18,-1.0605955559958085,51.948051948051955
multi_peptide_vs_no_interaction,multi_peptide,no_interaction,Lef1,21610,0.7499696565118075,0.6261261261261063,0.12384353038570117,0.8185813674326622,1.2340253089187043,4.779538829707169,0.6273156771843588,1.1643123259820751,-0.5369966487977164,-1.8709587662554437,-24.66460922958377,3093.396195619807,-0.7581498341560559,8.946347859788008e-123,True,7.842588155426076e-122,8239,2664,True,True,Naive_recirc,14,0,True,58.99781526885014,0,17,-1.874561168131692,74.99696565118074
N4_vs_no_interaction,N4,no_interaction,Lef1,5663,0.7167381974248951,0.6261261261261063,0.09061207129878879,0.5805660993140539,1.6746270655047297,4.779538829707169,0.6958194481700661,1.1643123259820751,-0.468492877812009,-1.4592289267651903,-12.561483113487814,957.8512889037656,-0.45452736326678,1.3045775079537952e-33,True,1.776621191606517e-32,466,2664,True,True,Naive_recirc,14,1,True,56.60515021459245,1,17,-0.7244221004378599,71.67381974248951
A2_vs_no_interaction,A2,no_interaction,Lef1,5454,0.6821917808219157,0.6261261261261063,0.056065654695809375,0.34963931783058666,1.664334296762561,4.779538829707169,0.6701871543403817,1.1643123259820751,-0.49412517164169345,-1.4676208625740585,-12.046690675750437,655.5922203619956,-0.47453267906751057,2.4786587896943307e-30,True,4.2172927839790206e-29,365,2664,True,True,Naive_recirc,14,2,True,54.11780821917793,2,17,-0.747864397550228,68.21917808219156
Y3_vs_no_interaction,Y3,no_interaction,Lef1,5488,0.700258397932816,0.6261261261261063,0.07413227180670967,0.4685983518324754,1.6246971987295675,4.779538829707169,0.7043558639907934,1.1643123259820751,-0.4599564619912817,-1.5004017102739724,-11.611482895135529,728.6385749390469,-0.44307735132106174,1.0195153882503448e-28,True,3.0879552624890247e-27,387,2664,True,True,Naive_recirc,14,3,True,55.41860465116275,3,17,-0.8394354472911709,70.02583979328159
Q4_vs_no_interaction,Q4,no_interaction,Lef1,5684,0.7022587268993787,0.6261261261261063,0.07613260077327244,0.4820029824534802,1.7148437420503526,4.779538829707169,0.697850771613122,1.1643123259820751,-0.4664615543689531,-1.4268994660194385,-12.433521182147276,990.0135479187692,-0.45251477897993064,4.397357556912647e-33,True,6.516524366965676e-32,487,2664,True,True,Naive_recirc,14,4,True,55.56262833675527,4,17,-0.6341119691945217,70.22587268993787
Q4R7_vs_no_interaction,Q4R7,no_interaction,Lef1,5188,0.691629955947137,0.6261261261261063,0.06550382982103076,0.41132528263641016,1.6657001246127974,4.779538829707169,0.7037619255233478,1.1643123259820751,-0.4605504004587273,-1.466504458069535,-9.269561487237493,333.1404606783202,-0.4361655335116483,2.399184515871762e-18,True,5.0167701334125684e-17,227,2664,True,True,Naive_recirc,14,5,True,54.79735682819387,5,17,-0.7447457981366136,69.1629955947137
T4_vs_no_interaction,T4,no_interaction,Lef1,5564,0.6873508353221985,0.6261261261261063,0.06122470919609224,0.38323789904027245,1.8740271407053852,4.779538829707169,0.7275581118611908,1.1643123259820751,-0.43675421412088433,-1.3056029782182064,-10.66724632801436,752.7624657208708,-0.4198800782881794,7.758431286907317e-25,True,1.1144675502145987e-23,419,2664,True,True,Naive_recirc,14,6,True,54.489260143198294,6,17,-0.295278549768413,68.73508353221986
Q7_vs_no_interaction,Q7,no_interaction,Lef1,5290,0.6804123711340188,0.6261261261261063,0.05428624500791246,0.3381157586827695,2.0211842938137408,4.779538829707169,0.719143940356525,1.1643123259820751,-0.44516838562555017,-1.2018748323424118,-9.166318080043743,435.4889168489582,-0.4224642843619088,1.9492275824200245e-18,True,3.271266649561376e-17,291,2664,True,True,Naive_recirc,14,7,True,53.98969072164935,7,17,-0.0055210885678861924,68.04123711340188
Q4H7_vs_no_interaction,Q4H7,no_interaction,Lef1,5645,0.716019417475728,0.6261261261261063,0.08989329134962165,0.5756068006235823,2.1683264768850146,4.779538829707169,0.8115051132809773,1.1643123259820751,-0.3528072127010978,-1.1051165034269024,-8.27795916257166,704.0357246122439,-0.33795368458445724,6.285386553379938e-16,True,5.492855918329802e-15,412,2664,True,True,Naive_recirc,14,8,True,56.55339805825241,8,17,0.26476666698627865,71.6019417475728
V4_vs_no_interaction,V4,no_interaction,Lef1,5371,0.6728395061728419,0.6261261261261063,0.04671338004673564,0.28943056270180106,1.8565210333889413,4.779538829707169,0.7178273020654573,1.1643123259820751,-0.4464850239166178,-1.3184541837466828,-9.906080581579848,521.0595016024124,-0.4257728827688382,2.604894960679553e-21,True,5.1373395519644094e-20,324,2664,True,True,Naive_recirc,14,9,True,53.44444444444462,9,17,-0.33117751099882337,67.28395061728419
D4_vs_no_interaction,D4,no_interaction,Lef1,5242,0.6610169491525411,0.6261261261261063,0.03489082302643476,0.21451177214898068,2.463959837326135,4.779538829707169,0.8078129206012323,1.1643123259820751,-0.3564994053808428,-0.9283711403169174,-6.187420977369017,311.5222790564383,-0.33526578772520743,1.922261330503499e-09,True,2.6600019290134026e-08,236,2664,True,True,Naive_recirc,14,10,True,52.59322033898296,10,17,0.7584927165682113,66.1016949152541
G4_vs_no_interaction,G4,no_interaction,Lef1,5041,0.6615384615384601,0.6261261261261063,0.03541233541235378,0.21779013833434227,1.897006380058949,4.779538829707169,0.7382561350798751,1.1643123259820751,-0.42605619090220004,-1.2889058616934213,-6.243686604532053,157.1981595943965,-0.39873743719089083,3.814301236944958e-09,True,5.376375888746774e-08,130,2664,True,True,Naive_recirc,14,11,True,52.630769230769125,11,17,-0.2486362999456473,66.153846153846
E1_vs_no_interaction,E1,no_interaction,Lef1,5107,0.6127167630057812,0.6261261261261063,-0.013409363120325146,-0.08027227088886567,2.2596295775231,4.779538829707169,0.7898205405162046,1.1643123259820751,-0.3744917854658705,-1.048184405311688,-5.67682007214931,212.62650820814494,-0.3506632342823198,4.4649482912572896e-08,True,6.935451938321382e-07,173,2664,True,True,Naive_recirc,14,12,True,49.11560693641624,12,17,0.4238025783235635,61.271676300578115
CATNB_vs_no_interaction,CATNB,no_interaction,Lef1,5051,0.7083333333333318,0.6261261261261063,0.08220720720722552,0.523017706757029,2.391350717452078,4.779538829707169,0.8415215402809002,1.1643123259820751,-0.3227907857011749,-0.9698166737676804,-4.71784724447204,174.05779725714578,-0.30206309270739007,4.87389359123079e-06,True,7.820101325038898e-05,144,2664,True,True,Naive_recirc,14,13,True,55.99999999999989,13,17,0.6427174614588167,70.83333333333319
LCMV_vs_no_interaction,LCMV,no_interaction,Lef1,5063,0.6771653543307077,0.6261261261261063,0.05103922820460138,0.3171712195418101,3.541056461204671,4.779538829707169,1.0024900728481736,1.1643123259820751,-0.16182225313390153,-0.422387691054161,-1.8506469168689539,141.80724203051994,-0.15031691359075702,0.06630105397828882,True,0.209029226521912,127,2664,False,False,Naive_recirc,14,14,False,53.75590551181095,14,17,2.171922778679005,67.71653543307077
TB_vs_no_interaction,TB,no_interaction,Lef1,5122,0.6748466257668709,0.6261261261261063,0.048720499640764636,0.3022790029000793,3.2594197336797324,4.779538829707169,0.9519665670095039,1.1643123259820751,-0.21234575897257124,-0.5385327431286315,-2.813944577525902,190.14016783919502,-0.19780105001699919,0.00540843482354339,True,0.03038815633791787,163,2664,True,True,Naive_recirc,14,15,True,53.588957055214706,15,17,1.8474795416389915,67.4846625766871
MCMV_vs_no_interaction,MCMV,no_interaction,Lef1,4918,0.5584415584415585,0.6261261261261063,-0.06768456768454778,-0.39658114833743396,2.2091046749957535,4.779538829707169,0.7309093267699373,1.1643123259820751,-0.4334029992121379,-1.079411229610958,-4.369024084623204,83.26463061377275,-0.4027381931132392,3.574314491904705e-05,True,0.0008352224680063036,77,2664,True,True,Naive_recirc,14,16,True,45.20779220779221,16,17,0.3365725863679972,55.84415584415585
multi_peptide_vs_no_interaction,multi_peptide,no_interaction,Ifit3,2888,0.06857628352955521,0.2897897897897899,-0.22121350626023473,-2.318211556174909,0.18501111550692037,1.948322774112673,0.06957649199415049,0.5388596752332336,-0.46928318323908313,-2.845352981755331,-26.29996983832931,2872.507488785978,-0.897201729878023,8.92536577511695e-137,True,8.87329352852722e-136,8239,2664,True,True,IFN_stress,15,0,True,9.937492414127975,0,16,-1.867002284096649,6.857628352955521
N4_vs_no_interaction,N4,no_interaction,Ifit3,1822,0.09442060085836916,0.2897897897897899,-0.19536918893142075,-1.8678118333374627,0.2187016720783268,1.948322774112673,0.09514973205213889,0.5388596752332336,-0.44370994318109475,-2.6841645793276983,-18.806106835133654,1824.0877504755633,-0.5256874203299754,2.9546658717489226e-72,True,5.967167756306548e-70,466,2664,True,True,IFN_stress,15,1,True,11.79828326180258,1,16,-1.6255686573914705,9.442060085836916
A2_vs_no_interaction,A2,no_interaction,Ifit3,1812,0.07671232876712332,0.2897897897897899,-0.21307746102266661,-2.16354599862079,0.32110501508064815,1.948322774112673,0.10953589695872497,0.5388596752332336,-0.4293237782745087,-2.2821911104604364,-15.19479704538714,910.6515414852936,-0.4991190311034805,1.2114546096113332e-46,True,7.526161762210407e-45,365,2664,True,True,IFN_stress,15,2,True,10.523287671232879,2,16,-1.023478736738179,7.671232876712332
Y3_vs_no_interaction,Y3,no_interaction,Ifit3,1829,0.10594315245478031,0.2897897897897899,-0.1838466373350096,-1.6985290718525887,0.42387488620298674,1.948322774112673,0.15125712070487893,0.5388596752332336,-0.3876025545283547,-1.9671488646369348,-12.868171617098595,848.2772597299505,-0.4498059706460288,9.589219066245013e-35,True,5.4589229021696e-33,387,2664,True,True,IFN_stress,15,3,True,12.627906976744182,3,16,-0.5515974423711035,10.59431524547803
Q4_vs_no_interaction,Q4,no_interaction,Ifit3,1866,0.10882956878850111,0.2897897897897899,-0.1809602210012888,-1.6584393021262545,0.5188195097274169,1.948322774112673,0.1536755455028155,0.5388596752332336,-0.38518412973041816,-1.7268524857803127,-13.125463239907853,1109.5718571247767,-0.45015906796407584,1.0906564446467394e-36,True,1.9249882005235053e-35,487,2664,True,True,IFN_stress,15,4,True,12.83572895277208,4,16,-0.19167312177662021,10.882956878850111
Q4R7_vs_no_interaction,Q4R7,no_interaction,Ifit3,1827,0.15859030837004418,0.2897897897897899,-0.13119948141974574,-1.0718651055982642,0.7479383386640659,1.948322774112673,0.22702097848424627,0.5388596752332336,-0.31183869674898734,-1.2724118105295477,-7.150908482746043,320.18210062051946,-0.3528772945180339,5.884797248373511e-12,True,6.104740727289361e-11,227,2664,True,True,IFN_stress,15,5,True,16.418502202643182,5,16,0.489004015633444,15.859030837004418
T4_vs_no_interaction,T4,no_interaction,Ifit3,1829,0.07875894988066824,0.2897897897897899,-0.2110308399091217,-2.1267233478117986,0.3820439011588018,1.948322774112673,0.11695753237991154,0.5388596752332336,-0.4219021428533221,-2.0872066246800647,-15.002779275525885,1048.4870677025635,-0.4927081905217145,3.079179093836073e-46,True,3.285034325390282e-44,419,2664,True,True,IFN_stress,15,6,True,10.670644391408114,6,16,-0.7314241543724616,7.8758949880668245
Q7_vs_no_interaction,Q7,no_interaction,Ifit3,1834,0.12371134020618561,0.2897897897897899,-0.1660784495836043,-1.4641880233349502,0.5839553662344671,1.948322774112673,0.1879784365722492,0.5388596752332336,-0.3508812386609844,-1.5824689872531517,-9.484502809181262,477.17664772796917,-0.40073977889899914,1.1537925460654264e-19,True,2.2243880676315067e-18,291,2664,True,True,IFN_stress,15,7,True,13.907216494845365,7,16,0.024589532116513522,12.37113402061856
Q4H7_vs_no_interaction,Q4H7,no_interaction,Ifit3,1876,0.15048543689320384,0.2897897897897899,-0.13930435289658608,-1.156612893481938,0.5784525325220491,1.948322774112673,0.19872244838383293,0.5388596752332336,-0.34013722684940073,-1.5941232856273917,-10.654202828599447,817.1496774731982,-0.3936574375587193,6.58121733998234e-25,True,1.0661345542842303e-23,412,2664,True,True,IFN_stress,15,8,True,15.834951456310677,8,16,0.007133316403597721,15.048543689320384
V4_vs_no_interaction,V4,no_interaction,Ifit3,1858,0.13888888888888895,0.2897897897897899,-0.15090090090090097,-1.2841538502785232,0.7110993336757392,1.948322774112673,0.2111958748324096,0.5388596752332336,-0.32766380040082405,-1.3364925584360066,-8.750829172048432,524.025624899334,-0.3742464471139104,2.9078409124281385e-17,True,3.943202078181749e-16,324,2664,True,True,IFN_stress,15,9,True,15.000000000000004,9,16,0.39302163020107617,13.888888888888895
D4_vs_no_interaction,D4,no_interaction,Ifit3,1812,0.1440677966101695,0.2897897897897899,-0.14572199317962042,-1.2262219328266792,0.5894913969357767,1.948322774112673,0.2081940847739284,0.5388596752332336,-0.3306655904593052,-1.570838616848613,-8.168772338184608,353.9239058294589,-0.37542705614747296,5.573669445168966e-15,True,1.680010661476177e-13,236,2664,True,True,IFN_stress,15,10,True,15.372881355932204,10,16,0.04200990767953209,14.40677966101695
G4_vs_no_interaction,G4,no_interaction,Ifit3,1783,0.14615384615384616,0.2897897897897899,-0.14363594363594376,-1.2033394918365128,0.4411756003503006,1.948322774112673,0.17761820887910837,0.5388596752332336,-0.36124146635412524,-1.920274372726722,-7.930578868995102,177.33237866161477,-0.40658992576036335,2.356382033071986e-13,True,6.632752689465769e-12,130,2664,True,True,IFN_stress,15,11,True,15.523076923076923,11,16,-0.4813871889570828,14.615384615384617
E1_vs_no_interaction,E1,no_interaction,Ifit3,1826,0.19653179190751438,0.2897897897897899,-0.09325799788227554,-0.7132552842529559,1.0394357907407916,1.948322774112673,0.3205927853313738,0.5388596752332336,-0.21826688990185983,-0.846123444291193,-3.809931005670101,209.11398796226015,-0.24430935568605658,0.00018275098944428098,True,0.0011858015114017864,173,2664,True,True,IFN_stress,15,12,True,19.150289017341038,12,16,1.1275136399803851,19.653179190751437
CATNB_vs_no_interaction,CATNB,no_interaction,Ifit3,1796,0.14583333333333337,0.2897897897897899,-0.14395645645645655,-1.2068389155466763,0.6550618478663255,1.948322774112673,0.21822268501639192,0.5388596752332336,-0.3206369902168417,-1.4397763457458181,-6.262245026575147,183.19553272754067,-0.360321984671447,2.6304367840870614e-09,True,1.176440175503765e-07,144,2664,True,True,IFN_stress,15,13,True,15.500000000000004,13,16,0.2383195612277859,14.583333333333337
LCMV_vs_no_interaction,LCMV,no_interaction,Ifit3,1809,0.1889763779527558,0.2897897897897899,-0.10081341183703413,-0.7803597603768672,1.2264741488091446,1.948322774112673,0.3362252262676352,0.5388596752332336,-0.20263444896559846,-0.6268465130593803,-2.8958193341116827,143.3581686228841,-0.22571804651352675,0.00437450472591399,True,0.029301499842477544,127,2664,True,True,IFN_stress,15,14,True,18.606299212598415,14,16,1.455954296769244,18.89763779527558
TB_vs_no_interaction,TB,no_interaction,Ifit3,1843,0.24539877300613488,0.2897897897897899,-0.044391016783655035,-0.3174891179386832,1.3818884673503389,1.948322774112673,0.41128476186929636,0.5388596752332336,-0.12757491336393728,-0.46700620379206054,-1.9763763769251486,188.67312176741504,-0.14212445494536663,0.04956939620000754,True,0.15862560346029517,163,2664,False,False,IFN_stress,15,15,False,22.66871165644171,15,16,1.6953687023894755,24.53987730061349
MCMV_vs_no_interaction,MCMV,no_interaction,Ifit3,1778,0.18181818181818185,0.2897897897897899,-0.10797160797160807,-0.845741251715953,0.9737550333748407,1.948322774112673,0.2902778670839405,0.5388596752332336,-0.24858180814929315,-0.9317781785091669,-3.0602286464529986,83.57886258003136,-0.2766699185158402,0.0029729059069651806,True,0.02308197125051607,77,2664,True,True,IFN_stress,15,16,True,18.090909090909093,16,16,0.9992169833025074,18.181818181818183
multi_peptide_vs_no_interaction,multi_peptide,no_interaction,Gbp2,28242,0.39118825100132626,0.583333333333316,-0.1921450823319898,-1.1009546630555007,1.8049590652086034,12.785852379963536,0.4654161671958959,1.592703267596487,-1.127287100400591,-2.7579560707320887,-36.02166109180317,3145.3590070591895,-1.0848513408368732,3.3185091211999506e-238,True,7.958686196102499e-237,8239,2664,True,True,IFN_stress,16,0,True,33.16555407209549,0,15,-2.114362983658321,39.118825100132625
N4_vs_no_interaction,N4,no_interaction,Gbp2,13652,0.40128755364806723,0.583333333333316,-0.18204577968524882,-1.0413468821155014,2.6265524448864817,12.785852379963536,0.5627516755915358,1.592703267596487,-1.0299515920049511,-2.2406381615938145,-19.359534639912546,963.1245668603418,-0.6983845176060643,8.787346151589323e-71,True,1.57376395605445e-68,466,2664,True,True,IFN_stress,16,1,True,33.89270386266084,1,15,-1.326173470451729,40.12875536480672
A2_vs_no_interaction,A2,no_interaction,Gbp2,13419,0.35342465753424573,0.583333333333316,-0.22990867579907032,-1.3290376953565697,2.8574328000277958,12.785852379963536,0.537471165794629,1.592703267596487,-1.055232101801858,-2.1233706799287755,-17.834431670822756,648.8845334779535,-0.7076733469258125,3.390713768829595e-58,True,7.115224470901748e-56,365,2664,True,True,IFN_stress,16,2,True,30.446575342465692,2,15,-1.1475038407022116,35.34246575342458
Y3_vs_no_interaction,Y3,no_interaction,Gbp2,13557,0.3875968992248071,0.583333333333316,-0.19573643410850894,-1.1222761730624036,3.502010671578258,12.785852379963536,0.6531489882865522,1.592703267596487,-0.9395542793099347,-1.8389136118883505,-15.176839705907339,650.4136412882448,-0.6280799295642797,9.264832922282993e-45,True,1.903318937295093e-42,387,2664,True,True,IFN_stress,16,3,True,32.90697674418611,3,15,-0.7141028815890238,38.75968992248071
Q4_vs_no_interaction,Q4,no_interaction,Gbp2,13704,0.40862422997946446,0.583333333333316,-0.1747091033538516,-0.9983443553168903,3.5044156175367838,12.785852379963536,0.6295079389050801,1.592703267596487,-0.9631953286914069,-1.8379506925167846,-17.193895348239987,928.0541313422664,-0.6500049735802772,9.93649614433199e-58,True,6.414484668515685e-56,487,2664,True,True,IFN_stress,16,4,True,34.42094455852144,4,15,-0.7126357702879749,40.862422997946446
Q4R7_vs_no_interaction,Q4R7,no_interaction,Gbp2,13400,0.46255506607929436,0.583333333333316,-0.12077826725402169,-0.6879648319361904,5.223190865660805,12.785852379963536,0.8353797514180451,1.592703267596487,-0.7573235161784418,-1.275424771631592,-8.87420951951203,293.73142375306986,-0.4968422545436416,7.073163523908263e-17,True,1.2448017177823352e-15,227,2664,True,True,IFN_stress,16,5,True,38.303964757709196,5,15,0.1444330145278222,46.25550660792943
T4_vs_no_interaction,T4,no_interaction,Gbp2,13683,0.42720763723150273,0.583333333333316,-0.15612569610181332,-0.8903968001047609,3.6276917640782185,12.785852379963536,0.667574853067048,1.592703267596487,-0.925128414529439,-1.7894334962264438,-15.48227042439813,734.1318796345045,-0.6203262709126622,5.355298698180998e-47,True,6.201044041369339e-45,419,2664,True,True,IFN_stress,16,6,True,35.7589498806682,6,15,-0.6387145998612017,42.72076372315027
Q7_vs_no_interaction,Q7,no_interaction,Gbp2,13446,0.43298969072164845,0.583333333333316,-0.1503436426116676,-0.8570574015880174,4.430086683395536,12.785852379963536,0.7539527312821694,1.592703267596487,-0.8387505363143175,-1.5081774108071653,-11.333689491652565,413.5291878333607,-0.5539042029630674,4.095975986371538e-26,True,1.737252360401492e-24,291,2664,True,True,IFN_stress,16,7,True,36.17525773195869,7,15,-0.21019068229128257,43.298969072164844
Q4H7_vs_no_interaction,Q4H7,no_interaction,Gbp2,13971,0.4805825242718445,0.583333333333316,-0.10275080906147155,-0.5856434064676188,4.865352293630218,12.785852379963536,0.8662027345546764,1.592703267596487,-0.7265005330418105,-1.3758199862260228,-11.104699275224748,651.8751973130919,-0.4829134766927132,2.321541562081382e-26,True,4.267646324669915e-25,412,2664,True,True,IFN_stress,16,8,True,39.6019417475728,8,15,-0.008529900387046542,48.05825242718445
V4_vs_no_interaction,V4,no_interaction,Gbp2,13719,0.4938271604938288,0.583333333333316,-0.08950617283948725,-0.5106587637523249,5.414077933001953,12.785852379963536,0.9299524543579079,1.592703267596487,-0.6627508132385791,-1.224596409606527,-8.918370048702212,458.91466630231764,-0.43697880908554637,1.1299430037785184e-17,True,1.599563614100591e-16,324,2664,True,True,IFN_stress,16,9,True,40.55555555555567,9,15,0.2218754947009109,49.38271604938288
D4_vs_no_interaction,D4,no_interaction,Gbp2,13653,0.5423728813559312,0.583333333333316,-0.04096045197738485,-0.2354495355810119,7.422364797344786,12.785852379963536,1.108107131070671,1.592703267596487,-0.484596136525816,-0.776529795750569,-5.2092811842986935,292.37349308449177,-0.31600897493921964,3.584289484281742e-07,True,3.4063804224708796e-06,236,2664,True,True,IFN_stress,16,10,True,44.05084745762704,10,15,0.9045532060670888,54.23728813559312
G4_vs_no_interaction,G4,no_interaction,Gbp2,13149,0.5615384615384604,0.583333333333316,-0.02179487179485562,-0.1258671036282039,5.555595159721618,12.785852379963536,1.002036074790089,1.592703267596487,-0.590667192806398,-1.1880372148988732,-5.391185007596568,150.7116256406477,-0.3850188178716783,2.648116220980457e-07,True,2.6701838561552943e-06,130,2664,True,True,IFN_stress,16,11,True,45.43076923076915,11,15,0.27757736268350286,56.15384615384605
E1_vs_no_interaction,E1,no_interaction,Gbp2,13361,0.6184971098265905,0.583333333333316,0.0351637764932744,0.20714972149848235,6.582849919469431,12.785852379963536,1.1996619067758891,1.592703267596487,-0.3930413608205978,-0.9472525922374248,-3.9297614629168067,207.56015173034575,-0.2565169831699012,0.00011579898854241431,True,0.0007971745268431517,173,2664,True,True,IFN_stress,16,12,True,49.53179190751451,12,15,0.6444386508211855,61.84971098265905
CATNB_vs_no_interaction,CATNB,no_interaction,Gbp2,13439,0.5902777777777767,0.583333333333316,0.006944444444460629,0.04046198072837444,8.377306606839497,12.785852379963536,1.2494935671424099,1.592703267596487,-0.34320970045407706,-0.6041101000098629,-2.874974302574933,162.8894667256291,-0.22277817896184543,0.004580617540954528,True,0.02320726933835165,144,2664,True,True,IFN_stress,16,13,True,47.49999999999992,13,15,1.1672531699625417,59.027777777777665
LCMV_vs_no_interaction,LCMV,no_interaction,Gbp2,13222,0.6377952755905503,0.583333333333316,0.05446194225723422,0.32370814784535773,8.288829755091118,12.785852379963536,1.3538428700053196,1.592703267596487,-0.2388603975911674,-0.6192464991717602,-1.9381298165542975,142.3459566624964,-0.15511431805713047,0.05458666936129334,True,0.18367871136382846,127,2664,False,False,IFN_stress,16,14,False,50.92125984251962,14,15,1.1441912367172968,63.779527559055026
TB_vs_no_interaction,TB,no_interaction,Gbp2,13510,0.6257668711656442,0.583333333333316,0.04243353783232817,0.25078249636099204,9.484699726935629,12.785852379963536,1.4001272192208638,1.592703267596487,-0.19257604837562314,-0.42698283206133303,-1.690590998593679,186.9848553800798,-0.12501230313054548,0.09258119387620542,True,0.24326988290950724,163,2664,False,False,IFN_stress,16,15,False,50.05521472392638,15,15,1.4371256267899524,62.57668711656442
MCMV_vs_no_interaction,MCMV,no_interaction,Gbp2,13001,0.5584415584415585,0.583333333333316,-0.024891774891757534,-0.14363411405487775,7.512608777208656,12.785852379963536,1.0883332051718748,1.592703267596487,-0.5043700624246121,-0.7593251294145822,-3.2302931220699236,81.93480167475975,-0.32684793446013793,0.001780880501547455,True,0.016055969876156186,77,2664,True,True,IFN_stress,16,16,True,45.20779220779221,16,15,0.930766366958487,55.84415584415585
multi_peptide_vs_no_interaction,multi_peptide,no_interaction,Gbp4,10004,0.2626532346158464,0.4977477477477355,-0.23509451313188912,-1.4419680437676359,0.6540953819624649,4.742151528308345,0.24801296779655832,1.046274712964471,-0.7982617451679126,-2.682829307323103,-34.00784771823572,3039.2938061872824,-1.0693619974494013,4.1793794261453484e-215,True,7.975306948163019e-214,8239,2664,True,True,IFN_stress,17,0,True,23.91103289234094,0,14,-2.1233140494845046,26.26532346158464
N4_vs_no_interaction,N4,no_interaction,Gbp4,4847,0.2618025751072955,0.4977477477477355,-0.23594517264044002,-1.4481173886092984,0.9600403568339059,4.742151528308345,0.3179155532470271,1.046274712964471,-0.7283591597174439,-2.1915290364235416,-19.13545579705768,1063.5467148053453,-0.6558198410398594,2.2614628590960653e-70,True,3.765930782199974e-68,466,2664,True,True,IFN_stress,17,1,True,23.849785407725275,1,14,-1.3134678279615088,26.18025751072955
A2_vs_no_interaction,A2,no_interaction,Gbp4,4822,0.301369863013698,0.4977477477477355,-0.1963778847340375,-1.173661020017951,1.2048666664945136,4.742151528308345,0.3678715978887527,1.046274712964471,-0.6784031150757183,-1.8917458298694456,-15.563338324461833,672.6151194507174,-0.6023265434674675,7.118787335721937e-47,True,4.5420749196771794e-45,365,2664,True,True,IFN_stress,17,2,True,26.698630136986257,2,14,-0.8193132111538283,30.1369863013698
Y3_vs_no_interaction,Y3,no_interaction,Gbp4,4832,0.3074935400516798,0.4977477477477355,-0.19025420769605572,-1.1330417663430343,1.3125159575503857,4.742151528308345,0.38658949186312186,1.046274712964471,-0.6596852211013491,-1.777381061040458,-14.904930526068041,697.9003324474278,-0.5854232946112388,8.035770254516703e-44,True,1.488980958925154e-41,387,2664,True,True,IFN_stress,17,3,True,27.139534883720945,3,14,-0.63079738611281,30.749354005167977
Q4_vs_no_interaction,Q4,no_interaction,Gbp4,4876,0.268993839835729,0.4977477477477355,-0.2287539079120065,-1.3965097808858817,1.2959047643926531,4.742151528308345,0.3718274122147933,1.046274712964471,-0.6744473007496776,-1.794447710120567,-16.373288289589436,968.8183712789438,-0.6032949381940931,2.2212059123348037e-53,True,1.006483929026708e-51,487,2664,True,True,IFN_stress,17,4,True,24.367556468172488,4,14,-0.6589295938282231,26.8993839835729
Q4R7_vs_no_interaction,Q4R7,no_interaction,Gbp4,4740,0.3480176211453742,0.4977477477477355,-0.1497301266023613,-0.8740197306879283,1.615761352580071,4.742151528308345,0.478502547058535,1.046274712964471,-0.5677721659059359,-1.4967993266405866,-9.658308100201639,311.34806286373134,-0.49461485355227625,1.78387613579662e-19,True,4.2224438686394106e-18,227,2664,True,True,IFN_stress,17,5,True,30.057268722466944,5,14,-0.16829396225746723,34.80176211453742
T4_vs_no_interaction,T4,no_interaction,Gbp4,4847,0.28162291169451026,0.4977477477477355,-0.21612483605322524,-1.3078389833752149,1.2515649463567968,4.742151528308345,0.3738324006622854,1.046274712964471,-0.6724423123021855,-1.8410173882084884,-15.740995649261492,792.4469532404676,-0.5988074644214496,8.817758288031057e-49,True,1.2312443374243366e-46,419,2664,True,True,IFN_stress,17,6,True,25.276849642004738,6,14,-0.7356938051892129,28.162291169451027
Q7_vs_no_interaction,Q7,no_interaction,Gbp4,4790,0.3230240549828172,0.4977477477477355,-0.17472369276491828,-1.0318907057386728,1.6288882583309723,4.742151528308345,0.46519245590009073,1.046274712964471,-0.5810822570643802,-1.48580359956012,-10.891730329471356,430.1152400348465,-0.5087311634152846,1.458401507226991e-24,True,5.154675933308732e-23,291,2664,True,True,IFN_stress,17,7,True,28.25773195876284,7,14,-0.15016889993517432,32.30240549828172
Q4H7_vs_no_interaction,Q4H7,no_interaction,Gbp4,4900,0.3349514563106795,0.4977477477477355,-0.16279629143705598,-0.9558554134929065,1.5803000803620697,4.742151528308345,0.4638942412311603,1.046274712964471,-0.5823804717333106,-1.5269293240340462,-12.743000001418956,712.5423913794307,-0.5155657840740702,1.1831288420093071e-33,True,3.580581563019806e-32,412,2664,True,True,IFN_stress,17,8,True,29.116504854368927,8,14,-0.21795944381503665,33.49514563106795
V4_vs_no_interaction,V4,no_interaction,Gbp4,4863,0.3734567901234579,0.4977477477477355,-0.12429095762427761,-0.7184519466063826,2.0882323617644163,4.742151528308345,0.5422631896812791,1.046274712964471,-0.5040115232831919,-1.1458822854715545,-9.341484293869401,474.24628829668353,-0.44063766925562176,3.71017232461622e-19,True,5.931805632247861e-18,324,2664,True,True,IFN_stress,17,9,True,31.888888888888967,9,14,0.4101482994136405,37.34567901234579
D4_vs_no_interaction,D4,no_interaction,Gbp4,4833,0.4194915254237281,0.4977477477477355,-0.07825622232400742,-0.4465856120900988,2.5021421583361994,4.742151528308345,0.674028590613814,1.046274712964471,-0.3722461223506569,-0.8959484466774924,-5.580209244328144,300.1354552448186,-0.32195088239411584,5.370514096470764e-08,True,5.98887731905586e-07,236,2664,True,True,IFN_stress,17,10,True,35.20338983050842,10,14,0.8221325521548482,41.94915254237281
G4_vs_no_interaction,G4,no_interaction,Gbp4,4668,0.36153846153846114,0.4977477477477355,-0.13620928620927436,-0.7907669547383511,1.7476646585018931,4.742151528308345,0.5382944490414054,1.046274712964471,-0.5079802639230655,-1.3899452882637684,-6.532597015853761,154.09194041639822,-0.4383922311572233,8.904208936354384e-10,True,1.4037312125213839e-08,130,2664,True,True,IFN_stress,17,11,True,31.030769230769202,11,14,0.00784137566020749,36.15384615384612
E1_vs_no_interaction,E1,no_interaction,Gbp4,4782,0.44508670520231197,0.4977477477477355,-0.05266104254542353,-0.299145526054714,3.0717927652100188,4.742151528308345,0.7442705356109821,1.046274712964471,-0.30200417735348883,-0.6103497141079102,-3.7167939766952456,202.26396384005588,-0.259590576689991,0.0002611351820603349,True,0.0016153656393982448,173,2664,True,True,IFN_stress,17,12,True,37.046242774566466,12,14,1.2929058615604043,44.5086705202312
CATNB_vs_no_interaction,CATNB,no_interaction,Gbp4,4715,0.45833333333333265,0.4977477477477355,-0.039414414414402854,-0.22351859921833517,2.3945194066645814,4.742151528308345,0.7092509007373682,1.046274712964471,-0.33702381222710276,-0.9568863339968248,-4.2110776460559824,169.04917527775834,-0.29048035844427583,4.1227847437062225e-05,True,0.000463252013466693,144,2664,True,True,IFN_stress,17,13,True,37.99999999999995,13,14,0.7216841691266933,45.833333333333265
LCMV_vs_no_interaction,LCMV,no_interaction,Gbp4,4728,0.41732283464566877,0.4977477477477355,-0.08042491310206673,-0.4591775754199742,3.5276055307739145,4.742151528308345,0.8062137035510959,1.046274712964471,-0.24006100941337505,-0.4166306427672109,-2.4128184955150567,140.19956608665908,-0.20549660466712524,0.017121952140768122,True,0.08150562236298232,127,2664,False,False,IFN_stress,17,14,False,35.04724409448815,14,14,1.6122271956906702,41.732283464566876
TB_vs_no_interaction,TB,no_interaction,Gbp4,4748,0.47852760736196387,0.4977477477477355,-0.019220140385771634,-0.10881217229988799,2.9256741979335037,4.742151528308345,0.7974286260885296,1.046274712964471,-0.24884608687594134,-0.6783915794286591,-3.044722176291735,190.13723875160304,-0.2140325923042961,0.0026591136914584316,True,0.017365521945747094,163,2664,True,True,IFN_stress,17,15,True,39.4539877300614,15,14,1.180747471265826,47.85276073619639
MCMV_vs_no_interaction,MCMV,no_interaction,Gbp4,4595,0.3766233766233767,0.4977477477477355,-0.12112437112435881,-0.6993922634298707,2.4459878583697288,4.742151528308345,0.6193661822210741,1.046274712964471,-0.42690853074339685,-0.9274226880031539,-3.80999161743768,82.64101803880418,-0.36600332440444405,0.00026631173536905713,True,0.003782039528652036,77,2664,True,True,IFN_stress,17,16,True,32.11688311688312,16,14,0.7702512548654747,37.66233766233767
multi_peptide_vs_no_interaction,multi_peptide,no_interaction,Stat1,58039,0.8535016385485067,0.792792792792763,0.060708845755743646,0.5780956728833196,3.607862049640945,16.138608796567766,1.1037066625272185,2.081663728484262,-0.9779570659570436,-2.130768563560162,-34.20607748172167,3287.395302568684,-0.9799062533670836,1.2016143878591227e-219,True,2.3916558502614055e-218,8239,2664,True,True,IFN_stress,18,0,True,66.45211797549248,0,13,-2.034609979839891,85.35016385485066
N4_vs_no_interaction,N4,no_interaction,Stat1,18161,0.7811158798283299,0.792792792792763,-0.011676912964433184,-0.09668403250467669,4.850057683717809,16.138608796567766,1.1253850495089854,2.081663728484262,-0.9562786789752766,-1.7139107960871451,-17.770589680470128,818.0236748243736,-0.709854096019821,5.408051735874992e-60,True,3.71979906354532e-58,466,2664,True,True,IFN_stress,18,1,True,61.24034334763975,1,13,-1.1357368102549827,78.11158798283299
A2_vs_no_interaction,A2,no_interaction,Stat1,17687,0.7506849315068469,0.792792792792763,-0.04210786128591615,-0.333362705468178,4.96456351300186,16.138608796567766,1.1281172562559179,2.081663728484262,-0.9535464722283442,-1.6809181969073783,-15.728329442158541,563.5868405017885,-0.7011139939936135,1.766178299023159e-46,True,1.0691039536971595e-44,365,2664,True,True,IFN_stress,18,2,True,59.04931506849297,2,13,-1.0645946497590024,75.06849315068469
Y3_vs_no_interaction,Y3,no_interaction,Stat1,17859,0.8320413436692484,0.792792792792763,0.03924855087648538,0.35639326938027216,5.634832281697094,16.138608796567766,1.2839662489804329,2.081663728484262,-0.7976974795038292,-1.501604838851928,-13.735654563389279,623.6912799841562,-0.5884738425668063,1.0613039200542527e-37,True,8.572070123515118e-36,387,2664,True,True,IFN_stress,18,3,True,64.90697674418588,3,13,-0.6779400661553772,83.20413436692485
Q4_vs_no_interaction,Q4,no_interaction,Stat1,18486,0.8275154004106708,0.792792792792763,0.0347226076179078,0.3123853130643152,5.788103054903498,16.138608796567766,1.2837304115991353,2.081663728484262,-0.7979333168851268,-1.463553211316533,-14.79202354827618,851.6232490331563,-0.5918757097310718,3.1066067014496974e-44,True,8.224653977854887e-43,487,2664,True,True,IFN_stress,18,4,True,64.58110882956831,4,13,-0.5958890892527603,82.75154004106709
Q4R7_vs_no_interaction,Q4R7,no_interaction,Stat1,17213,0.8678414096916318,0.792792792792763,0.07504861689886877,0.7405033562058512,6.384386400631423,16.138608796567766,1.3941454279149605,2.081663728484262,-0.6875183005693015,-1.324386070570685,-9.28557347825474,300.68431798530213,-0.5004769042874396,3.3262088841678246e-18,True,6.847731579194069e-17,227,2664,True,True,IFN_stress,18,5,True,67.48458149779749,5,13,-0.2958020603781289,86.78414096916318
T4_vs_no_interaction,T4,no_interaction,Stat1,18124,0.8162291169451129,0.792792792792763,0.023436324152349863,0.20623441166737871,5.486769703475888,16.138608796567766,1.2712714240204381,2.081663728484262,-0.8103923044638239,-1.539341782227901,-14.257403784634244,690.6064335006245,-0.5986688483490936,1.290982161964751e-40,True,7.384262426418862e-39,419,2664,True,True,IFN_stress,18,6,True,63.76849642004813,6,13,-0.7593124875173052,81.62291169451129
Q7_vs_no_interaction,Q7,no_interaction,Stat1,17639,0.8316151202749117,0.792792792792763,0.038822327482148644,0.35221159905719956,7.246760166021735,16.138608796567766,1.4327983265885829,2.081663728484262,-0.6488654018956792,-1.144247954495432,-9.357231305716313,402.50255208233324,-0.4732116611969051,5.825295205737787e-19,True,1.0236502742888756e-17,291,2664,True,True,IFN_stress,18,7,True,64.87628865979364,7,13,0.09263095441533509,83.16151202749117
Q4H7_vs_no_interaction,Q4H7,no_interaction,Stat1,18295,0.8713592233009706,0.792792792792763,0.07856643050820755,0.7824228185526054,6.520703560645065,16.138608796567766,1.4291682189181956,2.081663728484262,-0.6524955095660665,-1.2943715976142858,-11.35005077838748,670.8259792646313,-0.4815597836420386,1.9634225239817715e-27,True,3.864547767095043e-26,412,2664,True,True,IFN_stress,18,8,True,67.73786407766988,8,13,-0.23108165321554586,87.13592233009706
V4_vs_no_interaction,V4,no_interaction,Stat1,17913,0.8240740740740772,0.792792792792763,0.03128128128131413,0.2794918677733021,7.484170723404483,16.138608796567766,1.4587472950916809,2.081663728484262,-0.6229164333925812,-1.0983646929304083,-9.139719453147945,453.7107586160142,-0.45414972044381463,2.1024487885085287e-18,True,3.144870659654706e-17,324,2664,True,True,IFN_stress,18,9,True,64.33333333333356,9,13,0.19156933573388876,82.40740740740772
D4_vs_no_interaction,D4,no_interaction,Stat1,17486,0.8559322033898287,0.792792792792763,0.06313941059706563,0.6047330458493863,9.009705409570772,16.138608796567766,1.6467042154039182,2.081663728484262,-0.43495951308034386,-0.833951732518817,-5.38100760683566,297.8399835242742,-0.31487383196099095,1.5019853416065188e-07,True,1.5502401094257733e-06,236,2664,True,True,IFN_stress,18,10,True,66.62711864406766,10,13,0.7617247564791206,85.59322033898286
G4_vs_no_interaction,G4,no_interaction,Stat1,16852,0.823076923076921,0.792792792792763,0.030284130284157995,0.2700493336463421,7.357299198422417,16.138608796567766,1.4886873984687914,2.081663728484262,-0.5929763300154707,-1.122702907454994,-5.902133600079374,149.98620939446343,-0.4277586438571638,2.3018218481273455e-08,True,2.810756770511465e-07,130,2664,True,True,IFN_stress,18,11,True,64.26153846153832,11,13,0.13908868228614454,82.30769230769211
E1_vs_no_interaction,E1,no_interaction,Stat1,17188,0.8150289017341067,0.792792792792763,0.022236108941343646,0.19522868869991328,10.110113245772435,16.138608796567766,1.6649071582269113,2.081663728484262,-0.4167565702573508,-0.6694291704189506,-4.3029723103167585,202.35482750146855,-0.30015114388024533,2.622627140472366e-05,True,0.00020864709311462328,173,2664,True,True,IFN_stress,18,12,True,63.68208092485568,12,13,1.1164858486363143,81.50289017341066
CATNB_vs_no_interaction,CATNB,no_interaction,Stat1,16985,0.826388888888887,0.792792792792763,0.033596096096123906,0.3015648408607825,9.041366264954338,16.138608796567766,1.5968368689166752,2.081663728484262,-0.48482685956758687,-0.8289463272817218,-4.623764223356331,164.1509537489429,-0.3488564193221573,7.597169272982512e-06,True,0.00011344522998257931,144,2664,True,True,IFN_stress,18,13,True,64.49999999999986,13,13,0.7725179449995095,82.6388888888887
LCMV_vs_no_interaction,LCMV,no_interaction,Stat1,16828,0.7559055118110225,0.792792792792763,-0.036887280981740544,-0.29415435037792675,10.74524206214219,16.138608796567766,1.6562397707337833,2.081663728484262,-0.4254239577504788,-0.582365784582139,-3.5329429882270853,139.7792022672599,-0.30493142785624827,0.0005573988864652334,True,0.0059421266046346954,127,2664,True,True,IFN_stress,18,14,True,59.42519685039362,14,13,1.3042212051257298,75.59055118110226
TB_vs_no_interaction,TB,no_interaction,Stat1,17238,0.9018404907975445,0.792792792792763,0.10904769800478142,1.1896652737640603,12.779605280303764,16.138608796567766,1.9283310482415676,2.081663728484262,-0.15333268024269442,-0.3343396583874247,-1.5252473015622843,188.30441979401186,-0.11033537800594181,0.12887521033110108,True,0.3036757516546665,163,2664,False,False,IFN_stress,18,15,False,69.9325153374232,15,13,1.8390415865330174,90.18404907975444
MCMV_vs_no_interaction,MCMV,no_interaction,Stat1,16493,0.8831168831168833,0.792792792792763,0.09032409032412025,0.92939318793055,8.48641295090797,16.138608796567766,1.6860768975987834,2.081663728484262,-0.39558683088547864,-0.9193005745540586,-3.1966868838216755,83.84064558561184,-0.2845513402800537,0.0019610302543634846,True,0.017327788020873865,77,2664,True,True,IFN_stress,18,16,True,68.5844155844156,16,13,0.5776864821639247,88.31168831168833
multi_peptide_vs_no_interaction,multi_peptide,no_interaction,Isg15,9542,0.22150746449811484,0.3780030030029979,-0.15649553850488304,-1.0641885014092924,0.659172495957481,3.8338357690944083,0.21880543230216604,0.7906139686648739,-0.5718085363627079,-2.373437097773017,-25.340952220988928,3071.451443950103,-0.7860025884355775,8.185492217650299e-129,True,7.543233957309047e-128,8239,2664,True,True,IFN_stress,19,0,True,20.948537443864268,0,12,-1.870388775696029,22.150746449811486
N4_vs_no_interaction,N4,no_interaction,Isg15,4317,0.18669527896995683,0.3780030030029979,-0.19130772403304105,-1.3616142831425924,0.801108353573436,3.8338357690944083,0.22882534067312432,0.7906139686648739,-0.5617886279917496,-2.1261642307004753,-15.775548189541869,1115.498806536791,-0.5286477399526718,9.204085838341881e-51,True,3.34732501063376e-49,466,2664,True,True,IFN_stress,19,1,True,18.442060085836893,1,12,-1.5023309793363095,18.66952789699568
A2_vs_no_interaction,A2,no_interaction,Isg15,4243,0.19178082191780801,0.3780030030029979,-0.18622218108518987,-1.315848406504514,0.9219511394651524,3.8338357690944083,0.24794466181157607,0.7906139686648739,-0.5426693068532978,-1.9446105076357296,-13.557056973779455,716.4017990007875,-0.5039312168490563,1.9518470419572952e-37,True,5.688670252223068e-36,365,2664,True,True,IFN_stress,19,2,True,18.808219178082176,2,12,-1.2320940381659315,19.178082191780803
Y3_vs_no_interaction,Y3,no_interaction,Isg15,4355,0.24289405684754492,0.3780030030029979,-0.13510894615545296,-0.8970428204656549,1.2518457055749868,3.8338357690944083,0.34413439672117213,0.7906139686648739,-0.44647957194370175,-1.541006231426036,-10.255529843155367,675.1983385852647,-0.41246057576540857,4.930014174409663e-23,True,8.275068196833271e-22,387,2664,True,True,IFN_stress,19,3,True,22.488372093023234,3,12,-0.6313419125414088,24.28940568475449
Q4_vs_no_interaction,Q4,no_interaction,Isg15,4447,0.24024640657084215,0.3780030030029979,-0.13775659643215574,-0.9171974595571399,1.4563146725390188,3.8338357690944083,0.3560414991261888,0.7906139686648739,-0.43457246953868506,-1.3378029393165447,-10.429730871398608,896.0894606721763,-0.40314405780597506,4.080678539417726e-24,True,3.8770559711705714e-23,487,2664,True,True,IFN_stress,19,4,True,22.297741273100634,4,12,-0.328880276566934,24.024640657084216
Q4R7_vs_no_interaction,Q4R7,no_interaction,Isg15,4261,0.29515418502202645,0.3780030030029979,-0.08284881798097143,-0.5242438394780848,1.7393400118886861,3.8338357690944083,0.4453286301924436,0.7906139686648739,-0.34528533847243026,-1.0967485344906813,-5.7389956212187805,298.5997950986799,-0.3127333854709529,2.3382155279987588e-08,True,1.492552909932678e-07,227,2664,True,True,IFN_stress,19,5,True,26.251101321585903,5,12,0.029921536561163725,29.515418502202646
T4_vs_no_interaction,T4,no_interaction,Isg15,4331,0.21718377088305454,0.3780030030029979,-0.16081923211994334,-1.0992768321478326,1.0147823786455152,3.8338357690944083,0.29500615061764335,0.7906139686648739,-0.49560781804723053,-1.8191746257589427,-12.422786697693875,824.0289412130088,-0.4613130638206989,1.3330697008982553e-32,True,3.4869137217710566e-31,419,2664,True,True,IFN_stress,19,6,True,20.637231503579926,6,12,-1.0453867183755066,21.718377088305456
Q7_vs_no_interaction,Q7,no_interaction,Isg15,4328,0.2817869415807555,0.3780030030029979,-0.09621606142224237,-0.6155954073415244,1.6606681449259357,3.8338357690944083,0.4033067620628022,0.7906139686648739,-0.3873072066020717,-1.1598137167537161,-7.391703431246111,421.5389356855783,-0.35314112005670883,7.866705718366752e-13,True,7.437105477009135e-12,291,2664,True,True,IFN_stress,19,7,True,25.288659793814396,7,12,-0.06394898099928964,28.17869415807555
Q4H7_vs_no_interaction,Q4H7,no_interaction,Isg15,4439,0.2888349514563106,0.3780030030029979,-0.08916805154668728,-0.5671306987059137,1.6385741589814071,3.8338357690944083,0.4068085395393185,0.7906139686648739,-0.3838054291255554,-1.1780321222081793,-8.497015141133975,687.4083533065601,-0.3534054158496234,1.2033710053396669e-16,True,1.1082316929801315e-15,412,2664,True,True,IFN_stress,19,8,True,25.796116504854364,8,12,-0.0910664979518895,28.88349514563106
V4_vs_no_interaction,V4,no_interaction,Isg15,4466,0.3302469135802478,0.3780030030029979,-0.04775608942275006,-0.2945788369899667,2.047291835559628,3.8338357690944083,0.5076743090594206,0.7906139686648739,-0.2829396596054533,-0.8734184495524552,-5.2342785857088145,457.99214374130383,-0.257094102954513,2.527719578753302e-07,True,1.3015513950687043e-06,324,2664,True,True,IFN_stress,19,9,True,28.777777777777843,9,12,0.3623412633849655,33.02469135802478
D4_vs_no_interaction,D4,no_interaction,Isg15,4378,0.41101694915254167,0.3780030030029979,0.03301394614954378,0.19521301857015794,2.4541136355668804,3.8338357690944083,0.638561828838533,0.7906139686648739,-0.15205213982634092,-0.6231140151322851,-2.3270055673793744,296.89893766380095,-0.1369796999749424,0.020637456740391906,True,0.055879600477319685,236,2664,False,False,IFN_stress,19,10,False,34.593220338983,10,12,0.7349114513010011,41.101694915254164
G4_vs_no_interaction,G4,no_interaction,Isg15,4226,0.37692307692307647,0.3780030030029979,-0.0010799260799214117,-0.006484145714803767,2.063836148910277,3.8338357690944083,0.5592301722475411,0.7906139686648739,-0.23138379641733275,-0.8623454700059179,-2.8570368765366454,149.81997488864693,-0.20778003803381995,0.004884554682101737,True,0.017523833643874425,130,2664,True,True,IFN_stress,19,11,True,32.138461538461506,11,12,0.3788230411848692,37.69230769230765
E1_vs_no_interaction,E1,no_interaction,Isg15,4384,0.39306358381502876,0.3780030030029979,0.015060580812030877,0.08973552126919779,3.0711213279292933,3.8338357690944083,0.661226529102201,0.7906139686648739,-0.12938743956267285,-0.3109436524403523,-1.6124843888269886,200.31959757833908,-0.11582468238846075,0.10843089091918282,True,0.22794903975634273,173,2664,False,False,IFN_stress,19,12,False,33.300578034682076,12,12,1.1995671053623111,39.306358381502875
CATNB_vs_no_interaction,CATNB,no_interaction,Isg15,4234,0.3749999999999996,0.3780030030029979,-0.0030030030029982724,-0.018048261175969627,2.1898305878345528,3.8338357690944083,0.5658535231889993,0.7906139686648739,-0.2247604454758746,-0.780695863749917,-2.867027880815344,167.81789383544546,-0.20190813134208957,0.004674883325800643,True,0.023605820753584004,144,2664,True,True,IFN_stress,19,13,True,31.99999999999997,13,12,0.5003558826486529,37.499999999999964
LCMV_vs_no_interaction,LCMV,no_interaction,Isg15,4249,0.37795275590551136,0.3780030030029979,-5.024709748652212e-05,-0.0003015410531866284,3.213350654085609,3.8338357690944083,0.709165096703058,0.7906139686648739,-0.08144887196181583,-0.24764583596007492,-0.8479562723768895,139.987349596958,-0.07270290584547388,0.3979098501438623,True,0.6264738872287989,127,2664,False,False,IFN_stress,19,14,False,32.212598425196816,14,12,1.2937838915545392,37.795275590551135
TB_vs_no_interaction,TB,no_interaction,Isg15,4351,0.4478527607361969,0.3780030030029979,0.06984975773319901,0.4077855516841532,3.6547148968092302,3.8338357690944083,0.7983827308818163,0.7906139686648739,0.007768762216942449,-0.0672333637170278,0.08827898876002985,183.74782340053954,0.006927961346953564,0.9297510763272608,True,0.9662562436743701,163,2664,False,False,IFN_stress,19,15,False,37.24539877300618,15,12,1.5623221171824437,44.78527607361969
MCMV_vs_no_interaction,MCMV,no_interaction,Isg15,4162,0.41558441558441567,0.3780030030029979,0.037581412581417784,0.22182326584339593,2.416921659520119,3.8338357690944083,0.666852744743223,0.7906139686648739,-0.1237612239216509,-0.6442764162534174,-1.1350076768045163,82.43350191187564,-0.11064083557075038,0.2596616030016244,True,0.5111756465710036,77,2664,False,False,IFN_stress,19,16,False,34.92207792207793,16,12,0.7034118904533512,41.558441558441565
multi_peptide_vs_no_interaction,multi_peptide,no_interaction,Rigi,1793,0.08071367884452026,0.22072072072072282,-0.14000704187620255,-1.5823428549126632,0.10553718610341827,1.0067177190783079,0.05566972010195526,0.3496253604571944,-0.29395564035523913,-2.428815956050015,-21.3885034766393,2855.752128335284,-0.7365062576290491,2.9006593846632337e-94,True,1.9785185816877803e-93,8239,2664,True,True,IFN_stress,20,0,True,10.811384876805459,0,11,-2.097967571193055,8.071367884452025
N4_vs_no_interaction,N4,no_interaction,Rigi,967,0.09442060085836916,0.22072072072072282,-0.12630011986235368,-1.3578903380100793,0.20939662648070678,1.0067177190783079,0.09375621621958442,0.3496253604571944,-0.25586914423761,-1.8387579217883154,-12.337279348457441,1280.315637087807,-0.3898523032996998,4.001270194464307e-33,True,5.379611428591388e-32,466,2664,True,True,IFN_stress,20,1,True,11.79828326180258,1,11,-0.7694745774788126,9.442060085836916
A2_vs_no_interaction,A2,no_interaction,Rigi,932,0.06575342465753427,0.22072072072072282,-0.15496729606318854,-1.865392331037071,0.188221451888076,1.0067177190783079,0.0704234060419102,0.3496253604571944,-0.27920195441528417,-1.9410376710488084,-12.93077597017919,929.5101972954534,-0.42098187371159923,2.7271058502145614e-35,True,6.830785290073237e-34,365,2664,True,True,IFN_stress,20,2,True,9.734246575342468,2,11,-0.9997535032821524,6.575342465753427
Y3_vs_no_interaction,Y3,no_interaction,Rigi,945,0.10077519379844957,0.22072072072072282,-0.11994552692227325,-1.2626138959662458,0.2123409672185723,1.0067177190783079,0.10090231304284795,0.3496253604571944,-0.24872304741434642,-1.8250935798568277,-11.24072771017753,932.593470807057,-0.3752346633647058,1.3933331739686466e-27,True,3.688234872269947e-26,387,2664,True,True,IFN_stress,20,3,True,12.255813953488369,3,11,-0.7387098366132624,10.077519379844958
Q4_vs_no_interaction,Q4,no_interaction,Rigi,952,0.08624229979466125,0.22072072072072282,-0.13447842092606158,-1.4883831640261276,0.2288634049590867,1.0067177190783079,0.09607625666327073,0.3496253604571944,-0.25354910379392365,-1.7507269103183338,-12.023547601463212,1283.387013352332,-0.386409360644945,1.2462028494795533e-31,True,1.7071892233059287e-30,487,2664,True,True,IFN_stress,20,4,True,11.20944558521561,4,11,-0.5712761373647335,8.624229979466126
Q4R7_vs_no_interaction,Q4R7,no_interaction,Rigi,934,0.1277533039647578,0.22072072072072282,-0.09296741675596504,-0.9047069017494501,0.3232611254368186,1.0067177190783079,0.13363270896764126,0.3496253604571944,-0.21599265148955313,-1.386667398253928,-7.018943409043475,344.99621133946516,-0.3179837096242435,1.1917901918740906e-11,True,1.1811514696511976e-10,227,2664,True,True,IFN_stress,20,5,True,14.19823788546256,5,11,0.24838986663731155,12.775330396475779
T4_vs_no_interaction,T4,no_interaction,Rigi,960,0.09785202863961807,0.22072072072072282,-0.12286869208110475,-1.3058262698707033,0.2792446727853751,1.0067177190783079,0.10884896367987695,0.3496253604571944,-0.24077639677731744,-1.5450864729625404,-10.285918496093275,903.7287726782299,-0.36270060415677147,1.5264520488391605e-23,True,1.9719268304391604e-22,419,2664,True,True,IFN_stress,20,6,True,12.045346062052502,6,11,-0.10828459350188104,9.785202863961807
Q7_vs_no_interaction,Q7,no_interaction,Rigi,949,0.10309278350515468,0.22072072072072282,-0.11762793721556815,-1.229059787594333,0.25940498176438875,1.0067177190783079,0.10924966507281544,0.3496253604571944,-0.24037569538437895,-1.6226049817833128,-9.250225990736677,536.2889140944566,-0.3574609127989844,5.291890045262705e-19,True,9.334333839763006e-18,291,2664,True,True,IFN_stress,20,7,True,12.422680412371136,7,11,-0.2828145377986778,10.309278350515468
Q4H7_vs_no_interaction,Q4H7,no_interaction,Rigi,962,0.11893203883495142,0.22072072072072282,-0.1017886818857714,-1.0145363613590528,0.23058997318409005,1.0067177190783079,0.11165404110153679,0.3496253604571944,-0.2379713193556576,-1.743172419917113,-10.824207842286217,1003.0962192915072,-0.35980277687618567,6.690658685869114e-26,True,1.1836932246503778e-24,412,2664,True,True,IFN_stress,20,8,True,13.563106796116502,8,11,-0.5542674924749799,11.893203883495142
V4_vs_no_interaction,V4,no_interaction,Rigi,959,0.12962962962962965,0.22072072072072282,-0.09109109109109317,-0.8821171759674745,0.48191201319276156,1.0067177190783079,0.17508010632918405,0.3496253604571944,-0.17454525412801034,-0.9274143582823835,-5.609586342853666,487.13089901127705,-0.2571277406729616,3.4051764811724746e-08,True,1.9381546773046027e-07,324,2664,True,True,IFN_stress,20,9,True,14.333333333333336,9,11,1.2823804413230024,12.962962962962965
D4_vs_no_interaction,D4,no_interaction,Rigi,936,0.12288135593220344,0.22072072072072282,-0.09783936478851939,-0.9646000662265307,0.3313445312733339,1.0067177190783079,0.14450766802952322,0.3496253604571944,-0.20511769242767117,-1.3593747230389226,-6.64278447003977,357.5325993814072,-0.30204284186165326,1.1482836484448199e-10,True,1.866063089189776e-09,236,2664,True,True,IFN_stress,20,10,True,13.847457627118647,10,11,0.30983827628098387,12.288135593220344
G4_vs_no_interaction,G4,no_interaction,Rigi,933,0.16923076923076924,0.22072072072072282,-0.051489951489953584,-0.4555032423113287,0.45317455566993214,1.0067177190783079,0.17583332839419422,0.3496253604571944,-0.17379203206300017,-1.0004805896992304,-3.9443910144796606,157.05335713618203,-0.2524470014212336,0.00012028559815273647,True,0.0006935030433100531,130,2664,True,True,IFN_stress,20,11,True,17.184615384615384,11,11,1.1178746285416559,16.923076923076923
E1_vs_no_interaction,E1,no_interaction,Rigi,938,0.1734104046242774,0.22072072072072282,-0.047310316096445426,-0.4150562732653313,0.5025892359381667,1.0067177190783079,0.2036798158344039,0.3496253604571944,-0.1459455446227905,-0.8770404858978605,-3.542384839235404,215.69649441780354,-0.21237702287935611,0.0004859204100591838,True,0.00277855364476967,173,2664,True,True,IFN_stress,20,12,True,17.485549132947973,12,11,1.3957952795987467,17.34104046242774
CATNB_vs_no_interaction,CATNB,no_interaction,Rigi,936,0.17361111111111116,0.22072072072072282,-0.04710960960961166,-0.4131322325106899,0.46795134256356896,1.0067177190783079,0.20346662897722043,0.3496253604571944,-0.14615873147997396,-0.962448051488515,-3.3574449716033548,174.96656132799583,-0.21237642434146195,0.000965187096345884,True,0.006471886002750577,144,2664,True,True,IFN_stress,20,13,True,17.500000000000004,13,11,1.20350342708742,17.361111111111114
LCMV_vs_no_interaction,LCMV,no_interaction,Rigi,914,0.11811023622047244,0.22072072072072282,-0.10261048450025038,-1.0250913535287756,0.3545153017358232,1.0067177190783079,0.14861249172526828,0.3496253604571944,-0.20101286873192611,-1.283886523090831,-4.821435112828605,157.16689925938618,-0.29233932645930416,3.3380737901971557e-06,True,9.769356089271083e-05,127,2664,True,True,IFN_stress,20,14,True,13.503937007874015,14,11,0.4797970581567705,11.811023622047244
TB_vs_no_interaction,TB,no_interaction,Rigi,927,0.14110429447852765,0.22072072072072282,-0.07961642624219517,-0.7492500571198925,0.4427045053638199,1.0067177190783079,0.18310946577655543,0.3496253604571944,-0.16651589468063896,-1.0280485026391664,-4.097697855636493,204.527949862105,-0.24245332352215285,6.013868850335261e-05,True,0.0007515660890537367,163,2664,True,True,IFN_stress,20,15,True,15.159509202453991,15,11,1.0558065317351204,14.110429447852765
MCMV_vs_no_interaction,MCMV,no_interaction,Rigi,904,0.07792207792207793,0.22072072072072282,-0.1427986427986449,-1.6317648830905882,0.19079874399709137,1.0067177190783079,0.09151070985903349,0.3496253604571944,-0.2581146505981609,-1.9281943501171117,-6.361574374856828,96.07227491018234,-0.3743291767711623,6.761626342608958e-09,True,1.106008880326751e-06,77,2664,True,True,IFN_stress,20,16,True,10.61038961038961,16,11,-0.9708372596534534,7.792207792207793
multi_peptide_vs_no_interaction,multi_peptide,no_interaction,Usp18,1819,0.07039689282679996,0.2154654654654675,-0.14506857263866751,-1.7296363788137785,0.1171283045886156,1.005079077947552,0.05708068367874699,0.3457048203954436,-0.2886241367166966,-2.347529899253092,-20.881851560347734,2888.1106747576514,-0.7063441422361276,2.6639593434581545e-90,True,1.7578150205848543e-89,8239,2664,True,True,IFN_stress,21,0,True,10.068576283529598,0,10,-1.771513615750435,7.039689282679997
N4_vs_no_interaction,N4,no_interaction,Usp18,965,0.06437768240343351,0.2154654654654675,-0.15108778306203396,-1.8511189303203146,0.1695996973395015,1.005079077947552,0.0698100877781728,0.3457048203954436,-0.2758947326172708,-2.0352588285730846,-14.11953226738753,1498.3301567086087,-0.4208934794590654,1.3611573777960742e-42,True,2.9907652384352626e-41,466,2664,True,True,IFN_stress,21,1,True,9.635193133047213,1,10,-1.2366595834180891,6.437768240343352
A2_vs_no_interaction,A2,no_interaction,Usp18,960,0.0712328767123288,0.2154654654654675,-0.1442325887531387,-1.713428222145775,0.180636930546929,1.005079077947552,0.07475755927578488,0.3457048203954436,-0.2709472611196587,-1.9773728319089223,-12.647091420472751,952.0411356828324,-0.40758650052686407,5.316081030820583e-34,True,1.1895676107592124e-32,365,2664,True,True,IFN_stress,21,2,True,10.128767123287673,2,10,-1.1375131634055544,7.123287671232879
Y3_vs_no_interaction,Y3,no_interaction,Usp18,979,0.10594315245478031,0.2154654654654675,-0.10952231301068718,-1.1457924202619807,0.24178377351647126,1.005079077947552,0.11600706481521901,0.3457048203954436,-0.2296977555802246,-1.692993800050931,-9.977016668374791,867.2736948041738,-0.34483835182657185,2.8849199995821375e-22,True,4.5209397602887694e-21,387,2664,True,True,IFN_stress,21,3,True,12.627906976744182,3,10,-0.650432270613287,10.59431524547803
Q4_vs_no_interaction,Q4,no_interaction,Usp18,980,0.0903490759753594,0.2154654654654675,-0.1251163894901081,-1.3788555676783485,0.22365675311197908,1.005079077947552,0.09437493256924043,0.3457048203954436,-0.25132988782620314,-1.7716130994009252,-12.125539700611183,1343.5403835529858,-0.38253450534976197,3.467685442405009e-32,True,4.892654984231618e-31,487,2664,True,True,IFN_stress,21,4,True,11.505133470225877,4,10,-0.785090435344716,9.034907597535941
Q4R7_vs_no_interaction,Q4R7,no_interaction,Usp18,958,0.1057268722466961,0.2154654654654675,-0.1097385932187714,-1.1488312338981765,0.3299521328337429,1.005079077947552,0.11672021719549674,0.3457048203954436,-0.22898460319994685,-1.3619016539636597,-7.476240639664779,347.44099309800333,-0.33625410110806314,6.286923337510889e-13,True,7.211789304505111e-12,227,2664,True,True,IFN_stress,21,5,True,12.612334801762119,5,10,-0.08334173282276625,10.57268722466961
T4_vs_no_interaction,T4,no_interaction,Usp18,974,0.07875894988066824,0.2154654654654675,-0.13670651558479924,-1.5739866962211904,0.23888383888086623,1.005079077947552,0.09258723872056451,0.3457048203954436,-0.2531175816748791,-1.7052868680771,-11.353442060460479,996.2705019810858,-0.38154291736616147,3.5294106124167853e-28,True,6.334925097334097e-27,419,2664,True,True,IFN_stress,21,6,True,10.670644391408114,6,10,-0.6714876856705144,7.8758949880668245
Q7_vs_no_interaction,Q7,no_interaction,Usp18,962,0.09965635738831619,0.2154654654654675,-0.11580910807715131,-1.2362183358541554,0.2859175649769791,1.005079077947552,0.1136950914984085,0.3457048203954436,-0.23200972889703508,-1.5177849960718157,-8.618263729651972,513.3618837717779,-0.34355750978990085,8.446551607179672e-17,True,1.2069643651851993e-15,291,2664,True,True,IFN_stress,21,7,True,12.175257731958766,7,10,-0.35033679553680874,9.965635738831619
Q4H7_vs_no_interaction,Q4H7,no_interaction,Usp18,991,0.10679611650485434,0.2154654654654675,-0.10866934896061316,-1.1338559291881827,0.2729837978449954,1.005079077947552,0.12075250703468438,0.3457048203954436,-0.22495231336075922,-1.5669647433028777,-9.600412915885833,892.0453845312571,-0.3378331580352064,7.764452092949726e-21,True,9.628329789043851e-20,412,2664,True,True,IFN_stress,21,8,True,12.689320388349511,8,10,-0.4345712590698506,10.679611650485434
V4_vs_no_interaction,V4,no_interaction,Usp18,993,0.14197530864197538,0.2154654654654675,-0.07349015682349211,-0.6966956776895223,0.367830917587899,1.005079077947552,0.16148463244592642,0.3457048203954436,-0.18422018794951717,-1.240090497112015,-6.568653146253452,543.1939888913446,-0.27255239454893115,1.1900588891146374e-10,True,8.670162369400679e-10,324,2664,True,True,IFN_stress,21,9,True,15.222222222222229,9,10,0.125294911882411,14.197530864197539
D4_vs_no_interaction,D4,no_interaction,Usp18,967,0.1440677966101695,0.2154654654654675,-0.071397668855298,-0.6734852812360713,0.4666882517648533,1.005079077947552,0.18350643444316406,0.3457048203954436,-0.16219838595227953,-0.9635224117982116,-4.604940700375415,322.7420299414551,-0.23679844389381044,5.943539978315863e-06,True,4.504523874389598e-05,236,2664,True,True,IFN_stress,21,10,True,15.372881355932204,10,10,0.5989973119235125,14.40677966101695
G4_vs_no_interaction,G4,no_interaction,Usp18,946,0.1076923076923077,0.2154654654654675,-0.1077731577731598,-1.1213960003663366,0.4555935497824091,1.005079077947552,0.15527154730997425,0.3457048203954436,-0.19043327308546934,-0.9920478551746346,-4.182801569504271,155.1875020492279,-0.27563283277945827,4.800995867451904e-05,True,0.0003042916904561183,130,2664,True,True,IFN_stress,21,11,True,12.753846153846155,11,10,0.5501392848871814,10.76923076923077
E1_vs_no_interaction,E1,no_interaction,Usp18,965,0.16763005780346815,0.2154654654654675,-0.04783540766199934,-0.42837477438403704,0.6093810246610334,1.005079077947552,0.23157873444549415,0.3457048203954436,-0.11412608594994944,-0.6395169655580237,-2.5287258793505614,207.58968394982782,-0.16500664564414094,0.012191301351182626,True,0.04155671239268623,173,2664,True,True,IFN_stress,21,12,True,17.069364161849705,12,10,1.1539498377589468,16.763005780346816
CATNB_vs_no_interaction,CATNB,no_interaction,Usp18,958,0.1666666666666667,0.2154654654654675,-0.04879879879880078,-0.4378696651615902,0.5424065748824949,1.005079077947552,0.21277020476982614,0.3457048203954436,-0.13293461562561745,-0.7825910469017886,-2.894811917061544,171.45510118215472,-0.19231745927991767,0.004287499288510771,True,0.022029545014368584,144,2664,True,True,IFN_stress,21,13,True,17.000000000000004,13,10,0.9088943186475571,16.66666666666667
LCMV_vs_no_interaction,LCMV,no_interaction,Usp18,966,0.1417322834645669,0.2154654654654675,-0.0737331820009006,-0.6994084137178015,0.8589791562149268,1.005079077947552,0.25706496808709106,0.3457048203954436,-0.08863985230835253,-0.20457824743599584,-1.460996729906916,139.5418402793054,-0.1270757688040748,0.14626440850779313,True,0.35061679026582726,127,2664,False,False,IFN_stress,21,14,False,15.204724409448817,14,10,1.8989075012993168,14.173228346456689
TB_vs_no_interaction,TB,no_interaction,Usp18,968,0.19018404907975459,0.2154654654654675,-0.025281416385712907,-0.21676958240015762,0.5725665834341747,1.005079077947552,0.2399401513249195,0.3457048203954436,-0.10576466907052409,-0.7164006053441493,-2.3703822559531984,196.41890217713006,-0.15306707974120298,0.01873805717247057,True,0.07737532766156394,163,2664,False,False,IFN_stress,21,15,False,18.69325153374233,15,10,1.0222644892876656,19.01840490797546
MCMV_vs_no_interaction,MCMV,no_interaction,Usp18,934,0.11688311688311691,0.2154654654654675,-0.09858234858235058,-0.9981454233172122,0.5304574410934806,1.005079077947552,0.19616654719887566,0.3457048203954436,-0.14953827319656793,-0.8096787204888746,-2.3324163775900595,83.25890655262656,-0.21508075423740344,0.022093181492316104,True,0.1030940104277206,77,2664,False,False,IFN_stress,21,16,False,13.415584415584417,16,10,0.8624988859454304,11.68831168831169
multi_peptide_vs_no_interaction,multi_peptide,no_interaction,Ccl3,209164,0.7328559291176989,0.41891891891891136,0.31393701019878756,1.8850973876327344,11.159066605063694,3.9972727203407006,1.4867390765790063,0.7867142724261523,0.700024804152854,1.4583514016346544,27.031845450692746,5624.235011348735,0.5359583039474101,2.069040324113364e-151,True,2.3368126358271052e-150,8239,2664,True,True,Cytotoxic_chemokine,22,0,True,57.76562689647432,0,9,1.250059178148797,73.2855929117699
N4_vs_no_interaction,N4,no_interaction,Ccl3,17842,0.7060085836909893,0.41891891891891136,0.2870896647720779,1.6985973877890246,10.999202013409258,3.9972727203407006,1.4691134667387276,0.7867142724261523,0.6823991943125752,1.437720127538875,10.055089488796709,568.0916879290342,0.600139882213523,5.309857656703692e-22,True,4.006452216012039e-21,466,2664,True,True,Cytotoxic_chemokine,22,1,True,55.83261802575123,1,9,1.188753608927289,70.60085836909893
A2_vs_no_interaction,A2,no_interaction,Ccl3,14873,0.7041095890410937,0.41891891891891136,0.2851906701221823,1.685781700986479,10.170133493977746,3.9972727203407006,1.4608253163263187,0.7867142724261523,0.6741110439001664,1.3257191053438784,9.154533892071358,431.169387234775,0.601354066729251,2.207028743472093e-18,True,1.8075431417699024e-17,365,2664,True,True,Cytotoxic_chemokine,22,2,True,55.69589041095875,2,9,0.8559439924596536,70.41095890410936
Y3_vs_no_interaction,Y3,no_interaction,Ccl3,13131,0.6563307493540051,0.41891891891891136,0.23741183043509378,1.3764887727321138,7.575642060451451,3.9972727203407006,1.2512228130857006,0.7867142724261523,0.4645085406595483,0.9056235117911654,7.019569892860639,476.88719722123096,0.41996019362764236,7.691565677375662e-12,True,4.8979309738005396e-11,387,2664,True,True,Cytotoxic_chemokine,22,3,True,52.25581395348837,3,9,-0.3923647339250595,65.63307493540051
Q4_vs_no_interaction,Q4,no_interaction,Ccl3,16479,0.6242299794661148,0.41891891891891136,0.20531106054720344,1.1799161349974743,8.65174610120599,3.9972727203407006,1.2820805615961175,0.7867142724261523,0.49536628916996517,1.0949069605380473,7.750275625232285,609.7409682362187,0.4392894262395083,3.852493241475953e-14,True,2.1308538028703554e-13,487,2664,True,True,Cytotoxic_chemokine,22,4,True,49.94455852156027,4,9,0.1700886325401558,62.42299794661148
Q4R7_vs_no_interaction,Q4R7,no_interaction,Ccl3,12165,0.607929515418502,0.41891891891891136,0.18901059649959068,1.0826449438154833,8.638192087280622,3.9972727203407006,1.2514800149881118,0.7867142724261523,0.46476574256195946,1.0926708963075078,5.056360081689344,251.63338333541412,0.41909769965100035,8.236318914173542e-07,True,4.2673283440879145e-06,227,2664,True,True,Cytotoxic_chemokine,22,5,True,48.77092511013215,5,9,0.16344419604861027,60.7929515418502
T4_vs_no_interaction,T4,no_interaction,Ccl3,14948,0.6849642004773298,0.41891891891891136,0.2660452815584184,1.5589911290847673,8.751954608088433,3.9972727203407006,1.2977712556772492,0.7867142724261523,0.5110569832510968,1.1113321293038123,7.754313536583208,517.270330401651,0.45864632229363084,4.7532623403128756e-14,True,3.1298353620853505e-13,419,2664,True,True,Cytotoxic_chemokine,22,6,True,54.31742243436774,6,9,0.21889581313742945,68.49642004773298
Q7_vs_no_interaction,Q7,no_interaction,Ccl3,12782,0.6116838487972492,0.41891891891891136,0.19276492987833788,1.1049182103924953,8.520091523876614,3.9972727203407006,1.1932459403553668,0.7867142724261523,0.40653166792921447,1.073039263356977,5.076108335369459,334.4188890882366,0.3658573680867245,6.40753894143547e-07,True,3.108660395634025e-06,291,2664,True,True,Cytotoxic_chemokine,22,7,True,49.04123711340195,7,9,0.10510904780751287,61.168384879724925
Q4H7_vs_no_interaction,Q4H7,no_interaction,Ccl3,13220,0.5800970873786406,0.41891891891891136,0.16117816845972927,0.9195925449536966,6.219521513945416,3.9972727203407006,1.0309780564098192,0.7867142724261523,0.24426378398366688,0.6251514042248524,3.838017825987143,516.9159288496639,0.22106368973594692,0.00013938848465195887,True,0.0004192791363196666,412,2664,True,True,Cytotoxic_chemokine,22,8,True,46.766990291262125,8,9,-1.225784043139043,58.00970873786406
V4_vs_no_interaction,V4,no_interaction,Ccl3,13073,0.5679012345679032,0.41891891891891136,0.14898231564899184,0.8491053386043962,8.490264059799433,3.9972727203407006,1.1009791264233488,0.7867142724261523,0.3142648539971965,1.0680385558025105,4.078436401837815,376.87652668455644,0.28166405053560245,5.534784993303015e-05,True,0.00020138118998351627,324,2664,True,True,Cytotoxic_chemokine,22,9,True,45.88888888888903,9,9,0.090249508754635,56.79012345679032
D4_vs_no_interaction,D4,no_interaction,Ccl3,11463,0.516949152542372,0.41891891891891136,0.09803023362346058,0.558578412453708,8.543961142750431,3.9972727203407006,1.0916779506027703,0.7867142724261523,0.30496367817661796,1.0770286629939667,3.331379508556778,261.887646875087,0.27429026162589665,0.000988643491937628,True,0.004249073417348873,236,2664,True,True,Cytotoxic_chemokine,22,10,True,42.22033898305078,10,9,0.11696349821432349,51.694915254237195
G4_vs_no_interaction,G4,no_interaction,Ccl3,10156,0.5230769230769221,0.41891891891891136,0.10415800415801074,0.5933009449218222,9.402593950708303,3.9972727203407006,1.0382433758714371,0.7867142724261523,0.2515291034452848,1.2136574600027965,2.0391593925278615,136.84580717176706,0.22827083321361072,0.043359113399589956,True,0.10897676275801986,130,2664,False,False,Cytotoxic_chemokine,22,11,False,42.66153846153839,11,9,0.5229542350825663,52.30769230769221
E1_vs_no_interaction,E1,no_interaction,Ccl3,10771,0.4739884393063582,0.41891891891891136,0.055069520387446835,0.3153595624207985,9.94358483338768,3.9972727203407006,0.9407249731347718,0.7867142724261523,0.15401070070861944,1.293538470020516,1.463902820868561,186.61786342186744,0.13944140018382614,0.14490290527211167,True,0.28099124212262605,173,2664,False,False,Cytotoxic_chemokine,22,12,False,39.12716763005779,12,9,0.7603196428799981,47.39884393063582
CATNB_vs_no_interaction,CATNB,no_interaction,Ccl3,9326,0.4722222222222215,0.41891891891891136,0.05330330330331012,0.3053390873828357,4.384550941956039,3.9972727203407006,0.8036800978257062,0.7867142724261523,0.016965825399553824,0.13029960503939994,0.18128712276721134,158.61567092999275,0.015612763592127517,0.8563736618611054,True,0.926589974500891,144,2664,False,False,Cytotoxic_chemokine,22,13,False,38.99999999999995,13,9,-2.696229886110886,47.22222222222215
LCMV_vs_no_interaction,LCMV,no_interaction,Ccl3,9533,0.4881889763779521,0.41891891891891136,0.06927005745904075,0.39581676865136817,7.351489793648273,3.9972727203407006,1.0371948490679614,0.7867142724261523,0.2504805766418091,0.8628649719183368,2.092815364894071,134.16232208435068,0.22805960442079373,0.03824904275198214,True,0.14395166385972297,127,2664,False,False,Cytotoxic_chemokine,22,14,False,40.14960629921255,14,9,-0.5194211926689505,48.81889763779521
TB_vs_no_interaction,TB,no_interaction,Ccl3,9687,0.47852760736196387,0.41891891891891136,0.059608688443052504,0.34109643254510696,6.133051971910717,3.9972727203407006,0.8749608355740065,0.7867142724261523,0.08824656314785417,0.6052748182951377,0.9068068920515239,178.26068905748107,0.08066986102261964,0.3657330641115199,True,0.5873854992433628,163,2664,False,False,Cytotoxic_chemokine,22,15,False,39.4539877300614,15,9,-1.2848470660500058,47.85276073619639
MCMV_vs_no_interaction,MCMV,no_interaction,Ccl3,9186,0.5454545454545455,0.41891891891891136,0.12653562653563416,0.720500181094064,9.747659720370113,3.9972727203407006,1.1703745951760258,0.7867142724261523,0.3836603227498735,1.2651169874099002,2.3670499052282303,78.62831240100284,0.3498838884480383,0.02038999849807347,True,0.09717605943930956,77,2664,False,False,Cytotoxic_chemokine,22,16,False,44.27272727272728,16,9,0.675865567892965,54.545454545454554
multi_peptide_vs_no_interaction,multi_peptide,no_interaction,Ccl4,443736,0.888457337055622,0.6159909909909718,0.27246634606465026,2.2180739159713116,26.33335352757355,9.899712021882891,2.3366823808759043,1.3506145933185938,0.9860677875573105,1.4024010144399601,32.35289187938994,4959.2337210267,0.6832651080550187,1.628310948614995e-208,True,2.8966637809335983e-207,8239,2664,True,True,Cytotoxic_chemokine,23,0,True,68.96892826800479,0,8,1.246268902865343,88.8457337055622
N4_vs_no_interaction,N4,no_interaction,Ccl4,38395,0.8347639484978588,0.6159909909909718,0.21877295750688708,1.6013353768966303,23.751029752499818,9.899712021882891,2.190205505056566,1.3506145933185938,0.8395909117379723,1.2540931020419568,11.414993508399363,602.117138387963,0.6199161571858793,1.8615666469670432e-27,True,1.869840276509119e-26,466,2664,True,True,Cytotoxic_chemokine,23,1,True,65.10300429184583,1,8,0.46873358186960035,83.47639484978589
A2_vs_no_interaction,A2,no_interaction,Ccl4,33811,0.8356164383561616,0.6159909909909718,0.21962544736518985,1.6098260947529328,23.531430702573864,9.899712021882891,2.1690198151191407,1.3506145933185938,0.8184052218005469,1.2407485231761177,9.715539115941723,442.36630306891516,0.6036539057614735,2.36130118351104e-20,True,2.1946621137691684e-19,365,2664,True,True,Cytotoxic_chemokine,23,2,True,65.16438356164363,2,8,0.3987718296998431,83.56164383561617
Y3_vs_no_interaction,Y3,no_interaction,Ccl4,32483,0.8165374677002564,0.6159909909909718,0.2005464767092846,1.4271127542400528,21.260208362033243,9.899712021882891,2.00343569909327,1.3506145933185938,0.6528211057746762,1.094967267183374,8.179442383763444,480.09056475460494,0.4833595789035229,2.5721085915617365e-15,True,2.2177396158994898e-14,387,2664,True,True,Cytotoxic_chemokine,23,3,True,63.79069767441846,3,8,-0.3655169654204815,81.65374677002563
Q4_vs_no_interaction,Q4,no_interaction,Ccl4,37206,0.8090349075975294,0.6159909909909718,0.19304391660655762,1.359066736734059,21.852653449080865,9.899712021882891,2.1308578642549914,1.3506145933185938,0.7802432709363976,1.1344368780019651,10.60462057401979,629.1004140184042,0.5732648518605081,2.7627908112164422e-24,True,2.665230644392525e-23,487,2664,True,True,Cytotoxic_chemokine,23,4,True,63.250513347022114,4,8,-0.15858925656667158,80.90349075975294
Q4R7_vs_no_interaction,Q4R7,no_interaction,Ccl4,28432,0.8281938325991205,0.6159909909909718,0.21220284160814873,1.536969488010559,23.043103364039187,9.899712021882891,2.1269014273688986,1.3506145933185938,0.7762868340503049,1.2106238820185355,7.305626920006755,255.0312698320384,0.575614995491444,3.5323040196468887e-12,True,3.7434394644576e-11,227,2664,True,True,Cytotoxic_chemokine,23,5,True,64.62995594713668,5,8,0.24083708330894477,82.81938325991204
T4_vs_no_interaction,T4,no_interaction,Ccl4,35250,0.8353221957040632,0.6159909909909718,0.21933120471309142,1.6068917523890704,22.42849523429626,9.899712021882891,2.1227268831582546,1.3506145933185938,0.7721122898396608,1.1717925006441967,10.189297437258515,532.9913185545624,0.5727737882903271,2.1390559048727687e-22,True,2.5579768031192616e-21,419,2664,True,True,Cytotoxic_chemokine,23,6,True,65.14319809069255,6,8,0.037255426110652655,83.53221957040631
Q7_vs_no_interaction,Q7,no_interaction,Ccl4,29992,0.7731958762886576,0.6159909909909718,0.15720488529768584,1.057765687159216,21.414374950260534,9.899712021882891,2.0316482914498533,1.3506145933185938,0.6810336981312595,1.1053424738303783,7.208802580154826,338.2393734925817,0.5033209579999233,3.711792568288006e-12,True,3.264348393467991e-11,291,2664,True,True,Cytotoxic_chemokine,23,7,True,60.67010309278335,7,8,-0.31112276958670376,77.31958762886576
Q4H7_vs_no_interaction,Q4H7,no_interaction,Ccl4,33077,0.7985436893203881,0.6159909909909718,0.18255269832941634,1.2670528372138363,19.22879122043362,9.899712021882891,1.93802276048131,1.3506145933185938,0.5874081671627163,0.9507929644929581,7.506439878088275,515.8383174006572,0.4339018243262809,2.6865118775307445e-13,True,1.9287147056689067e-12,412,2664,True,True,Cytotoxic_chemokine,23,8,True,62.49514563106794,8,8,-1.1213809709827296,79.85436893203881
V4_vs_no_interaction,V4,no_interaction,Ccl4,30992,0.7932098765432128,0.6159909909909718,0.17721888555224108,1.2215647001371273,21.47808691674207,9.899712021882891,1.9375317476944705,1.3506145933185938,0.5869171543758767,1.1096085102126634,6.573457751435816,383.9582680581957,0.4334771647996476,1.6068125980002574e-10,True,1.1597266684401236e-09,324,2664,True,True,Cytotoxic_chemokine,23,9,True,62.11111111111133,9,8,-0.2887571795500916,79.32098765432129
D4_vs_no_interaction,D4,no_interaction,Ccl4,27991,0.7330508474576256,0.6159909909909718,0.11705985646665384,0.755926537446161,24.90829558242823,9.899712021882891,1.8723588174664747,1.3506145933185938,0.5217442241478809,1.3224482823633315,4.69611217538581,262.3967971925158,0.38374719590715717,4.279195355730566e-06,True,3.346052327387608e-05,236,2664,True,True,Cytotoxic_chemokine,23,10,True,57.77966101694904,10,8,0.8270999442135791,73.30508474576256
G4_vs_no_interaction,G4,no_interaction,Ccl4,25133,0.7538461538461521,0.6159909909909718,0.1378551628551803,0.9083582630884267,26.920981626510773,9.899712021882891,1.8456424091128738,1.3506145933185938,0.49502781579428,1.4341216333420703,3.302622186376974,136.96851965993966,0.36717536700488246,0.0012219985501649507,True,0.005317776969587503,130,2664,True,True,Cytotoxic_chemokine,23,11,True,59.27692307692295,11,8,1.4125708971517108,75.3846153846152
E1_vs_no_interaction,E1,no_interaction,Ccl4,26309,0.7456647398843951,0.6159909909909718,0.1296737488934233,0.8474641480365456,27.704657693703318,9.899712021882891,1.8397729129430844,1.3506145933185938,0.48915831962449063,1.4753681231279248,3.776648521156087,186.44427930065982,0.36157374127292913,0.00021362868121704926,True,0.001353467734443399,173,2664,True,True,Cytotoxic_chemokine,23,12,True,58.68786127167645,12,8,1.6288142664840657,74.56647398843951
CATNB_vs_no_interaction,CATNB,no_interaction,Ccl4,23572,0.6388888888888876,0.6159909909909718,0.022897897897915853,0.1382069890372856,17.088246646537108,9.899712021882891,1.645570754821046,1.3506145933185938,0.2949561615024523,0.7814639317021639,2.219218162437671,154.3722838810995,0.21966141464626038,0.02793028272308611,True,0.09429160310582774,144,2664,False,False,Cytotoxic_chemokine,23,13,False,50.99999999999991,13,8,-2.009123922360564,63.888888888888765
LCMV_vs_no_interaction,LCMV,no_interaction,Ccl4,23608,0.7559055118110225,0.6159909909909718,0.13991452082005074,0.9238880626095866,18.89849258155222,9.899712021882891,1.7558032546796585,1.3506145933185938,0.4051886613610647,0.9259265008044189,2.938923843676758,135.2756346004867,0.30253426871658484,0.003873885622258602,True,0.026842648271989705,127,2664,True,True,Cytotoxic_chemokine,23,14,True,59.42519685039362,14,8,-1.2517486197040641,75.59055118110226
TB_vs_no_interaction,TB,no_interaction,Ccl4,24429,0.711656441717791,0.6159909909909718,0.0956654507268192,0.606424273630373,19.158183916353863,9.899712021882891,1.6663744199597215,1.3506145933185938,0.31575982664112767,0.9455132077473144,2.5268316840617637,176.68270743973437,0.23491308756482368,0.012387503529694519,True,0.05717750471808072,163,2664,False,False,Cytotoxic_chemokine,23,15,False,56.23926380368095,15,8,-1.149061202533604,71.16564417177909
MCMV_vs_no_interaction,MCMV,no_interaction,Ccl4,22349,0.7922077922077924,0.6159909909909718,0.1762168012168206,1.2131103644203938,23.51948972212194,9.899712021882891,1.9871383388580643,1.3506145933185938,0.6365237455394706,1.2400193439985168,3.5477231492221515,79.23313998865122,0.47619991720465216,0.0006564217079610992,True,0.0074600779713693164,77,2664,True,True,Cytotoxic_chemokine,23,16,True,62.03896103896105,16,8,0.3949489550011699,79.22077922077924
multi_peptide_vs_no_interaction,multi_peptide,no_interaction,Ifng,159176,0.6379414977546288,0.386636636636631,0.2513048611179978,1.4525894949710965,8.376621655162479,3.619709240738871,1.1601310651820131,0.7139915271737126,0.44613953800830053,1.188299541087563,17.866536506229064,5476.709260697991,0.3587579354094925,1.9473114710210862e-69,True,1.0584351604940017e-68,8239,2664,True,True,Cytotoxic_chemokine,24,0,True,50.93178783833328,0,7,1.1746021487671672,63.794149775462884
N4_vs_no_interaction,N4,no_interaction,Ifng,10674,0.54077253218884,0.386636636636631,0.15413589555220902,0.8834245668295091,5.608770738030451,3.619709240738871,0.9226524982661924,0.7139915271737126,0.20866097109247983,0.6179902711287066,3.574662140315113,602.4513635187922,0.19397245880056135,0.00037877172073633674,True,0.0008533826663254945,466,2664,True,True,Cytotoxic_chemokine,24,1,True,43.93562231759648,1,7,-0.23484712792084833,54.077253218884
A2_vs_no_interaction,A2,no_interaction,Ifng,9438,0.5479452054794505,0.386636636636631,0.16130856884281947,0.9243149196603294,4.886151742142428,3.619709240738871,0.9390901249744029,0.7139915271737126,0.2250985978006903,0.42273693431982395,3.564294550633766,453.6062286836736,0.21095935724474563,0.0004035306623431702,True,0.0010088800753260674,365,2664,True,False,Cytotoxic_chemokine,24,2,False,44.452054794520436,2,7,-0.7173917556033947,54.79452054794505
Y3_vs_no_interaction,Y3,no_interaction,Ifng,10027,0.5736434108527142,0.386636636636631,0.1870067742160832,1.071835034676509,6.09602272907087,3.619709240738871,1.0432151397859613,0.7139915271737126,0.32922361261224864,0.7361525821152721,5.085248242930196,475.6450012490656,0.3057276514376961,5.290437187092955e-07,True,2.1247187172982752e-06,387,2664,True,True,Cytotoxic_chemokine,24,3,True,46.30232558139542,3,7,0.05717650298350994,57.36434108527142
Q4_vs_no_interaction,Q4,no_interaction,Ifng,11409,0.5462012320328509,0.386636636636631,0.15956459539621987,0.9143633764341995,5.52114824564639,3.619709240738871,0.9398958320172623,0.7139915271737126,0.22590430484354973,0.5956750090739679,3.9512796674086834,636.8884626241577,0.20992616916994272,8.642670307593299e-05,True,0.00022256056734717717,487,2664,True,True,Cytotoxic_chemokine,24,4,True,44.32648870636526,4,7,-0.2899965558170916,54.62012320328509
Q4R7_vs_no_interaction,Q4R7,no_interaction,Ifng,9287,0.559471365638766,0.386636636636631,0.17283472900213498,0.9902599226454835,7.059075625435521,3.619709240738871,1.0899526575077285,0.7139915271737126,0.3759611303340159,0.9445834654881827,4.323472303651332,253.2149809086533,0.3497334285328514,2.2098771593454126e-05,True,9.176008187023738e-05,227,2664,True,True,Cytotoxic_chemokine,24,5,True,45.28193832599115,5,7,0.5722878176401813,55.9471365638766
T4_vs_no_interaction,T4,no_interaction,Ifng,13292,0.5894988066825784,0.386636636636631,0.20286217004594737,1.163902410964851,8.418768778675446,3.619709240738871,1.1688426958781841,0.7139915271737126,0.4548511687044715,1.1954550778747632,6.72822196171322,505.81813054547985,0.41510899675769086,4.6623025063642654e-11,True,2.439039245064942e-10,419,2664,True,True,Cytotoxic_chemokine,24,6,True,47.44391408114564,6,7,1.1922861786090133,58.94988066825783
Q7_vs_no_interaction,Q7,no_interaction,Ifng,10273,0.5189003436426104,0.386636636636631,0.1322637070059794,0.7592355233968023,6.777227600903901,3.619709240738871,0.9858011405409943,0.7139915271737126,0.2718096133672817,0.8866372378706955,3.5349501038335553,335.70687398935524,0.25199278860523433,0.00046507900603103686,True,0.0014407875847528568,291,2664,True,True,Cytotoxic_chemokine,24,7,True,42.36082474226795,7,7,0.429080836964313,51.89003436426104
Q4H7_vs_no_interaction,Q4H7,no_interaction,Ifng,12110,0.54126213592233,0.386636636636631,0.15462549928569896,0.8862125966444194,7.591326702002734,3.619709240738871,1.0685408923125996,0.7139915271737126,0.354549365138887,1.048042620513822,5.231832199556571,496.8833887641809,0.32409603878602494,2.479164346782023e-07,True,1.0572675501546172e-06,412,2664,True,True,Cytotoxic_chemokine,24,8,True,43.97087378640776,8,7,0.827974405424666,54.126213592233
V4_vs_no_interaction,V4,no_interaction,Ifng,11127,0.5493827160493846,0.386636636636631,0.1627460794127536,0.9325225543716701,7.873900457267034,3.619709240738871,1.0585369646102125,0.7139915271737126,0.3445454374364999,1.1000957411583534,4.5776920279120406,376.3583196573696,0.3172855663267906,6.396553114329398e-06,True,2.7069513384512884e-05,324,2664,True,True,Cytotoxic_chemokine,24,9,True,44.55555555555569,9,7,0.956617296407451,54.93827160493846
D4_vs_no_interaction,D4,no_interaction,Ifng,7778,0.5084745762711855,0.386636636636631,0.12183793963455453,0.7002058340393263,4.707119924741362,3.619709240738871,0.8041991476154421,0.7139915271737126,0.09020762044172947,0.36998294098743756,1.2081736367202178,274.58259288214674,0.08507709108154463,0.22801997771995977,True,0.3699926661196353,236,2664,False,False,Cytotoxic_chemokine,24,10,False,41.610169491525355,10,7,-0.847766767305555,50.84745762711855
G4_vs_no_interaction,G4,no_interaction,Ifng,7715,0.46923076923076845,0.386636636636631,0.08259413259413745,0.47796289762651234,7.382635067202611,3.619709240738871,0.8997754834681393,0.7139915271737126,0.18578395629442668,1.0083565613843959,1.6119459652186414,137.5317538611291,0.173866616866748,0.10926619170303893,True,0.2242821764638569,130,2664,False,False,Cytotoxic_chemokine,24,11,False,38.78461538461533,11,7,0.729895187216267,46.92307692307685
E1_vs_no_interaction,E1,no_interaction,Ifng,7927,0.4624277456647397,0.386636636636631,0.0757911090281087,0.4392997737073737,6.770311212112381,3.619709240738871,0.8704465826824368,0.7139915271737126,0.15645505550872418,0.8851855975752267,1.6165333408240499,188.45611147479283,0.14638678043752076,0.1076517594920487,True,0.2269368542840446,173,2664,False,False,Cytotoxic_chemokine,24,12,False,38.29479768786126,12,7,0.4254932863628521,46.24277456647397
CATNB_vs_no_interaction,CATNB,no_interaction,Ifng,7097,0.43055555555555497,0.386636636636631,0.043918918918923966,0.2569090368592594,4.807411591450023,3.619709240738871,0.8372549947970782,0.7139915271737126,0.1232634676233656,0.39977242301769195,1.2370587560657949,155.86106466291116,0.11600840648953038,0.21792587829740415,True,0.41619526865718187,144,2664,False,False,Cytotoxic_chemokine,24,13,False,35.99999999999996,13,7,-0.7741457232297999,43.0555555555555
LCMV_vs_no_interaction,LCMV,no_interaction,Ifng,7060,0.3937007874015743,0.386636636636631,0.007064150764943322,0.04191087653373457,4.8884760650642,3.619709240738871,0.7079024078937605,0.7139915271737126,-0.006089119279952149,0.42340929809683364,-0.05979352885762817,136.82072799424452,-0.005746610973722953,0.9524073273690403,True,0.9779074427700347,127,2664,False,False,Cytotoxic_chemokine,24,14,False,33.34645669291335,14,7,-0.715730091153778,39.37007874015743
TB_vs_no_interaction,TB,no_interaction,Ifng,6878,0.40490797546012314,0.386636636636631,0.018271338823492134,0.10789224373073004,2.6740765296865394,3.619709240738871,0.6245289298946985,0.7139915271737126,-0.08946259727901407,-0.42318226582476964,-1.1544725248090695,187.14673053614283,-0.08513327742023456,0.24977854647284695,True,0.4649782700637183,163,2664,False,False,Cytotoxic_chemokine,24,15,False,34.153374233128865,15,7,-2.8079771056649787,40.49079754601232
MCMV_vs_no_interaction,MCMV,no_interaction,Ifng,6660,0.5714285714285715,0.386636636636631,0.1847919347919405,1.0590455625711184,6.03595330832928,3.619709240738871,1.114729712616555,0.7139915271737126,0.40073818544284234,0.7220976503563266,2.804557631582414,79.21667933088811,0.37734381626621616,0.0063355159253652505,True,0.041041956065308124,77,2664,True,True,Cytotoxic_chemokine,24,16,True,46.142857142857146,16,7,0.022441466320026675,57.14285714285715
multi_peptide_vs_no_interaction,multi_peptide,no_interaction,Gzmb,252717,0.8329894404662064,0.6186186186185992,0.21437082184760714,1.5680692564700867,14.059616100692425,7.886111879372288,1.8972681786268284,1.3361513809903889,0.5611167976364395,0.8262169629276157,19.464990342529212,4760.680305060774,0.4204199698097157,2.9115768114362232e-81,True,1.7831113221614147e-80,8239,2664,True,True,Cytotoxic_chemokine,25,0,True,64.97523971356685,0,6,0.7146536510395305,83.29894404662063
N4_vs_no_interaction,N4,no_interaction,Gzmb,19962,0.7210300429184574,0.6186186186185992,0.10241142429985817,0.6554013108508926,9.066936493461137,7.886111879372288,1.4159342429510793,1.3361513809903889,0.0797828619606904,0.19894639566902864,1.2348689994629385,634.0244232166432,0.06254676998860507,0.21733669543033834,True,0.2837633993156495,466,2664,False,False,Cytotoxic_chemokine,25,1,False,56.91416309012893,1,6,-1.5012554942636633,72.10300429184574
A2_vs_no_interaction,A2,no_interaction,Gzmb,17262,0.7287671232876689,0.6186186186185992,0.11014850466906967,0.7097445298084369,7.818004233525007,7.886111879372288,1.3479085450780428,1.3361513809903889,0.011757164087653926,-0.012356444441182715,0.17086139204251063,477.84810711251185,0.009273915021246745,0.8644050777381955,True,0.901827444021254,365,2664,False,False,Cytotoxic_chemokine,25,2,False,57.471232876712165,2,6,-2.2477083333871235,72.87671232876689
Y3_vs_no_interaction,Y3,no_interaction,Gzmb,18956,0.7260981912144694,0.6186186186185992,0.10747957259587015,0.6908963089061968,11.215709068853124,7.886111879372288,1.5618965926666581,1.3361513809903889,0.22574521167626926,0.5027618018013079,3.057336462909237,487.96597624459065,0.1755762877727389,0.0023556756371148633,True,0.005551405179734527,387,2664,True,True,Cytotoxic_chemokine,25,3,True,57.2790697674418,3,6,-0.4279908265545066,72.60981912144693
Q4_vs_no_interaction,Q4,no_interaction,Gzmb,21411,0.7782340862422936,0.6186186186185992,0.15961546762369438,1.0823458597430198,10.845713024004747,7.886111879372288,1.6531711733521277,1.3361513809903889,0.31701979236173883,0.4548007491162811,4.886625495488953,660.7221394247102,0.24744044976746993,1.2886867705540027e-06,True,4.066244664369426e-06,487,2664,True,False,Cytotoxic_chemokine,25,4,False,61.03285420944514,4,6,-0.5974190459074278,77.82340862422936
Q4R7_vs_no_interaction,Q4R7,no_interaction,Gzmb,16253,0.7665198237885473,0.6186186186185992,0.1479012051699481,0.989608564040973,9.700511338374902,7.886111879372288,1.6207483692020745,1.3361513809903889,0.28459698821168566,0.2953637401427347,3.20934054683222,265.34091038070756,0.2233886681617609,0.001493981680712612,True,0.004377277145562621,227,2664,True,False,Cytotoxic_chemokine,25,5,False,60.18942731277541,5,6,-1.1606495635265093,76.65198237885474
T4_vs_no_interaction,T4,no_interaction,Gzmb,22326,0.7947494033412938,0.6186186186185992,0.1761307847226946,1.2189124887929452,13.57774954906933,7.886111879372288,1.8622523720336566,1.3361513809903889,0.5261009910432677,0.7762656894876289,7.42760606833444,539.7433209316176,0.40935538524794385,4.3463873553907443e-13,True,2.6590816971285513e-12,419,2664,True,True,Cytotoxic_chemokine,25,6,True,62.22195704057316,6,6,0.5381947361585818,79.47494033412939
Q7_vs_no_interaction,Q7,no_interaction,Gzmb,18559,0.7697594501718191,0.6186186186185992,0.1511408315532199,1.0149395737817795,13.437785679559305,7.886111879372288,1.8097659766056517,1.3361513809903889,0.47361459561526287,0.7614265941715361,5.637203603284342,346.9612648150426,0.36913553331803756,3.58390427520013e-08,True,2.0341490749326284e-07,291,2664,True,True,Cytotoxic_chemokine,25,7,True,60.42268041237098,7,6,0.48577383721115797,76.97594501718191
Q4H7_vs_no_interaction,Q4H7,no_interaction,Gzmb,21154,0.815533980582524,0.6186186186185992,0.19691536196392478,1.4021996401559298,12.735139396607622,7.886111879372288,1.8520017308086305,1.3361513809903889,0.5158503498182416,0.6845337761638447,7.487065618052584,538.9477328726632,0.4037623532583668,2.8931327427162196e-13,True,2.070735009463503e-12,412,2664,True,True,Cytotoxic_chemokine,25,8,True,63.71844660194173,8,6,0.21414065764713622,81.5533980582524
V4_vs_no_interaction,V4,no_interaction,Gzmb,20069,0.7993827160493857,0.6186186186185992,0.18076409743078647,1.25858833118769,14.75205136734736,7.886111879372288,1.9402691142721793,1.3361513809903889,0.6041177332817904,0.8950970217342873,7.51970329900507,393.2278862406433,0.4702231519563523,3.7575741794482326e-13,True,3.5221096420680763e-12,324,2664,True,True,Cytotoxic_chemokine,25,9,True,62.55555555555577,9,6,0.9579807896071594,79.93827160493858
D4_vs_no_interaction,D4,no_interaction,Gzmb,16227,0.6949152542372867,0.6186186186185992,0.07629663561868749,0.47810003813336055,12.600340040424491,7.886111879372288,1.6152159788477525,1.3361513809903889,0.2790645978573636,0.6693019361154392,2.8863205262113776,268.7486469604651,0.21680202354653477,0.0042142345568169,True,0.01482040978336879,236,2664,True,True,Cytotoxic_chemokine,25,10,True,55.03389830508465,10,6,0.16033234043153977,69.49152542372867
G4_vs_no_interaction,G4,no_interaction,Gzmb,15653,0.8076923076923057,0.6186186186185992,0.18907368907370647,1.3313970156452801,15.637088259459041,7.886111879372288,1.9855481902070629,1.3361513809903889,0.649396809216674,0.9786034439012236,5.234782514654889,139.8284905685886,0.5078791103951937,5.926487658349094e-07,True,5.594436222172087e-06,130,2664,True,True,Cytotoxic_chemokine,25,11,True,63.15384615384601,11,6,1.2529773257589683,80.76923076923057
E1_vs_no_interaction,E1,no_interaction,Gzmb,15359,0.7687861271676323,0.6186186186185992,0.15016750854903305,1.0073044256438466,11.468860150650144,7.886111879372288,1.672352754513842,1.3361513809903889,0.33620137352345303,0.534681538212438,3.210961453956996,192.76685824236662,0.2632218835555235,0.0015500967517870544,True,0.00749568455713518,173,2664,True,True,Cytotoxic_chemokine,25,12,True,60.352601156069525,12,6,-0.31523049708741047,76.87861271676323
CATNB_vs_no_interaction,CATNB,no_interaction,Gzmb,14821,0.7222222222222207,0.6186186186185992,0.10360360360362142,0.6637164907279822,11.11634421074679,7.886111879372288,1.5863224904405615,1.3361513809903889,0.2501711094501726,0.4900373407370346,2.1748426416104767,157.09922715986897,0.19588465900550864,0.031137564469095103,True,0.10257545276303136,144,2664,False,False,Cytotoxic_chemokine,25,13,False,56.999999999999886,13,6,-0.47294152424881436,72.22222222222207
LCMV_vs_no_interaction,LCMV,no_interaction,Gzmb,14593,0.748031496062991,0.6186186186185992,0.12941287744439178,0.8492545475265847,13.756306531015241,7.886111879372288,1.8057558301242458,1.3361513809903889,0.4696044491338569,0.7949775627288033,3.6613227897930694,135.85568065320962,0.36684378096243614,0.0003583311715061532,True,0.004256438495180567,127,2664,True,True,Cytotoxic_chemokine,25,14,True,58.85826771653535,14,6,0.6042966915270367,74.8031496062991
TB_vs_no_interaction,TB,no_interaction,Gzmb,15202,0.748466257668711,0.6186186186185992,0.12984763905011176,0.8524780324442097,12.755041393128762,7.886111879372288,1.6971202484579158,1.3361513809903889,0.3609688674675269,0.6867690673565201,3.26558329712246,179.39648002157756,0.28216100924995985,0.0013085603216114663,True,0.009679894283445744,163,2664,True,True,Cytotoxic_chemokine,25,15,True,58.88957055214719,15,6,0.22203709413691528,74.8466257668711
MCMV_vs_no_interaction,MCMV,no_interaction,Gzmb,14185,0.7402597402597404,0.6186186186185992,0.12164112164114116,0.7922094019019741,16.656316584836322,7.886111879372288,1.9270009400825725,1.3361513809903889,0.5908495590921836,1.0691398587901628,3.4230203983529397,79.20112602578736,0.46159756297264354,0.0009829675986392002,True,0.010208597736434325,77,2664,True,True,Cytotoxic_chemokine,25,16,True,58.29870129870131,16,6,1.5728081614574343,74.02597402597404
multi_peptide_vs_no_interaction,multi_peptide,no_interaction,Nkg7,131237,0.9384634057533009,0.6051051051050865,0.33335830064821437,3.1255532744424914,7.6470573946412665,4.32692604687824,1.8643851997423972,1.1409757610817781,0.7234094386606191,0.8073431550387286,32.58500417350982,3794.654301984722,0.8182292937572392,1.4188835051228483e-205,True,2.4478890737581217e-204,8239,2664,True,True,Cytotoxic_chemokine,26,0,True,72.56936521423766,0,5,1.0751512314398755,93.84634057533009
N4_vs_no_interaction,N4,no_interaction,Nkg7,12903,0.8648068669527951,0.6051051051050865,0.25970176184770855,1.9877058260895666,6.621887890351152,4.32692604687824,1.6467760784036274,1.1409757610817781,0.5058003173218493,0.6025612081633139,10.572167902167152,684.5290216581702,0.4911654820911454,2.6614633064961426e-24,True,2.2670505532780542e-23,466,2664,True,True,Cytotoxic_chemokine,26,1,True,67.26609442060125,1,5,-0.6430302206192529,86.4806866952795
A2_vs_no_interaction,A2,no_interaction,Nkg7,11587,0.8712328767123259,0.6051051051050865,0.2661277716072393,2.0635720177643946,6.740809146013333,4.32692604687824,1.6485360653546837,1.1409757610817781,0.5075603042729055,0.6278617073741122,9.57450696211035,497.0755430794258,0.4914316357383944,4.827432893271113e-20,True,4.421479031150255e-19,365,2664,True,True,Cytotoxic_chemokine,26,2,True,67.72876712328747,2,5,-0.430751505941943,87.12328767123259
Y3_vs_no_interaction,Y3,no_interaction,Nkg7,11640,0.8527131782945712,0.6051051051050865,0.24760807318948463,1.8521976976721701,6.357323094314372,4.32692604687824,1.6496610140678594,1.1409757610817781,0.5086852529860812,0.5446309416331659,10.066883173356674,545.0109527835355,0.4942096349903952,5.606596670468186e-22,True,8.61501439608526e-21,387,2664,True,True,Cytotoxic_chemokine,26,3,True,66.39534883720913,3,5,-1.1290823896881257,85.27131782945712
Q4_vs_no_interaction,Q4,no_interaction,Nkg7,13191,0.8542094455852085,0.6051051051050865,0.24910434048012198,1.868487737100795,6.70811480819854,4.32692604687824,1.673731476892379,1.1409757610817781,0.5327557158106009,0.6209500930368754,11.305452210974535,724.3948269367456,0.5174082142009288,2.089682050764573e-27,True,2.367217948131743e-26,487,2664,True,True,Cytotoxic_chemokine,26,4,True,66.50308008213501,4,5,-0.48874200627277,85.42094455852084
Q4R7_vs_no_interaction,Q4R7,no_interaction,Nkg7,10243,0.8237885462555081,0.6051051051050865,0.2186834411504216,1.5594542423622428,7.170416736805073,4.32692604687824,1.6729735630638656,1.1409757610817781,0.5319978019820875,0.7157327881181625,7.5526629100380305,268.3884617079488,0.51000156126351,6.708081082179048e-13,True,7.649461431359252e-12,227,2664,True,True,Cytotoxic_chemokine,26,5,True,64.31277533039659,5,5,0.30651300106398827,82.37885462555082
T4_vs_no_interaction,T4,no_interaction,Nkg7,12615,0.8663484486873574,0.6051051051050865,0.26124334358227086,2.0056455505032216,7.27889365220963,4.32692604687824,1.7275225994196202,1.1409757610817781,0.586546838337842,0.7370992503297612,11.510200173288686,586.3046145391717,0.5673478693666887,8.791926975350439e-28,True,1.528925762471656e-26,419,2664,True,True,Cytotoxic_chemokine,26,6,True,67.37708830548974,6,5,0.48578397503527104,86.63484486873574
Q7_vs_no_interaction,Q7,no_interaction,Nkg7,11010,0.8694158075601349,0.6051051051050865,0.2643107024550484,2.0418255844535578,7.29056991553468,4.32692604687824,1.724638105297209,1.1409757610817781,0.583662344215431,0.7393803474904427,9.825385999153436,370.61002232084655,0.5630417414064703,2.1139222406893268e-20,True,4.383335206193802e-19,291,2664,True,True,Cytotoxic_chemokine,26,7,True,67.59793814432972,7,5,0.5049230587857156,86.9415807560135
Q4H7_vs_no_interaction,Q4H7,no_interaction,Nkg7,12689,0.8762135922330094,0.6051051051050865,0.2711084871279229,2.1244374068033163,7.436561706361901,4.32692604687824,1.7970911617428673,1.1409757610817781,0.6561154006610892,0.7676012212622803,13.400037830271238,594.280643547201,0.6384379082516273,5.7456572777677454e-36,True,2.1459573927916674e-34,412,2664,True,True,Cytotoxic_chemokine,26,8,True,68.08737864077668,8,5,0.7417045847723436,87.62135922330094
V4_vs_no_interaction,V4,no_interaction,Nkg7,10769,0.8641975308642008,0.6051051051050865,0.2590924257591143,1.980658654888955,6.625534383135071,4.32692604687824,1.6813024598767006,1.1409757610817781,0.5403266987949225,0.6033436298167655,9.961378781244042,434.75039571713705,0.52399259816262,3.431701521776292e-21,True,6.654921802876821e-20,324,2664,True,True,Cytotoxic_chemokine,26,9,True,67.22222222222246,9,5,-0.6364654701949014,86.41975308642009
D4_vs_no_interaction,D4,no_interaction,Nkg7,9978,0.8601694915254219,0.6051051051050865,0.25506438642033535,1.9346795244028951,7.483662089479787,4.32692604687824,1.7547710535244743,1.1409757610817781,0.6137952924426961,0.7765894095137325,9.323070810929643,286.4216777944438,0.5908249874541286,3.1705153608572853e-18,True,1.556791225306967e-16,236,2664,True,True,Cytotoxic_chemokine,26,10,True,66.93220338983038,10,5,0.817118157974948,86.01694915254218
G4_vs_no_interaction,G4,no_interaction,Nkg7,9184,0.9230769230769207,0.6051051051050865,0.31797181797183416,2.820899375924209,8.23012369622841,4.32692604687824,1.8962685779383104,1.1409757610817781,0.7552928168565323,0.9120326457277644,9.558183182483912,147.74290779163852,0.727679100666456,3.767356696989964e-17,True,2.2500296375548393e-15,130,2664,True,True,Cytotoxic_chemokine,26,11,True,71.46153846153828,11,5,1.9535272009624773,92.30769230769207
E1_vs_no_interaction,E1,no_interaction,Nkg7,9330,0.8150289017341067,0.6051051051050865,0.20992379662902017,1.4778988822750279,7.142994295078848,4.32692604687824,1.6756455576056388,1.1409757610817781,0.5346697965238607,0.7102809659820337,6.711575440907598,196.53217620154425,0.5124053590118983,2.0110856133287057e-10,True,4.900433143025947e-09,173,2664,True,True,Cytotoxic_chemokine,26,12,True,63.68208092485568,12,5,0.26077059155402904,81.50289017341066
CATNB_vs_no_interaction,CATNB,no_interaction,Nkg7,8867,0.7916666666666649,0.6051051051050865,0.18656156156157833,1.2731845854515058,5.9289688544279855,4.32692604687824,1.5103467768687144,1.1409757610817781,0.3693710157869363,0.4456060034662064,4.356954842069268,160.80355667312378,0.3543094217504201,2.3424105500975098e-05,True,0.00029414585593824747,144,2664,True,False,Cytotoxic_chemokine,26,13,False,61.99999999999987,13,5,-1.9599310784804223,79.16666666666649
LCMV_vs_no_interaction,LCMV,no_interaction,Nkg7,8645,0.7716535433070855,0.6051051051050865,0.16654843820199894,1.110183620425102,6.396798965949289,4.32692604687824,1.5194415705892497,1.1409757610817781,0.37846580950747155,0.5534237907773162,3.969977572880643,138.178849577537,0.36197274287935105,0.00011509163859684458,True,0.001654233131819267,127,2664,True,True,Cytotoxic_chemokine,26,14,True,60.55905511811015,14,5,-1.0553077697045383,77.16535433070855
TB_vs_no_interaction,TB,no_interaction,Nkg7,8917,0.8098159509202444,0.6051051051050865,0.20471084581515786,1.4306875405885982,6.527929264214412,4.32692604687824,1.6166388697422027,1.1409757610817781,0.4756631086604246,0.582252932665001,5.997649925724807,185.33830001267006,0.45663518719788204,1.0275426125868255e-08,True,4.1720089876658756e-07,163,2664,True,True,Cytotoxic_chemokine,26,15,True,63.306748466257595,15,5,-0.8134226932806078,80.98159509202443
MCMV_vs_no_interaction,MCMV,no_interaction,Nkg7,8434,0.7662337662337664,0.6051051051050865,0.16112866112867985,1.0677073958136618,7.606262386938119,4.32692604687824,1.5974068067268072,1.1409757610817781,0.4564310456450291,0.7997260354995757,3.4790482265321656,79.75493472637753,0.4355147758079538,0.0008183152694625057,True,0.008808187859314398,77,2664,True,True,Cytotoxic_chemokine,26,16,True,60.168831168831176,16,5,1.0112413325939,76.62337662337664
multi_peptide_vs_no_interaction,multi_peptide,no_interaction,Xcl1,250406,0.8518024032044108,0.44782282282281355,0.40397958038159726,2.741864939118074,14.266839826486866,5.46845248744865,1.9356681114210916,0.8703654682161802,1.0653026432049115,1.3673944039636592,40.43598882195981,4919.0092640684,0.8577298040183726,6.59649036279896e-309,True,3.619870671969847e-307,8239,2664,True,True,Cytotoxic_chemokine,27,0,True,66.32977303071758,0,4,0.9879197162824682,85.18024032044109
N4_vs_no_interaction,N4,no_interaction,Xcl1,23976,0.83690987124464,0.44782282282281355,0.38908704842182645,2.5869204955881115,13.330445702790971,5.46845248744865,1.926685597811475,0.8703654682161802,1.0563201295952949,1.2701588296734583,17.052523306833592,611.8167004585135,0.9052179551562491,1.2365049157522456e-53,True,5.615743856612591e-52,466,2664,True,True,Cytotoxic_chemokine,27,1,True,65.25751072961408,1,4,0.623320536336353,83.690987124464
A2_vs_no_interaction,A2,no_interaction,Xcl1,22607,0.7671232876712304,0.44782282282281355,0.31930046484841684,1.9741548291381235,16.084921066491063,5.46845248744865,1.8942650257716744,0.8703654682161802,1.0238995575554943,1.539301976405721,13.408373875255702,434.7022322376461,0.8646725338587876,1.4953568846877123e-34,True,3.512600761717927e-33,365,2664,True,True,Cytotoxic_chemokine,27,2,True,60.23287671232859,2,4,1.6325126072735954,76.71232876712304
Y3_vs_no_interaction,Y3,no_interaction,Xcl1,20759,0.7493540051679575,0.44782282282281355,0.3015311823451439,1.8389164262862834,13.229894402395253,5.46845248744865,1.6525689200893985,0.8703654682161802,0.7822034518732183,1.2593169984727748,10.90598397505539,472.48132983589676,0.6640972341929683,7.460641281412563e-25,True,1.5129412040632774e-23,387,2664,True,True,Cytotoxic_chemokine,27,3,True,58.953488372092934,3,4,0.582667485292649,74.93540051679575
Q4_vs_no_interaction,Q4,no_interaction,Xcl1,23504,0.7679671457905484,0.44782282282281355,0.3201443229677348,1.9807418354239217,12.347852064308933,5.46845248744865,1.726351071807985,0.8703654682161802,0.8559856035918049,1.160548466756813,13.327724833999318,626.610203061886,0.7246168041980735,7.42136814791123e-36,True,1.2694445516163947e-34,487,2664,True,True,Cytotoxic_chemokine,27,4,True,60.29363449691948,4,4,0.21232025454923328,76.79671457905484
Q4R7_vs_no_interaction,Q4R7,no_interaction,Xcl1,18183,0.7312775330396484,0.44782282282281355,0.2834547102168348,1.7074199892540132,13.961638612871386,5.46845248744865,1.6876845839826509,0.8703654682161802,0.8173191157664706,1.336416369332376,8.520544504287978,252.5577291128082,0.6961318627318795,1.4561487746447923e-15,True,2.2446352846838568e-14,227,2664,True,True,Cytotoxic_chemokine,27,5,True,57.65198237885468,5,4,0.871762989638376,73.12775330396484
T4_vs_no_interaction,T4,no_interaction,Xcl1,21810,0.7422434367541806,0.44782282282281355,0.29442061393136704,1.7865131768818057,12.783582376625507,5.46845248744865,1.6501362804648139,0.8703654682161802,0.7797708122486336,1.2101854482356902,11.28139998386136,519.9392494696054,0.661175139640268,1.487717746735909e-26,True,2.3503960075303587e-25,419,2664,True,True,Cytotoxic_chemokine,27,6,True,58.441527446301,6,4,0.39844146455192864,74.22434367541805
Q7_vs_no_interaction,Q7,no_interaction,Xcl1,18734,0.7044673539518881,0.44782282282281355,0.25664453112907454,1.521777053646346,11.61759758019592,5.46845248744865,1.545790842090079,0.8703654682161802,0.6754253738738988,1.073328455977998,8.135811868098813,336.7539409705593,0.5749336794575303,7.974129345636879e-15,True,9.23158820398731e-14,291,2664,True,True,Cytotoxic_chemokine,27,7,True,55.721649484535945,7,4,-0.11472408736968871,70.44673539518881
Q4H7_vs_no_interaction,Q4H7,no_interaction,Xcl1,20360,0.7208737864077668,0.44782282282281355,0.27305096358495323,1.6341583755123492,10.032902096995327,5.46845248744865,1.4391829028436511,0.8703654682161802,0.5688174346274709,0.8636990728311376,8.387696326524171,515.8114394321746,0.4848852239482441,4.772015538783887e-16,True,4.217296737186287e-15,412,2664,True,True,Cytotoxic_chemokine,27,8,True,56.90291262135921,8,4,-0.900760491698899,72.08737864077668
V4_vs_no_interaction,V4,no_interaction,Xcl1,19298,0.6574074074074098,0.44782282282281355,0.20958458458459622,1.2168010338715238,11.057276883174184,5.46845248744865,1.4313389913247732,0.8703654682161802,0.5609735231085929,1.0026366035239007,7.0594836446790366,380.3943037998818,0.4761514308561068,7.980140360266765e-12,True,6.559957858983892e-11,324,2664,True,True,Cytotoxic_chemokine,27,9,True,52.333333333333506,9,4,-0.3797936529251123,65.74074074074097
D4_vs_no_interaction,D4,no_interaction,Xcl1,17429,0.5847457627118633,0.44782282282281355,0.13692293988904974,0.7801829783589015,12.408640323770149,5.46845248744865,1.3478421159523182,0.8703654682161802,0.47747664773613796,1.1675766254054136,4.805378562310736,260.5882195669764,0.4036077478893958,2.610951032694295e-06,True,2.1158225215775157e-05,236,2664,True,True,Cytotoxic_chemokine,27,10,True,47.10169491525416,10,4,0.23867337580672002,58.47457627118633
G4_vs_no_interaction,G4,no_interaction,Xcl1,16144,0.5923076923076911,0.44782282282281355,0.14448486948487754,0.8242956108525857,13.26756458800809,5.46845248744865,1.364839879607012,0.8703654682161802,0.4944744113908318,1.2633882942510968,3.7624292896333693,136.77436422794094,0.4228887739344397,0.00024875745224330227,True,0.001313129281898497,130,2664,True,True,Cytotoxic_chemokine,27,11,True,47.64615384615376,11,4,0.5979334115025781,59.23076923076911
E1_vs_no_interaction,E1,no_interaction,Xcl1,16216,0.5491329479768788,0.44782282282281355,0.10131012515406529,0.5750762311571205,11.445950653092716,5.46845248744865,1.2138417008943378,0.8703654682161802,0.34347623267815763,1.0520386112875053,3.040829972084402,186.24919448061908,0.29281811744600045,0.0026992894018473537,True,0.011982435098253972,173,2664,True,True,Cytotoxic_chemokine,27,12,True,44.537572254335274,12,4,-0.19455351165186807,54.91329479768788
CATNB_vs_no_interaction,CATNB,no_interaction,Xcl1,15434,0.6527777777777765,0.44782282282281355,0.2049549549549629,1.1879389017331863,9.80823366294312,5.46845248744865,1.3479326455262233,0.8703654682161802,0.47756717731004306,0.831351443582316,4.186108853246256,154.6023868596982,0.4107211001744642,4.747213794801798e-05,True,0.0005217989394885234,144,2664,True,True,Cytotoxic_chemokine,27,13,True,51.99999999999991,13,4,-1.022052716107655,65.27777777777764
LCMV_vs_no_interaction,LCMV,no_interaction,Xcl1,14831,0.5748031496062984,0.44782282282281355,0.12698032678348486,0.7225184671241169,10.306668554061815,5.46845248744865,1.155734022376497,0.8703654682161802,0.2853685541603167,0.9021599450815436,2.3323898009317032,134.82147450086114,0.2455288685278662,0.021161063069689276,True,0.0954232022965157,127,2664,False,False,Cytotoxic_chemokine,27,14,False,46.385826771653484,14,4,-0.7565457576895219,57.48031496062984
TB_vs_no_interaction,TB,no_interaction,Xcl1,14976,0.5337423312883441,0.44782282282281355,0.08591950846553059,0.4874163270971374,7.083025191952962,5.46845248744865,1.041470872408659,0.8703654682161802,0.17110540419247877,0.36731512722619647,1.6734558195115892,178.59922787555143,0.14755260062773315,0.09598813934210712,True,0.2488744798116549,163,2664,False,False,Cytotoxic_chemokine,27,15,False,43.42944785276078,15,4,-2.7620255773129125,53.37423312883441
MCMV_vs_no_interaction,MCMV,no_interaction,Xcl1,14289,0.7012987012987014,0.44782282282281355,0.2534758784758879,1.5004794784520172,11.835398867935703,5.46845248744865,1.5313332286323689,0.8703654682161802,0.6609677604161887,1.0998984273446897,4.219511646870893,79.18322644578787,0.570494212781755,6.468200035071639e-05,True,0.0013166380515834714,77,2664,True,True,Cytotoxic_chemokine,27,16,True,55.4935064935065,16,4,-0.01509604647824122,70.12987012987014
multi_peptide_vs_no_interaction,multi_peptide,no_interaction,Fabp5,40556,0.8570214831898482,0.2428678678678703,0.6141536153219779,4.1038300428380765,2.196419121227854,0.693870475676429,1.0173496478691806,0.3013020640055764,0.7160475838636042,1.5324104253614,56.172437071407245,4426.503218447957,1.2665464274822875,0.0,True,0.0,8239,2664,True,True,Multi_contact_metabolic,28,0,True,66.70554678966907,0,3,1.800831237091478,85.70214831898481
N4_vs_no_interaction,N4,no_interaction,Fabp5,3295,0.742489270386269,0.2428678678678703,0.4996214025183987,3.093165620191266,1.9499785406563337,0.693870475676429,0.8893926726868681,0.3013020640055764,0.5880906086812916,1.3686332594898625,18.624462211844296,604.5189265244072,1.0056074318403274,1.582617417937068e-61,True,1.182850750477059e-59,466,2664,True,True,Multi_contact_metabolic,28,1,True,58.45922746781137,1,3,1.0248081609224131,74.2489270386269
A2_vs_no_interaction,A2,no_interaction,Fabp5,2780,0.7397260273972579,0.2428678678678703,0.4968581595293876,3.0730322676632675,1.848070049334991,0.693870475676429,0.8655624039987251,0.3013020640055764,0.5642603399931487,1.2950700071796504,16.408381943045903,453.5341131533606,0.9714439243716134,7.77926634069452e-48,True,5.5651221253923e-46,365,2664,True,True,Multi_contact_metabolic,28,2,True,58.26027397260257,2,3,0.6762444216063399,73.97260273972579
Y3_vs_no_interaction,Y3,no_interaction,Fabp5,2770,0.6847545219638239,0.2428678678678703,0.4418866540959536,2.696065687779759,1.7090590879117533,0.693870475676429,0.7976662797362885,0.3013020640055764,0.49636421573071204,1.1882639823023666,14.390566800150753,480.226652942693,0.8499653049184666,2.7006976372382063e-39,True,2.6584992366563595e-37,387,2664,True,True,Multi_contact_metabolic,28,3,True,54.30232558139532,3,3,0.17016691356305488,68.47545219638239
Q4_vs_no_interaction,Q4,no_interaction,Fabp5,3164,0.7268993839835673,0.2428678678678703,0.48403151611569706,2.981244126309199,1.776772912412768,0.693870475676429,0.8342767483714216,0.3013020640055764,0.5329746843658452,1.241278548046871,17.49467893820216,644.856462317123,0.9139319148139897,2.2608578548395026e-56,True,1.283649715774838e-54,487,2664,True,True,Multi_contact_metabolic,28,4,True,57.33675564681685,4,3,0.421365095995196,72.68993839835673
Q4R7_vs_no_interaction,Q4R7,no_interaction,Fabp5,2246,0.7180616740088113,0.2428678678678703,0.475193806140941,2.9194884113891755,1.8517515583539625,0.693870475676429,0.8368380021333436,0.3013020640055764,0.5355359381277671,1.2977938735082786,11.978087750656094,256.82269147687975,0.9209918132327882,1.4633927702907993e-26,True,8.804903855310964e-25,227,2664,True,True,Multi_contact_metabolic,28,5,True,56.70044052863441,5,3,0.6891508796963118,71.80616740088112
T4_vs_no_interaction,T4,no_interaction,Fabp5,3023,0.6873508353221985,0.2428678678678703,0.44448296745432825,2.7130097314684813,1.8789996438300414,0.693870475676429,0.8376309336733253,0.3013020640055764,0.5363288696677488,1.3177958046670033,15.44600310874168,518.386563340936,0.9100668363948495,1.5002066340506055e-44,True,1.306831375257844e-42,419,2664,True,True,Multi_contact_metabolic,28,6,True,54.489260143198294,6,3,0.7839257530097898,68.73508353221986
Q7_vs_no_interaction,Q7,no_interaction,Fabp5,2396,0.6872852233676957,0.2428678678678703,0.4444173554998254,2.712580637813954,1.7186004890923539,0.693870475676429,0.7971600400460903,0.3013020640055764,0.4958579760405139,1.1958530978830855,12.7018952194634,343.41918104024825,0.8526224930120528,1.4418877658929238e-30,True,1.2813575946235116e-28,291,2664,True,True,Multi_contact_metabolic,28,7,True,54.484536082474094,7,3,0.20612631478368323,68.72852233676957
Q4H7_vs_no_interaction,Q4H7,no_interaction,Fabp5,2854,0.686893203883495,0.2428678678678703,0.44402533601562466,2.7100178568543387,1.755640670891063,0.693870475676429,0.8122567931770733,0.3013020640055764,0.5109547291714969,1.2249418237575769,15.107812359778256,515.97788166443,0.8728865647237793,5.770849769018998e-43,True,4.031854827984888e-41,412,2664,True,True,Multi_contact_metabolic,28,8,True,54.45631067961163,8,3,0.3439570216153522,68.6893203883495
V4_vs_no_interaction,V4,no_interaction,Fabp5,2491,0.6666666666666691,0.2428678678678703,0.4237987987987988,2.5799267571813282,1.744536067647123,0.693870475676429,0.8024499124496366,0.3013020640055764,0.5011478484440601,1.2162824513760269,13.142469342530477,385.7041908779555,0.8575323179243405,7.361432255455315e-33,True,4.119297844634001e-31,324,2664,True,True,Multi_contact_metabolic,28,9,True,53.00000000000017,9,3,0.30292643742210285,66.66666666666691
D4_vs_no_interaction,D4,no_interaction,Fabp5,2031,0.6059322033898293,0.2428678678678703,0.36306433552195905,2.209265550951302,1.461793423883218,0.693870475676429,0.6897492649516725,0.3013020640055764,0.38844720094609614,0.9762280948799475,8.940875897747791,269.13154098006,0.6685210357701967,6.343598252944379e-17,True,2.5410562650939042e-15,236,2664,True,True,Multi_contact_metabolic,28,10,True,48.627118644067714,10,3,-0.8345197943803945,60.59322033898293
G4_vs_no_interaction,G4,no_interaction,Fabp5,1872,0.6615384615384601,0.2428678678678703,0.4186705936705898,2.5475619707625508,1.5218208728591625,0.693870475676429,0.7324958060877875,0.3013020640055764,0.4311937420822111,1.0306389372631093,7.710418393500526,139.8725737971652,0.7467155039309633,2.118902843187733e-12,True,5.049058258306933e-11,130,2664,True,True,Multi_contact_metabolic,28,11,True,52.630769230769125,11,3,-0.5767056536945631,66.153846153846
E1_vs_no_interaction,E1,no_interaction,Fabp5,1895,0.5549132947976881,0.2428678678678703,0.31204542692981785,1.9129793806020303,1.319472844899708,0.693870475676429,0.6325398671105483,0.3013020640055764,0.3312378031049719,0.8383797019060554,6.647193716275961,190.54383022207938,0.5719590912630368,3.060705028803912e-10,True,7.2171109042595335e-09,173,2664,True,True,Multi_contact_metabolic,28,12,True,44.95375722543355,12,3,-1.4876849251317057,55.491329479768815
CATNB_vs_no_interaction,CATNB,no_interaction,Fabp5,1882,0.5486111111111102,0.2428678678678703,0.30574324324323987,1.8769523755223254,1.402242573572411,0.693870475676429,0.6502871266304141,0.3013020640055764,0.3489850626248377,0.9201422417688974,6.16721833758257,154.75341186299167,0.601673435025991,5.799980972112241e-09,True,2.3166186283321758e-07,144,2664,True,True,Multi_contact_metabolic,28,13,True,44.49999999999993,13,3,-1.1002706151934896,54.861111111111015
LCMV_vs_no_interaction,LCMV,no_interaction,Fabp5,1783,0.5905511811023614,0.2428678678678703,0.3476833132344911,2.1188837860380754,1.411100625243856,0.693870475676429,0.6636197656471272,0.3013020640055764,0.3623177016415508,0.9286241857001152,6.220840164394926,135.7444824251042,0.6264538919417013,5.725922804773345e-09,True,6.531222460778007e-07,127,2664,True,True,Multi_contact_metabolic,28,14,True,47.51968503937002,14,3,-1.0600807377684516,59.05511811023614
TB_vs_no_interaction,TB,no_interaction,Fabp5,1845,0.48466257668711726,0.2428678678678703,0.24179470881924697,1.5142917638215743,1.2276420077222783,0.693870475676429,0.5680156854995118,0.3013020640055764,0.26671362149393535,0.7418906352793667,5.078053301942251,177.60203884103575,0.4598820202209863,9.57772432525177e-07,True,2.1500861171032228e-05,163,2664,True,True,Multi_contact_metabolic,28,15,True,39.89570552147244,15,3,-1.9448777328217406,48.46625766871173
MCMV_vs_no_interaction,MCMV,no_interaction,Fabp5,1726,0.5974025974025975,0.2428678678678703,0.3545347295347272,2.1590097058848037,1.8221383110682514,0.693870475676429,0.7563770458888913,0.3013020640055764,0.4550749818833149,1.2757366036053321,5.395354002812377,78.72257095077838,0.7845518197172474,6.992371847123542e-07,True,4.3869949397021675e-05,77,2664,True,True,Multi_contact_metabolic,28,16,True,48.01298701298702,16,3,0.5846372232846365,59.74025974025975
multi_peptide_vs_no_interaction,multi_peptide,no_interaction,Mif,356615,0.9771816968080571,0.722597597597572,0.2545840992104851,3.5607942431806587,19.497994198873517,6.7304742683112,2.8955210667091724,1.5040077224468833,1.3915133442622891,1.5206483465643514,61.88724032393196,3249.139024614457,1.7955824582867046,0.0,True,0.0,8239,2664,True,True,Multi_contact_metabolic,29,0,True,75.3570821701801,0,2,2.0884013267440804,97.71816968080572
N4_vs_no_interaction,N4,no_interaction,Mif,30400,0.9484978540772603,0.722597597597572,0.22590025647968826,2.6121176985426,17.537883975621288,6.7304742683112,2.6654973219474694,1.5040077224468833,1.161489599500586,1.3686198311059123,24.97153343965004,738.0535595277152,1.0810493108460775,3.0620459800199293e-100,True,2.9064940442349168e-96,466,2664,True,True,Multi_contact_metabolic,29,1,True,73.29184549356275,1,2,1.1471337609855035,94.84978540772603
A2_vs_no_interaction,A2,no_interaction,Mif,26198,0.9232876712328736,0.722597597597572,0.20069007363530156,2.07806395332801,17.082988863243994,6.7304742683112,2.6041281481931953,1.5040077224468833,1.100120425746312,1.3309233457884588,19.902740951899485,501.12991505782895,1.010707686366102,2.2112017612036515e-65,True,1.1600210128358935e-62,365,2664,True,True,Multi_contact_metabolic,29,2,True,71.4767123287669,2,2,0.9137401843566937,92.32876712328736
Y3_vs_no_interaction,Y3,no_interaction,Mif,25105,0.9354005167958621,0.722597597597572,0.21280291919829009,2.313739263458923,14.870991690182292,6.7304742683112,2.4649091041549123,1.5040077224468833,0.960901381708029,1.1321121303694046,18.421025641722448,554.2166432889295,0.8868727319503026,1.80143033856482e-59,True,2.8372527832395914e-56,387,2664,True,True,Multi_contact_metabolic,29,3,True,72.34883720930208,3,2,-0.3171772406980506,93.54005167958621
Q4_vs_no_interaction,Q4,no_interaction,Mif,29578,0.9363449691991705,0.722597597597572,0.2137473716015985,2.3335613604587198,16.894316706244034,6.7304742683112,2.6298827911726277,1.5040077224468833,1.1258750687257444,1.3149946968905706,24.387814183937618,776.8334082317768,1.0475752600484773,5.464702046464552e-98,True,5.15048167879284e-94,487,2664,True,True,Multi_contact_metabolic,29,4,True,72.41683778234028,4,2,0.8151197345764215,93.63449691991705
Q4R7_vs_no_interaction,Q4R7,no_interaction,Mif,20850,0.9162995594713679,0.722597597597572,0.19370196187379585,1.9554022430220617,16.031249756764165,6.7304742683112,2.5412573570970935,1.5040077224468833,1.0372496346502103,1.239800555126984,15.286888658732973,278.24983721575296,0.9486577634011596,1.0229747992052693e-38,True,7.338663828760263e-36,227,2664,True,True,Multi_contact_metabolic,29,5,True,70.97356828193848,5,2,0.34956360805839687,91.62995594713679
T4_vs_no_interaction,T4,no_interaction,Mif,27035,0.9236276849642082,0.722597597597572,0.2010300873666362,2.084257629616612,16.03544029925804,6.7304742683112,2.5375130641483206,1.5040077224468833,1.0335053417014373,1.2401752867711682,19.99187870784391,604.118516275385,0.9522700913391411,1.2568387810845416e-68,True,3.977894742132574e-65,419,2664,True,True,Multi_contact_metabolic,29,6,True,71.50119331742299,6,2,0.3518837171607608,92.36276849642083
Q7_vs_no_interaction,Q7,no_interaction,Mif,22580,0.9140893470790351,0.722597597597572,0.19149174948146308,1.9183205277556854,15.957786785163417,6.7304742683112,2.5151904043323854,1.5040077224468833,1.011182681885502,1.233215403148889,16.279729870891046,372.4077848308092,0.9251107475315813,2.1958859697074907e-45,True,2.5612264979175745e-42,291,2664,True,True,Multi_contact_metabolic,29,7,True,70.81443298969053,7,2,0.30879237541246407,91.40893470790351
Q4H7_vs_no_interaction,Q4H7,no_interaction,Mif,25748,0.932038834951456,0.722597597597572,0.20944123735388398,2.2450101311305373,15.542868085724155,6.7304742683112,2.525270096928354,1.5040077224468833,1.0212623744814708,1.1954473924460138,20.278203949708768,606.901458518423,0.9446064782205286,3.37407698103449e-70,True,1.0585604181832207e-66,412,2664,True,True,Multi_contact_metabolic,29,8,True,72.10679611650484,8,2,0.07495595735208026,93.2038834951456
V4_vs_no_interaction,V4,no_interaction,Mif,22763,0.9382716049382752,0.722597597597572,0.2156740073407032,2.3747352322203987,15.873938591191202,6.7304742683112,2.558127334410517,1.5040077224468833,1.0541196119636336,1.2256624131986746,19.24771209681532,447.75537491174344,0.972658874317449,1.3433151988513695e-60,True,6.239027441065186e-57,324,2664,True,True,Multi_contact_metabolic,29,9,True,72.55555555555581,9,2,0.26202888210859965,93.82716049382752
D4_vs_no_interaction,D4,no_interaction,Mif,19724,0.8898305084745743,0.722597597597572,0.16723291087700232,1.5546337602125533,14.856551109488242,6.7304742683112,2.405016543417992,1.5040077224468833,0.9010088209711089,1.1307198773594498,12.517935517971857,282.419185063697,0.8195154144949498,6.747169153567192e-29,True,2.9767269476841104e-26,236,2664,True,True,Multi_contact_metabolic,29,10,True,69.06779661016935,10,2,-0.3257972196385046,88.98305084745743
G4_vs_no_interaction,G4,no_interaction,Mif,17735,0.9692307692307667,0.722597597597572,0.24663317163319465,3.236147400666429,15.46190592291273,6.7304742683112,2.5832926219646852,1.5040077224468833,1.079284899517802,1.1879611037870623,14.96095346041442,154.95343274486282,0.9896525640039843,6.96304935296366e-32,True,3.243736541078121e-28,130,2664,True,True,Multi_contact_metabolic,29,11,True,74.7846153846152,11,2,0.028605437639851,96.92307692307666
E1_vs_no_interaction,E1,no_interaction,Mif,18278,0.936416184971102,0.722597597597572,0.21381858737353,2.3350655158371176,14.763378143704768,6.7304742683112,2.4516129894034124,1.5040077224468833,0.9476052669565291,1.1217043889608531,12.656844851257848,203.77558410543622,0.8660310307727382,1.8002438125400203e-27,True,8.235215320464323e-24,173,2664,True,True,Multi_contact_metabolic,29,12,True,72.42196531791934,12,2,-0.3816156086656055,93.6416184971102
CATNB_vs_no_interaction,CATNB,no_interaction,Mif,17485,0.8958333333333311,0.722597597597572,0.17323573573575912,1.6381552933951158,13.021930507918784,6.7304742683112,2.277808584022724,1.5040077224468833,0.7738008615758405,0.9419223264713925,8.84983372651859,161.7192461472919,0.7040993591199327,1.4647208091534997e-15,True,7.387889014613679e-13,144,2664,True,True,Multi_contact_metabolic,29,13,True,69.49999999999984,13,2,-1.4947161596788292,89.58333333333312
LCMV_vs_no_interaction,LCMV,no_interaction,Mif,16711,0.8818897637795262,0.722597597597572,0.1592921661819542,1.4495308035634182,12.320379404372442,6.7304742683112,2.1842032512392233,1.5040077224468833,0.68019552879234,0.8626515846872211,7.014726451740845,139.18100280587385,0.6174920784619969,9.191433733468919e-11,True,3.8941040917463324e-08,127,2664,True,True,Multi_contact_metabolic,29,14,True,68.49606299212589,14,2,-1.9855120997040518,88.18897637795263
TB_vs_no_interaction,TB,no_interaction,Mif,17538,0.8773006134969311,0.722597597597572,0.1547030158993591,1.3913124164837742,13.418293222387948,6.7304742683112,2.268907325127758,1.5040077224468833,0.7648996026808748,0.9848553534955482,8.856969875827582,183.78367923224056,0.6945855547863257,6.920777970917051e-16,True,2.388466951270719e-13,163,2664,True,True,Multi_contact_metabolic,29,15,True,68.16564417177904,15,2,-1.2289011202053843,87.73006134969312
MCMV_vs_no_interaction,MCMV,no_interaction,Mif,16159,0.8441558441558443,0.722597597597572,0.1215582465582723,1.0147222965600688,14.393831498928627,6.7304742683112,2.2905602773826628,1.5040077224468833,0.7865525549357795,1.0853813677411457,5.832922059361832,79.96628018526609,0.7117718624454388,1.107399582424372e-07,True,1.1397505814614886e-05,77,2664,True,True,Multi_contact_metabolic,29,16,True,65.7792207792208,16,2,-0.6065055358044243,84.41558441558443
multi_peptide_vs_no_interaction,multi_peptide,no_interaction,Hspe1,202702,0.9629809442895415,0.6231231231231035,0.33985782116643803,3.6604824959904954,10.969974694661834,3.8229801912021926,2.3604409286365255,1.1212890575257972,1.2391518711107283,1.4966299684393685,61.615343399955236,3347.58222708359,1.7318588012326936,0.0,True,0.0,8239,2664,True,True,Multi_contact_metabolic,30,0,True,74.33462798884699,0,1,2.0712175964625485,96.29809442895414
N4_vs_no_interaction,N4,no_interaction,Hspe1,17036,0.9227467811158864,0.6231231231231035,0.2996236579927829,2.707593632326321,9.808037881295725,3.8229801912021926,2.1592949095007197,1.1212890575257972,1.0380058519749225,1.3366493337837213,24.885410735178116,730.4492745630316,1.0871001870423374,1.7720907069438796e-99,True,8.410342495155653e-96,466,2664,True,True,Multi_contact_metabolic,30,1,True,71.43776824034381,1,1,1.1730988680938605,92.27467811158864
A2_vs_no_interaction,A2,no_interaction,Hspe1,14790,0.9041095890410928,0.6231231231231035,0.28098646591798937,2.399183600868655,9.551019893344737,3.8229801912021926,2.105358859350032,1.1212890575257972,0.9840698018242346,1.2987313598452443,20.221133674660955,503.9038319299093,1.0196077407446693,5.1697529454538277e-67,True,3.051123566495031e-64,365,2664,True,True,Multi_contact_metabolic,30,2,True,70.09589041095869,2,1,0.9602303380418086,90.41095890410928
Y3_vs_no_interaction,Y3,no_interaction,Hspe1,14327,0.8863049095607206,0.6231231231231035,0.26318178643761714,2.1465897757062096,8.538279040365103,3.8229801912021926,1.9659337882514656,1.1212890575257972,0.8446447307256684,1.1387938696960742,17.117123038986684,529.175085246662,0.8716800720084406,1.3499544221278119e-52,True,6.378534644553911e-50,387,2664,True,True,Multi_contact_metabolic,30,3,True,68.81395348837188,3,1,0.06235381954668825,88.63049095607207
Q4_vs_no_interaction,Q4,no_interaction,Hspe1,16708,0.91581108829568,0.6231231231231035,0.29268796517257656,2.586477122835972,9.46413995817598,3.8229801912021926,2.124288363209179,1.1212890575257972,1.002999305683382,1.2856851914314205,24.275846929208786,770.2643792679928,1.050312247266619,3.9995450263881583e-97,True,1.8847855936854196e-93,487,2664,True,True,Multi_contact_metabolic,30,4,True,70.93839835728896,4,1,0.8869901723734592,91.58110882956801
Q4R7_vs_no_interaction,Q4R7,no_interaction,Hspe1,11740,0.9030837004405308,0.6231231231231035,0.2799605773174273,2.3836537203645882,8.919947877044635,3.8229801912021926,2.056532270744983,1.1212890575257972,0.9352432132191859,1.2011690460499802,16.030312722121696,282.25713460253786,0.9658177542062822,1.4467238264506183e-41,True,2.8285909817635307e-38,227,2664,True,True,Multi_contact_metabolic,30,5,True,70.02202643171822,5,1,0.4125231646635177,90.30837004405308
T4_vs_no_interaction,T4,no_interaction,Hspe1,15116,0.8878281622911764,0.6231231231231035,0.264705039168073,2.1669160040396265,8.738772443153321,3.8229801912021926,2.007750349504534,1.1212890575257972,0.8864612919787367,1.171895966798754,18.907325130684214,594.087799896884,0.9177041908577236,8.981198187912629e-63,True,1.21823538277472e-59,419,2664,True,True,Multi_contact_metabolic,30,6,True,68.92362768496471,6,1,0.24818639497175546,88.78281622911764
Q7_vs_no_interaction,Q7,no_interaction,Hspe1,12675,0.8762886597938119,0.6231231231231035,0.2531655366707084,2.018043242994363,8.95858949284248,3.8229801912021926,2.011891714404394,1.1212890575257972,0.890602656878597,1.2073363759882543,15.690528175048822,366.87983165999754,0.9155376327132064,8.144473758262447e-43,True,5.8458526644882234e-40,291,2664,True,True,Multi_contact_metabolic,30,7,True,68.09278350515446,7,1,0.44714607095161524,87.62886597938119
Q4H7_vs_no_interaction,Q4H7,no_interaction,Hspe1,14364,0.8956310679611648,0.6231231231231035,0.2725079448380613,2.2746166656505635,8.548882260248586,3.8229801912021926,1.998951653190204,1.1212890575257972,0.8776625956644069,1.1405636472084906,19.075747937631537,592.7514599476274,0.9114464274114171,1.3039096242611799e-63,True,1.534049672943278e-60,412,2664,True,True,Multi_contact_metabolic,30,8,True,69.48543689320387,8,1,0.07228921161691075,89.56310679611647
V4_vs_no_interaction,V4,no_interaction,Hspe1,12886,0.858024691358028,0.6231231231231035,0.23490156823492447,1.8032875489396116,8.54050718096742,3.8229801912021926,1.9574938481675102,1.1212890575257972,0.8362047906417129,1.13916594761567,15.196552796042017,415.0882775077834,0.8586344185944303,8.775631645783143e-42,True,1.598369457993718e-39,324,2664,True,True,Multi_contact_metabolic,30,9,True,66.77777777777801,9,1,0.06444263578823305,85.8024691358028
D4_vs_no_interaction,D4,no_interaction,Hspe1,10868,0.8347457627118626,0.6231231231231035,0.21162263958875915,1.5584562989895814,7.72866447013813,3.8229801912021926,1.856917895630353,1.1212890575257972,0.7356288381045557,0.9968161615073885,11.449688865147019,281.80071837705657,0.7535497627598414,3.5261212839624455e-25,True,6.611504701228656e-23,236,2664,True,True,Multi_contact_metabolic,30,10,True,65.10169491525411,10,1,-0.7346978924282649,83.47457627118627
G4_vs_no_interaction,G4,no_interaction,Hspe1,9948,0.9076923076923054,0.6231231231231035,0.2845691845692019,2.454484308474534,8.494399694719261,3.8229801912021926,2.018714180051931,1.1212890575257972,0.8974251225261336,1.131446822594732,12.217550678232506,148.0587926283548,0.9233762983627251,3.5208624876363445e-24,True,1.4262554694481662e-21,130,2664,True,True,Multi_contact_metabolic,30,11,True,70.35384615384598,11,1,0.021108073684225837,90.76923076923053
E1_vs_no_interaction,E1,no_interaction,Hspe1,10088,0.8497109826589625,0.6231231231231035,0.22658785953585903,1.7125645743657392,7.356939424945329,3.8229801912021926,1.809768237230753,1.1212890575257972,0.6884791797049559,0.9266335714563566,9.446371470490961,197.83763846805763,0.7054582751237817,1.0208312002959823e-17,True,9.530188419906063e-16,173,2664,True,True,Multi_contact_metabolic,30,12,True,66.1791907514453,12,1,-1.1286974453487078,84.97109826589625
CATNB_vs_no_interaction,CATNB,no_interaction,Hspe1,9801,0.8402777777777758,0.6231231231231035,0.21715465465467232,1.6141471759887738,7.677487300325484,3.8229801912021926,1.8294174458592667,1.1212890575257972,0.7081283883334695,0.9873540833673855,8.728465838612438,159.99014187441108,0.7244557469397638,3.2272091772488547e-15,True,1.1769003369545571e-12,144,2664,True,True,Multi_contact_metabolic,30,13,True,65.49999999999986,13,1,-0.7878172565632832,84.02777777777757
LCMV_vs_no_interaction,LCMV,no_interaction,Hspe1,9357,0.7952755905511799,0.6231231231231035,0.17215246742807644,1.196384816226361,7.2261908966960435,3.8229801912021926,1.7315495966259755,1.1212890575257972,0.6102605391001783,0.9011132428229304,6.649950241899697,137.48637928489228,0.6223350691748466,6.36599552594875e-10,True,1.3814210291308788e-07,127,2664,True,True,Multi_contact_metabolic,30,14,True,62.25984251968495,14,1,-1.271966567571775,79.52755905511799
TB_vs_no_interaction,TB,no_interaction,Hspe1,9800,0.8098159509202444,0.6231231231231035,0.18669282779714091,1.3233614536502003,6.630094428677313,3.8229801912021926,1.6826808452877229,1.1212890575257972,0.5613917877619257,0.7786766965061576,7.2411934232144874,183.2446493173714,0.5740238385716331,1.1881867773884219e-11,True,1.0351067916025542e-09,163,2664,True,True,Multi_contact_metabolic,30,15,True,63.306748466257595,15,1,-1.959315730303656,80.98159509202443
MCMV_vs_no_interaction,MCMV,no_interaction,Hspe1,8964,0.8441558441558443,0.6231231231231035,0.22103272103274085,1.6540595615122364,7.92202004472347,3.8229801912021926,1.8536466514997463,1.1212890575257972,0.7323575939739491,1.0320155203856796,6.624548208804768,80.67891415056259,0.7484851371319226,3.591707136151545e-09,True,7.152182036336555e-07,77,2664,True,True,Multi_contact_metabolic,30,16,True,65.7792207792208,16,1,-0.5370914539789475,84.41558441558443
multi_peptide_vs_no_interaction,multi_peptide,no_interaction,Srm,141911,0.94708095642693,0.48948948948947774,0.4575914669374523,3.986545292399436,7.564912919073859,2.628647509111119,2.013585666807439,0.8292434211039565,1.1843422457034825,1.4900833644661176,61.71875833510952,3452.020451562593,1.6827656934283892,0.0,True,0.0,8239,2664,True,True,Multi_contact_metabolic,31,0,True,73.18982886273896,0,0,2.0540731407202086,94.708095642693
N4_vs_no_interaction,N4,no_interaction,Srm,11673,0.8626609442060139,0.48948948948947774,0.3731714547165362,2.6257543039174376,6.561621827640987,2.628647509111119,1.7869752107287458,0.8292434211039565,0.9577317896247892,1.287687419172082,22.802591742574936,690.1720429335412,1.0506153248331254,3.2147002384664525e-86,True,2.7739940603203242e-83,466,2664,True,True,Multi_contact_metabolic,31,1,True,67.111587982833,1,0,0.9862349202253405,86.26609442060139
A2_vs_no_interaction,A2,no_interaction,Srm,10002,0.8712328767123259,0.48948948948947774,0.3817433872228481,2.7263304898485172,6.544967516646664,2.628647509111119,1.7815340336032386,0.8292434211039565,0.952290612499282,1.2840761099469873,20.50347377628263,501.02974873347523,1.0414844774823897,2.7299160877489833e-68,True,1.8413284011866892e-65,365,2664,True,True,Multi_contact_metabolic,31,2,True,67.72876712328747,2,0,0.9671817024794046,87.12328767123259
Y3_vs_no_interaction,Y3,no_interaction,Srm,9861,0.8630490956072325,0.48948948948947774,0.3735596061177548,2.6302015229640827,5.979740762543877,2.628647509111119,1.6869085137347137,0.8292434211039565,0.8576650926307572,1.155823772021282,18.817226005643974,538.1924877988871,0.9379945612479887,4.4871176196574735e-61,True,1.0600815376440781e-57,387,2664,True,True,Multi_contact_metabolic,31,3,True,67.13953488372074,3,0,0.29052413354475937,86.30490956072325
Q4_vs_no_interaction,Q4,no_interaction,Srm,11386,0.8418891170431142,0.48948948948947774,0.35239962755363646,2.400725511950892,6.409429982313228,2.628647509111119,1.7371194973116948,0.8292434211039565,0.9078760762077382,1.2543451779390937,21.149100807810857,708.1319109187563,0.9902655141756429,2.5049521713370884e-77,True,9.335765526538542e-75,487,2664,True,True,Multi_contact_metabolic,31,4,True,65.61601642710423,4,0,0.8103217145836957,84.18891170431142
Q4R7_vs_no_interaction,Q4R7,no_interaction,Srm,8000,0.8370044052863452,0.48948948948947774,0.3475149157968675,2.351107147876831,6.10088829223886,2.628647509111119,1.6963733980633338,0.8292434211039565,0.8671299769593772,1.184288862775461,14.57894083217619,273.35660056361417,0.941251643322238,5.198210702306376e-36,True,1.9391405203883704e-33,227,2664,True,True,Multi_contact_metabolic,31,5,True,65.26431718061686,5,0,0.44070556041578074,83.70044052863452
T4_vs_no_interaction,T4,no_interaction,Srm,10567,0.8687350835322262,0.48948948948947774,0.37924559404274844,2.696498057188774,6.479187506569559,2.628647509111119,1.7754995566133782,0.8292434211039565,0.9462561355094217,1.26972339298626,21.726450161545507,602.7208130984118,1.0375375965653517,9.754476391645561e-78,True,9.26187533386746e-74,419,2664,True,True,Multi_contact_metabolic,31,6,True,67.54892601432029,6,0,0.8914569654233145,86.87350835322262
Q7_vs_no_interaction,Q7,no_interaction,Srm,8608,0.8419243986254271,0.48948948948947774,0.3524349091359494,2.401088072419085,5.931446967553429,2.628647509111119,1.676722320662134,0.8292434211039565,0.8474788995581775,1.1443181147112016,16.202512278693753,371.92170836715945,0.9227961623979224,4.725307133999643e-45,True,4.89909342970563e-42,291,2664,True,True,Multi_contact_metabolic,31,7,True,65.61855670103076,7,0,0.22982044400309856,84.19243986254271
Q4H7_vs_no_interaction,Q4H7,no_interaction,Srm,9967,0.8495145631067959,0.48948948948947774,0.3600250736173181,2.480552672163898,5.988837799003283,2.628647509111119,1.685537858685713,0.8292434211039565,0.8562944375817565,1.157980844314543,19.05497916821342,578.7517346391762,0.9357143899097423,3.3664289375093164e-63,True,3.168482915983768e-60,412,2664,True,True,Multi_contact_metabolic,31,8,True,66.1650485436893,8,0,0.30190481726235147,84.95145631067959
V4_vs_no_interaction,V4,no_interaction,Srm,8752,0.83024691358025,0.48948948948947774,0.3407574240907723,2.284269771069394,5.699050257767527,2.628647509111119,1.6167610139596833,0.8292434211039565,0.7875175928557268,1.0876306044344841,15.343009231896088,418.36064944704384,0.8557302653623533,1.8047908668816074e-42,True,4.088951795722744e-40,324,2664,True,True,Multi_contact_metabolic,31,9,True,64.777777777778,9,0,-0.06926207966225276,83.02469135802501
D4_vs_no_interaction,D4,no_interaction,Srm,7305,0.7711864406779645,0.48948948948947774,0.28169695118848675,1.7692551313300513,4.999266018992252,2.628647509111119,1.4649359619821791,0.8292434211039565,0.6356925408782226,0.9021035655002927,10.286493367258311,280.1173892807208,0.6870571383375231,2.9055947557185294e-21,True,2.2390754204457527e-19,236,2664,True,True,Multi_contact_metabolic,31,10,True,60.52542372881344,10,0,-1.0481001824777805,77.11864406779645
G4_vs_no_interaction,G4,no_interaction,Srm,6738,0.7923076923076904,0.48948948948947774,0.30281820281821265,1.9413381749909189,5.574286591430573,2.628647509111119,1.5681251667356946,0.8292434211039565,0.738881745631738,1.0562529816305029,9.023829167826815,142.3433511686645,0.7979427263257842,1.1370963875557418e-15,True,4.9047810383596514e-14,130,2664,True,True,Multi_contact_metabolic,31,11,True,62.04615384615371,11,0,-0.23480998552412946,79.23076923076904
E1_vs_no_interaction,E1,no_interaction,Srm,6798,0.8034682080924881,0.48948948948947774,0.31397871860301035,2.0371950629349413,4.976643478283798,2.628647509111119,1.4961981471453956,0.8292434211039565,0.666954726041439,0.895688909184773,9.805886446217297,198.659913298342,0.7226239876816146,9.165467264956665e-19,True,1.4212688136794666e-16,173,2664,True,True,Multi_contact_metabolic,31,12,True,62.84971098265914,12,0,-1.0819438208723122,80.34682080924881
CATNB_vs_no_interaction,CATNB,no_interaction,Srm,6601,0.7708333333333316,0.48948948948947774,0.28134384384385386,1.7664712862865373,5.0705861287736065,2.628647509111119,1.4749116178417088,0.8292434211039565,0.6456681967377522,0.9221417941644173,8.229925590896109,159.21793712767527,0.6971230311558465,6.337378454484312e-14,True,1.3699299759110252e-11,144,2664,True,True,Multi_contact_metabolic,31,13,True,60.49999999999987,13,0,-0.9423787639608123,77.08333333333316
LCMV_vs_no_interaction,LCMV,no_interaction,Srm,6318,0.732283464566928,0.48948948948947774,0.24279397507745032,1.4778301276265895,4.706628771054239,2.628647509111119,1.3718274260627685,0.8292434211039565,0.542584004958812,0.8168393474558693,6.295377908721787,137.6781546819297,0.5848240189438921,3.833897928928016e-09,True,4.737526371343411e-07,127,2664,True,True,Multi_contact_metabolic,31,14,True,57.72440944881882,14,0,-1.4979530228406186,73.2283464566928
TB_vs_no_interaction,TB,no_interaction,Srm,6619,0.7546012269938643,0.48948948948947774,0.2651117375043866,1.6414288966206412,4.730875689645058,2.628647509111119,1.418087573843107,0.8292434211039565,0.5888441527391504,0.8240986920625768,8.017797933078242,183.20503802699886,0.6360973106582133,1.2330866524188229e-13,True,1.94113798809721e-11,163,2664,True,True,Multi_contact_metabolic,31,15,True,59.331288343558235,15,0,-1.4596528206526551,75.46012269938643
MCMV_vs_no_interaction,MCMV,no_interaction,Srm,6057,0.7532467532467534,0.48948948948947774,0.26375726375727565,1.6312400025625882,5.2814536144465505,2.628647509111119,1.4872178804196765,0.8292434211039565,0.65797445931572,0.9798098827447892,5.996624867571807,80.23775136063301,0.7095141369217115,5.497871249423533e-08,True,6.374746917053109e-06,77,2664,True,True,Multi_contact_metabolic,31,16,True,59.23376623376625,16,0,-0.6381227226673831,75.32467532467534
