CellBC,t_cell_type,unique_dcbc,total_dcbc_umi,log10_total_dcbc_umi_plus1
AAACCAAAGAACGCGA-1,C57BL6,0,0,0.0
AAACCAAAGAGGCACA-1,OTI,1,32,1.5185139398778875
AAACCAAAGGGAGAGG-1,OTI,4,76,1.8864907251724818
AAACCAGCAAGGTTAG-1,C57BL6,0,0,0.0
AAACCAGCACCGTCAA-1,OTI,2,29,1.4771212547196624
AAACCAGCAGCAACGG-1,C57BL6,0,0,0.0
AAACCAGCAGCTCAAT-1,OTI,2,111,2.0492180226701815
AAACCAGCAGTGGCAG-1,OTI,3,16,1.2304489213782739
AAACCAGCAGTTGGGG-1,OTI,2,5,0.7781512503836436
AAACCATTCATATGGT-1,OTI,2,26,1.4313637641589874
AAACCATTCCCGAAAC-1,C57BL6,0,0,0.0
AAACCATTCCCTGAAA-1,OTI,0,0,0.0
AAACCATTCCCTTCCT-1,C57BL6,1,5,0.7781512503836436
AAACCATTCGGTTTAG-1,OTI,1,4,0.6989700043360189
AAACCCATCATGGACC-1,OTI,1,1,0.3010299956639812
AAACCCATCCACTCCA-1,C57BL6,1,3,0.6020599913279624
AAACCCATCCGATACA-1,C57BL6,0,0,0.0
AAACCCATCCTGACAA-1,C57BL6,0,0,0.0
AAACCCATCGGGTTCG-1,OTI,2,38,1.591064607026499
AAACCCATCGTGGGTT-1,OTI,2,102,2.012837224705172
AAACCCATCGTTGCTT-1,C57BL6,0,0,0.0
AAACCCCAGAAGCTAA-1,OTI,2,55,1.7481880270062005
AAACCCCAGACAATTC-1,OTI,2,77,1.8920946026904804
AAACCCCAGCAACAGG-1,OTI,4,88,1.9493900066449128
AAACCCCAGCATCACA-1,OTI,4,184,2.2671717284030137
AAACCCCAGCGTAACC-1,C57BL6,0,0,0.0
AAACCCCAGGCATCGT-1,OTI,6,168,2.2278867046136734
AAACCGACAACTAATT-1,OTI,4,89,1.954242509439325
AAACCGACAAGACGAC-1,OTI,3,41,1.6232492903979006
AAACCGACACCACCAA-1,OTI,3,21,1.3424226808222062
AAACCGACAGCTTCAG-1,OTI,6,640,2.8068580295188172
AAACCGACAGTCCTAG-1,OTI,3,311,2.494154594018443
AAACCGACAGTGTAAG-1,OTI,3,38,1.591064607026499
AAACCGACAGTTGAAG-1,OTI,5,33,1.5314789170422551
AAACCGCTCAGTACTG-1,OTI,4,85,1.9344984512435677
AAACCGCTCATTGCTC-1,OTI,4,108,2.037426497940624
AAACCGCTCCTGGTCC-1,OTI,12,872,2.9410142437055695
AAACCGCTCGGAATGG-1,OTI,1,4,0.6989700043360189
AAACCGCTCGGGTTAC-1,OTI,0,0,0.0
AAACCGGAGAACTGAA-1,OTI,2,37,1.5797835966168101
AAACCGGAGAGTCGTC-1,OTI,4,60,1.7853298350107671
AAACCGGAGAGTTAGA-1,OTI,2,322,2.509202522331103
AAACCGGAGATCACAT-1,OTI,4,51,1.7160033436347992
AAACCGGAGCCGCGTA-1,OTI,1,35,1.5563025007672873
AAACCGGAGCTACGAC-1,OTI,1,7,0.9030899869919435
AAACCGTGTAACATTG-1,OTI,5,88,1.9493900066449128
AAACCGTGTAACTTTC-1,C57BL6,0,0,0.0
AAACCGTGTACTCATT-1,OTI,3,70,1.8512583487190752
AAACCGTGTATAAGCC-1,OTI,1,22,1.3617278360175928
AAACCGTGTATACTAG-1,OTI,0,0,0.0
AAACCGTGTCGAGTGC-1,OTI,2,79,1.9030899869919435
AAACCGTGTCGCACCC-1,C57BL6,0,0,0.0
AAACCGTGTGCGCCTC-1,C57BL6,0,0,0.0
AAACCGTGTGTCCGGG-1,OTI,3,31,1.505149978319906
AAACCGTGTGTTCGCT-1,OTI,3,123,2.093421685162235
AAACCTCCAACATTAT-1,OTI,0,0,0.0
AAACCTCCAATACCCG-1,C57BL6,1,5,0.7781512503836436
AAACCTCCACAATTAT-1,C57BL6,1,3,0.6020599913279624
AAACCTCCACTCCTAC-1,OTI,2,2,0.47712125471966244
AAACCTCCAGCGAATA-1,OTI,0,0,0.0
AAACCTCCAGTAAAGT-1,OTI,3,74,1.8750612633917
AAACCTGTCAAGCCGT-1,OTI,4,281,2.450249108319361
AAACCTGTCAGTTGTG-1,OTI,1,3,0.6020599913279624
AAACCTGTCAGTTTAA-1,OTI,0,0,0.0
AAACCTGTCATCGCCC-1,C57BL6,2,16,1.2304489213782739
AAACCTGTCCGCTACC-1,C57BL6,1,13,1.146128035678238
AAACCTGTCCTGCACC-1,C57BL6,0,0,0.0
AAACCTGTCGCGTCGA-1,C57BL6,1,4,0.6989700043360189
AAACCTGTCGTTGCTT-1,OTI,2,5,0.7781512503836436
AAACCTGTCGTTGGGT-1,OTI,7,113,2.0569048513364727
AAACCTGTCGTTGTCT-1,C57BL6,4,43,1.6434526764861874
AAACGATCAAAGGAGG-1,OTI,1,19,1.3010299956639813
AAACGATCAACATCAC-1,OTI,2,8,0.9542425094393249
AAACGATCAAGTACGA-1,C57BL6,3,3,0.6020599913279624
AAACGATCACACTGCA-1,OTI,2,334,2.525044807036845
AAACGATCAGCACCTA-1,OTI,0,0,0.0
AAACGATCAGCCCTAA-1,C57BL6,1,1,0.3010299956639812
AAACGCACAAAAGCAT-1,OTI,2,601,2.7795964912578244
AAACGCACAAATTCCA-1,C57BL6,0,0,0.0
AAACGCACAAGCGATA-1,OTI,2,90,1.9590413923210936
AAACGCACAAGCGTAA-1,OTI,0,0,0.0
AAACGCACACTGGGCT-1,OTI,5,15,1.2041199826559248
AAACGCACAGCTACAT-1,OTI,4,78,1.8976270912904414
AAACGCGAGAAACTAG-1,OTI,3,24,1.3979400086720377
AAACGCGAGATGGAGT-1,OTI,4,270,2.432969290874406
AAACGCGAGCAGGGGT-1,OTI,2,9,1.0
AAACGCGAGCGCATCG-1,OTI,0,0,0.0
AAACGCGAGCGCTGTG-1,C57BL6,0,0,0.0
AAACGCGAGCGTTACA-1,OTI,4,35,1.5563025007672873
AAACGCGAGGCTTGTA-1,C57BL6,0,0,0.0
AAACGCTGTAGGGGAT-1,OTI,1,42,1.6334684555795864
AAACGCTGTCAGCTCT-1,OTI,3,59,1.7781512503836436
AAACGCTGTGCCTTCG-1,OTI,3,46,1.6720978579357175
AAACGCTGTGCTATGG-1,C57BL6,2,8,0.9542425094393249
AAACGCTGTGGGACTC-1,OTI,1,3,0.6020599913279624
AAACGCTGTGGTGGAG-1,C57BL6,0,0,0.0
AAACGCTGTGTAGGTT-1,OTI,4,117,2.0718820073061255
AAACGCTGTGTCTATT-1,OTI,1,4,0.6989700043360189
AAACGCTGTGTGCCGG-1,C57BL6,0,0,0.0
AAACGGAGTAGAATGG-1,OTI,0,0,0.0
AAACGGAGTCAGCTTC-1,C57BL6,0,0,0.0
AAACGGAGTCATAGGT-1,C57BL6,0,0,0.0
AAACGGAGTCGCATCT-1,OTI,0,0,0.0
AAACGGAGTGTGTATA-1,OTI,1,33,1.5314789170422551
AAACGGCCAAGTGGCG-1,C57BL6,0,0,0.0
AAACGGCCAATCACTA-1,OTI,0,0,0.0
AAACGGCCACCTTTCA-1,OTI,3,177,2.250420002308894
AAACGGCCACGGGTAG-1,OTI,0,0,0.0
AAACGGCCACTAGCAT-1,OTI,5,276,2.4424797690644486
AAACGGCCACTCGAGC-1,C57BL6,1,53,1.7323937598229686
AAACGGTAGACGACGA-1,C57BL6,2,15,1.2041199826559248
AAACGGTAGAGGCTGA-1,OTI,9,128,2.110589710299249
AAACGGTAGCACAGCT-1,OTI,4,25,1.414973347970818
AAACGGTAGCGACGTT-1,OTI,1,6,0.8450980400142568
AAACGGTAGCGTTGCG-1,C57BL6,0,0,0.0
AAACGGTAGGCAGTGA-1,OTI,5,332,2.5224442335063197
AAACGGTAGGCGAGTA-1,OTI,3,202,2.307496037913213
AAACGTAAGAAGGCAT-1,OTI,5,154,2.1903316981702914
AAACGTAAGAGGAGCC-1,C57BL6,2,9,1.0
AAACGTAAGCAATTGT-1,OTI,1,33,1.5314789170422551
AAACGTAAGCGTTAAT-1,C57BL6,0,0,0.0
AAACGTAAGCTGTATG-1,C57BL6,1,4,0.6989700043360189
AAACGTAAGGGAGCGT-1,OTI,3,58,1.7708520116421442
AAACTAACAAGGACAC-1,OTI,6,73,1.8692317197309762
AAACTAACACATAACC-1,OTI,0,0,0.0
AAACTAACACCCTAGA-1,OTI,1,34,1.5440680443502757
AAACTAACACTCAATA-1,OTI,5,34,1.5440680443502757
AAACTAACAGCTTCAG-1,OTI,2,5,0.7781512503836436
AAACTACTCACCCCTA-1,OTI,0,0,0.0
AAACTACTCACGCAAC-1,C57BL6,0,0,0.0
AAACTACTCACTTAAA-1,C57BL6,0,0,0.0
AAACTACTCATACCTC-1,OTI,1,9,1.0
AAACTACTCCATGCCC-1,OTI,2,113,2.0569048513364727
AAACTACTCCCATAAG-1,OTI,3,31,1.505149978319906
AAACTACTCCGTCAAA-1,OTI,3,10,1.0413926851582251
AAACTACTCCTTAGCT-1,C57BL6,1,8,0.9542425094393249
AAACTACTCCTTAGTC-1,OTI,3,368,2.56702636615906
AAACTAGAGAAACGCG-1,C57BL6,0,0,0.0
AAACTAGAGAAGGTTA-1,C57BL6,0,0,0.0
AAACTAGAGACACGGA-1,OTI,3,213,2.330413773349191
AAACTAGAGAGAATTG-1,OTI,5,83,1.9242792860618816
AAACTAGAGATTCGAT-1,OTI,7,109,2.041392685158225
AAACTAGAGCCTTCAT-1,OTI,0,0,0.0
AAACTAGAGCGTTTGA-1,OTI,2,161,2.2095150145426308
AAACTAGAGCTACTGA-1,OTI,4,205,2.3138672203691533
AAACTCCCAAATCTCA-1,C57BL6,3,19,1.3010299956639813
AAACTCCCAACAGGGT-1,OTI,1,70,1.8512583487190752
AAACTCCCAATGCATC-1,OTI,0,0,0.0
AAACTCCCAATTATCG-1,C57BL6,0,0,0.0
AAACTCCCAGCAGGCA-1,OTI,3,659,2.8195439355418688
AAACTCCCAGCCATAT-1,OTI,1,8,0.9542425094393249
AAACTCCCAGTCGGAG-1,OTI,3,91,1.9637878273455553
AAACTGCGTACCCCAT-1,OTI,3,41,1.6232492903979006
AAACTGCGTACTCGAG-1,OTI,4,101,2.0086001717619175
AAACTGCGTACTCTAT-1,C57BL6,0,0,0.0
AAACTGCGTACTTGCC-1,OTI,1,54,1.7403626894942439
AAACTGCGTCCAGGGT-1,OTI,4,10,1.0413926851582251
AAACTGCGTCCTTCGG-1,OTI,2,48,1.6901960800285136
AAACTGCGTCGCGCTC-1,C57BL6,1,2,0.47712125471966244
AAACTGCGTCGTCTTA-1,C57BL6,1,3,0.6020599913279624
AAACTGCGTCGTGAGC-1,C57BL6,1,3,0.6020599913279624
AAACTGCGTCTTGTAT-1,C57BL6,1,4,0.6989700043360189
AAACTGCGTGGTTATA-1,OTI,1,17,1.255272505103306
AAACTTATCCAAGACC-1,OTI,3,420,2.6242820958356683
AAACTTATCGTATGTG-1,C57BL6,0,0,0.0
AAACTTATCGTCCAAA-1,OTI,4,169,2.230448921378274
AAACTTATCGTGCGCA-1,OTI,2,49,1.6989700043360187
AAAGCAATCAAGCACC-1,OTI,0,0,0.0
AAAGCAATCCATCACT-1,OTI,1,4,0.6989700043360189
AAAGCAATCCCATAAG-1,OTI,6,95,1.9822712330395684
AAAGCAATCCCGTCTA-1,OTI,1,3,0.6020599913279624
AAAGCAATCCCTTTAA-1,C57BL6,1,4,0.6989700043360189
AAAGCAATCCGATACA-1,C57BL6,2,7,0.9030899869919435
AAAGCATCAAAAGGAA-1,C57BL6,1,6,0.8450980400142568
AAAGCATCAAAGGACC-1,OTI,0,0,0.0
AAAGCATCAACATCCG-1,C57BL6,0,0,0.0
AAAGCATCACGACCTA-1,C57BL6,1,15,1.2041199826559248
AAAGCATCACGGTGCT-1,OTI,5,361,2.558708570533166
AAAGCCACAACAGGGT-1,C57BL6,0,0,0.0
AAAGCCACACAACTCG-1,OTI,1,1,0.3010299956639812
AAAGCCACACTACTTT-1,OTI,5,130,2.1172712956557644
AAAGCCCTCCAAGTAT-1,OTI,2,20,1.3222192947339193
AAAGCCGAGCAAAGTA-1,C57BL6,0,0,0.0
AAAGCCGAGCACCAAC-1,OTI,14,129,2.113943352306837
AAAGCCGAGCGATTCA-1,OTI,5,67,1.8325089127062364
AAAGCCGAGCTGCAGT-1,OTI,1,19,1.3010299956639813
AAAGCCTGTAATGTGC-1,C57BL6,1,4,0.6989700043360189
AAAGCCTGTACGGGTC-1,OTI,0,0,0.0
AAAGCCTGTCAATATG-1,OTI,1,2,0.47712125471966244
AAAGCCTGTGTGGATT-1,OTI,3,9,1.0
AAAGCCTGTGTTCGCT-1,C57BL6,0,0,0.0
AAAGCGAGTAAGTCTA-1,C57BL6,0,0,0.0
AAAGCGAGTAATGTTG-1,C57BL6,0,0,0.0
AAAGCGAGTACTTAAG-1,OTI,1,6,0.8450980400142568
AAAGCGAGTAGGACGG-1,OTI,1,34,1.5440680443502757
AAAGCGAGTCGTGTTC-1,C57BL6,0,0,0.0
AAAGCGAGTGGCATGC-1,C57BL6,1,14,1.1760912590556813
AAAGCGAGTGTGCAAT-1,C57BL6,1,12,1.1139433523068367
AAAGCGCCAAATGCGA-1,OTI,5,87,1.9444826721501687
AAAGCGCCAAGGCCGA-1,OTI,2,6,0.8450980400142568
AAAGCGCCACAATGGA-1,OTI,0,0,0.0
AAAGCGCCACCACGTA-1,OTI,0,0,0.0
AAAGCGCCACCTCATC-1,OTI,7,98,1.99563519459755
AAAGCGCCACGGTGTC-1,OTI,3,24,1.3979400086720377
AAAGCGCCAGTGGGAT-1,OTI,2,89,1.954242509439325
AAAGCGCCAGTTAAGG-1,C57BL6,0,0,0.0
AAAGCGTAGAAGCGTG-1,C57BL6,0,0,0.0
AAAGCGTAGAATTGTC-1,C57BL6,0,0,0.0
AAAGCGTAGCCTAAGC-1,OTI,2,31,1.505149978319906
AAAGCGTAGCGCGTAT-1,OTI,0,0,0.0
AAAGCTAAGAATTCCG-1,OTI,2,134,2.130333768495006
AAAGCTAAGCCGCCAA-1,OTI,0,0,0.0
AAAGCTAAGCCGTGAT-1,C57BL6,1,4,0.6989700043360189
AAAGCTAAGCTTGGGT-1,OTI,5,67,1.8325089127062364
AAAGCTAAGGCAAGCA-1,C57BL6,1,3,0.6020599913279624
AAAGCTAAGGCCATGT-1,OTI,1,3,0.6020599913279624
AAAGCTCGTACGGGCT-1,OTI,2,39,1.6020599913279623
AAAGCTCGTAGGTTTA-1,OTI,3,217,2.3384564936046046
AAAGCTCGTAGTATTG-1,C57BL6,2,5,0.7781512503836436
AAAGCTCGTATTGCGG-1,OTI,3,223,2.3502480183341627
AAAGCTCGTCCCAATC-1,OTI,6,72,1.863322860120456
AAAGCTCGTCGAAGGG-1,OTI,1,2,0.47712125471966244
AAAGCTCGTCTCCTGG-1,C57BL6,0,0,0.0
AAAGCTCGTCTGCGCC-1,C57BL6,0,0,0.0
AAAGCTCGTGGACGGA-1,C57BL6,2,2,0.47712125471966244
AAAGCTCGTGTATCGG-1,OTI,1,26,1.4313637641589874
AAAGCTCGTGTCCGCC-1,OTI,6,222,2.3483048630481607
AAAGGAACAAAACTAA-1,OTI,1,1,0.3010299956639812
AAAGGAACAAGTCGGG-1,C57BL6,1,22,1.3617278360175928
AAAGGAACACCGGACT-1,OTI,1,23,1.380211241711606
AAAGGAACACTCGTTC-1,C57BL6,0,0,0.0
AAAGGAACAGCGCGAA-1,OTI,4,31,1.505149978319906
AAAGGAACAGGGTGCA-1,OTI,4,72,1.863322860120456
AAAGGAGAGAACAGAC-1,C57BL6,2,27,1.4471580313422192
AAAGGAGAGAATGCGG-1,C57BL6,0,0,0.0
AAAGGAGAGAGAGGAA-1,OTI,10,1328,3.123524980942732
AAAGGAGAGAGCGTGA-1,C57BL6,2,6,0.8450980400142568
AAAGGAGAGGCTCAGT-1,OTI,2,79,1.9030899869919435
AAAGGCCCAAGTACAG-1,C57BL6,0,0,0.0
AAAGGCCCACGTCTAG-1,C57BL6,1,2,0.47712125471966244
AAAGGCCCACTAACTA-1,C57BL6,0,0,0.0
AAAGGCCCAGCGCACT-1,OTI,3,22,1.3617278360175928
AAAGGGGCAAATTGAA-1,C57BL6,0,0,0.0
AAAGGGGCACGCATCA-1,OTI,4,81,1.9138138523837167
AAAGGGTTCAAGGGCA-1,C57BL6,0,0,0.0
AAAGGGTTCAATATTG-1,OTI,0,0,0.0
AAAGGGTTCACAGACC-1,OTI,1,11,1.0791812460476249
AAAGGGTTCCACCCGT-1,C57BL6,5,11,1.0791812460476249
AAAGGGTTCCATCATC-1,OTI,2,40,1.6127838567197355
AAAGGGTTCGGTGGTT-1,C57BL6,2,55,1.7481880270062005
AAAGGGTTCGTAATCG-1,OTI,2,10,1.0413926851582251
AAAGGTATCACTGTCT-1,C57BL6,0,0,0.0
AAAGGTATCATTCAAA-1,OTI,0,0,0.0
AAAGGTATCCAGCAAC-1,OTI,0,0,0.0
AAAGGTATCGCGTAGT-1,C57BL6,0,0,0.0
AAAGGTATCGCTGGCA-1,C57BL6,0,0,0.0
AAAGGTATCGGTGGTT-1,OTI,6,121,2.0863598306747484
AAAGGTATCGGTTATG-1,C57BL6,0,0,0.0
AAAGGTCAGAGTGCAG-1,OTI,3,91,1.9637878273455553
AAAGGTCAGCCATATG-1,C57BL6,0,0,0.0
AAAGGTCAGCCTAGAC-1,OTI,1,9,1.0
AAAGGTCAGGGGGTAC-1,OTI,5,57,1.7634279935629373
AAAGTCAAGAGAGGAA-1,C57BL6,1,3,0.6020599913279624
AAAGTCAAGATTGTGT-1,C57BL6,0,0,0.0
AAAGTCAAGCACCACG-1,OTI,4,42,1.6334684555795864
AAAGTCAAGGCCTGCA-1,C57BL6,1,3,0.6020599913279624
AAAGTGCAGCGGGTTT-1,OTI,6,45,1.662757831681574
AAAGTGCAGGCTCGTG-1,OTI,5,31,1.505149978319906
AAAGTGCAGGTATTGT-1,C57BL6,0,0,0.0
AAAGTGGGTAATGGGA-1,C57BL6,0,0,0.0
AAAGTGGGTAGTCGCA-1,OTI,0,0,0.0
AAAGTGGGTCGCTAAG-1,OTI,3,35,1.5563025007672873
AAAGTGGGTCGTATGG-1,OTI,2,32,1.5185139398778875
AAAGTGGGTGCGGTTA-1,OTI,1,4,0.6989700043360189
AAAGTGGGTGGTTTAA-1,C57BL6,1,2,0.47712125471966244
AAAGTGGGTGTAGCAT-1,OTI,0,0,0.0
AAAGTGGGTGTGGCCG-1,OTI,3,259,2.4149733479708178
AAAGTTACAAGGCTCC-1,OTI,1,222,2.3483048630481607
AAAGTTACAGGGCTCT-1,OTI,5,74,1.8750612633917
AAAGTTACAGGTATTC-1,OTI,3,39,1.6020599913279623
AAAGTTACAGGTTAGA-1,OTI,2,12,1.1139433523068367
AAAGTTACAGTAAAGT-1,C57BL6,1,1,0.3010299956639812
AAAGTTCTCAAAGCCC-1,OTI,5,158,2.2013971243204513
AAAGTTCTCAATCTGG-1,OTI,2,19,1.3010299956639813
AAAGTTCTCAGGCTCG-1,OTI,1,3,0.6020599913279624
AAAGTTCTCAGTGGTC-1,OTI,3,46,1.6720978579357175
AAAGTTCTCGGCTATA-1,C57BL6,0,0,0.0
AAATCAACAACAGACA-1,OTI,4,56,1.7558748556724915
AAATCAACAACAGGAC-1,OTI,5,56,1.7558748556724915
AAATCAACAAGCTGGG-1,C57BL6,0,0,0.0
AAATCAACACATGGTT-1,OTI,1,3,0.6020599913279624
AAATCAACAGGACCTC-1,OTI,0,0,0.0
AAATCAACAGTCTATA-1,OTI,5,34,1.5440680443502757
AAATCAACAGTGAGCG-1,C57BL6,1,19,1.3010299956639813
AAATCACTCATTACTT-1,C57BL6,4,11,1.0791812460476249
AAATCACTCCATCACT-1,OTI,3,155,2.1931245983544616
AAATCACTCCCGCTTA-1,OTI,2,20,1.3222192947339193
AAATCACTCGCATCAA-1,OTI,4,164,2.2174839442139063
AAATCACTCGCCCGTT-1,C57BL6,0,0,0.0
AAATCACTCGCGTCAG-1,OTI,0,0,0.0
AAATCACTCGGACTTA-1,OTI,4,94,1.9777236052888478
AAATCAGAGACTCCAA-1,C57BL6,0,0,0.0
AAATCAGAGAGACGCA-1,OTI,4,32,1.5185139398778875
AAATCAGAGAGTTTCG-1,OTI,6,212,2.3283796034387376
AAATCAGAGCACTTTC-1,OTI,6,150,2.1789769472931693
AAATCAGAGCGGGTAA-1,C57BL6,1,1,0.3010299956639812
AAATCAGAGCTCGTAA-1,OTI,4,69,1.845098040014257
AAATCCAGTAGAGGCG-1,OTI,0,0,0.0
AAATCCAGTCTCGGTT-1,C57BL6,0,0,0.0
AAATCCAGTGGTGTAT-1,C57BL6,0,0,0.0
AAATCCCCACCAGATT-1,C57BL6,2,26,1.4313637641589874
AAATCCCCACTCACGA-1,OTI,4,24,1.3979400086720377
AAATCCCCACTCGGTA-1,C57BL6,4,19,1.3010299956639813
AAATCCGTCAAGCTAT-1,OTI,5,56,1.7558748556724915
AAATCCGTCAAGTCGC-1,OTI,0,0,0.0
AAATCCGTCATGCGGT-1,OTI,9,325,2.513217600067939
AAATCCGTCCTCGTCA-1,OTI,0,0,0.0
AAATCCGTCGCCATGG-1,OTI,2,217,2.3384564936046046
AAATCCGTCGCGTATA-1,OTI,2,26,1.4313637641589874
AAATCCGTCGCTTACT-1,OTI,2,27,1.4471580313422192
AAATCCGTCGGCGAAA-1,C57BL6,0,0,0.0
AAATCTATCAATCATA-1,C57BL6,2,4,0.6989700043360189
AAATCTATCACACGGT-1,OTI,3,62,1.7993405494535817
AAATCTATCACGCCTC-1,OTI,3,63,1.806179973983887
AAATCTATCACTCCGC-1,C57BL6,0,0,0.0
AAATCTATCAGTGATT-1,OTI,11,241,2.383815365980431
AAATCTATCCTGTATC-1,C57BL6,2,7,0.9030899869919435
AAATCTATCCTTCTAA-1,OTI,3,256,2.4099331233312946
AAATCTATCGCTCTCA-1,OTI,3,89,1.954242509439325
AAATCTATCGCTTCCA-1,C57BL6,0,0,0.0
AAATCTATCGGCAATC-1,OTI,0,0,0.0
AAATCTATCGTATGTG-1,OTI,3,179,2.255272505103306
AAATCTGGTAACCGGC-1,OTI,4,71,1.8573324964312685
AAATCTGGTAATGGAG-1,OTI,0,0,0.0
AAATCTGGTACCTGTC-1,C57BL6,1,6,0.8450980400142568
AAATCTGGTAGGATAG-1,OTI,6,61,1.792391689498254
AAATCTGGTATAGTCA-1,OTI,3,16,1.2304489213782739
AAATCTGGTCCGTTTA-1,OTI,1,2,0.47712125471966244
AAATCTGGTGTGCGCG-1,C57BL6,1,6,0.8450980400142568
AAATCTTCAAATGGCA-1,OTI,3,7,0.9030899869919435
AAATCTTCAAGCGATA-1,OTI,6,9,1.0
AAATCTTCAATAAGGT-1,OTI,2,7,0.9030899869919435
AAATCTTCAATTCGGT-1,C57BL6,0,0,0.0
AAATCTTCACTATAGC-1,OTI,7,159,2.2041199826559246
AAATCTTCACTCATAA-1,C57BL6,0,0,0.0
AAATCTTCACTCGTTC-1,OTI,5,910,2.9595183769729982
AAATCTTCAGTTAGCT-1,OTI,0,0,0.0
AAATGACCACGAACGG-1,C57BL6,1,3,0.6020599913279624
AAATGACCAGTAATCC-1,OTI,3,88,1.9493900066449128
AAATGACCAGTACTTA-1,OTI,4,45,1.662757831681574
AAATGCTTCAACTATA-1,OTI,3,26,1.4313637641589874
AAATGCTTCAATCGCA-1,OTI,2,17,1.255272505103306
AAATGCTTCCATAGCA-1,OTI,3,142,2.155336037465062
AAATGCTTCCCGAATA-1,OTI,2,3,0.6020599913279624
AAATGCTTCCGGAAAG-1,OTI,3,24,1.3979400086720377
AAATGCTTCGGCCTCT-1,OTI,5,142,2.155336037465062
AAATGCTTCGTTAATA-1,OTI,1,12,1.1139433523068367
AAATGGCAGAGTAAGC-1,OTI,1,16,1.2304489213782739
AAATGGCAGCCATTAG-1,OTI,6,82,1.919078092376074
AAATGGCAGCCCTAGG-1,OTI,3,68,1.8388490907372552
AAATGGCAGGCAAGGC-1,OTI,0,0,0.0
AAATGGCAGGCCATTA-1,OTI,6,270,2.432969290874406
AAATGGGGTAGAGGGT-1,OTI,5,57,1.7634279935629373
AAATGGGGTAGGCATT-1,C57BL6,0,0,0.0
AAATGGGGTATTGAGC-1,OTI,0,0,0.0
AAATGGGGTCATACTT-1,OTI,0,0,0.0
AAATGGGGTCGCATTC-1,C57BL6,3,18,1.2787536009528289
AAATGGTCAACGAACA-1,OTI,1,4,0.6989700043360189
AAATGGTCAAGTAAAC-1,C57BL6,1,4,0.6989700043360189
AAATGGTCAAGTACGA-1,OTI,5,227,2.357934847000454
AAATGGTCACAATGTC-1,OTI,2,34,1.5440680443502757
AAATGGTCACGGCTTA-1,OTI,4,74,1.8750612633917
AAATGGTCAGCAACTT-1,OTI,1,9,1.0
AAATGGTCAGGATGGT-1,OTI,0,0,0.0
AAATGTCTCATGTTAA-1,OTI,5,129,2.113943352306837
AAATGTCTCCTCCAAT-1,OTI,1,16,1.2304489213782739
AAATGTCTCGTCAATG-1,OTI,3,65,1.8195439355418688
AAATGTCTCGTTACTC-1,OTI,0,0,0.0
AAATTCGGTATCAGTA-1,OTI,2,58,1.7708520116421442
AAATTCGGTCGCTGGG-1,C57BL6,0,0,0.0
AAATTCTCAACAACAG-1,OTI,1,26,1.4313637641589874
AAATTCTCAAGTGTTC-1,C57BL6,0,0,0.0
AAATTCTCACGCAGGA-1,OTI,1,10,1.0413926851582251
AAATTCTCAGCCCATA-1,C57BL6,2,2,0.47712125471966244
AAATTCTCAGGACCTC-1,OTI,12,766,2.884795363948981
AAATTCTCAGTAAAGT-1,C57BL6,0,0,0.0
AAATTGCTCAAGGCTC-1,OTI,1,52,1.724275869600789
AAATTGCTCAATTCCC-1,OTI,6,89,1.954242509439325
AAATTGCTCAGGCCCA-1,OTI,2,29,1.4771212547196624
AAATTGCTCCTTGTAC-1,OTI,3,105,2.0253058652647704
AAATTGCTCGTAGTTG-1,OTI,1,43,1.6434526764861874
AAATTGGAGCAACGTC-1,OTI,8,63,1.806179973983887
AAATTGGAGCATTACG-1,OTI,3,37,1.5797835966168101
AAATTGGAGCCGACAT-1,C57BL6,0,0,0.0
AAATTTCCAAGCAGTA-1,OTI,4,49,1.6989700043360187
AAATTTCCAAGGCGCA-1,OTI,1,5,0.7781512503836436
AAATTTCCACATTCCC-1,OTI,1,2,0.47712125471966244
AAATTTCCACTAGTCG-1,OTI,2,19,1.3010299956639813
AACACCCAGACAGACG-1,C57BL6,0,0,0.0
AACACCCAGCAAACGG-1,OTI,4,30,1.4913616938342726
AACACCCAGCCATCGG-1,OTI,2,21,1.3424226808222062
AACACCCAGCGGGGAT-1,C57BL6,1,4,0.6989700043360189
AACACCTCAATAAGTA-1,OTI,1,3,0.6020599913279624
AACACCTCAATTCATG-1,OTI,2,17,1.255272505103306
AACACCTCACATGATC-1,OTI,1,62,1.7993405494535817
AACACCTCACCTACTC-1,C57BL6,0,0,0.0
AACACCTCAGGAATCA-1,OTI,2,5,0.7781512503836436
AACACCTCAGTGATTC-1,OTI,3,218,2.3404441148401185
AACACGCTCAAGCGTC-1,OTI,4,60,1.7853298350107671
AACACGCTCACTTCCG-1,C57BL6,1,9,1.0
AACACGCTCAGGCTGT-1,OTI,3,366,2.5646660642520893
AACACGCTCCACAAGC-1,C57BL6,0,0,0.0
AACACGCTCCGACCCT-1,C57BL6,0,0,0.0
AACACGCTCCGATAAT-1,OTI,0,0,0.0
AACACGCTCCTGCATT-1,OTI,3,514,2.711807229041191
AACACGCTCGGCAATC-1,C57BL6,0,0,0.0
AACACTCCAAATCACC-1,OTI,0,0,0.0
AACACTCCAACACTAC-1,OTI,4,54,1.7403626894942439
AACACTCCAAGGTTCT-1,C57BL6,0,0,0.0
AACACTCCACGCATCA-1,OTI,4,124,2.0969100130080562
AACACTCCAGTAGCGG-1,C57BL6,1,12,1.1139433523068367
AACAGACAGCCAAAGG-1,C57BL6,0,0,0.0
AACAGACAGCTCATGA-1,OTI,10,194,2.290034611362518
AACAGACAGGCAATTT-1,OTI,0,0,0.0
AACAGACAGGGGATTG-1,OTI,3,54,1.7403626894942439
AACAGACAGGTATTCG-1,OTI,1,1,0.3010299956639812
AACAGAGGTACCTGCT-1,OTI,0,0,0.0
AACAGAGGTCTATCGC-1,C57BL6,3,30,1.4913616938342726
AACAGAGGTCTCCGGC-1,C57BL6,0,0,0.0
AACAGAGGTGGAAATG-1,OTI,1,5,0.7781512503836436
AACAGAGGTGGCTTAG-1,OTI,3,34,1.5440680443502757
AACAGAGGTGTGTATA-1,C57BL6,0,0,0.0
AACAGCCTCAATCCTC-1,OTI,5,124,2.0969100130080562
AACAGCCTCACGAACC-1,OTI,2,120,2.0827853703164503
AACAGCCTCAGCGGTT-1,C57BL6,1,1,0.3010299956639812
AACAGCCTCATAGCGC-1,OTI,0,0,0.0
AACAGCCTCCCAACTT-1,OTI,0,0,0.0
AACAGCCTCCGGAATC-1,C57BL6,0,0,0.0
AACAGCCTCGCAGTAC-1,C57BL6,3,25,1.414973347970818
AACAGGAGTATAAGGG-1,OTI,1,6,0.8450980400142568
AACAGGAGTATCCGTC-1,OTI,1,5,0.7781512503836436
AACAGGAGTCCGTTTA-1,OTI,5,32,1.5185139398778875
AACAGGAGTGTTATGA-1,OTI,6,144,2.161368002234975
AACAGGGTCACTTACC-1,OTI,1,3,0.6020599913279624
AACAGGGTCCACCCAC-1,OTI,0,0,0.0
AACAGGGTCCCTTAGT-1,OTI,1,699,2.845098040014257
AACAGGGTCGCATAAT-1,OTI,1,4,0.6989700043360189
AACAGGTAGAAAGTGC-1,C57BL6,0,0,0.0
AACAGGTAGAGTGTAA-1,OTI,1,7,0.9030899869919435
AACAGGTAGATGACGG-1,C57BL6,0,0,0.0
AACAGGTAGCGTACCG-1,OTI,5,175,2.24551266781415
AACAGGTAGGCCTGAT-1,OTI,1,11,1.0791812460476249
AACATAACAAATTTCG-1,OTI,4,14,1.1760912590556813
AACATAACACACCGTA-1,C57BL6,0,0,0.0
AACATAACACCAACGC-1,OTI,5,138,2.143014800254095
AACATAACAGCGTATT-1,OTI,3,188,2.2764618041732443
AACATAACAGTCAATC-1,OTI,4,24,1.3979400086720377
AACATAACAGTCTTAA-1,C57BL6,4,44,1.6532125137753437
AACATAACAGTGCTCA-1,C57BL6,0,0,0.0
AACATAACAGTGGGAT-1,OTI,2,87,1.9444826721501687
AACATAGAGAGTGCGA-1,OTI,4,28,1.462397997898956
AACATAGAGCCATGCG-1,OTI,6,275,2.4409090820652177
AACATGCGTATCCGTC-1,OTI,1,156,2.1958996524092336
AACATGCGTCACGCCC-1,OTI,6,140,2.1492191126553797
AACATGCGTCAGTATA-1,OTI,9,120,2.0827853703164503
AACATGCGTGTCATGG-1,OTI,1,130,2.1172712956557644
AACATGCGTGTGCGGT-1,C57BL6,0,0,0.0
AACATGCGTGTTAGGT-1,OTI,2,12,1.1139433523068367
AACATGGCAACAACAG-1,OTI,4,129,2.113943352306837
AACATGGCAACCTCTC-1,C57BL6,1,2,0.47712125471966244
AACATGGCAATAGCGA-1,OTI,3,91,1.9637878273455553
AACATGGCAATCTCTT-1,C57BL6,0,0,0.0
AACATGGCACAATCCG-1,OTI,1,7,0.9030899869919435
AACATGGCACTAACCG-1,OTI,4,91,1.9637878273455553
AACATGGCACTACTAA-1,OTI,1,47,1.6812412373755872
AACATGGCAGCATCCA-1,OTI,2,229,2.361727836017593
AACATGGCAGCATTCG-1,OTI,2,94,1.9777236052888478
AACATGGCAGGAACTA-1,OTI,2,58,1.7708520116421442
AACATGGCAGTGTCGC-1,C57BL6,0,0,0.0
AACATTATCACACGGT-1,OTI,0,0,0.0
AACATTATCCCGCATC-1,OTI,2,32,1.5185139398778875
AACATTATCCCTATAC-1,C57BL6,1,9,1.0
AACATTATCCGCTTCA-1,C57BL6,0,0,0.0
AACATTATCCTGCACC-1,OTI,2,13,1.146128035678238
AACATTATCGTGACTA-1,C57BL6,0,0,0.0
AACATTGGTCACTAGG-1,OTI,1,32,1.5185139398778875
AACATTGGTCCGAATG-1,OTI,5,137,2.1398790864012365
AACATTGGTGGTAATC-1,OTI,1,16,1.2304489213782739
AACATTGGTGTACCCT-1,OTI,3,107,2.03342375548695
AACATTTCAAATGCGA-1,OTI,2,361,2.558708570533166
AACATTTCAACTTAAT-1,OTI,6,58,1.7708520116421442
AACATTTCAACTTTAG-1,OTI,2,66,1.8260748027008264
AACATTTCAAGGGGAA-1,OTI,2,5,0.7781512503836436
AACATTTCAATATGTT-1,OTI,1,14,1.1760912590556813
AACATTTCAATGGGAC-1,OTI,4,140,2.1492191126553797
AACATTTCACCAAGCC-1,OTI,2,152,2.184691430817599
AACATTTCACGAAGTA-1,OTI,1,8,0.9542425094393249
AACATTTCAGGCTTCA-1,OTI,0,0,0.0
AACATTTCAGTAGCGG-1,C57BL6,2,2,0.47712125471966244
AACCAATTCAAATCTA-1,OTI,2,11,1.0791812460476249
AACCAATTCACGGTCG-1,OTI,1,106,2.0293837776852097
AACCAATTCCAGTACA-1,OTI,5,105,2.0253058652647704
AACCAATTCGGTGTTA-1,OTI,1,1,0.3010299956639812
AACCACTCAAAACCAG-1,C57BL6,1,17,1.255272505103306
AACCACTCAAAGGGGA-1,C57BL6,0,0,0.0
AACCACTCAAGCGGCA-1,OTI,0,0,0.0
AACCACTCAAGCGTCC-1,C57BL6,0,0,0.0
AACCACTCAATGGTAG-1,OTI,2,20,1.3222192947339193
AACCACTCACATGGTT-1,OTI,3,15,1.2041199826559248
AACCACTCACCAGAGG-1,OTI,9,31,1.505149978319906
AACCACTCACTCGGGT-1,OTI,0,0,0.0
AACCACTCAGTATGTC-1,OTI,3,1141,3.0576661039098294
AACCAGACAACAGCGG-1,OTI,1,10,1.0413926851582251
AACCAGGAGACGCGAA-1,OTI,4,63,1.806179973983887
AACCAGGAGAGTACGG-1,OTI,3,24,1.3979400086720377
AACCAGGAGAGTTTAC-1,OTI,3,65,1.8195439355418688
AACCAGGAGATCCTGA-1,C57BL6,0,0,0.0
AACCAGGAGCAATATC-1,OTI,1,64,1.8129133566428555
AACCAGGAGCATGTTG-1,OTI,1,2,0.47712125471966244
AACCAGGAGCCACTTT-1,OTI,2,52,1.724275869600789
AACCATCCAAAATCCC-1,OTI,3,13,1.146128035678238
AACCATCCAAAGGGAG-1,OTI,3,24,1.3979400086720377
AACCATCCACGCTGAC-1,OTI,3,338,2.530199698203082
AACCATCCAGGATGGT-1,OTI,8,747,2.8739015978644615
AACCATGTCACAACGC-1,OTI,5,124,2.0969100130080562
AACCATGTCAGAGTAA-1,OTI,3,80,1.9084850188786497
AACCATGTCCACTTAC-1,OTI,3,21,1.3424226808222062
AACCATGTCGCTAACA-1,OTI,1,120,2.0827853703164503
AACCATGTCGTATCAG-1,OTI,1,2,0.47712125471966244
AACCATTAGAGACATA-1,OTI,1,4,0.6989700043360189
AACCATTAGCCGACAT-1,OTI,0,0,0.0
AACCATTAGCGCAGTT-1,C57BL6,0,0,0.0
AACCATTAGCGCTCGA-1,C57BL6,0,0,0.0
AACCATTAGCGTTCCC-1,OTI,5,128,2.110589710299249
AACCATTAGCTTGGCG-1,C57BL6,1,5,0.7781512503836436
AACCCAATCAATGTGT-1,OTI,2,74,1.8750612633917
AACCCAATCATGGCGT-1,OTI,1,1,0.3010299956639812
AACCCAATCCCTGACC-1,OTI,2,9,1.0
AACCCAATCGGTTGTA-1,OTI,4,85,1.9344984512435677
AACCCAATCGTAGTTG-1,OTI,6,757,2.8796692056320534
AACCCACAGAAATCAG-1,OTI,4,178,2.2528530309798933
AACCCACAGATTAAGG-1,C57BL6,1,3,0.6020599913279624
AACCCACAGCACGTAC-1,OTI,0,0,0.0
AACCCACAGCCGACAT-1,OTI,4,66,1.8260748027008264
AACCCACAGCCTGTGG-1,OTI,4,421,2.625312450961674
AACCCACAGCTCGTTT-1,C57BL6,0,0,0.0
AACCCACAGCTGCAGT-1,C57BL6,0,0,0.0
AACCCACAGCTGGTTA-1,OTI,0,0,0.0
AACCCACAGCTTGAAT-1,OTI,0,0,0.0
AACCCACAGGCCACAT-1,OTI,0,0,0.0
AACCCACAGGGGTATG-1,OTI,3,15,1.2041199826559248
AACCCACAGGTAGTAA-1,OTI,4,41,1.6232492903979006
AACCCACAGGTCATGC-1,OTI,0,0,0.0
AACCCATCAAATCCGT-1,OTI,1,13,1.146128035678238
AACCCATCAAGGTAAT-1,C57BL6,1,1,0.3010299956639812
AACCCATCAATCATTG-1,OTI,0,0,0.0
AACCCATCAATGATCC-1,C57BL6,6,7,0.9030899869919435
AACCCATCACATAACC-1,OTI,1,26,1.4313637641589874
AACCCATCACGTCTAG-1,C57BL6,2,43,1.6434526764861874
AACCCATCACTCCGAA-1,OTI,5,173,2.2405492482826
AACCCATCAGCCTCTT-1,OTI,0,0,0.0
AACCCCGAGAACCAGG-1,OTI,2,132,2.123851640967086
AACCCCGAGAATGCAA-1,OTI,2,70,1.8512583487190752
AACCCCGAGCAGCTGT-1,OTI,2,10,1.0413926851582251
AACCCCGAGCATAGGG-1,OTI,5,35,1.5563025007672873
AACCCCTGTACCCCTG-1,OTI,3,33,1.5314789170422551
AACCCCTGTAGTGTCG-1,OTI,1,95,1.9822712330395684
AACCCCTGTATGAGTC-1,OTI,2,55,1.7481880270062005
AACCCCTGTCATCTTG-1,C57BL6,0,0,0.0
AACCCCTGTCCTGTAC-1,C57BL6,0,0,0.0
AACCCCTGTCGGTTAG-1,OTI,0,0,0.0
AACCCCTGTGCAGTCA-1,C57BL6,2,10,1.0413926851582251
AACCCCTGTGCTCGGG-1,C57BL6,0,0,0.0
AACCCGAGTAAACGCT-1,C57BL6,0,0,0.0
AACCCGAGTAAGTGCT-1,C57BL6,3,334,2.525044807036845
AACCCGAGTACGTTCC-1,OTI,1,7,0.9030899869919435
AACCCGAGTAGCGGAG-1,C57BL6,0,0,0.0
AACCCGAGTAGCGTCA-1,OTI,2,37,1.5797835966168101
AACCCGAGTAGTGTTA-1,OTI,4,43,1.6434526764861874
AACCCGAGTCACCCAT-1,OTI,8,66,1.8260748027008264
AACCCGAGTCACGTTC-1,OTI,2,31,1.505149978319906
AACCCGAGTCGCCATT-1,OTI,4,75,1.8808135922807914
AACCCGAGTCGCTAAG-1,C57BL6,1,1,0.3010299956639812
AACCCGTAGAGGGTAT-1,OTI,3,43,1.6434526764861874
AACCCGTAGATTCAAC-1,C57BL6,2,22,1.3617278360175928
AACCCGTAGCATCAAT-1,OTI,3,14,1.1760912590556813
AACCCGTAGCTCAGTA-1,C57BL6,0,0,0.0
AACCCGTAGGCAATTT-1,OTI,5,136,2.1367205671564067
AACCCGTAGGTCCTAA-1,OTI,2,19,1.3010299956639813
AACCCGTAGGTTCGCG-1,OTI,3,22,1.3617278360175928
AACCCTTTCACCACAA-1,OTI,2,17,1.255272505103306
AACCCTTTCATACGTG-1,OTI,3,126,2.103803720955957
AACCCTTTCATCCGCC-1,OTI,3,385,2.586587304671755
AACCCTTTCATGGCTA-1,OTI,5,54,1.7403626894942439
AACCCTTTCCGGCACA-1,OTI,1,1,0.3010299956639812
AACCCTTTCCTAGTCT-1,C57BL6,0,0,0.0
AACCGAACAAGGCACG-1,OTI,0,0,0.0
AACCGAACAATCGTAC-1,OTI,0,0,0.0
AACCGAACAGTGAGCG-1,OTI,1,1,0.3010299956639812
AACCGCAGTACCTGTC-1,OTI,0,0,0.0
AACCGCAGTATGATGC-1,C57BL6,0,0,0.0
AACCGCAGTATTACAG-1,C57BL6,0,0,0.0
AACCGCAGTCCTTAAT-1,OTI,0,0,0.0
AACCGCAGTGTCTAGG-1,OTI,6,43,1.6434526764861874
AACCGCAGTGTGCCCC-1,OTI,5,119,2.0791812460476247
AACCGGCGTACAAGCT-1,C57BL6,3,74,1.8750612633917
AACCGGCGTACCTGCT-1,C57BL6,3,42,1.6334684555795864
AACCGGCGTACTATTC-1,OTI,0,0,0.0
AACCGGCGTAGCGCGT-1,OTI,1,5,0.7781512503836436
AACCGGCGTAGTCCAG-1,C57BL6,0,0,0.0
AACCGGCGTAGTTGCG-1,OTI,4,220,2.3443922736851106
AACCGGCGTGCTAGTG-1,OTI,1,11,1.0791812460476249
AACCGGCGTGGATGGG-1,C57BL6,4,13,1.146128035678238
AACCGGCGTGTTAGTA-1,C57BL6,0,0,0.0
AACCGGGCAACTATCA-1,C57BL6,0,0,0.0
AACCGGGCACAGCATT-1,OTI,5,599,2.7781512503836434
AACCGGGCAGGGTTAA-1,OTI,1,1,0.3010299956639812
AACCGTGGTAATCCGG-1,OTI,4,45,1.662757831681574
AACCGTGGTACGGTGC-1,OTI,1,20,1.3222192947339193
AACCGTGGTAGCTGAT-1,C57BL6,0,0,0.0
AACCGTGGTAGGAGTA-1,C57BL6,1,14,1.1760912590556813
AACCGTGGTAGTTTAG-1,OTI,3,114,2.060697840353612
AACCGTGGTATAAGGG-1,C57BL6,0,0,0.0
AACCGTGGTATGGGCC-1,C57BL6,0,0,0.0
AACCGTGGTCGGAATT-1,OTI,3,590,2.7715874808812555
AACCGTGGTGCGTTAG-1,C57BL6,3,19,1.3010299956639813
AACCGTGGTGGAATCT-1,OTI,1,9,1.0
AACCGTGGTGTTGCAG-1,C57BL6,2,42,1.6334684555795864
AACCGTGGTGTTGTCC-1,OTI,4,254,2.406540180433955
AACCTACCACAAATGG-1,OTI,3,240,2.3820170425748683
AACCTACCACATGGTT-1,OTI,11,947,2.976808337338066
AACCTACCACCCTTAC-1,OTI,4,86,1.9395192526186185
AACCTACCACTCACCT-1,C57BL6,4,12,1.1139433523068367
AACCTACCACTGATTA-1,OTI,2,341,2.534026106056135
AACCTACCACTTGACG-1,C57BL6,0,0,0.0
AACCTCTTCAAGCAAA-1,OTI,1,79,1.9030899869919435
AACCTCTTCACGGTCG-1,OTI,0,0,0.0
AACCTCTTCAGTACAT-1,OTI,3,23,1.380211241711606
AACCTCTTCAGTCAGC-1,OTI,0,0,0.0
AACCTCTTCCTCTGGC-1,OTI,2,18,1.2787536009528289
AACCTTACAATAACTT-1,OTI,2,8,0.9542425094393249
AACCTTACACCGCATA-1,OTI,5,143,2.1583624920952498
AACCTTACACTCGTTC-1,OTI,4,47,1.6812412373755872
AACCTTACAGTATGGA-1,OTI,1,36,1.568201724066995
AACGAAATCACCCTGC-1,C57BL6,1,7,0.9030899869919435
AACGAAATCAGCTATG-1,OTI,3,12,1.1139433523068367
AACGAAATCCCGCTGT-1,OTI,16,181,2.2600713879850747
AACGAAATCCGTACAA-1,C57BL6,1,102,2.012837224705172
AACGAAATCGGGCTTG-1,OTI,3,21,1.3424226808222062
AACGAACAGCACAGGA-1,C57BL6,0,0,0.0
AACGAACAGGGTGTTC-1,OTI,2,459,2.662757831681574
AACGAACAGGTCCGCA-1,OTI,2,109,2.041392685158225
AACGAAGGTAAGTTTG-1,C57BL6,0,0,0.0
AACGAAGGTCCGTCGC-1,OTI,0,0,0.0
AACGAAGGTCTAGTAA-1,C57BL6,0,0,0.0
AACGAAGGTCTGCAAG-1,OTI,2,92,1.968482948553935
AACGAAGGTGCTCGGG-1,OTI,3,261,2.4183012913197452
AACGAAGGTGGAACGG-1,C57BL6,1,10,1.0413926851582251
AACGAAGGTGGACGGA-1,OTI,1,6,0.8450980400142568
AACGACGAGACGACGA-1,OTI,4,109,2.041392685158225
AACGACGAGAGGAGTT-1,C57BL6,0,0,0.0
AACGACGAGCTTGTGA-1,OTI,6,36,1.568201724066995
AACGACGAGGCCCGTA-1,OTI,5,323,2.510545010206612
AACGAGAGTAATTGTG-1,C57BL6,0,0,0.0
AACGAGAGTAGGTATC-1,OTI,4,18,1.2787536009528289
AACGAGAGTATACTAG-1,OTI,4,146,2.167317334748176
AACGAGAGTATCCGGA-1,OTI,2,2,0.47712125471966244
AACGAGAGTATGTTCT-1,OTI,5,82,1.919078092376074
AACGAGAGTGCCCCTA-1,OTI,0,0,0.0
AACGAGAGTGTCCCCA-1,OTI,3,27,1.4471580313422192
AACGAGAGTGTCGCGG-1,OTI,3,205,2.3138672203691533
AACGAGCCAATCACGT-1,OTI,1,3,0.6020599913279624
AACGAGCCACATCGGC-1,C57BL6,0,0,0.0
AACGAGCCACTAGTCG-1,OTI,1,2,0.47712125471966244
AACGAGCCAGCAACTT-1,OTI,1,1,0.3010299956639812
AACGATAAGAAATCAG-1,C57BL6,0,0,0.0
AACGATAAGCCTGACG-1,OTI,7,313,2.496929648073215
AACGATAAGCTGCTAA-1,OTI,5,268,2.429752280002408
AACGATAAGGTACGTC-1,C57BL6,1,5,0.7781512503836436
AACGCAACACTTATCT-1,OTI,4,79,1.9030899869919435
AACGCAACAGCTATTA-1,C57BL6,0,0,0.0
AACGCAACAGGACATA-1,OTI,3,355,2.5514499979728753
AACGCAACAGGCATTT-1,OTI,1,9,1.0
AACGCACTCAACGGCT-1,C57BL6,0,0,0.0
AACGCACTCACAGACC-1,C57BL6,0,0,0.0
AACGCACTCATACGTG-1,OTI,1,16,1.2304489213782739
AACGCACTCCCAAAGC-1,OTI,5,62,1.7993405494535817
AACGCACTCCGCCGTT-1,OTI,7,234,2.3710678622717363
AACGCACTCCGTTTAC-1,OTI,0,0,0.0
AACGCACTCCTATACC-1,OTI,3,11,1.0791812460476249
AACGCATGTAACTAGC-1,OTI,8,773,2.8887409606828927
AACGCATGTACTCAGG-1,C57BL6,0,0,0.0
AACGCATGTCAAACGT-1,C57BL6,1,7,0.9030899869919435
AACGCATGTCCTAGCT-1,C57BL6,1,1,0.3010299956639812
AACGCATGTGGCTGTA-1,C57BL6,0,0,0.0
AACGCATGTGGTAAAG-1,C57BL6,0,0,0.0
AACGCATGTGTCGTGA-1,C57BL6,1,1,0.3010299956639812
AACGCATGTGTCTATT-1,C57BL6,0,0,0.0
AACGCCAGTACTGGAT-1,OTI,6,232,2.367355921026019
AACGCCAGTCACTATT-1,OTI,3,26,1.4313637641589874
AACGCCAGTGCACAGC-1,OTI,1,5,0.7781512503836436
AACGCCAGTGCCTATC-1,C57BL6,0,0,0.0
AACGCCAGTGGTACTG-1,C57BL6,1,5,0.7781512503836436
AACGCGAAGATGAAGC-1,C57BL6,0,0,0.0
AACGCGAAGCCAAATT-1,OTI,1,19,1.3010299956639813
AACGCGAAGCTCGTTT-1,C57BL6,0,0,0.0
AACGCGAAGCTGGGTT-1,OTI,3,150,2.1789769472931693
AACGCGAAGGTAGTAA-1,OTI,1,7,0.9030899869919435
AACGCGAAGGTCCAAC-1,OTI,1,24,1.3979400086720377
AACGCGGCAAGTCGGG-1,C57BL6,1,6,0.8450980400142568
AACGCGGCAATGCTAC-1,OTI,6,146,2.167317334748176
AACGCGGCACGCAATT-1,C57BL6,2,12,1.1139433523068367
AACGCTATCATGAGTT-1,OTI,3,26,1.4313637641589874
AACGCTATCATGGTTG-1,OTI,1,4,0.6989700043360189
AACGCTATCCTTAGCT-1,OTI,6,448,2.6522463410033232
AACGCTATCGCTCCGT-1,C57BL6,0,0,0.0
AACGCTATCGCTTCTG-1,C57BL6,1,15,1.2041199826559248
AACGCTATCGTACTTC-1,OTI,9,273,2.437750562820388
AACGCTGGTCTCATAT-1,C57BL6,0,0,0.0
AACGCTGGTCTGGATG-1,OTI,4,442,2.6464037262230695
AACGCTGGTGTCGCCC-1,OTI,1,107,2.03342375548695
AACGGATAGAATGGCG-1,OTI,1,13,1.146128035678238
AACGGATAGAATTCCG-1,OTI,2,27,1.4471580313422192
AACGGATAGACCCATA-1,OTI,6,116,2.0681858617461617
AACGGATAGCAGCGTT-1,OTI,8,103,2.0170333392987803
AACGGATAGCAGTATT-1,OTI,4,28,1.462397997898956
AACGGATAGCCGGTAT-1,OTI,1,23,1.380211241711606
AACGGATAGGCCCACA-1,OTI,4,80,1.9084850188786497
AACGGATAGGCGTCAT-1,C57BL6,0,0,0.0
AACGGATAGGGAAACT-1,OTI,6,121,2.0863598306747484
AACGGATAGGTCGGAA-1,OTI,1,79,1.9030899869919435
AACGGCAAGAACGAAC-1,OTI,5,52,1.724275869600789
AACGGCAAGAGTCTTG-1,OTI,3,83,1.9242792860618816
AACGGCAAGCAGCCCA-1,OTI,0,0,0.0
AACGGCAAGGCTCTAA-1,OTI,2,78,1.8976270912904414
AACGGCAAGGTAGGGC-1,OTI,2,25,1.414973347970818
AACGGCAAGGTCTGGT-1,OTI,5,38,1.591064607026499
AACGGCGCAAGACAGC-1,C57BL6,0,0,0.0
AACGGCGCAAGGGTTA-1,OTI,6,284,2.45484486000851
AACGGCGCAAGTCTCG-1,OTI,0,0,0.0
AACGGCGCACCAGATT-1,C57BL6,1,2,0.47712125471966244
AACGGCGCACCTTTCA-1,OTI,0,0,0.0
AACGGCGCACTAGGAA-1,C57BL6,0,0,0.0
AACGGCGCACTGTAAC-1,OTI,5,134,2.130333768495006
AACGGCGCAGGCTACC-1,OTI,3,99,2.0
AACGGCTTCACATAAC-1,OTI,0,0,0.0
AACGGCTTCACTGTTC-1,OTI,1,22,1.3617278360175928
AACGGCTTCCGAGTGT-1,OTI,3,58,1.7708520116421442
AACGGCTTCCGCTTCA-1,OTI,7,307,2.4885507165004443
AACGGCTTCCGTATTC-1,C57BL6,1,1,0.3010299956639812
AACGGCTTCCGTCATT-1,OTI,2,83,1.9242792860618816
AACGGGCAGAATGCAA-1,C57BL6,0,0,0.0
AACGGGCAGCAGTAGG-1,C57BL6,1,5,0.7781512503836436
AACGGGCAGCTCATAG-1,OTI,1,7,0.9030899869919435
AACGGGCAGGCATCGT-1,OTI,3,56,1.7558748556724915
AACGGGCAGGTCCACG-1,OTI,2,27,1.4471580313422192
AACGGGTCAATATGCC-1,C57BL6,1,8,0.9542425094393249
AACGGGTCACGTACAT-1,C57BL6,0,0,0.0
AACGGGTCAGCCTTTC-1,OTI,4,77,1.8920946026904804
AACGGGTCAGCTCAAT-1,OTI,6,144,2.161368002234975
AACGGGTCAGGTTGCC-1,OTI,3,84,1.9294189257142926
AACGGGTCAGTCATCG-1,C57BL6,0,0,0.0
AACGGTACACAAATGG-1,OTI,2,12,1.1139433523068367
AACGGTACACCACAAT-1,OTI,7,142,2.155336037465062
AACGGTACACCACACA-1,OTI,1,4,0.6989700043360189
AACGTAAAGAAGGGCC-1,C57BL6,0,0,0.0
AACGTAAAGAATTGTC-1,OTI,0,0,0.0
AACGTAAAGAGACTTT-1,OTI,3,121,2.0863598306747484
AACGTAAAGAGGATTA-1,C57BL6,0,0,0.0
AACGTAAAGGGCTCAT-1,C57BL6,0,0,0.0
AACGTAAAGGTTGTGC-1,C57BL6,0,0,0.0
AACGTATTCATTGCTC-1,OTI,3,55,1.7481880270062005
AACGTATTCCATTACC-1,OTI,2,34,1.5440680443502757
AACGTATTCCGAAACC-1,C57BL6,0,0,0.0
AACGTATTCGCTCCAC-1,C57BL6,0,0,0.0
AACGTATTCGTAAATC-1,OTI,4,90,1.9590413923210936
AACGTATTCGTCATTC-1,OTI,4,32,1.5185139398778875
AACGTCGGTATCCGTC-1,C57BL6,4,16,1.2304489213782739
AACGTCGGTATCGGGC-1,OTI,2,158,2.2013971243204513
AACGTCGGTCGTACAG-1,OTI,5,223,2.3502480183341627
AACGTCGGTCGTCTGT-1,C57BL6,0,0,0.0
AACGTCGGTGTCGAAT-1,OTI,6,107,2.03342375548695
AACGTGCTCAAACTAC-1,OTI,1,87,1.9444826721501687
AACGTGCTCCCATCCA-1,OTI,4,61,1.792391689498254
AACGTGCTCCCGGCTT-1,C57BL6,0,0,0.0
AACGTGCTCCCTAACT-1,OTI,3,181,2.2600713879850747
AACGTGCTCCTCTCGA-1,C57BL6,0,0,0.0
AACGTGCTCGTATGTG-1,C57BL6,1,2,0.47712125471966244
AACGTGGAGAAGCCGA-1,C57BL6,0,0,0.0
AACGTGGAGACATGGG-1,OTI,3,89,1.954242509439325
AACGTGGAGACTATCG-1,C57BL6,0,0,0.0
AACGTGGAGATAGCGG-1,C57BL6,0,0,0.0
AACGTGGAGATGGTAA-1,OTI,2,113,2.0569048513364727
AACGTGGAGCAAGAGT-1,OTI,3,45,1.662757831681574
AACGTGGAGGCTATTG-1,OTI,3,560,2.7489628612561616
AACGTGGAGGGAATAC-1,OTI,2,33,1.5314789170422551
AACGTGGAGGTATTGT-1,OTI,5,248,2.3961993470957363
AACGTGGAGGTCGGTT-1,OTI,0,0,0.0
AACGTGGAGGTGTCGT-1,OTI,0,0,0.0
AACGTTCCAACTCGAT-1,OTI,0,0,0.0
AACGTTCCACCCAAAT-1,OTI,5,292,2.4668676203541096
AACGTTCCAGGTAACA-1,C57BL6,0,0,0.0
AACGTTCCAGTATTCA-1,C57BL6,3,3,0.6020599913279624
AACGTTCCAGTTGGTT-1,OTI,1,1,0.3010299956639812
AACGTTGTCACTGACA-1,C57BL6,0,0,0.0
AACGTTGTCCAGTCAA-1,OTI,5,435,2.639486489268586
AACGTTGTCCATCTGT-1,C57BL6,0,0,0.0
AACGTTGTCCGGCACA-1,C57BL6,0,0,0.0
AACGTTGTCCGGGTAT-1,OTI,3,54,1.7403626894942439
AACGTTGTCCGTCGCT-1,C57BL6,0,0,0.0
AACGTTTAGCACCCGA-1,OTI,9,80,1.9084850188786497
AACGTTTAGCCATGCG-1,OTI,3,24,1.3979400086720377
AACGTTTAGCCTAATG-1,OTI,0,0,0.0
AACGTTTAGCGCTGTG-1,OTI,6,327,2.515873843711679
AACGTTTAGCTACAAT-1,C57BL6,0,0,0.0
AACGTTTAGCTTGTAG-1,OTI,4,146,2.167317334748176
AACTAAGAGAAAGCGT-1,OTI,3,152,2.184691430817599
AACTAAGAGAACTAGA-1,C57BL6,0,0,0.0
AACTAAGAGAGACTTT-1,OTI,9,188,2.2764618041732443
AACTAAGAGCAAGATA-1,OTI,0,0,0.0
AACTACCCAAACCAGA-1,OTI,0,0,0.0
AACTACCCAAACCGAA-1,C57BL6,0,0,0.0
AACTACCCAAACGGCG-1,OTI,0,0,0.0
AACTACCCAATGCTCG-1,OTI,2,114,2.060697840353612
AACTACCCACCTACGA-1,OTI,3,228,2.359835482339888
AACTACCCACGGTGTC-1,OTI,1,53,1.7323937598229686
AACTACCCACGTAGGG-1,OTI,10,291,2.4653828514484184
AACTACCCAGGCTCTA-1,C57BL6,0,0,0.0
AACTACCCAGGGCAAT-1,C57BL6,0,0,0.0
AACTAGAAGCGATTAT-1,OTI,3,63,1.806179973983887
AACTAGAAGCGTGAGA-1,C57BL6,0,0,0.0
AACTAGAAGCTAATAC-1,OTI,1,5,0.7781512503836436
AACTAGAAGGCTTGAC-1,C57BL6,1,3,0.6020599913279624
AACTAGAAGGGACGAC-1,OTI,0,0,0.0
AACTAGAAGGGCGATA-1,OTI,0,0,0.0
AACTAGCGTAATCGCG-1,OTI,3,12,1.1139433523068367
AACTAGCGTATAGGAG-1,C57BL6,1,2,0.47712125471966244
AACTAGCGTCTATGTT-1,C57BL6,0,0,0.0
AACTAGCGTGGTTTAA-1,C57BL6,0,0,0.0
AACTAGGCACAGTGGG-1,OTI,6,360,2.5575072019056577
AACTAGGCACCTACGA-1,C57BL6,2,9,1.0
AACTAGGCAGGCGTTC-1,OTI,3,181,2.2600713879850747
AACTATATCATCGGCG-1,C57BL6,0,0,0.0
AACTATATCATGGTCA-1,OTI,1,3,0.6020599913279624
AACTATATCCACGAGT-1,OTI,1,9,1.0
AACTATATCCCAAGTA-1,C57BL6,0,0,0.0
AACTATATCGCGTTAA-1,OTI,5,87,1.9444826721501687
AACTCACCAAGCGTTT-1,OTI,4,40,1.6127838567197355
AACTCACCACTCCGAA-1,OTI,1,146,2.167317334748176
AACTCACCACTCCTAC-1,OTI,4,58,1.7708520116421442
AACTCACCACTGAAAG-1,OTI,0,0,0.0
AACTCACCAGGAAGCT-1,C57BL6,0,0,0.0
AACTCACCAGGTTGCC-1,OTI,2,104,2.0211892990699383
AACTCACCAGTACGGG-1,OTI,3,22,1.3617278360175928
AACTCACCAGTCGCAC-1,OTI,3,145,2.164352855784437
AACTCACCAGTCTATA-1,OTI,3,25,1.414973347970818
AACTCATAGAACGGGC-1,OTI,2,7,0.9030899869919435
AACTCATAGAACTAGA-1,OTI,2,7,0.9030899869919435
AACTCATAGACAATAG-1,OTI,4,174,2.2430380486862944
AACTCATAGAGAGTTA-1,OTI,4,48,1.6901960800285136
AACTCATAGCAAACCC-1,OTI,3,231,2.3654879848909
AACTCATAGCAATTGT-1,C57BL6,0,0,0.0
AACTCATAGCATGGTC-1,OTI,1,269,2.4313637641589874
AACTCATAGCGAAACG-1,C57BL6,0,0,0.0
AACTCATAGCTGCGTG-1,C57BL6,0,0,0.0
AACTCATAGGCGGTTT-1,OTI,0,0,0.0
AACTCATAGGCTACCG-1,C57BL6,0,0,0.0
AACTCCCGTAGCTGAT-1,OTI,1,11,1.0791812460476249
AACTCCCGTCGCAAAT-1,OTI,2,52,1.724275869600789
AACTCCCGTCGGTTAG-1,OTI,4,68,1.8388490907372552
AACTCCCGTCTAATCT-1,OTI,3,220,2.3443922736851106
AACTCCCGTCTGCATC-1,C57BL6,0,0,0.0
AACTCCCGTGGTGCGT-1,OTI,1,3,0.6020599913279624
AACTCCCGTGTCCCCA-1,OTI,0,0,0.0
AACTCCCGTGTCGTGA-1,OTI,1,6,0.8450980400142568
AACTCCGCACGCATCA-1,OTI,5,815,2.9116901587538613
AACTCCGCACGTAGGG-1,C57BL6,0,0,0.0
AACTCCGCAGGGCTTC-1,OTI,3,79,1.9030899869919435
AACTCCGCAGTCCTCT-1,OTI,5,201,2.305351369446624
AACTCCTTCCTACGCC-1,C57BL6,1,10,1.0413926851582251
AACTCCTTCGCAATTG-1,C57BL6,0,0,0.0
AACTCCTTCGCCATAA-1,C57BL6,0,0,0.0
AACTCCTTCGTATACG-1,C57BL6,0,0,0.0
AACTCGGGTAAGTTTG-1,OTI,6,72,1.863322860120456
AACTCGGGTAGGGGAT-1,OTI,13,325,2.513217600067939
AACTCGGGTCACTCCG-1,OTI,5,79,1.9030899869919435
AACTCGGGTGCCACTT-1,C57BL6,0,0,0.0
AACTCGGGTGCTACCT-1,C57BL6,0,0,0.0
AACTCGGGTGGATATC-1,C57BL6,0,0,0.0
AACTCGGGTGGCTAAT-1,C57BL6,0,0,0.0
AACTCTACAAAGTACG-1,OTI,2,9,1.0
AACTCTACACCAGAGG-1,OTI,1,28,1.462397997898956
AACTCTACACGCTCAA-1,C57BL6,0,0,0.0
AACTCTACAGGAGCCA-1,OTI,3,18,1.2787536009528289
AACTCTCTCACTCGGG-1,C57BL6,0,0,0.0
AACTCTCTCCCTTCCT-1,OTI,0,0,0.0
AACTCTCTCCGCATAA-1,OTI,1,19,1.3010299956639813
AACTCTCTCCGCGGTA-1,OTI,0,0,0.0
AACTCTCTCGCTAACA-1,OTI,19,147,2.1702617153949575
AACTCTCTCGGAAGCA-1,C57BL6,1,7,0.9030899869919435
AACTCTCTCGTAACTG-1,C57BL6,0,0,0.0
AACTGAAAGACGCTGT-1,OTI,2,89,1.954242509439325
AACTGAAAGCAGGGTA-1,C57BL6,0,0,0.0
AACTGAAAGCGTTGTA-1,OTI,2,243,2.387389826338729
AACTGAAAGGCGCTTG-1,C57BL6,1,3,0.6020599913279624
AACTGAAAGGCTTCGG-1,OTI,5,53,1.7323937598229686
AACTGCATCAACCCAA-1,OTI,3,41,1.6232492903979006
AACTGCATCATCAATA-1,OTI,5,90,1.9590413923210936
AACTGCATCATCCCGC-1,C57BL6,1,35,1.5563025007672873
AACTGCATCATCTCCG-1,OTI,0,0,0.0
AACTGCATCCATGCCC-1,OTI,0,0,0.0
AACTGCATCCTCTAGT-1,OTI,1,13,1.146128035678238
AACTGCATCGGGCTCA-1,OTI,5,187,2.27415784926368
AACTGCATCGGGTCAT-1,OTI,2,13,1.146128035678238
AACTGCATCGGTTTAG-1,OTI,2,99,2.0
AACTGCGGTAGCTGGC-1,OTI,6,15,1.2041199826559248
AACTGCGGTATATTGG-1,OTI,3,167,2.225309281725863
AACTTCGAGACCCTTT-1,C57BL6,0,0,0.0
AACTTCGAGACGCCAT-1,OTI,3,34,1.5440680443502757
AACTTCGAGATGTTCG-1,C57BL6,1,2,0.47712125471966244
AACTTCGAGATTCAAC-1,C57BL6,0,0,0.0
AACTTCGAGCAACATT-1,OTI,4,136,2.1367205671564067
AACTTCGAGCAACGAG-1,C57BL6,2,16,1.2304489213782739
AACTTCGAGCACGTCG-1,OTI,2,10,1.0413926851582251
AACTTCGAGCATGGTC-1,C57BL6,0,0,0.0
AACTTCGAGCTGGGTT-1,C57BL6,0,0,0.0
AACTTCGAGGCATAGG-1,OTI,0,0,0.0
AACTTCGAGGCGGGAT-1,OTI,0,0,0.0
AACTTCGAGGTTGGAG-1,OTI,0,0,0.0
AACTTCTGTAAGTCCG-1,OTI,1,8,0.9542425094393249
AACTTCTGTACGGTTG-1,OTI,2,33,1.5314789170422551
AACTTCTGTACTTCAT-1,C57BL6,2,8,0.9542425094393249
AACTTCTGTAGGAAAT-1,C57BL6,1,6,0.8450980400142568
AACTTCTGTATAGGGA-1,C57BL6,0,0,0.0
AACTTCTGTATATGTG-1,OTI,6,64,1.8129133566428555
AACTTCTGTATCCGCT-1,C57BL6,0,0,0.0
AACTTCTGTCACGTTC-1,OTI,2,51,1.7160033436347992
AACTTCTGTCTAATCT-1,C57BL6,1,4,0.6989700043360189
AACTTCTGTCTGATAA-1,OTI,0,0,0.0
AACTTCTGTGCGAATT-1,C57BL6,1,5,0.7781512503836436
AACTTCTGTGGTTGAT-1,OTI,0,0,0.0
AACTTCTGTGTAAGCT-1,C57BL6,0,0,0.0
AACTTCTGTGTGAGTT-1,C57BL6,0,0,0.0
AACTTGTAGACAGTTT-1,OTI,0,0,0.0
AACTTGTAGAGCAGCA-1,C57BL6,0,0,0.0
AACTTGTAGCGGGTAA-1,OTI,2,7,0.9030899869919435
AACTTGTAGCGTAATT-1,C57BL6,0,0,0.0
AACTTTCGTAACTCGG-1,OTI,3,81,1.9138138523837167
AACTTTCGTACCTTGC-1,C57BL6,0,0,0.0
AACTTTCGTAGTCCAG-1,OTI,0,0,0.0
AACTTTCGTAGTCTGG-1,OTI,4,147,2.1702617153949575
AACTTTCGTCCCATGT-1,OTI,4,54,1.7403626894942439
AACTTTCGTCGTATGG-1,C57BL6,1,2,0.47712125471966244
AACTTTCGTCTCTAGC-1,OTI,7,231,2.3654879848909
AACTTTCGTCTGTGGA-1,OTI,0,0,0.0
AACTTTCGTGTCCGGG-1,OTI,8,161,2.2095150145426308
AAGCAAATCAATGCGC-1,OTI,3,34,1.5440680443502757
AAGCAAATCACCCCTA-1,C57BL6,0,0,0.0
AAGCAAATCACGAACC-1,OTI,2,128,2.110589710299249
AAGCAAATCCTACTAC-1,OTI,3,16,1.2304489213782739
AAGCAAATCCTGGGCA-1,OTI,4,301,2.4800069429571505
AAGCAAGGTCCCTAGT-1,OTI,4,149,2.1760912590556813
AAGCAAGGTGCATAGT-1,C57BL6,0,0,0.0
AAGCAAGGTGGTAAAG-1,C57BL6,0,0,0.0
AAGCAATCAAAACCAG-1,OTI,5,135,2.1335389083702174
AAGCAATCAAACTCAC-1,C57BL6,1,4,0.6989700043360189
AAGCAATCAAGCGCGA-1,OTI,2,6,0.8450980400142568
AAGCAATCAATGCTTA-1,OTI,0,0,0.0
AAGCAATCACTCGGTA-1,OTI,2,23,1.380211241711606
AAGCACCTCAATTGTA-1,OTI,0,0,0.0
AAGCACCTCCCAAATG-1,OTI,4,328,2.5171958979499744
AAGCACCTCCGCAATA-1,OTI,0,0,0.0
AAGCATAAGAAGCGTG-1,OTI,9,97,1.9912260756924949
AAGCATAAGCACGGAA-1,OTI,3,97,1.9912260756924949
AAGCATAAGGTCGTAC-1,C57BL6,0,0,0.0
AAGCATCGTAGCAGTT-1,OTI,1,5,0.7781512503836436
AAGCATCGTATCTCGC-1,C57BL6,0,0,0.0
AAGCATCGTATGTACA-1,C57BL6,0,0,0.0
AAGCATCGTCGTGCCC-1,C57BL6,0,0,0.0
AAGCATCGTGCGCTGG-1,OTI,3,156,2.1958996524092336
AAGCATCGTGGCGCAT-1,OTI,2,32,1.5185139398778875
AAGCATGCAACGCGCT-1,OTI,0,0,0.0
AAGCATGCAATTACGC-1,OTI,5,64,1.8129133566428555
AAGCATGCACCTCTCG-1,C57BL6,0,0,0.0
AAGCATTTCATTGTAA-1,OTI,4,122,2.089905111439398
AAGCATTTCCCACATT-1,OTI,3,45,1.662757831681574
AAGCATTTCGTATCAG-1,C57BL6,0,0,0.0
AAGCATTTCGTCGCTC-1,C57BL6,1,2,0.47712125471966244
AAGCCAACAATATCTG-1,OTI,4,115,2.0644579892269186
AAGCCAACAATGATCC-1,OTI,4,61,1.792391689498254
AAGCCAACACATATCA-1,OTI,9,416,2.6201360549737576
AAGCCAACACCACGGT-1,OTI,1,4,0.6989700043360189
AAGCCAACAGCCACTA-1,OTI,0,0,0.0
AAGCCAACAGTACTCG-1,OTI,3,36,1.568201724066995
AAGCCAACAGTTCTCC-1,OTI,4,106,2.0293837776852097
AAGCCACTCAGTCCTT-1,C57BL6,0,0,0.0
AAGCCACTCCGTTACT-1,OTI,10,303,2.482873583608754
AAGCCACTCCTAACTC-1,C57BL6,1,1,0.3010299956639812
AAGCCACTCCTCTGCA-1,OTI,7,196,2.294466226161593
AAGCCAGAGCAAACCC-1,OTI,2,57,1.7634279935629373
AAGCCAGAGCCCACAG-1,C57BL6,0,0,0.0
AAGCCAGAGCGCGTAT-1,OTI,1,2,0.47712125471966244
AAGCCAGAGGTAGTGG-1,OTI,3,44,1.6532125137753437
AAGCCAGAGGTTGGTC-1,OTI,4,17,1.255272505103306
AAGCCATGTATGCAGT-1,OTI,2,41,1.6232492903979006
AAGCCATGTCAACGTG-1,OTI,2,8,0.9542425094393249
AAGCCATGTGGCACGT-1,OTI,1,51,1.7160033436347992
AAGCCATGTGGCGAGA-1,C57BL6,0,0,0.0
AAGCCCAGTAACCGGC-1,OTI,6,423,2.6273658565927325
AAGCCCAGTAATTGTG-1,C57BL6,0,0,0.0
AAGCCCAGTACTTCAT-1,OTI,2,54,1.7403626894942439
AAGCCCAGTATAAGCC-1,OTI,2,84,1.9294189257142926
AAGCCCAGTGTCGAAT-1,C57BL6,1,5,0.7781512503836436
AAGCCGAAGGGTACGA-1,OTI,3,76,1.8864907251724818
AAGCCGAAGGTAAGCG-1,OTI,1,1,0.3010299956639812
AAGCCGAAGGTAGACG-1,C57BL6,0,0,0.0
AAGCCGCGTCATAGGT-1,OTI,7,143,2.1583624920952498
AAGCCGCGTCTCGCAT-1,C57BL6,1,10,1.0413926851582251
AAGCCGGCACTTCGTC-1,OTI,1,2,0.47712125471966244
AAGCCGGCAGCCTCTT-1,C57BL6,0,0,0.0
AAGCCGGCAGCTACCA-1,OTI,7,47,1.6812412373755872
AAGCCGGCAGGCATTT-1,C57BL6,0,0,0.0
AAGCCGTTCACTTCGT-1,C57BL6,1,4,0.6989700043360189
AAGCCGTTCAGAGTAA-1,OTI,0,0,0.0
AAGCCGTTCAGGGTCT-1,OTI,3,9,1.0
AAGCCGTTCGCATAAT-1,C57BL6,1,2,0.47712125471966244
AAGCCGTTCGCGGATT-1,OTI,4,84,1.9294189257142926
AAGCCGTTCGTCTCTG-1,OTI,2,19,1.3010299956639813
AAGCCGTTCGTTGTCT-1,C57BL6,0,0,0.0
AAGCCTATCATCGCTT-1,OTI,2,158,2.2013971243204513
AAGCCTATCCCACATT-1,C57BL6,1,4,0.6989700043360189
AAGCCTATCCCATCTG-1,OTI,3,4,0.6989700043360189
AAGCCTATCGCGTGTG-1,C57BL6,0,0,0.0
AAGCGATAGATCGCGT-1,OTI,1,7,0.9030899869919435
AAGCGATAGCTACATG-1,OTI,0,0,0.0
AAGCGATAGGCTCTAA-1,OTI,0,0,0.0
AAGCGCCGTAACGCCA-1,C57BL6,1,8,0.9542425094393249
AAGCGCCGTAAGCGCC-1,OTI,4,163,2.214843848047698
AAGCGCCGTAAGTAGG-1,OTI,0,0,0.0
AAGCGCCGTAATGGCT-1,OTI,7,152,2.184691430817599
AAGCGCCGTAGAGTGA-1,C57BL6,0,0,0.0
AAGCGCCGTAGCGGAG-1,OTI,4,198,2.298853076409707
AAGCGCCGTATCATTC-1,OTI,2,16,1.2304489213782739
AAGCGCCGTATCGCAG-1,OTI,0,0,0.0
AAGCGCCGTCGACTCT-1,C57BL6,0,0,0.0
AAGCGCCGTCGATGAT-1,OTI,6,323,2.510545010206612
AAGCGCCGTCGCCCGT-1,OTI,9,16,1.2304489213782739
AAGCGGCAGAAAGTGC-1,OTI,2,10,1.0413926851582251
AAGCGGCAGATACCAT-1,OTI,1,25,1.414973347970818
AAGCGGCAGCAATGTT-1,C57BL6,1,6,0.8450980400142568
AAGCGGCAGCAGGGAC-1,OTI,0,0,0.0
AAGCGGCAGCATTAGT-1,C57BL6,1,10,1.0413926851582251
AAGCGGCAGCGCTGTG-1,C57BL6,0,0,0.0
AAGCGGCAGGGCCTTG-1,OTI,0,0,0.0
AAGCGGCAGGGGTATG-1,OTI,0,0,0.0
AAGCGGCAGGTCGCCA-1,C57BL6,1,2,0.47712125471966244
AAGCGTACAAACACCT-1,OTI,2,60,1.7853298350107671
AAGCGTACAAATCACC-1,C57BL6,1,8,0.9542425094393249
AAGCGTACAACCTTAA-1,OTI,5,501,2.7007037171450192
AAGCGTACAACGAAAT-1,OTI,2,21,1.3424226808222062
AAGCGTACAAGCTATC-1,OTI,5,108,2.037426497940624
AAGCGTACAAGGACTA-1,OTI,1,2,0.47712125471966244
AAGCGTACAATATGTT-1,OTI,1,24,1.3979400086720377
AAGCGTACACAGCACC-1,C57BL6,1,43,1.6434526764861874
AAGCGTACACATACCG-1,OTI,0,0,0.0
AAGCGTACACGAATCT-1,OTI,0,0,0.0
AAGCGTCTCAACTGCA-1,OTI,1,68,1.8388490907372552
AAGCGTCTCACTCTCG-1,C57BL6,2,2,0.47712125471966244
AAGCGTCTCCAACACA-1,C57BL6,0,0,0.0
AAGCGTCTCGGTGCAT-1,C57BL6,1,7,0.9030899869919435
AAGCGTGAGAATACAG-1,C57BL6,0,0,0.0
AAGCGTGAGACCCATA-1,OTI,1,5,0.7781512503836436
AAGCGTGAGCAAGCTC-1,C57BL6,1,5,0.7781512503836436
AAGCGTGAGCAGCCAT-1,C57BL6,1,1,0.3010299956639812
AAGCGTGAGCGGATAG-1,C57BL6,1,1,0.3010299956639812
AAGCGTGAGGGTCTGT-1,OTI,2,259,2.4149733479708178
AAGCGTGAGGTAGCTC-1,OTI,2,5,0.7781512503836436
AAGCGTGAGGTTATCG-1,OTI,4,189,2.278753600952829
AAGCGTTGTAAACTGC-1,C57BL6,0,0,0.0
AAGCGTTGTACTCTAT-1,OTI,7,176,2.247973266361807
AAGCGTTGTAGCGTAT-1,OTI,5,55,1.7481880270062005
AAGCGTTGTCAATGCG-1,OTI,1,236,2.374748346010104
AAGCGTTGTCGATGGC-1,OTI,2,7,0.9030899869919435
AAGCGTTGTCGGGTTA-1,OTI,2,6,0.8450980400142568
AAGCGTTGTGCTAGTG-1,OTI,0,0,0.0
AAGCTAAAGAATTGAG-1,OTI,4,45,1.662757831681574
AAGCTAAAGACATTCG-1,OTI,5,67,1.8325089127062364
AAGCTAAAGACGAGGC-1,C57BL6,2,14,1.1760912590556813
AAGCTAAAGATAATCC-1,C57BL6,0,0,0.0
AAGCTAAAGATATTGC-1,OTI,4,233,2.369215857410143
AAGCTAAAGCCATGCG-1,OTI,3,24,1.3979400086720377
AAGCTAGCAAATGACG-1,OTI,0,0,0.0
AAGCTAGCAAGTCCAT-1,OTI,1,12,1.1139433523068367
AAGCTAGCACCATTCC-1,OTI,1,2,0.47712125471966244
AAGCTAGCACCTAGAT-1,OTI,1,8,0.9542425094393249
AAGCTAGCACCTTCTA-1,OTI,3,29,1.4771212547196624
AAGCTAGCACGATAAG-1,OTI,6,258,2.413299764081252
AAGCTAGCACTGCTCT-1,C57BL6,1,4,0.6989700043360189
AAGCTAGCAGCCAATT-1,OTI,1,22,1.3617278360175928
AAGCTATTCACATACG-1,C57BL6,0,0,0.0
AAGCTATTCAGTGATT-1,OTI,2,4,0.6989700043360189
AAGCTATTCATAAGTC-1,OTI,3,54,1.7403626894942439
AAGCTATTCGCATAAT-1,OTI,1,18,1.2787536009528289
AAGCTCATCAACGCAC-1,C57BL6,0,0,0.0
AAGCTCATCATAATGC-1,OTI,2,19,1.3010299956639813
AAGCTCATCCAATCAG-1,C57BL6,0,0,0.0
AAGCTCATCCCCACGT-1,OTI,0,0,0.0
AAGCTCATCGCCACTC-1,OTI,2,33,1.5314789170422551
AAGCTCATCGCTCGCT-1,OTI,0,0,0.0
AAGCTCATCGGACGTT-1,OTI,5,297,2.4742162640762553
AAGCTCTCAAAGTGCA-1,OTI,1,5,0.7781512503836436
AAGCTCTCAACTTAAT-1,C57BL6,0,0,0.0
AAGCTCTCACGACACC-1,OTI,2,20,1.3222192947339193
AAGCTCTCACTATTCT-1,OTI,0,0,0.0
AAGCTCTCAGGGTCAG-1,OTI,0,0,0.0
AAGCTCTCAGGTTAGA-1,OTI,6,298,2.4756711883244296
AAGCTCTCAGTCCTCT-1,OTI,4,256,2.4099331233312946
AAGCTCTCAGTGAAGC-1,C57BL6,0,0,0.0
AAGCTGGAGACTCCAA-1,OTI,0,0,0.0
AAGCTGGAGAGCAACG-1,OTI,3,140,2.1492191126553797
AAGCTGGAGAGTTGAA-1,C57BL6,2,13,1.146128035678238
AAGCTGGAGCCCTTAT-1,OTI,0,0,0.0
AAGCTGGAGGTCCTTT-1,OTI,1,439,2.6434526764861874
AAGCTTCCAAACCACT-1,OTI,3,149,2.1760912590556813
AAGCTTCCAAATTTCG-1,OTI,1,194,2.290034611362518
AAGCTTCCAACGATAG-1,C57BL6,2,22,1.3617278360175928
AAGCTTCCAATATGCC-1,OTI,0,0,0.0
AAGCTTCCACCTCAGA-1,C57BL6,2,7,0.9030899869919435
AAGCTTCCACGATAAG-1,OTI,0,0,0.0
AAGCTTCCACGCAGCT-1,OTI,4,57,1.7634279935629373
AAGCTTCCACGTTCGA-1,OTI,4,61,1.792391689498254
AAGCTTCCAGCCACTA-1,OTI,2,596,2.775974331129369
AAGCTTGTCAAATGTC-1,OTI,2,12,1.1139433523068367
AAGCTTGTCAACATTA-1,OTI,7,69,1.845098040014257
AAGCTTGTCACAACAT-1,OTI,4,209,2.322219294733919
AAGCTTGTCACTAATA-1,OTI,2,73,1.8692317197309762
AAGCTTGTCATGGGTC-1,OTI,2,160,2.2068258760318495
AAGCTTGTCATTCGCT-1,OTI,9,116,2.0681858617461617
AAGCTTGTCCAATGTG-1,OTI,4,186,2.271841606536499
AAGCTTGTCCACTCCA-1,OTI,1,2,0.47712125471966244
AAGCTTGTCCGTATCT-1,OTI,1,3,0.6020599913279624
AAGCTTGTCCTTAATT-1,OTI,5,250,2.399673721481038
AAGCTTGTCCTTCAAC-1,C57BL6,6,9,1.0
AAGCTTGTCGGCGCTA-1,OTI,2,6,0.8450980400142568
AAGCTTGTCGTGTATG-1,C57BL6,2,7,0.9030899869919435
AAGCTTTAGAACGGGC-1,OTI,9,459,2.662757831681574
AAGCTTTAGATCCTAG-1,OTI,1,1,0.3010299956639812
AAGCTTTAGCGTAATT-1,OTI,3,47,1.6812412373755872
AAGCTTTAGCTACGCG-1,OTI,2,20,1.3222192947339193
AAGCTTTAGCTCGAAC-1,OTI,3,94,1.9777236052888478
AAGGAATGTATATTCC-1,OTI,3,38,1.591064607026499
AAGGAATGTCATACCC-1,OTI,0,0,0.0
AAGGAATGTCGTGTTC-1,C57BL6,0,0,0.0
AAGGAATGTCTACAGG-1,OTI,3,14,1.1760912590556813
AAGGAATGTGTCGAGC-1,OTI,4,27,1.4471580313422192
AAGGAATGTGTGCATG-1,C57BL6,0,0,0.0
AAGGAATGTGTGTATA-1,OTI,1,9,1.0
AAGGAATGTGTTGCGA-1,OTI,5,22,1.3617278360175928
AAGGACCCAAACCGAA-1,C57BL6,0,0,0.0
AAGGACCCAACAATGG-1,OTI,0,0,0.0
AAGGACCCAACAATTT-1,OTI,2,6,0.8450980400142568
AAGGACCCAACGAAAT-1,OTI,3,99,2.0
AAGGACCCAATTAATC-1,OTI,3,113,2.0569048513364727
AAGGACCCACACTCGA-1,OTI,3,15,1.2041199826559248
AAGGACCCACATTCGG-1,OTI,4,256,2.4099331233312946
AAGGACCCACCGGAAG-1,OTI,2,728,2.8627275283179747
AAGGAGGCAAGCCATT-1,OTI,1,270,2.432969290874406
AAGGAGGCAAGCGTCC-1,OTI,4,390,2.5921767573958667
AAGGAGGCAAGGGGAA-1,OTI,6,64,1.8129133566428555
AAGGAGGCAATGCGAA-1,C57BL6,1,3,0.6020599913279624
AAGGAGGCAATTACCA-1,C57BL6,1,11,1.0791812460476249
AAGGAGGCACAAATGG-1,OTI,11,276,2.4424797690644486
AAGGAGGCACAACCCA-1,OTI,2,24,1.3979400086720377
AAGGAGGCACAGCGTC-1,OTI,4,28,1.462397997898956
AAGGAGGCACCAACGC-1,C57BL6,3,5,0.7781512503836436
AAGGAGGCAGCGCATC-1,OTI,0,0,0.0
AAGGCACCAACCCCAA-1,OTI,4,30,1.4913616938342726
AAGGCACCAAGTCGGG-1,OTI,0,0,0.0
AAGGCACCAAGTGCAA-1,OTI,7,246,2.392696953259666
AAGGCACCAATAAGGT-1,OTI,1,31,1.505149978319906
AAGGCACCAATTCATG-1,OTI,4,408,2.611723308007342
AAGGCACCACAGCGTC-1,OTI,1,10,1.0413926851582251
AAGGCACCACGGCTAC-1,OTI,2,103,2.0170333392987803
AAGGCACCACTCACCT-1,OTI,2,29,1.4771212547196624
AAGGCACCACTTCATT-1,OTI,1,735,2.866877814337499
AAGGCATAGAGCCCAT-1,C57BL6,0,0,0.0
AAGGCATAGAGCTTGC-1,OTI,3,18,1.2787536009528289
AAGGCATAGCATAGCC-1,OTI,1,4,0.6989700043360189
AAGGCATAGCCTGGTG-1,C57BL6,0,0,0.0
AAGGCATAGCTAGTGC-1,OTI,3,16,1.2304489213782739
AAGGCATAGCTTGGGT-1,OTI,1,20,1.3222192947339193
AAGGCATAGGCTCACG-1,OTI,1,21,1.3424226808222062
AAGGCATAGGCTTTGA-1,OTI,0,0,0.0
AAGGCCCGTATGTACA-1,OTI,3,48,1.6901960800285136
AAGGCCCGTATTCTGT-1,C57BL6,0,0,0.0
AAGGCCCGTATTGCGG-1,OTI,8,86,1.9395192526186185
AAGGCCCGTCAGTTCC-1,OTI,6,74,1.8750612633917
AAGGCCCGTCGTGTCT-1,C57BL6,2,10,1.0413926851582251
AAGGCCCGTCTCGCCA-1,OTI,4,129,2.113943352306837
AAGGCCCGTGTATCTT-1,C57BL6,0,0,0.0
AAGGCCGCAACTATAT-1,OTI,0,0,0.0
AAGGCCGCAAGTCGCC-1,OTI,6,363,2.561101383649056
AAGGCCGCAATATCTG-1,C57BL6,0,0,0.0
AAGGCCGCACCTCTAC-1,OTI,0,0,0.0
AAGGCGCAGACATGCC-1,OTI,8,2026,3.3068537486930087
AAGGCGCAGAGAGGAA-1,C57BL6,0,0,0.0
AAGGCGCAGATTCAGT-1,OTI,5,322,2.509202522331103
AAGGCGCAGCCTGCGA-1,C57BL6,0,0,0.0
AAGGCGCAGGTAACCC-1,OTI,2,14,1.1760912590556813
AAGGCTCTCACCAAGC-1,OTI,0,0,0.0
AAGGCTCTCACGCAGT-1,OTI,1,16,1.2304489213782739
AAGGCTCTCCATTGCT-1,C57BL6,0,0,0.0
AAGGCTCTCCGCCGTT-1,C57BL6,3,5,0.7781512503836436
AAGGCTCTCCTGGTAA-1,OTI,5,17,1.255272505103306
AAGGCTGAGACGAACG-1,OTI,3,37,1.5797835966168101
AAGGCTGAGCTACTGA-1,OTI,10,88,1.9493900066449128
AAGGCTGAGGCTACCG-1,C57BL6,0,0,0.0
AAGGCTGAGGCTGGTT-1,OTI,8,202,2.307496037913213
AAGGCTGAGGTCCGCA-1,C57BL6,1,77,1.8920946026904804
AAGGCTGAGGTCTCCC-1,OTI,4,57,1.7634279935629373
AAGGCTGAGGTGCTGT-1,OTI,2,2,0.47712125471966244
AAGGGACGTAATCGCG-1,C57BL6,1,1,0.3010299956639812
AAGGGACGTACCCTTA-1,C57BL6,0,0,0.0
AAGGGACGTGGCGCTG-1,OTI,0,0,0.0
AAGGGACGTGTGCAAT-1,OTI,9,1998,3.300812794118117
AAGGGAGCAAGCGTAA-1,C57BL6,1,2,0.47712125471966244
AAGGGAGCACCTAGGC-1,C57BL6,0,0,0.0
AAGGGAGCAGCATTAC-1,OTI,2,23,1.380211241711606
AAGGGAGCAGGTTGCC-1,OTI,2,13,1.146128035678238
AAGGGAGCAGTACTCG-1,OTI,4,45,1.662757831681574
AAGGGCATCACAACCA-1,OTI,3,18,1.2787536009528289
AAGGGCATCACATTAA-1,C57BL6,1,11,1.0791812460476249
AAGGGCATCACGCTAA-1,OTI,2,153,2.187520720836463
AAGGGCATCATTCGCT-1,C57BL6,0,0,0.0
AAGGGCATCCCATCAT-1,OTI,1,53,1.7323937598229686
AAGGGCATCCCTTCGA-1,C57BL6,0,0,0.0
AAGGGCATCCGTACAA-1,OTI,6,25,1.414973347970818
AAGGGCATCGCCTAAA-1,OTI,0,0,0.0
AAGGGCATCGGCGTCA-1,OTI,2,24,1.3979400086720377
AAGGGCATCGTATCAG-1,OTI,6,175,2.24551266781415
AAGGGCCAGACCAATT-1,OTI,1,11,1.0791812460476249
AAGGGCCAGACTCGAC-1,OTI,1,14,1.1760912590556813
AAGGGCCAGAGGTTAA-1,OTI,2,229,2.361727836017593
AAGGGCCAGATCTTGG-1,OTI,10,217,2.3384564936046046
AAGGGCCAGCCGATAC-1,OTI,1,4,0.6989700043360189
AAGGGCCAGCTGTCGG-1,OTI,0,0,0.0
AAGGGCCAGGCTACCG-1,C57BL6,1,12,1.1139433523068367
AAGGGCCAGGGGAATT-1,OTI,2,90,1.9590413923210936
AAGGGGACAAAGCCAA-1,C57BL6,0,0,0.0
AAGGGGACACAAGTAG-1,OTI,7,189,2.278753600952829
AAGGGGACACACCTCT-1,OTI,4,149,2.1760912590556813
AAGGGGACACCGGTTA-1,OTI,0,0,0.0
AAGGGGACACGCGACT-1,OTI,1,13,1.146128035678238
AAGGGGCTCACACACA-1,OTI,4,16,1.2304489213782739
AAGGGGCTCCCAAATG-1,OTI,7,231,2.3654879848909
AAGGGGCTCGGAGTCT-1,C57BL6,0,0,0.0
AAGGGGCTCGGCTATA-1,OTI,1,66,1.8260748027008264
AAGGGGCTCGTATCTC-1,OTI,10,107,2.03342375548695
AAGGGGCTCGTTGACA-1,C57BL6,0,0,0.0
AAGGGTAGTAAAGCCT-1,C57BL6,0,0,0.0
AAGGGTAGTACATCCC-1,OTI,5,237,2.376576957056512
AAGGGTAGTAGGACTT-1,OTI,0,0,0.0
AAGGGTAGTATATTCC-1,OTI,3,19,1.3010299956639813
AAGGGTAGTCTATCCA-1,OTI,0,0,0.0
AAGGGTAGTCTGTCTA-1,C57BL6,1,9,1.0
AAGGGTAGTGGCGTTA-1,OTI,3,428,2.6324572921847245
AAGGGTAGTGGTGTAT-1,OTI,0,0,0.0
AAGGGTAGTGTACCCT-1,OTI,0,0,0.0
AAGGGTGTCAGTTTCC-1,C57BL6,0,0,0.0
AAGGGTGTCATCAATA-1,OTI,2,8,0.9542425094393249
AAGGGTTAGACCACGT-1,C57BL6,0,0,0.0
AAGGGTTAGCAAATGA-1,OTI,2,16,1.2304489213782739
AAGGGTTAGCAATCCA-1,C57BL6,1,4,0.6989700043360189
AAGGGTTAGGGTACAG-1,C57BL6,6,20,1.3222192947339193
AAGGGTTAGGTAGGGC-1,C57BL6,0,0,0.0
AAGGGTTAGGTTATCG-1,OTI,3,130,2.1172712956557644
AAGGTAATCAAGCTAT-1,C57BL6,3,29,1.4771212547196624
AAGGTAATCATGACCA-1,C57BL6,7,156,2.1958996524092336
AAGGTAATCATTGTCC-1,C57BL6,2,7,0.9030899869919435
AAGGTAATCCTGCGTC-1,C57BL6,0,0,0.0
AAGGTAATCGCACGTG-1,OTI,0,0,0.0
AAGGTAATCGCCCTTA-1,OTI,0,0,0.0
AAGGTAGGTATTGTCT-1,OTI,1,8,0.9542425094393249
AAGGTAGGTCCAGTAG-1,OTI,1,11,1.0791812460476249
AAGGTAGGTGGTGCCG-1,C57BL6,2,22,1.3617278360175928
AAGGTAGGTGGTGTGC-1,C57BL6,0,0,0.0
AAGGTAGGTGTCTGAG-1,OTI,1,1,0.3010299956639812
AAGGTCTGTAAGGCCC-1,OTI,1,7,0.9030899869919435
AAGGTCTGTACCCCTG-1,OTI,2,30,1.4913616938342726
AAGGTCTGTACCTGTC-1,C57BL6,2,9,1.0
AAGGTCTGTATTGCGG-1,OTI,1,148,2.173186268412274
AAGGTCTGTGTCCTTA-1,OTI,0,0,0.0
AAGGTGTAGACAACGG-1,OTI,0,0,0.0
AAGGTGTAGAGCAAGT-1,OTI,1,34,1.5440680443502757
AAGGTGTAGCACCCGA-1,OTI,5,267,2.428134794028789
AAGGTGTAGCGTGAGA-1,OTI,0,0,0.0
AAGGTGTAGCGTTAAT-1,OTI,2,9,1.0
AAGGTGTAGGGTTGTC-1,C57BL6,0,0,0.0
AAGGTTAAGACTTAAC-1,OTI,5,62,1.7993405494535817
AAGGTTAAGCACTGCG-1,C57BL6,0,0,0.0
AAGGTTAAGCCCAACG-1,OTI,4,19,1.3010299956639813
AAGGTTAAGCGATTGC-1,OTI,4,132,2.123851640967086
AAGGTTAAGCTGTGGT-1,OTI,2,86,1.9395192526186185
AAGGTTAAGGCACAAG-1,OTI,0,0,0.0
AAGGTTAAGGCACCAT-1,OTI,1,2,0.47712125471966244
AAGGTTAAGGGATTAA-1,OTI,0,0,0.0
AAGGTTCGTAGAGTAG-1,C57BL6,0,0,0.0
AAGGTTCGTAGGTATC-1,OTI,2,35,1.5563025007672873
AAGGTTCGTATGGAGA-1,OTI,2,87,1.9444826721501687
AAGGTTCGTCCCAATC-1,OTI,4,59,1.7781512503836436
AAGGTTCGTGCCTTGT-1,OTI,2,19,1.3010299956639813
AAGGTTCGTGTCGCGG-1,OTI,4,41,1.6232492903979006
AAGTAACCAAAGCATG-1,OTI,0,0,0.0
AAGTAACCAAGCGCAG-1,OTI,2,183,2.2648178230095364
AAGTAACCACCGTCAA-1,OTI,3,22,1.3617278360175928
AAGTAACCACGCATAT-1,C57BL6,0,0,0.0
AAGTAACCACTATACA-1,OTI,7,113,2.0569048513364727
AAGTAACCACTTCGTC-1,OTI,1,13,1.146128035678238
AAGTAACCAGGAATAT-1,OTI,2,12,1.1139433523068367
AAGTAACCAGGACACG-1,OTI,1,4,0.6989700043360189
AAGTACAAGACATCCA-1,OTI,4,31,1.505149978319906
AAGTACAAGATGCCCG-1,OTI,6,31,1.505149978319906
AAGTACAAGCCTTTCG-1,C57BL6,0,0,0.0
AAGTACAAGCTAGCGT-1,C57BL6,0,0,0.0
AAGTACAAGGCTCAAC-1,OTI,0,0,0.0
AAGTACAAGGCTCTAA-1,C57BL6,0,0,0.0
AAGTACAAGGTAAGCG-1,OTI,1,136,2.1367205671564067
AAGTACGCAAAGCAAT-1,C57BL6,0,0,0.0
AAGTACGCAATGGTAG-1,OTI,1,17,1.255272505103306
AAGTACGCACGAACCC-1,OTI,1,8,0.9542425094393249
AAGTACGCAGTGCAGG-1,C57BL6,0,0,0.0
AAGTAGCAGACCTTTC-1,OTI,3,108,2.037426497940624
AAGTAGCAGAGCTTAT-1,OTI,2,11,1.0791812460476249
AAGTAGCAGATCCGTA-1,OTI,9,145,2.164352855784437
AAGTAGCAGCATTCGA-1,OTI,7,382,2.583198773968623
AAGTAGCAGCCTAAGC-1,OTI,8,208,2.3201462861110542
AAGTAGCAGCTCAGTA-1,C57BL6,0,0,0.0
AAGTAGGGTATGGTTA-1,OTI,3,128,2.110589710299249
AAGTAGGGTCCAGTGA-1,C57BL6,0,0,0.0
AAGTAGGGTCCTTGCG-1,OTI,2,90,1.9590413923210936
AAGTAGGGTCTAAGGT-1,OTI,5,138,2.143014800254095
AAGTAGGGTGTAAAGG-1,OTI,0,0,0.0
AAGTATACACCGCTAA-1,C57BL6,0,0,0.0
AAGTATACACGGTCGT-1,C57BL6,1,14,1.1760912590556813
AAGTATACAGCGACCT-1,OTI,0,0,0.0
AAGTCCATCAATATGC-1,OTI,4,69,1.845098040014257
AAGTCCATCAATCTGG-1,C57BL6,0,0,0.0
AAGTCCATCATTAATG-1,OTI,3,14,1.1760912590556813
AAGTCCGGTAGCAGGG-1,OTI,6,23,1.380211241711606
AAGTCCGGTCGAAGGG-1,C57BL6,3,4,0.6989700043360189
AAGTCCGGTCTGTCTA-1,OTI,8,188,2.2764618041732443
AAGTCCGGTGGTCAAT-1,C57BL6,0,0,0.0
AAGTCCGGTGTATTCT-1,OTI,0,0,0.0
AAGTCGCTCACCCGCT-1,C57BL6,1,12,1.1139433523068367
AAGTCGCTCACGCGCA-1,OTI,1,24,1.3979400086720377
AAGTCGCTCATTACAA-1,OTI,1,4,0.6989700043360189
AAGTCGCTCATTGGGC-1,OTI,2,30,1.4913616938342726
AAGTCGCTCCAATTCC-1,OTI,3,55,1.7481880270062005
AAGTCGCTCCGTCAAA-1,C57BL6,1,20,1.3222192947339193
AAGTCTAGTAAGTGCT-1,OTI,7,99,2.0
AAGTCTAGTAATGTTG-1,OTI,2,108,2.037426497940624
AAGTCTAGTACCTCCG-1,OTI,1,13,1.146128035678238
AAGTCTAGTAGGATTC-1,C57BL6,1,38,1.591064607026499
AAGTCTAGTAGTGATC-1,C57BL6,1,5,0.7781512503836436
AAGTCTAGTCAGGCGT-1,C57BL6,0,0,0.0
AAGTCTAGTGCCCTAT-1,OTI,0,0,0.0
AAGTCTCCAACTAAGG-1,OTI,7,354,2.550228353055094
AAGTCTCCAATAACTT-1,OTI,0,0,0.0
AAGTCTCCAATCGTCG-1,OTI,1,5,0.7781512503836436
AAGTCTCCAATTCATG-1,OTI,3,184,2.2671717284030137
AAGTCTCCAGCGGGTA-1,C57BL6,1,1,0.3010299956639812
AAGTCTCCAGTTGGAA-1,OTI,3,168,2.2278867046136734
AAGTGAGGTAACAGGA-1,OTI,5,203,2.3096301674258988
AAGTGAGGTATTGGTA-1,C57BL6,1,12,1.1139433523068367
AAGTGAGGTGGTAGCC-1,C57BL6,0,0,0.0
AAGTGAGGTGGTTCGA-1,OTI,2,65,1.8195439355418688
AAGTGCACAATCTGAC-1,OTI,4,69,1.845098040014257
AAGTGCACACCGTTAG-1,OTI,4,506,2.705007959333336
AAGTGCACACCGTTTC-1,C57BL6,0,0,0.0
AAGTGCACAGGTGCGA-1,OTI,3,74,1.8750612633917
AAGTGCACAGTGATTC-1,OTI,1,41,1.6232492903979006
AAGTGCTGTACCCGTT-1,OTI,0,0,0.0
AAGTGCTGTCGACTTC-1,C57BL6,0,0,0.0
AAGTGCTGTGCTATCC-1,OTI,8,190,2.2810333672477277
AAGTGCTGTGTAAGTC-1,OTI,1,5,0.7781512503836436
AAGTGTAAGGCAATTT-1,OTI,4,206,2.315970345456918
AAGTGTAAGGCCATAC-1,OTI,3,40,1.6127838567197355
AAGTGTAAGGGCGAAC-1,OTI,3,44,1.6532125137753437
AAGTGTAAGGTATGTT-1,C57BL6,0,0,0.0
AAGTGTCGTAGCTGGC-1,OTI,5,334,2.525044807036845
AAGTGTCGTCAGGATT-1,OTI,2,11,1.0791812460476249
AAGTGTCGTCATTCCA-1,OTI,1,5,0.7781512503836436
AAGTGTCGTCGCTGGG-1,C57BL6,0,0,0.0
AAGTGTCGTGCCTTCG-1,OTI,3,18,1.2787536009528289
AAGTTCCCAGCATTTA-1,C57BL6,1,37,1.5797835966168101
AAGTTCCCAGTATTAT-1,C57BL6,1,10,1.0413926851582251
AAGTTCGTCACCTTCG-1,OTI,2,10,1.0413926851582251
AAGTTCGTCACTATAA-1,OTI,0,0,0.0
AAGTTCGTCAGGACTC-1,C57BL6,2,6,0.8450980400142568
AAGTTCGTCCCAAAGC-1,OTI,1,1,0.3010299956639812
AAGTTCGTCCCTTTAA-1,C57BL6,0,0,0.0
AAGTTCGTCGGTAATT-1,OTI,1,464,2.667452952889954
AAGTTCGTCGGTTACA-1,C57BL6,1,5,0.7781512503836436
AAGTTGCGTATGAGCT-1,OTI,0,0,0.0
AAGTTGCGTGTATGCG-1,C57BL6,2,4,0.6989700043360189
AAGTTGCGTGTCTTAT-1,OTI,6,220,2.3443922736851106
AAGTTTGGTAAGCGTT-1,C57BL6,0,0,0.0
AAGTTTGGTACTCAGG-1,OTI,9,180,2.2576785748691846
AAGTTTGGTGCAAGCC-1,OTI,0,0,0.0
AAGTTTGGTGCGAGAG-1,OTI,2,113,2.0569048513364727
AATACAACAAAATCCC-1,OTI,9,73,1.8692317197309762
AATACAACAAACTACC-1,OTI,6,124,2.0969100130080562
AATACAACAAATGACG-1,OTI,4,31,1.505149978319906
AATACAACACCTAGGC-1,C57BL6,1,4,0.6989700043360189
AATACAACACTGGAGG-1,C57BL6,1,10,1.0413926851582251
AATACAACAGTGCTCA-1,OTI,3,710,2.851869600729766
AATACAGAGAAAGCCG-1,C57BL6,1,61,1.792391689498254
AATACAGAGAAGGTGT-1,OTI,0,0,0.0
AATACAGAGAAGTAGC-1,OTI,0,0,0.0
AATACAGAGGTATTGT-1,OTI,0,0,0.0
AATACCCCAACACCCA-1,C57BL6,0,0,0.0
AATACGAAGAAAGGAG-1,C57BL6,0,0,0.0
AATACGAAGAGCCTGT-1,OTI,1,28,1.462397997898956
AATACGAAGATCCGAC-1,OTI,5,65,1.8195439355418688
AATACGAAGCACCGCA-1,OTI,3,45,1.662757831681574
AATACGAAGCCATCGG-1,C57BL6,0,0,0.0
AATACGAAGCTAGGAG-1,OTI,1,33,1.5314789170422551
AATACGAAGCTCTCAT-1,OTI,1,35,1.5563025007672873
AATACGAAGGCTCATA-1,OTI,3,234,2.3710678622717363
AATACGAAGGTATAGA-1,C57BL6,0,0,0.0
AATACGTTCAGCCCCT-1,OTI,8,33,1.5314789170422551
AATACGTTCATGCCTT-1,OTI,2,131,2.12057393120585
AATACGTTCCATCGTT-1,OTI,4,176,2.247973266361807
AATACGTTCCCTGTCA-1,OTI,5,23,1.380211241711606
AATACGTTCGTATTGG-1,OTI,0,0,0.0
AATACGTTCGTTCGTT-1,OTI,4,38,1.591064607026499
AATACTGGTAAAGTGG-1,OTI,0,0,0.0
AATACTGGTAACCCCT-1,C57BL6,0,0,0.0
AATACTGGTATAGGCT-1,C57BL6,2,13,1.146128035678238
AATACTGGTATCCGCT-1,OTI,2,23,1.380211241711606
AATACTGGTCACCCAT-1,C57BL6,1,3,0.6020599913279624
AATACTGGTCCCATGT-1,OTI,5,133,2.1271047983648077
AATACTGGTCGGTTTC-1,C57BL6,0,0,0.0
AATACTGGTCTTGATT-1,C57BL6,0,0,0.0
AATATAGCAAACCACT-1,OTI,0,0,0.0
AATATAGCACCCTTCG-1,OTI,0,0,0.0
AATATAGCACCGCTAA-1,OTI,0,0,0.0
AATATAGCACCTCATC-1,C57BL6,0,0,0.0
AATATCATCACGCGCA-1,C57BL6,0,0,0.0
AATATCATCAGGTAAA-1,OTI,3,45,1.662757831681574
AATATCATCCGGCTTC-1,OTI,0,0,0.0
AATATCATCCTGATTC-1,C57BL6,0,0,0.0
AATATCATCGCGGTTG-1,OTI,0,0,0.0
AATATCCAGACTCGAC-1,C57BL6,0,0,0.0
AATATCCAGCGTATAT-1,C57BL6,3,24,1.3979400086720377
AATATCCAGCGTCTAA-1,OTI,3,298,2.4756711883244296
AATATCCAGGCACCCA-1,C57BL6,0,0,0.0
AATATCCAGGCTCGAT-1,OTI,1,2,0.47712125471966244
AATATCCAGGGCGAAC-1,C57BL6,0,0,0.0
AATATCTCAAGTGCAA-1,OTI,2,87,1.9444826721501687
AATATCTCAATGCATC-1,OTI,1,11,1.0791812460476249
AATATCTCACGGCAAG-1,OTI,8,80,1.9084850188786497
AATATCTCAGCATAAG-1,C57BL6,0,0,0.0
AATATGCTCACCCCGT-1,OTI,3,102,2.012837224705172
AATATGCTCCGGTCAG-1,C57BL6,0,0,0.0
AATATGCTCGCGGCTA-1,OTI,1,5,0.7781512503836436
AATATGCTCGTACGGT-1,OTI,2,32,1.5185139398778875
AATATGCTCGTCTTAC-1,OTI,1,8,0.9542425094393249
AATATTCCAAATTGCC-1,OTI,2,20,1.3222192947339193
AATATTCCAAGGGCAT-1,C57BL6,2,14,1.1760912590556813
AATATTCCAAGTGTCT-1,OTI,11,290,2.4638929889859074
AATATTCCACGGAAAC-1,OTI,2,73,1.8692317197309762
AATATTCCAGTACGAA-1,C57BL6,1,2,0.47712125471966244
AATATTGTCAAGGGGC-1,OTI,4,48,1.6901960800285136
AATATTGTCACCATCT-1,OTI,0,0,0.0
AATATTGTCCACTTCG-1,C57BL6,0,0,0.0
AATATTGTCCCCAGCT-1,OTI,3,19,1.3010299956639813
AATATTGTCCGGCACA-1,OTI,4,123,2.093421685162235
AATATTGTCCTCCGGT-1,C57BL6,1,7,0.9030899869919435
AATATTGTCCTCCTCT-1,OTI,6,124,2.0969100130080562
AATATTGTCGCTGTGG-1,OTI,2,79,1.9030899869919435
AATATTGTCGTAGCGT-1,OTI,1,17,1.255272505103306
AATCAAGAGACCTACA-1,OTI,0,0,0.0
AATCAAGAGCCGTCAG-1,C57BL6,0,0,0.0
AATCAAGAGCTTGGGT-1,OTI,7,404,2.6074550232146687
AATCAAGAGGCTTGTA-1,OTI,2,617,2.790988475088816
AATCAAGAGGGCCTTG-1,OTI,6,42,1.6334684555795864
AATCAAGAGGTTAATC-1,C57BL6,0,0,0.0
AATCACCCAAACATAA-1,OTI,2,38,1.591064607026499
AATCACCCAACGAAAT-1,OTI,1,29,1.4771212547196624
AATCACCCAACGATAG-1,OTI,4,383,2.584331224367531
AATCACCCAACGCACC-1,OTI,6,1465,3.166133970305109
AATCACCCAATCTGAC-1,OTI,2,31,1.505149978319906
AATCACCCACCTAGAT-1,OTI,3,273,2.437750562820388
AATCACCCAGGAATAT-1,OTI,4,199,2.3010299956639813
AATCACCCAGGTAAAT-1,OTI,0,0,0.0
AATCAGCGTAACTCGG-1,OTI,0,0,0.0
AATCAGCGTAATCTAG-1,OTI,2,86,1.9395192526186185
AATCAGCGTAATGTGC-1,OTI,2,17,1.255272505103306
AATCAGCGTATTCAGA-1,OTI,4,124,2.0969100130080562
AATCAGCGTCAGGGTC-1,OTI,8,737,2.8680563618230415
AATCAGCGTCCAGTAG-1,OTI,3,156,2.1958996524092336
AATCAGCGTCCTTGTA-1,OTI,2,150,2.1789769472931693
AATCAGCGTCTGCATC-1,OTI,2,28,1.462397997898956
AATCAGCGTGGGAGTG-1,C57BL6,1,7,0.9030899869919435
AATCAGCGTGTGTTAA-1,C57BL6,0,0,0.0
AATCATATCATGCGTA-1,OTI,3,96,1.9867717342662448
AATCCCCGTATAGGGA-1,C57BL6,0,0,0.0
AATCCCCGTCGCGGAT-1,C57BL6,0,0,0.0
AATCCCCGTGCTGGGT-1,OTI,4,26,1.4313637641589874
AATCCCCGTGGCAATT-1,OTI,1,4,0.6989700043360189
AATCCCCGTGTTATAG-1,OTI,5,35,1.5563025007672873
AATCCCGCACCCTCAT-1,OTI,0,0,0.0
AATCCCGCACCGACAC-1,C57BL6,0,0,0.0
AATCCCTTCACAGCTA-1,OTI,3,34,1.5440680443502757
AATCCCTTCCACCCTA-1,C57BL6,1,2,0.47712125471966244
AATCCCTTCCGGCCTT-1,OTI,2,74,1.8750612633917
AATCCCTTCGCTAATG-1,OTI,1,51,1.7160033436347992
AATCCCTTCGGTGGTT-1,OTI,2,38,1.591064607026499
AATCCCTTCGTAGATT-1,OTI,0,0,0.0
AATCCGGGTAAGCCCA-1,C57BL6,1,3,0.6020599913279624
AATCCGGGTAAGCGCC-1,OTI,3,182,2.2624510897304293
AATCCGGGTATCAGTA-1,C57BL6,4,4,0.6989700043360189
AATCCGGGTCACCGGG-1,OTI,0,0,0.0
AATCCGGGTCGACGTA-1,C57BL6,0,0,0.0
AATCCGGGTCGTACAG-1,C57BL6,0,0,0.0
AATCCGGGTGTGAGTT-1,OTI,1,3,0.6020599913279624
AATCCGTCAACCATCG-1,OTI,3,14,1.1760912590556813
AATCCGTCAATCCAAC-1,C57BL6,0,0,0.0
AATCCGTCAATGACAG-1,OTI,0,0,0.0
AATCCGTCACGACCTA-1,C57BL6,1,4,0.6989700043360189
AATCCGTCACGGCACT-1,C57BL6,0,0,0.0
AATCCTCTCACATCAG-1,C57BL6,0,0,0.0
AATCCTCTCACATGTG-1,OTI,0,0,0.0
AATCCTCTCATATCCC-1,OTI,1,1,0.3010299956639812
AATCCTCTCATTGGCA-1,OTI,1,3,0.6020599913279624
AATCCTCTCCACACCC-1,OTI,3,53,1.7323937598229686
AATCCTCTCCGGTTAA-1,OTI,0,0,0.0
AATCCTCTCCTAGTTC-1,OTI,3,47,1.6812412373755872
AATCCTCTCGCTGTGG-1,C57BL6,0,0,0.0
AATCCTCTCGTCTTCG-1,OTI,6,73,1.8692317197309762
AATCGAGCAAGGCCGA-1,C57BL6,0,0,0.0
AATCGAGCACTGCAAT-1,OTI,6,545,2.7371926427047373
AATCGCATCATTACTT-1,OTI,8,120,2.0827853703164503
AATCGCATCCACCCTA-1,OTI,9,317,2.5024271199844326
AATCGCATCCCCATGC-1,C57BL6,0,0,0.0
AATCGCATCGCACTCC-1,C57BL6,0,0,0.0
AATCGCATCGCTAATG-1,C57BL6,1,1,0.3010299956639812
AATCGCATCGTTCACT-1,C57BL6,0,0,0.0
AATCGCGGTAGGACGG-1,OTI,7,481,2.6830470382388496
AATCGCGGTATTCTGT-1,OTI,2,25,1.414973347970818
AATCGCGGTCCAAGAT-1,OTI,2,25,1.414973347970818
AATCGCGGTCGAGTCA-1,OTI,1,10,1.0413926851582251
AATCGCGGTCGTCAGA-1,OTI,0,0,0.0
AATCGCGGTCTGGAAT-1,C57BL6,0,0,0.0
AATCGCGGTGCTGCCC-1,C57BL6,1,5,0.7781512503836436
AATCGCGGTGTTAGGT-1,OTI,0,0,0.0
AATCGGACACATTTAG-1,OTI,4,54,1.7403626894942439
AATCGGACACCTTCCG-1,OTI,2,29,1.4771212547196624
AATCGGACAGCCAATT-1,OTI,4,62,1.7993405494535817
AATCGGACAGCTACAT-1,OTI,2,19,1.3010299956639813
AATCGGCTCATCATCC-1,C57BL6,0,0,0.0
AATCGGCTCATCTCTA-1,OTI,0,0,0.0
AATCGGCTCCCGCTGT-1,OTI,7,926,2.967079734144497
AATCGGCTCCTGTCAT-1,OTI,0,0,0.0
AATCGGCTCGCCATAA-1,C57BL6,0,0,0.0
AATCGGCTCGTCAATG-1,OTI,0,0,0.0
AATCGTGTCAAGCGTC-1,C57BL6,2,30,1.4913616938342726
AATCGTGTCAGTCCGG-1,C57BL6,0,0,0.0
AATCGTGTCATGCGGT-1,OTI,7,108,2.037426497940624
AATCGTGTCCAGCTCC-1,OTI,0,0,0.0
AATCGTGTCCTAGTTC-1,OTI,0,0,0.0
AATCGTGTCGCCACTC-1,OTI,6,52,1.724275869600789
AATCGTGTCGCGTCAG-1,OTI,7,97,1.9912260756924949
AATCGTGTCGGATCCG-1,C57BL6,0,0,0.0
AATCGTGTCGTTGACA-1,OTI,0,0,0.0
AATCTAGGTATTGAGC-1,OTI,1,235,2.3729120029701067
AATCTAGGTGGCAATT-1,OTI,2,1019,3.0086001717619175
AATCTAGGTGGCTTTC-1,C57BL6,0,0,0.0
AATCTATCAAATTCCA-1,OTI,4,16,1.2304489213782739
AATCTATCAACGAACA-1,OTI,0,0,0.0
AATCTATCAACTTACA-1,C57BL6,2,7,0.9030899869919435
AATCTATCAAGACGAC-1,OTI,0,0,0.0
AATCTATCAAGTCCAT-1,OTI,10,113,2.0569048513364727
AATCTATCAATCGAGA-1,C57BL6,1,4,0.6989700043360189
AATCTATCAGTGATTC-1,C57BL6,4,4,0.6989700043360189
AATCTCACAAAGTATA-1,C57BL6,1,9,1.0
AATCTCACAAGTGTTC-1,OTI,1,2,0.47712125471966244
AATCTCACACACCTCT-1,C57BL6,0,0,0.0
AATCTCACACCATACG-1,C57BL6,1,14,1.1760912590556813
AATCTCACACGAAGGT-1,OTI,6,173,2.2405492482826
AATCTCACACGGCAAG-1,OTI,2,33,1.5314789170422551
AATCTCACACTGACGC-1,OTI,1,4,0.6989700043360189
AATCTCACAGCCAACC-1,OTI,6,73,1.8692317197309762
AATCTCACAGCGACCT-1,C57BL6,0,0,0.0
AATCTCACAGCTAGGG-1,OTI,7,113,2.0569048513364727
AATCTCCTCAATGTAC-1,OTI,0,0,0.0
AATCTCCTCAGACTGC-1,OTI,3,104,2.0211892990699383
AATCTCCTCATGATGT-1,C57BL6,2,2,0.47712125471966244
AATCTCCTCCCTGTCA-1,C57BL6,0,0,0.0
AATCTCCTCCGCCCAT-1,OTI,1,11,1.0791812460476249
AATCTCCTCGTAGTCA-1,OTI,4,195,2.292256071356476
AATCTCCTCGTCATCT-1,OTI,0,0,0.0
AATCTCCTCGTTAGCA-1,C57BL6,0,0,0.0
AATCTCTGTCCAACGA-1,OTI,1,74,1.8750612633917
AATCTCTGTGCCTATC-1,OTI,0,0,0.0
AATCTGGTCAATTGGT-1,OTI,9,232,2.367355921026019
AATCTGGTCACATGTG-1,C57BL6,2,9,1.0
AATCTGGTCCACCTCA-1,C57BL6,0,0,0.0
AATCTGGTCCTTATGC-1,OTI,4,453,2.6570558528571038
AATCTGGTCGGGGTAA-1,C57BL6,4,4,0.6989700043360189
AATCTGGTCGGTATTG-1,OTI,1,24,1.3979400086720377
AATCTGTAGAGAATTG-1,OTI,4,22,1.3617278360175928
AATCTGTAGCACGTCG-1,OTI,1,38,1.591064607026499
AATCTGTAGCCGTATA-1,C57BL6,1,6,0.8450980400142568
AATCTGTAGCGATGAG-1,C57BL6,0,0,0.0
AATCTGTAGCTTGTGA-1,OTI,1,1,0.3010299956639812
AATCTGTAGGTCAATT-1,OTI,2,277,2.444044795918076
AATCTTCGTAATACTG-1,C57BL6,0,0,0.0
AATCTTCGTAGTTAGC-1,OTI,2,4,0.6989700043360189
AATCTTCGTATGATGC-1,OTI,2,16,1.2304489213782739
AATCTTCGTCATAGTA-1,OTI,1,8,0.9542425094393249
AATCTTCGTCTAAATG-1,OTI,4,78,1.8976270912904414
AATCTTCGTGGTCTAG-1,C57BL6,0,0,0.0
AATGAACCAAGCCATT-1,OTI,3,16,1.2304489213782739
AATGAACCACTATGGT-1,OTI,1,9,1.0
AATGAACCAGCGCATC-1,OTI,3,39,1.6020599913279623
AATGAACCAGTACTCG-1,OTI,8,243,2.387389826338729
AATGACAAGACAATAG-1,OTI,0,0,0.0
AATGACAAGACCACGT-1,C57BL6,0,0,0.0
AATGACAAGATCCGAC-1,OTI,4,64,1.8129133566428555
AATGACAAGCGTGTCG-1,C57BL6,1,6,0.8450980400142568
AATGACAAGCTACTGA-1,OTI,5,146,2.167317334748176
AATGACAAGGCGTTAC-1,OTI,2,13,1.146128035678238
AATGACAAGGGAATGT-1,OTI,0,0,0.0
AATGACAAGGTCATGC-1,OTI,12,91,1.9637878273455553
AATGACGCAACTTAGC-1,OTI,2,24,1.3979400086720377
AATGACGCAAGCCGTC-1,C57BL6,1,49,1.6989700043360187
AATGACGCAATCGCGC-1,OTI,4,57,1.7634279935629373
AATGACGCAGCAAGAC-1,OTI,3,67,1.8325089127062364
AATGACGCAGTAGGGT-1,OTI,1,3,0.6020599913279624
AATGATGAGACCAATT-1,C57BL6,0,0,0.0
AATGATGAGACTCAGC-1,OTI,4,392,2.5943925503754266
AATGATGAGAGAAGGA-1,C57BL6,3,32,1.5185139398778875
AATGATGAGAGCTTGC-1,OTI,4,27,1.4471580313422192
AATGATGAGGCAACGA-1,OTI,1,7,0.9030899869919435
AATGATGAGGCCTATA-1,C57BL6,0,0,0.0
AATGATGAGGTCTCCC-1,OTI,2,7,0.9030899869919435
AATGCAAAGAGGTATA-1,OTI,2,196,2.294466226161593
AATGCAAAGATATACC-1,OTI,1,5,0.7781512503836436
AATGCAAAGATCGACC-1,OTI,0,0,0.0
AATGCAAAGCAAACTT-1,OTI,1,7,0.9030899869919435
AATGCAAAGCGCAGTT-1,C57BL6,2,24,1.3979400086720377
AATGCAAAGCTCAGTA-1,OTI,4,44,1.6532125137753437
AATGCAAAGGTATCCA-1,OTI,1,2,0.47712125471966244
AATGCAAAGGTGAGAT-1,OTI,3,135,2.1335389083702174
AATGCCCAGAGAGAGA-1,C57BL6,0,0,0.0
AATGCCCAGAGTGATA-1,OTI,1,5,0.7781512503836436
AATGCCCAGCATGCAC-1,OTI,5,156,2.1958996524092336
AATGCCCAGCTCGGCA-1,OTI,5,139,2.146128035678238
AATGCCCAGGGGCTAA-1,OTI,1,6,0.8450980400142568
AATGCCCAGGTAGACG-1,OTI,2,20,1.3222192947339193
AATGCGACAACGCAGG-1,OTI,1,2,0.47712125471966244
AATGCGACAACTCATA-1,OTI,2,49,1.6989700043360187
AATGCGACAAGGGTCG-1,OTI,0,0,0.0
AATGCGACAATACACC-1,OTI,0,0,0.0
AATGCGACACTTCGTC-1,C57BL6,0,0,0.0
AATGCGACAGCTATTA-1,OTI,2,357,2.5538830266438746
AATGCGACAGGTAAAT-1,OTI,4,240,2.3820170425748683
AATGCGACAGTGTCAT-1,C57BL6,2,14,1.1760912590556813
AATGCGCTCACTCCCA-1,OTI,6,72,1.863322860120456
AATGCGCTCCTGGGCA-1,OTI,1,222,2.3483048630481607
AATGCGGAGACATAAG-1,OTI,4,127,2.1072099696478683
AATGCGGAGCGGTTCG-1,OTI,4,76,1.8864907251724818
AATGCGGAGCTAAATC-1,C57BL6,7,24,1.3979400086720377
AATGCGGAGCTAACAT-1,OTI,2,246,2.392696953259666
AATGCGGAGCTCGTGG-1,OTI,2,10,1.0413926851582251
AATGCGGAGCTGTGCG-1,OTI,6,169,2.230448921378274
AATGGAGGTACTGCAG-1,C57BL6,2,12,1.1139433523068367
AATGGAGGTCAAACGT-1,OTI,0,0,0.0
AATGGAGGTCGAAGGG-1,OTI,0,0,0.0
AATGGAGGTGGCGCTG-1,OTI,6,120,2.0827853703164503
AATGGCACAAACCGGG-1,OTI,3,41,1.6232492903979006
AATGGCACAAGGACCG-1,C57BL6,0,0,0.0
AATGGCACACTAAGGA-1,OTI,3,46,1.6720978579357175
AATGGCACACTACTCC-1,OTI,1,41,1.6232492903979006
AATGGCACACTATACA-1,OTI,2,37,1.5797835966168101
AATGGCACAGCAGTAA-1,OTI,5,45,1.662757831681574
AATGGCACAGTATGCT-1,OTI,1,100,2.0043213737826426
AATGGCGAGACTAATC-1,OTI,2,122,2.089905111439398
AATGGCGAGCAAAGCG-1,C57BL6,1,44,1.6532125137753437
AATGGCGAGCAATGCC-1,OTI,0,0,0.0
AATGGCGAGCACAAGG-1,C57BL6,0,0,0.0
AATGGCGAGCCTGCGA-1,OTI,0,0,0.0
AATGGCGAGGCGGGAT-1,OTI,0,0,0.0
AATGGCGAGGCTCTAA-1,C57BL6,0,0,0.0
AATGGCGAGGGTTGTC-1,OTI,4,341,2.534026106056135
AATGGCGAGGTAAGCG-1,C57BL6,0,0,0.0
AATGGCGAGGTGCGTT-1,C57BL6,0,0,0.0
AATGGCTGTACTCAGG-1,C57BL6,0,0,0.0
AATGGCTGTATCAGTA-1,C57BL6,0,0,0.0
AATGGCTGTATGCAGT-1,C57BL6,1,1,0.3010299956639812
AATGGCTGTCAACCCT-1,OTI,10,193,2.287801729930226
AATGGCTGTCATTTCG-1,OTI,0,0,0.0
AATGGCTGTCCCTTGG-1,C57BL6,0,0,0.0
AATGGCTGTCGACTTC-1,OTI,2,20,1.3222192947339193
AATGGCTGTCTCTAAT-1,C57BL6,2,49,1.6989700043360187
AATGGCTGTGCGGTTA-1,C57BL6,1,1,0.3010299956639812
AATGGGAGTGGACGCT-1,OTI,3,105,2.0253058652647704
AATGGGAGTGTGTTGG-1,OTI,3,35,1.5563025007672873
AATGGGTAGAACACCC-1,OTI,3,203,2.3096301674258988
AATGGGTAGACACCGT-1,OTI,2,24,1.3979400086720377
AATGGGTAGCAATTCG-1,OTI,0,0,0.0
AATGGGTAGCACTAGC-1,OTI,2,6,0.8450980400142568
AATGGGTAGCGCGATT-1,OTI,2,238,2.3783979009481375
AATGGGTAGGCGTAGA-1,C57BL6,0,0,0.0
AATGGGTAGGGATAGT-1,C57BL6,2,4,0.6989700043360189
AATGGGTAGGTAGAGT-1,C57BL6,1,17,1.255272505103306
AATGGTAAGAAAGCTA-1,OTI,0,0,0.0
AATGGTAAGACACATT-1,OTI,6,299,2.4771212547196626
AATGGTAAGAGAATTG-1,OTI,0,0,0.0
AATGGTAAGCAGGGAC-1,C57BL6,1,1,0.3010299956639812
AATGGTAAGGCAAGGC-1,OTI,3,55,1.7481880270062005
AATGGTAAGGTTGTGC-1,OTI,2,9,1.0
AATGGTCGTATCATGA-1,OTI,3,55,1.7481880270062005
AATGGTCGTCGCAGTA-1,OTI,3,78,1.8976270912904414
AATGGTCGTGTTAATG-1,OTI,4,49,1.6989700043360187
AATGGTTTCACGCGTG-1,OTI,3,173,2.2405492482826
AATGGTTTCACTCCAT-1,C57BL6,1,1,0.3010299956639812
AATGGTTTCAGCTAAT-1,OTI,3,74,1.8750612633917
AATGGTTTCCCACTCA-1,OTI,0,0,0.0
AATGGTTTCCGAACAC-1,OTI,3,65,1.8195439355418688
AATGGTTTCCTCGGCT-1,OTI,3,41,1.6232492903979006
AATGGTTTCGGCCAAT-1,C57BL6,1,25,1.414973347970818
AATGGTTTCGTCTCGC-1,OTI,3,150,2.1789769472931693
AATGGTTTCGTCTTCG-1,OTI,2,12,1.1139433523068367
AATGGTTTCGTGATAT-1,OTI,2,12,1.1139433523068367
AATGTACTCAACAGCC-1,OTI,1,17,1.255272505103306
AATGTACTCATGGGCT-1,OTI,4,111,2.0492180226701815
AATGTACTCCTTGTAC-1,OTI,1,6,0.8450980400142568
AATGTAGAGATCCCAA-1,OTI,1,19,1.3010299956639813
AATGTAGAGCCTGGTG-1,OTI,0,0,0.0
AATGTAGAGCGAATTT-1,OTI,0,0,0.0
AATGTAGAGGCTTAAT-1,C57BL6,1,10,1.0413926851582251
AATGTCAGTCCAACTC-1,OTI,2,15,1.2041199826559248
AATGTCAGTGCTCCGC-1,OTI,0,0,0.0
AATGTCAGTGGATTGT-1,C57BL6,0,0,0.0
AATGTGCGTAACGCAT-1,C57BL6,1,17,1.255272505103306
AATGTGCGTACAAGGA-1,OTI,8,130,2.1172712956557644
AATGTGCGTAGCAGTT-1,C57BL6,1,14,1.1760912590556813
AATGTGCGTATAAGCC-1,C57BL6,0,0,0.0
AATGTGCGTATAGCGT-1,OTI,4,28,1.462397997898956
AATGTGCGTATGAGTC-1,OTI,2,11,1.0791812460476249
AATGTGCGTCATGGGC-1,OTI,2,21,1.3424226808222062
AATGTGCGTCCTTTAG-1,C57BL6,0,0,0.0
AATGTGCGTCTGCATC-1,OTI,0,0,0.0
AATGTGCGTGTGCAAT-1,C57BL6,1,86,1.9395192526186185
AATGTGTTCAAACCAT-1,OTI,0,0,0.0
AATGTGTTCAGGCTGT-1,OTI,7,396,2.598790506763115
AATGTGTTCCCTTCGA-1,C57BL6,0,0,0.0
AATGTGTTCCTACATC-1,C57BL6,1,12,1.1139433523068367
AATGTTATCACCACTT-1,C57BL6,0,0,0.0
AATGTTATCAGTGCTA-1,OTI,4,257,2.41161970596323
AATGTTATCCGTATCT-1,OTI,0,0,0.0
AATGTTCAGAACCCCG-1,OTI,1,9,1.0
AATGTTCAGAGCGATG-1,OTI,9,207,2.3180633349627615
AATGTTCAGAGCTTGC-1,OTI,5,24,1.3979400086720377
AATGTTCAGATGCATT-1,OTI,0,0,0.0
AATGTTCAGCTCGGCA-1,C57BL6,0,0,0.0
AATGTTCAGGGGACGT-1,OTI,3,12,1.1139433523068367
AATGTTCAGGTTCTAG-1,OTI,3,64,1.8129133566428555
AATGTTGGTACGTGCA-1,OTI,3,25,1.414973347970818
AATGTTGGTAGCTGTG-1,OTI,3,102,2.012837224705172
AATGTTGGTCAGGCCG-1,OTI,1,26,1.4313637641589874
AATGTTGGTGGAAGTA-1,OTI,2,11,1.0791812460476249
AATGTTGGTGTACTCC-1,OTI,1,11,1.0791812460476249
AATTAAGCACTAGGGG-1,C57BL6,0,0,0.0
AATTACCAGATCCACA-1,C57BL6,0,0,0.0
AATTACCAGATCTTCC-1,OTI,1,47,1.6812412373755872
AATTACCAGATGGGCA-1,OTI,1,29,1.4771212547196624
AATTACCAGGTCGCCA-1,C57BL6,1,13,1.146128035678238
AATTACTCAGCTTACG-1,OTI,5,58,1.7708520116421442
AATTATGTCAAGTCGC-1,OTI,3,16,1.2304489213782739
AATTATGTCACCACTT-1,OTI,1,1,0.3010299956639812
AATTATGTCACGATAT-1,OTI,0,0,0.0
AATTATGTCACGCCTC-1,OTI,3,23,1.380211241711606
AATTATGTCATCACTC-1,C57BL6,0,0,0.0
AATTATGTCATTCATT-1,OTI,2,6,0.8450980400142568
AATTATGTCCACCAAA-1,OTI,6,107,2.03342375548695
AATTCAGGTAATGTGC-1,C57BL6,0,0,0.0
AATTCAGGTACTCGCT-1,OTI,2,87,1.9444826721501687
AATTCAGGTCCTATTG-1,OTI,0,0,0.0
AATTCAGGTGCTCCGC-1,C57BL6,0,0,0.0
AATTCAGGTGGCTATG-1,OTI,2,206,2.315970345456918
AATTCCACAAACATAA-1,OTI,1,12,1.1139433523068367
AATTCCACAAGTTACC-1,C57BL6,0,0,0.0
AATTCCACACTACTAA-1,OTI,0,0,0.0
AATTCCACAGGAAGGA-1,OTI,7,480,2.682145076373832
AATTCCCTCAGTACAT-1,OTI,4,146,2.167317334748176
AATTCCCTCCAGTATG-1,C57BL6,2,14,1.1760912590556813
AATTCCCTCGCCCTAC-1,OTI,5,42,1.6334684555795864
AATTCCGAGAACGATA-1,OTI,3,30,1.4913616938342726
AATTCCGAGACATATC-1,OTI,0,0,0.0
AATTCCGAGACATGGG-1,C57BL6,2,5,0.7781512503836436
AATTCCGAGACCCCAG-1,OTI,1,3,0.6020599913279624
AATTCCGAGAGTCCCG-1,OTI,5,24,1.3979400086720377
AATTCCGAGATGACGG-1,C57BL6,1,22,1.3617278360175928
AATTCCGAGCAGTATT-1,C57BL6,0,0,0.0
AATTCCGAGCCGGATT-1,OTI,4,124,2.0969100130080562
AATTCCGAGCTGGCAT-1,OTI,1,6,0.8450980400142568
AATTCCGAGGTGCCCA-1,C57BL6,0,0,0.0
AATTCCTGTAGACTCG-1,OTI,0,0,0.0
AATTCCTGTAGCGTCA-1,OTI,5,225,2.3541084391474008
AATTCCTGTATCAGGT-1,C57BL6,0,0,0.0
AATTCCTGTCATATTC-1,OTI,6,86,1.9395192526186185
AATTCCTGTCCTTAGC-1,C57BL6,0,0,0.0
AATTCGCCAACATCAC-1,OTI,5,63,1.806179973983887
AATTCGCCAATCAGAG-1,OTI,5,287,2.459392487759231
AATTCGCCAATTAACT-1,OTI,2,27,1.4471580313422192
AATTCGCCACCCAACA-1,OTI,5,75,1.8808135922807914
AATTCGCCACGGACCT-1,OTI,0,0,0.0
AATTCGCCAGCTAGGG-1,OTI,1,5,0.7781512503836436
AATTCGGTCAAGCACC-1,OTI,4,25,1.414973347970818
AATTCGGTCACGCAGT-1,OTI,2,12,1.1139433523068367
AATTCGGTCACTTAAA-1,OTI,3,119,2.0791812460476247
AATTCGGTCCACCGCT-1,OTI,4,130,2.1172712956557644
AATTCGGTCCGCTTCA-1,C57BL6,0,0,0.0
AATTCGGTCCTTAATT-1,OTI,1,1,0.3010299956639812
AATTCGGTCGGCCCTT-1,OTI,3,37,1.5797835966168101
AATTCGGTCGTCAATG-1,C57BL6,2,10,1.0413926851582251
AATTCGTAGCAGCCCA-1,C57BL6,0,0,0.0
AATTCGTAGCCTCGTC-1,OTI,1,35,1.5563025007672873
AATTCGTAGCGTATTG-1,OTI,1,12,1.1139433523068367
AATTCGTAGCTATAGT-1,OTI,0,0,0.0
AATTGAACAATCAACC-1,OTI,2,54,1.7403626894942439
AATTGAACAGCGCTAC-1,OTI,0,0,0.0
AATTGAGAGAACTGAA-1,OTI,2,19,1.3010299956639813
AATTGAGAGACGAACG-1,OTI,4,446,2.6503075231319366
AATTGAGAGATGGTGG-1,OTI,3,26,1.4313637641589874
AATTGAGAGCAGCGAA-1,OTI,3,30,1.4913616938342726
AATTGAGAGCGATTTG-1,C57BL6,0,0,0.0
AATTGCCCAAACCTAC-1,OTI,2,126,2.103803720955957
AATTGCCCAAAGTCTC-1,OTI,0,0,0.0
AATTGCCCAAGCGATA-1,C57BL6,0,0,0.0
AATTGCCCACCATAAC-1,C57BL6,1,1,0.3010299956639812
AATTGCCCACCATCGA-1,OTI,4,140,2.1492191126553797
AATTGCCCAGCACACC-1,OTI,7,63,1.806179973983887
AATTGGCGTAATGTGC-1,OTI,3,38,1.591064607026499
AATTGGCGTACTACCC-1,C57BL6,0,0,0.0
AATTGGCGTACTATAG-1,OTI,2,27,1.4471580313422192
AATTGGCGTATCCGAG-1,C57BL6,0,0,0.0
AATTGGCGTATTGCGG-1,C57BL6,0,0,0.0
AATTGGCGTCCTTATG-1,OTI,3,22,1.3617278360175928
AATTGGCGTCTCCGCA-1,OTI,5,6,0.8450980400142568
AATTGGCGTGCTAGTG-1,C57BL6,3,15,1.2041199826559248
AATTGGCGTGTGTGCA-1,C57BL6,1,34,1.5440680443502757
AATTGGGCAAATCGAG-1,OTI,5,155,2.1931245983544616
AATTGGGCAAGAATTA-1,OTI,6,396,2.598790506763115
AATTGGGCAAGGTTAG-1,OTI,3,93,1.9731278535996986
AATTGGGCAATGATCC-1,OTI,0,0,0.0
AATTGGGCACCTAACG-1,C57BL6,0,0,0.0
AATTGGGCACGTAACT-1,OTI,1,25,1.414973347970818
AATTGGGCAGTTCAGT-1,C57BL6,0,0,0.0
AATTGGGCAGTTGGAA-1,OTI,2,384,2.5854607295085006
AATTGGTTCAACTGCA-1,OTI,5,44,1.6532125137753437
AATTGGTTCACAGCAC-1,OTI,3,121,2.0863598306747484
AATTGGTTCCATAGGC-1,OTI,2,48,1.6901960800285136
AATTGGTTCCCTCGGT-1,OTI,0,0,0.0
AATTGGTTCCGATAAT-1,OTI,4,22,1.3617278360175928
AATTGGTTCCGGAATC-1,C57BL6,0,0,0.0
AATTGGTTCGGTTCAA-1,OTI,0,0,0.0
AATTGGTTCGTAACGC-1,OTI,2,56,1.7558748556724915
AATTGTATCACCTTAC-1,OTI,7,483,2.6848453616444123
AATTGTATCAGACTCA-1,OTI,0,0,0.0
AATTGTATCCATGCCC-1,C57BL6,0,0,0.0
AATTGTATCCGGTGCA-1,OTI,1,1,0.3010299956639812
AATTGTATCCTATGCT-1,OTI,4,43,1.6434526764861874
AATTGTATCGCCATGG-1,OTI,5,53,1.7323937598229686
AATTGTATCGTTATGG-1,OTI,0,0,0.0
AATTGTCAGAAAGGTC-1,OTI,3,1502,3.176958980586908
AATTGTCAGAACGAAC-1,C57BL6,0,0,0.0
AATTGTCAGAATGCGG-1,C57BL6,1,9,1.0
AATTGTCAGATCCAAT-1,OTI,0,0,0.0
AATTGTCAGATGGAGT-1,C57BL6,0,0,0.0
AATTGTCAGCAAATGA-1,OTI,1,11,1.0791812460476249
AATTGTCAGCAATTAC-1,OTI,7,138,2.143014800254095
AATTGTCAGCAGTCCG-1,OTI,0,0,0.0
AATTGTGGTAACCCGA-1,OTI,0,0,0.0
AATTGTGGTACAAGGA-1,C57BL6,2,42,1.6334684555795864
AATTGTGGTATGAGCT-1,OTI,4,16,1.2304489213782739
AATTGTGGTCACGTAG-1,OTI,1,23,1.380211241711606
AATTGTGGTCAGTTAA-1,OTI,3,78,1.8976270912904414
AATTGTGGTCTCGGTT-1,OTI,5,333,2.5237464668115646
AATTGTGGTGTTCGAG-1,C57BL6,0,0,0.0
AATTTCCGTAAATGGG-1,OTI,1,9,1.0
AATTTCCGTCCTACGT-1,C57BL6,1,3,0.6020599913279624
AATTTCCGTCGCTTCG-1,OTI,1,105,2.0253058652647704
AATTTCCGTCGTAGAT-1,C57BL6,0,0,0.0
AATTTCCGTGCTAGGC-1,OTI,2,9,1.0
AATTTCCGTGCTCCGC-1,C57BL6,0,0,0.0
AATTTCCGTGGCCTGG-1,OTI,5,97,1.9912260756924949
AATTTCGCACAGTTCG-1,C57BL6,1,44,1.6532125137753437
AATTTCGCACCCTAGA-1,OTI,5,431,2.635483746814912
AATTTCGCACGTTAGT-1,OTI,3,54,1.7403626894942439
AATTTCGCAGTAGCCC-1,OTI,1,6,0.8450980400142568
AATTTGCAGCTCGAGT-1,C57BL6,0,0,0.0
AATTTGCAGGTCAATT-1,C57BL6,1,1,0.3010299956639812
AATTTGGGTAGGGGAT-1,C57BL6,0,0,0.0
AATTTGGGTATGTACA-1,OTI,0,0,0.0
AATTTGGGTCACGTAG-1,OTI,3,452,2.656098202012832
AATTTGGGTCATTCCA-1,OTI,1,4,0.6989700043360189
AATTTGGGTGGAGTAA-1,OTI,2,44,1.6532125137753437
AATTTGGGTGGTCCCC-1,OTI,3,38,1.591064607026499
AATTTGGGTGTGGTCA-1,OTI,4,56,1.7558748556724915
AATTTGGGTGTTAGGT-1,C57BL6,0,0,0.0
ACAACAGCAAAGTAAC-1,OTI,4,53,1.7323937598229686
ACAACAGCAACGAACA-1,OTI,2,89,1.954242509439325
ACAACAGCACCTGCAA-1,OTI,1,112,2.0530784434834195
ACAACAGCACGCATAT-1,C57BL6,1,8,0.9542425094393249
ACAACATTCAACAGGG-1,OTI,0,0,0.0
ACAACATTCAATCGCA-1,OTI,3,96,1.9867717342662448
ACAACATTCACGTCAA-1,C57BL6,1,1,0.3010299956639812
ACAACATTCACTTGTC-1,OTI,1,12,1.1139433523068367
ACAACATTCCAGGTGT-1,C57BL6,0,0,0.0
ACAACATTCGCTTCTG-1,OTI,2,87,1.9444826721501687
ACAACATTCGTTACTC-1,OTI,7,351,2.546542663478131
ACAACCATCACAGGTC-1,OTI,5,15,1.2041199826559248
ACAACCATCCCCTTAG-1,OTI,0,0,0.0
ACAACCATCCCGGCTT-1,OTI,4,21,1.3424226808222062
ACAACCATCCGTTTCG-1,C57BL6,0,0,0.0
ACAACCATCGCCAATA-1,OTI,11,138,2.143014800254095
ACAACCATCGTAGCTA-1,OTI,0,0,0.0
ACAACCATCGTCCTGC-1,OTI,1,22,1.3617278360175928
ACAACCATCGTGAGCT-1,C57BL6,1,15,1.2041199826559248
ACAACCCAGAGTGATA-1,OTI,0,0,0.0
ACAACCCAGGTGGGTA-1,C57BL6,1,10,1.0413926851582251
ACAACCTCAACGCGCT-1,C57BL6,1,1,0.3010299956639812
ACAACCTCACCCTAAG-1,OTI,3,30,1.4913616938342726
ACAACCTCACCTATAA-1,OTI,2,82,1.919078092376074
ACAACCTCAGGGATTA-1,OTI,4,9,1.0
ACAACCTCAGTCCTAG-1,C57BL6,0,0,0.0
ACAACGCTCAAGCAAA-1,OTI,3,53,1.7323937598229686
ACAACGCTCACGCATA-1,OTI,3,132,2.123851640967086
ACAACGCTCACGTAAT-1,OTI,4,178,2.2528530309798933
ACAACGCTCCAAGCTA-1,C57BL6,0,0,0.0
ACAACGCTCCAGCCTC-1,C57BL6,1,6,0.8450980400142568
ACAACGCTCGTCGAAC-1,OTI,2,40,1.6127838567197355
ACAACGGAGAATACAG-1,OTI,4,102,2.012837224705172
ACAACGGAGACTGCGT-1,OTI,0,0,0.0
ACAACGGAGAGTTGGG-1,OTI,1,3,0.6020599913279624
ACAACGGAGATCGATT-1,C57BL6,0,0,0.0
ACAACGGAGCAATTCG-1,OTI,4,145,2.164352855784437
ACAACGGAGCGGCCTA-1,OTI,0,0,0.0
ACAACGGAGCGTAACC-1,OTI,1,11,1.0791812460476249
ACAACGGAGCTACTTC-1,C57BL6,1,1,0.3010299956639812
ACAACGGAGCTATAAC-1,OTI,0,0,0.0
ACAACGGAGGTAGGCA-1,OTI,2,482,2.683947130751512
ACAACGTGTCGGCTGG-1,C57BL6,0,0,0.0
ACAACGTGTCGGTTTC-1,OTI,1,28,1.462397997898956
ACAACGTGTCTGGTCT-1,OTI,3,37,1.5797835966168101
ACAACGTGTGTCGCGG-1,OTI,0,0,0.0
ACAACTGTCACGGGTT-1,OTI,2,16,1.2304489213782739
ACAACTGTCCAGCAGT-1,OTI,0,0,0.0
ACAAGACAGAAACTAG-1,OTI,3,99,2.0
ACAAGACAGAACGCGA-1,OTI,1,3,0.6020599913279624
ACAAGACAGACCTTTC-1,C57BL6,1,13,1.146128035678238
ACAAGACAGACTCCAA-1,OTI,1,2,0.47712125471966244
ACAAGACAGCAATCCA-1,OTI,0,0,0.0
ACAAGACAGCCAGAGA-1,C57BL6,0,0,0.0
ACAAGACAGCTCTGAA-1,OTI,4,63,1.806179973983887
ACAAGAGGTACTTCAT-1,C57BL6,0,0,0.0
ACAAGAGGTAGGTATC-1,OTI,2,6,0.8450980400142568
ACAAGAGGTAGGTTCG-1,OTI,5,163,2.214843848047698
ACAAGAGGTCAACTCC-1,OTI,2,33,1.5314789170422551
ACAAGAGGTCCGCCTA-1,OTI,5,36,1.568201724066995
ACAAGAGGTCGACTCT-1,OTI,1,20,1.3222192947339193
ACAAGAGGTCTGCGCC-1,OTI,0,0,0.0
ACAAGATCAAAAGCAT-1,OTI,9,386,2.5877109650189114
ACAAGATCAAATGCGA-1,C57BL6,3,20,1.3222192947339193
ACAAGATCACATAGAG-1,OTI,4,42,1.6334684555795864
ACAAGATCAGCGAATA-1,OTI,1,15,1.2041199826559248
ACAAGATCAGCGCGAA-1,C57BL6,0,0,0.0
ACAAGATCAGGCAATA-1,OTI,2,22,1.3617278360175928
ACAAGCCTCATGGCAC-1,OTI,2,3,0.6020599913279624
ACAAGCCTCCCCACTA-1,C57BL6,1,2,0.47712125471966244
ACAAGCCTCCCCTTAG-1,OTI,0,0,0.0
ACAAGCCTCGGCTAAC-1,OTI,2,86,1.9395192526186185
ACAAGCGAGCCGTCGA-1,OTI,4,273,2.437750562820388
ACAAGCGAGCGTCAGT-1,C57BL6,2,5,0.7781512503836436
ACAAGCGAGCTGGTCG-1,OTI,0,0,0.0
ACAAGCGAGCTTGTCT-1,OTI,4,67,1.8325089127062364
ACAAGCGAGGCTCAGT-1,OTI,1,1,0.3010299956639812
ACAAGCGAGGGCATGA-1,OTI,3,11,1.0791812460476249
ACAAGCGAGGTCTACA-1,C57BL6,0,0,0.0
ACAAGCTGTACGAAAG-1,C57BL6,1,4,0.6989700043360189
ACAAGCTGTAGGGCGA-1,C57BL6,0,0,0.0
ACAAGCTGTAGGGGAT-1,OTI,1,16,1.2304489213782739
ACAAGCTGTGGCCTGG-1,OTI,4,89,1.954242509439325
ACAAGCTGTGTAAAGG-1,C57BL6,0,0,0.0
ACAAGCTGTGTAACGT-1,OTI,3,30,1.4913616938342726
ACAAGGAGTATCTGTT-1,OTI,9,483,2.6848453616444123
ACAAGGAGTCAGTCTC-1,C57BL6,0,0,0.0
ACAAGGAGTGCTGGGT-1,C57BL6,5,158,2.2013971243204513
ACAAGTAAGAAGTAGC-1,OTI,5,56,1.7558748556724915
ACAAGTAAGAGGGATT-1,OTI,1,20,1.3222192947339193
ACAAGTAAGCTGACAC-1,OTI,3,62,1.7993405494535817
ACAAGTAAGGCTCGAT-1,OTI,2,46,1.6720978579357175
ACAAGTAAGGTCGGAA-1,OTI,0,0,0.0
ACAAGTCGTACCACTC-1,C57BL6,0,0,0.0
ACAAGTCGTCGGTTCT-1,OTI,3,20,1.3222192947339193
ACAAGTCGTGTCGCGG-1,C57BL6,0,0,0.0
ACAAGTCGTGTCGTAG-1,C57BL6,0,0,0.0
ACAATACTCAAACTAC-1,OTI,4,120,2.0827853703164503
ACAATACTCACTCACT-1,OTI,0,0,0.0
ACAATACTCAGGCACT-1,OTI,3,3,0.6020599913279624
ACAATACTCATTGGGC-1,OTI,5,142,2.155336037465062
ACAATACTCCCATGCC-1,C57BL6,6,13,1.146128035678238
ACAATACTCGGACATC-1,OTI,0,0,0.0
ACAATACTCGTACTTC-1,OTI,2,192,2.285557309007774
ACAATAGAGACTATCG-1,OTI,3,37,1.5797835966168101
ACAATAGAGATCCACA-1,C57BL6,0,0,0.0
ACAATAGAGCAGGGAC-1,OTI,7,137,2.1398790864012365
ACAATAGAGCATATCG-1,OTI,0,0,0.0
ACAATCCCAAACCATC-1,OTI,3,200,2.303196057420489
ACAATCCCAACTGGAA-1,OTI,5,182,2.2624510897304293
ACAATCCCAAGAGACC-1,C57BL6,0,0,0.0
ACAATCCCAGTAGGGT-1,OTI,2,218,2.3404441148401185
ACAATCGTCACACACA-1,OTI,7,445,2.649334858712142
ACAATCGTCATGCGGT-1,OTI,0,0,0.0
ACAATCGTCCCAAATG-1,OTI,2,14,1.1760912590556813
ACAATCGTCCCTCTAG-1,C57BL6,0,0,0.0
ACAATCGTCCGCAATA-1,OTI,1,10,1.0413926851582251
ACAATCGTCCTTATGC-1,OTI,1,15,1.2041199826559248
ACAATCGTCGGTGTCG-1,C57BL6,1,11,1.0791812460476249
ACAATGAAGACGAGGC-1,OTI,2,37,1.5797835966168101
ACAATGAAGACGCGTT-1,OTI,2,19,1.3010299956639813
ACAATGAAGATGCATT-1,C57BL6,0,0,0.0
ACAATGAAGATGGGAT-1,C57BL6,0,0,0.0
ACAATGAAGCAACGTC-1,OTI,1,13,1.146128035678238
ACAATGAAGCAGGAGC-1,OTI,6,434,2.6384892569546374
ACAATGAAGCCGTAAC-1,OTI,0,0,0.0
ACAATGAAGCCTTAGA-1,OTI,0,0,0.0
ACAATGAAGCTAATCG-1,OTI,7,99,2.0
ACAATGAAGGTCTACA-1,C57BL6,0,0,0.0
ACAATGGCAAAGGCAC-1,OTI,3,36,1.568201724066995
ACAATGGCAAGGACAC-1,C57BL6,1,1,0.3010299956639812
ACAATGGCACCTACTC-1,C57BL6,0,0,0.0
ACAATGGCACTAGGGG-1,OTI,1,24,1.3979400086720377
ACAATGGCAGTAATCC-1,OTI,6,74,1.8750612633917
ACAATTATCAAGCTTG-1,OTI,1,2,0.47712125471966244
ACAATTATCAGCCAAC-1,OTI,3,39,1.6020599913279623
ACAATTATCCTGTCAT-1,OTI,2,11,1.0791812460476249
ACAATTATCGCTATAG-1,OTI,10,180,2.2576785748691846
ACAATTATCGGGGTAA-1,OTI,2,567,2.754348335711019
ACAATTATCGGTTAAT-1,OTI,3,69,1.845098040014257
ACAATTATCGTGCAGT-1,C57BL6,1,1,0.3010299956639812
ACAATTCAGAAAGCTA-1,OTI,2,9,1.0
ACAATTCAGCGCATAC-1,OTI,3,136,2.1367205671564067
ACAATTCAGCTTAGGC-1,OTI,5,92,1.968482948553935
ACAATTCAGGTCCGAT-1,OTI,2,27,1.4471580313422192
ACAATTGGTAGAGGTA-1,OTI,3,26,1.4313637641589874
ACAATTGGTATGGCGC-1,OTI,4,182,2.2624510897304293
ACAATTGGTCCAACGA-1,OTI,1,3,0.6020599913279624
ACAATTGGTCGTCGGG-1,OTI,1,1,0.3010299956639812
ACAATTGGTCTTGGTC-1,OTI,5,129,2.113943352306837
ACAATTGGTGCCATTC-1,C57BL6,0,0,0.0
ACAATTGGTGTAATTG-1,C57BL6,3,12,1.1139433523068367
ACAATTGGTGTGAAAG-1,C57BL6,0,0,0.0
ACAATTTCAACAACCT-1,OTI,0,0,0.0
ACAATTTCAACCCACA-1,OTI,3,146,2.167317334748176
ACAATTTCAAGCTTTA-1,OTI,1,6,0.8450980400142568
ACAATTTCAAGGAATT-1,OTI,3,26,1.4313637641589874
ACAATTTCACCGGACT-1,OTI,2,14,1.1760912590556813
ACAATTTCACTAAAGG-1,OTI,3,37,1.5797835966168101
ACAATTTCACTACATA-1,OTI,0,0,0.0
ACAATTTCACTTGACG-1,OTI,5,44,1.6532125137753437
ACACAAGCAAAATTTC-1,OTI,1,4,0.6989700043360189
ACACAAGCAACCCGAC-1,OTI,4,204,2.311753861055754
ACACAAGCACATAATT-1,OTI,11,438,2.6424645202421213
ACACAAGCACCACTCT-1,C57BL6,0,0,0.0
ACACAAGCACCAGACC-1,C57BL6,0,0,0.0
ACACAAGCAGCGGTCT-1,C57BL6,0,0,0.0
ACACAATTCCCTAGTT-1,OTI,0,0,0.0
ACACAATTCGCACCTC-1,C57BL6,4,42,1.6334684555795864
ACACAATTCGCGGATT-1,OTI,0,0,0.0
ACACAATTCGTGCTCC-1,OTI,0,0,0.0
ACACACATCACATTCC-1,C57BL6,0,0,0.0
ACACACATCCCTGCAC-1,OTI,5,24,1.3979400086720377
ACACACATCCGCTACC-1,OTI,2,63,1.806179973983887
ACACACATCGGGCTCA-1,C57BL6,0,0,0.0
ACACACATCGTGGGTT-1,OTI,0,0,0.0
ACACAGACAATCCGCA-1,OTI,4,107,2.03342375548695
ACACAGACACATCGCA-1,OTI,0,0,0.0
ACACAGACACGTGCTA-1,OTI,0,0,0.0
ACACAGACAGCATAGA-1,OTI,3,53,1.7323937598229686
ACACAGACAGTATCAC-1,C57BL6,1,11,1.0791812460476249
ACACATGTCAAACTTA-1,C57BL6,0,0,0.0
ACACATGTCAAGGCTC-1,C57BL6,2,2,0.47712125471966244
ACACATGTCACTAACG-1,C57BL6,0,0,0.0
ACACATGTCCAACAGC-1,OTI,1,3,0.6020599913279624
ACACATGTCCTAACTC-1,OTI,0,0,0.0
ACACATGTCGCCCTTA-1,C57BL6,0,0,0.0
ACACATGTCGGCTTCC-1,OTI,2,7,0.9030899869919435
ACACATGTCGGTTATG-1,C57BL6,1,6,0.8450980400142568
ACACATTAGAGGGACC-1,OTI,1,3,0.6020599913279624
ACACATTAGCCTACGG-1,OTI,6,212,2.3283796034387376
ACACATTAGCGAACAG-1,C57BL6,3,30,1.4913616938342726
ACACATTAGCTAGTAT-1,C57BL6,3,21,1.3424226808222062
ACACATTAGGGCATGA-1,C57BL6,0,0,0.0
ACACATTAGGTCAATT-1,OTI,2,43,1.6434526764861874
ACACCCACAAGCATAG-1,C57BL6,2,36,1.568201724066995
ACACCCACAAGGATCA-1,OTI,2,84,1.9294189257142926
ACACCCACACCTATAA-1,C57BL6,0,0,0.0
ACACCCACACGAAGGT-1,OTI,7,187,2.27415784926368
ACACCCACAGTACGAA-1,OTI,2,72,1.863322860120456
ACACCCGAGATGGGCA-1,OTI,0,0,0.0
ACACCCGAGATTCGTG-1,C57BL6,0,0,0.0
ACACCCGAGCACCGCA-1,OTI,6,114,2.060697840353612
ACACCCGAGCGCGATT-1,C57BL6,1,4,0.6989700043360189
ACACCCGAGCGTTACA-1,OTI,3,209,2.322219294733919
ACACCCGAGCTCGTTT-1,OTI,0,0,0.0
ACACCCTGTACGCGCG-1,C57BL6,0,0,0.0
ACACCCTGTAGTGTTA-1,C57BL6,0,0,0.0
ACACCCTGTCACGGGT-1,C57BL6,1,4,0.6989700043360189
ACACCCTGTCCTTAGC-1,OTI,7,387,2.5888317255942073
ACACCCTGTCGGGTTA-1,C57BL6,0,0,0.0
ACACCCTGTCTACTGC-1,OTI,1,5,0.7781512503836436
ACACCCTGTGCGCTGG-1,OTI,2,25,1.414973347970818
ACACCCTGTGGTGTGC-1,OTI,4,155,2.1931245983544616
ACACCCTGTGTCGGCG-1,OTI,8,759,2.8808135922807914
ACACCGTAGCACTCCC-1,OTI,1,11,1.0791812460476249
ACACCGTAGCCGCTGA-1,C57BL6,0,0,0.0
ACACCGTAGCTACGCG-1,OTI,4,1087,3.036628895362161
ACACCGTAGCTGAATT-1,OTI,0,0,0.0
ACACCTTTCAACATTA-1,C57BL6,0,0,0.0
ACACCTTTCATAGTAC-1,OTI,4,293,2.4683473304121573
ACACCTTTCGCGTGCA-1,OTI,2,7,0.9030899869919435
ACACGAACAACCAGAA-1,C57BL6,1,1,0.3010299956639812
ACACGAACAACGCAGG-1,OTI,7,734,2.8662873390841948
ACACGAACAATTCTAG-1,OTI,6,81,1.9138138523837167
ACACGAACAGCGCTTA-1,OTI,0,0,0.0
ACACGAACAGGAGCCA-1,C57BL6,0,0,0.0
ACACGAACAGTTGCGC-1,C57BL6,0,0,0.0
ACACGCCCACCCAAGC-1,C57BL6,0,0,0.0
ACACGCCCACGCTTTC-1,OTI,0,0,0.0
ACACGCCCAGTCCTCT-1,OTI,5,176,2.247973266361807
ACACGGAAGACGATGG-1,OTI,3,24,1.3979400086720377
ACACGGAAGACTGATT-1,C57BL6,1,3,0.6020599913279624
ACACGGAAGATGAGGT-1,OTI,5,52,1.724275869600789
ACACGGAAGGCTGGAA-1,OTI,4,66,1.8260748027008264
ACACGGAAGGTCCCGA-1,OTI,5,140,2.1492191126553797
ACACGGGCAAACGGCG-1,OTI,2,67,1.8325089127062364
ACACGGGCACGAATCT-1,OTI,0,0,0.0
ACACGGGCAGGGTTAA-1,OTI,1,8,0.9542425094393249
ACACGGTTCCCGTGTC-1,OTI,10,308,2.4899584794248346
ACACGGTTCGTAGTTG-1,OTI,2,331,2.5211380837040362
ACACGTATCCCAATAG-1,OTI,2,56,1.7558748556724915
ACACGTATCCCACTTG-1,OTI,2,14,1.1760912590556813
ACACGTATCCGCTCTA-1,C57BL6,0,0,0.0
ACACGTATCCGGTAAC-1,OTI,3,28,1.462397997898956
ACACGTATCCTCCTCT-1,OTI,0,0,0.0
ACACGTATCGCAGTGT-1,OTI,1,5,0.7781512503836436
ACACGTATCGGTATTG-1,OTI,16,311,2.494154594018443
ACACGTATCGGTTCCC-1,OTI,3,34,1.5440680443502757
ACACTACCAAATTCGC-1,OTI,4,280,2.44870631990508
ACACTACCAATAACCC-1,OTI,1,62,1.7993405494535817
ACACTACCACAATGCT-1,OTI,2,16,1.2304489213782739
ACACTACCACCTAATA-1,OTI,0,0,0.0
ACACTACCAGCTCAAT-1,OTI,2,43,1.6434526764861874
ACACTACCAGGGAGAA-1,OTI,2,315,2.499687082618404
ACACTCCGTACGGTGC-1,OTI,4,23,1.380211241711606
ACACTCCGTACTATAG-1,OTI,3,182,2.2624510897304293
ACACTCCGTAGCGGAG-1,OTI,3,101,2.0086001717619175
ACACTCCGTAGGACGG-1,C57BL6,6,9,1.0
ACACTCCGTCGGGGTT-1,C57BL6,0,0,0.0
ACACTCCGTCGTGGTA-1,OTI,1,6,0.8450980400142568
ACACTCCGTCTAATTC-1,C57BL6,3,252,2.403120521175818
ACACTCCGTGGTACTG-1,OTI,0,0,0.0
ACACTCCGTGTGCGTA-1,OTI,1,7,0.9030899869919435
ACACTCGCAACAAGAT-1,OTI,5,108,2.037426497940624
ACACTCGCAACAATGG-1,OTI,2,134,2.130333768495006
ACACTCGCAACTCGGC-1,OTI,4,98,1.99563519459755
ACACTCGCACATTCGG-1,OTI,7,376,2.576341350205793
ACACTCGCAGTCCACA-1,OTI,4,40,1.6127838567197355
ACACTTACAACTGCGC-1,OTI,1,7,0.9030899869919435
ACACTTACAATGGCGG-1,C57BL6,0,0,0.0
ACACTTACACCAGATT-1,OTI,6,10,1.0413926851582251
ACACTTACACGCTTTC-1,OTI,12,598,2.7774268223893115
ACACTTACACTGCTCT-1,OTI,1,81,1.9138138523837167
ACACTTACAGGGCTTC-1,OTI,3,254,2.406540180433955
ACACTTCTCAACACGC-1,C57BL6,3,14,1.1760912590556813
ACACTTCTCATGGTGC-1,OTI,2,10,1.0413926851582251
ACACTTCTCCGAATGC-1,C57BL6,0,0,0.0
ACACTTCTCCTGGTCC-1,C57BL6,1,1,0.3010299956639812
ACACTTCTCGGTCCCT-1,OTI,3,107,2.03342375548695
ACAGAACAGCAAGTAA-1,OTI,2,18,1.2787536009528289
ACAGAACAGCACCAAC-1,OTI,2,79,1.9030899869919435
ACAGAACAGCAGTATT-1,C57BL6,0,0,0.0
ACAGAACAGCCAAACC-1,C57BL6,0,0,0.0
ACAGAACAGGTTGCCG-1,OTI,1,33,1.5314789170422551
ACAGAAGGTAAATGGG-1,OTI,5,68,1.8388490907372552
ACAGAAGGTATCATTC-1,OTI,8,337,2.5289167002776547
ACAGAAGGTCAGCCTT-1,OTI,0,0,0.0
ACAGAAGGTCCAAGAT-1,OTI,2,9,1.0
ACAGAAGGTCCGCATT-1,C57BL6,0,0,0.0
ACAGAAGGTCTTATGT-1,OTI,1,48,1.6901960800285136
ACAGAAGGTGGGGAAT-1,OTI,5,234,2.3710678622717363
ACAGAAGGTGGGGTAG-1,OTI,10,133,2.1271047983648077
ACAGAAGGTGTAAGCT-1,C57BL6,0,0,0.0
ACAGAATCAAACCAGA-1,OTI,6,90,1.9590413923210936
ACAGAATCAAGGGTTA-1,OTI,1,1,0.3010299956639812
ACAGAATCAAGTCCGC-1,OTI,0,0,0.0
ACAGAATCAATGAATA-1,C57BL6,2,5,0.7781512503836436
ACAGAATCACCACCAA-1,OTI,7,515,2.7126497016272113
ACAGAATCACCCAAAT-1,OTI,6,121,2.0863598306747484
ACAGAATCAGCATCGC-1,OTI,4,116,2.0681858617461617
ACAGAATCAGCTAAGA-1,OTI,8,258,2.413299764081252
ACAGAATCAGGAACTA-1,OTI,3,130,2.1172712956557644
ACAGAATCAGGTAAAT-1,C57BL6,0,0,0.0
ACAGACACAAAACGGC-1,OTI,2,46,1.6720978579357175
ACAGACACAAACACTC-1,OTI,2,8,0.9542425094393249
ACAGACACAAGTCATC-1,OTI,4,24,1.3979400086720377
ACAGACCTCCATTCTA-1,C57BL6,0,0,0.0
ACAGACCTCCTACATC-1,C57BL6,0,0,0.0
ACAGACCTCCTACTTA-1,OTI,6,154,2.1903316981702914
ACAGACCTCGTCTCTG-1,C57BL6,1,4,0.6989700043360189
ACAGACGAGACTGCCG-1,OTI,4,139,2.146128035678238
ACAGACGAGCATGCAC-1,OTI,3,9,1.0
ACAGACGAGCCATAGC-1,C57BL6,0,0,0.0
ACAGACGAGCGCGATT-1,OTI,1,40,1.6127838567197355
ACAGACGAGCGTTGCG-1,OTI,3,113,2.0569048513364727
ACAGACGAGCGTTGGT-1,OTI,2,22,1.3617278360175928
ACAGACGAGGCCATGT-1,C57BL6,0,0,0.0
ACAGAGCCAAACCCAT-1,OTI,2,61,1.792391689498254
ACAGAGCCAAATCACC-1,C57BL6,1,3,0.6020599913279624
ACAGAGCCAACGCCAC-1,C57BL6,5,339,2.531478917042255
ACAGAGCCACCTCAGA-1,OTI,1,5,0.7781512503836436
ACAGAGCCACGTGCTA-1,OTI,3,23,1.380211241711606
ACAGAGCCACTAAAGG-1,OTI,0,0,0.0
ACAGAGCCACTACGCA-1,C57BL6,0,0,0.0
ACAGAGCCAGCTACAT-1,OTI,3,91,1.9637878273455553
ACAGAGCCAGGCTACC-1,OTI,2,33,1.5314789170422551
ACAGAGCCAGTAAGAT-1,OTI,1,10,1.0413926851582251
ACAGATTTCAAACTTA-1,OTI,5,52,1.724275869600789
ACAGATTTCACCCTGC-1,OTI,4,41,1.6232492903979006
ACAGATTTCATACGCA-1,OTI,1,2,0.47712125471966244
ACAGATTTCCGGAATC-1,OTI,6,85,1.9344984512435677
ACAGATTTCGCGGCTA-1,C57BL6,0,0,0.0
ACAGCACTCCGAATGC-1,C57BL6,0,0,0.0
ACAGCACTCCTCGGCT-1,C57BL6,0,0,0.0
ACAGCACTCGGACACT-1,OTI,3,9,1.0
ACAGCAGAGAAGCCGA-1,OTI,1,28,1.462397997898956
ACAGCAGAGACTCCAA-1,OTI,0,0,0.0
ACAGCAGAGACTCGAC-1,C57BL6,0,0,0.0
ACAGCAGAGCAAAGCG-1,OTI,2,8,0.9542425094393249
ACAGCAGAGCAAGGCA-1,C57BL6,1,4,0.6989700043360189
ACAGCAGAGCATCACA-1,OTI,5,72,1.863322860120456
ACAGCATGTAGCCCTT-1,OTI,5,188,2.2764618041732443
ACAGCATGTCAGGGTC-1,C57BL6,0,0,0.0
ACAGCCCCAAAAGTTA-1,OTI,1,10,1.0413926851582251
ACAGCCCCAAACGCGG-1,C57BL6,2,2,0.47712125471966244
ACAGCCCCAACCTCTC-1,OTI,8,61,1.792391689498254
ACAGCCCCACAATACC-1,C57BL6,3,30,1.4913616938342726
ACAGCCCCACCTACTC-1,C57BL6,2,24,1.3979400086720377
ACAGCCCCACGCTGAC-1,OTI,3,34,1.5440680443502757
ACAGCCCCACTACTTT-1,OTI,0,0,0.0
ACAGCCCCAGCGATAA-1,OTI,4,188,2.2764618041732443
ACAGCCCCAGGATGGT-1,OTI,4,159,2.2041199826559246
ACAGCCTAGAGCATGG-1,C57BL6,0,0,0.0
ACAGCCTAGCAAGAGT-1,OTI,3,63,1.806179973983887
ACAGCCTAGCGACAAG-1,C57BL6,0,0,0.0
ACAGCGAAGAACGGAT-1,OTI,2,9,1.0
ACAGCGAAGACCCCAG-1,OTI,0,0,0.0
ACAGCGAAGCGTGGAA-1,OTI,0,0,0.0
ACAGCGAAGGGAAGCC-1,OTI,2,27,1.4471580313422192
ACAGCGAAGGGCATGA-1,OTI,0,0,0.0
ACAGCGCGTAAGTCTA-1,OTI,6,87,1.9444826721501687
ACAGCGCGTACATTTC-1,OTI,0,0,0.0
ACAGCGCGTCGAGGGA-1,C57BL6,0,0,0.0
ACAGCGGCAACCATCG-1,OTI,10,502,2.7015679850559273
ACAGCGGCAACGGGAT-1,OTI,2,45,1.662757831681574
ACAGCGGCAACTTAAT-1,C57BL6,1,2,0.47712125471966244
ACAGCGGCACACTCGA-1,OTI,0,0,0.0
ACAGCGGCACGGTCGT-1,OTI,4,394,2.59659709562646
ACAGCGGCACTTAAGC-1,OTI,0,0,0.0
ACAGCGTTCACGCTAA-1,OTI,2,74,1.8750612633917
ACAGCGTTCCGCAGCA-1,OTI,11,322,2.509202522331103
ACAGCGTTCGGCAACT-1,OTI,1,469,2.6720978579357175
ACAGCGTTCGTTACCT-1,OTI,6,301,2.4800069429571505
ACAGCTATCACACGTA-1,C57BL6,1,7,0.9030899869919435
ACAGCTATCACTTACC-1,OTI,3,114,2.060697840353612
ACAGCTATCACTTTCA-1,OTI,2,10,1.0413926851582251
ACAGCTATCCGTCTAT-1,C57BL6,0,0,0.0
ACAGCTATCCTGGTAA-1,OTI,0,0,0.0
ACAGCTATCGGAGTCT-1,C57BL6,2,12,1.1139433523068367
ACAGCTATCGTCCCTA-1,C57BL6,0,0,0.0
ACAGCTATCGTGACTA-1,OTI,0,0,0.0
ACAGGACCAAAGGACC-1,C57BL6,0,0,0.0
ACAGGACCACACGTCA-1,C57BL6,0,0,0.0
ACAGGACCACTCATTT-1,OTI,0,0,0.0
ACAGGACCACTGTACG-1,OTI,1,663,2.8221680793680175
ACAGGATAGAACGAAC-1,OTI,3,50,1.7075701760979363
ACAGGATAGCAAAGGT-1,OTI,2,503,2.7024305364455254
ACAGGATAGCCACTAA-1,OTI,0,0,0.0
ACAGGATAGCCTGTGG-1,OTI,0,0,0.0
ACAGGATAGCGGGGAT-1,OTI,2,17,1.255272505103306
ACAGGATAGGTAGCAG-1,OTI,1,14,1.1760912590556813
ACAGGCCGTACCACTC-1,OTI,7,180,2.2576785748691846
ACAGGCCGTCAGGTGC-1,OTI,5,179,2.255272505103306
ACAGGCCGTGGGTATT-1,C57BL6,0,0,0.0
ACAGGCCGTGTGCCTT-1,OTI,0,0,0.0
ACAGGCCGTGTGCGCG-1,OTI,9,940,2.973589623427257
ACAGGCTTCAAGCGTC-1,OTI,2,29,1.4771212547196624
ACAGGCTTCCAGCTAA-1,OTI,3,70,1.8512583487190752
ACAGGCTTCCCGTGTC-1,C57BL6,1,6,0.8450980400142568
ACAGGCTTCCGTTTAC-1,C57BL6,0,0,0.0
ACAGGCTTCGCTTTAC-1,OTI,2,359,2.5563025007672873
ACAGGCTTCGTATACG-1,C57BL6,0,0,0.0
ACAGGCTTCGTCTTAC-1,C57BL6,0,0,0.0
ACAGGCTTCGTGAGCT-1,OTI,3,91,1.9637878273455553
ACAGGCTTCGTTACCT-1,OTI,0,0,0.0
ACAGGGTCAAATATCT-1,OTI,1,41,1.6232492903979006
ACAGGGTCAATGATCC-1,C57BL6,4,9,1.0
ACAGGGTCACTGACGC-1,OTI,8,332,2.5224442335063197
ACAGGGTCACTGGCAC-1,OTI,4,4,0.6989700043360189
ACAGGTCTCAAATGTC-1,OTI,4,37,1.5797835966168101
ACAGGTCTCAGACACC-1,C57BL6,0,0,0.0
ACAGGTCTCATATTAG-1,C57BL6,0,0,0.0
ACAGGTCTCATCGGCG-1,OTI,2,12,1.1139433523068367
ACAGGTCTCCTGGGTG-1,OTI,1,60,1.7853298350107671
ACAGGTCTCGCCTTGC-1,OTI,5,16,1.2304489213782739
ACAGGTCTCGCGAGTT-1,C57BL6,0,0,0.0
ACAGGTTGTAGACGGG-1,OTI,3,124,2.0969100130080562
ACAGGTTGTAGGTTCG-1,C57BL6,0,0,0.0
ACAGGTTGTCTATGTT-1,OTI,2,72,1.863322860120456
ACAGGTTGTGGCAAGG-1,OTI,0,0,0.0
ACAGTCTCAATAATTC-1,OTI,4,125,2.100370545117563
ACAGTCTCAATTACCA-1,C57BL6,1,5,0.7781512503836436
ACAGTCTCACAGTGGG-1,OTI,4,207,2.3180633349627615
ACAGTCTCACCCAAAT-1,OTI,6,102,2.012837224705172
ACAGTCTCACGAACGG-1,OTI,6,31,1.505149978319906
ACAGTCTCAGCAAGAC-1,OTI,3,11,1.0791812460476249
ACAGTCTCAGGGACAT-1,OTI,11,107,2.03342375548695
ACAGTTAGTCCTACGT-1,OTI,1,29,1.4771212547196624
ACAGTTAGTGCCATTC-1,OTI,3,165,2.220108088040055
ACAGTTAGTGCCTTTA-1,OTI,5,84,1.9294189257142926
ACAGTTAGTGTCCCTG-1,C57BL6,0,0,0.0
ACAGTTGTCAATTATG-1,OTI,0,0,0.0
ACAGTTGTCACGAGCT-1,C57BL6,0,0,0.0
ACAGTTGTCACTGGCG-1,OTI,4,48,1.6901960800285136
ACAGTTGTCCGGTGCA-1,OTI,3,197,2.296665190261531
ACAGTTGTCCTCCGGT-1,OTI,0,0,0.0
ACAGTTGTCCTTCTAA-1,OTI,2,13,1.146128035678238
ACAGTTGTCGGCCTCT-1,OTI,0,0,0.0
ACAGTTGTCGGTGTTA-1,OTI,0,0,0.0
ACAGTTGTCGTCAATG-1,OTI,6,409,2.6127838567197355
ACAGTTTAGGCGTGAA-1,C57BL6,0,0,0.0
ACATAACTCAAAGGGT-1,C57BL6,1,9,1.0
ACATAACTCAAAGGTA-1,C57BL6,0,0,0.0
ACATAACTCCGAATGC-1,C57BL6,2,14,1.1760912590556813
ACATAACTCCGCTCTA-1,OTI,1,7,0.9030899869919435
ACATAAGAGAAGCATA-1,OTI,1,142,2.155336037465062
ACATAAGAGATGGGAT-1,C57BL6,0,0,0.0
ACATAAGAGCAATACT-1,C57BL6,2,50,1.7075701760979363
ACATAAGAGCTGTACA-1,OTI,0,0,0.0
ACATAAGAGGCTTCGG-1,OTI,1,4,0.6989700043360189
ACATAAGAGGTTAATC-1,OTI,3,69,1.845098040014257
ACATACCCAACAGTCT-1,C57BL6,0,0,0.0
ACATACCCACAACGCC-1,OTI,7,220,2.3443922736851106
ACATACCCACGTTCGA-1,OTI,6,295,2.4712917110589387
ACATACCCACTCGCAA-1,OTI,5,26,1.4313637641589874
ACATACCCACTGCACA-1,C57BL6,0,0,0.0
ACATACCCAGGTATTC-1,C57BL6,0,0,0.0
ACATACCCAGTATTCA-1,C57BL6,1,17,1.255272505103306
ACATACCCAGTCTTAA-1,OTI,4,125,2.100370545117563
ACATACGTCACTCGCC-1,OTI,1,3,0.6020599913279624
ACATACGTCCAATTCC-1,OTI,1,41,1.6232492903979006
ACATACGTCCCAACTT-1,OTI,2,60,1.7853298350107671
ACATACGTCCCGCTTA-1,OTI,5,171,2.2355284469075487
ACATACGTCGCTTCCA-1,OTI,0,0,0.0
ACATACGTCGGAGTCT-1,OTI,1,45,1.662757831681574
ACATACGTCGTGCTCC-1,C57BL6,1,5,0.7781512503836436
ACATAGAAGAAACGTA-1,C57BL6,0,0,0.0
ACATAGAAGACAAGAC-1,OTI,4,57,1.7634279935629373
ACATAGAAGAGGTACG-1,C57BL6,1,5,0.7781512503836436
ACATAGAAGATCACAT-1,OTI,3,46,1.6720978579357175
ACATAGAAGATCGCGT-1,C57BL6,0,0,0.0
ACATAGAAGCCTATGA-1,OTI,7,146,2.167317334748176
ACATAGAAGGCTAGAG-1,C57BL6,0,0,0.0
ACATAGAAGGTACGTC-1,OTI,8,179,2.255272505103306
ACATAGCGTGCTCCGC-1,OTI,3,17,1.255272505103306
ACATAGCGTGCTTGGA-1,OTI,3,270,2.432969290874406
ACATAGCGTGTAGCGC-1,C57BL6,6,173,2.2405492482826
ACATAGCGTGTCGTCT-1,OTI,1,29,1.4771212547196624
ACATAGCGTGTGGGCT-1,C57BL6,0,0,0.0
ACATAGGCAAATCACC-1,OTI,0,0,0.0
ACATAGGCAACAGCGG-1,OTI,2,117,2.0718820073061255
ACATAGGCACAGCGGA-1,C57BL6,0,0,0.0
ACATAGGCACATCATA-1,OTI,1,43,1.6434526764861874
ACATAGGCACTACTTT-1,OTI,3,114,2.060697840353612
ACATAGGCACTCCTTA-1,C57BL6,1,1,0.3010299956639812
ACATAGGCAGCTTACG-1,OTI,0,0,0.0
ACATATATCCAAATGT-1,OTI,3,225,2.3541084391474008
ACATATATCCAAATTA-1,OTI,5,65,1.8195439355418688
ACATATATCCCCACTA-1,OTI,4,19,1.3010299956639813
ACATATATCGGGCTCA-1,OTI,0,0,0.0
ACATATATCGGTACGT-1,OTI,3,58,1.7708520116421442
ACATATCAGACATTCG-1,OTI,0,0,0.0
ACATATCAGAGTAAGC-1,OTI,4,1558,3.192846115188842
ACATATCAGATCCAAT-1,OTI,0,0,0.0
ACATATCAGCCATTAG-1,OTI,0,0,0.0
ACATATCAGCGAGTCT-1,C57BL6,0,0,0.0
ACATATCAGCGTAATT-1,C57BL6,0,0,0.0
ACATATCAGGCGATAG-1,OTI,1,5,0.7781512503836436
ACATATCAGGGCTAAG-1,OTI,5,136,2.1367205671564067
ACATATCAGGTGGGTA-1,OTI,0,0,0.0
ACATATGGTATATCCT-1,OTI,0,0,0.0
ACATATGGTATATTCC-1,OTI,2,390,2.5921767573958667
ACATATGGTCATAAGC-1,OTI,2,11,1.0791812460476249
ACATATGGTCCAGCCC-1,OTI,0,0,0.0
ACATATGGTCCGTTTA-1,OTI,0,0,0.0
ACATATGGTCGTTGCT-1,OTI,1,9,1.0
ACATATGGTGCTTCCG-1,OTI,4,232,2.367355921026019
ACATATTCACACACGC-1,C57BL6,2,23,1.380211241711606
ACATATTCACCGCAGT-1,OTI,4,45,1.662757831681574
ACATATTCACCTACTC-1,OTI,2,5,0.7781512503836436
ACATATTCACGGGGTA-1,OTI,1,10,1.0413926851582251
ACATATTCACTCGTTC-1,OTI,6,43,1.6434526764861874
ACATATTCAGGACAAC-1,OTI,0,0,0.0
ACATATTCAGTGGGAT-1,C57BL6,0,0,0.0
ACATCACCAAACATGG-1,C57BL6,1,2,0.47712125471966244
ACATCACCAAATCGGA-1,OTI,3,37,1.5797835966168101
ACATCACCACATATCA-1,OTI,9,121,2.0863598306747484
ACATCACCACCGACAC-1,OTI,5,25,1.414973347970818
ACATCACCACTAGCAT-1,OTI,6,169,2.230448921378274
ACATCACCACTCCGAA-1,OTI,1,1,0.3010299956639812
ACATCACCAGTGCATT-1,C57BL6,2,50,1.7075701760979363
ACATCAGTCAGGGGTA-1,C57BL6,1,1,0.3010299956639812
ACATCAGTCATATCCC-1,OTI,3,191,2.2833012287035497
ACATCAGTCATGGCTA-1,C57BL6,0,0,0.0
ACATCAGTCCCATTAC-1,OTI,1,17,1.255272505103306
ACATCAGTCCGGGATT-1,OTI,2,15,1.2041199826559248
ACATCAGTCCTCTAGT-1,OTI,4,200,2.303196057420489
ACATCAGTCGGCCATG-1,OTI,3,33,1.5314789170422551
ACATCAGTCGTCCCTA-1,OTI,1,54,1.7403626894942439
ACATCATAGAGCCCCA-1,OTI,1,19,1.3010299956639813
ACATCATAGCAAGCGA-1,OTI,1,3,0.6020599913279624
ACATCATAGCCATACA-1,OTI,2,21,1.3424226808222062
ACATCATAGCCTCTTG-1,C57BL6,2,14,1.1760912590556813
ACATCATAGCGGGGAT-1,OTI,2,35,1.5563025007672873
ACATCATAGGCGGAGT-1,OTI,0,0,0.0
ACATCCAAGAAGTAGC-1,OTI,2,8,0.9542425094393249
ACATCCAAGAGTGGCA-1,OTI,1,18,1.2787536009528289
ACATCCAAGATCCACA-1,OTI,0,0,0.0
ACATCCAAGCCATGCG-1,OTI,4,192,2.285557309007774
ACATCCAAGCTAGCTA-1,OTI,3,103,2.0170333392987803
ACATCCAAGCTGATTG-1,C57BL6,0,0,0.0
ACATCCAAGGTGCTGT-1,C57BL6,0,0,0.0
ACATCCCGTAAGGCCC-1,OTI,7,110,2.0453229787866576
ACATCCCGTATGCTGG-1,OTI,3,51,1.7160033436347992
ACATCCCGTCATTATC-1,C57BL6,1,2,0.47712125471966244
ACATCCCGTGCGTATG-1,C57BL6,0,0,0.0
ACATCCCGTGCTAGTG-1,OTI,3,30,1.4913616938342726
ACATCCCGTGGCTTCT-1,OTI,2,168,2.2278867046136734
ACATCCCGTGGGTTAT-1,C57BL6,1,19,1.3010299956639813
ACATCCGCAAATTAAG-1,C57BL6,0,0,0.0
ACATCCGCAATCCGGC-1,OTI,6,15,1.2041199826559248
ACATCCGCAATGGGCG-1,OTI,1,1,0.3010299956639812
ACATCCGCAATTGTAT-1,OTI,2,44,1.6532125137753437
ACATCCGCAGCACGGA-1,C57BL6,0,0,0.0
ACATCTCTCACGGGTT-1,C57BL6,2,9,1.0
ACATCTCTCAGTACTG-1,C57BL6,0,0,0.0
ACATCTCTCAGTATTA-1,OTI,9,708,2.8506462351830666
ACATCTCTCATAGTCG-1,OTI,2,25,1.414973347970818
ACATCTCTCCTTAATT-1,OTI,1,12,1.1139433523068367
ACATCTCTCGCGGCTA-1,OTI,2,26,1.4313637641589874
ACATCTCTCGTCTTCG-1,OTI,0,0,0.0
ACATCTCTCGTGCGCA-1,OTI,4,153,2.187520720836463
ACATCTTGTCACATGG-1,OTI,2,8,0.9542425094393249
ACATCTTGTCATCTAT-1,OTI,6,156,2.1958996524092336
ACATCTTGTCTACGCT-1,C57BL6,0,0,0.0
ACATCTTGTGTGTGAT-1,OTI,7,273,2.437750562820388
ACATGAAAGAACGTAA-1,OTI,3,84,1.9294189257142926
ACATGAAAGAAGGCTG-1,OTI,0,0,0.0
ACATGAAAGACAGAAC-1,C57BL6,0,0,0.0
ACATGAAAGATGGGTG-1,OTI,1,311,2.494154594018443
ACATGAAAGCTATAAC-1,OTI,0,0,0.0
ACATGAAAGCTCTCCA-1,OTI,1,23,1.380211241711606
ACATGCCAGAGTATAG-1,OTI,3,24,1.3979400086720377
ACATGCCAGATCCCAA-1,C57BL6,0,0,0.0
ACATGCCAGCAATATC-1,C57BL6,1,83,1.9242792860618816
ACATGCCAGCGAAGAT-1,C57BL6,0,0,0.0
ACATGCCAGGCCTGCA-1,OTI,4,55,1.7481880270062005
ACATGCCAGGTCGAGA-1,C57BL6,0,0,0.0
ACATGCTCAAATTGAA-1,OTI,4,56,1.7558748556724915
ACATGCTCAAGGTTAG-1,C57BL6,1,4,0.6989700043360189
ACATGCTCACTAACTA-1,C57BL6,0,0,0.0
ACATGCTCAGGACCTC-1,OTI,1,68,1.8388490907372552
ACATGGACAAACATGG-1,C57BL6,2,14,1.1760912590556813
ACATGGACAACGAAGC-1,OTI,3,78,1.8976270912904414
ACATGGGAGAACTCAT-1,OTI,2,54,1.7403626894942439
ACATGGGAGAGGCGTA-1,OTI,0,0,0.0
ACATGGGAGATAATCC-1,OTI,3,200,2.303196057420489
ACATGGGAGCAATACT-1,OTI,1,21,1.3424226808222062
ACATGGGAGCCCATGG-1,OTI,3,50,1.7075701760979363
ACATGGGAGCGAATTT-1,OTI,3,36,1.568201724066995
ACATGGGAGCGCATCG-1,OTI,0,0,0.0
ACATGGGAGCTGTAAT-1,C57BL6,0,0,0.0
ACATGGGAGGTAAGCG-1,C57BL6,1,12,1.1139433523068367
ACATGGGAGGTCCAGT-1,C57BL6,2,5,0.7781512503836436
ACATGGGAGGTCCTAA-1,OTI,0,0,0.0
ACATGTCCAACACAAG-1,OTI,3,91,1.9637878273455553
ACATGTCCAACTTCAA-1,OTI,4,15,1.2041199826559248
ACATGTCCAAGGGTCG-1,OTI,4,55,1.7481880270062005
ACATGTCCACAACTCG-1,OTI,1,2,0.47712125471966244
ACATGTCCACAGTAAG-1,OTI,3,9,1.0
ACATGTCCACTAGGCC-1,OTI,2,262,2.419955748489758
ACATGTCCACTGCAAT-1,OTI,6,77,1.8920946026904804
ACATGTCCAGGGTATA-1,OTI,3,182,2.2624510897304293
ACATGTGTCAAAGCCC-1,C57BL6,0,0,0.0
ACATGTGTCAGACACC-1,OTI,2,73,1.8692317197309762
ACATGTGTCCCCAATT-1,OTI,1,4,0.6989700043360189
ACATGTGTCCTAACTC-1,OTI,1,2,0.47712125471966244
ACATGTGTCCTGATTC-1,C57BL6,0,0,0.0
ACATGTGTCGGTTACA-1,C57BL6,3,11,1.0791812460476249
ACATGTGTCGGTTATG-1,OTI,2,23,1.380211241711606
ACATGTGTCGTGCGCA-1,OTI,1,7,0.9030899869919435
ACATGTTAGACATAGA-1,OTI,2,41,1.6232492903979006
ACATGTTAGATACAAG-1,C57BL6,0,0,0.0
ACATGTTAGCGTCATA-1,OTI,1,19,1.3010299956639813
ACATGTTAGGTCTCCC-1,OTI,4,123,2.093421685162235
ACATTAATCAAAGCCC-1,OTI,2,64,1.8129133566428555
ACATTAATCACCCGCT-1,OTI,3,161,2.2095150145426308
ACATTAATCATGCAGC-1,C57BL6,0,0,0.0
ACATTAATCATTGGCA-1,OTI,1,59,1.7781512503836436
ACATTAATCCTAGCAA-1,C57BL6,0,0,0.0
ACATTAGGTACAAGCT-1,OTI,1,232,2.367355921026019
ACATTAGGTACTAATG-1,OTI,15,697,2.843855422623161
ACATTAGGTACTCAGG-1,C57BL6,0,0,0.0
ACATTAGGTCCATCCG-1,C57BL6,2,36,1.568201724066995
ACATTAGGTCTAAGGT-1,C57BL6,0,0,0.0
ACATTAGGTGGCACGT-1,C57BL6,1,5,0.7781512503836436
ACATTAGGTGGGTTCA-1,OTI,1,3,0.6020599913279624
ACATTAGGTGTAAGTC-1,OTI,1,1,0.3010299956639812
ACATTATCACAAGGGT-1,OTI,1,10,1.0413926851582251
ACATTATCACCCAGAC-1,OTI,6,272,2.436162647040756
ACATTATCACCGTACA-1,OTI,1,8,0.9542425094393249
ACATTATCACCTAGCA-1,OTI,11,324,2.5118833609788744
ACATTATCACTATACA-1,OTI,1,8,0.9542425094393249
ACATTATCAGGTTACT-1,OTI,2,11,1.0791812460476249
ACATTCCTCACCTACT-1,C57BL6,0,0,0.0
ACATTCCTCAGTCAGC-1,OTI,5,152,2.184691430817599
ACATTCCTCATCAGCA-1,OTI,6,96,1.9867717342662448
ACATTCCTCCCATCCA-1,OTI,5,138,2.143014800254095
ACATTCCTCCGTAAAT-1,OTI,0,0,0.0
ACATTCCTCGCTGTGG-1,OTI,1,9,1.0
ACATTCCTCGGGCTTG-1,OTI,4,35,1.5563025007672873
ACATTCCTCGTACCTT-1,C57BL6,0,0,0.0
ACATTCCTCGTACTTC-1,OTI,2,180,2.2576785748691846
ACATTCGAGAACTAGA-1,OTI,3,258,2.413299764081252
ACATTCGAGAATGGCG-1,OTI,4,47,1.6812412373755872
ACATTCGAGCCTGCAG-1,OTI,5,104,2.0211892990699383
ACATTCGAGCTGGTCG-1,OTI,1,25,1.414973347970818
ACATTCGAGCTGTAGC-1,OTI,1,2,0.47712125471966244
ACATTCGAGGTAGAAC-1,OTI,6,142,2.155336037465062
ACATTCGAGGTCGCAT-1,C57BL6,2,27,1.4471580313422192
ACATTCGAGGTGTCCG-1,C57BL6,0,0,0.0
ACATTCTGTCAGTTAA-1,OTI,7,41,1.6232492903979006
ACATTCTGTCCATTTG-1,C57BL6,0,0,0.0
ACATTCTGTGTCTGAG-1,C57BL6,0,0,0.0
ACATTCTGTGTGCGTA-1,OTI,0,0,0.0
ACATTGGTCAAACCTG-1,C57BL6,0,0,0.0
ACATTGGTCAAAGCCC-1,OTI,2,48,1.6901960800285136
ACATTGGTCACTGACA-1,OTI,1,48,1.6901960800285136
ACATTGGTCAGCAGTC-1,OTI,1,50,1.7075701760979363
ACATTGGTCATAACAC-1,C57BL6,0,0,0.0
ACATTGGTCCCTATGT-1,OTI,5,214,2.3324384599156054
ACATTGGTCGTGCATA-1,OTI,1,167,2.225309281725863
ACATTTCGTAATTTCC-1,C57BL6,1,4,0.6989700043360189
ACATTTCGTATGAGTC-1,OTI,5,30,1.4913616938342726
ACATTTCGTATTCTGT-1,OTI,7,91,1.9637878273455553
ACATTTCGTCCTGCGC-1,C57BL6,0,0,0.0
ACATTTCGTCGGAATT-1,C57BL6,0,0,0.0
ACATTTCGTGCGGAGA-1,OTI,4,30,1.4913616938342726
ACCAAATTCAACACGC-1,OTI,3,113,2.0569048513364727
ACCAAATTCATGCAAT-1,C57BL6,0,0,0.0
ACCAAATTCCAGTAAT-1,OTI,8,215,2.3344537511509307
ACCAAATTCCGCTCTA-1,C57BL6,0,0,0.0
ACCAAATTCCGGCACA-1,OTI,1,249,2.3979400086720375
ACCAACATCAGCCTCC-1,OTI,6,108,2.037426497940624
ACCAACATCAGGGTTC-1,OTI,1,43,1.6434526764861874
ACCAACATCAGTCAGC-1,OTI,7,37,1.5797835966168101
ACCAACATCCGAATTG-1,OTI,6,29,1.4771212547196624
ACCAACTCACGCGAAG-1,OTI,3,15,1.2041199826559248
ACCAACTCAGCACCTA-1,OTI,3,42,1.6334684555795864
ACCAACTCAGTTGAAG-1,OTI,8,260,2.416640507338281
ACCAAGACAACCAGAA-1,OTI,1,4,0.6989700043360189
ACCAAGACAGTGCGGA-1,OTI,0,0,0.0
ACCAAGACAGTGTTAC-1,OTI,2,27,1.4471580313422192
ACCAAGCTCAAAGGGT-1,OTI,4,39,1.6020599913279623
ACCAAGCTCACTGTTC-1,C57BL6,0,0,0.0
ACCAAGCTCAGTGGCT-1,OTI,0,0,0.0
ACCAAGCTCCGATGTA-1,OTI,1,6,0.8450980400142568
ACCAAGCTCCGGCCTT-1,OTI,4,405,2.6085260335771943
ACCAAGCTCCTGGTAA-1,OTI,0,0,0.0
ACCAAGCTCGCACCCT-1,C57BL6,0,0,0.0
ACCAAGCTCGCCCTTA-1,OTI,5,71,1.8573324964312685
ACCAAGCTCGTGTATG-1,OTI,4,24,1.3979400086720377
ACCAAGCTCGTTACCT-1,OTI,0,0,0.0
ACCAATGTCAGTGCTA-1,C57BL6,1,15,1.2041199826559248
ACCAATGTCATGCGTA-1,OTI,7,199,2.3010299956639813
ACCAATGTCCATTCTA-1,C57BL6,0,0,0.0
ACCAATGTCCTGCAAA-1,C57BL6,0,0,0.0
ACCAATGTCGGAGCTT-1,OTI,3,119,2.0791812460476247
ACCAATGTCGTAGTCA-1,OTI,1,71,1.8573324964312685
ACCAATTAGCGTTAGC-1,OTI,1,10,1.0413926851582251
ACCAATTAGCTGTAAT-1,OTI,0,0,0.0
ACCAATTAGGTTAATC-1,C57BL6,0,0,0.0
ACCACAATCATCGGCG-1,OTI,2,42,1.6334684555795864
ACCACAGGTGCTACAG-1,OTI,1,129,2.113943352306837
ACCACAGGTGTTGCAG-1,C57BL6,0,0,0.0
ACCACATCAAAAGCAT-1,C57BL6,0,0,0.0
ACCACATCAAAAGGAA-1,C57BL6,0,0,0.0
ACCACATCAACCTAAC-1,OTI,4,12,1.1139433523068367
ACCACATCAAGGTTTC-1,C57BL6,2,130,2.1172712956557644
ACCACATCAAGTGCAA-1,OTI,5,53,1.7323937598229686
ACCACATCACGCATAT-1,OTI,0,0,0.0
ACCACATCACTGCACA-1,OTI,4,181,2.2600713879850747
ACCACATCAGCCAAGG-1,C57BL6,1,17,1.255272505103306
ACCACATCAGCGACGA-1,C57BL6,0,0,0.0
ACCACATCAGCGGACA-1,OTI,4,120,2.0827853703164503
ACCACATCAGTCTTAA-1,C57BL6,1,3,0.6020599913279624
ACCACCTGTCTAATCT-1,OTI,0,0,0.0
ACCACCTGTGGAGCTC-1,C57BL6,0,0,0.0
ACCACGAGTCAAGGCC-1,OTI,1,4,0.6989700043360189
ACCACGAGTGTATTCT-1,OTI,5,178,2.2528530309798933
ACCACGTAGATTGCAT-1,OTI,5,719,2.8573324964312685
ACCACGTAGCGTACGT-1,OTI,2,30,1.4913616938342726
ACCACGTAGCTGTAGC-1,C57BL6,1,15,1.2041199826559248
ACCACTCGTAATCTAG-1,OTI,1,3,0.6020599913279624
ACCACTCGTCCTTTAG-1,OTI,1,7,0.9030899869919435
ACCACTCGTGGCGTTA-1,OTI,3,3,0.6020599913279624
ACCACTTTCCAATACG-1,C57BL6,0,0,0.0
ACCACTTTCCGTGAGT-1,C57BL6,1,4,0.6989700043360189
ACCACTTTCCTCGCAC-1,C57BL6,0,0,0.0
ACCACTTTCCTTCGCA-1,OTI,1,7,0.9030899869919435
ACCACTTTCGGATGTC-1,OTI,1,9,1.0
ACCACTTTCGTAGCAC-1,OTI,2,103,2.0170333392987803
ACCACTTTCGTGACTA-1,OTI,0,0,0.0
ACCAGAACAAATATAG-1,OTI,0,0,0.0
ACCAGAACAACTCGAT-1,OTI,0,0,0.0
ACCAGAACAAGTACAG-1,OTI,1,4,0.6989700043360189
ACCAGAACAATAAGAC-1,OTI,12,388,2.5899496013257077
ACCAGAACACGGTATT-1,OTI,1,10,1.0413926851582251
ACCAGAACAGGTTGGG-1,C57BL6,0,0,0.0
ACCAGAGAGAACGATA-1,OTI,1,6,0.8450980400142568
ACCAGAGAGCCCTTGC-1,OTI,3,54,1.7403626894942439
ACCAGAGAGCCTTAAG-1,OTI,5,173,2.2405492482826
ACCAGAGAGCCTTTAC-1,OTI,0,0,0.0
ACCAGAGAGCTAATCG-1,OTI,3,459,2.662757831681574
ACCAGAGAGGCACGAA-1,C57BL6,0,0,0.0
ACCAGAGAGGGAATGT-1,C57BL6,0,0,0.0
ACCAGAGAGGTCTATG-1,OTI,3,180,2.2576785748691846
ACCAGATGTACAAGAG-1,C57BL6,0,0,0.0
ACCAGATGTGGCATGC-1,OTI,0,0,0.0
ACCAGATGTGGCCTGG-1,OTI,5,162,2.2121876044039577
ACCAGATGTGGTTCAG-1,OTI,3,38,1.591064607026499
ACCAGATGTGTGTTCC-1,OTI,6,58,1.7708520116421442
ACCAGGAAGCGTTCCC-1,C57BL6,0,0,0.0
ACCAGGAAGGTTGGTC-1,OTI,3,182,2.2624510897304293
ACCATACCAAAGGACC-1,OTI,1,2,0.47712125471966244
ACCATACCACCAATAC-1,OTI,1,5,0.7781512503836436
ACCATACCAGCACACC-1,OTI,2,40,1.6127838567197355
ACCATACCAGCATCGC-1,OTI,3,460,2.663700925389648
ACCATCCGTCAATCGG-1,OTI,0,0,0.0
ACCATCCGTGCTACAG-1,OTI,0,0,0.0
ACCATCCGTGGAACGG-1,OTI,2,10,1.0413926851582251
ACCATCCGTGGTCAGC-1,OTI,5,67,1.8325089127062364
ACCATCGCAAGCTGGG-1,OTI,3,24,1.3979400086720377
ACCATCGCAATGACAG-1,OTI,1,3,0.6020599913279624
ACCATCGCACACGGTC-1,OTI,0,0,0.0
ACCATCGCACTCGTTC-1,OTI,0,0,0.0
ACCATCGCAGCTAAGA-1,C57BL6,0,0,0.0
ACCATCGCAGCTCCAA-1,OTI,1,20,1.3222192947339193
ACCATCGCAGGGTCAG-1,OTI,0,0,0.0
ACCATCGCAGTCCACA-1,OTI,1,3,0.6020599913279624
ACCATCTTCAAGGTAA-1,OTI,1,2,0.47712125471966244
ACCATCTTCAATTGGT-1,C57BL6,0,0,0.0
ACCATCTTCATGGACC-1,OTI,3,21,1.3424226808222062
ACCATCTTCCCGAATA-1,OTI,1,29,1.4771212547196624
ACCATCTTCCGTTCTG-1,OTI,1,43,1.6434526764861874
ACCATCTTCGCGCGTA-1,C57BL6,2,3,0.6020599913279624
ACCATGCAGAGCAACG-1,OTI,1,127,2.1072099696478683
ACCATGCAGGGACATG-1,C57BL6,0,0,0.0
ACCATGCAGGGGATTG-1,C57BL6,1,1,0.3010299956639812
ACCATGGGTACAAGGA-1,OTI,3,26,1.4313637641589874
ACCATGGGTAGTCTCC-1,C57BL6,0,0,0.0
ACCATGGGTCATCTCA-1,OTI,3,51,1.7160033436347992
ACCATGGGTCGTAGAT-1,C57BL6,4,4,0.6989700043360189
ACCATGGGTGGAGTGG-1,OTI,3,210,2.3242824552976926
ACCATGGGTGTCGTAG-1,C57BL6,0,0,0.0
ACCATTCTCATGTAGT-1,OTI,8,142,2.155336037465062
ACCATTCTCCCCATTG-1,OTI,1,4,0.6989700043360189
ACCATTCTCCTCAGCC-1,C57BL6,0,0,0.0
ACCATTCTCCTTAATT-1,OTI,6,174,2.2430380486862944
ACCATTCTCGGCAACT-1,C57BL6,0,0,0.0
ACCATTCTCGGTGCAT-1,OTI,4,185,2.2695129442179165
ACCCAAATCAAAGCAA-1,OTI,1,11,1.0791812460476249
ACCCAAATCAAATGCT-1,C57BL6,0,0,0.0
ACCCAAATCAATCTGG-1,C57BL6,0,0,0.0
ACCCAAATCACCCTGC-1,OTI,3,122,2.089905111439398
ACCCAAATCAGAAGTA-1,C57BL6,0,0,0.0
ACCCAAATCCATTCCG-1,OTI,3,43,1.6434526764861874
ACCCAAATCGGCTAAC-1,OTI,1,15,1.2041199826559248
ACCCAACAGACCCTAA-1,OTI,1,14,1.1760912590556813
ACCCAACAGAGAATTG-1,OTI,3,568,2.7551122663950713
ACCCAACAGAGCAGAT-1,OTI,3,61,1.792391689498254
ACCCAACAGAGTGCAG-1,OTI,2,118,2.0755469613925306
ACCCAACAGCAAGGCA-1,OTI,4,154,2.1903316981702914
ACCCAACAGCATGTCA-1,OTI,0,0,0.0
ACCCAACAGCGAAGTG-1,OTI,3,58,1.7708520116421442
ACCCAACAGCGCGTCA-1,OTI,0,0,0.0
ACCCAACAGCGTACCG-1,OTI,2,76,1.8864907251724818
ACCCAACAGCTAAGCC-1,OTI,5,192,2.285557309007774
ACCCAACAGCTACTGA-1,C57BL6,0,0,0.0
ACCCAACAGCTCAGGT-1,C57BL6,0,0,0.0
ACCCAACAGCTGTTGA-1,OTI,1,3,0.6020599913279624
ACCCAACAGGCGAAGC-1,C57BL6,0,0,0.0
ACCCAACAGGTAGAAC-1,OTI,2,10,1.0413926851582251
ACCCACACACATTGGT-1,OTI,11,242,2.385606273598312
ACCCACACAGCGTGAG-1,C57BL6,0,0,0.0
ACCCACACAGTCAACT-1,OTI,1,29,1.4771212547196624
ACCCACGAGACAGAAC-1,OTI,1,4,0.6989700043360189
ACCCACGAGCATGGAG-1,OTI,2,173,2.2405492482826
ACCCACGAGGCATCGT-1,C57BL6,0,0,0.0
ACCCACGAGGGGCTAA-1,OTI,6,191,2.2833012287035497
ACCCACGAGGTAAGTA-1,OTI,2,130,2.1172712956557644
ACCCACGAGGTCTATG-1,OTI,2,7,0.9030899869919435
ACCCATAAGATGCCAC-1,OTI,0,0,0.0
ACCCATAAGCCTTTAC-1,OTI,6,123,2.093421685162235
ACCCATAAGGGTGAAT-1,C57BL6,1,1,0.3010299956639812
ACCCATCGTAAAGCCT-1,OTI,1,3,0.6020599913279624
ACCCATCGTACGTCTC-1,OTI,0,0,0.0
ACCCATCGTAGGCAGG-1,OTI,1,62,1.7993405494535817
ACCCATCGTATAGCGT-1,OTI,1,6,0.8450980400142568
ACCCATCGTATGGCCA-1,OTI,2,290,2.4638929889859074
ACCCATCGTGCTTCGT-1,C57BL6,1,25,1.414973347970818
ACCCATCGTGGTAAAG-1,OTI,7,137,2.1398790864012365
ACCCATCGTGGTAGCC-1,OTI,1,13,1.146128035678238
ACCCATCGTGTTAGCG-1,OTI,0,0,0.0
ACCCATGCAAAGCTTC-1,C57BL6,1,4,0.6989700043360189
ACCCATGCAAATCTAT-1,OTI,3,62,1.7993405494535817
ACCCATGCAAGCGAAC-1,C57BL6,0,0,0.0
ACCCATGCAATGCTCG-1,C57BL6,0,0,0.0
ACCCATGCACACTCTC-1,C57BL6,0,0,0.0
ACCCATGCACTACTTT-1,C57BL6,1,7,0.9030899869919435
ACCCATGCAGTGAGGT-1,C57BL6,1,6,0.8450980400142568
ACCCATTTCCAACATG-1,C57BL6,0,0,0.0
ACCCATTTCCACAACA-1,OTI,4,177,2.250420002308894
ACCCATTTCCGTATAG-1,OTI,5,217,2.3384564936046046
ACCCATTTCGCCTGCT-1,OTI,1,14,1.1760912590556813
ACCCATTTCGTAGATT-1,C57BL6,0,0,0.0
ACCCATTTCGTCTTCG-1,OTI,2,31,1.505149978319906
ACCCCAACAAAATGGT-1,C57BL6,3,49,1.6989700043360187
ACCCCAACAACGTGGG-1,OTI,3,33,1.5314789170422551
ACCCCAACACGTTAGT-1,OTI,3,20,1.3222192947339193
ACCCCAACAGCGACCT-1,C57BL6,0,0,0.0
ACCCCAACAGCGCTTA-1,OTI,6,293,2.4683473304121573
ACCCCAGAGAATTACC-1,C57BL6,0,0,0.0
ACCCCAGAGCAAATTC-1,OTI,2,73,1.8692317197309762
ACCCCAGAGCGCTGTG-1,OTI,2,17,1.255272505103306
ACCCCAGAGGGCCTTG-1,OTI,4,185,2.2695129442179165
ACCCCATGTACAGTTA-1,OTI,1,2,0.47712125471966244
ACCCCATGTACGCTGA-1,OTI,2,17,1.255272505103306
ACCCCATGTAGCAGTT-1,OTI,2,213,2.330413773349191
ACCCCATGTCACTTAT-1,C57BL6,0,0,0.0
ACCCCATGTCTAAGCG-1,OTI,1,5,0.7781512503836436
ACCCCATGTCTAATCT-1,OTI,1,2,0.47712125471966244
ACCCCATGTGGTAATC-1,OTI,3,54,1.7403626894942439
ACCCCATGTGGTACTG-1,OTI,2,29,1.4771212547196624
ACCCCGAAGACTATGT-1,OTI,5,636,2.8041394323353503
ACCCCGAAGAGTATAG-1,C57BL6,3,5,0.7781512503836436
ACCCCGAAGCAGGAGC-1,OTI,5,109,2.041392685158225
ACCCCGAAGCCCTGGA-1,OTI,2,21,1.3424226808222062
ACCCCGAAGCGTGGTT-1,C57BL6,3,40,1.6127838567197355
ACCCCGAAGGGAGCGT-1,OTI,3,37,1.5797835966168101
ACCCCGTTCACGAGCT-1,OTI,1,26,1.4313637641589874
ACCCCGTTCACGTATG-1,C57BL6,0,0,0.0
ACCCCGTTCCATCTAC-1,OTI,1,14,1.1760912590556813
ACCCCGTTCCTACTAC-1,C57BL6,1,18,1.2787536009528289
ACCCCGTTCGGTATGC-1,OTI,8,438,2.6424645202421213
ACCCCTATCACGCCCT-1,OTI,1,11,1.0791812460476249
ACCCCTATCACTTTCA-1,OTI,2,8,0.9542425094393249
ACCCCTATCCATAGGC-1,OTI,6,47,1.6812412373755872
ACCCCTATCCGAACAC-1,C57BL6,0,0,0.0
ACCCCTATCGGTATGC-1,C57BL6,5,6,0.8450980400142568
ACCCCTGGTAGCGGAG-1,OTI,1,1,0.3010299956639812
ACCCCTGGTAGGGTAA-1,OTI,0,0,0.0
ACCCCTGGTAGTTATG-1,OTI,2,299,2.4771212547196626
ACCCCTGGTCGACTTC-1,OTI,3,52,1.724275869600789
ACCCCTGGTCGGCTGG-1,OTI,1,9,1.0
ACCCCTGGTCTAGTGG-1,OTI,6,293,2.4683473304121573
ACCCCTGGTGTCGCGG-1,C57BL6,0,0,0.0
ACCCGACCAAAGGCCG-1,OTI,2,24,1.3979400086720377
ACCCGACCAATAGGGC-1,OTI,1,3,0.6020599913279624
ACCCGACCAATGCTTA-1,OTI,2,168,2.2278867046136734
ACCCGACCACAGCAGG-1,OTI,4,125,2.100370545117563
ACCCGACCACCAGATT-1,C57BL6,0,0,0.0
ACCCGACCACCTGACA-1,C57BL6,0,0,0.0
ACCCGACCACTATACA-1,OTI,2,158,2.2013971243204513
ACCCGACCAGGAATAT-1,OTI,3,244,2.3891660843645326
ACCCGACCAGTATCAC-1,C57BL6,0,0,0.0
ACCCGATAGATGACGG-1,OTI,1,14,1.1760912590556813
ACCCGATAGCATTAGT-1,C57BL6,0,0,0.0
ACCCGATAGCGCTGTG-1,OTI,1,133,2.1271047983648077
ACCCGATAGCTGACCG-1,OTI,4,156,2.1958996524092336
ACCCGATAGGGTTCCG-1,OTI,1,15,1.2041199826559248
ACCCGATAGGGTTCGT-1,OTI,5,162,2.2121876044039577
ACCCGCAAGAACGACG-1,OTI,12,536,2.7299742856995555
ACCCGCAAGAATTCCG-1,OTI,0,0,0.0
ACCCGCAAGACCCCGA-1,OTI,1,2,0.47712125471966244
ACCCGCAAGCGCTGCA-1,OTI,0,0,0.0
ACCCGCAAGCGGGTAA-1,OTI,2,23,1.380211241711606
ACCCGCAAGGCATGGA-1,C57BL6,0,0,0.0
ACCCGCAAGGCTACCG-1,OTI,6,179,2.255272505103306
ACCCGCAAGGTATATC-1,OTI,3,24,1.3979400086720377
ACCCGCAAGGTCTGTA-1,C57BL6,0,0,0.0
ACCCGCTTCATGCTTC-1,OTI,2,17,1.255272505103306
ACCCGCTTCATGGTGC-1,OTI,0,0,0.0
ACCCGCTTCGCTCGCT-1,OTI,0,0,0.0
ACCCGCTTCGGGCAAA-1,C57BL6,0,0,0.0
ACCCGTACAACGCACC-1,OTI,8,107,2.03342375548695
ACCCGTACAATGCTTA-1,C57BL6,0,0,0.0
ACCCGTGAGACTTTCC-1,C57BL6,1,12,1.1139433523068367
ACCCGTGAGATCTGCA-1,C57BL6,0,0,0.0
ACCCGTGAGATTACCG-1,OTI,5,430,2.6344772701607315
ACCCGTGAGCTAAACT-1,OTI,0,0,0.0
ACCCGTTGTAACTTCT-1,OTI,2,20,1.3222192947339193
ACCCGTTGTACAGGTT-1,C57BL6,0,0,0.0
ACCCGTTGTACCACGA-1,C57BL6,1,34,1.5440680443502757
ACCCGTTGTACTACTT-1,OTI,4,36,1.568201724066995
ACCCGTTGTATCTTGT-1,C57BL6,0,0,0.0
ACCCGTTGTCCTCGAT-1,OTI,2,10,1.0413926851582251
ACCCGTTGTGGGGTCT-1,C57BL6,0,0,0.0
ACCCGTTGTGTCTGAG-1,C57BL6,0,0,0.0
ACCCGTTGTGTTGCGA-1,OTI,4,58,1.7708520116421442
ACCCTAAAGAACCCAC-1,OTI,2,29,1.4771212547196624
ACCCTAAAGCACCTCC-1,OTI,3,519,2.716003343634799
ACCCTAAAGCGTTCAA-1,C57BL6,0,0,0.0
ACCCTAAAGCGTTTGA-1,C57BL6,2,21,1.3424226808222062
ACCCTAAAGGCCTATA-1,OTI,3,72,1.863322860120456
ACCCTAGCAAACCCAT-1,OTI,0,0,0.0
ACCCTAGCAAGAGGGA-1,OTI,3,58,1.7708520116421442
ACCCTAGCAAGGACAC-1,C57BL6,0,0,0.0
ACCCTAGCACGCAGTC-1,C57BL6,0,0,0.0
ACCCTAGCACGCGTAC-1,OTI,4,303,2.482873583608754
ACCCTAGCAGGATCAA-1,OTI,1,3,0.6020599913279624
ACCCTAGCAGGTGCGA-1,C57BL6,1,1,0.3010299956639812
ACCCTATTCAGCATAT-1,C57BL6,0,0,0.0
ACCCTATTCATCCCAT-1,C57BL6,2,29,1.4771212547196624
ACCCTATTCATTCGTC-1,C57BL6,0,0,0.0
ACCCTATTCCGGCAAT-1,C57BL6,0,0,0.0
ACCCTATTCGTAGTTG-1,C57BL6,3,23,1.380211241711606
ACCCTCTCAACGGACG-1,OTI,1,9,1.0
ACCCTCTCAAGTAACG-1,C57BL6,0,0,0.0
ACCCTCTCACACTAAC-1,OTI,3,97,1.9912260756924949
ACCCTCTCACGCAGCT-1,OTI,0,0,0.0
ACCCTCTCAGCAGGCA-1,OTI,1,2,0.47712125471966244
ACCCTCTCAGTTGGTT-1,OTI,2,43,1.6434526764861874
ACCCTGCTCAAGCAAA-1,OTI,7,160,2.2068258760318495
ACCCTGCTCACAACCA-1,OTI,1,1,0.3010299956639812
ACCCTGCTCAGTCCGG-1,OTI,1,5,0.7781512503836436
ACCCTGCTCCAATGTG-1,OTI,4,27,1.4471580313422192
ACCCTGCTCCCCATTG-1,OTI,5,277,2.444044795918076
ACCCTGCTCCTGCACC-1,OTI,0,0,0.0
ACCCTGCTCGCTATCT-1,C57BL6,2,12,1.1139433523068367
ACCCTTAGTAAGTCTA-1,C57BL6,0,0,0.0
ACCCTTAGTACCCCAT-1,OTI,6,135,2.1335389083702174
ACCCTTAGTACCTCCG-1,C57BL6,0,0,0.0
ACCCTTAGTACTATAG-1,OTI,3,14,1.1760912590556813
ACCCTTAGTGGATAAG-1,C57BL6,1,7,0.9030899869919435
ACCCTTAGTGGCGTTA-1,OTI,2,8,0.9542425094393249
ACCCTTAGTGTGTGCA-1,OTI,2,9,1.0
ACCCTTAGTGTTCGAG-1,OTI,1,2,0.47712125471966244
ACCCTTTAGAATTCGT-1,OTI,0,0,0.0
ACCCTTTAGAGGCACA-1,OTI,0,0,0.0
ACCCTTTAGCCTACGG-1,OTI,4,83,1.9242792860618816
ACCCTTTAGCGTTGGT-1,OTI,5,74,1.8750612633917
ACCCTTTAGCGTTGTA-1,C57BL6,1,106,2.0293837776852097
ACCCTTTAGCTGCGAT-1,OTI,9,150,2.1789769472931693
ACCCTTTAGCTTAAGT-1,OTI,2,46,1.6720978579357175
ACCCTTTAGGGCTGAA-1,C57BL6,0,0,0.0
ACCCTTTAGGTACCCG-1,OTI,3,18,1.2787536009528289
ACCCTTTAGGTTCATG-1,C57BL6,0,0,0.0
ACCTAACCAAAAGTTA-1,OTI,3,34,1.5440680443502757
ACCTAACCAACATCCG-1,OTI,3,389,2.591064607026499
ACCTAACCAACGTGGG-1,OTI,8,187,2.27415784926368
ACCTAACCACACTCTC-1,OTI,3,48,1.6901960800285136
ACCTAACCACATGGGG-1,OTI,8,159,2.2041199826559246
ACCTAACCACGCGTAC-1,OTI,1,5,0.7781512503836436
ACCTAACCAGCCTTAG-1,OTI,2,162,2.2121876044039577
ACCTACAAGAGGGGCT-1,OTI,3,19,1.3010299956639813
ACCTACAAGATTCAAC-1,OTI,3,280,2.44870631990508
ACCTACAAGCAAGACG-1,C57BL6,0,0,0.0
ACCTACAAGCTCTCCA-1,OTI,1,4,0.6989700043360189
ACCTACAAGGCCCACA-1,OTI,3,170,2.2329961103921536
ACCTACGCAATCGCCA-1,OTI,1,34,1.5440680443502757
ACCTACGCACAGCACC-1,C57BL6,0,0,0.0
ACCTACGCACCGCAGT-1,OTI,2,84,1.9294189257142926
ACCTACGCACGCAGGA-1,C57BL6,1,26,1.4313637641589874
ACCTACTTCAATGTGT-1,OTI,0,0,0.0
ACCTACTTCACTGTTC-1,OTI,0,0,0.0
ACCTACTTCCGTATTC-1,OTI,1,1,0.3010299956639812
ACCTAGGGTAGCCTTC-1,C57BL6,1,1,0.3010299956639812
ACCTAGGGTATCCGGA-1,OTI,2,31,1.505149978319906
ACCTAGGGTCAGTCAG-1,OTI,7,380,2.5809249756756194
ACCTAGGGTCGTTGGA-1,OTI,6,308,2.4899584794248346
ACCTAGGGTCTGGATG-1,OTI,5,40,1.6127838567197355
ACCTAGGGTGCTTTCA-1,C57BL6,0,0,0.0
ACCTAGGGTGTAATTG-1,OTI,3,79,1.9030899869919435
ACCTAGTCAATACGTC-1,OTI,5,52,1.724275869600789
ACCTAGTCAATGATCC-1,OTI,3,44,1.6532125137753437
ACCTATACAAACACCT-1,OTI,7,567,2.754348335711019
ACCTATACAACTAACC-1,OTI,2,306,2.4871383754771865
ACCTATACAATCCGCA-1,OTI,2,34,1.5440680443502757
ACCTATACAATCGACT-1,C57BL6,1,4,0.6989700043360189
ACCTATACAATCTGAC-1,OTI,0,0,0.0
ACCTATACACCCTTCG-1,OTI,2,394,2.59659709562646
ACCTATACACTATACA-1,OTI,0,0,0.0
ACCTATACACTCATTT-1,OTI,0,0,0.0
ACCTATACAGTAGTAG-1,OTI,0,0,0.0
ACCTATGAGCACGAAG-1,OTI,7,255,2.4082399653118496
ACCTATGAGCATAGCC-1,OTI,5,65,1.8195439355418688
ACCTATGAGCTACTGA-1,OTI,2,28,1.462397997898956
ACCTATGAGGGGATCA-1,OTI,0,0,0.0
ACCTATTGTATGATGC-1,OTI,7,84,1.9294189257142926
ACCTCAGCAAAGTATA-1,C57BL6,0,0,0.0
ACCTCAGCAACAATTT-1,C57BL6,8,14,1.1760912590556813
ACCTCAGCAACTGGAA-1,OTI,1,6,0.8450980400142568
ACCTCAGCAAGCGCGA-1,OTI,4,151,2.1818435879447726
ACCTCAGCAATACGCT-1,OTI,4,116,2.0681858617461617
ACCTCAGCACACTGCA-1,OTI,9,208,2.3201462861110542
ACCTCAGCACGAGCGA-1,OTI,0,0,0.0
ACCTCAGCACGTAGAA-1,OTI,4,10,1.0413926851582251
ACCTCAGCAGCATGAA-1,OTI,0,0,0.0
ACCTCAGCAGCGACAG-1,OTI,1,23,1.380211241711606
ACCTCATTCACTTAAA-1,OTI,1,1,0.3010299956639812
ACCTCATTCATATCCC-1,OTI,4,137,2.1398790864012365
ACCTCATTCCCACACC-1,OTI,3,220,2.3443922736851106
ACCTCATTCCGTTCGC-1,OTI,4,338,2.530199698203082
ACCTCATTCGCCCTTA-1,OTI,0,0,0.0
ACCTCCATCAACTCTC-1,OTI,0,0,0.0
ACCTCCATCAATGTTA-1,C57BL6,9,12,1.1139433523068367
ACCTCCATCATGGTGC-1,C57BL6,1,8,0.9542425094393249
ACCTCCATCCCCACTA-1,OTI,3,384,2.5854607295085006
ACCTCCATCCTAGTTC-1,OTI,6,90,1.9590413923210936
ACCTCCATCGTTCACT-1,OTI,2,7,0.9030899869919435
ACCTCCGGTATTCTGT-1,OTI,0,0,0.0
ACCTCCGGTCCACGTT-1,OTI,1,104,2.0211892990699383
ACCTCCGGTCGACTAG-1,OTI,3,101,2.0086001717619175
ACCTCCGGTCGCTAAG-1,C57BL6,0,0,0.0
ACCTCCGGTCTCGAAG-1,OTI,3,49,1.6989700043360187
ACCTCTCCAATTGACC-1,C57BL6,1,5,0.7781512503836436
ACCTCTCCACACTAAC-1,C57BL6,0,0,0.0
ACCTCTCCACCGACTA-1,OTI,3,61,1.792391689498254
ACCTCTCCACGTACGC-1,OTI,0,0,0.0
ACCTCTGTCACAGGCT-1,C57BL6,2,25,1.414973347970818
ACCTCTGTCACGTATG-1,C57BL6,1,7,0.9030899869919435
ACCTCTGTCACGTCGG-1,C57BL6,2,36,1.568201724066995
ACCTCTGTCAGTATCG-1,OTI,1,82,1.919078092376074
ACCTCTGTCCATAAGT-1,C57BL6,10,12,1.1139433523068367
ACCTCTGTCCGTACAA-1,OTI,5,43,1.6434526764861874
ACCTCTGTCGGACCTG-1,OTI,7,102,2.012837224705172
ACCTGCACACAAGCGG-1,C57BL6,0,0,0.0
ACCTGCACACAATACC-1,OTI,1,192,2.285557309007774
ACCTGCACACATAATT-1,OTI,5,376,2.576341350205793
ACCTGCACAGCCCTAA-1,OTI,2,26,1.4313637641589874
ACCTGCACAGCGACAG-1,OTI,3,244,2.3891660843645326
ACCTGCACAGCTCCAA-1,C57BL6,1,7,0.9030899869919435
ACCTGCACAGTACTTA-1,OTI,1,1,0.3010299956639812
ACCTGCACAGTTACTA-1,C57BL6,0,0,0.0
ACCTGCGAGAACTGAA-1,OTI,1,26,1.4313637641589874
ACCTGCGAGCAAGTAA-1,OTI,2,15,1.2041199826559248
ACCTGCGAGCAGCCCA-1,C57BL6,1,3,0.6020599913279624
ACCTGCGAGCCGATTA-1,C57BL6,0,0,0.0
ACCTGCGAGCGCTGCA-1,C57BL6,0,0,0.0
ACCTGCGAGCGTAACC-1,C57BL6,0,0,0.0
ACCTGCGAGCTAGGAG-1,C57BL6,0,0,0.0
ACCTGCGAGGCACCCA-1,C57BL6,0,0,0.0
ACCTGCTGTCAATTTC-1,C57BL6,0,0,0.0
ACCTGCTGTCCTTAGC-1,OTI,7,128,2.110589710299249
ACCTGCTGTCTAGCTC-1,OTI,4,110,2.0453229787866576
ACCTGCTGTGCTCGGG-1,OTI,0,0,0.0
ACCTGCTGTGTCGCGG-1,C57BL6,0,0,0.0
ACCTGTAAGAGCGAAT-1,OTI,4,183,2.2648178230095364
ACCTGTAAGAGTGGCA-1,OTI,5,50,1.7075701760979363
ACCTGTAAGATACGGG-1,OTI,3,291,2.4653828514484184
ACCTGTAAGATGCATT-1,OTI,2,21,1.3424226808222062
ACCTGTAAGCAAGTAA-1,OTI,2,11,1.0791812460476249
ACCTGTAAGCAATCCA-1,OTI,3,22,1.3617278360175928
ACCTGTAAGCCGTCAG-1,OTI,3,25,1.414973347970818
ACCTGTAAGCCGTGAT-1,OTI,0,0,0.0
ACCTGTAAGCCTGTAA-1,OTI,4,163,2.214843848047698
ACCTGTAAGCGAAACG-1,OTI,0,0,0.0
ACCTGTAAGCGCATCG-1,C57BL6,1,4,0.6989700043360189
ACCTGTAAGGCGTGAA-1,OTI,2,357,2.5538830266438746
ACCTGTAAGGTTCATG-1,OTI,0,0,0.0
ACCTGTCGTAAGTTGC-1,OTI,0,0,0.0
ACCTGTCGTACAAGGA-1,OTI,5,72,1.863322860120456
ACCTGTCGTACTCAGG-1,C57BL6,0,0,0.0
ACCTGTCGTAGCCCTT-1,OTI,2,92,1.968482948553935
ACCTGTCGTATAAGGG-1,C57BL6,1,6,0.8450980400142568
ACCTGTCGTCCGGTAA-1,OTI,7,168,2.2278867046136734
ACCTGTCGTCCTGATC-1,OTI,6,366,2.5646660642520893
ACCTTAACAAGTCGCC-1,OTI,5,246,2.392696953259666
ACCTTAACACATCGGC-1,OTI,4,26,1.4313637641589874
ACCTTAACACGTCAAT-1,OTI,0,0,0.0
ACCTTAACACTGGCAC-1,OTI,5,96,1.9867717342662448
ACCTTAACAGTCTATA-1,OTI,3,86,1.9395192526186185
ACCTTACTCATCCCGC-1,OTI,2,42,1.6334684555795864
ACCTTACTCCGGCTTC-1,OTI,5,43,1.6434526764861874
ACCTTACTCGGTATGC-1,C57BL6,1,2,0.47712125471966244
ACCTTAGAGACACCCG-1,OTI,3,92,1.968482948553935
ACCTTAGAGACGCCAT-1,OTI,1,36,1.568201724066995
ACCTTATGTAAATCCA-1,OTI,2,34,1.5440680443502757
ACCTTATGTAATTTGG-1,C57BL6,1,3,0.6020599913279624
ACCTTATGTACTTCTG-1,C57BL6,0,0,0.0
ACCTTATGTATAGGAG-1,C57BL6,1,3,0.6020599913279624
ACCTTATGTATGATGC-1,OTI,0,0,0.0
ACCTTATGTCATTATC-1,OTI,2,110,2.0453229787866576
ACCTTATGTGCAATGT-1,OTI,2,47,1.6812412373755872
ACCTTATGTGGGGTAG-1,C57BL6,0,0,0.0
ACCTTATGTGTGCAAT-1,C57BL6,1,1,0.3010299956639812
ACCTTCGTCACGTCAA-1,C57BL6,0,0,0.0
ACCTTCGTCAGCGCCA-1,OTI,2,6,0.8450980400142568
ACCTTCGTCCGGACCA-1,OTI,6,287,2.459392487759231
ACCTTCGTCGGTATAT-1,OTI,0,0,0.0
ACCTTGCGTAACAGAG-1,C57BL6,0,0,0.0
ACCTTGCGTATAGCGT-1,OTI,0,0,0.0
ACCTTGCGTCAATCGG-1,C57BL6,0,0,0.0
ACCTTGCGTCGGTTTC-1,OTI,2,388,2.5899496013257077
ACCTTGCGTCGTCTTA-1,OTI,0,0,0.0
ACCTTGCGTGGAAAGC-1,C57BL6,0,0,0.0
ACCTTGCGTGGGTGCT-1,C57BL6,0,0,0.0
ACCTTGCGTGGTCCCC-1,OTI,0,0,0.0
ACCTTGCGTGGTGTAT-1,OTI,0,0,0.0
ACCTTTCAGCCAAATT-1,C57BL6,1,6,0.8450980400142568
ACCTTTCAGCCATAAT-1,OTI,1,188,2.2764618041732443
ACCTTTCAGCGCCAAT-1,OTI,4,96,1.9867717342662448
ACCTTTCAGGCAGTGA-1,C57BL6,0,0,0.0
ACCTTTCAGGCTGGTT-1,OTI,7,144,2.161368002234975
ACCTTTCAGGGAAATC-1,OTI,2,26,1.4313637641589874
ACCTTTCAGGGTAGCA-1,C57BL6,0,0,0.0
ACCTTTGGTCAGGCCG-1,OTI,0,0,0.0
ACCTTTGGTCCGTTTA-1,OTI,2,10,1.0413926851582251
ACCTTTGGTCTGTCCG-1,C57BL6,0,0,0.0
ACCTTTGGTGGGAGAT-1,OTI,4,104,2.0211892990699383
ACCTTTGGTGTCGTCT-1,OTI,2,31,1.505149978319906
ACCTTTGGTGTGCGTA-1,C57BL6,0,0,0.0
ACGAAAGGTACTATGA-1,OTI,9,142,2.155336037465062
ACGAAAGGTACTCCCG-1,C57BL6,2,4,0.6989700043360189
ACGAAAGGTCACGAAT-1,OTI,5,82,1.919078092376074
ACGAAAGGTCGCCCGT-1,OTI,2,32,1.5185139398778875
ACGAAAGGTCTATAAG-1,OTI,3,224,2.3521825181113627
ACGAAAGGTGCAGTCA-1,C57BL6,2,10,1.0413926851582251
ACGAAATCAACGCACC-1,OTI,1,24,1.3979400086720377
ACGAAATCAAGCTGAA-1,C57BL6,3,22,1.3617278360175928
ACGAAATCAATGATCC-1,OTI,3,53,1.7323937598229686
ACGAAATCACATACCG-1,OTI,4,148,2.173186268412274
ACGAAATCACATCAGT-1,C57BL6,1,3,0.6020599913279624
ACGAAATCACCACGTA-1,OTI,2,47,1.6812412373755872
ACGAAATCACGCGTAC-1,OTI,1,49,1.6989700043360187
ACGAAATCAGCTGTAT-1,OTI,2,14,1.1760912590556813
ACGAACACAAAGCATG-1,OTI,4,132,2.123851640967086
ACGAACACAACCATCG-1,C57BL6,0,0,0.0
ACGAACACAGTGGGAT-1,OTI,0,0,0.0
ACGAACCTCAAAGGTA-1,C57BL6,0,0,0.0
ACGAACCTCACTCGCC-1,OTI,2,64,1.8129133566428555
ACGAACCTCAGTTGGC-1,OTI,3,58,1.7708520116421442
ACGAACCTCCTACATC-1,C57BL6,2,16,1.2304489213782739
ACGAACCTCCTTATCA-1,C57BL6,1,2,0.47712125471966244
ACGAACCTCGTAACCA-1,C57BL6,0,0,0.0
ACGAACCTCGTCCCTA-1,C57BL6,1,15,1.2041199826559248
ACGAACGAGAACACCC-1,C57BL6,0,0,0.0
ACGAACGAGCAAGGGC-1,OTI,7,626,2.7972675408307164
ACGAACGAGCATATCG-1,OTI,0,0,0.0
ACGAACGAGCCGACAT-1,OTI,1,7,0.9030899869919435
ACGAACGAGCTACTTC-1,C57BL6,0,0,0.0
ACGAACGAGCTCCGGA-1,OTI,3,199,2.3010299956639813
ACGAAGCCAATCATCA-1,OTI,4,16,1.2304489213782739
ACGAAGCCACCACAAT-1,OTI,3,69,1.845098040014257
ACGAAGCCACCGTTAG-1,OTI,1,432,2.6364878963533656
ACGAAGCCAGCAGTAA-1,OTI,6,37,1.5797835966168101
ACGAAGCCAGGGTTAA-1,OTI,0,0,0.0
ACGAAGTAGAAGGCAT-1,OTI,3,18,1.2787536009528289
ACGAAGTAGACATGAA-1,OTI,2,3,0.6020599913279624
ACGAAGTAGAGAATTG-1,OTI,4,237,2.376576957056512
ACGACACTCAATATCA-1,C57BL6,0,0,0.0
ACGACACTCACGAGCT-1,OTI,1,77,1.8920946026904804
ACGACACTCATTAACA-1,OTI,0,0,0.0
ACGACACTCATTCAAA-1,OTI,4,159,2.2041199826559246
ACGACACTCCGGCTTC-1,C57BL6,0,0,0.0
ACGACACTCGTGCAAC-1,C57BL6,0,0,0.0
ACGACAGAGCCTCGAG-1,C57BL6,0,0,0.0
ACGACAGAGCTGACAC-1,C57BL6,0,0,0.0
ACGACCCCAACCTGCA-1,OTI,3,139,2.146128035678238
ACGACCCCAACTGCAT-1,C57BL6,1,10,1.0413926851582251
ACGACCCCAACTTCAA-1,OTI,2,37,1.5797835966168101
ACGACCCCACCTAACG-1,OTI,0,0,0.0
ACGACCCCACCTCTCG-1,OTI,3,54,1.7403626894942439
ACGACCCCACGCAACC-1,OTI,5,380,2.5809249756756194
ACGACCCCACTCTCCG-1,OTI,0,0,0.0
ACGACGAAGAAAGTGC-1,OTI,0,0,0.0
ACGACGAAGAATTCCG-1,OTI,3,226,2.3560258571931225
ACGACGAAGCAATGGG-1,C57BL6,5,9,1.0
ACGACGAAGCATGGAG-1,C57BL6,0,0,0.0
ACGACGAAGCCACTTT-1,OTI,5,186,2.271841606536499
ACGACGAAGCCAGCAT-1,C57BL6,0,0,0.0
ACGACGAAGCTCATAG-1,OTI,2,15,1.2041199826559248
ACGACGAAGCTTGATG-1,OTI,4,193,2.287801729930226
ACGACGAAGGTCTATG-1,OTI,4,312,2.4955443375464483
ACGACTATCAATACGT-1,C57BL6,12,16,1.2304489213782739
ACGACTATCACGCCTC-1,OTI,3,145,2.164352855784437
ACGACTATCACGTAAT-1,C57BL6,0,0,0.0
ACGACTATCACTATCC-1,C57BL6,1,3,0.6020599913279624
ACGACTATCAGACTGC-1,C57BL6,0,0,0.0
ACGACTATCAGGACTC-1,OTI,5,30,1.4913616938342726
ACGACTATCCAAATGT-1,C57BL6,1,1,0.3010299956639812
ACGACTATCCAGGGTT-1,OTI,0,0,0.0
ACGACTATCCCTTCGA-1,OTI,1,4,0.6989700043360189
ACGACTATCCGGCAAT-1,OTI,6,312,2.4955443375464483
ACGACTATCGCTCATT-1,C57BL6,0,0,0.0
ACGAGACCAAATTGAA-1,OTI,4,32,1.5185139398778875
ACGAGACCAACTCTCC-1,OTI,2,19,1.3010299956639813
ACGAGACCACCCTGAA-1,OTI,0,0,0.0
ACGAGACCACTTCTAT-1,OTI,7,161,2.2095150145426308
ACGAGCTTCATGTGGC-1,OTI,2,13,1.146128035678238
ACGAGCTTCCACCGCT-1,C57BL6,1,10,1.0413926851582251
ACGAGCTTCCGTCTAT-1,OTI,2,102,2.012837224705172
ACGAGCTTCCTCCGAC-1,OTI,4,22,1.3617278360175928
ACGAGCTTCGCGCAAT-1,C57BL6,3,6,0.8450980400142568
ACGAGCTTCGCTTCAT-1,OTI,3,32,1.5185139398778875
ACGAGCTTCGGACATC-1,C57BL6,2,26,1.4313637641589874
ACGAGGCAGAAAGCTA-1,OTI,0,0,0.0
ACGAGGCAGAACGGCA-1,OTI,3,50,1.7075701760979363
ACGAGGCAGAGCAACG-1,OTI,2,204,2.311753861055754
ACGAGGCAGCACATCA-1,OTI,2,66,1.8260748027008264
ACGAGGCAGCCAGGTT-1,C57BL6,0,0,0.0
ACGAGGTCAAACCGAA-1,OTI,1,17,1.255272505103306
ACGAGGTCAACCATCG-1,C57BL6,1,5,0.7781512503836436
ACGAGGTCACGTATCG-1,OTI,3,101,2.0086001717619175
ACGAGGTCAGCGTGCT-1,OTI,1,4,0.6989700043360189
ACGAGGTCAGGACAAC-1,OTI,8,118,2.0755469613925306
ACGAGTTGTACTGCGA-1,OTI,2,41,1.6232492903979006
ACGAGTTGTACTTATC-1,OTI,1,526,2.7218106152125467
ACGAGTTGTAGCAGGG-1,OTI,0,0,0.0
ACGAGTTGTCGCTTGT-1,OTI,0,0,0.0
ACGAGTTGTCGTGGTA-1,OTI,4,48,1.6901960800285136
ACGAGTTGTCTAGTGG-1,OTI,2,11,1.0791812460476249
ACGAGTTGTGGTTAGT-1,OTI,4,26,1.4313637641589874
ACGAGTTGTGTTGTAA-1,C57BL6,0,0,0.0
ACGATAGCAATTGCTA-1,C57BL6,0,0,0.0
ACGATAGCACCTACCT-1,OTI,3,513,2.710963118995276
ACGATAGCAGGAATCA-1,OTI,0,0,0.0
ACGATATTCACGATAT-1,C57BL6,1,5,0.7781512503836436
ACGATATTCATAAGCT-1,C57BL6,0,0,0.0
ACGATATTCATTGGGC-1,OTI,3,193,2.287801729930226
ACGATATTCCTGGGTG-1,C57BL6,0,0,0.0
ACGATATTCGCGTAGT-1,C57BL6,2,10,1.0413926851582251
ACGATATTCGGATTGC-1,OTI,2,14,1.1760912590556813
ACGATATTCGTTACCT-1,OTI,4,122,2.089905111439398
ACGATGGAGACAGTTT-1,OTI,1,3,0.6020599913279624
ACGATGGAGAGCCGAA-1,OTI,2,14,1.1760912590556813
ACGATGGAGAGCGGTA-1,C57BL6,0,0,0.0
ACGATGGAGATCTCGA-1,C57BL6,0,0,0.0
ACGATGGAGCATGTAT-1,OTI,3,238,2.3783979009481375
ACGATGGAGGTGCTAC-1,OTI,0,0,0.0
ACGATGGAGGTTCAGC-1,OTI,5,177,2.250420002308894
ACGCAACTCACTCCTG-1,OTI,4,4,0.6989700043360189
ACGCAACTCAGTTATA-1,C57BL6,0,0,0.0
ACGCAACTCATACCCT-1,OTI,1,40,1.6127838567197355
ACGCAACTCATGCAGC-1,OTI,3,45,1.662757831681574
ACGCAACTCCAATGTG-1,OTI,4,88,1.9493900066449128
ACGCAACTCCAGTACA-1,OTI,6,340,2.5327543789924976
ACGCAACTCCCGAATA-1,OTI,5,160,2.2068258760318495
ACGCAACTCCGATACA-1,C57BL6,1,20,1.3222192947339193
ACGCAACTCGCTAACA-1,OTI,5,58,1.7708520116421442
ACGCAACTCGCTCTCA-1,C57BL6,0,0,0.0
ACGCAACTCGTGATAT-1,OTI,4,95,1.9822712330395684
ACGCAATGTATCTCGC-1,OTI,5,219,2.342422680822206
ACGCAATGTCCTAGAG-1,OTI,0,0,0.0
ACGCAATGTGCCTCGC-1,OTI,9,341,2.534026106056135
ACGCAATGTGCGCTCC-1,OTI,6,53,1.7323937598229686
ACGCACCCAAATGAAC-1,OTI,3,85,1.9344984512435677
ACGCACCCAAGCCGAG-1,OTI,3,25,1.414973347970818
ACGCACCCACCACAGC-1,OTI,4,36,1.568201724066995
ACGCACCCAGCTAGCC-1,OTI,9,753,2.877371345869774
ACGCACCCAGTGTTAC-1,OTI,0,0,0.0
ACGCAGGCAACCTGCA-1,OTI,1,22,1.3617278360175928
ACGCAGGCAACTATCA-1,C57BL6,2,12,1.1139433523068367
ACGCAGGCAATCGGCC-1,OTI,2,135,2.1335389083702174
ACGCAGGCACCGTTAG-1,OTI,6,379,2.57978359661681
ACGCAGGCACTCATTT-1,OTI,3,124,2.0969100130080562
ACGCAGGCAGCAACCC-1,OTI,0,0,0.0
ACGCAGGCAGGTGATA-1,C57BL6,0,0,0.0
ACGCAGGCAGTCCACA-1,OTI,4,75,1.8808135922807914
ACGCAGGCAGTTAATT-1,OTI,4,43,1.6434526764861874
ACGCAGTTCAAAGCCC-1,OTI,1,3,0.6020599913279624
ACGCAGTTCACGCGTG-1,OTI,7,328,2.5171958979499744
ACGCAGTTCAGCCTCC-1,OTI,0,0,0.0
ACGCAGTTCCAGTAAT-1,OTI,2,134,2.130333768495006
ACGCAGTTCCTGCAAA-1,C57BL6,0,0,0.0
ACGCAGTTCGGCCAAT-1,OTI,1,9,1.0
ACGCATATCCCAGCTC-1,C57BL6,0,0,0.0
ACGCATATCCCATAAG-1,C57BL6,0,0,0.0
ACGCATATCCTGCTAT-1,OTI,1,45,1.662757831681574
ACGCATGGTAAATTCG-1,OTI,0,0,0.0
ACGCATGGTACTTATC-1,OTI,7,263,2.4216039268698313
ACGCATGGTCACAGCA-1,OTI,1,2,0.47712125471966244
ACGCATGGTCAGGTGC-1,OTI,0,0,0.0
ACGCATGGTCTTGTCA-1,C57BL6,0,0,0.0
ACGCATGGTGCTTAGG-1,OTI,3,134,2.130333768495006
ACGCATGGTGTTAGGT-1,OTI,2,15,1.2041199826559248
ACGCCACCACCGGAAG-1,C57BL6,4,4,0.6989700043360189
ACGCCACCACCTGACA-1,OTI,3,32,1.5185139398778875
ACGCCACCACGACACC-1,OTI,4,375,2.575187844927661
ACGCCACCAGGTGCGA-1,C57BL6,0,0,0.0
ACGCCACCAGTCTAAC-1,OTI,5,56,1.7558748556724915
ACGCCATAGATATGAG-1,OTI,3,160,2.2068258760318495
ACGCCATAGCACCCGA-1,OTI,3,116,2.0681858617461617
ACGCCATAGCGTTAGC-1,OTI,3,9,1.0
ACGCCATAGCTGACAC-1,C57BL6,0,0,0.0
ACGCCATAGGCGAAGC-1,OTI,4,99,2.0
ACGCCATAGGGGCTAA-1,OTI,0,0,0.0
ACGCCATAGGGTGTTC-1,OTI,5,454,2.6580113966571126
ACGCCCAAGAGCGAAT-1,C57BL6,0,0,0.0
ACGCCCAAGAGCTTTG-1,OTI,11,483,2.6848453616444123
ACGCCCAAGATAGTAG-1,OTI,2,61,1.792391689498254
ACGCCCAAGGGGTTGA-1,OTI,4,112,2.0530784434834195
ACGCCCAAGGGTTCGT-1,OTI,2,26,1.4313637641589874
ACGCCCAAGGTAACCC-1,OTI,0,0,0.0
ACGCCCTTCAAAGCAA-1,OTI,4,192,2.285557309007774
ACGCCCTTCATCCCAT-1,OTI,1,21,1.3424226808222062
ACGCCCTTCCACTCCA-1,OTI,4,37,1.5797835966168101
ACGCCCTTCCGGAAAG-1,OTI,6,124,2.0969100130080562
ACGCCCTTCCTGTCAT-1,OTI,4,6,0.8450980400142568
ACGCCCTTCCTTCATA-1,OTI,5,49,1.6989700043360187
ACGCCCTTCGGACTAC-1,OTI,1,11,1.0791812460476249
ACGCCCTTCGGCTTGG-1,C57BL6,0,0,0.0
ACGCCCTTCGTATACG-1,OTI,0,0,0.0
ACGCCGGGTAGCAGTT-1,OTI,3,34,1.5440680443502757
ACGCCGGGTGCGAGGA-1,OTI,3,58,1.7708520116421442
ACGCCGGGTGGATGTT-1,OTI,2,36,1.568201724066995
ACGCCGGGTGGCTTAG-1,C57BL6,2,9,1.0
ACGCCGGGTGGTTATA-1,OTI,5,133,2.1271047983648077
ACGCCTCTCAACGGCT-1,OTI,5,12,1.1139433523068367
ACGCCTCTCAACTGCA-1,C57BL6,0,0,0.0
ACGCCTCTCATGGAAA-1,OTI,2,83,1.9242792860618816
ACGCCTCTCATGGCGT-1,OTI,0,0,0.0
ACGCCTCTCCCAGAAC-1,C57BL6,0,0,0.0
ACGCCTCTCCCATAAG-1,OTI,5,50,1.7075701760979363
ACGCCTCTCCGCATAA-1,C57BL6,3,21,1.3424226808222062
ACGCCTCTCGCACCTC-1,OTI,5,441,2.645422269349092
ACGCCTCTCGTTCTAC-1,OTI,3,37,1.5797835966168101
ACGCGAAAGCTACATG-1,OTI,4,195,2.292256071356476
ACGCGAAAGCTCGATA-1,C57BL6,5,5,0.7781512503836436
ACGCGAAAGGCTAGAG-1,C57BL6,0,0,0.0
ACGCGAAAGGTCCGCA-1,OTI,5,165,2.220108088040055
ACGCGAGCACCACTCT-1,C57BL6,0,0,0.0
ACGCGCATCACCAATG-1,C57BL6,0,0,0.0
ACGCGCATCATTAAGC-1,OTI,3,339,2.531478917042255
ACGCGCATCCAACAGC-1,C57BL6,5,6,0.8450980400142568
ACGCGCATCCAATCAG-1,OTI,2,4,0.6989700043360189
ACGCGCATCCCGCTTA-1,C57BL6,0,0,0.0
ACGCGCGGTAATGTGC-1,OTI,3,59,1.7781512503836436
ACGCGCGGTAGCGGGA-1,C57BL6,0,0,0.0
ACGCGCGGTAGGACGG-1,OTI,0,0,0.0
ACGCGCGGTCGATTGG-1,OTI,2,18,1.2787536009528289
ACGCGCGGTCGTATGG-1,C57BL6,0,0,0.0
ACGCGCGGTCTTGGTC-1,OTI,3,43,1.6434526764861874
ACGCGCGGTGGGTCTA-1,OTI,0,0,0.0
ACGCGCGGTGTTCGTC-1,OTI,0,0,0.0
ACGCGCTCAACAGTCT-1,C57BL6,3,22,1.3617278360175928
ACGCGCTCAATCAGTC-1,OTI,1,11,1.0791812460476249
ACGCGCTCACCAATTA-1,OTI,2,50,1.7075701760979363
ACGCGCTCACGCGACT-1,OTI,1,3,0.6020599913279624
ACGCGCTCAGCTGTAT-1,OTI,4,151,2.1818435879447726
ACGCGCTCAGGGACAT-1,OTI,0,0,0.0
ACGCGCTCAGGTTCGC-1,C57BL6,1,35,1.5563025007672873
ACGCGTCCAAAAGCCA-1,C57BL6,0,0,0.0
ACGCGTCCAAAGTGCA-1,OTI,6,217,2.3384564936046046
ACGCGTCCAAGCTTTA-1,C57BL6,1,1,0.3010299956639812
ACGCGTCCACACGGTC-1,C57BL6,0,0,0.0
ACGCGTGTCAACAGCC-1,OTI,6,196,2.294466226161593
ACGCGTGTCACGCAGT-1,OTI,1,5,0.7781512503836436
ACGCGTGTCAGTTTGG-1,C57BL6,0,0,0.0
ACGCGTGTCCAGCCTC-1,OTI,0,0,0.0
ACGCGTGTCCGTATTC-1,OTI,1,104,2.0211892990699383
ACGCGTGTCGCACCTC-1,OTI,3,608,2.784617292632875
ACGCGTGTCGCTATAG-1,OTI,7,225,2.3541084391474008
ACGCGTGTCGGGCTCA-1,OTI,1,6,0.8450980400142568
ACGCGTGTCGTGATAT-1,C57BL6,0,0,0.0
ACGCGTTAGAAGGCAT-1,C57BL6,0,0,0.0
ACGCGTTAGAGGGCGT-1,OTI,2,5,0.7781512503836436
ACGCGTTAGCCTCGTC-1,C57BL6,0,0,0.0
ACGCGTTAGGCTAACC-1,OTI,0,0,0.0
ACGCTAATCAATGGTT-1,OTI,1,20,1.3222192947339193
ACGCTAATCACTGTTC-1,OTI,0,0,0.0
ACGCTAATCAGGCTTA-1,OTI,3,85,1.9344984512435677
ACGCTAATCATACTCC-1,OTI,0,0,0.0
ACGCTAATCCAATGTG-1,C57BL6,0,0,0.0
ACGCTAATCCAGCCCT-1,OTI,2,134,2.130333768495006
ACGCTAATCCCACAGG-1,OTI,16,261,2.4183012913197452
ACGCTAATCCGCCGTT-1,OTI,8,61,1.792391689498254
ACGCTAATCCGGTCAG-1,OTI,4,398,2.6009728956867484
ACGCTAATCCTCCGGT-1,C57BL6,0,0,0.0
ACGCTCACAAAGGGGA-1,OTI,1,5,0.7781512503836436
ACGCTCACAATGGCGG-1,OTI,5,268,2.429752280002408
ACGCTCACACAGCGGA-1,OTI,2,4,0.6989700043360189
ACGCTCACACATTGGT-1,C57BL6,0,0,0.0
ACGCTCACACGTCAGC-1,OTI,1,10,1.0413926851582251
ACGCTCACACTATAAT-1,C57BL6,1,1,0.3010299956639812
ACGCTCACACTCCTTA-1,C57BL6,0,0,0.0
ACGCTCACAGCGACAG-1,C57BL6,1,5,0.7781512503836436
ACGCTCACAGGTTCGC-1,OTI,2,18,1.2787536009528289
ACGCTCCTCATCGGCG-1,OTI,3,125,2.100370545117563
ACGCTCCTCATCTCCG-1,C57BL6,1,1,0.3010299956639812
ACGCTCCTCCAAATTA-1,C57BL6,1,5,0.7781512503836436
ACGCTCCTCCAGTACA-1,OTI,2,16,1.2304489213782739
ACGCTCCTCCGATAAT-1,OTI,7,188,2.2764618041732443
ACGCTCCTCGCTCATT-1,C57BL6,3,18,1.2787536009528289
ACGCTGAGTAACTTCT-1,OTI,3,52,1.724275869600789
ACGCTGAGTACTACAA-1,C57BL6,0,0,0.0
ACGCTGAGTAGCTGGC-1,OTI,2,13,1.146128035678238
ACGCTGAGTCCGGCCT-1,OTI,2,13,1.146128035678238
ACGCTGAGTCCTTTAG-1,OTI,1,15,1.2041199826559248
ACGCTGAGTCTGGTAG-1,OTI,2,14,1.1760912590556813
ACGCTGAGTCTTAGGG-1,OTI,3,54,1.7403626894942439
ACGCTGAGTGCGAGGA-1,OTI,2,385,2.586587304671755
ACGCTGAGTGCTCGTT-1,OTI,4,275,2.4409090820652177
ACGCTGAGTGGAAGTA-1,C57BL6,0,0,0.0
ACGCTGAGTGGCATAT-1,OTI,2,20,1.3222192947339193
ACGCTGAGTGGGTTCA-1,C57BL6,0,0,0.0
ACGCTGTAGAACATAG-1,C57BL6,6,8,0.9542425094393249
ACGCTGTAGAGCAGAT-1,OTI,0,0,0.0
ACGCTGTAGCGAATGG-1,OTI,3,3,0.6020599913279624
ACGCTGTAGCTATAGT-1,OTI,4,116,2.0681858617461617
ACGCTGTAGGCGGAGT-1,OTI,5,503,2.7024305364455254
ACGCTGTAGGTCCACG-1,C57BL6,1,10,1.0413926851582251
ACGCTTCGTACGCATG-1,OTI,2,13,1.146128035678238
ACGCTTCGTATGTACA-1,C57BL6,0,0,0.0
ACGCTTCGTCGATCAG-1,OTI,0,0,0.0
ACGCTTCGTCTAGGTG-1,OTI,0,0,0.0
ACGGACGCAAGGGGAA-1,OTI,8,143,2.1583624920952498
ACGGACGCAATGAATA-1,OTI,3,268,2.429752280002408
ACGGACGCACAACGCC-1,OTI,2,32,1.5185139398778875
ACGGACGCACCAGCTA-1,OTI,3,116,2.0681858617461617
ACGGACGCACCGAATT-1,C57BL6,5,20,1.3222192947339193
ACGGACGCACGAGTAA-1,C57BL6,1,1,0.3010299956639812
ACGGACGCACGTAAAG-1,OTI,1,13,1.146128035678238
ACGGACGCACTACTTT-1,C57BL6,0,0,0.0
ACGGACGCACTCGAGC-1,OTI,4,269,2.4313637641589874
ACGGACGCACTGGAGG-1,C57BL6,0,0,0.0
ACGGACGCAGCGCTAC-1,C57BL6,0,0,0.0
ACGGACGCAGGGACAT-1,OTI,3,18,1.2787536009528289
ACGGAGCAGAACAGGT-1,C57BL6,0,0,0.0
ACGGAGCAGCCATCAA-1,OTI,1,7,0.9030899869919435
ACGGATTGTCTAACTT-1,OTI,0,0,0.0
ACGGCAAAGACAGCGA-1,C57BL6,0,0,0.0
ACGGCAAAGACGTCAC-1,OTI,6,108,2.037426497940624
ACGGCAAAGAGCGGTA-1,OTI,8,107,2.03342375548695
ACGGCAAAGCACCTTT-1,C57BL6,0,0,0.0
ACGGCAAAGCGCATTA-1,C57BL6,0,0,0.0
ACGGCAAAGGCAACGA-1,OTI,4,117,2.0718820073061255
ACGGCAAAGGCGTTAC-1,OTI,4,47,1.6812412373755872
ACGGCAAAGGGACACA-1,OTI,0,0,0.0
ACGGCAGCAAATTACT-1,C57BL6,2,4,0.6989700043360189
ACGGCAGCAAGAGGTC-1,C57BL6,1,9,1.0
ACGGCAGCACGAATCT-1,OTI,3,67,1.8325089127062364
ACGGCAGCACGTAACT-1,OTI,1,6,0.8450980400142568
ACGGCCATCAAGCACC-1,C57BL6,1,9,1.0
ACGGCCATCAGCTATG-1,OTI,1,130,2.1172712956557644
ACGGCCATCATACCTC-1,C57BL6,1,7,0.9030899869919435
ACGGCCATCCGGCAAT-1,OTI,4,63,1.806179973983887
ACGGGATCAACATGGA-1,C57BL6,0,0,0.0
ACGGGATCAATTCATG-1,C57BL6,0,0,0.0
ACGGGATCAATTGCTA-1,OTI,10,321,2.507855871695831
ACGGGATCACGATAAG-1,OTI,1,27,1.4471580313422192
ACGGGATCAGCCATAT-1,OTI,0,0,0.0
ACGGGATCAGGAGTTA-1,OTI,1,51,1.7160033436347992
ACGGGATCAGTCCACA-1,C57BL6,0,0,0.0
ACGGGATCAGTTACCG-1,OTI,1,15,1.2041199826559248
ACGGGCTGTATAGGGA-1,OTI,1,7,0.9030899869919435
ACGGGCTGTATATCCT-1,OTI,2,41,1.6232492903979006
ACGGGCTGTCAGCATG-1,C57BL6,2,77,1.8920946026904804
ACGGGCTGTCGCTGCC-1,C57BL6,0,0,0.0
ACGGGCTGTCGTAATA-1,C57BL6,1,6,0.8450980400142568
ACGGGCTGTCGTAGAT-1,OTI,1,22,1.3617278360175928
ACGGGCTGTCGTAGTG-1,OTI,0,0,0.0
ACGGGGTAGATACCAT-1,OTI,0,0,0.0
ACGGGGTAGATATGAG-1,C57BL6,0,0,0.0
ACGGGGTAGATGAAGC-1,OTI,3,260,2.416640507338281
ACGGGGTAGCTATCAG-1,C57BL6,0,0,0.0
ACGGGGTAGGGTGTTC-1,C57BL6,0,0,0.0
ACGGGTAAGACTCGAC-1,OTI,2,56,1.7558748556724915
ACGGGTAAGCCATCAA-1,C57BL6,0,0,0.0
ACGGGTAAGCCTGACG-1,OTI,9,444,2.6483600109809315
ACGGGTAAGGCTTCGG-1,OTI,4,45,1.662757831681574
ACGGGTCGTACCCCTG-1,C57BL6,1,8,0.9542425094393249
ACGGGTCGTAGTGAGA-1,OTI,4,251,2.401400540781544
ACGGGTCGTATCTCTG-1,OTI,7,295,2.4712917110589387
ACGGGTCGTCAAGTTA-1,OTI,1,5,0.7781512503836436
ACGGGTCGTCCACGTT-1,OTI,1,2,0.47712125471966244
ACGGGTCGTCGAAGGG-1,OTI,3,179,2.255272505103306
ACGGGTCGTCTCATTG-1,OTI,6,469,2.6720978579357175
ACGGGTCGTGGCTTCT-1,C57BL6,0,0,0.0
ACGGGTTTCACACGGT-1,OTI,6,58,1.7708520116421442
ACGGGTTTCACTGTCT-1,C57BL6,1,2,0.47712125471966244
ACGGGTTTCATAACAC-1,C57BL6,0,0,0.0
ACGGGTTTCATAACGT-1,C57BL6,1,12,1.1139433523068367
ACGGGTTTCATGAGTT-1,OTI,1,7,0.9030899869919435
ACGGGTTTCCTGCACC-1,OTI,5,63,1.806179973983887
ACGGGTTTCGCCACTC-1,OTI,7,324,2.5118833609788744
ACGGGTTTCGTACAAT-1,OTI,0,0,0.0
ACGGTCAGTCAGGATT-1,OTI,2,8,0.9542425094393249
ACGGTCAGTCCTTGTA-1,OTI,4,245,2.3909351071033793
ACGGTCAGTGTTAAGC-1,OTI,0,0,0.0
ACGGTCCCAAATTAAG-1,OTI,1,8,0.9542425094393249
ACGGTCCCAAATTGGG-1,OTI,1,1,0.3010299956639812
ACGGTCCCAACCTGCA-1,OTI,4,76,1.8864907251724818
ACGGTCCCAAGACGAC-1,OTI,0,0,0.0
ACGGTCCCACATCAGT-1,C57BL6,1,16,1.2304489213782739
ACGGTCCCACTATACA-1,OTI,1,71,1.8573324964312685
ACGGTCCCAGCAATCT-1,OTI,1,203,2.3096301674258988
ACGGTCCCAGCATGGG-1,OTI,0,0,0.0
ACGGTCGTCACATTCC-1,C57BL6,0,0,0.0
ACGGTCGTCAGTTTAA-1,C57BL6,0,0,0.0
ACGGTCGTCATAGGGG-1,OTI,3,276,2.4424797690644486
ACGGTCGTCCATTCTA-1,C57BL6,0,0,0.0
ACGGTCGTCCTCTCCT-1,OTI,8,195,2.292256071356476
ACGGTCGTCGCCCTAC-1,C57BL6,1,1,0.3010299956639812
ACGGTCGTCGGGTCCA-1,OTI,0,0,0.0
ACGGTGCGTATCAGTA-1,OTI,6,42,1.6334684555795864
ACGGTGCGTATGCGCA-1,C57BL6,1,5,0.7781512503836436
ACGGTGCGTCATAGCG-1,C57BL6,1,1,0.3010299956639812
ACGGTGCGTCGGGGTT-1,OTI,3,67,1.8325089127062364
ACGGTGTTCAATGCGC-1,OTI,0,0,0.0
ACGGTGTTCCACCCAC-1,C57BL6,3,12,1.1139433523068367
ACGGTGTTCGCCATAA-1,OTI,0,0,0.0
ACGGTGTTCGGACACT-1,OTI,6,148,2.173186268412274
ACGGTTATCAACTCCT-1,OTI,5,214,2.3324384599156054
ACGGTTATCAATGTAC-1,OTI,3,42,1.6334684555795864
ACGGTTATCACTCCTG-1,OTI,4,30,1.4913616938342726
ACGGTTATCATCATCC-1,OTI,1,10,1.0413926851582251
ACGGTTATCCAATCAG-1,OTI,2,21,1.3424226808222062
ACGGTTATCCGGGAAA-1,C57BL6,2,17,1.255272505103306
ACGGTTATCCTCTAGT-1,C57BL6,2,27,1.4471580313422192
ACGGTTATCGCTTCGC-1,OTI,2,53,1.7323937598229686
ACGGTTATCGTATTCC-1,OTI,2,38,1.591064607026499
ACGGTTATCGTTCGTT-1,OTI,4,117,2.0718820073061255
ACGGTTGGTAATTTGG-1,OTI,5,75,1.8808135922807914
ACGGTTGGTACGCTTC-1,C57BL6,13,19,1.3010299956639813
ACGGTTGGTAGAGATG-1,OTI,0,0,0.0
ACGGTTGGTAGGATAG-1,OTI,6,114,2.060697840353612
ACGGTTGGTAGTTTAG-1,OTI,2,274,2.439332693830263
ACGGTTGGTATCTCAT-1,OTI,2,141,2.1522883443830563
ACGGTTGGTCAATTAG-1,OTI,3,41,1.6232492903979006
ACGGTTGGTCCGCCTA-1,C57BL6,0,0,0.0
ACGGTTGGTGCACGTA-1,OTI,2,33,1.5314789170422551
ACGGTTGGTGCGGGTT-1,C57BL6,0,0,0.0
ACGTAAGCAAAATGAC-1,OTI,1,9,1.0
ACGTAAGCAAATCTCA-1,OTI,0,0,0.0
ACGTAAGCAAGCAGTA-1,C57BL6,2,11,1.0791812460476249
ACGTAAGCAGGTAACA-1,OTI,6,313,2.496929648073215
ACGTAAGCAGTACGCC-1,OTI,8,179,2.255272505103306
ACGTAAGCAGTAGCCC-1,OTI,2,6,0.8450980400142568
ACGTAAGCAGTGTCGC-1,C57BL6,0,0,0.0
ACGTAATTCACCATTC-1,C57BL6,0,0,0.0
ACGTAATTCACCTCCA-1,OTI,6,282,2.45178643552429
ACGTAATTCAGCGTAC-1,OTI,1,5,0.7781512503836436
ACGTAATTCCCTTGTG-1,C57BL6,0,0,0.0
ACGTAATTCGTTGCTT-1,C57BL6,0,0,0.0
ACGTACTCACAGTCGC-1,C57BL6,1,108,2.037426497940624
ACGTACTCACGACACC-1,OTI,1,4,0.6989700043360189
ACGTACTCAGCATGCC-1,OTI,1,87,1.9444826721501687
ACGTATGTCATAATTG-1,C57BL6,6,9,1.0
ACGTATGTCATGCGTA-1,C57BL6,0,0,0.0
ACGTATGTCCATCTAC-1,OTI,3,100,2.0043213737826426
ACGTATGTCCCTTCCT-1,OTI,6,596,2.775974331129369
ACGTATGTCGGGTTCG-1,OTI,0,0,0.0
ACGTATTAGAACCCAC-1,C57BL6,0,0,0.0
ACGTATTAGACATAAG-1,C57BL6,0,0,0.0
ACGTATTAGATGCCAC-1,OTI,2,157,2.1986570869544226
ACGTATTAGCACCTAA-1,OTI,5,100,2.0043213737826426
ACGTATTAGCCCAACG-1,C57BL6,0,0,0.0
ACGTATTAGCTCGGCA-1,C57BL6,0,0,0.0
ACGTCAATCGCCACTC-1,C57BL6,0,0,0.0
ACGTCACAGACGACGA-1,OTI,3,76,1.8864907251724818
ACGTCACAGAGGGCGT-1,OTI,1,4,0.6989700043360189
ACGTCACAGATCTTGG-1,OTI,2,92,1.968482948553935
ACGTCACAGATGGTGG-1,OTI,1,11,1.0791812460476249
ACGTCACAGCCGCACA-1,OTI,1,15,1.2041199826559248
ACGTCACAGGCGTTTA-1,OTI,0,0,0.0
ACGTCAGGTAATGGGA-1,OTI,3,18,1.2787536009528289
ACGTCAGGTACCTTGC-1,OTI,0,0,0.0
ACGTCAGGTAGGCGCT-1,C57BL6,2,94,1.9777236052888478
ACGTCAGGTGCTACAG-1,C57BL6,0,0,0.0
ACGTCAGGTGTGGTGC-1,OTI,1,2,0.47712125471966244
ACGTCCACAAAGCTAG-1,C57BL6,0,0,0.0
ACGTCCACAACAGTCT-1,OTI,2,15,1.2041199826559248
ACGTCCACAACGTGCC-1,C57BL6,1,1,0.3010299956639812
ACGTCCACAACTCACG-1,C57BL6,0,0,0.0
ACGTCCACAGCAGCGA-1,OTI,2,47,1.6812412373755872
ACGTCCACAGGAAGCT-1,OTI,2,13,1.146128035678238
ACGTCCCTCATGTGGC-1,C57BL6,0,0,0.0
ACGTCCCTCCGGCAAT-1,C57BL6,0,0,0.0
ACGTCCCTCCTAGCCC-1,OTI,2,60,1.7853298350107671
ACGTCCCTCGCCATAA-1,C57BL6,1,4,0.6989700043360189
ACGTCCGAGACTATGT-1,C57BL6,1,3,0.6020599913279624
ACGTCCGAGACTTACG-1,C57BL6,0,0,0.0
ACGTCCGAGAGCCGTT-1,C57BL6,0,0,0.0
ACGTCCGAGATACGGG-1,OTI,2,191,2.2833012287035497
ACGTCCGAGCCTGTGG-1,OTI,7,92,1.968482948553935
ACGTCCGAGCGAGTCT-1,C57BL6,0,0,0.0
ACGTCCGAGGTCCTTT-1,OTI,7,114,2.060697840353612
ACGTCGCCAAGCGATA-1,OTI,5,85,1.9344984512435677
ACGTCGCCACATATCA-1,C57BL6,0,0,0.0
ACGTCGCCAGCGCACT-1,OTI,2,8,0.9542425094393249
ACGTCGCCAGCGGTAG-1,OTI,1,4,0.6989700043360189
ACGTCGGTCAACGCAC-1,OTI,6,246,2.392696953259666
ACGTCGGTCAAGCATT-1,OTI,5,38,1.591064607026499
ACGTCGGTCACCCCTA-1,OTI,4,49,1.6989700043360187
ACGTCGGTCAGCCTCC-1,OTI,3,45,1.662757831681574
ACGTCGGTCCACTTCG-1,OTI,8,134,2.130333768495006
ACGTCGGTCCCGCCAT-1,C57BL6,0,0,0.0
ACGTCGGTCCGCACTC-1,OTI,2,91,1.9637878273455553
ACGTCGGTCCTCTGCA-1,C57BL6,6,169,2.230448921378274
ACGTCTCGTACTACAA-1,OTI,5,152,2.184691430817599
ACGTCTCGTATGGCGC-1,OTI,3,24,1.3979400086720377
ACGTCTCGTCCATTTG-1,OTI,2,422,2.6263403673750423
ACGTCTCGTCCCTTGG-1,C57BL6,0,0,0.0
ACGTCTCGTCCGACAA-1,OTI,1,10,1.0413926851582251
ACGTCTCGTCTACTGC-1,C57BL6,0,0,0.0
ACGTCTCGTGGATTGT-1,C57BL6,1,16,1.2304489213782739
ACGTCTCGTGGTTAGT-1,OTI,2,82,1.919078092376074
ACGTCTCGTGGTTCAG-1,C57BL6,1,2,0.47712125471966244
ACGTGATGTACTACCC-1,C57BL6,0,0,0.0
ACGTGATGTCGTTGGA-1,C57BL6,0,0,0.0
ACGTGATGTCTATCGC-1,OTI,0,0,0.0
ACGTGATGTGTTGTGG-1,C57BL6,0,0,0.0
ACGTGCAGTCCGATAG-1,OTI,0,0,0.0
ACGTGCAGTCGGTTAG-1,OTI,4,307,2.4885507165004443
ACGTGCAGTCTAAAGC-1,OTI,4,96,1.9867717342662448
ACGTGCAGTGGTAAAG-1,OTI,3,59,1.7781512503836436
ACGTGCAGTGTTACCC-1,OTI,2,150,2.1789769472931693
ACGTGCCCAACCCGTA-1,OTI,1,5,0.7781512503836436
ACGTGCCCAACGCAGG-1,OTI,2,11,1.0791812460476249
ACGTGCCCAAGGACCG-1,OTI,5,304,2.484299839346786
ACGTGCCCACAACATC-1,OTI,1,3,0.6020599913279624
ACGTGCCCACTAGGGG-1,OTI,2,140,2.1492191126553797
ACGTGCCCAGCACGGA-1,OTI,6,71,1.8573324964312685
ACGTGCCCAGCCTTTC-1,OTI,2,18,1.2787536009528289
ACGTGCCCAGGACTAA-1,OTI,1,71,1.8573324964312685
ACGTGCCCAGTATAGG-1,C57BL6,1,20,1.3222192947339193
ACGTGCCCAGTTACTA-1,OTI,5,47,1.6812412373755872
ACGTGGGCAAACTCAC-1,C57BL6,0,0,0.0
ACGTGGGCAACAATCC-1,OTI,3,170,2.2329961103921536
ACGTGGGCAAGGGGAA-1,C57BL6,0,0,0.0
ACGTGGGCAAGGGTCG-1,C57BL6,0,0,0.0
ACGTGGGCACATCACG-1,OTI,0,0,0.0
ACGTGGGCACCGGACT-1,C57BL6,0,0,0.0
ACGTGGGCAGCATGGG-1,C57BL6,1,6,0.8450980400142568
ACGTGGTTCATGGCGT-1,C57BL6,1,11,1.0791812460476249
ACGTGGTTCCCCTTAG-1,OTI,3,27,1.4471580313422192
ACGTGGTTCCTCGCAC-1,OTI,3,329,2.5185139398778875
ACGTGGTTCCTTATGC-1,OTI,0,0,0.0
ACGTGTCAGAAGCATA-1,OTI,0,0,0.0
ACGTGTCAGAGCAACG-1,C57BL6,0,0,0.0
ACGTGTCAGAGGCAGC-1,C57BL6,0,0,0.0
ACGTGTCAGAGGGATT-1,C57BL6,0,0,0.0
ACGTGTCAGAGTTGCC-1,OTI,3,582,2.765668554759014
ACGTGTCAGCATTCAG-1,OTI,3,106,2.0293837776852097
ACGTGTCAGCCTGATA-1,OTI,8,122,2.089905111439398
ACGTGTCAGCTACTGA-1,OTI,0,0,0.0
ACGTGTCAGCTTCGTT-1,OTI,4,191,2.2833012287035497
ACGTGTCAGGGGCATA-1,C57BL6,1,1,0.3010299956639812
ACGTGTCAGGGTTAGG-1,C57BL6,0,0,0.0
ACGTTACCAAGCTGGG-1,OTI,0,0,0.0
ACGTTACCAATCGCGC-1,OTI,1,171,2.2355284469075487
ACGTTACCACGACACC-1,C57BL6,0,0,0.0
ACGTTATAGGCGCATT-1,C57BL6,0,0,0.0
ACGTTATAGGTAATTC-1,OTI,4,39,1.6020599913279623
ACGTTCCGTCTGTGGA-1,OTI,2,4,0.6989700043360189
ACGTTCCGTCTGTTAT-1,OTI,1,27,1.4471580313422192
ACGTTCCGTCTTAGTT-1,OTI,0,0,0.0
ACGTTCCGTGTCGATG-1,OTI,0,0,0.0
ACGTTCGCAACGCGCT-1,OTI,1,9,1.0
ACGTTCGCAACGTTCG-1,OTI,2,54,1.7403626894942439
ACGTTCGCAAGCGGCA-1,C57BL6,0,0,0.0
ACGTTCGCAATCAACC-1,OTI,7,82,1.919078092376074
ACGTTCGCACCAAATC-1,OTI,10,709,2.8512583487190755
ACGTTCGCACCATTCC-1,OTI,0,0,0.0
ACGTTCGCACCTGCTT-1,OTI,4,18,1.2787536009528289
ACGTTCGCAGCCACTA-1,OTI,5,1306,3.116275587580544
ACGTTCGCAGGTCATT-1,OTI,2,351,2.546542663478131
ACGTTCGCAGTCTGCA-1,OTI,0,0,0.0
ACGTTCGCAGTGTTAC-1,OTI,0,0,0.0
ACGTTCGCAGTTGGAA-1,OTI,1,1,0.3010299956639812
ACGTTGGGTCAAGTTA-1,OTI,1,1,0.3010299956639812
ACGTTGGGTCACGCTT-1,OTI,4,86,1.9395192526186185
ACGTTGGGTCAGTTGG-1,C57BL6,1,4,0.6989700043360189
ACGTTGGGTCTAGCAG-1,OTI,3,19,1.3010299956639813
ACGTTGGGTGGATTCG-1,C57BL6,4,4,0.6989700043360189
ACGTTGGGTGTCGCGG-1,OTI,2,342,2.5352941200427703
ACGTTTACAAAGGACC-1,C57BL6,0,0,0.0
ACGTTTACAACTCGCA-1,OTI,4,59,1.7781512503836436
ACGTTTACACAGTTCG-1,OTI,3,16,1.2304489213782739
ACGTTTACACTATCTT-1,C57BL6,0,0,0.0
ACGTTTACACTGTACG-1,OTI,2,166,2.2227164711475833
ACGTTTACAGCCTTAG-1,OTI,3,46,1.6720978579357175
ACGTTTACAGTCTATA-1,C57BL6,0,0,0.0
ACTAAACTCAGTATGT-1,OTI,5,75,1.8808135922807914
ACTAAACTCCATGGCG-1,C57BL6,0,0,0.0
ACTAAACTCCGGGAAA-1,OTI,3,138,2.143014800254095
ACTAAACTCGGACACT-1,OTI,3,49,1.6989700043360187
ACTAAACTCGTAGGTC-1,OTI,2,32,1.5185139398778875
ACTAACCCAACTATCA-1,C57BL6,7,46,1.6720978579357175
ACTAACCCAATTCGGT-1,OTI,0,0,0.0
ACTAACCCACAGGCGA-1,OTI,5,130,2.1172712956557644
ACTAACCCACTTAACA-1,OTI,2,38,1.591064607026499
ACTAACCCAGGAATCA-1,OTI,1,10,1.0413926851582251
ACTAACCCAGGGTGCA-1,OTI,2,39,1.6020599913279623
ACTAACGTCAACTATA-1,OTI,0,0,0.0
ACTAACGTCAATATTG-1,C57BL6,0,0,0.0
ACTAACGTCCGTAAAT-1,OTI,3,48,1.6901960800285136
ACTAACGTCGGATCCG-1,OTI,3,23,1.380211241711606
ACTAAGCGTAATGGGA-1,OTI,6,141,2.1522883443830563
ACTAAGCGTACAGCGC-1,OTI,2,22,1.3617278360175928
ACTAAGCGTACTTGCC-1,C57BL6,1,7,0.9030899869919435
ACTAAGCGTCCTCGAT-1,OTI,1,4,0.6989700043360189
ACTAAGGCAACGTTAC-1,C57BL6,0,0,0.0
ACTAAGGCACACAAGA-1,OTI,1,7,0.9030899869919435
ACTAAGGCACATAGAG-1,OTI,2,14,1.1760912590556813
ACTAAGGCACCTTCTA-1,OTI,4,22,1.3617278360175928
ACTAAGGCACGCACTA-1,OTI,1,2,0.47712125471966244
ACTAATATCACGACTA-1,C57BL6,1,3,0.6020599913279624
ACTAATATCACGCCTC-1,OTI,0,0,0.0
ACTAATATCCAGCTCC-1,OTI,0,0,0.0
ACTAATATCCATCGTT-1,C57BL6,1,2,0.47712125471966244
ACTAATATCCCTAGGG-1,OTI,1,50,1.7075701760979363
ACTAATATCGCTTTCG-1,C57BL6,0,0,0.0
ACTAATATCGGCGCTA-1,C57BL6,1,1,0.3010299956639812
ACTAATATCGTACGTA-1,C57BL6,1,14,1.1760912590556813
ACTAATCAGGCTTACA-1,OTI,9,253,2.404833716619938
ACTAATCAGGGGTACA-1,OTI,0,0,0.0
ACTAATGGTATGCCGA-1,C57BL6,0,0,0.0
ACTAATGGTATTGCCC-1,OTI,1,8,0.9542425094393249
ACTAATGGTATTGGTA-1,C57BL6,0,0,0.0
ACTAATGGTCCACGGG-1,OTI,2,129,2.113943352306837
ACTAATGGTCGATTCC-1,OTI,1,78,1.8976270912904414
ACTAATGGTGCAATCG-1,OTI,0,0,0.0
ACTAATGGTGCATTCC-1,OTI,2,13,1.146128035678238
ACTAATTCAAATGAAC-1,OTI,3,48,1.6901960800285136
ACTAATTCAAATGACG-1,C57BL6,0,0,0.0
ACTAATTCAACTGGGG-1,OTI,5,53,1.7323937598229686
ACTAATTCAAGCCGTC-1,C57BL6,3,21,1.3424226808222062
ACTAATTCAAGCGCGA-1,OTI,8,139,2.146128035678238
ACTAATTCACCTTTCA-1,OTI,4,271,2.4345689040341987
ACTAATTCACTCATAA-1,C57BL6,0,0,0.0
ACTACAAGTAGGCAGG-1,OTI,4,53,1.7323937598229686
ACTACAAGTCATCGGA-1,OTI,3,35,1.5563025007672873
ACTACAAGTCCCATGT-1,OTI,1,2,0.47712125471966244
ACTACAAGTCCGTCCA-1,C57BL6,0,0,0.0
ACTACAAGTCGGATAT-1,OTI,4,525,2.7209857441537393
ACTACAAGTGGATTTA-1,C57BL6,0,0,0.0
ACTACATAGAATGGCG-1,OTI,5,128,2.110589710299249
ACTACATAGAATGTTC-1,C57BL6,0,0,0.0
ACTACATAGACCTTAG-1,OTI,2,32,1.5185139398778875
ACTACATAGCAAAGGT-1,OTI,2,29,1.4771212547196624
ACTACATAGCAGTATT-1,OTI,1,6,0.8450980400142568
ACTACATAGCCTTGCC-1,C57BL6,1,6,0.8450980400142568
ACTACATAGCCTTTCG-1,OTI,3,42,1.6334684555795864
ACTACATAGCTATTGG-1,OTI,1,2,0.47712125471966244
ACTACCCGTAACTCGG-1,OTI,4,101,2.0086001717619175
ACTACCCGTAATCCGG-1,OTI,1,44,1.6532125137753437
ACTACCCGTCCGTTTA-1,OTI,5,320,2.506505032404872
ACTACCCGTGGTCTAG-1,OTI,1,4,0.6989700043360189
ACTACCTTCACAGCGT-1,OTI,6,299,2.4771212547196626
ACTACCTTCAGTAAAG-1,C57BL6,0,0,0.0
ACTACCTTCATCTCTA-1,C57BL6,0,0,0.0
ACTACCTTCCCGGGTA-1,OTI,2,19,1.3010299956639813
ACTACCTTCCGGTGCA-1,OTI,0,0,0.0
ACTACCTTCCGTAACA-1,OTI,1,6,0.8450980400142568
ACTACCTTCCGTTTCG-1,OTI,3,61,1.792391689498254
ACTACCTTCGCGAAAG-1,OTI,2,46,1.6720978579357175
ACTACCTTCGCTATAG-1,OTI,1,4,0.6989700043360189
ACTACCTTCGTAAATC-1,OTI,1,1,0.3010299956639812
ACTACGGGTACTTCTG-1,C57BL6,2,50,1.7075701760979363
ACTACGGGTAGCCAGC-1,C57BL6,1,2,0.47712125471966244
ACTACGGGTAGTCCAG-1,OTI,1,5,0.7781512503836436
ACTACGGGTCCCTGAT-1,OTI,0,0,0.0
ACTACGGGTCGGAATT-1,C57BL6,0,0,0.0
ACTACGGGTGGGTCTA-1,OTI,0,0,0.0
ACTACGGGTGTTAGGT-1,C57BL6,1,3,0.6020599913279624
ACTACTCTCACGTAAT-1,OTI,4,106,2.0293837776852097
ACTACTCTCAGCCAAC-1,OTI,2,13,1.146128035678238
ACTACTCTCCAACTTC-1,OTI,1,3,0.6020599913279624
ACTACTCTCCTTAGTC-1,OTI,1,9,1.0
ACTACTCTCGGCTGCA-1,C57BL6,0,0,0.0
ACTACTCTCGTTGCTT-1,OTI,0,0,0.0
ACTACTTGTAACTCCC-1,OTI,4,451,2.655138434811382
ACTACTTGTACAGGCC-1,OTI,3,291,2.4653828514484184
ACTACTTGTCAAACGT-1,C57BL6,1,7,0.9030899869919435
ACTACTTGTCACCGGG-1,C57BL6,0,0,0.0
ACTACTTGTCGTAGGC-1,OTI,2,20,1.3222192947339193
ACTACTTGTCTGGTCT-1,OTI,3,33,1.5314789170422551
ACTACTTGTCTTCTAG-1,OTI,4,124,2.0969100130080562
ACTACTTGTGCTATCC-1,C57BL6,0,0,0.0
ACTACTTGTGTTGCGA-1,OTI,9,298,2.4756711883244296
ACTATAATCAACGTGC-1,C57BL6,0,0,0.0
ACTATAATCACTCGGG-1,OTI,3,185,2.2695129442179165
ACTATAATCAGTCAAT-1,C57BL6,0,0,0.0
ACTATAATCATGAATC-1,OTI,1,2,0.47712125471966244
ACTATAATCCGGAATC-1,C57BL6,6,6,0.8450980400142568
ACTATAATCCTGTCAT-1,OTI,1,167,2.225309281725863
ACTATAATCGCTCTAT-1,OTI,4,204,2.311753861055754
ACTATAATCGTGCATA-1,OTI,4,46,1.6720978579357175
ACTATAGGTCAATCCC-1,OTI,0,0,0.0
ACTATAGGTCCTGATC-1,OTI,0,0,0.0
ACTATATCACACCGTA-1,OTI,4,36,1.568201724066995
ACTATATCACTGGCAC-1,C57BL6,0,0,0.0
ACTATATCAGCATCCA-1,OTI,0,0,0.0
ACTATATCAGGTGCGA-1,C57BL6,0,0,0.0
ACTATATCAGGTTGGG-1,OTI,3,101,2.0086001717619175
ACTATATCAGTACAAG-1,OTI,0,0,0.0
ACTATATCAGTGTTCG-1,OTI,5,65,1.8195439355418688
ACTATCACAACACGAA-1,OTI,2,39,1.6020599913279623
ACTATCACAAGTACTC-1,OTI,1,38,1.591064607026499
ACTATCACACCTCAGA-1,OTI,6,344,2.537819095073274
ACTATCACACTCGACA-1,OTI,1,16,1.2304489213782739
ACTATCACAGCGATAA-1,C57BL6,1,15,1.2041199826559248
ACTATCACAGTAGCCC-1,OTI,0,0,0.0
ACTATCACAGTTAAGG-1,OTI,0,0,0.0
ACTATCCTCACAGACC-1,C57BL6,2,35,1.5563025007672873
ACTATCCTCACTCCAT-1,OTI,4,34,1.5440680443502757
ACTATCCTCACTGCAA-1,OTI,2,12,1.1139433523068367
ACTATCCTCCGCGGTA-1,C57BL6,2,25,1.414973347970818
ACTATCGAGAAGCTAA-1,OTI,0,0,0.0
ACTATCGAGAGCAGCA-1,OTI,3,51,1.7160033436347992
ACTATCGAGGCTGTCG-1,C57BL6,0,0,0.0
ACTATCGAGGGGATCA-1,OTI,5,252,2.403120521175818
ACTATGAGTAACCCCT-1,OTI,7,90,1.9590413923210936
ACTATGAGTAATTGGC-1,OTI,1,18,1.2787536009528289
ACTATGAGTCGACTAG-1,OTI,3,188,2.2764618041732443
ACTATGAGTGCATTGG-1,OTI,0,0,0.0
ACTATGTAGAGAAGCT-1,OTI,0,0,0.0
ACTATGTAGAGCTTAT-1,C57BL6,0,0,0.0
ACTATGTAGATATCAC-1,OTI,4,13,1.146128035678238
ACTATGTAGCAACCGT-1,OTI,5,82,1.919078092376074
ACTATGTAGCAAGGGC-1,OTI,8,121,2.0863598306747484
ACTATGTAGCAGGGAC-1,OTI,3,12,1.1139433523068367
ACTATGTAGCGGATTC-1,C57BL6,0,0,0.0
ACTATGTAGCTACAAT-1,OTI,1,21,1.3424226808222062
ACTATTCGTAATGGCT-1,C57BL6,1,3,0.6020599913279624
ACTATTCGTACGGGCT-1,OTI,3,162,2.2121876044039577
ACTATTCGTAGGCTTG-1,OTI,2,7,0.9030899869919435
ACTATTCGTCAGCCTT-1,OTI,7,30,1.4913616938342726
ACTATTCGTCGAGGGA-1,OTI,2,6,0.8450980400142568
ACTCACGCAAAACGGC-1,OTI,0,0,0.0
ACTCACGCAACAGGGT-1,C57BL6,1,6,0.8450980400142568
ACTCACGCAAGCGTCC-1,C57BL6,0,0,0.0
ACTCACGCAAGGCTCC-1,OTI,0,0,0.0
ACTCACGCAGCCAACC-1,C57BL6,0,0,0.0
ACTCACGCAGTGATAG-1,OTI,0,0,0.0
ACTCACTTCACAACTG-1,OTI,2,13,1.146128035678238
ACTCACTTCACCTACT-1,C57BL6,1,6,0.8450980400142568
ACTCACTTCACGTAAT-1,C57BL6,0,0,0.0
ACTCACTTCACGTATG-1,OTI,5,1158,3.064083435963596
ACTCACTTCCTTAATT-1,OTI,3,4,0.6989700043360189
ACTCACTTCGGGTTAC-1,OTI,11,334,2.525044807036845
ACTCACTTCGTTGGGT-1,OTI,1,4,0.6989700043360189
ACTCAGCAGATGGCGA-1,OTI,7,223,2.3502480183341627
ACTCAGCAGGCTTCCC-1,OTI,0,0,0.0
ACTCAGCAGGTAGCAG-1,OTI,1,6,0.8450980400142568
ACTCAGCAGGTATCCA-1,OTI,9,124,2.0969100130080562
ACTCAGGGTATCGCTC-1,C57BL6,0,0,0.0
ACTCAGGGTCTGTTAT-1,C57BL6,0,0,0.0
ACTCAGGGTGCAAGGG-1,OTI,1,1,0.3010299956639812
ACTCAGGGTGCGCTGG-1,OTI,7,530,2.725094521081469
ACTCATACAATTAAAG-1,OTI,2,22,1.3617278360175928
ACTCATACACATTTAG-1,OTI,1,8,0.9542425094393249
ACTCATACACTTCTAT-1,OTI,0,0,0.0
ACTCATACAGCGGTAG-1,C57BL6,0,0,0.0
ACTCATCTCAACGAAA-1,C57BL6,0,0,0.0
ACTCATCTCACTACTC-1,OTI,1,1,0.3010299956639812
ACTCATCTCAGTGATT-1,C57BL6,3,4,0.6989700043360189
ACTCATCTCGGGTTAC-1,C57BL6,1,11,1.0791812460476249
ACTCATCTCGGTGTTA-1,OTI,0,0,0.0
ACTCATTGTAAGCGTT-1,C57BL6,0,0,0.0
ACTCATTGTATGTCTT-1,C57BL6,0,0,0.0
ACTCATTGTCCCTCTC-1,OTI,2,8,0.9542425094393249
ACTCATTGTCCTCTCC-1,OTI,5,383,2.584331224367531
ACTCATTGTCTAGCTC-1,C57BL6,1,9,1.0
ACTCATTGTCTAGTGG-1,C57BL6,1,8,0.9542425094393249
ACTCATTGTGCTTTCA-1,OTI,4,22,1.3617278360175928
ACTCATTGTGTCTTAT-1,OTI,2,216,2.3364597338485296
ACTCCAAAGATTATGC-1,OTI,2,33,1.5314789170422551
ACTCCAAAGCCTTTCG-1,OTI,1,7,0.9030899869919435
ACTCCAAAGCGTACAC-1,C57BL6,0,0,0.0
ACTCCAAAGCTCAGGT-1,C57BL6,0,0,0.0
ACTCCAAAGGCCTCGA-1,OTI,3,51,1.7160033436347992
ACTCCAAAGGCTCAGT-1,OTI,1,114,2.060697840353612
ACTCCATTCAAGCACC-1,OTI,0,0,0.0
ACTCCATTCGCACGTG-1,C57BL6,1,8,0.9542425094393249
ACTCCATTCGCGGTAT-1,C57BL6,0,0,0.0
ACTCCATTCGGGGTAA-1,OTI,0,0,0.0
ACTCCATTCGTTAAGT-1,OTI,3,85,1.9344984512435677
ACTCCCATCACTTCTA-1,OTI,1,5,0.7781512503836436
ACTCCCATCCGCAGCA-1,OTI,2,44,1.6532125137753437
ACTCCCATCCTGTATC-1,OTI,2,856,2.932980821923198
ACTCCCATCGCGGATT-1,OTI,0,0,0.0
ACTCCCGGTCATGGGC-1,C57BL6,0,0,0.0
ACTCCCGGTCCCTGAT-1,C57BL6,0,0,0.0
ACTCCCGGTCCTATGC-1,OTI,5,85,1.9344984512435677
ACTCCCGGTCCTTAGC-1,OTI,2,34,1.5440680443502757
ACTCCCGGTGCCTTGT-1,C57BL6,2,29,1.4771212547196624
ACTCCCGGTGCGATGC-1,OTI,4,330,2.519827993775719
ACTCCCGGTGGTTGAT-1,C57BL6,0,0,0.0
ACTCCCGGTGTCGTAG-1,C57BL6,0,0,0.0
ACTCCCTCAACTCTCC-1,C57BL6,1,2,0.47712125471966244
ACTCCCTCAATCGCGC-1,OTI,9,402,2.6053050461411096
ACTCCCTCAATGCGGG-1,OTI,2,40,1.6127838567197355
ACTCCCTCACTCGAGC-1,OTI,5,162,2.2121876044039577
ACTCCCTCAGTATACC-1,OTI,2,46,1.6720978579357175
ACTCCCTCAGTCTTAA-1,OTI,1,4,0.6989700043360189
ACTCCGACAACGAGAC-1,OTI,0,0,0.0
ACTCCGACAAGCACAA-1,OTI,2,299,2.4771212547196626
ACTCCGACACGCGTTA-1,C57BL6,0,0,0.0
ACTCCGACAGCGGTAG-1,OTI,2,55,1.7481880270062005
ACTCCGACAGCGTAGG-1,C57BL6,1,8,0.9542425094393249
ACTCCGACAGTACGGG-1,OTI,3,32,1.5185139398778875
ACTCCGACAGTCCATG-1,C57BL6,1,4,0.6989700043360189
ACTCCGCTCAATGTTA-1,OTI,2,11,1.0791812460476249
ACTCCGCTCACATCAG-1,C57BL6,0,0,0.0
ACTCCGCTCACGCATA-1,OTI,4,28,1.462397997898956
ACTCCGCTCATATGTA-1,C57BL6,0,0,0.0
ACTCCGCTCATGGCCG-1,OTI,2,7,0.9030899869919435
ACTCCGCTCCCCATGC-1,OTI,0,0,0.0
ACTCCGCTCGGGCATT-1,OTI,4,227,2.357934847000454
ACTCCTGTCAAAGGTA-1,C57BL6,2,13,1.146128035678238
ACTCCTGTCACCCTAT-1,OTI,4,91,1.9637878273455553
ACTCCTGTCAGGTGTC-1,C57BL6,0,0,0.0
ACTCCTGTCATCAATA-1,OTI,0,0,0.0
ACTCCTGTCCAACAGC-1,C57BL6,0,0,0.0
ACTCCTGTCCCACTCA-1,C57BL6,0,0,0.0
ACTCCTGTCCCCAATT-1,OTI,5,59,1.7781512503836436
ACTCCTGTCCCCTAAT-1,OTI,5,109,2.041392685158225
ACTCCTGTCGGACGTT-1,OTI,0,0,0.0
ACTCCTGTCGTGCATA-1,C57BL6,0,0,0.0
ACTCGACAGACAGCCT-1,OTI,5,113,2.0569048513364727
ACTCGACAGCTAGCCG-1,C57BL6,2,2,0.47712125471966244
ACTCGACAGGTAATTC-1,OTI,3,14,1.1760912590556813
ACTCGAGGTAACATGC-1,C57BL6,0,0,0.0
ACTCGAGGTACGTCAG-1,OTI,1,5,0.7781512503836436
ACTCGAGGTATGCGGC-1,C57BL6,0,0,0.0
ACTCGAGGTATTGGGT-1,OTI,0,0,0.0
ACTCGAGGTCTATCGC-1,OTI,1,16,1.2304489213782739
ACTCGAGGTCTGCAAG-1,OTI,1,47,1.6812412373755872
ACTCGAGGTGGCATGC-1,OTI,2,18,1.2787536009528289
ACTCGAGGTGTTAGGT-1,OTI,2,27,1.4471580313422192
ACTCGATCAATCGAAG-1,OTI,7,219,2.342422680822206
ACTCGATCAATTAATC-1,OTI,2,254,2.406540180433955
ACTCGATCACAACATC-1,OTI,3,179,2.255272505103306
ACTCGATCACGATGTT-1,OTI,0,0,0.0
ACTCGATCACTTCGTC-1,OTI,0,0,0.0
ACTCGCACAAATTCGC-1,OTI,3,827,2.9180303367848803
ACTCGCACAACAGGAC-1,C57BL6,0,0,0.0
ACTCGCACAACCATCG-1,C57BL6,1,1,0.3010299956639812
ACTCGCACAACGGACG-1,OTI,6,232,2.367355921026019
ACTCGCACAACGTAAG-1,OTI,2,32,1.5185139398778875
ACTCGCACAATTCATG-1,OTI,3,252,2.403120521175818
ACTCGCACACAACCCA-1,OTI,2,3,0.6020599913279624
ACTCGCACACCTAGCA-1,C57BL6,1,81,1.9138138523837167
ACTCGCACAGTGGGAT-1,C57BL6,0,0,0.0
ACTCGCACAGTGTCAT-1,OTI,4,33,1.5314789170422551
ACTCGCCTCAAGCTAT-1,C57BL6,0,0,0.0
ACTCGCCTCACAGCTA-1,OTI,5,140,2.1492191126553797
ACTCGCCTCGCATCGG-1,OTI,0,0,0.0
ACTCGCCTCGCCCGTT-1,OTI,4,17,1.255272505103306
ACTCGCCTCGGCAACT-1,OTI,2,12,1.1139433523068367
ACTCGCCTCGTCAATG-1,C57BL6,0,0,0.0
ACTCGCTGTACGTTGG-1,C57BL6,0,0,0.0
ACTCGCTGTCCGCTTG-1,C57BL6,1,5,0.7781512503836436
ACTCGCTGTCCTTCGG-1,OTI,2,54,1.7403626894942439
ACTCGCTGTGCAATCG-1,C57BL6,0,0,0.0
ACTCGCTGTGGATTTA-1,OTI,2,53,1.7323937598229686
ACTCGCTGTGGTCAAT-1,OTI,5,343,2.53655844257153
ACTCGCTGTGGTTTAA-1,OTI,1,1,0.3010299956639812
ACTCGGCCAAAGCTCT-1,C57BL6,0,0,0.0
ACTCGGCCAACCCTCT-1,OTI,11,221,2.346352974450639
ACTCGGCCAATCTTAG-1,OTI,5,197,2.296665190261531
ACTCGGCCAATGCTAC-1,OTI,0,0,0.0
ACTCGGCCACCGGTTA-1,OTI,4,88,1.9493900066449128
ACTCGGCCACGATAGA-1,OTI,1,9,1.0
ACTCGGCCACTCGGGT-1,OTI,3,59,1.7781512503836436
ACTCGGCCAGCCCTAA-1,OTI,2,61,1.792391689498254
ACTCGGGTCAGTGAAA-1,OTI,3,84,1.9294189257142926
ACTCGGGTCCGTGTCC-1,OTI,3,95,1.9822712330395684
ACTCGGGTCGTAACGC-1,OTI,3,34,1.5440680443502757
ACTCGGGTCGTTCGGG-1,OTI,0,0,0.0
ACTCGTTTCCCGTAAA-1,OTI,2,42,1.6334684555795864
ACTCGTTTCCTGCAAA-1,OTI,2,27,1.4471580313422192
ACTCGTTTCGCTTCTG-1,OTI,6,66,1.8260748027008264
ACTCGTTTCGTAAATC-1,OTI,3,17,1.255272505103306
ACTCGTTTCGTAGATT-1,C57BL6,0,0,0.0
ACTCTATGTAAGTTTG-1,OTI,5,170,2.2329961103921536
ACTCTATGTAGCGTAT-1,C57BL6,0,0,0.0
ACTCTATGTAGGACCC-1,OTI,7,505,2.7041505168397992
ACTCTATGTAGGCGCT-1,OTI,4,39,1.6020599913279623
ACTCTATGTATATTCC-1,OTI,4,46,1.6720978579357175
ACTCTATGTATGAGCT-1,OTI,6,84,1.9294189257142926
ACTCTATGTCATTTCG-1,C57BL6,1,4,0.6989700043360189
ACTCTATGTCTACTAT-1,OTI,9,239,2.380211241711606
ACTCTATGTCTCTCGG-1,OTI,1,5,0.7781512503836436
ACTCTATGTGCGAGGA-1,OTI,3,14,1.1760912590556813
ACTCTCCCAAACACCT-1,OTI,0,0,0.0
ACTCTCCCAAACTCAC-1,OTI,2,133,2.1271047983648077
ACTCTCCCAATAGCGA-1,OTI,2,35,1.5563025007672873
ACTCTCCCACCAGATT-1,OTI,0,0,0.0
ACTCTCCCACTACTCC-1,C57BL6,0,0,0.0
ACTCTCCCAGGTGATA-1,C57BL6,0,0,0.0
ACTCTCCCAGTGTCAT-1,C57BL6,0,0,0.0
ACTCTCGTCACGCAGT-1,OTI,1,328,2.5171958979499744
ACTCTCGTCATACTCC-1,C57BL6,0,0,0.0
ACTCTCGTCCGCGGTA-1,C57BL6,2,23,1.380211241711606
ACTCTCGTCCGTTTAC-1,C57BL6,0,0,0.0
ACTCTCGTCGGCGTAT-1,C57BL6,2,14,1.1760912590556813
ACTCTCGTCGTTATAA-1,OTI,4,213,2.330413773349191
ACTCTGTTCCAATAGT-1,OTI,2,40,1.6127838567197355
ACTCTGTTCCTTCTAA-1,OTI,1,18,1.2787536009528289
ACTCTGTTCGGGCATT-1,OTI,4,320,2.506505032404872
ACTCTTATCACACAAT-1,OTI,1,3,0.6020599913279624
ACTCTTATCAGGCACT-1,OTI,2,83,1.9242792860618816
ACTCTTATCAGGGTCT-1,OTI,1,7,0.9030899869919435
ACTCTTATCCTGCACC-1,OTI,0,0,0.0
ACTGAAGCAACATAGG-1,OTI,6,159,2.2041199826559246
ACTGAAGCAATCGTCG-1,OTI,5,109,2.041392685158225
ACTGAAGCACAAGTCT-1,OTI,0,0,0.0
ACTGAAGCAGGACCTC-1,OTI,2,75,1.8808135922807914
ACTGACATCAGACTCA-1,OTI,0,0,0.0
ACTGACATCAGGACTC-1,C57BL6,4,46,1.6720978579357175
ACTGACATCCACTTAC-1,OTI,6,499,2.6989700043360187
ACTGACATCCGTTCGC-1,OTI,1,61,1.792391689498254
ACTGACATCGTAAATC-1,OTI,0,0,0.0
ACTGACATCGTTATGG-1,OTI,0,0,0.0
ACTGAGACAAATGACG-1,C57BL6,0,0,0.0
ACTGAGACAAGTGGGT-1,OTI,8,797,2.9020028913507296
ACTGAGACAGCTAACT-1,OTI,1,4,0.6989700043360189
ACTGAGACAGTTCGCA-1,OTI,2,28,1.462397997898956
ACTGATTAGACCCCAG-1,OTI,2,198,2.298853076409707
ACTGATTAGCCATTAG-1,OTI,1,11,1.0791812460476249
ACTGATTAGCGCTGTG-1,C57BL6,0,0,0.0
ACTGATTAGGGTTAGG-1,C57BL6,5,8,0.9542425094393249
ACTGATTAGGTATGGG-1,OTI,6,175,2.24551266781415
ACTGATTAGGTTAGGG-1,C57BL6,0,0,0.0
ACTGCAATCAATCTCC-1,OTI,1,3,0.6020599913279624
ACTGCAATCACTGACA-1,C57BL6,0,0,0.0
ACTGCAATCCATCTGT-1,OTI,2,154,2.1903316981702914
ACTGCAATCCCAGAAC-1,OTI,0,0,0.0
ACTGCAATCCTACAAG-1,C57BL6,0,0,0.0
ACTGCACAGAGTCCCG-1,OTI,2,23,1.380211241711606
ACTGCACAGCCATGCG-1,OTI,0,0,0.0
ACTGCACAGCGTCAGT-1,C57BL6,0,0,0.0
ACTGCACAGGCCTATA-1,OTI,3,453,2.6570558528571038
ACTGCAGGTAACAGAG-1,OTI,0,0,0.0
ACTGCAGGTAACTCGG-1,OTI,1,12,1.1139433523068367
ACTGCAGGTAATCCGG-1,OTI,1,5,0.7781512503836436
ACTGCAGGTAGAATGG-1,OTI,0,0,0.0
ACTGCAGGTCGACCCC-1,OTI,3,15,1.2041199826559248
ACTGCAGGTCGACGTA-1,OTI,3,113,2.0569048513364727
ACTGCAGGTGTCTTAT-1,OTI,2,84,1.9294189257142926
ACTGCAGGTGTGTCGA-1,C57BL6,0,0,0.0
ACTGCATCAAGACGTA-1,OTI,1,2,0.47712125471966244
ACTGCATCAAGTACAG-1,OTI,0,0,0.0
ACTGCATCAAGTTAGG-1,C57BL6,1,12,1.1139433523068367
ACTGCATCAATAACCC-1,OTI,0,0,0.0
ACTGCATCAATATCAT-1,OTI,0,0,0.0
ACTGCATCACGTAACT-1,C57BL6,1,11,1.0791812460476249
ACTGCATCACTATACA-1,OTI,2,47,1.6812412373755872
ACTGCATCACTCTAGG-1,C57BL6,0,0,0.0
ACTGCATCACTTCGTC-1,OTI,3,188,2.2764618041732443
ACTGCATCAGGTTTCG-1,OTI,1,91,1.9637878273455553
ACTGCATCAGTATCAC-1,C57BL6,0,0,0.0
ACTGCCACAAGTCCGC-1,OTI,7,119,2.0791812460476247
ACTGCCACAATGCATC-1,OTI,4,113,2.0569048513364727
ACTGCCACACCCACAA-1,OTI,8,165,2.220108088040055
ACTGCCACACTAGTTA-1,OTI,2,88,1.9493900066449128
ACTGCCACAGCAATCT-1,C57BL6,1,22,1.3617278360175928
ACTGCCACAGTTGGAA-1,OTI,6,374,2.574031267727719
ACTGCCCTCCAGGGTT-1,OTI,3,142,2.155336037465062
ACTGCCCTCCGGGTAT-1,C57BL6,0,0,0.0
ACTGCCCTCGCTTCCA-1,OTI,3,73,1.8692317197309762
ACTGCCCTCGGCTGCA-1,OTI,5,147,2.1702617153949575
ACTGCCGAGAACCCCG-1,OTI,3,434,2.6384892569546374
ACTGCCGAGAACGACG-1,OTI,2,106,2.0293837776852097
ACTGCCGAGACGCTGT-1,C57BL6,0,0,0.0
ACTGCCGAGAGGCCAA-1,OTI,6,29,1.4771212547196624
ACTGCCGAGCAACCCG-1,C57BL6,3,7,0.9030899869919435
ACTGCCGAGCACCCAG-1,OTI,1,6,0.8450980400142568
ACTGCCGAGCGAAGCA-1,OTI,8,39,1.6020599913279623
ACTGCCGAGCTGCAGT-1,OTI,6,122,2.089905111439398
ACTGCCGAGCTTGTAG-1,OTI,1,4,0.6989700043360189
ACTGCCGAGGGACAAT-1,OTI,3,8,0.9542425094393249
ACTGCCGAGGGCCATT-1,OTI,4,184,2.2671717284030137
ACTGCGAGTAAGGTTC-1,OTI,2,11,1.0791812460476249
ACTGCGAGTCATGCAG-1,C57BL6,2,23,1.380211241711606
ACTGCGAGTCCATGCT-1,OTI,0,0,0.0
ACTGCGAGTCCGCCTA-1,OTI,4,308,2.4899584794248346
ACTGCGAGTCTCGGTT-1,OTI,1,6,0.8450980400142568
ACTGCGAGTGCATTCC-1,OTI,4,158,2.2013971243204513
ACTGCGAGTGCCCCTA-1,C57BL6,1,6,0.8450980400142568
ACTGCGCCAAATCACC-1,OTI,5,1009,3.0043213737826426
ACTGCGCCAATCCGGC-1,OTI,4,436,2.640481436970422
ACTGCGCCAATGACAG-1,OTI,2,40,1.6127838567197355
ACTGCGCCAATTAATC-1,OTI,1,139,2.146128035678238
ACTGCGCCAGGAACGT-1,C57BL6,0,0,0.0
ACTGCGCCAGGGCGTA-1,OTI,3,278,2.4456042032735974
ACTGCGTAGACTAATC-1,C57BL6,0,0,0.0
ACTGCGTAGAGAATTG-1,OTI,2,48,1.6901960800285136
ACTGCGTAGATACCAT-1,C57BL6,1,1,0.3010299956639812
ACTGCGTAGCAAATGA-1,OTI,3,85,1.9344984512435677
ACTGCGTAGCACCATA-1,C57BL6,0,0,0.0
ACTGGAACAACTCTCC-1,OTI,0,0,0.0
ACTGGAACAAGTACGA-1,OTI,7,133,2.1271047983648077
ACTGGAACACTAAGCT-1,C57BL6,0,0,0.0
ACTGGATGTAATTCAG-1,OTI,2,19,1.3010299956639813
ACTGGATGTACAAGAG-1,OTI,7,34,1.5440680443502757
ACTGGATGTACGGTTG-1,OTI,2,50,1.7075701760979363
ACTGGATGTCAACGTG-1,C57BL6,1,5,0.7781512503836436
ACTGGATGTCGTTGCT-1,OTI,0,0,0.0
ACTGGATGTGCTTCTA-1,OTI,3,964,2.9845273133437926
ACTGGCGTCACATTAA-1,OTI,3,198,2.298853076409707
ACTGGCGTCAGGACTC-1,C57BL6,0,0,0.0
ACTGGCGTCCAATATA-1,C57BL6,0,0,0.0
ACTGGCGTCCCAAGTA-1,OTI,3,14,1.1760912590556813
ACTGGCGTCCCGCTTA-1,OTI,0,0,0.0
ACTGGCGTCCGTGAGT-1,C57BL6,1,6,0.8450980400142568
ACTGGCGTCCTGGTCC-1,OTI,5,241,2.383815365980431
ACTGGCGTCGTCAAAT-1,OTI,10,267,2.428134794028789
ACTGGGCGTAAATTCG-1,C57BL6,0,0,0.0
ACTGGGCGTATCACGG-1,OTI,1,1,0.3010299956639812
ACTGGGCGTCCGATAG-1,OTI,4,174,2.2430380486862944
ACTGGGCGTCGAGCGT-1,C57BL6,0,0,0.0
ACTGGGCGTCGTCGGG-1,OTI,1,6,0.8450980400142568
ACTGGGCGTGCCCGTC-1,C57BL6,0,0,0.0
ACTGGGGCACAGTTAC-1,OTI,0,0,0.0
ACTGGGGCACCACGTA-1,C57BL6,0,0,0.0
ACTGGGGCAGCCATAT-1,OTI,1,7,0.9030899869919435
ACTGGGGCAGGACCGA-1,OTI,2,92,1.968482948553935
ACTGGGGCAGTCGGTC-1,OTI,3,46,1.6720978579357175
ACTGTCGCAAACCTAC-1,C57BL6,0,0,0.0
ACTGTCGCAACCCTAG-1,OTI,5,221,2.346352974450639
ACTGTCGCAACGAGGT-1,OTI,5,275,2.4409090820652177
ACTGTCGCAAGCTTAC-1,C57BL6,0,0,0.0
ACTGTCGCAAGGTTCT-1,OTI,4,18,1.2787536009528289
ACTGTCGCAAGTGTCT-1,OTI,2,2,0.47712125471966244
ACTGTCGCAATGGTAG-1,OTI,0,0,0.0
ACTGTCGCACACAGAA-1,C57BL6,0,0,0.0
ACTGTCGCACGTAGCC-1,OTI,1,35,1.5563025007672873
ACTGTCTTCAGACGCT-1,C57BL6,0,0,0.0
ACTGTCTTCAGTTAGT-1,C57BL6,0,0,0.0
ACTGTCTTCATCCCGC-1,OTI,5,402,2.6053050461411096
ACTGTCTTCCATAAGT-1,OTI,3,115,2.0644579892269186
ACTGTCTTCCCTAGGG-1,OTI,3,18,1.2787536009528289
ACTGTCTTCCTACATC-1,OTI,3,128,2.110589710299249
ACTGTCTTCCTGTACT-1,OTI,0,0,0.0
ACTGTGGGTACGTCTC-1,OTI,0,0,0.0
ACTGTGGGTAGCTTGG-1,OTI,11,304,2.484299839346786
ACTGTGGGTCTACTGC-1,OTI,0,0,0.0
ACTGTGGGTCTGGTCT-1,OTI,2,125,2.100370545117563
ACTGTGGGTGCACTAG-1,OTI,4,242,2.385606273598312
ACTGTGGGTGGCGCTG-1,OTI,4,39,1.6020599913279623
ACTGTGGGTGTTATGA-1,C57BL6,0,0,0.0
ACTGTTCTCAATCTGG-1,C57BL6,0,0,0.0
ACTGTTCTCCACCTAT-1,OTI,0,0,0.0
ACTGTTCTCCAGCCTC-1,OTI,10,191,2.2833012287035497
ACTGTTCTCCGCATGG-1,OTI,5,56,1.7558748556724915
ACTGTTCTCCTCTGCA-1,C57BL6,1,5,0.7781512503836436
ACTGTTCTCGCAAAGG-1,OTI,1,1,0.3010299956639812
ACTGTTCTCGTCAACA-1,OTI,1,17,1.255272505103306
ACTGTTGAGAGCGACA-1,OTI,6,134,2.130333768495006
ACTGTTGAGCTTCTAC-1,C57BL6,1,5,0.7781512503836436
ACTGTTGAGGGAGTTG-1,OTI,2,24,1.3979400086720377
ACTGTTGAGGGATAGT-1,C57BL6,0,0,0.0
ACTGTTGAGGTCTAGC-1,OTI,3,83,1.9242792860618816
ACTGTTGAGGTGAGAT-1,OTI,1,14,1.1760912590556813
ACTGTTGAGGTTCGAC-1,OTI,4,149,2.1760912590556813
ACTTAAATCACGCTAA-1,C57BL6,0,0,0.0
ACTTAAATCACTTCGT-1,OTI,6,110,2.0453229787866576
ACTTAAATCAGCCAAC-1,C57BL6,0,0,0.0
ACTTAAATCCCACCGT-1,OTI,3,78,1.8976270912904414
ACTTAAATCCGGGATT-1,OTI,3,14,1.1760912590556813
ACTTAACAGCAGTAGG-1,OTI,3,76,1.8864907251724818
ACTTAACAGCTAGCGT-1,OTI,6,24,1.3979400086720377
ACTTAACAGCTGCATA-1,OTI,3,149,2.1760912590556813
ACTTAACAGGCACCCA-1,C57BL6,2,10,1.0413926851582251
ACTTAAGGTAGTGCGC-1,C57BL6,1,3,0.6020599913279624
ACTTAAGGTCCAAAGT-1,OTI,3,165,2.220108088040055
ACTTAAGGTCGATCAG-1,OTI,0,0,0.0
ACTTAAGGTCGCTGGG-1,OTI,2,135,2.1335389083702174
ACTTAAGGTGTCGATG-1,OTI,4,31,1.505149978319906
ACTTAATCAAAGGACC-1,C57BL6,3,41,1.6232492903979006
ACTTAATCAAGCTTTA-1,OTI,5,44,1.6532125137753437
ACTTAATCACAGCGAG-1,C57BL6,1,1,0.3010299956639812
ACTTAATCACCTACTC-1,OTI,2,17,1.255272505103306
ACTTAATCACTGATTA-1,OTI,0,0,0.0
ACTTAATCAGCAGGCA-1,OTI,3,14,1.1760912590556813
ACTTACACAAGCAGTA-1,OTI,5,552,2.7427251313046983
ACTTACACACACTGCA-1,C57BL6,1,14,1.1760912590556813
ACTTACACAGTCCACA-1,C57BL6,0,0,0.0
ACTTACCTCAGGCTCG-1,OTI,4,35,1.5563025007672873
ACTTACCTCCTCTGGC-1,OTI,6,474,2.6766936096248664
ACTTACCTCGCCACTC-1,OTI,4,68,1.8388490907372552
ACTTACCTCGCTCCTA-1,C57BL6,0,0,0.0
ACTTACCTCGTAGTTG-1,OTI,2,79,1.9030899869919435
ACTTACGAGAACATAG-1,OTI,2,15,1.2041199826559248
ACTTACGAGACTCGAC-1,C57BL6,0,0,0.0
ACTTACGAGATCGATT-1,OTI,4,146,2.167317334748176
ACTTACGAGCTACACA-1,OTI,5,8,0.9542425094393249
ACTTAGCCAAAGCATG-1,OTI,0,0,0.0
ACTTAGCCAAAGTCTC-1,OTI,4,348,2.5428254269591797
ACTTAGCCAATTGCTA-1,OTI,6,158,2.2013971243204513
ACTTAGCCACACTCTC-1,C57BL6,2,10,1.0413926851582251
ACTTAGCCACGCAGGA-1,C57BL6,0,0,0.0
ACTTAGCCAGTAGTAG-1,C57BL6,0,0,0.0
ACTTATCGTATCGAGT-1,OTI,3,149,2.1760912590556813
ACTTATCGTATTGGGT-1,OTI,6,73,1.8692317197309762
ACTTATCGTCACTTTG-1,C57BL6,6,9,1.0
ACTTATCGTCGAGCGT-1,C57BL6,1,7,0.9030899869919435
ACTTATCGTGTGCGTA-1,C57BL6,0,0,0.0
ACTTCAACAAAGTATA-1,OTI,1,7,0.9030899869919435
ACTTCAACACAGTTCG-1,C57BL6,0,0,0.0
ACTTCAACAGCCAACC-1,OTI,3,58,1.7708520116421442
ACTTCAACAGTGTCGC-1,C57BL6,1,6,0.8450980400142568
ACTTCAGAGAAGCTTT-1,OTI,1,4,0.6989700043360189
ACTTCAGAGATAGTGA-1,OTI,9,165,2.220108088040055
ACTTCAGAGATGGTAA-1,C57BL6,0,0,0.0
ACTTCAGAGATTAAGG-1,OTI,3,26,1.4313637641589874
ACTTCAGAGCGGATTC-1,OTI,0,0,0.0
ACTTCAGAGCTAGGAG-1,OTI,0,0,0.0
ACTTCAGAGGCTTATG-1,OTI,2,6,0.8450980400142568
ACTTCATGTAATCGCG-1,C57BL6,0,0,0.0
ACTTCATGTCGGATAT-1,OTI,1,6,0.8450980400142568
ACTTCCGTCAACAGGG-1,OTI,7,75,1.8808135922807914
ACTTCCGTCACAACAT-1,OTI,4,84,1.9294189257142926
ACTTCCGTCACAATTA-1,OTI,2,18,1.2787536009528289
ACTTCCGTCACTTACC-1,OTI,0,0,0.0
ACTTCCGTCAGGACTC-1,OTI,1,4,0.6989700043360189
ACTTCCGTCAGGTTCA-1,OTI,5,382,2.583198773968623
ACTTCCGTCCATGCCC-1,OTI,0,0,0.0
ACTTCCGTCCCCAACC-1,OTI,2,75,1.8808135922807914
ACTTCCGTCCCTACGC-1,C57BL6,1,8,0.9542425094393249
ACTTCCGTCCTGACAA-1,OTI,7,101,2.0086001717619175
ACTTCCGTCGCGGCTA-1,C57BL6,0,0,0.0
ACTTCGCGTCATTTCG-1,OTI,1,2,0.47712125471966244
ACTTCGCGTGCGTAGC-1,C57BL6,1,5,0.7781512503836436
ACTTCGCGTGGACTGC-1,OTI,8,82,1.919078092376074
ACTTCGCGTGGAGTAA-1,OTI,0,0,0.0
ACTTCGGCAAAACGAT-1,OTI,0,0,0.0
ACTTCGGCAAATACAA-1,OTI,0,0,0.0
ACTTCGGCAACACAGA-1,C57BL6,0,0,0.0
ACTTCGGCACCATAAC-1,C57BL6,0,0,0.0
ACTTCGGCACGATTTA-1,C57BL6,0,0,0.0
ACTTCGGCACGTACGC-1,C57BL6,1,6,0.8450980400142568
ACTTCGGCACTACTAA-1,OTI,1,44,1.6532125137753437
ACTTCGGCAGTTGAAG-1,OTI,2,53,1.7323937598229686
ACTTCGTTCACCCCGT-1,C57BL6,1,28,1.462397997898956
ACTTCGTTCAGCCGCA-1,C57BL6,0,0,0.0
ACTTCGTTCCAGCAGT-1,C57BL6,1,2,0.47712125471966244
ACTTCGTTCCGAATCA-1,OTI,1,13,1.146128035678238
ACTTCGTTCGTCTCCA-1,OTI,2,12,1.1139433523068367
ACTTCTATCAACTCCT-1,OTI,0,0,0.0
ACTTCTATCACTCTGT-1,OTI,1,16,1.2304489213782739
ACTTCTATCCTCAGCC-1,C57BL6,1,102,2.012837224705172
ACTTCTATCGCAAGCT-1,C57BL6,1,4,0.6989700043360189
ACTTCTATCGGTACTA-1,C57BL6,0,0,0.0
ACTTCTGGTAATGTCA-1,C57BL6,1,12,1.1139433523068367
ACTTCTGGTCAATGTA-1,OTI,3,199,2.3010299956639813
ACTTCTGGTCACACTC-1,OTI,4,63,1.806179973983887
ACTTCTGGTCAGTTGG-1,OTI,0,0,0.0
ACTTCTGGTCGACAGC-1,OTI,7,493,2.693726948923647
ACTTCTGGTCGGCTCC-1,C57BL6,0,0,0.0
ACTTCTGGTCTACTAT-1,OTI,5,120,2.0827853703164503
ACTTCTGGTCTGCGCC-1,OTI,1,16,1.2304489213782739
ACTTCTGGTGGATTCG-1,OTI,0,0,0.0
ACTTCTGGTGGGAGAT-1,OTI,0,0,0.0
ACTTCTGGTGTAACGT-1,OTI,8,516,2.7134905430939424
ACTTGCCGTAAGCAAG-1,C57BL6,0,0,0.0
ACTTGCCGTATATTGG-1,OTI,0,0,0.0
ACTTGCCGTATTCGTT-1,OTI,1,10,1.0413926851582251
ACTTGCCGTCGACTTC-1,OTI,6,551,2.741939077729199
ACTTGCCGTGCTAGAT-1,OTI,6,88,1.9493900066449128
ACTTGCCGTGGAAATG-1,OTI,2,155,2.1931245983544616
ACTTGCCGTGGCGTGT-1,C57BL6,1,13,1.146128035678238
ACTTGCCGTGTGTCCT-1,OTI,10,218,2.3404441148401185
ACTTGCTTCAGCGCCA-1,OTI,2,7,0.9030899869919435
ACTTGCTTCCGCTTGC-1,OTI,6,269,2.4313637641589874
ACTTGCTTCGCTTCGC-1,C57BL6,0,0,0.0
ACTTGCTTCGGCCCTT-1,OTI,1,2,0.47712125471966244
ACTTGCTTCGGTCGCA-1,OTI,1,64,1.8129133566428555
ACTTGGGGTACTGGGC-1,OTI,6,272,2.436162647040756
ACTTGGGGTAGGCTTG-1,OTI,3,39,1.6020599913279623
ACTTGGGGTGCCCATT-1,OTI,2,62,1.7993405494535817
ACTTGTCTCAACATTA-1,C57BL6,0,0,0.0
ACTTGTCTCACTTCTA-1,OTI,0,0,0.0
ACTTGTCTCAGGCCCA-1,OTI,6,725,2.8609366207000937
ACTTGTCTCATCGACA-1,OTI,2,94,1.9777236052888478
ACTTGTCTCCAGTCAA-1,OTI,6,81,1.9138138523837167
ACTTGTCTCCCATGCC-1,C57BL6,0,0,0.0
ACTTGTCTCGGAAAGT-1,C57BL6,0,0,0.0
ACTTGTCTCGTCGTAA-1,OTI,3,99,2.0
ACTTGTGAGACAGTTT-1,OTI,0,0,0.0
ACTTGTGAGAGTATTC-1,OTI,1,116,2.0681858617461617
ACTTGTGAGCAATTCG-1,C57BL6,0,0,0.0
ACTTGTGAGGGACAAT-1,OTI,0,0,0.0
ACTTTAGCAAGACAGC-1,OTI,2,12,1.1139433523068367
ACTTTAGCAATGGTAG-1,C57BL6,0,0,0.0
ACTTTAGCACAACGAA-1,OTI,1,3,0.6020599913279624
ACTTTAGCACAGTTCG-1,OTI,0,0,0.0
ACTTTAGCACTCGCAA-1,C57BL6,0,0,0.0
ACTTTAGCAGGAATCA-1,OTI,4,26,1.4313637641589874
ACTTTCATCAACCATG-1,OTI,2,40,1.6127838567197355
ACTTTCATCAAGTTCG-1,OTI,1,5,0.7781512503836436
ACTTTCATCACGTATG-1,OTI,0,0,0.0
ACTTTCATCACTTACC-1,C57BL6,3,4,0.6989700043360189
ACTTTCATCAGTCCTT-1,OTI,0,0,0.0
ACTTTCATCATTAATG-1,OTI,6,108,2.037426497940624
ACTTTCATCGCGGAAA-1,OTI,1,3,0.6020599913279624
ACTTTCATCGTTGACA-1,C57BL6,0,0,0.0
ACTTTCCAGAAGCTTT-1,OTI,3,15,1.2041199826559248
ACTTTCCAGACGGAGC-1,OTI,7,138,2.143014800254095
ACTTTCCAGCAGTATT-1,OTI,1,5,0.7781512503836436
ACTTTCCAGCGAAGAT-1,C57BL6,0,0,0.0
ACTTTCCAGGTCAATT-1,OTI,4,669,2.8260748027008264
ACTTTCGGTAGCCCTT-1,OTI,2,154,2.1903316981702914
ACTTTCGGTATGTACA-1,OTI,0,0,0.0
ACTTTGGAGACCAATT-1,OTI,0,0,0.0
ACTTTGGAGAGAATTG-1,C57BL6,1,3,0.6020599913279624
ACTTTGGAGATCGGTC-1,C57BL6,2,12,1.1139433523068367
ACTTTGGAGATTACAC-1,C57BL6,1,5,0.7781512503836436
ACTTTGGAGCCATAGC-1,C57BL6,0,0,0.0
ACTTTGGAGCCTGTGG-1,OTI,3,47,1.6812412373755872
AGAAGCCCAACCAAGA-1,OTI,0,0,0.0
AGAAGCCCAACGACCC-1,C57BL6,0,0,0.0
AGAAGCCCAAGGACAC-1,OTI,3,82,1.919078092376074
AGAAGCCCAAGGTTAG-1,OTI,2,38,1.591064607026499
AGAAGCCCAAGTTGAG-1,OTI,5,30,1.4913616938342726
AGAAGCCCAATCGTAC-1,OTI,3,101,2.0086001717619175
AGAAGCCCAATGCTTA-1,OTI,5,73,1.8692317197309762
AGAAGCCCACCAGCTA-1,OTI,1,146,2.167317334748176
AGAAGCCCACCTCTAC-1,OTI,2,7,0.9030899869919435
AGAAGCCCACGGGTCT-1,OTI,5,15,1.2041199826559248
AGAAGCCCAGTGCGGA-1,OTI,2,123,2.093421685162235
AGAAGCTAGAACGAAC-1,OTI,0,0,0.0
AGAAGCTAGACCATGC-1,C57BL6,0,0,0.0
AGAAGCTAGAGTTTCG-1,C57BL6,1,6,0.8450980400142568
AGAAGCTAGATCTGCA-1,OTI,4,40,1.6127838567197355
AGAAGCTAGATGGTAA-1,C57BL6,0,0,0.0
AGAAGCTAGCACTGTA-1,OTI,3,100,2.0043213737826426
AGAAGCTAGCGGTGTT-1,OTI,0,0,0.0
AGAAGCTAGCTTGATG-1,C57BL6,0,0,0.0
AGAAGCTAGGGAAGCC-1,C57BL6,1,5,0.7781512503836436
AGAAGCTAGGTAGAAC-1,OTI,1,88,1.9493900066449128
AGAAGGAAGAATACAG-1,OTI,3,224,2.3521825181113627
AGAAGGAAGACCCACG-1,OTI,8,463,2.6665179805548807
AGAAGGAAGATCACAT-1,C57BL6,0,0,0.0
AGAAGGAAGCCGTAAC-1,OTI,2,96,1.9867717342662448
AGAAGGAAGCGTGAAG-1,OTI,3,26,1.4313637641589874
AGAAGGAAGCTAGTCA-1,OTI,1,228,2.359835482339888
AGAAGGAAGGCATAGG-1,OTI,0,0,0.0
AGAAGGAAGGCTTCGG-1,OTI,1,21,1.3424226808222062
AGAAGGAAGGGTGTTC-1,C57BL6,0,0,0.0
AGAAGGAAGGTGATTT-1,OTI,2,169,2.230448921378274
AGAAGTATCAGGCTCG-1,OTI,5,571,2.7573960287930244
AGAAGTATCATGTTAA-1,OTI,3,42,1.6334684555795864
AGAAGTATCATTCATT-1,OTI,1,9,1.0
AGAAGTATCCGGTATA-1,OTI,4,264,2.423245873936808
AGAAGTATCGCGGATT-1,C57BL6,3,42,1.6334684555795864
AGAAGTATCGCGTGTG-1,OTI,5,109,2.041392685158225
AGAATACCAAATCTAT-1,C57BL6,0,0,0.0
AGAATACCAACTCGAT-1,OTI,1,14,1.1760912590556813
AGAATACCACACGCAC-1,C57BL6,1,5,0.7781512503836436
AGAATACCACCACGTA-1,C57BL6,0,0,0.0
AGAATACCACTTAACA-1,OTI,1,3,0.6020599913279624
AGAATACCAGGAACGT-1,OTI,1,6,0.8450980400142568
AGAATACCAGTCGGTC-1,OTI,0,0,0.0
AGAATAGTCAAAGCCC-1,C57BL6,1,1,0.3010299956639812
AGAATAGTCCAAAGCC-1,C57BL6,2,2,0.47712125471966244
AGAATAGTCCATTCTA-1,OTI,2,51,1.7160033436347992
AGAATAGTCCCTTTAA-1,OTI,2,26,1.4313637641589874
AGAATAGTCGCGAGTT-1,C57BL6,0,0,0.0
AGAATAGTCGTATGCA-1,C57BL6,0,0,0.0
AGAATCAAGACACCGT-1,C57BL6,1,3,0.6020599913279624
AGAATCAAGATGTGTT-1,OTI,3,16,1.2304489213782739
AGAATCAAGCACCTCC-1,OTI,2,35,1.5563025007672873
AGAATCAAGCGCATTA-1,OTI,1,2,0.47712125471966244
AGAATCAAGCTGTCGG-1,C57BL6,1,5,0.7781512503836436
AGAATCAAGCTTCGTT-1,C57BL6,0,0,0.0
AGAATCAAGGGGCTAA-1,OTI,2,18,1.2787536009528289
AGAATGGGTACTCGCT-1,OTI,2,42,1.6334684555795864
AGAATGGGTAGTCGCA-1,OTI,4,236,2.374748346010104
AGAATGGGTATCGAGT-1,OTI,0,0,0.0
AGAATGGGTATGCAGT-1,OTI,2,9,1.0
AGAATGGGTATGCTGG-1,C57BL6,0,0,0.0
AGAATGGGTCTACGGA-1,C57BL6,0,0,0.0
AGAATGGGTGCCCTAT-1,OTI,3,93,1.9731278535996986
AGAATTACAAATTGCC-1,OTI,1,5,0.7781512503836436
AGAATTACAAGCATAG-1,OTI,7,43,1.6434526764861874
AGAATTACACCAAATC-1,C57BL6,6,22,1.3617278360175928
AGAATTACACCAGGCT-1,OTI,1,58,1.7708520116421442
AGAATTACAGCTACCA-1,OTI,0,0,0.0
AGAATTGAGATGACGG-1,OTI,4,36,1.568201724066995
AGAATTGAGATGCCCG-1,OTI,2,90,1.9590413923210936
AGAATTGAGCATGGAG-1,C57BL6,3,268,2.429752280002408
AGAATTGAGCCAGGTT-1,C57BL6,1,2,0.47712125471966244
AGAATTGAGCCGTCGA-1,C57BL6,0,0,0.0
AGAATTGAGCTAATCG-1,OTI,3,96,1.9867717342662448
AGAATTGAGGTCCTCC-1,C57BL6,0,0,0.0
AGACAATCAACATTAT-1,OTI,2,4,0.6989700043360189
AGACAATCAACCTAAC-1,OTI,0,0,0.0
AGACAATCACGCATCA-1,C57BL6,0,0,0.0
AGACACCTCAAGCACC-1,C57BL6,1,3,0.6020599913279624
AGACACCTCACTCCCA-1,OTI,5,178,2.2528530309798933
AGACACCTCACTTAAA-1,OTI,2,41,1.6232492903979006
AGACACCTCCAGCCCT-1,C57BL6,0,0,0.0
AGACACCTCCCATGCC-1,OTI,0,0,0.0
AGACACCTCCTAGGGT-1,OTI,3,3,0.6020599913279624
AGACACCTCGCGCATG-1,C57BL6,0,0,0.0
AGACACCTCGCGTCAG-1,OTI,3,979,2.9912260756924947
AGACACCTCGCTCCAC-1,OTI,4,113,2.0569048513364727
AGACACCTCGTTAGGC-1,OTI,4,606,2.7831886910752575
AGACAGCCAAACCGGG-1,C57BL6,1,13,1.146128035678238
AGACAGCCAATATCAT-1,C57BL6,2,21,1.3424226808222062
AGACAGCCACAGCGAG-1,C57BL6,1,2,0.47712125471966244
AGACAGCCACCGCAGT-1,OTI,2,6,0.8450980400142568
AGACAGCCACGAATCT-1,OTI,2,209,2.322219294733919
AGACAGCCACTGACAT-1,OTI,4,291,2.4653828514484184
AGACAGCCAGTGAGGT-1,OTI,1,37,1.5797835966168101
AGACAGGTCAAGGCTC-1,OTI,4,71,1.8573324964312685
AGACAGGTCAGCGTGT-1,C57BL6,1,3,0.6020599913279624
AGACAGGTCAGGCTCG-1,OTI,4,22,1.3617278360175928
AGACAGGTCCGCTACC-1,OTI,11,183,2.2648178230095364
AGACAGGTCGCACCTC-1,C57BL6,0,0,0.0
AGACAGGTCGTCGCTC-1,OTI,0,0,0.0
AGACAGGTCGTCTTAC-1,OTI,3,64,1.8129133566428555
AGACATAAGAGGTTGG-1,OTI,5,36,1.568201724066995
AGACATAAGAGTAATG-1,OTI,0,0,0.0
AGACATAAGCCATTGA-1,OTI,2,275,2.4409090820652177
AGACATAAGCTATAAC-1,OTI,1,3,0.6020599913279624
AGACATAAGCTCTGGG-1,OTI,4,56,1.7558748556724915
AGACATAAGGCTGGAA-1,C57BL6,0,0,0.0
AGACATTTCAACTGCA-1,OTI,1,19,1.3010299956639813
AGACATTTCAGGGACA-1,C57BL6,0,0,0.0
AGACATTTCGCCCTAC-1,OTI,1,1,0.3010299956639812
AGACATTTCGCTGAGT-1,OTI,2,38,1.591064607026499
AGACATTTCGTAGTGC-1,OTI,1,4,0.6989700043360189
AGACATTTCGTATGTG-1,OTI,4,861,2.9355072658247128
AGACGACCAACATACC-1,OTI,9,240,2.3820170425748683
AGACGACCAACCCCAA-1,C57BL6,0,0,0.0
AGACGACCAACCTAAC-1,C57BL6,0,0,0.0
AGACGACCAACTCTCC-1,OTI,5,25,1.414973347970818
AGACGACCAGTGGGAT-1,OTI,9,318,2.503790683057181
AGACGATAGAATTCCG-1,C57BL6,0,0,0.0
AGACGATAGAGTCAGG-1,OTI,2,99,2.0
AGACGATAGCTTGGCG-1,C57BL6,1,2,0.47712125471966244
AGACGCAAGAAGTGTA-1,OTI,1,8,0.9542425094393249
AGACGCAAGAATACGA-1,OTI,1,3,0.6020599913279624
AGACGCAAGACAATGA-1,OTI,0,0,0.0
AGACGCAAGCACGTAC-1,OTI,1,3,0.6020599913279624
AGACGCAAGCCGTAAC-1,C57BL6,0,0,0.0
AGACGCAAGGGCGGAT-1,OTI,1,7,0.9030899869919435
AGACGCAAGGGGCGAT-1,OTI,8,675,2.829946695941636
AGACGCAAGGTCGCCA-1,OTI,1,9,1.0
AGACGCTTCCATCTAC-1,C57BL6,0,0,0.0
AGACGCTTCCCCATTG-1,OTI,1,7,0.9030899869919435
AGACGGGGTAAGGTCT-1,C57BL6,1,5,0.7781512503836436
AGACGGGGTACCACAG-1,C57BL6,1,3,0.6020599913279624
AGACGGGGTATCAGTA-1,OTI,4,62,1.7993405494535817
AGACGGGGTCATACGG-1,OTI,6,130,2.1172712956557644
AGACGGGGTCGCTAAG-1,C57BL6,1,5,0.7781512503836436
AGACGGGGTGCATCAG-1,OTI,2,11,1.0791812460476249
AGACGGGGTGCCCGTC-1,C57BL6,1,8,0.9542425094393249
AGACGGGGTGGGATAA-1,OTI,3,27,1.4471580313422192
AGACGGGGTGTAGCGC-1,OTI,1,4,0.6989700043360189
AGACGTACACACGTCA-1,C57BL6,0,0,0.0
AGACGTACACATTAGC-1,OTI,3,10,1.0413926851582251
AGACGTACACCCAGAC-1,C57BL6,0,0,0.0
AGACGTACACCTGCAA-1,C57BL6,0,0,0.0
AGACGTACACTGGGAG-1,OTI,4,112,2.0530784434834195
AGACGTACAGTAAAGT-1,C57BL6,0,0,0.0
AGACGTTGTCGCTTGT-1,C57BL6,0,0,0.0
AGACGTTGTCTGACTC-1,OTI,2,18,1.2787536009528289
AGACGTTGTGTCGTGA-1,OTI,5,137,2.1398790864012365
AGACGTTGTGTCTCCG-1,OTI,3,115,2.0644579892269186
AGACTCATCAACGTTG-1,C57BL6,1,8,0.9542425094393249
AGACTCATCACTCGGG-1,OTI,4,37,1.5797835966168101
AGACTCATCATTCGCT-1,OTI,0,0,0.0
AGACTCATCCAGTAGC-1,OTI,1,2,0.47712125471966244
AGACTCATCGCGTTAA-1,OTI,2,12,1.1139433523068367
AGACTCATCGTAGTGC-1,OTI,1,14,1.1760912590556813
AGACTCATCGTCGCTC-1,OTI,1,6,0.8450980400142568
AGACTCGGTAAGGAAT-1,C57BL6,0,0,0.0
AGACTCGGTACTGGGC-1,OTI,4,46,1.6720978579357175
AGACTCGGTAGAGAAT-1,OTI,4,107,2.03342375548695
AGACTCGGTATCTGTT-1,C57BL6,0,0,0.0
AGACTCGGTCCGGCCT-1,OTI,0,0,0.0
AGACTCGGTCTGCAAG-1,OTI,0,0,0.0
AGACTCGGTGCTCGTT-1,OTI,2,30,1.4913616938342726
AGACTGCTCACGCGTG-1,C57BL6,1,1,0.3010299956639812
AGACTGCTCATACCCT-1,OTI,5,5,0.7781512503836436
AGACTGCTCCAGCCCT-1,C57BL6,0,0,0.0
AGACTGCTCCCAGTAA-1,C57BL6,0,0,0.0
AGACTGCTCGCTCGCT-1,OTI,3,31,1.505149978319906
AGACTGCTCGGTACGT-1,OTI,0,0,0.0
AGACTTGTCCATCGCC-1,OTI,4,21,1.3424226808222062
AGACTTGTCGGGCCTA-1,OTI,9,87,1.9444826721501687
AGACTTGTCGGTGTTA-1,OTI,5,89,1.954242509439325
AGACTTTAGAGGGCGT-1,OTI,5,35,1.5563025007672873
AGACTTTAGATGCATT-1,C57BL6,0,0,0.0
AGACTTTAGCAATTAC-1,C57BL6,0,0,0.0
AGACTTTAGCCAAATT-1,OTI,1,4,0.6989700043360189
AGACTTTAGCGATTAT-1,OTI,5,116,2.0681858617461617
AGACTTTAGCGTTGTA-1,OTI,2,377,2.5774917998372255
AGACTTTAGGCGGAGT-1,OTI,0,0,0.0
AGACTTTAGGGTCTGT-1,C57BL6,0,0,0.0
AGAGAACTCAACCCTT-1,OTI,2,159,2.2041199826559246
AGAGAACTCACCCCGT-1,C57BL6,0,0,0.0
AGAGAACTCAGCCGTG-1,OTI,9,452,2.656098202012832
AGAGAACTCAGTGGCT-1,OTI,2,196,2.294466226161593
AGAGAACTCCCGTCTA-1,OTI,0,0,0.0
AGAGAACTCCCTGCAC-1,OTI,1,112,2.0530784434834195
AGAGAACTCCTATCCG-1,C57BL6,0,0,0.0
AGAGAACTCGGTCAAC-1,OTI,9,53,1.7323937598229686
AGAGAATGTAACCGGC-1,C57BL6,0,0,0.0
AGAGAATGTACAAGGA-1,OTI,2,90,1.9590413923210936
AGAGAATGTACTAAGC-1,OTI,3,15,1.2041199826559248
AGAGAATGTATAAGGG-1,OTI,5,72,1.863322860120456
AGAGAATGTATCGAGT-1,OTI,0,0,0.0
AGAGAATGTCAGGGTC-1,OTI,3,49,1.6989700043360187
AGAGAATGTCATTTCG-1,C57BL6,1,10,1.0413926851582251
AGAGACCCAAAATCCC-1,OTI,1,14,1.1760912590556813
AGAGACCCAATGCGAA-1,OTI,3,60,1.7853298350107671
AGAGACCCACACAAGA-1,C57BL6,0,0,0.0
AGAGACCCACACTACG-1,C57BL6,1,1,0.3010299956639812
AGAGACCCACCTAACG-1,OTI,2,95,1.9822712330395684
AGAGACCCACGGCTTA-1,OTI,2,447,2.651278013998144
AGAGACCCAGCTTATA-1,OTI,3,27,1.4471580313422192
AGAGAGAAGAGTGGCA-1,C57BL6,0,0,0.0
AGAGAGAAGATCTCGA-1,C57BL6,1,1,0.3010299956639812
AGAGAGAAGCTGAATT-1,OTI,0,0,0.0
AGAGAGAAGGCAACGA-1,C57BL6,1,10,1.0413926851582251
AGAGAGGCAACGTACT-1,OTI,2,32,1.5185139398778875
AGAGAGGCAAGCGCCT-1,C57BL6,0,0,0.0
AGAGAGGCACATAATT-1,C57BL6,0,0,0.0
AGAGAGGCACGAAGTA-1,OTI,1,11,1.0791812460476249
AGAGAGGCAGCTACAT-1,C57BL6,0,0,0.0
AGAGATGGTAGAGAAT-1,OTI,0,0,0.0
AGAGATGGTAGGATAG-1,OTI,3,85,1.9344984512435677
AGAGATGGTATACTTC-1,OTI,4,113,2.0569048513364727
AGAGATGGTCACGTTC-1,OTI,2,6,0.8450980400142568
AGAGATGGTCGCTTCG-1,OTI,1,6,0.8450980400142568
AGAGATGGTCGGCTGG-1,C57BL6,1,2,0.47712125471966244
AGAGATGGTCTGTACC-1,OTI,8,59,1.7781512503836436
AGAGATGGTGGAATGA-1,OTI,3,56,1.7558748556724915
AGAGATGGTGGTATGT-1,OTI,1,4,0.6989700043360189
AGAGATGGTGTGGGCT-1,OTI,8,42,1.6334684555795864
AGAGATGGTGTTAGCG-1,OTI,2,328,2.5171958979499744
AGAGATGGTGTTATAG-1,OTI,3,91,1.9637878273455553
AGAGATTCAAATCTCA-1,C57BL6,0,0,0.0
AGAGATTCAAGGGTCG-1,OTI,0,0,0.0
AGAGATTCAATGGACA-1,OTI,1,52,1.724275869600789
AGAGATTCAGCGTAGG-1,OTI,1,5,0.7781512503836436
AGAGATTCAGGGCGTA-1,OTI,2,9,1.0
AGAGATTCAGTCACGC-1,OTI,5,39,1.6020599913279623
AGAGGAAAGAATGCCC-1,OTI,5,245,2.3909351071033793
AGAGGAAAGACGACGA-1,C57BL6,5,7,0.9030899869919435
AGAGGAAAGATTCAAC-1,OTI,0,0,0.0
AGAGGAAAGCAAACCC-1,OTI,3,710,2.851869600729766
AGAGGAAAGCCGACAT-1,OTI,1,71,1.8573324964312685
AGAGGAAAGCGTCAAC-1,C57BL6,1,7,0.9030899869919435
AGAGGAAAGGCCCACA-1,C57BL6,0,0,0.0
AGAGGCGGTATCATTC-1,C57BL6,0,0,0.0
AGAGGCGGTCTAAATG-1,OTI,6,30,1.4913616938342726
AGAGGCGGTCTGCAAG-1,OTI,2,133,2.1271047983648077
AGAGGCGGTGTAACGT-1,OTI,2,10,1.0413926851582251
AGAGGGACAATAGGGC-1,OTI,0,0,0.0
AGAGGGACAATTAATC-1,C57BL6,2,8,0.9542425094393249
AGAGGGACACATTGGT-1,OTI,1,2,0.47712125471966244
AGAGGGACAGCCCTAA-1,OTI,4,63,1.806179973983887
AGAGGGACAGTCCATG-1,OTI,1,3,0.6020599913279624
AGAGGGACAGTCCGTA-1,OTI,11,132,2.123851640967086
AGAGGGACAGTCCTCT-1,OTI,1,4,0.6989700043360189
AGAGGGTGTAACTAGC-1,OTI,3,125,2.100370545117563
AGAGGGTGTAGTATTG-1,C57BL6,0,0,0.0
AGAGGGTGTCGCTATC-1,OTI,3,225,2.3541084391474008
AGAGGGTGTGCCTTCG-1,OTI,0,0,0.0
AGAGGTAGTAAGCGCC-1,C57BL6,0,0,0.0
AGAGGTAGTAGGCGCT-1,C57BL6,0,0,0.0
AGAGGTAGTATGGGTT-1,C57BL6,1,5,0.7781512503836436
AGAGGTAGTCCAGATG-1,C57BL6,0,0,0.0
AGAGGTAGTCTGATAA-1,OTI,3,36,1.568201724066995
AGAGGTAGTGCGATGC-1,OTI,2,10,1.0413926851582251
AGAGGTCCAAACGGTA-1,OTI,2,100,2.0043213737826426
AGAGGTCCAACTAAGG-1,OTI,1,2,0.47712125471966244
AGAGGTCCACGTATCG-1,OTI,5,166,2.2227164711475833
AGAGGTCCAGTGCACC-1,OTI,5,50,1.7075701760979363
AGAGGTTAGAGTTGGG-1,C57BL6,2,13,1.146128035678238
AGAGGTTAGCCGCACA-1,OTI,1,3,0.6020599913279624
AGAGGTTAGCGTTCAA-1,OTI,2,56,1.7558748556724915
AGAGGTTAGCTCTCAT-1,OTI,2,346,2.5403294747908736
AGAGGTTAGCTGGGTT-1,OTI,0,0,0.0
AGAGTAATCAAAGGTA-1,C57BL6,0,0,0.0
AGAGTAATCATAAGCT-1,C57BL6,0,0,0.0
AGAGTAATCCACTCCA-1,OTI,2,13,1.146128035678238
AGAGTAGGTAAGGTAG-1,OTI,1,3,0.6020599913279624
AGAGTAGGTAATCAGC-1,OTI,2,93,1.9731278535996986
AGAGTAGGTACTCGAG-1,C57BL6,0,0,0.0
AGAGTAGGTACTTGCC-1,OTI,3,279,2.4471580313422194
AGAGTAGGTCAGTTGG-1,OTI,5,42,1.6334684555795864
AGAGTAGGTCATCTCA-1,OTI,3,39,1.6020599913279623
AGAGTAGGTCTAACCC-1,C57BL6,0,0,0.0
AGAGTAGGTCTAGCAG-1,C57BL6,0,0,0.0
AGAGTAGGTGGTCAAT-1,C57BL6,0,0,0.0
AGAGTAGGTGTCTCCG-1,OTI,1,14,1.1760912590556813
AGAGTGAGTACTGGAT-1,C57BL6,0,0,0.0
AGAGTGAGTACTTATC-1,OTI,4,18,1.2787536009528289
AGAGTGAGTCCTGTCG-1,OTI,0,0,0.0
AGAGTGAGTCGCGTGG-1,C57BL6,3,3,0.6020599913279624
AGAGTGAGTGCCCATT-1,OTI,11,143,2.1583624920952498
AGAGTTAAGAAACCGG-1,OTI,4,43,1.6434526764861874
AGAGTTAAGAAATTGG-1,C57BL6,0,0,0.0
AGAGTTAAGAAGCGTG-1,C57BL6,0,0,0.0
AGAGTTAAGAGTATAG-1,OTI,0,0,0.0
AGAGTTAAGCGCAGTT-1,C57BL6,0,0,0.0
AGAGTTAAGCTACAAT-1,C57BL6,0,0,0.0
AGAGTTAAGGCCACAT-1,OTI,8,168,2.2278867046136734
AGAGTTAAGGCGGAGT-1,C57BL6,0,0,0.0
AGAGTTAAGGCTTCAA-1,C57BL6,1,12,1.1139433523068367
AGAGTTAAGGTATTCG-1,OTI,5,75,1.8808135922807914
AGCAAATCAACTAAGG-1,OTI,0,0,0.0
AGCAAATCAAGTCTTA-1,C57BL6,4,9,1.0
AGCAAATCAATTAACT-1,OTI,3,201,2.305351369446624
AGCAAATCACAACTTA-1,OTI,0,0,0.0
AGCAAATCACCATTCC-1,C57BL6,1,6,0.8450980400142568
AGCAAATCACGCGTAC-1,C57BL6,0,0,0.0
AGCAAATCAGCCTTTC-1,OTI,7,72,1.863322860120456
AGCAAATCAGCTCAAT-1,OTI,0,0,0.0
AGCAAATCAGTCGGTC-1,C57BL6,0,0,0.0
AGCAACGAGACAGGAT-1,OTI,2,130,2.1172712956557644
AGCAACGAGATGGTGG-1,C57BL6,1,2,0.47712125471966244
AGCAACGAGCAATTAC-1,OTI,1,1,0.3010299956639812
AGCAACGAGCCTTAAG-1,C57BL6,2,9,1.0
AGCAACGAGCGGCCTA-1,OTI,3,10,1.0413926851582251
AGCAACGAGCGGCTTG-1,OTI,4,96,1.9867717342662448
AGCAACGAGCGTGAAG-1,OTI,0,0,0.0
AGCAACGAGGTTATCG-1,OTI,0,0,0.0
AGCAAGCCAAACGGCG-1,C57BL6,0,0,0.0
AGCAAGCCAAATGCGA-1,OTI,2,112,2.0530784434834195
AGCAAGCCAACAGCCC-1,C57BL6,1,10,1.0413926851582251
AGCAAGCCACGAACGG-1,OTI,3,64,1.8129133566428555
AGCAAGCCACTAGGGG-1,OTI,0,0,0.0
AGCAAGCCACTTATAG-1,C57BL6,0,0,0.0
AGCAAGCCAGCGCATC-1,OTI,0,0,0.0
AGCAAGTAGAACCATT-1,C57BL6,0,0,0.0
AGCAAGTAGATCAGGG-1,C57BL6,1,8,0.9542425094393249
AGCAAGTAGCATCTAG-1,OTI,3,51,1.7160033436347992
AGCAAGTAGCCTAGCG-1,C57BL6,1,8,0.9542425094393249
AGCAAGTAGCGTTGGT-1,C57BL6,1,5,0.7781512503836436
AGCAAGTAGGCTTTGA-1,C57BL6,0,0,0.0
AGCAAGTAGGGATAGT-1,OTI,1,10,1.0413926851582251
AGCAAGTAGGGCTTCG-1,OTI,1,6,0.8450980400142568
AGCAAGTAGGGTAAGT-1,OTI,1,9,1.0
AGCAATCGTAAGTTTG-1,C57BL6,1,11,1.0791812460476249
AGCAATCGTATGCAGT-1,OTI,3,20,1.3222192947339193
AGCAATCGTCAAAGCT-1,C57BL6,8,17,1.255272505103306
AGCAATCGTCAGTGCA-1,OTI,2,11,1.0791812460476249
AGCAATCGTGGACGCT-1,OTI,3,254,2.406540180433955
AGCAATTTCAAGGCTC-1,OTI,1,49,1.6989700043360187
AGCAATTTCAATACGT-1,OTI,11,58,1.7708520116421442
AGCAATTTCATAACGT-1,OTI,5,116,2.0681858617461617
AGCAATTTCCAGTCCC-1,OTI,0,0,0.0
AGCAATTTCCCTGCTA-1,C57BL6,4,7,0.9030899869919435
AGCAATTTCCGGCGTA-1,OTI,1,45,1.662757831681574
AGCACAACAAAATGAC-1,OTI,3,148,2.173186268412274
AGCACAACAAATCCGT-1,C57BL6,1,8,0.9542425094393249
AGCACAACAACGCGTC-1,C57BL6,0,0,0.0
AGCACAACACAACTCG-1,OTI,9,154,2.1903316981702914
AGCACAACACACTTAA-1,C57BL6,0,0,0.0
AGCACAACACTATGGT-1,OTI,8,240,2.3820170425748683
AGCACAACACTCTAGG-1,OTI,2,22,1.3617278360175928
AGCACAACAGCAGCGA-1,OTI,1,1,0.3010299956639812
AGCACGTTCAATCTCC-1,OTI,2,15,1.2041199826559248
AGCACGTTCAGCGCAT-1,OTI,2,129,2.113943352306837
AGCACGTTCATCCCCA-1,OTI,6,295,2.4712917110589387
AGCACGTTCCAATTAA-1,OTI,1,5,0.7781512503836436
AGCACGTTCCCAGAAC-1,OTI,2,125,2.100370545117563
AGCACGTTCCCTGACC-1,OTI,1,4,0.6989700043360189
AGCACGTTCCGTCAAA-1,OTI,1,5,0.7781512503836436
AGCACTATCACGCGTG-1,OTI,0,0,0.0
AGCACTATCATGGACC-1,OTI,9,159,2.2041199826559246
AGCACTATCATGGTGC-1,OTI,3,200,2.303196057420489
AGCACTATCCAAGTGC-1,OTI,1,3,0.6020599913279624
AGCACTATCCCTGTCA-1,OTI,0,0,0.0
AGCACTATCCGATCAA-1,OTI,3,27,1.4471580313422192
AGCACTATCCGCTTGC-1,OTI,2,15,1.2041199826559248
AGCACTATCCGGACAT-1,C57BL6,1,3,0.6020599913279624
AGCACTATCCGGTATA-1,OTI,1,5,0.7781512503836436
AGCACTATCGCTCCGT-1,OTI,1,41,1.6232492903979006
AGCAGATAGCAAGGCA-1,OTI,0,0,0.0
AGCAGATAGCACGCCA-1,OTI,0,0,0.0
AGCAGATAGCTGCGAT-1,OTI,5,282,2.45178643552429
AGCAGATAGGCGTCCA-1,OTI,2,19,1.3010299956639813
AGCAGATAGGGGGCAT-1,OTI,4,32,1.5185139398778875
AGCAGATAGGGTTCGT-1,OTI,5,93,1.9731278535996986
AGCAGATAGGTTGATT-1,OTI,0,0,0.0
AGCAGCAAGAACGATA-1,OTI,4,42,1.6334684555795864
AGCAGCAAGAGGACGC-1,OTI,2,47,1.6812412373755872
AGCAGCAAGCACCTCC-1,C57BL6,0,0,0.0
AGCAGCAAGCTAAGGG-1,OTI,0,0,0.0
AGCAGCAAGGGGTATG-1,OTI,5,66,1.8260748027008264
AGCAGGGGTAGTATGC-1,C57BL6,0,0,0.0
AGCAGGGGTGGATTCG-1,OTI,2,3,0.6020599913279624
AGCAGGGGTGTGCCCC-1,OTI,9,370,2.569373909615046
AGCAGTACAACGATAG-1,OTI,1,3,0.6020599913279624
AGCAGTACAAGAGGTC-1,OTI,4,54,1.7403626894942439
AGCAGTACACGCAATT-1,OTI,1,573,2.7589118923979736
AGCAGTACACTATACA-1,C57BL6,0,0,0.0
AGCAGTACACTGGGAG-1,C57BL6,0,0,0.0
AGCAGTACAGCGTGCT-1,OTI,1,778,2.8915374576725643
AGCAGTACAGGTTGCC-1,OTI,6,38,1.591064607026499
AGCAGTCTCACGCATA-1,OTI,0,0,0.0
AGCAGTCTCAGCCGCA-1,OTI,2,135,2.1335389083702174
AGCAGTCTCAGTTAGT-1,OTI,2,22,1.3617278360175928
AGCAGTCTCATCGGGT-1,OTI,1,17,1.255272505103306
AGCAGTCTCCTAGGGT-1,C57BL6,0,0,0.0
AGCAGTCTCCTTCGCA-1,OTI,5,387,2.5888317255942073
AGCAGTCTCGGACACT-1,OTI,3,22,1.3617278360175928
AGCAGTCTCGGAGCTT-1,C57BL6,4,57,1.7634279935629373
AGCAGTTGTAAGCGCC-1,OTI,5,94,1.9777236052888478
AGCAGTTGTCAGCATG-1,OTI,2,112,2.0530784434834195
AGCAGTTGTCTCGTCG-1,OTI,2,9,1.0
AGCAGTTGTGGGGTCT-1,C57BL6,0,0,0.0
AGCAGTTGTGTGCAAT-1,OTI,0,0,0.0
AGCATAGCAACCCTCT-1,OTI,3,114,2.060697840353612
AGCATAGCAACGGGAT-1,C57BL6,0,0,0.0
AGCATAGCAAGCAGTA-1,OTI,9,81,1.9138138523837167
AGCATAGCAAGTACTC-1,OTI,3,40,1.6127838567197355
AGCATAGCACTCCACT-1,OTI,1,29,1.4771212547196624
AGCATAGCAGTCTTAA-1,C57BL6,0,0,0.0
AGCATATTCACTGCAA-1,OTI,0,0,0.0
AGCATATTCATACCTC-1,C57BL6,1,6,0.8450980400142568
AGCATATTCGCCTCTA-1,OTI,0,0,0.0
AGCATCATCACAACGC-1,OTI,0,0,0.0
AGCATCATCAGCGCAT-1,OTI,0,0,0.0
AGCATCATCATGCCTT-1,OTI,2,15,1.2041199826559248
AGCATCATCGGTCTAA-1,OTI,1,5,0.7781512503836436
AGCATCGGTACAAGCT-1,C57BL6,0,0,0.0
AGCATCGGTACTCCCG-1,OTI,10,614,2.788875115775417
AGCATCGGTCAGGTGC-1,OTI,1,2,0.47712125471966244
AGCATCGGTCGACCCC-1,OTI,1,59,1.7781512503836436
AGCATCGGTGCGATGC-1,OTI,2,148,2.173186268412274
AGCATCGGTGCTGTCT-1,OTI,5,64,1.8129133566428555
AGCATCGGTGGAGCGA-1,C57BL6,0,0,0.0
AGCATCGGTGTCGAAT-1,OTI,5,239,2.380211241711606
AGCATGGAGAGGGCGT-1,C57BL6,0,0,0.0
AGCATGGAGCGTTGTA-1,OTI,0,0,0.0
AGCATGGAGGCTTACA-1,OTI,2,61,1.792391689498254
AGCATTCCAAGTTAGG-1,OTI,4,86,1.9395192526186185
AGCATTCCAATATCAT-1,OTI,2,106,2.0293837776852097
AGCATTCCAATCGAGA-1,OTI,2,13,1.146128035678238
AGCATTCCAATCGCGC-1,C57BL6,0,0,0.0
AGCATTCCACAGTTAC-1,C57BL6,3,8,0.9542425094393249
AGCATTCCACCAATAC-1,OTI,6,82,1.919078092376074
AGCATTCCACTCTAGG-1,OTI,4,133,2.1271047983648077
AGCATTCCAGGAACTA-1,OTI,3,50,1.7075701760979363
AGCATTCCAGTAGTAG-1,OTI,5,105,2.0253058652647704
AGCATTGTCACAATCG-1,C57BL6,0,0,0.0
AGCATTGTCCAATTAA-1,OTI,0,0,0.0
AGCATTGTCCCTTAAC-1,C57BL6,2,11,1.0791812460476249
AGCATTGTCGCTTTCG-1,C57BL6,1,11,1.0791812460476249
AGCATTGTCGTCTCAT-1,OTI,5,78,1.8976270912904414
AGCATTTAGAGACTTT-1,OTI,0,0,0.0
AGCATTTAGAGGCCAA-1,OTI,3,74,1.8750612633917
AGCATTTAGATATACC-1,C57BL6,0,0,0.0
AGCATTTAGCACGGAA-1,OTI,3,94,1.9777236052888478
AGCATTTAGCTCAGGT-1,C57BL6,0,0,0.0
AGCATTTAGGCGTTAC-1,OTI,3,80,1.9084850188786497
AGCCAACTCACATCTC-1,OTI,5,64,1.8129133566428555
AGCCAACTCAGTCAGC-1,OTI,5,257,2.41161970596323
AGCCAACTCCATCGTT-1,OTI,2,46,1.6720978579357175
AGCCAACTCCCCATTG-1,OTI,9,244,2.3891660843645326
AGCCAACTCCGGAAAG-1,OTI,4,49,1.6989700043360187
AGCCAACTCCGGTATA-1,C57BL6,2,11,1.0791812460476249
AGCCAACTCGCGGTAT-1,OTI,2,28,1.462397997898956
AGCCAGCGTAACCGGC-1,C57BL6,1,5,0.7781512503836436
AGCCAGCGTAGCAGTT-1,OTI,2,5,0.7781512503836436
AGCCAGCGTCAGCCTT-1,OTI,10,174,2.2430380486862944
AGCCAGCGTCCTTTGA-1,OTI,2,29,1.4771212547196624
AGCCAGCGTCGTTCCG-1,OTI,5,102,2.012837224705172
AGCCAGCGTGTCGGCG-1,OTI,4,163,2.214843848047698
AGCCAGCGTGTCGGGT-1,OTI,0,0,0.0
AGCCAGCGTGTCGTCT-1,OTI,2,12,1.1139433523068367
AGCCAGCGTGTGTATA-1,C57BL6,1,3,0.6020599913279624
AGCCATATCATGCAGC-1,OTI,1,91,1.9637878273455553
AGCCATATCCACATCT-1,OTI,1,41,1.6232492903979006
AGCCATATCCACCCAC-1,OTI,1,7,0.9030899869919435
AGCCATATCCACCCTA-1,OTI,7,212,2.3283796034387376
AGCCATATCCATCACT-1,OTI,2,46,1.6720978579357175
AGCCATATCCTATACC-1,OTI,1,11,1.0791812460476249
AGCCATATCGCGCCTT-1,OTI,0,0,0.0
AGCCATTCAACTTTAG-1,OTI,3,27,1.4471580313422192
AGCCATTCAAGGCTCC-1,OTI,4,101,2.0086001717619175
AGCCATTCACACATAC-1,C57BL6,1,15,1.2041199826559248
AGCCATTCAGCGGTCT-1,OTI,2,183,2.2648178230095364
AGCCCATAGACCTTTC-1,OTI,2,8,0.9542425094393249
AGCCCATAGAGCATGG-1,OTI,0,0,0.0
AGCCCATAGCATCTAG-1,OTI,0,0,0.0
AGCCCATAGCGAAGAT-1,C57BL6,2,39,1.6020599913279623
AGCCCATAGCTAGGAG-1,OTI,3,230,2.3636119798921444
AGCCCATAGCTGCAAC-1,OTI,9,192,2.285557309007774
AGCCCATAGGCTTCGG-1,OTI,2,64,1.8129133566428555
AGCCCATAGGCTTGAC-1,C57BL6,6,6,0.8450980400142568
AGCCCATAGGGGATTG-1,OTI,4,62,1.7993405494535817
AGCCCCAAGAAATTGG-1,C57BL6,5,277,2.444044795918076
AGCCCCAAGAGTTGGG-1,OTI,3,39,1.6020599913279623
AGCCCCAAGCAACGAG-1,OTI,1,2,0.47712125471966244
AGCCCCAAGCTGATTG-1,OTI,1,1,0.3010299956639812
AGCCCCAAGGTGTCCG-1,OTI,2,34,1.5440680443502757
AGCCCCTTCAACGGCT-1,OTI,0,0,0.0
AGCCCCTTCACGAACC-1,C57BL6,0,0,0.0
AGCCCCTTCAGCCTCC-1,C57BL6,0,0,0.0
AGCCCCTTCATACCTC-1,OTI,0,0,0.0
AGCCCCTTCATCATCC-1,OTI,2,40,1.6127838567197355
AGCCCCTTCCATTCCG-1,C57BL6,0,0,0.0
AGCCCTCTCACGGTCG-1,OTI,2,40,1.6127838567197355
AGCCCTCTCACTAACG-1,C57BL6,1,2,0.47712125471966244
AGCCCTCTCCATCATC-1,C57BL6,1,1,0.3010299956639812
AGCCCTCTCCCATTAC-1,C57BL6,0,0,0.0
AGCCCTCTCGGAAAGT-1,OTI,3,222,2.3483048630481607
AGCCCTCTCGGACCTG-1,OTI,4,28,1.462397997898956
AGCCCTCTCGTTGCAA-1,OTI,3,80,1.9084850188786497
AGCCCTTGTAAAGCCT-1,OTI,0,0,0.0
AGCCCTTGTAACATTG-1,OTI,2,22,1.3617278360175928
AGCCCTTGTACCACCT-1,OTI,1,8,0.9542425094393249
AGCCCTTGTACGTCTC-1,OTI,2,440,2.6444385894678386
AGCCCTTGTCAATGTA-1,OTI,2,24,1.3979400086720377
AGCCCTTGTCTAATGA-1,C57BL6,1,36,1.568201724066995
AGCCCTTGTCTATTGT-1,C57BL6,3,23,1.380211241711606
AGCCCTTGTCTCGCCA-1,OTI,4,37,1.5797835966168101
AGCCCTTGTCTTATGT-1,OTI,2,54,1.7403626894942439
AGCCCTTGTGCTTGGA-1,OTI,5,45,1.662757831681574
AGCCCTTGTGGCTAGC-1,OTI,5,111,2.0492180226701815
AGCCCTTGTGGGTGAG-1,C57BL6,0,0,0.0
AGCCGAAAGACAAGCG-1,OTI,4,51,1.7160033436347992
AGCCGAAAGACCTTTC-1,OTI,0,0,0.0
AGCCGAAAGAGTGGCA-1,C57BL6,1,1,0.3010299956639812
AGCCGAAAGCGAATGG-1,OTI,0,0,0.0
AGCCGAAAGCTCTGAA-1,C57BL6,0,0,0.0
AGCCGAAAGCTGCGAT-1,OTI,2,37,1.5797835966168101
AGCCGAGCAATAGGGC-1,C57BL6,1,11,1.0791812460476249
AGCCGAGCAATTCAGC-1,OTI,3,3,0.6020599913279624
AGCCGAGCACCATACG-1,C57BL6,0,0,0.0
AGCCGAGCAGGTATCT-1,OTI,3,63,1.806179973983887
AGCCGAGCAGTTGATC-1,OTI,2,61,1.792391689498254
AGCCGCATCAGACACC-1,C57BL6,0,0,0.0
AGCCGCATCCGGTCCT-1,C57BL6,1,3,0.6020599913279624
AGCCGCATCCTATACC-1,OTI,1,77,1.8920946026904804
AGCCGCATCGGCAATC-1,OTI,0,0,0.0
AGCCGTCCAACCCCAA-1,OTI,4,186,2.271841606536499
AGCCGTCCAAGAGGTC-1,C57BL6,0,0,0.0
AGCCGTCCACGCATCA-1,C57BL6,0,0,0.0
AGCCGTCCAGGTAAGC-1,OTI,0,0,0.0
AGCCGTTAGCACCCAG-1,OTI,0,0,0.0
AGCCGTTAGCAGCTAC-1,OTI,1,18,1.2787536009528289
AGCCGTTAGGCTTTAG-1,OTI,5,5,0.7781512503836436
AGCCTCCTCATGTAAC-1,C57BL6,0,0,0.0
AGCCTCCTCCCGTCTA-1,OTI,3,70,1.8512583487190752
AGCCTCCTCCGTTACT-1,OTI,1,4,0.6989700043360189
AGCCTCCTCCTCAGCC-1,OTI,3,70,1.8512583487190752
AGCCTCCTCCTGTACT-1,C57BL6,0,0,0.0
AGCCTCCTCGCACTCC-1,OTI,0,0,0.0
AGCCTCTGTATGTTGA-1,OTI,10,78,1.8976270912904414
AGCCTCTGTGGCACGT-1,C57BL6,1,2,0.47712125471966244
AGCCTGTAGACATCAT-1,C57BL6,1,1,0.3010299956639812
AGCCTGTAGAGTATTC-1,OTI,2,118,2.0755469613925306
AGCCTGTAGGGAAGCC-1,OTI,0,0,0.0
AGCCTGTAGGTTAATC-1,OTI,6,32,1.5185139398778875
AGCCTTCGTAATTCCT-1,C57BL6,0,0,0.0
AGCCTTCGTATCGAGT-1,OTI,2,31,1.505149978319906
AGCCTTCGTATCTTGT-1,OTI,7,14,1.1760912590556813
AGCCTTCGTATTGTAG-1,C57BL6,0,0,0.0
AGCCTTCGTGGTGCGT-1,OTI,4,113,2.0569048513364727
AGCCTTCGTGTCTATT-1,OTI,1,21,1.3424226808222062
AGCCTTCGTGTGCAAT-1,OTI,5,52,1.724275869600789
AGCCTTCGTGTTCGTC-1,OTI,3,42,1.6334684555795864
AGCGAACCAAGCTTTA-1,OTI,2,149,2.1760912590556813
AGCGAACCAATCTGAC-1,C57BL6,0,0,0.0
AGCGAACCACGTGCTA-1,OTI,2,9,1.0
AGCGAATAGAAACTAG-1,C57BL6,0,0,0.0
AGCGAATAGAATACAG-1,OTI,1,53,1.7323937598229686
AGCGAATAGACTTTGG-1,C57BL6,3,4,0.6989700043360189
AGCGAATAGCACAAGG-1,OTI,2,13,1.146128035678238
AGCGAATAGCGATGGA-1,OTI,0,0,0.0
AGCGAATAGGCGTCCA-1,OTI,0,0,0.0
AGCGAATAGGTTGTAT-1,OTI,0,0,0.0
AGCGACAAGAACGAAC-1,OTI,10,286,2.4578818967339924
AGCGACAAGACAACGG-1,OTI,0,0,0.0
AGCGACAAGACATTCG-1,C57BL6,1,8,0.9542425094393249
AGCGACAAGACTGCAC-1,OTI,0,0,0.0
AGCGACAAGAGCGAAT-1,OTI,2,177,2.250420002308894
AGCGACAAGCAGGAGC-1,OTI,8,341,2.534026106056135
AGCGACAAGGTGGGTA-1,OTI,3,264,2.423245873936808
AGCGAGTCAAAAGCGC-1,OTI,5,82,1.919078092376074
AGCGAGTCAAATGCGA-1,OTI,1,292,2.4668676203541096
AGCGAGTCAACCCTCT-1,C57BL6,1,1,0.3010299956639812
AGCGAGTCAACGTTCG-1,OTI,4,19,1.3010299956639813
AGCGAGTCACAATACC-1,OTI,1,14,1.1760912590556813
AGCGAGTCACAGGACG-1,OTI,0,0,0.0
AGCGAGTCACGCGCAT-1,C57BL6,0,0,0.0
AGCGAGTCAGTCAACT-1,OTI,2,10,1.0413926851582251
AGCGAGTCAGTCTGCA-1,C57BL6,0,0,0.0
AGCGATACACTCACTC-1,OTI,2,25,1.414973347970818
AGCGATGAGACCCTTT-1,OTI,2,25,1.414973347970818
AGCGATGAGGCTGTTA-1,OTI,1,10,1.0413926851582251
AGCGATGAGGTAATAG-1,OTI,2,104,2.0211892990699383
AGCGATGAGGTTAGTT-1,C57BL6,1,18,1.2787536009528289
AGCGCAGCAAAATGAC-1,C57BL6,0,0,0.0
AGCGCAGCACGGGTAG-1,OTI,2,31,1.505149978319906
AGCGCAGCACTCAATA-1,OTI,8,301,2.4800069429571505
AGCGCAGCAGCATCGC-1,OTI,4,121,2.0863598306747484
AGCGCATTCAAACCGC-1,C57BL6,1,5,0.7781512503836436
AGCGCATTCAGGAATA-1,OTI,0,0,0.0
AGCGCATTCCTACGCC-1,OTI,6,8,0.9542425094393249
AGCGCATTCGGACGTT-1,C57BL6,0,0,0.0
AGCGCATTCGTAGCGT-1,OTI,0,0,0.0
AGCGCCATCAGCAGTC-1,OTI,2,65,1.8195439355418688
AGCGCCATCGCCCCAT-1,OTI,0,0,0.0
AGCGCCTCAAAGGCCG-1,C57BL6,0,0,0.0
AGCGCCTCAAGGACTA-1,C57BL6,0,0,0.0
AGCGCCTCACAGGCGA-1,C57BL6,0,0,0.0
AGCGCCTCACATGGTT-1,OTI,5,58,1.7708520116421442
AGCGCCTCAGCATTCG-1,OTI,2,255,2.4082399653118496
AGCGCCTCAGGGTTAA-1,OTI,2,51,1.7160033436347992
AGCGCCTCAGGTAGCG-1,OTI,2,9,1.0
AGCGCGACAATATGTT-1,OTI,5,122,2.089905111439398
AGCGCGACACAACTCG-1,OTI,2,45,1.662757831681574
AGCGCGACACACTAAC-1,OTI,1,3,0.6020599913279624
AGCGCGACACAGGTAA-1,C57BL6,5,6,0.8450980400142568
AGCGCGACACCCATTC-1,OTI,1,19,1.3010299956639813
AGCGCGACACCTCGAA-1,OTI,10,439,2.6434526764861874
AGCGCGACACGTTCGA-1,OTI,3,118,2.0755469613925306
AGCGCGACAGCACGGA-1,C57BL6,0,0,0.0
AGCGCGACAGTCCTCT-1,OTI,1,28,1.462397997898956
AGCGCGTGTACCTAGG-1,OTI,1,17,1.255272505103306
AGCGCGTGTATCGTGG-1,OTI,3,54,1.7403626894942439
AGCGCGTGTATTCAGA-1,OTI,1,7,0.9030899869919435
AGCGCGTGTCACCGCC-1,C57BL6,0,0,0.0
AGCGCGTGTCTGTACC-1,OTI,2,283,2.4533183400470375
AGCGCGTGTGCTAGGC-1,OTI,4,54,1.7403626894942439
AGCGCTCCAAATATAG-1,OTI,1,218,2.3404441148401185
AGCGCTCCAACACGAA-1,OTI,2,18,1.2787536009528289
AGCGCTCCAACTCGAT-1,OTI,0,0,0.0
AGCGCTCCACGCAGGA-1,OTI,5,67,1.8325089127062364
AGCGCTCCACGCATCA-1,OTI,0,0,0.0
AGCGCTCCAGCAATAG-1,OTI,7,382,2.583198773968623
AGCGCTCCAGCCACTA-1,OTI,3,19,1.3010299956639813
AGCGCTCCAGGAACTA-1,C57BL6,0,0,0.0
AGCGGACAGACACATT-1,OTI,0,0,0.0
AGCGGACAGCACCTAA-1,OTI,0,0,0.0
AGCGGACAGCCAGAGA-1,C57BL6,0,0,0.0
AGCGGACAGCGTTGCG-1,OTI,3,19,1.3010299956639813
AGCGGACAGGGGCGAT-1,C57BL6,2,12,1.1139433523068367
AGCGGAGGTACCTATT-1,OTI,7,227,2.357934847000454
AGCGGAGGTACTTCTG-1,OTI,3,275,2.4409090820652177
AGCGGAGGTAGGGGAT-1,OTI,3,226,2.3560258571931225
AGCGGAGGTCCTCGAT-1,OTI,0,0,0.0
AGCGGAGGTCCTGCGC-1,C57BL6,0,0,0.0
AGCGGAGGTCGTTTCA-1,OTI,4,39,1.6020599913279623
AGCGGAGGTGCGGAGA-1,OTI,2,20,1.3222192947339193
AGCGGAGGTGTGTAGT-1,C57BL6,0,0,0.0
AGCGGCACAAACATGG-1,OTI,0,0,0.0
AGCGGCACACACTATA-1,OTI,0,0,0.0
AGCGGCACACCACGGT-1,OTI,1,534,2.7283537820212285
AGCGGCACAGTGGTAA-1,OTI,0,0,0.0
AGCGGGAGTACCTGCT-1,OTI,5,256,2.4099331233312946
AGCGGGAGTCAACCTC-1,OTI,1,1,0.3010299956639812
AGCGGGAGTCTACTAT-1,OTI,2,13,1.146128035678238
AGCGGGAGTGGCTTCT-1,C57BL6,0,0,0.0
AGCGGGTAGAGGGTAT-1,OTI,0,0,0.0
AGCGGGTAGCCATTGA-1,C57BL6,0,0,0.0
AGCGGGTAGCGTACGT-1,OTI,5,51,1.7160033436347992
AGCGGGTAGCTATGTG-1,OTI,0,0,0.0
AGCGGGTAGGGCTTCG-1,OTI,1,7,0.9030899869919435
AGCGGGTAGGGGTATG-1,C57BL6,1,6,0.8450980400142568
AGCGGGTAGGTAAGAC-1,C57BL6,0,0,0.0
AGCGGTAAGAAGGGTT-1,OTI,1,55,1.7481880270062005
AGCGGTAAGATCGACC-1,C57BL6,3,4,0.6989700043360189
AGCGGTAAGATCTTCC-1,OTI,0,0,0.0
AGCGGTAAGCAATGGG-1,C57BL6,0,0,0.0
AGCGGTAAGCACTCCC-1,C57BL6,1,8,0.9542425094393249
AGCGGTAAGCATATCG-1,OTI,2,35,1.5563025007672873
AGCGGTAAGCGTGTCG-1,OTI,2,12,1.1139433523068367
AGCGGTAAGCTCGAAC-1,OTI,1,6,0.8450980400142568
AGCGGTAAGGCGCTTG-1,OTI,7,105,2.0253058652647704
AGCGGTCGTACGTTCC-1,OTI,1,23,1.380211241711606
AGCGGTCGTAGTCTCC-1,OTI,7,161,2.2095150145426308
AGCGGTCGTCTATTGT-1,OTI,4,286,2.4578818967339924
AGCGGTCGTCTTAGCC-1,OTI,1,57,1.7634279935629373
AGCGGTCGTGCTTGGA-1,OTI,2,27,1.4471580313422192
AGCGGTTTCATTACTT-1,C57BL6,0,0,0.0
AGCGGTTTCCATTCAC-1,OTI,1,1,0.3010299956639812
AGCGGTTTCCGACTAA-1,OTI,2,71,1.8573324964312685
AGCGGTTTCCGGCGTA-1,OTI,7,37,1.5797835966168101
AGCGGTTTCCTGAACA-1,OTI,5,231,2.3654879848909
AGCGGTTTCGGCATTA-1,OTI,0,0,0.0
AGCGGTTTCGTAGCTA-1,OTI,4,22,1.3617278360175928
AGCGTAACAAAACGGC-1,OTI,1,2,0.47712125471966244
AGCGTAACAAAATGAC-1,OTI,4,37,1.5797835966168101
AGCGTAACAACGCTCA-1,OTI,4,158,2.2013971243204513
AGCGTAACAGGTTGGG-1,OTI,0,0,0.0
AGCGTAACAGTCTAAC-1,OTI,1,35,1.5563025007672873
AGCGTAACAGTGCGTC-1,OTI,6,71,1.8573324964312685
AGCGTACTCAATTGGT-1,OTI,2,50,1.7075701760979363
AGCGTACTCACCTCTG-1,OTI,2,9,1.0
AGCGTACTCATGGTGC-1,OTI,5,113,2.0569048513364727
AGCGTACTCCTTCGCA-1,OTI,1,10,1.0413926851582251
AGCGTACTCGTAGTTG-1,OTI,3,83,1.9242792860618816
AGCGTAGAGAATACAG-1,C57BL6,0,0,0.0
AGCGTAGAGAGACTTT-1,OTI,0,0,0.0
AGCGTAGAGATTCGAT-1,OTI,1,9,1.0
AGCGTAGAGCATGCGT-1,OTI,2,16,1.2304489213782739
AGCGTAGAGCCGTTAA-1,OTI,2,29,1.4771212547196624
AGCGTAGAGCTACACA-1,C57BL6,0,0,0.0
AGCGTAGAGCTACTGA-1,C57BL6,0,0,0.0
AGCGTATGTACAGCGC-1,OTI,3,53,1.7323937598229686
AGCGTATGTAGCCTCT-1,C57BL6,0,0,0.0
AGCGTATGTATCCGGA-1,OTI,5,68,1.8388490907372552
AGCGTATGTCAACGTG-1,C57BL6,1,27,1.4471580313422192
AGCGTATGTCTTAGCC-1,OTI,0,0,0.0
AGCGTATGTGCGCTGG-1,OTI,0,0,0.0
AGCGTATGTGCTTCCG-1,C57BL6,0,0,0.0
AGCGTCAGTAGTGTGT-1,C57BL6,8,23,1.380211241711606
AGCGTCAGTCGAGGCT-1,OTI,0,0,0.0
AGCGTCAGTCGCTGCC-1,C57BL6,2,19,1.3010299956639813
AGCGTCAGTCTAAATG-1,OTI,10,685,2.8363241157067516
AGCGTCAGTCTATTGT-1,OTI,2,169,2.230448921378274
AGCGTCAGTGGCAAGG-1,C57BL6,1,2,0.47712125471966244
AGCGTCAGTGGGACTC-1,OTI,1,45,1.662757831681574
AGCGTCAGTGTACTCC-1,C57BL6,0,0,0.0
AGCGTCCCACCTTACC-1,C57BL6,0,0,0.0
AGCGTCCCAGCCAATT-1,C57BL6,1,12,1.1139433523068367
AGCGTGAAGAATCTGT-1,C57BL6,0,0,0.0
AGCGTGAAGAGGTATA-1,OTI,5,223,2.3502480183341627
AGCGTGAAGCCTATGA-1,OTI,2,86,1.9395192526186185
AGCGTGAAGCTACAAT-1,OTI,2,22,1.3617278360175928
AGCGTGAAGCTATCAG-1,OTI,3,139,2.146128035678238
AGCGTGCGTAACCGTG-1,C57BL6,0,0,0.0
AGCGTGCGTATATCAG-1,OTI,1,4,0.6989700043360189
AGCGTGCGTCATAGGT-1,OTI,2,325,2.513217600067939
AGCGTGCGTCCTAGAG-1,OTI,1,1,0.3010299956639812
AGCGTGCGTCGACTCT-1,C57BL6,1,8,0.9542425094393249
AGCGTGCGTCTGTACC-1,OTI,10,163,2.214843848047698
AGCGTGTTCAGGACTC-1,OTI,3,270,2.432969290874406
AGCGTGTTCCTGAACA-1,OTI,5,38,1.591064607026499
AGCGTGTTCGCAGTGT-1,C57BL6,1,2,0.47712125471966244
AGCGTTGGTAAAGCGA-1,OTI,0,0,0.0
AGCGTTGGTACAGCGC-1,OTI,2,20,1.3222192947339193
AGCGTTGGTACTTCTG-1,C57BL6,0,0,0.0
AGCGTTGGTCAGGCGT-1,C57BL6,1,11,1.0791812460476249
AGCGTTGGTCAGTTCC-1,OTI,3,12,1.1139433523068367
AGCGTTGGTCCCTGAT-1,C57BL6,0,0,0.0
AGCGTTGGTCTAGGGC-1,C57BL6,0,0,0.0
AGCGTTGGTGCGCCTC-1,OTI,3,32,1.5185139398778875
AGCGTTGGTGGCAAGG-1,OTI,4,96,1.9867717342662448
AGCGTTGGTGGCTTGA-1,OTI,1,24,1.3979400086720377
AGCGTTTCAAACCATC-1,C57BL6,0,0,0.0
AGCGTTTCAACGGACG-1,OTI,1,6,0.8450980400142568
AGCGTTTCAATGCTCG-1,OTI,1,8,0.9542425094393249
AGCGTTTCAATGGGAC-1,OTI,4,29,1.4771212547196624
AGCGTTTCAATGTGAG-1,C57BL6,5,5,0.7781512503836436
AGCGTTTCAGGCGTAG-1,OTI,2,27,1.4471580313422192
AGCTAATTCATGTCAG-1,C57BL6,0,0,0.0
AGCTAATTCGGAAGCA-1,C57BL6,1,5,0.7781512503836436
AGCTAATTCGTTACTC-1,OTI,4,4,0.6989700043360189
AGCTATCCAACTTAGC-1,OTI,0,0,0.0
AGCTATCCAAGTCATC-1,C57BL6,1,148,2.173186268412274
AGCTATCCACATTCAA-1,OTI,1,114,2.060697840353612
AGCTATCCACGGACCT-1,OTI,1,129,2.113943352306837
AGCTATCCAGGCTCTA-1,OTI,2,59,1.7781512503836436
AGCTATGTCACATTAA-1,OTI,11,399,2.6020599913279625
AGCTATGTCAGCCCTC-1,C57BL6,0,0,0.0
AGCTATGTCCGTAACA-1,C57BL6,1,3,0.6020599913279624
AGCTGAACAAAACCTC-1,OTI,5,393,2.595496221825574
AGCTGAACAACCCTAG-1,C57BL6,0,0,0.0
AGCTGAACAATTGTAT-1,OTI,0,0,0.0
AGCTGAACAGTACTCG-1,OTI,2,19,1.3010299956639813
AGCTGAACAGTATCAC-1,OTI,3,182,2.2624510897304293
AGCTGAACAGTGGACG-1,OTI,7,222,2.3483048630481607
AGCTGATGTCCCTCTC-1,OTI,3,107,2.03342375548695
AGCTGATGTCTAGGTG-1,OTI,2,270,2.432969290874406
AGCTGATGTGTAAAGG-1,OTI,1,128,2.110589710299249
AGCTGATGTGTCCCGC-1,C57BL6,0,0,0.0
AGCTGATGTGTCGAGC-1,OTI,1,9,1.0
AGCTGATGTGTCTAGG-1,C57BL6,0,0,0.0
AGCTGCCCAAAATCTT-1,OTI,3,46,1.6720978579357175
AGCTGCCCAATCGTCG-1,C57BL6,4,6,0.8450980400142568
AGCTGCCCAGCATCGC-1,OTI,0,0,0.0
AGCTGGCGTAGTGAGA-1,OTI,4,191,2.2833012287035497
AGCTGGCGTCACACTC-1,OTI,3,24,1.3979400086720377
AGCTGGCGTCAGGTGC-1,C57BL6,1,2,0.47712125471966244
AGCTGGCGTCATTTCG-1,C57BL6,0,0,0.0
AGCTGGGCAAACATAA-1,OTI,4,204,2.311753861055754
AGCTGGGCAAGCTGCC-1,C57BL6,2,24,1.3979400086720377
AGCTGGGCAAGTCGCC-1,C57BL6,1,4,0.6989700043360189
AGCTGGGCACACACGC-1,OTI,0,0,0.0
AGCTGGGCAGCCAACC-1,OTI,2,27,1.4471580313422192
AGCTGTATCAGCCATA-1,C57BL6,0,0,0.0
AGCTGTATCATGCAGC-1,C57BL6,1,8,0.9542425094393249
AGCTGTATCCTACATC-1,C57BL6,2,15,1.2041199826559248
AGCTGTATCCTATTGC-1,OTI,5,106,2.0293837776852097
AGCTGTGGTAAACCGT-1,C57BL6,1,3,0.6020599913279624
AGCTGTGGTACTAATG-1,OTI,1,1,0.3010299956639812
AGCTGTGGTATCAATG-1,C57BL6,0,0,0.0
AGCTGTGGTCATATTC-1,OTI,2,456,2.6599162000698504
AGCTGTGGTCATCATT-1,OTI,6,621,2.7937903846908188
AGCTGTGGTCCCTAGT-1,OTI,3,240,2.3820170425748683
AGCTGTGGTGCCCCGT-1,OTI,0,0,0.0
AGCTGTGGTGGACCGT-1,OTI,5,608,2.784617292632875
AGCTGTGGTGGATTGT-1,C57BL6,1,1,0.3010299956639812
AGCTGTGGTGTAGAAG-1,OTI,5,164,2.2174839442139063
AGCTGTGGTGTCTGAG-1,C57BL6,1,19,1.3010299956639813
AGCTTACCAACAACCT-1,OTI,6,127,2.1072099696478683
AGCTTACCAACCTAAC-1,OTI,4,84,1.9294189257142926
AGCTTACCACATAATT-1,OTI,0,0,0.0
AGCTTACCACGCTGAC-1,C57BL6,0,0,0.0
AGCTTACCAGCATTAC-1,OTI,0,0,0.0
AGCTTACCAGCCCAAC-1,C57BL6,1,2,0.47712125471966244
AGCTTACCAGCTAATC-1,C57BL6,0,0,0.0
AGCTTACCAGCTACGC-1,OTI,0,0,0.0
AGCTTACCAGGTTCAT-1,OTI,2,64,1.8129133566428555
AGCTTAGTCAACAGCC-1,C57BL6,0,0,0.0
AGCTTAGTCACGATAT-1,OTI,8,9,1.0
AGCTTAGTCACTTAAA-1,OTI,0,0,0.0
AGCTTAGTCACTTTCA-1,OTI,2,68,1.8388490907372552
AGCTTAGTCCAAGTAT-1,OTI,3,261,2.4183012913197452
AGCTTAGTCCTGAACA-1,OTI,0,0,0.0
AGCTTAGTCGCAAGCT-1,C57BL6,0,0,0.0
AGCTTATAGATAACAG-1,OTI,4,132,2.123851640967086
AGCTTATAGATGCGAG-1,C57BL6,0,0,0.0
AGCTTATAGCGCTGTG-1,OTI,2,12,1.1139433523068367
AGCTTATAGCTACAGC-1,C57BL6,0,0,0.0
AGCTTATAGCTATAGT-1,OTI,6,196,2.294466226161593
AGCTTATAGCTATCGA-1,OTI,1,17,1.255272505103306
AGCTTATAGGGAAACT-1,C57BL6,0,0,0.0
AGCTTATAGGGCGAAC-1,OTI,2,10,1.0413926851582251
AGCTTCCGTACGGGTC-1,OTI,7,657,2.8182258936139557
AGCTTCCGTAGACTCG-1,C57BL6,0,0,0.0
AGCTTCCGTAGGTATC-1,OTI,9,57,1.7634279935629373
AGCTTCCGTATTATCC-1,OTI,2,30,1.4913616938342726
AGCTTCCGTATTCGGG-1,OTI,2,84,1.9294189257142926
AGCTTCCGTCAGTCTC-1,C57BL6,2,18,1.2787536009528289
AGCTTCCGTCGACAGC-1,OTI,2,53,1.7323937598229686
AGCTTCCGTCGTTCTA-1,OTI,4,354,2.550228353055094
AGCTTCCGTCTATTGT-1,C57BL6,0,0,0.0
AGCTTCCGTGGTCCCC-1,OTI,2,8,0.9542425094393249
AGCTTCGCAATCATTG-1,OTI,4,149,2.1760912590556813
AGCTTCGCACTCTCCG-1,OTI,1,9,1.0
AGCTTCGCAGTTGGGG-1,OTI,0,0,0.0
AGCTTGCAGACCTGCG-1,OTI,3,196,2.294466226161593
AGCTTGCAGAGCGGAC-1,OTI,3,24,1.3979400086720377
AGCTTGCAGAGGCCAA-1,OTI,2,22,1.3617278360175928
AGCTTGCAGCACGTAC-1,OTI,5,381,2.582063362911709
AGCTTGCAGCTTGTGA-1,OTI,2,6,0.8450980400142568
AGCTTGCAGGCACGAA-1,OTI,0,0,0.0
AGCTTGCAGGCTTCCC-1,OTI,7,485,2.6866362692622934
AGCTTGCAGGGCCTTG-1,OTI,1,36,1.568201724066995
AGCTTGGGTACTTGCC-1,OTI,3,30,1.4913616938342726
AGCTTGGGTCACGCGG-1,OTI,0,0,0.0
AGCTTGGGTCCTAGAG-1,OTI,3,477,2.6794278966121188
AGCTTTACAAATATTC-1,OTI,3,151,2.1818435879447726
AGCTTTACAACGTGGG-1,OTI,3,297,2.4742162640762553
AGCTTTACAAGCCATT-1,C57BL6,1,9,1.0
AGCTTTACACTTATAG-1,OTI,0,0,0.0
AGCTTTACAGTTAATT-1,OTI,3,78,1.8976270912904414
AGCTTTGAGAAAGCTA-1,OTI,1,2,0.47712125471966244
AGCTTTGAGATATCAC-1,OTI,6,635,2.803457115648414
AGCTTTGAGCACTAGC-1,OTI,5,667,2.824776462475546
AGCTTTGAGCATAACT-1,C57BL6,1,5,0.7781512503836436
AGCTTTGAGCCACTAA-1,C57BL6,0,0,0.0
AGCTTTGAGCGCTCGA-1,OTI,3,136,2.1367205671564067
AGCTTTGAGCGGAATG-1,C57BL6,1,1,0.3010299956639812
AGCTTTGAGGTCTAGC-1,OTI,2,54,1.7403626894942439
AGGAAACTCAAAGGGT-1,OTI,5,270,2.432969290874406
AGGAAACTCAACCAAT-1,OTI,1,188,2.2764618041732443
AGGAAACTCACGACAC-1,C57BL6,0,0,0.0
AGGAAACTCATTATCT-1,OTI,2,8,0.9542425094393249
AGGAAACTCCGTCGTC-1,C57BL6,0,0,0.0
AGGAAACTCGTAGCGT-1,OTI,11,759,2.8808135922807914
AGGAAATGTAAACGGA-1,OTI,4,156,2.1958996524092336
AGGAAATGTAAAGCCT-1,OTI,0,0,0.0
AGGAAATGTACCTATT-1,C57BL6,5,7,0.9030899869919435
AGGAAATGTCCTGTCG-1,OTI,0,0,0.0
AGGAAATGTGCACTCT-1,C57BL6,0,0,0.0
AGGAAATGTGGGTGAG-1,C57BL6,1,7,0.9030899869919435
AGGAATATCACAACTG-1,C57BL6,1,6,0.8450980400142568
AGGAATATCACACACA-1,OTI,0,0,0.0
AGGAATATCACGCTAA-1,OTI,2,7,0.9030899869919435
AGGAATATCATCGGGT-1,OTI,0,0,0.0
AGGAATATCATGGTCA-1,OTI,0,0,0.0
AGGAATATCATGGTGC-1,OTI,0,0,0.0
AGGAATATCCCTGAAA-1,OTI,3,66,1.8260748027008264
AGGAATATCCGAATGC-1,OTI,2,83,1.9242792860618816
AGGAATATCCTCTAGT-1,OTI,3,1061,3.0261245167454502
AGGAATATCGCACGTG-1,OTI,3,42,1.6334684555795864
AGGAATATCGCACTCC-1,OTI,0,0,0.0
AGGAATGGTAAGCGTT-1,OTI,3,97,1.9912260756924949
AGGAATGGTAAGGTAG-1,C57BL6,0,0,0.0
AGGAATGGTACCTGTC-1,OTI,4,80,1.9084850188786497
AGGAATGGTAGGTTGT-1,C57BL6,1,3,0.6020599913279624
AGGAATGGTCATACCC-1,OTI,1,5,0.7781512503836436
AGGAATGGTCTAATCT-1,OTI,1,9,1.0
AGGAATGGTGCTTCCG-1,OTI,2,8,0.9542425094393249
AGGAATGGTGGATTCG-1,C57BL6,0,0,0.0
AGGAATTCAAACCCAT-1,OTI,2,39,1.6020599913279623
AGGAATTCAACTCGAT-1,OTI,0,0,0.0
AGGAATTCACAGGCGA-1,OTI,1,9,1.0
AGGAATTCACCACACA-1,OTI,8,711,2.8524799936368566
AGGAATTCACGCACGT-1,OTI,0,0,0.0
AGGAATTCACTTAAAT-1,OTI,3,28,1.462397997898956
AGGAATTCAGCGAATA-1,OTI,2,252,2.403120521175818
AGGAATTCAGTGGCAG-1,OTI,3,20,1.3222192947339193
AGGACACCACACTCAG-1,OTI,7,374,2.574031267727719
AGGACACCACTGCACA-1,OTI,5,432,2.6364878963533656
AGGACACCAGGAGTTA-1,C57BL6,0,0,0.0
AGGACACCAGTACGCC-1,OTI,5,421,2.625312450961674
AGGACATAGACCATGC-1,OTI,0,0,0.0
AGGACATAGCATTCGA-1,C57BL6,0,0,0.0
AGGACATAGCCGCTAG-1,C57BL6,0,0,0.0
AGGACATAGCTATAAC-1,C57BL6,1,4,0.6989700043360189
AGGACATAGCTTGATG-1,C57BL6,1,5,0.7781512503836436
AGGACATAGGTCCGCA-1,OTI,2,18,1.2787536009528289
AGGACATAGGTTGTAT-1,C57BL6,0,0,0.0
AGGACCAAGAATGGGT-1,C57BL6,4,4,0.6989700043360189
AGGACCAAGACAGCGA-1,OTI,3,176,2.247973266361807
AGGACCAAGACATCCA-1,OTI,0,0,0.0
AGGACCAAGAGCTTAT-1,OTI,0,0,0.0
AGGACCAAGAGGGATT-1,OTI,3,91,1.9637878273455553
AGGACCAAGCAGCTGT-1,OTI,2,8,0.9542425094393249
AGGACCAAGCATATGT-1,OTI,6,552,2.7427251313046983
AGGACCAAGCCTCACC-1,OTI,2,53,1.7323937598229686
AGGACCAAGCTACGCG-1,OTI,0,0,0.0
AGGACCCGTAGTCCGA-1,C57BL6,0,0,0.0
AGGACCCGTCTAACCC-1,OTI,3,18,1.2787536009528289
AGGACCCGTCTATTCG-1,OTI,0,0,0.0
AGGACCCGTGGGACTC-1,OTI,2,9,1.0
AGGACCGCAACCATCG-1,OTI,5,167,2.225309281725863
AGGACCGCAAGTAAAC-1,OTI,4,139,2.146128035678238
AGGACCGCAAGTTAGG-1,OTI,2,39,1.6020599913279623
AGGACCGCACAGCAGG-1,OTI,2,3,0.6020599913279624
AGGACCGCAGGGCTCT-1,OTI,2,10,1.0413926851582251
AGGACGCAGAACCATT-1,OTI,9,369,2.568201724066995
AGGACGCAGCACCCGA-1,OTI,6,227,2.357934847000454
AGGACGCAGCCGCAAT-1,OTI,7,67,1.8325089127062364
AGGACGCAGCGCGTCA-1,C57BL6,1,4,0.6989700043360189
AGGACGCAGGCAAAGT-1,OTI,1,26,1.4313637641589874
AGGACGGGTACCCGTT-1,OTI,4,41,1.6232492903979006
AGGACGGGTAGAGATG-1,OTI,3,114,2.060697840353612
AGGACGGGTCGGGTTA-1,OTI,4,127,2.1072099696478683
AGGACGGGTCTAATCT-1,OTI,1,41,1.6232492903979006
AGGACTACAAAGGCAC-1,OTI,4,4,0.6989700043360189
AGGACTACAAGTCGAA-1,OTI,2,134,2.130333768495006
AGGACTACAATTCGGT-1,OTI,1,91,1.9637878273455553
AGGACTACACATGCCA-1,OTI,6,307,2.4885507165004443
AGGACTACACCTCTTA-1,OTI,0,0,0.0
AGGACTACACTGCAAT-1,OTI,4,52,1.724275869600789
AGGACTACACTTAAAT-1,OTI,1,15,1.2041199826559248
AGGACTACAGGGCTAG-1,OTI,1,2,0.47712125471966244
AGGACTACAGTTCGCA-1,C57BL6,0,0,0.0
AGGACTCTCAGAATAG-1,OTI,1,3,0.6020599913279624
AGGACTCTCATAACTA-1,OTI,2,70,1.8512583487190752
AGGACTCTCATGTCAG-1,OTI,2,30,1.4913616938342726
AGGACTCTCCAATACG-1,OTI,3,46,1.6720978579357175
AGGACTCTCGCGTAAC-1,OTI,3,99,2.0
AGGACTCTCGCTTCGC-1,OTI,10,338,2.530199698203082
AGGACTTGTATAAGGG-1,OTI,5,65,1.8195439355418688
AGGACTTGTATTGCTT-1,OTI,3,83,1.9242792860618816
AGGACTTGTCATGGAT-1,OTI,0,0,0.0
AGGACTTGTCCAGAAT-1,OTI,3,86,1.9395192526186185
AGGACTTGTCGGGTAC-1,OTI,0,0,0.0
AGGACTTGTCGTTCTA-1,C57BL6,0,0,0.0
AGGACTTGTGCACAGC-1,C57BL6,0,0,0.0
AGGACTTGTGCTCCTG-1,OTI,0,0,0.0
AGGACTTGTGGCGAAG-1,OTI,0,0,0.0
AGGACTTGTGGTAGGG-1,C57BL6,1,3,0.6020599913279624
AGGAGCCAGAAAGGAG-1,OTI,7,137,2.1398790864012365
AGGAGCCAGAACGACG-1,OTI,4,65,1.8195439355418688
AGGAGCCAGCATGCGT-1,OTI,0,0,0.0
AGGAGCCAGCCCACGA-1,OTI,3,50,1.7075701760979363
AGGAGCCAGGTCTGCG-1,OTI,2,145,2.164352855784437
AGGAGGACAAACCGAA-1,C57BL6,0,0,0.0
AGGAGGACAACGGCAG-1,C57BL6,2,12,1.1139433523068367
AGGAGGTGTAAAGCCT-1,C57BL6,0,0,0.0
AGGAGGTGTAAGTTTG-1,C57BL6,0,0,0.0
AGGAGGTGTACCTAGG-1,C57BL6,0,0,0.0
AGGAGGTGTAGCCTTC-1,C57BL6,1,7,0.9030899869919435
AGGAGGTGTATGCGCA-1,OTI,2,98,1.99563519459755
AGGAGGTGTCTTCTCT-1,OTI,4,37,1.5797835966168101
AGGAGGTGTGCAAGCC-1,OTI,3,35,1.5563025007672873
AGGAGGTGTGCACTCT-1,C57BL6,0,0,0.0
AGGAGGTGTGTGTGCA-1,OTI,5,644,2.8095597146352675
AGGAGTAGTAACTTCT-1,OTI,4,95,1.9822712330395684
AGGAGTAGTAAGTCCG-1,OTI,0,0,0.0
AGGAGTAGTCTATGGG-1,OTI,2,78,1.8976270912904414
AGGAGTAGTGCTAAGT-1,OTI,5,60,1.7853298350107671
AGGAGTTAGATTCAAC-1,OTI,0,0,0.0
AGGAGTTAGCATAGCC-1,OTI,0,0,0.0
AGGATAGGTAGCCAGC-1,OTI,0,0,0.0
AGGATAGGTATTATCC-1,OTI,4,122,2.089905111439398
AGGATAGGTCAGGCCG-1,OTI,4,68,1.8388490907372552
AGGATAGGTGGGGAAT-1,OTI,0,0,0.0
AGGATATCAAATCCCG-1,OTI,0,0,0.0
AGGATATCAACCCCAA-1,C57BL6,3,11,1.0791812460476249
AGGATATCAAGCGTCC-1,OTI,2,5,0.7781512503836436
AGGATATCAATGCGGG-1,OTI,3,44,1.6532125137753437
AGGATATCAATGGGAC-1,OTI,1,9,1.0
AGGATATCACATGGGG-1,C57BL6,1,2,0.47712125471966244
AGGATATCACCCATTC-1,C57BL6,0,0,0.0
AGGATATCAGCTACAT-1,OTI,6,31,1.505149978319906
AGGATATCAGTGCTCA-1,OTI,0,0,0.0
AGGATCACAATCCGCA-1,C57BL6,4,5,0.7781512503836436
AGGATCACAATTGTAT-1,C57BL6,0,0,0.0
AGGATCACACAATCCG-1,OTI,2,15,1.2041199826559248
AGGATCACACAGTTCG-1,OTI,5,928,2.968015713993642
AGGATCACAGGAAAGG-1,C57BL6,1,3,0.6020599913279624
AGGATCACAGGGAGAA-1,OTI,2,34,1.5440680443502757
AGGATTAAGACGGCAA-1,OTI,5,137,2.1398790864012365
AGGATTAAGAGTGATA-1,C57BL6,0,0,0.0
AGGATTAAGCTTGTGA-1,OTI,2,49,1.6989700043360187
AGGATTAAGGCATCAC-1,C57BL6,1,6,0.8450980400142568
AGGATTAAGGCGGTAA-1,OTI,8,239,2.380211241711606
AGGATTCGTAAGTTTG-1,C57BL6,2,60,1.7853298350107671
AGGATTCGTAATGTTG-1,OTI,1,2,0.47712125471966244
AGGATTCGTACGTGCA-1,OTI,7,256,2.4099331233312946
AGGATTCGTCAAGTTA-1,OTI,1,14,1.1760912590556813
AGGATTCGTCACACTC-1,OTI,0,0,0.0
AGGATTCGTCCTATTG-1,OTI,1,39,1.6020599913279623
AGGATTCGTCCTTGTA-1,OTI,0,0,0.0
AGGATTCGTCTAAAGC-1,OTI,0,0,0.0
AGGATTCGTCTAGTAA-1,OTI,0,0,0.0
AGGATTCGTCTGTCCG-1,OTI,0,0,0.0
AGGCACAAGAAACCAA-1,C57BL6,0,0,0.0
AGGCACAAGAACTCAT-1,C57BL6,0,0,0.0
AGGCACAAGACAATTC-1,C57BL6,0,0,0.0
AGGCACAAGACGGGGT-1,C57BL6,1,4,0.6989700043360189
AGGCACAAGATCGACC-1,OTI,3,16,1.2304489213782739
AGGCACAAGCTACAGC-1,OTI,2,8,0.9542425094393249
AGGCACAAGCTCGTTT-1,C57BL6,0,0,0.0
AGGCACAAGGCAACAG-1,C57BL6,1,4,0.6989700043360189
AGGCACAAGGCGAATG-1,OTI,2,34,1.5440680443502757
AGGCACGCAAATTCCA-1,OTI,3,30,1.4913616938342726
AGGCACGCAACCTGCA-1,OTI,4,4,0.6989700043360189
AGGCACGCAATGAAAC-1,C57BL6,2,54,1.7403626894942439
AGGCACGCACAATACC-1,C57BL6,1,1,0.3010299956639812
AGGCACGCACGTTAGT-1,OTI,4,140,2.1492191126553797
AGGCACTTCACTCGTT-1,OTI,2,116,2.0681858617461617
AGGCACTTCACTTAAA-1,OTI,3,11,1.0791812460476249
AGGCACTTCGGTCGCA-1,OTI,6,8,0.9542425094393249
AGGCAGCAGAACTTCG-1,OTI,1,15,1.2041199826559248
AGGCAGCAGAATGCCC-1,OTI,0,0,0.0
AGGCAGCAGAGAGGTT-1,OTI,1,22,1.3617278360175928
AGGCAGCAGAGTATAG-1,OTI,8,589,2.7708520116421442
AGGCAGCAGCGTACGT-1,C57BL6,3,88,1.9493900066449128
AGGCAGCAGGCTCATA-1,C57BL6,0,0,0.0
AGGCAGGGTACACCCT-1,OTI,8,64,1.8129133566428555
AGGCAGGGTACGCGCG-1,C57BL6,0,0,0.0
AGGCAGGGTCAATGTA-1,OTI,6,132,2.123851640967086
AGGCAGGGTCAGCAAT-1,C57BL6,0,0,0.0
AGGCAGGGTCTTGTCA-1,C57BL6,0,0,0.0
AGGCAGGGTGCATTCC-1,C57BL6,0,0,0.0
AGGCAGGGTGGTGGAG-1,OTI,1,4,0.6989700043360189
AGGCATTGTAAAGCGA-1,OTI,3,106,2.0293837776852097
AGGCATTGTACAAGGA-1,OTI,0,0,0.0
AGGCATTGTATCCGTC-1,C57BL6,1,4,0.6989700043360189
AGGCATTGTCGAGGGA-1,OTI,0,0,0.0
AGGCATTGTCTTATGT-1,OTI,0,0,0.0
AGGCATTGTGGTTAGT-1,OTI,8,215,2.3344537511509307
AGGCCAAAGAAGGTGT-1,C57BL6,1,8,0.9542425094393249
AGGCCAAAGAGAATCA-1,OTI,4,67,1.8325089127062364
AGGCCAAAGGTCCTTT-1,C57BL6,0,0,0.0
AGGCCAAAGGTTATGT-1,OTI,1,36,1.568201724066995
AGGCCATTCAATTATG-1,C57BL6,1,3,0.6020599913279624
AGGCCATTCACATTGG-1,OTI,1,1,0.3010299956639812
AGGCCATTCACCACAA-1,C57BL6,0,0,0.0
AGGCCATTCACGCATA-1,OTI,0,0,0.0
AGGCCATTCACTGGCG-1,OTI,2,27,1.4471580313422192
AGGCCATTCAGCGTGT-1,OTI,0,0,0.0
AGGCCATTCAGTATGT-1,OTI,5,131,2.12057393120585
AGGCCATTCCATCGCC-1,OTI,2,34,1.5440680443502757
AGGCCATTCCCGTGTC-1,C57BL6,4,24,1.3979400086720377
AGGCCCATCCTCGCTA-1,C57BL6,1,19,1.3010299956639813
AGGCCCATCGGCAATC-1,C57BL6,0,0,0.0
AGGCCCATCGGGCAAA-1,OTI,2,177,2.250420002308894
AGGCCCATCGGGGTAA-1,C57BL6,2,42,1.6334684555795864
AGGCCCGGTAAGGAAT-1,OTI,0,0,0.0
AGGCCCGGTATCCGCT-1,OTI,6,185,2.2695129442179165
AGGCCCGGTCTTGGAG-1,OTI,3,133,2.1271047983648077
AGGCCGACAACTGCAT-1,OTI,3,15,1.2041199826559248
AGGCCGACAATCCCGA-1,OTI,2,341,2.534026106056135
AGGCCGACAATTGCTA-1,OTI,2,28,1.462397997898956
AGGCCGACACGTAACT-1,C57BL6,1,2,0.47712125471966244
AGGCCGACACTAAATT-1,OTI,2,40,1.6127838567197355
AGGCCGACAGCAAGAC-1,C57BL6,4,6,0.8450980400142568
AGGCCGACAGTATGCT-1,OTI,4,64,1.8129133566428555
AGGCCGACAGTGAAGC-1,C57BL6,0,0,0.0
AGGCCGTGTACAAGAG-1,OTI,5,46,1.6720978579357175
AGGCCGTGTACCACAG-1,OTI,0,0,0.0
AGGCCGTGTGCGTATG-1,OTI,3,17,1.255272505103306
AGGCCGTGTGCTTCCG-1,OTI,5,194,2.290034611362518
AGGCGACAGACCCCGA-1,C57BL6,0,0,0.0
AGGCGACAGAGCGTAG-1,OTI,4,232,2.367355921026019
AGGCGACAGATGGGTG-1,OTI,1,86,1.9395192526186185
AGGCGACAGCCGTGAT-1,C57BL6,0,0,0.0
AGGCGACAGCCTTGCC-1,OTI,4,186,2.271841606536499
AGGCGACAGGCTAACC-1,C57BL6,1,1,0.3010299956639812
AGGCGACAGGTTCGAC-1,OTI,1,9,1.0
AGGCGCACAACGTAAG-1,OTI,6,174,2.2430380486862944
AGGCGCACAAGTGTCT-1,OTI,3,136,2.1367205671564067
AGGCGCACAATGCACT-1,C57BL6,0,0,0.0
AGGCGCACAATTACGC-1,OTI,1,120,2.0827853703164503
AGGCGCACACGAATCT-1,OTI,3,119,2.0791812460476247
AGGCGCACACGGACCT-1,OTI,4,283,2.4533183400470375
AGGCGCACACGTTCAG-1,OTI,2,23,1.380211241711606
AGGCGCTGTATCCCCG-1,OTI,4,596,2.775974331129369
AGGCGCTGTCCAGGGT-1,OTI,1,4,0.6989700043360189
AGGCGCTGTCGCTTCG-1,OTI,1,13,1.146128035678238
AGGCGCTGTGCCATTC-1,OTI,0,0,0.0
AGGCGCTGTGTCTGAG-1,OTI,4,22,1.3617278360175928
AGGCGGAGTACATTCT-1,C57BL6,1,5,0.7781512503836436
AGGCGGAGTAGTGAGA-1,C57BL6,0,0,0.0
AGGCGGAGTATCCCTA-1,C57BL6,1,21,1.3424226808222062
AGGCGGAGTCCAGTGA-1,OTI,2,39,1.6020599913279623
AGGCGGAGTCTTAGGG-1,C57BL6,0,0,0.0
AGGCGGTAGAAACGCG-1,OTI,1,10,1.0413926851582251
AGGCGGTAGAGGACAT-1,OTI,0,0,0.0
AGGCGGTAGCAAATGA-1,OTI,4,145,2.164352855784437
AGGCGGTAGCAAGGCA-1,OTI,2,57,1.7634279935629373
AGGCGGTAGCCAAACC-1,C57BL6,3,58,1.7708520116421442
AGGCGGTAGCCAAATT-1,OTI,0,0,0.0
AGGCGGTAGCTGATTG-1,OTI,0,0,0.0
AGGCGGTAGGTAAGGT-1,OTI,3,9,1.0
AGGCGGTAGGTAGCTC-1,C57BL6,0,0,0.0
AGGCGTAAGAAGCTAA-1,OTI,3,65,1.8195439355418688
AGGCGTAAGACCTTTC-1,C57BL6,2,14,1.1760912590556813
AGGCGTAAGAGGCGAC-1,OTI,6,115,2.0644579892269186
AGGCGTAAGATTAAGG-1,OTI,3,15,1.2041199826559248
AGGCGTAAGCACTGCG-1,C57BL6,1,5,0.7781512503836436
AGGCGTAAGCCATGGT-1,OTI,4,446,2.6503075231319366
AGGCGTAAGCTCGTGG-1,C57BL6,0,0,0.0
AGGCGTAAGCTGTACA-1,C57BL6,0,0,0.0
AGGCGTAAGGGAGTAT-1,C57BL6,0,0,0.0
AGGCTCAGTAACCGCA-1,OTI,6,182,2.2624510897304293
AGGCTCAGTATTGCGG-1,C57BL6,0,0,0.0
AGGCTCAGTCGACCCC-1,OTI,8,189,2.278753600952829
AGGCTCAGTGTATCTT-1,C57BL6,0,0,0.0
AGGCTCCCAAAAGTTA-1,OTI,1,13,1.146128035678238
AGGCTCCCAAACACTC-1,OTI,2,17,1.255272505103306
AGGCTCCCAAACGGCG-1,C57BL6,2,9,1.0
AGGCTCCCAAGTATAA-1,OTI,3,67,1.8325089127062364
AGGCTCCCACACTACG-1,C57BL6,0,0,0.0
AGGCTCCCACATGTCG-1,OTI,0,0,0.0
AGGCTCCCAGTCAACT-1,OTI,5,181,2.2600713879850747
AGGCTCGTCAGCTATG-1,OTI,2,46,1.6720978579357175
AGGCTCGTCATAACGT-1,OTI,2,155,2.1931245983544616
AGGCTCGTCATACAAC-1,OTI,5,154,2.1903316981702914
AGGCTCGTCATTGGCA-1,C57BL6,1,2,0.47712125471966244
AGGCTCGTCGTGAACC-1,OTI,2,6,0.8450980400142568
AGGCTGAAGACGGAGC-1,C57BL6,0,0,0.0
AGGCTGAAGATTGGTT-1,C57BL6,0,0,0.0
AGGCTGAAGCATGGTC-1,C57BL6,0,0,0.0
AGGCTGAAGCATTAAC-1,OTI,4,620,2.79309160017658
AGGCTGTTCAAAGGGT-1,OTI,5,135,2.1335389083702174
AGGCTGTTCACGGTTA-1,OTI,2,185,2.2695129442179165
AGGCTGTTCATATCCC-1,OTI,4,55,1.7481880270062005
AGGCTGTTCCAAGCGT-1,OTI,0,0,0.0
AGGCTGTTCCAGCTCC-1,OTI,4,70,1.8512583487190752
AGGCTGTTCCATCGTT-1,OTI,1,3,0.6020599913279624
AGGCTGTTCCCTAGGG-1,OTI,7,757,2.8796692056320534
AGGCTGTTCCTGGGCA-1,OTI,5,56,1.7558748556724915
AGGCTGTTCGCAGTGT-1,OTI,3,66,1.8260748027008264
AGGCTTATCAACTCTC-1,OTI,1,2,0.47712125471966244
AGGCTTATCACCAACA-1,OTI,2,87,1.9444826721501687
AGGCTTATCATGGAAA-1,OTI,1,2,0.47712125471966244
AGGCTTATCATGGACC-1,OTI,5,14,1.1760912590556813
AGGCTTATCATGTAGT-1,OTI,4,410,2.6138418218760693
AGGCTTATCCATATGG-1,C57BL6,0,0,0.0
AGGCTTATCCGGGATT-1,C57BL6,0,0,0.0
AGGCTTATCGCTCCTA-1,OTI,1,6,0.8450980400142568
AGGCTTGGTATCCAGG-1,C57BL6,0,0,0.0
AGGCTTGGTCGAGGCT-1,OTI,1,39,1.6020599913279623
AGGCTTGGTCTCATAT-1,C57BL6,0,0,0.0
AGGCTTGGTGGGGATG-1,OTI,6,102,2.012837224705172
AGGCTTGGTGTGGATT-1,OTI,4,148,2.173186268412274
AGGGACATCAACGTGC-1,OTI,0,0,0.0
AGGGACATCCAAGTGC-1,OTI,1,5,0.7781512503836436
AGGGACATCCGAGCAT-1,OTI,2,23,1.380211241711606
AGGGACATCCGATAGC-1,OTI,0,0,0.0
AGGGACATCCTTCATA-1,OTI,3,42,1.6334684555795864
AGGGACATCGCAAGCT-1,OTI,2,84,1.9294189257142926
AGGGACCAGATTAAGG-1,OTI,1,9,1.0
AGGGACCAGCCTTAGA-1,OTI,4,156,2.1958996524092336
AGGGACCAGGCATCGT-1,C57BL6,0,0,0.0
AGGGACTCAAGAGGGA-1,OTI,6,152,2.184691430817599
AGGGACTCAATGCGCC-1,OTI,4,77,1.8920946026904804
AGGGACTCACAAGTAG-1,OTI,4,1171,3.068927611682072
AGGGACTCACTAGGGG-1,OTI,1,3,0.6020599913279624
AGGGACTCACTGATTA-1,OTI,21,83,1.9242792860618816
AGGGACTCACTTCGTC-1,C57BL6,1,1,0.3010299956639812
AGGGACTCAGTATCAC-1,C57BL6,1,2,0.47712125471966244
AGGGAGTGTACTAAGC-1,C57BL6,2,11,1.0791812460476249
AGGGAGTGTACTGCAG-1,OTI,4,110,2.0453229787866576
AGGGAGTGTAGACGTT-1,OTI,3,841,2.9253120914996495
AGGGAGTGTATGTCTT-1,C57BL6,0,0,0.0
AGGGAGTGTCACGCCC-1,OTI,3,56,1.7558748556724915
AGGGAGTGTCATACCC-1,OTI,0,0,0.0
AGGGAGTGTCATCTAT-1,OTI,5,77,1.8920946026904804
AGGGAGTGTGTTACCC-1,OTI,3,108,2.037426497940624
AGGGATTAGAAGGCTG-1,OTI,1,2,0.47712125471966244
AGGGATTAGACAGAAC-1,OTI,8,136,2.1367205671564067
AGGGATTAGAGGTACG-1,OTI,1,6,0.8450980400142568
AGGGATTAGAGTATTC-1,OTI,2,9,1.0
AGGGATTAGATGGTAA-1,OTI,0,0,0.0
AGGGATTAGCCCAAGT-1,OTI,2,105,2.0253058652647704
AGGGATTAGCGTGAGA-1,OTI,1,3,0.6020599913279624
AGGGATTAGCGTTGCG-1,C57BL6,1,2,0.47712125471966244
AGGGATTAGGCAGTGA-1,OTI,1,9,1.0
AGGGCAATCCAGCTCC-1,OTI,6,224,2.3521825181113627
AGGGCAATCGTCGTAA-1,C57BL6,1,6,0.8450980400142568
AGGGCATCACACAGCC-1,C57BL6,0,0,0.0
AGGGCATCACCATACG-1,OTI,2,41,1.6232492903979006
AGGGCATCAGGCATAA-1,C57BL6,1,6,0.8450980400142568
AGGGCGAGTAACTGCG-1,OTI,3,39,1.6020599913279623
AGGGCGAGTATGCGAT-1,OTI,4,8,0.9542425094393249
AGGGCGAGTATTGCCC-1,C57BL6,0,0,0.0
AGGGCGAGTCGCGGAT-1,OTI,1,26,1.4313637641589874
AGGGCGAGTCGTCAGA-1,C57BL6,0,0,0.0
AGGGCGAGTGCGGAGA-1,C57BL6,0,0,0.0
AGGGCGTAGATCTCGA-1,OTI,3,45,1.662757831681574
AGGGCGTAGCATGTTG-1,OTI,4,168,2.2278867046136734
AGGGCTTTCAACTCTC-1,C57BL6,0,0,0.0
AGGGCTTTCATTGTGG-1,C57BL6,2,26,1.4313637641589874
AGGGCTTTCCAACTTC-1,OTI,1,84,1.9294189257142926
AGGGCTTTCCAGCAAC-1,OTI,1,41,1.6232492903979006
AGGGCTTTCGCAACTA-1,OTI,2,19,1.3010299956639813
AGGGGAACAAAACCAG-1,OTI,2,233,2.369215857410143
AGGGGAACAACGTCGC-1,OTI,3,19,1.3010299956639813
AGGGGAACACATGCCA-1,C57BL6,1,290,2.4638929889859074
AGGGGAACACATGCGC-1,OTI,3,180,2.2576785748691846
AGGGGAACACCTGCAA-1,OTI,2,18,1.2787536009528289
AGGGGAACACTCCACT-1,C57BL6,0,0,0.0
AGGGGAACAGCGTGCT-1,OTI,0,0,0.0
AGGGGAACAGGGATTA-1,OTI,3,651,2.81424759573192
AGGGGATGTAACTTCT-1,OTI,2,272,2.436162647040756
AGGGGATGTAATTGTG-1,C57BL6,0,0,0.0
AGGGGATGTACGTTCC-1,OTI,0,0,0.0
AGGGGATGTATACGGT-1,OTI,1,9,1.0
AGGGGATGTATTCAGA-1,OTI,0,0,0.0
AGGGGATGTCCATATT-1,OTI,1,7,0.9030899869919435
AGGGGATGTCGGTTCT-1,C57BL6,0,0,0.0
AGGGGATGTCGTAGAT-1,OTI,1,46,1.6720978579357175
AGGGGATGTCGTCTTA-1,C57BL6,0,0,0.0
AGGGGATGTGCTACAG-1,OTI,9,92,1.968482948553935
AGGGGATGTGTCCATC-1,OTI,2,211,2.326335860928751
AGGGGCAGTATGGGCC-1,OTI,0,0,0.0
AGGGGCAGTCGGTTAG-1,OTI,6,256,2.4099331233312946
AGGGGCTAGAACTAGA-1,OTI,4,80,1.9084850188786497
AGGGGCTAGACTGCGT-1,C57BL6,0,0,0.0
AGGGGCTAGAGTAAGC-1,C57BL6,0,0,0.0
AGGGGCTAGCCAAATT-1,OTI,0,0,0.0
AGGGGCTAGGCACCAT-1,C57BL6,1,2,0.47712125471966244
AGGGGCTAGGCATTCA-1,C57BL6,1,1,0.3010299956639812
AGGGGTATCAAGGGGC-1,OTI,1,6,0.8450980400142568
AGGGGTATCAGCGCAT-1,OTI,2,140,2.1492191126553797
AGGGGTATCCAGCAGT-1,OTI,6,104,2.0211892990699383
AGGGGTATCCATATGG-1,C57BL6,0,0,0.0
AGGGGTATCCGCTAAA-1,OTI,0,0,0.0
AGGGGTATCCTAGTTC-1,C57BL6,0,0,0.0
AGGGGTATCCTCATTA-1,OTI,1,6,0.8450980400142568
AGGGGTATCCTGTCAT-1,C57BL6,0,0,0.0
AGGGGTATCCTGTTCG-1,OTI,0,0,0.0
AGGGGTCAGAACGACG-1,C57BL6,0,0,0.0
AGGGGTCAGAGTACGG-1,OTI,3,45,1.662757831681574
AGGGGTCAGAGTCCCG-1,C57BL6,0,0,0.0
AGGGGTCAGCGCGTCA-1,C57BL6,2,27,1.4471580313422192
AGGGGTCAGCTAGCTA-1,OTI,0,0,0.0
AGGGGTCAGGTAGCTC-1,C57BL6,0,0,0.0
AGGGGTCAGGTTGTAT-1,OTI,6,166,2.2227164711475833
AGGGTAAGTAATCTCT-1,OTI,1,12,1.1139433523068367
AGGGTAAGTACAAGTC-1,OTI,5,83,1.9242792860618816
AGGGTAAGTACTATGA-1,OTI,6,109,2.041392685158225
AGGGTAAGTCAGCCTT-1,OTI,2,74,1.8750612633917
AGGGTAAGTCCAGTTC-1,C57BL6,0,0,0.0
AGGGTAAGTGCCTGGG-1,OTI,3,36,1.568201724066995
AGGGTAAGTGGATGGG-1,OTI,1,3,0.6020599913279624
AGGGTAAGTGGCCCCT-1,C57BL6,0,0,0.0
AGGGTAAGTGGTGTCA-1,OTI,3,758,2.88024177589548
AGGGTAAGTGTGCCGG-1,OTI,2,2,0.47712125471966244
AGGGTATAGAAAGCCG-1,OTI,6,263,2.4216039268698313
AGGGTATAGATTCACG-1,OTI,5,122,2.089905111439398
AGGGTATAGCCTCACC-1,OTI,0,0,0.0
AGGGTATAGGCGTCAT-1,OTI,1,167,2.225309281725863
AGGGTCGCAAAGGGAG-1,OTI,0,0,0.0
AGGGTCGCAACGAGAC-1,OTI,3,145,2.164352855784437
AGGGTCGCACGCCTAA-1,OTI,0,0,0.0
AGGGTCTTCAAAGGTA-1,C57BL6,0,0,0.0
AGGGTCTTCGGGTTCG-1,OTI,1,1,0.3010299956639812
AGGGTCTTCGTACGTA-1,C57BL6,0,0,0.0
AGGGTGCAGAGACGAT-1,OTI,3,90,1.9590413923210936
AGGGTGCAGAGGCGAC-1,OTI,4,101,2.0086001717619175
AGGGTGCAGCATTGCA-1,C57BL6,0,0,0.0
AGGGTGCAGCCAAACC-1,C57BL6,0,0,0.0
AGGGTGCAGCCTGTGG-1,OTI,2,29,1.4771212547196624
AGGGTGCAGCTACGAC-1,OTI,3,182,2.2624510897304293
AGGGTGCAGCTCCTCA-1,OTI,3,163,2.214843848047698
AGGGTGCAGGCGTGAA-1,C57BL6,0,0,0.0
AGGGTGCAGGGGTAGC-1,C57BL6,1,95,1.9822712330395684
AGGGTGCAGGTTGTGC-1,OTI,4,368,2.56702636615906
AGGGTTCTCACAATAC-1,C57BL6,1,39,1.6020599913279623
AGGGTTCTCACCTTAC-1,OTI,5,56,1.7558748556724915
AGGGTTCTCAGGACTC-1,OTI,2,222,2.3483048630481607
AGGGTTCTCCGGTTAA-1,OTI,6,93,1.9731278535996986
AGGGTTCTCGGCTCCT-1,OTI,1,10,1.0413926851582251
AGGGTTCTCGGTCAAC-1,OTI,1,1,0.3010299956639812
AGGTAAATCACAGCGT-1,C57BL6,1,3,0.6020599913279624
AGGTAAATCACGACTA-1,OTI,6,34,1.5440680443502757
AGGTAAATCAGACTCA-1,C57BL6,2,13,1.146128035678238
AGGTAAATCAGTACTG-1,OTI,2,99,2.0
AGGTAAATCATGGTCA-1,C57BL6,2,17,1.255272505103306
AGGTAAATCCCACTCA-1,C57BL6,0,0,0.0
AGGTAAATCCTGTACT-1,C57BL6,0,0,0.0
AGGTAAATCGGAAAGT-1,OTI,2,11,1.0791812460476249
AGGTAAATCGTGGCAT-1,OTI,3,70,1.8512583487190752
AGGTAACAGAGGTGAT-1,C57BL6,1,7,0.9030899869919435
AGGTAACAGATAAGCA-1,C57BL6,2,198,2.298853076409707
AGGTAACAGATCTGCA-1,OTI,1,6,0.8450980400142568
AGGTAACAGCATCGCG-1,C57BL6,0,0,0.0
AGGTAACAGGCCATGT-1,C57BL6,0,0,0.0
AGGTAACAGGGTGATG-1,OTI,5,115,2.0644579892269186
AGGTAACAGGTCTGCG-1,OTI,4,59,1.7781512503836436
AGGTAAGGTATCTGTT-1,OTI,5,224,2.3521825181113627
AGGTAAGGTATGGGCC-1,OTI,6,218,2.3404441148401185
AGGTAAGGTCACGCTT-1,C57BL6,0,0,0.0
AGGTAAGGTCGTCGGG-1,OTI,3,65,1.8195439355418688
AGGTAAGGTCTAAATG-1,OTI,2,13,1.146128035678238
AGGTAAGGTGCCTATC-1,C57BL6,0,0,0.0
AGGTAAGGTGCTTCTA-1,OTI,1,80,1.9084850188786497
AGGTAAGGTGGTGTCA-1,OTI,4,246,2.392696953259666
AGGTAAGGTGTGGCGT-1,C57BL6,6,6,0.8450980400142568
AGGTAATCAAAACCGA-1,OTI,0,0,0.0
AGGTAATCACCGCATA-1,OTI,1,44,1.6532125137753437
AGGTAATCACGCATCA-1,C57BL6,0,0,0.0
AGGTAATCACGGCTTA-1,OTI,3,231,2.3654879848909
AGGTAATCAGCGGACA-1,OTI,3,51,1.7160033436347992
AGGTACGAGACCCGAT-1,OTI,1,3,0.6020599913279624
AGGTACGAGACTAATC-1,OTI,1,77,1.8920946026904804
AGGTACGAGAGTAATG-1,OTI,5,93,1.9731278535996986
AGGTACGAGCAGCGTT-1,OTI,5,19,1.3010299956639813
AGGTACGAGCATGTTG-1,C57BL6,1,7,0.9030899869919435
AGGTACGAGCGTTAGC-1,OTI,2,158,2.2013971243204513
AGGTACGAGGCTTAAT-1,OTI,7,87,1.9444826721501687
AGGTATAAGAAGGCTG-1,C57BL6,1,19,1.3010299956639813
AGGTATAAGCAATGCC-1,OTI,7,278,2.4456042032735974
AGGTATAAGCACAGGA-1,C57BL6,1,10,1.0413926851582251
AGGTATAAGCACCTCC-1,C57BL6,0,0,0.0
AGGTATAAGCTGGTTA-1,OTI,0,0,0.0
AGGTATAAGGCCTGCA-1,C57BL6,1,9,1.0
AGGTATAAGGCTCGTG-1,OTI,0,0,0.0
AGGTATCGTAACCGTG-1,OTI,3,144,2.161368002234975
AGGTATCGTACAGTTA-1,OTI,3,71,1.8573324964312685
AGGTATCGTACGCCGG-1,C57BL6,0,0,0.0
AGGTATCGTATCTCGC-1,OTI,2,23,1.380211241711606
AGGTATCGTATGCCTC-1,OTI,2,52,1.724275869600789
AGGTATCGTCTGGCCC-1,OTI,1,6,0.8450980400142568
AGGTATCGTGGCCTGG-1,OTI,8,136,2.1367205671564067
AGGTATCGTGTGAAAG-1,C57BL6,0,0,0.0
AGGTATCGTGTTCATT-1,OTI,5,45,1.662757831681574
AGGTGATAGCAAAGGT-1,OTI,3,228,2.359835482339888
AGGTGATAGCACTGTA-1,C57BL6,0,0,0.0
AGGTGATAGCGTAATT-1,C57BL6,6,12,1.1139433523068367
AGGTGATAGCGTACCG-1,C57BL6,0,0,0.0
AGGTGATAGGCTCGAT-1,C57BL6,2,22,1.3617278360175928
AGGTGATAGGCTGTCG-1,OTI,4,25,1.414973347970818
AGGTGTCTCCTTGTAC-1,OTI,1,29,1.4771212547196624
AGGTGTCTCGTACGTA-1,OTI,0,0,0.0
AGGTGTCTCGTCCAAA-1,C57BL6,0,0,0.0
AGGTTAAAGAAACTAG-1,OTI,4,245,2.3909351071033793
AGGTTAAAGAATGGCG-1,OTI,4,162,2.2121876044039577
AGGTTAAAGAATGTAG-1,OTI,1,23,1.380211241711606
AGGTTAAAGCCCAACG-1,OTI,1,2,0.47712125471966244
AGGTTAAAGCTACGCG-1,OTI,1,8,0.9542425094393249
AGGTTAAAGCTCGAAC-1,OTI,4,52,1.724275869600789
AGGTTAAAGGGCTTCG-1,C57BL6,0,0,0.0
AGGTTAGCAACTGAAG-1,OTI,3,38,1.591064607026499
AGGTTAGCACACTGCA-1,OTI,1,123,2.093421685162235
AGGTTAGCACGTATCG-1,OTI,1,1,0.3010299956639812
AGGTTAGCAGCAAGAC-1,OTI,1,8,0.9542425094393249
AGGTTAGCAGTGGCGA-1,OTI,6,188,2.2764618041732443
AGGTTCATCAAATCCG-1,OTI,0,0,0.0
AGGTTCATCACATATA-1,OTI,6,68,1.8388490907372552
AGGTTCATCAGTATCG-1,OTI,7,166,2.2227164711475833
AGGTTCATCATACGTG-1,OTI,6,194,2.290034611362518
AGGTTCATCCATTCCG-1,OTI,0,0,0.0
AGGTTCATCCTGCACC-1,OTI,0,0,0.0
AGGTTCATCCTTAGTC-1,C57BL6,0,0,0.0
AGGTTCATCGCAAGTC-1,OTI,1,27,1.4471580313422192
AGGTTCATCGCACCTC-1,C57BL6,0,0,0.0
AGGTTCGGTAGACGTT-1,OTI,1,18,1.2787536009528289
AGGTTCGGTAGAGTGA-1,C57BL6,0,0,0.0
AGGTTCGGTATCGCGA-1,OTI,2,64,1.8129133566428555
AGGTTCGGTCGGAATT-1,OTI,1,1,0.3010299956639812
AGGTTCGGTCTACAGG-1,OTI,1,12,1.1139433523068367
AGGTTCGGTCTTAGGG-1,C57BL6,0,0,0.0
AGGTTCGGTGCTTCGT-1,C57BL6,1,6,0.8450980400142568
AGGTTCGGTGGAACGG-1,OTI,4,175,2.24551266781415
AGGTTCTCAAAGTAAC-1,OTI,3,211,2.326335860928751
AGGTTCTCAACATACC-1,OTI,0,0,0.0
AGGTTCTCAACGGTCC-1,OTI,6,21,1.3424226808222062
AGGTTCTCACAATCAC-1,C57BL6,6,8,0.9542425094393249
AGGTTCTCACAGCGGA-1,OTI,1,13,1.146128035678238
AGGTTCTCACCTACGA-1,OTI,2,47,1.6812412373755872
AGGTTCTCACTCCTAC-1,C57BL6,0,0,0.0
AGGTTCTCACTTAGTA-1,OTI,5,104,2.0211892990699383
AGGTTCTCAGTGCACC-1,OTI,1,14,1.1760912590556813
AGGTTGGAGATGGTTT-1,OTI,2,6,0.8450980400142568
AGGTTGGAGCCTAAGC-1,OTI,1,23,1.380211241711606
AGGTTGGAGCGACCAT-1,OTI,4,113,2.0569048513364727
AGGTTGGAGCGATGAG-1,OTI,0,0,0.0
AGGTTGGAGGCCCAAT-1,OTI,1,116,2.0681858617461617
AGGTTGGAGGGAGCGT-1,C57BL6,3,20,1.3222192947339193
AGGTTGTGTATATCAG-1,C57BL6,0,0,0.0
AGGTTGTGTCCTCATA-1,OTI,1,26,1.4313637641589874
AGGTTGTGTCGTCTGT-1,OTI,1,42,1.6334684555795864
AGGTTGTGTGGAGCTC-1,C57BL6,0,0,0.0
AGGTTGTGTGTGCCTT-1,C57BL6,1,5,0.7781512503836436
AGGTTGTGTGTGTCAG-1,OTI,5,43,1.6434526764861874
AGGTTTAGTCAGGGTC-1,OTI,1,3,0.6020599913279624
AGGTTTAGTCCAACCT-1,OTI,3,261,2.4183012913197452
AGGTTTAGTGCTTCTA-1,OTI,2,79,1.9030899869919435
AGGTTTAGTGGGTTAT-1,OTI,1,21,1.3424226808222062
AGGTTTAGTGTCCGGG-1,C57BL6,0,0,0.0
AGGTTTAGTGTGTTCC-1,OTI,2,15,1.2041199826559248
AGGTTTCCAAAAGGAA-1,OTI,2,149,2.1760912590556813
AGGTTTCCAAACCAGA-1,OTI,3,23,1.380211241711606
AGGTTTCCAAATATAG-1,OTI,1,9,1.0
AGGTTTCCAACAGTCT-1,OTI,9,400,2.603144372620182
AGGTTTCCAACATACC-1,OTI,2,4,0.6989700043360189
AGGTTTCCAACTTAGC-1,OTI,4,104,2.0211892990699383
AGGTTTCCACGGGTAG-1,OTI,1,538,2.7315887651867388
AGTAAACCAAAGTGCA-1,OTI,4,210,2.3242824552976926
AGTAAACCAATGGTCT-1,C57BL6,2,13,1.146128035678238
AGTAAACCAGGGTCTC-1,OTI,0,0,0.0
AGTAAACCAGTCAATC-1,OTI,4,388,2.5899496013257077
AGTAAAGTCGTCTTAC-1,OTI,0,0,0.0
AGTAAAGTCGTTCATC-1,OTI,1,5,0.7781512503836436
AGTAACGCAACTGAGA-1,OTI,0,0,0.0
AGTAACGCAAGGTTAG-1,C57BL6,0,0,0.0
AGTAACGCACGCAGCT-1,OTI,2,77,1.8920946026904804
AGTAACGCAGGCACTC-1,OTI,2,48,1.6901960800285136
AGTAACGCAGTTCACG-1,OTI,2,23,1.380211241711606
AGTAAGCAGATACAAG-1,OTI,1,5,0.7781512503836436
AGTAAGCAGCATCAAT-1,OTI,0,0,0.0
AGTAAGCAGCCTCGTC-1,C57BL6,0,0,0.0
AGTAAGCAGCCTTGCC-1,OTI,4,187,2.27415784926368
AGTAAGCAGGCTCAGT-1,OTI,3,328,2.5171958979499744
AGTAAGCAGGGCTGAA-1,OTI,3,72,1.863322860120456
AGTAAGGGTACCTATT-1,C57BL6,0,0,0.0
AGTAAGGGTCAGTCAG-1,C57BL6,3,5,0.7781512503836436
AGTAAGGGTCGGGCAT-1,OTI,0,0,0.0
AGTAAGGGTCTAGCTC-1,OTI,0,0,0.0
AGTAATCTCACACGTA-1,OTI,0,0,0.0
AGTAATCTCCCGACTC-1,C57BL6,1,1,0.3010299956639812
AGTAATCTCGGCCTTC-1,OTI,0,0,0.0
AGTAATGAGAGCTTGC-1,C57BL6,0,0,0.0
AGTAATGAGCAAGACG-1,OTI,6,185,2.2695129442179165
AGTAATGAGCGTTGTA-1,OTI,5,187,2.27415784926368
AGTAATGAGGGGCGAT-1,OTI,9,246,2.392696953259666
AGTAATGAGGTTGTGC-1,OTI,4,628,2.798650645445269
AGTACAGCAACAGAGC-1,OTI,2,10,1.0413926851582251
AGTACAGCAACATGTC-1,OTI,2,274,2.439332693830263
AGTACAGCAGGAAGCT-1,OTI,3,199,2.3010299956639813
AGTACAGCAGGGTCAG-1,C57BL6,5,7,0.9030899869919435
AGTACAGCAGGTTGGG-1,OTI,1,18,1.2787536009528289
AGTACAGCAGGTTTAC-1,OTI,6,338,2.530199698203082
AGTACAGCAGTCAACT-1,OTI,1,6,0.8450980400142568
AGTACATTCCTCCACA-1,OTI,3,142,2.155336037465062
AGTACATTCGCACCTC-1,OTI,3,101,2.0086001717619175
AGTACATTCGGTCCTC-1,OTI,2,9,1.0
AGTACGACAAAATGGT-1,OTI,1,5,0.7781512503836436
AGTACGACAACACGGG-1,C57BL6,0,0,0.0
AGTACGACAAGTCGAA-1,OTI,4,158,2.2013971243204513
AGTACGACAATATCTG-1,OTI,3,3,0.6020599913279624
AGTACGACAATGGACA-1,C57BL6,5,61,1.792391689498254
AGTACGACACCTTTCA-1,OTI,5,130,2.1172712956557644
AGTACGACAGGCCTTA-1,OTI,4,33,1.5314789170422551
AGTACGACAGGGCTCT-1,OTI,5,55,1.7481880270062005
AGTACGCTCACATCAG-1,OTI,5,496,2.696356388733332
AGTACGCTCACATTCC-1,C57BL6,1,11,1.0791812460476249
AGTACGCTCATCACTC-1,OTI,3,55,1.7481880270062005
AGTACGCTCATGCAAT-1,C57BL6,1,12,1.1139433523068367
AGTACGCTCCAAATTA-1,OTI,0,0,0.0
AGTACGCTCCACAAGC-1,C57BL6,1,3,0.6020599913279624
AGTACGCTCCACCTCA-1,OTI,2,32,1.5185139398778875
AGTACGCTCGCATACA-1,OTI,1,3,0.6020599913279624
AGTACGCTCGCGTGTG-1,OTI,0,0,0.0
AGTACGCTCGTTATAA-1,OTI,5,577,2.761927838420529
AGTACGGAGAACTCAT-1,OTI,6,90,1.9590413923210936
AGTACGGAGACGGCAA-1,OTI,0,0,0.0
AGTACGGAGCAACATT-1,OTI,8,607,2.783903579272735
AGTACGGAGCGCATAC-1,OTI,0,0,0.0
AGTACGGAGCGCTATA-1,C57BL6,0,0,0.0
AGTACGGAGCTACTGA-1,OTI,1,6,0.8450980400142568
AGTACGTGTACAGCAT-1,C57BL6,0,0,0.0
AGTACGTGTAGCTGAT-1,C57BL6,6,105,2.0253058652647704
AGTACGTGTATCAGGT-1,C57BL6,1,18,1.2787536009528289
AGTACGTGTCCATCCG-1,OTI,0,0,0.0
AGTACGTGTCTTAGGG-1,C57BL6,0,0,0.0
AGTACGTGTGTGTCGA-1,OTI,3,16,1.2304489213782739
AGTACTCCAAAGTAAC-1,OTI,5,213,2.330413773349191
AGTACTCCAAGAGATT-1,C57BL6,1,51,1.7160033436347992
AGTACTCCAATAAGAC-1,C57BL6,1,13,1.146128035678238
AGTACTCCACGTACAT-1,C57BL6,1,1,0.3010299956639812
AGTACTCCAGCACACC-1,OTI,6,149,2.1760912590556813
AGTACTCCAGTCCACA-1,OTI,7,253,2.404833716619938
AGTACTGTCAATGCGC-1,C57BL6,1,8,0.9542425094393249
AGTACTGTCCATCGGG-1,OTI,0,0,0.0
AGTACTGTCCCATAAG-1,C57BL6,0,0,0.0
AGTACTGTCGCTGGCA-1,OTI,1,30,1.4913616938342726
AGTACTGTCGCTTACT-1,C57BL6,2,18,1.2787536009528289
AGTACTGTCGTCTCTG-1,OTI,0,0,0.0
AGTATAACAACGAGAC-1,C57BL6,0,0,0.0
AGTATAACAACTATCA-1,C57BL6,0,0,0.0
AGTATAACAACTCCGA-1,OTI,9,807,2.907411360774586
AGTATAACAAGCTGGG-1,OTI,2,54,1.7403626894942439
AGTATAACACAGCAGG-1,OTI,4,182,2.2624510897304293
AGTATAACACGCCATA-1,OTI,2,465,2.66838591669
AGTATAACAGGCATTT-1,OTI,3,265,2.424881636631067
AGTATAACAGTCATAC-1,C57BL6,0,0,0.0
AGTATAGAGAATGTAG-1,C57BL6,2,6,0.8450980400142568
AGTATAGAGACTTGTG-1,OTI,0,0,0.0
AGTATAGAGCAAGCCT-1,C57BL6,0,0,0.0
AGTATAGAGCAGGCTT-1,OTI,2,15,1.2041199826559248
AGTATAGAGCTAATCG-1,C57BL6,1,6,0.8450980400142568
AGTATAGAGGCGCTTG-1,OTI,3,100,2.0043213737826426
AGTATAGAGGCGTGTT-1,C57BL6,1,8,0.9542425094393249
AGTATAGAGGTAGCAG-1,OTI,5,62,1.7993405494535817
AGTATCCCAAGAGACC-1,OTI,1,4,0.6989700043360189
AGTATCCCAATAATTC-1,OTI,1,1,0.3010299956639812
AGTATCCCAATATCTG-1,C57BL6,1,5,0.7781512503836436
AGTATCCCACCCACAA-1,OTI,1,9,1.0
AGTATCCCAGCTTCGA-1,OTI,5,18,1.2787536009528289
AGTATCGTCATCCGCC-1,OTI,6,226,2.3560258571931225
AGTATCGTCCACGAGT-1,OTI,2,332,2.5224442335063197
AGTATCGTCCATCGGG-1,OTI,5,676,2.8305886686851442
AGTATCGTCCCGCTTA-1,OTI,1,58,1.7708520116421442
AGTATCGTCGGTACGT-1,C57BL6,0,0,0.0
AGTATCGTCGTCTTAC-1,OTI,3,24,1.3979400086720377
AGTATGCGTAACTTTC-1,OTI,1,4,0.6989700043360189
AGTATGCGTAATGTTG-1,OTI,0,0,0.0
AGTATGCGTACCCATC-1,OTI,1,8,0.9542425094393249
AGTATGCGTAGGACCC-1,OTI,7,38,1.591064607026499
AGTATGCGTATCGGGC-1,OTI,6,67,1.8325089127062364
AGTATGCGTCAAGGCC-1,OTI,2,101,2.0086001717619175
AGTATGCGTGCTTCCG-1,OTI,1,5,0.7781512503836436
AGTATGTTCAGTGCTA-1,C57BL6,0,0,0.0
AGTATGTTCCGACCCT-1,C57BL6,0,0,0.0
AGTATGTTCCTATCCG-1,C57BL6,0,0,0.0
AGTATGTTCGTAACGC-1,C57BL6,0,0,0.0
AGTATGTTCGTATTGG-1,OTI,0,0,0.0
AGTATTATCACAGCTA-1,OTI,3,31,1.505149978319906
AGTATTATCAGTACTG-1,OTI,6,87,1.9444826721501687
AGTATTATCCACTCCA-1,OTI,2,25,1.414973347970818
AGTATTATCCAGTAAT-1,OTI,1,3,0.6020599913279624
AGTATTATCCCAGCCT-1,C57BL6,0,0,0.0
AGTATTATCCGAGTGT-1,OTI,0,0,0.0
AGTATTATCGGTTTAG-1,OTI,0,0,0.0
AGTATTCAGACGTCAC-1,OTI,3,96,1.9867717342662448
AGTATTCAGCAGCTAC-1,C57BL6,0,0,0.0
AGTATTCAGGCAAAGT-1,OTI,0,0,0.0
AGTATTCAGGCATCCG-1,OTI,1,19,1.3010299956639813
AGTATTCAGGCCTGAT-1,OTI,4,87,1.9444826721501687
AGTATTCAGGCGGAGT-1,OTI,3,24,1.3979400086720377
AGTATTCAGGGGATCA-1,OTI,0,0,0.0
AGTATTCAGGTAGGGC-1,OTI,5,200,2.303196057420489
AGTATTGGTAGAGGGT-1,OTI,5,62,1.7993405494535817
AGTATTGGTGGTCAAT-1,OTI,4,99,2.0
AGTCAATTCACTTCTA-1,OTI,0,0,0.0
AGTCAATTCAGCGCCA-1,C57BL6,0,0,0.0
AGTCAATTCCAGTCCC-1,OTI,0,0,0.0
AGTCAATTCCATTCGT-1,C57BL6,0,0,0.0
AGTCAATTCCGTACTT-1,OTI,9,232,2.367355921026019
AGTCAGCTCAAGCCAC-1,OTI,6,158,2.2013971243204513
AGTCAGCTCACTTAAA-1,OTI,2,8,0.9542425094393249
AGTCAGCTCAGCCAAC-1,OTI,4,549,2.7403626894942437
AGTCAGCTCAGCCCTC-1,OTI,6,19,1.3010299956639813
AGTCAGCTCCCAATAG-1,C57BL6,0,0,0.0
AGTCAGCTCCTCCACA-1,OTI,1,6,0.8450980400142568
AGTCAGCTCGCGCATG-1,C57BL6,2,12,1.1139433523068367
AGTCAGCTCGGGTATC-1,C57BL6,5,8,0.9542425094393249
AGTCAGGAGCAAGCGA-1,C57BL6,6,7,0.9030899869919435
AGTCAGGAGCATATCG-1,OTI,6,186,2.271841606536499
AGTCAGGAGCTTAGTG-1,OTI,7,36,1.568201724066995
AGTCAGGAGGGACACA-1,OTI,3,322,2.509202522331103
AGTCAGGAGGGCTCAT-1,OTI,5,101,2.0086001717619175
AGTCAGGAGGGTTTCA-1,C57BL6,0,0,0.0
AGTCAGGAGGTTCAAT-1,OTI,3,58,1.7708520116421442
AGTCAGTGTACTCAGG-1,C57BL6,1,8,0.9542425094393249
AGTCAGTGTATCATGA-1,OTI,2,24,1.3979400086720377
AGTCAGTGTATTACCT-1,OTI,0,0,0.0
AGTCAGTGTCTAAAGC-1,OTI,2,58,1.7708520116421442
AGTCAGTGTGCGCCTC-1,C57BL6,1,1,0.3010299956639812
AGTCAGTGTGCTAGAT-1,OTI,2,146,2.167317334748176
AGTCAGTGTGGACTAT-1,OTI,7,150,2.1789769472931693
AGTCAGTGTGGTTCGA-1,OTI,0,0,0.0
AGTCATCCAAAATTCT-1,OTI,2,32,1.5185139398778875
AGTCATCCAACACGAA-1,OTI,5,75,1.8808135922807914
AGTCATCCAACACTAC-1,C57BL6,0,0,0.0
AGTCATCCAACATACC-1,C57BL6,0,0,0.0
AGTCATCCAACCTTAA-1,C57BL6,1,4,0.6989700043360189
AGTCATCCAAGAGGTC-1,C57BL6,1,11,1.0791812460476249
AGTCATCCAAGGCACG-1,C57BL6,0,0,0.0
AGTCATCCAGCATAGA-1,C57BL6,0,0,0.0
AGTCATCCAGGTTGCC-1,OTI,1,129,2.113943352306837
AGTCATCCAGTGCTCA-1,OTI,2,52,1.724275869600789
AGTCATGTCAAATCCG-1,OTI,2,134,2.130333768495006
AGTCATGTCACTCTCG-1,C57BL6,0,0,0.0
AGTCATGTCCCGGGTA-1,OTI,5,81,1.9138138523837167
AGTCATGTCCCTTTCC-1,OTI,3,521,2.717670503002262
AGTCATGTCCGGAAAG-1,OTI,6,65,1.8195439355418688
AGTCATGTCCTTCTAA-1,OTI,0,0,0.0
AGTCCACAGCAACCGT-1,OTI,0,0,0.0
AGTCCACAGCATTCGA-1,OTI,3,20,1.3222192947339193
AGTCCACAGCTGACGT-1,OTI,1,27,1.4471580313422192
AGTCCAGGTAAATTCG-1,C57BL6,0,0,0.0
AGTCCAGGTACGCTTC-1,OTI,9,25,1.414973347970818
AGTCCAGGTCATGTCC-1,OTI,0,0,0.0
AGTCCAGGTCCTTCCC-1,OTI,5,65,1.8195439355418688
AGTCCAGGTCGCCTAT-1,C57BL6,3,4,0.6989700043360189
AGTCCATCAATGCACT-1,C57BL6,0,0,0.0
AGTCCATCAATTCGAC-1,OTI,3,27,1.4471580313422192
AGTCCATCACCTCACT-1,OTI,0,0,0.0
AGTCCATCAGCTACGC-1,OTI,2,72,1.863322860120456
AGTCCCGAGAAGCTTT-1,C57BL6,0,0,0.0
AGTCCCGAGAGTGGGC-1,OTI,11,243,2.387389826338729
AGTCCCGAGATACGAA-1,OTI,3,28,1.462397997898956
AGTCCCGAGCACTATG-1,OTI,1,19,1.3010299956639813
AGTCCCGAGGCTTCCC-1,OTI,1,60,1.7853298350107671
AGTCCCGAGGTGCCAT-1,OTI,0,0,0.0
AGTCCCGAGGTTAATC-1,C57BL6,1,1,0.3010299956639812
AGTCCGAGTCACAGCA-1,OTI,0,0,0.0
AGTCCGAGTCTGCATC-1,C57BL6,0,0,0.0
AGTCCGAGTCTGGATG-1,OTI,0,0,0.0
AGTCCGAGTGCCCATT-1,OTI,1,3,0.6020599913279624
AGTCCGAGTGGAATGA-1,C57BL6,0,0,0.0
AGTCCGCCAAGGTTTC-1,C57BL6,0,0,0.0
AGTCCGCCAATCGGGG-1,C57BL6,0,0,0.0
AGTCCGCCAATGCGCC-1,OTI,1,5,0.7781512503836436
AGTCCGGTCAGGAAAC-1,OTI,4,80,1.9084850188786497
AGTCCGGTCATATGGT-1,OTI,8,429,2.6334684555795866
AGTCCGGTCCCATCTG-1,OTI,2,482,2.683947130751512
AGTCCGGTCGCATAAT-1,C57BL6,0,0,0.0
AGTCCTTTCCAGGGTT-1,OTI,3,532,2.7267272090265724
AGTCCTTTCCGACTCC-1,C57BL6,0,0,0.0
AGTCCTTTCGGGTCCA-1,OTI,2,27,1.4471580313422192
AGTCCTTTCGTATTGG-1,OTI,0,0,0.0
AGTCGAACAAATCGAG-1,OTI,6,126,2.103803720955957
AGTCGAACAACCATAC-1,OTI,4,312,2.4955443375464483
AGTCGAACAACCCGTA-1,C57BL6,0,0,0.0
AGTCGAACACGCAGCT-1,OTI,5,188,2.2764618041732443
AGTCGAACAGGTACAA-1,OTI,0,0,0.0
AGTCGATGTAATTCCT-1,OTI,3,18,1.2787536009528289
AGTCGATGTACTCAGG-1,OTI,5,25,1.414973347970818
AGTCGATGTAGGCAGG-1,OTI,4,51,1.7160033436347992
AGTCGATGTATTCGTT-1,OTI,3,43,1.6434526764861874
AGTCGATGTCGACTAG-1,OTI,1,11,1.0791812460476249
AGTCGATGTCGCGTGG-1,OTI,4,173,2.2405492482826
AGTCGATGTCGTTCTA-1,C57BL6,2,15,1.2041199826559248
AGTCGCAGTAACTTTC-1,C57BL6,0,0,0.0
AGTCGCAGTACCTTTG-1,C57BL6,1,94,1.9777236052888478
AGTCGCAGTCGTCTTA-1,C57BL6,0,0,0.0
AGTCGCAGTCTAAGGT-1,C57BL6,2,22,1.3617278360175928
AGTCGCAGTGCGTATG-1,OTI,7,111,2.0492180226701815
AGTCGCAGTGGATATC-1,C57BL6,0,0,0.0
AGTCGCAGTGGATGTT-1,OTI,4,259,2.4149733479708178
AGTCGCAGTGTCCCTG-1,C57BL6,1,9,1.0
AGTCGCCCAAGCCATT-1,OTI,2,68,1.8388490907372552
AGTCGCCCAAGTGTCT-1,OTI,3,40,1.6127838567197355
AGTCGCCCAAGTTAGG-1,OTI,5,43,1.6434526764861874
AGTCGCCCAATAACCC-1,OTI,5,214,2.3324384599156054
AGTCGCCCACACCCAA-1,C57BL6,0,0,0.0
AGTCGCCCAGGTAAGC-1,C57BL6,0,0,0.0
AGTCGCGTCACGCCTC-1,OTI,2,9,1.0
AGTCGCGTCATACAAC-1,C57BL6,1,13,1.146128035678238
AGTCGCGTCATCACTC-1,OTI,4,83,1.9242792860618816
AGTCGCGTCATCCCAT-1,C57BL6,0,0,0.0
AGTCGCGTCATGGCTA-1,C57BL6,0,0,0.0
AGTCGGCGTATAGTCA-1,OTI,3,18,1.2787536009528289
AGTCGGCGTATTGCCC-1,OTI,0,0,0.0
AGTCGGCGTGTCTATT-1,C57BL6,0,0,0.0
AGTCGGCGTGTTCGTC-1,C57BL6,0,0,0.0
AGTCGGGCAAACTCAC-1,OTI,0,0,0.0
AGTCGGGCAAAGTACG-1,C57BL6,0,0,0.0
AGTCGGGCAAAGTATA-1,C57BL6,0,0,0.0
AGTCGGGCAAATGACG-1,OTI,3,173,2.2405492482826
AGTCGGGCAACACGAA-1,OTI,4,53,1.7323937598229686
AGTCGGGCAAGACAAT-1,OTI,1,4,0.6989700043360189
AGTCGGGCAAGACGAC-1,OTI,2,29,1.4771212547196624
AGTCGGGCAAGAGACC-1,OTI,2,9,1.0
AGTCGGGCAAGAGGTC-1,OTI,1,24,1.3979400086720377
AGTCGGGCAAGGGACT-1,C57BL6,0,0,0.0
AGTCGGGCAATATGCC-1,C57BL6,0,0,0.0
AGTCGGGCACTAGCGC-1,OTI,2,27,1.4471580313422192
AGTCGGGCACTGGCAC-1,OTI,1,12,1.1139433523068367
AGTCGGGCAGGGCGTA-1,OTI,2,24,1.3979400086720377
AGTCGTCAGATCGCGT-1,OTI,3,29,1.4771212547196624
AGTCGTCAGCACAATT-1,OTI,0,0,0.0
AGTCGTCAGCAGCCAT-1,C57BL6,1,4,0.6989700043360189
AGTCTCCGTATACTTC-1,C57BL6,3,3,0.6020599913279624
AGTCTCCGTATCGCGA-1,OTI,0,0,0.0
AGTCTCCGTATTCGTT-1,OTI,4,66,1.8260748027008264
AGTCTCCGTCGATGAT-1,OTI,1,8,0.9542425094393249
AGTCTCCGTGTGTATA-1,OTI,1,7,0.9030899869919435
AGTCTCGCAAATTAAG-1,OTI,0,0,0.0
AGTCTCGCAATATTAC-1,C57BL6,0,0,0.0
AGTCTCGCACAACATC-1,C57BL6,1,9,1.0
AGTCTCGCACACCCAA-1,C57BL6,2,18,1.2787536009528289
AGTCTCGCACGGAAAC-1,OTI,1,3,0.6020599913279624
AGTCTCGCACTCCGAA-1,OTI,1,2,0.47712125471966244
AGTCTCGCAGGTTACT-1,OTI,1,1,0.3010299956639812
AGTCTGGGTAAATTCG-1,C57BL6,2,18,1.2787536009528289
AGTCTGGGTAGCAATC-1,OTI,7,198,2.298853076409707
AGTCTGGGTAGCCTTC-1,OTI,3,919,2.963787827345555
AGTCTGGGTATCGGGC-1,OTI,1,4,0.6989700043360189
AGTCTGGGTCAATCGG-1,OTI,4,1335,3.125806458139527
AGTCTGGGTCGAGCGT-1,OTI,3,22,1.3617278360175928
AGTCTGGGTGCCCGAG-1,OTI,3,204,2.311753861055754
AGTCTGGGTGCTATAA-1,OTI,0,0,0.0
AGTCTGGGTGCTTTCA-1,OTI,1,42,1.6334684555795864
AGTCTTACAAGTATCC-1,C57BL6,1,3,0.6020599913279624
AGTCTTACAGCAAGAC-1,OTI,2,63,1.806179973983887
AGTCTTACAGGCGGTA-1,OTI,6,70,1.8512583487190752
AGTCTTGAGATACAGA-1,OTI,0,0,0.0
AGTCTTGAGATGCATT-1,OTI,4,21,1.3424226808222062
AGTCTTGAGCCGTAGT-1,OTI,2,6,0.8450980400142568
AGTCTTGAGCGCCCAA-1,OTI,0,0,0.0
AGTCTTGAGGCGTCAT-1,C57BL6,1,1,0.3010299956639812
AGTCTTGAGGGGACGT-1,OTI,2,113,2.0569048513364727
AGTCTTGAGGTAATGA-1,C57BL6,0,0,0.0
AGTCTTGAGGTTCAGC-1,C57BL6,3,3,0.6020599913279624
AGTGAAATCAACGCAC-1,OTI,1,9,1.0
AGTGAAATCACTCACT-1,OTI,3,95,1.9822712330395684
AGTGAAATCATGCCTT-1,C57BL6,0,0,0.0
AGTGAAATCCTGTTAC-1,C57BL6,0,0,0.0
AGTGAAATCCTTAATT-1,C57BL6,1,17,1.255272505103306
AGTGAAATCGTGCGTG-1,OTI,1,295,2.4712917110589387
AGTGAGAGTACTCATT-1,OTI,1,29,1.4771212547196624
AGTGAGAGTCTAAGCG-1,C57BL6,0,0,0.0
AGTGAGAGTGGGGATG-1,OTI,0,0,0.0
AGTGATAAGAGTTTAC-1,OTI,2,25,1.414973347970818
AGTGATAAGATCGATT-1,C57BL6,0,0,0.0
AGTGATAAGCAGCGAA-1,OTI,5,845,2.9273703630390235
AGTGATAAGCCTTTCG-1,OTI,3,98,1.99563519459755
AGTGATCGTACATCTT-1,C57BL6,2,8,0.9542425094393249
AGTGATCGTACTATTC-1,OTI,6,48,1.6901960800285136
AGTGATCGTCACGCGG-1,OTI,1,32,1.5185139398778875
AGTGATCGTCGTTGCT-1,OTI,4,241,2.383815365980431
AGTGATTTCAATTGTA-1,OTI,3,34,1.5440680443502757
AGTGATTTCACTCTGT-1,OTI,1,1,0.3010299956639812
AGTGATTTCCATATGG-1,OTI,0,0,0.0
AGTGATTTCCGCTCTA-1,C57BL6,0,0,0.0
AGTGATTTCCTCCAGC-1,OTI,0,0,0.0
AGTGATTTCCTGGTCC-1,C57BL6,0,0,0.0
AGTGATTTCGGTAATT-1,C57BL6,0,0,0.0
AGTGCAACAAAACTAA-1,OTI,3,300,2.4785664955938436
AGTGCAACAATATGTT-1,OTI,3,142,2.155336037465062
AGTGCAACACCTCGAA-1,C57BL6,0,0,0.0
AGTGCAACACTTAGCG-1,OTI,4,144,2.161368002234975
AGTGCAACAGCGCTAC-1,OTI,3,76,1.8864907251724818
AGTGCAACAGGAACTA-1,C57BL6,2,13,1.146128035678238
AGTGCAGAGAATGCGG-1,C57BL6,1,12,1.1139433523068367
AGTGCAGAGAGTTAGA-1,C57BL6,1,8,0.9542425094393249
AGTGCAGAGCGGCCTA-1,C57BL6,0,0,0.0
AGTGCAGAGCTACGAC-1,OTI,1,7,0.9030899869919435
AGTGCCCCAATACCCG-1,C57BL6,2,4,0.6989700043360189
AGTGCCCCACACACGC-1,OTI,0,0,0.0
AGTGCCCCACAGTGGG-1,OTI,3,69,1.845098040014257
AGTGCCCCACCGCATA-1,OTI,4,159,2.2041199826559246
AGTGCCCCACGAACGG-1,C57BL6,1,5,0.7781512503836436
AGTGCGAAGACAACGG-1,C57BL6,1,8,0.9542425094393249
AGTGCGAAGACGACAG-1,OTI,2,30,1.4913616938342726
AGTGCGAAGCTAGCCG-1,C57BL6,1,13,1.146128035678238
AGTGCGAAGCTGAATT-1,OTI,6,154,2.1903316981702914
AGTGCGAAGCTGATAT-1,C57BL6,1,15,1.2041199826559248
AGTGCGAAGCTGTACA-1,OTI,0,0,0.0
AGTGCGCGTATGCAGT-1,OTI,6,88,1.9493900066449128
AGTGCGCGTATGGTTA-1,OTI,2,18,1.2787536009528289
AGTGCGCGTATTGAGC-1,OTI,2,68,1.8388490907372552
AGTGCGCGTCTGGTGA-1,OTI,0,0,0.0
AGTGCTATCAGCGCCA-1,C57BL6,1,65,1.8195439355418688
AGTGCTATCATTGTCC-1,OTI,0,0,0.0
AGTGCTATCCCTCGGT-1,OTI,0,0,0.0
AGTGCTATCGCGGATT-1,OTI,2,45,1.662757831681574
AGTGGCAAGAGGTATA-1,OTI,4,168,2.2278867046136734
AGTGGCAAGCGACCAT-1,OTI,0,0,0.0
AGTGGCAAGCGGATTC-1,OTI,3,163,2.214843848047698
AGTGGCAAGGGTTCCG-1,OTI,1,507,2.7058637122839193
AGTGGCAAGGTTGCCG-1,OTI,4,22,1.3617278360175928
AGTGGCGCAATGAAAC-1,OTI,0,0,0.0
AGTGGCGCACAACGGG-1,C57BL6,1,9,1.0
AGTGGCGCACCAGCTA-1,OTI,5,74,1.8750612633917
AGTGGCGCACTATGGT-1,C57BL6,0,0,0.0
AGTGGCGCAGCGGTAG-1,C57BL6,8,27,1.4471580313422192
AGTGGCTTCAAATGTC-1,OTI,3,360,2.5575072019056577
AGTGGCTTCAATCCCT-1,C57BL6,1,9,1.0
AGTGGCTTCACCTCCA-1,OTI,2,30,1.4913616938342726
AGTGGCTTCACTCCAT-1,C57BL6,1,3,0.6020599913279624
AGTGGCTTCAGGGTCT-1,C57BL6,0,0,0.0
AGTGGCTTCATACGTG-1,OTI,4,194,2.290034611362518
AGTGGCTTCATGTCCT-1,OTI,2,14,1.1760912590556813
AGTGGCTTCCCTAACT-1,OTI,2,5,0.7781512503836436
AGTGGCTTCGGGCCTA-1,OTI,3,15,1.2041199826559248
AGTGGCTTCGGTTATG-1,OTI,5,189,2.278753600952829
AGTGGCTTCGTGATAT-1,OTI,4,205,2.3138672203691533
AGTGGGCAGAAAGCGT-1,OTI,6,134,2.130333768495006
AGTGGGCAGAACACCC-1,OTI,0,0,0.0
AGTGGGCAGAGAGGAA-1,OTI,2,45,1.662757831681574
AGTGGGCAGATTGGTT-1,OTI,2,226,2.3560258571931225
AGTGGGCAGCCCTGGA-1,OTI,2,60,1.7853298350107671
AGTGGGCAGCTCTCAT-1,OTI,5,56,1.7558748556724915
AGTGGGCAGGGACTGA-1,OTI,2,35,1.5563025007672873
AGTGGGCAGGGTTAGG-1,OTI,2,33,1.5314789170422551
AGTGGGTCAAACACTC-1,C57BL6,0,0,0.0
AGTGGGTCAAACATAA-1,OTI,3,28,1.462397997898956
AGTGGGTCAACCCGTA-1,OTI,1,1,0.3010299956639812
AGTGGGTCAACCTATA-1,OTI,4,56,1.7558748556724915
AGTGGGTCACCATTAA-1,OTI,0,0,0.0
AGTGGGTCACCTGCTT-1,OTI,6,516,2.7134905430939424
AGTGGGTCACTAAGTC-1,C57BL6,0,0,0.0
AGTGGTCTCACTCTCG-1,C57BL6,1,7,0.9030899869919435
AGTGGTCTCATAATTG-1,OTI,0,0,0.0
AGTGGTCTCCAACATG-1,OTI,0,0,0.0
AGTGGTCTCCCGGTTC-1,OTI,1,22,1.3617278360175928
AGTGGTCTCCCTAAAG-1,OTI,4,249,2.3979400086720375
AGTGGTCTCCTATCAC-1,OTI,2,50,1.7075701760979363
AGTGGTCTCCTCGGCT-1,C57BL6,0,0,0.0
AGTGTAAAGAATCTGT-1,OTI,1,20,1.3222192947339193
AGTGTAAAGAGAGGTT-1,OTI,1,5,0.7781512503836436
AGTGTAAAGATCCACA-1,C57BL6,0,0,0.0
AGTGTAAAGCCGTAAC-1,C57BL6,0,0,0.0
AGTGTAAAGGGGTAGC-1,C57BL6,0,0,0.0
AGTGTAAAGGTCCAGT-1,OTI,3,421,2.625312450961674
AGTGTACGTACATTCT-1,OTI,0,0,0.0
AGTGTACGTATCCGTC-1,OTI,0,0,0.0
AGTGTACGTCGCATCT-1,C57BL6,0,0,0.0
AGTGTACGTCTGGCCC-1,OTI,2,16,1.2304489213782739
AGTGTACGTCTTGATT-1,C57BL6,0,0,0.0
AGTGTACGTGCTACAG-1,OTI,0,0,0.0
AGTGTCGGTAAGTTTG-1,C57BL6,0,0,0.0
AGTGTCGGTGCTTAGG-1,C57BL6,0,0,0.0
AGTGTCGGTGGAATGA-1,C57BL6,5,10,1.0413926851582251
AGTGTCGGTGGTTTCC-1,OTI,4,173,2.2405492482826
AGTGTCTCAAAGCTCT-1,C57BL6,0,0,0.0
AGTGTCTCAACATCCG-1,OTI,1,8,0.9542425094393249
AGTGTCTCAACATGTC-1,OTI,6,131,2.12057393120585
AGTGTCTCAACCCACA-1,OTI,1,4,0.6989700043360189
AGTGTCTCAACGAGAC-1,OTI,4,41,1.6232492903979006
AGTGTCTCAACGATAG-1,OTI,3,151,2.1818435879447726
AGTGTCTCAACGTAAG-1,C57BL6,0,0,0.0
AGTGTCTCAAGCCATT-1,OTI,8,225,2.3541084391474008
AGTGTCTCAGCAGCCT-1,C57BL6,0,0,0.0
AGTGTGTGTAAATCCA-1,OTI,0,0,0.0
AGTGTGTGTAGCGTTG-1,C57BL6,0,0,0.0
AGTGTGTGTATTGCCC-1,OTI,1,6,0.8450980400142568
AGTGTGTGTCAAGGTT-1,OTI,1,25,1.414973347970818
AGTGTGTGTCAGCCTT-1,OTI,0,0,0.0
AGTGTGTGTCAGTCAG-1,OTI,4,61,1.792391689498254
AGTGTGTGTGGCTTTC-1,OTI,0,0,0.0
AGTGTGTGTGTTGTGG-1,OTI,0,0,0.0
AGTGTTAGTACAGGCC-1,OTI,0,0,0.0
AGTGTTAGTAGCCTTC-1,C57BL6,0,0,0.0
AGTGTTAGTCACCCTG-1,OTI,4,176,2.247973266361807
AGTGTTAGTCACCGGG-1,OTI,2,4,0.6989700043360189
AGTGTTAGTCATAGGT-1,OTI,1,8,0.9542425094393249
AGTGTTAGTCTGGTCT-1,OTI,2,24,1.3979400086720377
AGTGTTCCAAACCATC-1,OTI,3,129,2.113943352306837
AGTGTTCCAAATTCGC-1,OTI,5,217,2.3384564936046046
AGTGTTCCAACTTACA-1,OTI,8,246,2.392696953259666
AGTGTTCCAAGCTTTA-1,C57BL6,1,24,1.3979400086720377
AGTGTTCCACCATGCA-1,OTI,4,128,2.110589710299249
AGTGTTCCACCTCATC-1,OTI,3,33,1.5314789170422551
AGTTAAGAGCCGGATT-1,OTI,2,43,1.6434526764861874
AGTTAAGAGGCTGGAA-1,C57BL6,0,0,0.0
AGTTAAGAGGTTGGTC-1,OTI,8,321,2.507855871695831
AGTTACCCAACAAGAT-1,C57BL6,2,29,1.4771212547196624
AGTTACCCAATATGCC-1,OTI,2,50,1.7075701760979363
AGTTACCCACCAGTGC-1,OTI,3,15,1.2041199826559248
AGTTACCCACCGAATT-1,OTI,0,0,0.0
AGTTACCCACTACGCA-1,OTI,1,11,1.0791812460476249
AGTTACCCACTCAATA-1,OTI,1,122,2.089905111439398
AGTTAGAAGAGTATAG-1,OTI,4,41,1.6232492903979006
AGTTAGCGTAGCCTCT-1,OTI,5,49,1.6989700043360187
AGTTAGCGTATCCAGG-1,C57BL6,0,0,0.0
AGTTAGCGTGGCGATC-1,OTI,4,96,1.9867717342662448
AGTTAGCGTGTGTTCC-1,OTI,4,256,2.4099331233312946
AGTTAGGCAAACGTTC-1,OTI,5,39,1.6020599913279623
AGTTAGGCAAAGGACC-1,OTI,3,37,1.5797835966168101
AGTTAGGCAACGATAG-1,C57BL6,1,1,0.3010299956639812
AGTTAGGCAATCTGAC-1,OTI,5,142,2.155336037465062
AGTTAGGCACAGTGCC-1,OTI,0,0,0.0
AGTTAGGCACTGGAGG-1,OTI,3,213,2.330413773349191
AGTTAGGCAGTTCGCA-1,C57BL6,1,6,0.8450980400142568
AGTTAGTTCACAGGTC-1,C57BL6,1,3,0.6020599913279624
AGTTAGTTCACATGTG-1,OTI,1,5,0.7781512503836436
AGTTAGTTCCGGCTTC-1,OTI,4,93,1.9731278535996986
AGTTAGTTCGGGTCAT-1,OTI,3,40,1.6127838567197355
AGTTAGTTCGTGTTGA-1,C57BL6,0,0,0.0
AGTTATATCAATGGTT-1,C57BL6,7,18,1.2787536009528289
AGTTATATCACGGTTA-1,C57BL6,0,0,0.0
AGTTATATCATGGGTC-1,C57BL6,0,0,0.0
AGTTATATCCATTGTC-1,OTI,0,0,0.0
AGTTATATCCGAACAC-1,OTI,3,178,2.2528530309798933
AGTTATATCCGGCTTC-1,OTI,1,6,0.8450980400142568
AGTTATATCGCCCTAC-1,OTI,5,259,2.4149733479708178
AGTTATATCGTGGTTA-1,OTI,3,39,1.6020599913279623
AGTTATATCGTGTATG-1,C57BL6,0,0,0.0
AGTTATGGTATCTCAT-1,C57BL6,0,0,0.0
AGTTATGGTCCTCATA-1,OTI,3,73,1.8692317197309762
AGTTATGGTCGACGTA-1,C57BL6,0,0,0.0
AGTTATGGTCTGGCTT-1,OTI,2,30,1.4913616938342726
AGTTATGGTGCCTGCC-1,OTI,4,322,2.509202522331103
AGTTATGGTGTCATCC-1,OTI,4,74,1.8750612633917
AGTTGAAAGAAGCTGG-1,OTI,3,170,2.2329961103921536
AGTTGAAAGAGGGATT-1,OTI,6,61,1.792391689498254
AGTTGAAAGCATTTGG-1,OTI,2,18,1.2787536009528289
AGTTGAAAGCGAGTAG-1,OTI,2,10,1.0413926851582251
AGTTGAAAGGTAATGA-1,OTI,0,0,0.0
AGTTGAGCAATAAGTA-1,OTI,5,58,1.7708520116421442
AGTTGAGCAATTGACC-1,OTI,0,0,0.0
AGTTGAGCACATACCG-1,C57BL6,0,0,0.0
AGTTGAGCACCCTAAG-1,C57BL6,1,1,0.3010299956639812
AGTTGAGCAGCCTTTC-1,OTI,1,55,1.7481880270062005
AGTTGAGCAGTTGGAA-1,C57BL6,0,0,0.0
AGTTGCATCAAGCTAT-1,C57BL6,0,0,0.0
AGTTGCATCCATCTGT-1,OTI,4,33,1.5314789170422551
AGTTGCATCCTGGTCC-1,OTI,1,22,1.3617278360175928
AGTTGCATCGCACGTG-1,OTI,5,45,1.662757831681574
AGTTGCATCGGATGTC-1,C57BL6,8,8,0.9542425094393249
AGTTGCCAGAAGGGTT-1,OTI,4,46,1.6720978579357175
AGTTGCCAGACTATGT-1,OTI,5,98,1.99563519459755
AGTTGCCAGAGGCCAA-1,OTI,0,0,0.0
AGTTGCCAGCGTACAC-1,OTI,3,144,2.161368002234975
AGTTGCCAGCTAGGAG-1,OTI,1,9,1.0
AGTTGCCAGGGGAGCT-1,OTI,0,0,0.0
AGTTGCGGTAAGCAAG-1,OTI,5,1127,3.0523090996473234
AGTTGCGGTAATGGCT-1,OTI,5,71,1.8573324964312685
AGTTGCGGTACCACAG-1,OTI,4,94,1.9777236052888478
AGTTGCGGTACCTAGG-1,C57BL6,0,0,0.0
AGTTGCGGTACTCTAT-1,C57BL6,0,0,0.0
AGTTGCGGTAGCCTTC-1,OTI,1,83,1.9242792860618816
AGTTGCGGTAGTGTCG-1,OTI,7,1166,3.0670708560453703
AGTTGCGGTAGTGTGT-1,C57BL6,4,163,2.214843848047698
AGTTGCGGTATCGTGG-1,OTI,0,0,0.0
AGTTGCGGTCCGGTAA-1,OTI,9,568,2.7551122663950713
AGTTGCGGTCCTGATC-1,OTI,1,18,1.2787536009528289
AGTTGCGGTGTACCCT-1,OTI,8,199,2.3010299956639813
AGTTGCGGTGTTGTAA-1,OTI,1,13,1.146128035678238
AGTTGGCTCAACGTTG-1,OTI,4,43,1.6434526764861874
AGTTGGCTCATCTCTA-1,OTI,3,72,1.863322860120456
AGTTGGCTCCAAAGCC-1,OTI,0,0,0.0
AGTTGGCTCCAAGTAT-1,OTI,5,123,2.093421685162235
AGTTGGCTCCCGGCTT-1,OTI,6,73,1.8692317197309762
AGTTGGCTCCTGACAA-1,OTI,1,11,1.0791812460476249
AGTTGGCTCCTGTTAC-1,C57BL6,1,6,0.8450980400142568
AGTTGGCTCGGTACGT-1,C57BL6,1,25,1.414973347970818
AGTTGGGAGAACCCCG-1,C57BL6,1,4,0.6989700043360189
AGTTGGGAGAGACGCA-1,OTI,6,75,1.8808135922807914
AGTTGGGAGCGTGGTT-1,OTI,4,179,2.255272505103306
AGTTGTGTCAGCATTG-1,C57BL6,4,6,0.8450980400142568
AGTTGTGTCATCCCCA-1,OTI,1,39,1.6020599913279623
AGTTGTGTCATGCAAT-1,OTI,4,51,1.7160033436347992
AGTTGTGTCCAAAGCC-1,OTI,1,8,0.9542425094393249
AGTTGTGTCGCTCTAT-1,C57BL6,0,0,0.0
AGTTGTGTCGCTTAAG-1,C57BL6,0,0,0.0
AGTTTAATCAACGCAC-1,C57BL6,1,1,0.3010299956639812
AGTTTAATCAACGCTA-1,C57BL6,0,0,0.0
AGTTTAATCAAGTCCA-1,OTI,3,16,1.2304489213782739
AGTTTAATCATACTCC-1,OTI,3,19,1.3010299956639813
AGTTTACAGACTTTCC-1,OTI,5,127,2.1072099696478683
AGTTTACAGATATACC-1,OTI,2,330,2.519827993775719
AGTTTACAGATCCACA-1,OTI,5,208,2.3201462861110542
AGTTTACAGATGTATC-1,C57BL6,1,12,1.1139433523068367
AGTTTACAGCGCGATT-1,OTI,5,33,1.5314789170422551
AGTTTACAGGGAGCTA-1,OTI,1,77,1.8920946026904804
AGTTTAGGTAACTGCG-1,OTI,0,0,0.0
AGTTTAGGTACAACGT-1,C57BL6,0,0,0.0
AGTTTAGGTCATACCC-1,OTI,1,6,0.8450980400142568
AGTTTAGGTCGCTATC-1,OTI,0,0,0.0
AGTTTAGGTCTACGGA-1,OTI,2,22,1.3617278360175928
AGTTTAGGTGGGATGG-1,OTI,0,0,0.0
AGTTTAGGTGGGTTAT-1,OTI,1,41,1.6232492903979006
AGTTTCACAACGAGGT-1,OTI,3,42,1.6334684555795864
AGTTTCACAAGAGGGA-1,C57BL6,1,4,0.6989700043360189
AGTTTCACAAGTTTCA-1,C57BL6,0,0,0.0
AGTTTCACAATCAGCT-1,C57BL6,0,0,0.0
AGTTTCACAATTCAGC-1,OTI,1,78,1.8976270912904414
AGTTTCACACAGTGCC-1,C57BL6,0,0,0.0
AGTTTCACACATGGTT-1,OTI,5,47,1.6812412373755872
AGTTTCACACGTCGTA-1,C57BL6,1,4,0.6989700043360189
AGTTTCCTCACCTACT-1,OTI,1,4,0.6989700043360189
AGTTTCCTCAGCATTG-1,OTI,5,60,1.7853298350107671
AGTTTCCTCCCTATAC-1,OTI,3,162,2.2121876044039577
AGTTTCCTCCTAGCCC-1,OTI,6,213,2.330413773349191
AGTTTCGAGAAAGGAG-1,OTI,2,40,1.6127838567197355
AGTTTCGAGATAGCGG-1,OTI,0,0,0.0
AGTTTCGAGATATTGC-1,OTI,0,0,0.0
AGTTTCGAGCCACTAA-1,OTI,0,0,0.0
AGTTTCGAGCGAACGA-1,OTI,2,10,1.0413926851582251
AGTTTCGAGCTACATG-1,C57BL6,1,6,0.8450980400142568
AGTTTCGAGCTAGATT-1,C57BL6,0,0,0.0
AGTTTCGAGGCCATTA-1,OTI,2,10,1.0413926851582251
AGTTTGGTCAAGCTTG-1,OTI,5,31,1.505149978319906
AGTTTGGTCAGAGTAA-1,OTI,5,108,2.037426497940624
AGTTTGGTCCAATTGG-1,OTI,3,36,1.568201724066995
AGTTTGGTCCAGCAAC-1,OTI,1,61,1.792391689498254
AGTTTGGTCCGCAATA-1,OTI,1,4,0.6989700043360189
AGTTTGGTCCTACTAC-1,OTI,3,55,1.7481880270062005
AGTTTGGTCGCTCCTA-1,C57BL6,0,0,0.0
AGTTTGGTCGTCATCT-1,OTI,0,0,0.0
ATAACACTCACATAAC-1,OTI,0,0,0.0
ATAACACTCACCAAAT-1,C57BL6,1,9,1.0
ATAACACTCACTACCT-1,OTI,0,0,0.0
ATAACACTCCAGGTTA-1,C57BL6,3,31,1.505149978319906
ATAACACTCCGCCCAT-1,OTI,2,319,2.505149978319906
ATAACACTCCGTATTC-1,OTI,0,0,0.0
ATAACACTCCTAATCC-1,OTI,4,21,1.3424226808222062
ATAACAGAGAAGCCAG-1,C57BL6,1,1,0.3010299956639812
ATAACAGAGAGTCGTC-1,OTI,1,9,1.0
ATAACAGAGCAACAGG-1,OTI,3,73,1.8692317197309762
ATAACAGAGCTGGTCG-1,OTI,1,2,0.47712125471966244
ATAACAGAGGTAAATG-1,OTI,0,0,0.0
ATAACCCCAAACTCCG-1,OTI,0,0,0.0
ATAACCCCACATGAAG-1,OTI,7,896,2.952792443044092
ATAACCCCACCACAGC-1,OTI,1,38,1.591064607026499
ATAACCCCACCCTTAC-1,C57BL6,0,0,0.0
ATAACCCCAGCGACAG-1,C57BL6,0,0,0.0
ATAACGAAGAGAGGAA-1,OTI,3,21,1.3424226808222062
ATAACGTTCACGCTAA-1,OTI,9,121,2.0863598306747484
ATAACGTTCATGGTAT-1,OTI,1,1,0.3010299956639812
ATAACGTTCCTTCGTG-1,C57BL6,0,0,0.0
ATAACGTTCGGAGCTT-1,OTI,0,0,0.0
ATAACTATCACTACCT-1,OTI,1,3,0.6020599913279624
ATAACTATCCAAGACC-1,OTI,0,0,0.0
ATAACTATCCCATCAT-1,C57BL6,0,0,0.0
ATAACTATCCCCTAAT-1,OTI,4,42,1.6334684555795864
ATAACTATCCGTATCT-1,OTI,0,0,0.0
ATAACTATCGGCAACT-1,OTI,2,113,2.0569048513364727
ATAACTATCGTGTCAA-1,OTI,4,30,1.4913616938342726
ATAACTTCAAGTCATC-1,OTI,3,64,1.8129133566428555
ATAACTTCAATACGCT-1,OTI,3,37,1.5797835966168101
ATAACTTCACAAGTAG-1,C57BL6,0,0,0.0
ATAACTTCACACAAGA-1,OTI,4,158,2.2013971243204513
ATAACTTCACGATGGG-1,C57BL6,0,0,0.0
ATAACTTCACGTAGCC-1,OTI,5,46,1.6720978579357175
ATAACTTCAGCTGACC-1,OTI,4,7,0.9030899869919435
ATAAGACCAAATATTC-1,OTI,1,13,1.146128035678238
ATAAGACCAACGTTTA-1,OTI,1,28,1.462397997898956
ATAAGACCAATTCTAG-1,OTI,3,66,1.8260748027008264
ATAAGACCACACATAC-1,OTI,1,19,1.3010299956639813
ATAAGACCAGCTACCA-1,OTI,0,0,0.0
ATAAGACCAGGCTCTA-1,OTI,4,125,2.100370545117563
ATAAGCAAGAGCAACG-1,C57BL6,0,0,0.0
ATAAGCAAGAGGTTAA-1,OTI,3,126,2.103803720955957
ATAAGCAAGATCTTGG-1,C57BL6,3,3,0.6020599913279624
ATAAGCAAGCAAGACG-1,OTI,2,15,1.2041199826559248
ATAAGCAAGCAATATC-1,OTI,5,90,1.9590413923210936
ATAAGCAAGCACTATG-1,C57BL6,2,4,0.6989700043360189
ATAAGCAAGCCATCGG-1,OTI,1,2,0.47712125471966244
ATAAGCAAGGGGCATA-1,OTI,0,0,0.0
ATAAGCCGTAGCGTAT-1,OTI,0,0,0.0
ATAAGCCGTAGTCTGG-1,OTI,0,0,0.0
ATAAGCCGTCTTAATC-1,OTI,0,0,0.0
ATAAGCCGTGCACAGC-1,OTI,0,0,0.0
ATAAGCCGTGGAGCTC-1,OTI,1,2,0.47712125471966244
ATAAGCTTCACGAACC-1,OTI,2,26,1.4313637641589874
ATAAGCTTCAGAGTAA-1,OTI,3,175,2.24551266781415
ATAAGCTTCATCGGAC-1,C57BL6,1,4,0.6989700043360189
ATAAGCTTCCACCCGT-1,C57BL6,0,0,0.0
ATAAGCTTCGTTGCCC-1,OTI,2,14,1.1760912590556813
ATAAGGGGTAAGGAAT-1,C57BL6,2,6,0.8450980400142568
ATAAGGGGTCACGTAG-1,OTI,2,6,0.8450980400142568
ATAAGGGGTCCTAGTC-1,OTI,0,0,0.0
ATAAGGGGTCGCTATC-1,OTI,3,46,1.6720978579357175
ATAAGGGGTCTCATTG-1,OTI,4,87,1.9444826721501687
ATAAGGGGTGCTTGGA-1,OTI,6,53,1.7323937598229686
ATAAGGGGTGTCCCGC-1,C57BL6,1,7,0.9030899869919435
ATAAGGGGTGTGCGTA-1,OTI,2,805,2.906335041805091
ATAAGGTCAACAGAGC-1,C57BL6,1,3,0.6020599913279624
ATAAGGTCAACGGGAT-1,OTI,2,11,1.0791812460476249
ATAAGGTCACAAGGCG-1,OTI,0,0,0.0
ATAAGGTCACGCCAAC-1,C57BL6,0,0,0.0
ATAAGTACACTAAGGA-1,C57BL6,0,0,0.0
ATAAGTACAGTGCATT-1,C57BL6,0,0,0.0
ATAAGTCTCACGATAT-1,OTI,2,114,2.060697840353612
ATAAGTCTCACTCGTT-1,C57BL6,0,0,0.0
ATAAGTCTCATATCCC-1,OTI,0,0,0.0
ATAAGTCTCCCACACC-1,OTI,3,208,2.3201462861110542
ATAAGTCTCCTCCTCT-1,C57BL6,0,0,0.0
ATAAGTGAGAATTCCG-1,C57BL6,1,1,0.3010299956639812
ATAAGTGAGACGGGGT-1,C57BL6,1,10,1.0413926851582251
ATAAGTGAGAGGCACA-1,OTI,1,3,0.6020599913279624
ATAAGTGAGATGGGTG-1,C57BL6,0,0,0.0
ATAAGTGAGCGCTATA-1,OTI,4,62,1.7993405494535817
ATAAGTGAGGTAAGGT-1,OTI,1,21,1.3424226808222062
ATAATCATCACGTCAA-1,OTI,4,70,1.8512583487190752
ATAATCATCATCTCAC-1,C57BL6,0,0,0.0
ATAATCATCCGTATCT-1,OTI,3,578,2.762678563727436
ATAATCATCCGTGTCC-1,C57BL6,2,2,0.47712125471966244
ATAATCATCGGAAGCA-1,OTI,4,65,1.8195439355418688
ATAATCCAGAACCATT-1,OTI,1,7,0.9030899869919435
ATAATCCAGAATCAAG-1,C57BL6,0,0,0.0
ATAATCCAGAGGCAGC-1,C57BL6,1,4,0.6989700043360189
ATAATCCAGAGTGCAG-1,OTI,2,2,0.47712125471966244
ATAATCCAGATGACGG-1,OTI,3,17,1.255272505103306
ATAATCCAGATGCGGA-1,OTI,0,0,0.0
ATAATCCAGATGCTCA-1,C57BL6,0,0,0.0
ATAATCCAGCAAGTTT-1,C57BL6,0,0,0.0
ATAATCCAGCTTGAAT-1,OTI,2,83,1.9242792860618816
ATAATCCAGGTTAATC-1,OTI,1,53,1.7323937598229686
ATAATCGGTATGAGGA-1,OTI,3,17,1.255272505103306
ATAATCGGTATTCGTT-1,OTI,9,135,2.1335389083702174
ATAATCGGTCACGCCC-1,OTI,8,240,2.3820170425748683
ATAATCGGTGTGTAGT-1,OTI,0,0,0.0
ATAATGCTCAGGCTGT-1,C57BL6,1,3,0.6020599913279624
ATAATGCTCCAATTGG-1,OTI,3,150,2.1789769472931693
ATAATGCTCCACTTAC-1,OTI,4,11,1.0791812460476249
ATAATGCTCCATTCGT-1,OTI,3,15,1.2041199826559248
ATAATGCTCCCACGCT-1,OTI,0,0,0.0
ATAATGCTCGTGCGTG-1,OTI,1,17,1.255272505103306
ATAATTCCAATGCACT-1,OTI,2,83,1.9242792860618816
ATAATTCCACTTAGCG-1,OTI,6,256,2.4099331233312946
ATAATTCCAGTACGGG-1,OTI,2,53,1.7323937598229686
ATAATTCCAGTAGCCC-1,OTI,3,9,1.0
ATAATTGTCACTGCCC-1,OTI,0,0,0.0
ATAATTGTCACTTACC-1,OTI,2,6,0.8450980400142568
ATAATTGTCAGTTATA-1,OTI,0,0,0.0
ATAATTGTCCGGCATG-1,OTI,2,7,0.9030899869919435
ATAATTGTCCGGGCTA-1,OTI,3,53,1.7323937598229686
ATAATTGTCGCGTTAA-1,C57BL6,0,0,0.0
ATACAACTCACACTTC-1,C57BL6,0,0,0.0
ATACAACTCATACTAA-1,OTI,1,21,1.3424226808222062
ATACAACTCCGGGTAT-1,OTI,3,50,1.7075701760979363
ATACAACTCGCAAACC-1,OTI,5,68,1.8388490907372552
ATACAACTCGGCCTTC-1,C57BL6,0,0,0.0
ATACAAGAGAACCCAC-1,OTI,3,11,1.0791812460476249
ATACAAGAGACGGGTA-1,OTI,4,61,1.792391689498254
ATACAAGAGCTACAGC-1,OTI,2,15,1.2041199826559248
ATACAAGAGCTGCTAA-1,OTI,4,194,2.290034611362518
ATACAAGAGGCATGGA-1,OTI,3,31,1.505149978319906
ATACAAGAGGCTTATG-1,OTI,3,84,1.9294189257142926
ATACAAGAGGTAACCC-1,C57BL6,0,0,0.0
ATACACCCAACACGAA-1,OTI,1,1,0.3010299956639812
ATACACCCAACATTAT-1,C57BL6,5,129,2.113943352306837
ATACACCCACCAAATC-1,OTI,4,30,1.4913616938342726
ATACACCCACTGACGC-1,OTI,1,1,0.3010299956639812
ATACACCCAGGTTTCG-1,OTI,1,32,1.5185139398778875
ATACACCCAGTACATC-1,OTI,2,11,1.0791812460476249
ATACAGAAGAGTATTC-1,OTI,0,0,0.0
ATACAGAAGCACGCCA-1,OTI,5,35,1.5563025007672873
ATACAGAAGCATCAAT-1,OTI,3,34,1.5440680443502757
ATACAGAAGCGTTTAG-1,C57BL6,1,11,1.0791812460476249
ATACAGCGTAAATCCA-1,C57BL6,1,3,0.6020599913279624
ATACAGCGTAGGTTGT-1,C57BL6,0,0,0.0
ATACAGCGTAGTATGC-1,OTI,3,311,2.494154594018443
ATACAGCGTCAGCCCC-1,OTI,0,0,0.0
ATACAGCGTCATTCCA-1,OTI,1,8,0.9542425094393249
ATACAGCGTCCGGCCT-1,OTI,9,179,2.255272505103306
ATACAGCGTCGTCGGG-1,C57BL6,2,24,1.3979400086720377
ATACAGCGTGCTGGGT-1,OTI,3,11,1.0791812460476249
ATACAGCGTGGCATGC-1,C57BL6,0,0,0.0
ATACCATAGACAGTTT-1,OTI,1,3,0.6020599913279624
ATACCATAGAGTGGGC-1,OTI,7,33,1.5314789170422551
ATACCATAGCCATTAG-1,OTI,0,0,0.0
ATACCATAGGCTCGAT-1,C57BL6,0,0,0.0
ATACCATAGGGGTACA-1,OTI,1,6,0.8450980400142568
ATACCCAAGCATTTGG-1,OTI,8,120,2.0827853703164503
ATACCCAAGCTTGTGA-1,OTI,2,46,1.6720978579357175
ATACCCAAGGCGTAGA-1,OTI,6,113,2.0569048513364727
ATACCCAAGGCTTACA-1,OTI,5,282,2.45178643552429
ATACCCAAGGCTTGCG-1,C57BL6,1,2,0.47712125471966244
ATACCCCGTACGGTGC-1,OTI,0,0,0.0
ATACCCCGTATTGAGC-1,OTI,3,448,2.6522463410033232
ATACCCCGTCGTCAGA-1,OTI,0,0,0.0
ATACCCCGTGCGGTTA-1,OTI,1,194,2.290034611362518
ATACCCGCAAAGCCAA-1,OTI,2,18,1.2787536009528289
ATACCCGCAATCGAAG-1,C57BL6,0,0,0.0
ATACCCGCAATCGCCA-1,C57BL6,5,7,0.9030899869919435
ATACCCGCACGTACGC-1,OTI,2,64,1.8129133566428555
ATACCCGCACTCGTTC-1,OTI,1,3,0.6020599913279624
ATACCCGCAGCGGTCT-1,OTI,5,184,2.2671717284030137
ATACCCGCAGGTTTAC-1,OTI,3,85,1.9344984512435677
ATACCCTTCCAACCTT-1,C57BL6,0,0,0.0
ATACCCTTCGCCTTGC-1,OTI,0,0,0.0
ATACCCTTCGCGCATG-1,C57BL6,0,0,0.0
ATACCCTTCGCTCATT-1,C57BL6,3,34,1.5440680443502757
ATACCTACAAATCCGT-1,C57BL6,0,0,0.0
ATACCTACAATGTATT-1,OTI,4,225,2.3541084391474008
ATACCTACACGCACGT-1,C57BL6,2,11,1.0791812460476249
ATACCTACACTTAGCG-1,C57BL6,0,0,0.0
ATACCTACAGCGGTCT-1,C57BL6,0,0,0.0
ATACCTCTCAACTATA-1,C57BL6,0,0,0.0
ATACCTCTCAAGGTAA-1,OTI,0,0,0.0
ATACCTCTCACCACAA-1,OTI,6,166,2.2227164711475833
ATACCTCTCAGCGGTT-1,OTI,8,108,2.037426497940624
ATACCTCTCAGTATTA-1,C57BL6,1,10,1.0413926851582251
ATACCTCTCCCTGATT-1,OTI,0,0,0.0
ATACCTCTCCGTCGTC-1,OTI,3,18,1.2787536009528289
ATACCTCTCGCCATGG-1,OTI,0,0,0.0
ATACGAAAGCAAGCCT-1,C57BL6,0,0,0.0
ATACGAAAGCATTAGT-1,C57BL6,0,0,0.0
ATACGAAAGCGGTTTA-1,OTI,1,7,0.9030899869919435
ATACGAAAGGCAGGGT-1,C57BL6,0,0,0.0
ATACGAAAGGGACGTA-1,OTI,3,181,2.2600713879850747
ATACGCATCCGGCATG-1,C57BL6,0,0,0.0
ATACGCATCGCGTGCA-1,OTI,1,8,0.9542425094393249
ATACGCATCGTATGCA-1,OTI,0,0,0.0
ATACGCTCACACAGAA-1,OTI,6,112,2.0530784434834195
ATACGCTCACCCTAGA-1,C57BL6,1,5,0.7781512503836436
ATACGCTCACTAATCA-1,OTI,0,0,0.0
ATACGCTCAGCGACCT-1,OTI,5,360,2.5575072019056577
ATACGCTCAGGAATCA-1,OTI,2,141,2.1522883443830563
ATACGCTCAGTGCGGA-1,C57BL6,1,14,1.1760912590556813
ATACGGACAATGACCT-1,OTI,11,238,2.3783979009481375
ATACGGACACAAATCC-1,OTI,4,247,2.3944516808262164
ATACGGACAGGTAGCG-1,OTI,2,38,1.591064607026499
ATACGGGAGAATGTTC-1,C57BL6,0,0,0.0
ATACGGGAGACAAGTA-1,OTI,2,7,0.9030899869919435
ATACGGGAGACCAGGA-1,C57BL6,1,5,0.7781512503836436
ATACGGGAGCGTAATT-1,OTI,3,511,2.709269960975831
ATACGGGAGGGACGGT-1,OTI,2,79,1.9030899869919435
ATACGGGAGGGGATCA-1,OTI,1,22,1.3617278360175928
ATACGGGAGGTTCGAC-1,OTI,8,572,2.75815462196739
ATACGGTGTAAGTGCT-1,OTI,0,0,0.0
ATACGGTGTACTTTCG-1,OTI,2,34,1.5440680443502757
ATACGGTGTAGTATTG-1,C57BL6,0,0,0.0
ATACGGTGTAGTCCGA-1,OTI,2,139,2.146128035678238
ATACGGTGTATACCCC-1,OTI,6,169,2.230448921378274
ATACGGTGTCAATTAG-1,OTI,1,152,2.184691430817599
ATACGGTGTCCAGGTA-1,OTI,4,157,2.1986570869544226
ATACGGTGTCCAGTAG-1,C57BL6,0,0,0.0
ATACGGTGTCGCGGAT-1,OTI,1,8,0.9542425094393249
ATACGGTGTCGCTTTA-1,OTI,3,55,1.7481880270062005
ATACGGTGTGGAACGG-1,OTI,1,22,1.3617278360175928
ATACGGTGTGTCTTAT-1,OTI,2,11,1.0791812460476249
ATACGTAGTAAAGTGG-1,OTI,1,71,1.8573324964312685
ATACGTAGTAAGCATC-1,C57BL6,1,5,0.7781512503836436
ATACGTAGTACGGTCA-1,OTI,4,102,2.012837224705172
ATACGTAGTATACCCC-1,C57BL6,0,0,0.0
ATACGTAGTCGGAATT-1,OTI,2,47,1.6812412373755872
ATACGTAGTCGGTATG-1,OTI,4,42,1.6334684555795864
ATACGTAGTCTCATTG-1,C57BL6,0,0,0.0
ATACGTAGTGCTATAA-1,OTI,1,18,1.2787536009528289
ATACGTCCAAAAGCCA-1,OTI,2,15,1.2041199826559248
ATACGTCCACGTTAGT-1,C57BL6,0,0,0.0
ATACGTCCAGGTCTAT-1,OTI,6,792,2.8992731873176036
ATACGTGTCACGTCGG-1,OTI,2,27,1.4471580313422192
ATACGTGTCACTCCCA-1,OTI,2,66,1.8260748027008264
ATACGTGTCAGTATCG-1,OTI,2,82,1.919078092376074
ATACGTGTCATCGGAC-1,OTI,3,407,2.61066016308988
ATACGTGTCATGAAAG-1,OTI,6,261,2.4183012913197452
ATACGTGTCCCACTTG-1,OTI,1,226,2.3560258571931225
ATACGTGTCCCTGACC-1,OTI,7,128,2.110589710299249
ATACGTGTCCTATACC-1,C57BL6,0,0,0.0
ATACTAATCCACTTCG-1,OTI,1,24,1.3979400086720377
ATACTAATCCATGGGT-1,OTI,6,134,2.130333768495006
ATACTAATCCATTCAC-1,OTI,3,36,1.568201724066995
ATACTAATCCCGGTTC-1,C57BL6,0,0,0.0
ATACTAATCCCTTCGA-1,C57BL6,0,0,0.0
ATACTAATCGCGGCTA-1,OTI,0,0,0.0
ATACTAATCGGATGTC-1,OTI,0,0,0.0
ATACTAATCGTGAGCT-1,C57BL6,2,4,0.6989700043360189
ATACTAGGTAAGTGTC-1,OTI,2,51,1.7160033436347992
ATACTAGGTACAAGCT-1,OTI,2,11,1.0791812460476249
ATACTAGGTAGTGAGA-1,OTI,2,8,0.9542425094393249
ATACTAGGTCATCGGA-1,C57BL6,0,0,0.0
ATACTAGGTCGACTAG-1,OTI,1,12,1.1139433523068367
ATACTAGGTCTAAGTA-1,C57BL6,1,4,0.6989700043360189
ATACTAGGTGCCCTAT-1,OTI,4,40,1.6127838567197355
ATACTAGGTGGTTTCC-1,OTI,1,18,1.2787536009528289
ATACTAGGTGTGCGTA-1,C57BL6,0,0,0.0
ATACTCCTCACTTACC-1,OTI,5,73,1.8692317197309762
ATACTCCTCCTATCAC-1,OTI,1,115,2.0644579892269186
ATACTCCTCCTATGCT-1,OTI,4,246,2.392696953259666
ATACTCCTCCTGTTAC-1,OTI,1,47,1.6812412373755872
ATACTCCTCCTTATCA-1,OTI,3,43,1.6434526764861874
ATACTCCTCGGCCTCT-1,OTI,0,0,0.0
ATACTCCTCGTAGCTA-1,OTI,2,467,2.670245853074124
ATACTTCGTACAAGGA-1,OTI,3,52,1.724275869600789
ATACTTCGTACGCCGG-1,OTI,2,14,1.1760912590556813
ATACTTCGTAGCGTCA-1,OTI,2,10,1.0413926851582251
ATACTTCGTATAGGAG-1,OTI,2,176,2.247973266361807
ATACTTCGTATCATTC-1,OTI,0,0,0.0
ATACTTCGTATCGCGA-1,OTI,0,0,0.0
ATACTTCGTCCGTTGT-1,C57BL6,0,0,0.0
ATACTTCGTGCAATGT-1,OTI,4,108,2.037426497940624
ATACTTCGTGGTTCAG-1,OTI,1,4,0.6989700043360189
ATACTTCGTGTCTGAG-1,C57BL6,0,0,0.0
ATAGCAGCAAAAGGCC-1,OTI,0,0,0.0
ATAGCAGCAACTTAGC-1,OTI,4,17,1.255272505103306
ATAGCAGCAATCGAAG-1,C57BL6,2,14,1.1760912590556813
ATAGCAGCAATTAAGA-1,OTI,0,0,0.0
ATAGCAGCACTATACA-1,OTI,5,139,2.146128035678238
ATAGCAGCACTCGGGT-1,OTI,0,0,0.0
ATAGCAGCAGCATTTA-1,OTI,4,670,2.826722520168992
ATAGCAGCAGCCCAAC-1,C57BL6,1,4,0.6989700043360189
ATAGCAGCAGGACGCA-1,OTI,5,188,2.2764618041732443
ATAGCATTCATATCCC-1,C57BL6,0,0,0.0
ATAGCATTCCCGGGTA-1,OTI,1,48,1.6901960800285136
ATAGCATTCGCCCGTT-1,OTI,0,0,0.0
ATAGCCTCAAATGACG-1,OTI,2,12,1.1139433523068367
ATAGCCTCAATAAGTA-1,OTI,6,38,1.591064607026499
ATAGCCTCACATGAAG-1,OTI,8,374,2.574031267727719
ATAGCCTCACCACACA-1,C57BL6,2,9,1.0
ATAGCCTCACTAGTTA-1,C57BL6,0,0,0.0
ATAGCCTCAGCAACTT-1,C57BL6,0,0,0.0
ATAGCCTCAGCTGTAT-1,C57BL6,2,21,1.3424226808222062
ATAGCCTCAGGAATCA-1,OTI,2,270,2.432969290874406
ATAGCCTCAGTGTGGG-1,OTI,2,46,1.6720978579357175
ATAGCGACAACCCACA-1,OTI,3,50,1.7075701760979363
ATAGCGACAATACCCG-1,OTI,3,51,1.7160033436347992
ATAGCGACAATGATCC-1,C57BL6,1,9,1.0
ATAGCGACACCAAGGG-1,OTI,8,12,1.1139433523068367
ATAGCGACACGCACTA-1,OTI,3,78,1.8976270912904414
ATAGCGACACTGTAAC-1,OTI,5,65,1.8195439355418688
ATAGCGACACTTAAGC-1,C57BL6,1,14,1.1760912590556813
ATAGCGACAGCGGTAG-1,OTI,2,4,0.6989700043360189
ATAGCGACAGTATGCT-1,OTI,2,19,1.3010299956639813
ATAGCGCTCACACAAT-1,OTI,0,0,0.0
ATAGCGCTCAGAGAAC-1,OTI,7,49,1.6989700043360187
ATAGCGCTCATGGCAC-1,OTI,2,9,1.0
ATAGCGCTCGGACACT-1,C57BL6,0,0,0.0
ATAGCGGAGAATGTTC-1,C57BL6,0,0,0.0
ATAGCGGAGACCCTAA-1,OTI,1,24,1.3979400086720377
ATAGCGGAGATCAGGG-1,C57BL6,3,3,0.6020599913279624
ATAGCGGAGCGCCAAT-1,OTI,8,134,2.130333768495006
ATAGCGGAGGTAATGA-1,OTI,4,31,1.505149978319906
ATAGCGGAGGTGCCCA-1,OTI,0,0,0.0
ATAGCGTGTAACTAGC-1,OTI,4,39,1.6020599913279623
ATAGCGTGTCCAAAGT-1,C57BL6,0,0,0.0
ATAGCGTGTCCGATAG-1,C57BL6,0,0,0.0
ATAGCGTGTCTTAGGG-1,C57BL6,0,0,0.0
ATAGCGTGTGCGTCTT-1,OTI,8,25,1.414973347970818
ATAGCGTGTGGCGCTG-1,C57BL6,1,1,0.3010299956639812
ATAGGAGGTAACTTCT-1,OTI,2,105,2.0253058652647704
ATAGGAGGTACCTTTG-1,C57BL6,2,16,1.2304489213782739
ATAGGAGGTACGCATG-1,OTI,2,71,1.8573324964312685
ATAGGAGGTATCGAGT-1,OTI,2,147,2.1702617153949575
ATAGGAGGTCACGAAT-1,C57BL6,1,1,0.3010299956639812
ATAGGAGGTCGTCTTA-1,OTI,8,89,1.954242509439325
ATAGGAGGTGGAACGG-1,OTI,9,181,2.2600713879850747
ATAGGAGGTGGACTGC-1,OTI,0,0,0.0
ATAGGAGGTGTTGGAT-1,C57BL6,0,0,0.0
ATAGGCACAACATGCT-1,C57BL6,0,0,0.0
ATAGGCACAACCCCAA-1,OTI,1,229,2.361727836017593
ATAGGCACAATCGAAG-1,C57BL6,0,0,0.0
ATAGGCACACAGCAGG-1,C57BL6,0,0,0.0
ATAGGCACACCACGGT-1,OTI,3,54,1.7403626894942439
ATAGGCACACGACCTA-1,C57BL6,0,0,0.0
ATAGGCACACTAGGGG-1,C57BL6,2,32,1.5185139398778875
ATAGGCACAGCGCTAC-1,C57BL6,0,0,0.0
ATAGGCGAGAGGAGCC-1,OTI,5,235,2.3729120029701067
ATAGGCGAGAGGGATT-1,OTI,1,5,0.7781512503836436
ATAGGCGAGAGGTACG-1,C57BL6,0,0,0.0
ATAGGCGAGATGGCGA-1,OTI,2,102,2.012837224705172
ATAGGCGAGCAACCGT-1,C57BL6,1,1,0.3010299956639812
ATAGGCTGTAGGCCCG-1,C57BL6,0,0,0.0
ATAGGCTGTCAGCCCC-1,OTI,0,0,0.0
ATAGGCTGTCATTCTG-1,OTI,3,104,2.0211892990699383
ATAGGCTGTCTGTGAG-1,C57BL6,1,7,0.9030899869919435
ATAGGCTGTGCGTAGC-1,OTI,4,23,1.380211241711606
ATAGGGAGTATTCTGT-1,OTI,2,355,2.5514499979728753
ATAGGGAGTGGGTAGG-1,OTI,1,117,2.0718820073061255
ATAGGGAGTGGGTGAG-1,OTI,1,4,0.6989700043360189
ATAGGGAGTGTACTCC-1,OTI,8,197,2.296665190261531
ATAGGGCCAATAGGCA-1,OTI,1,5,0.7781512503836436
ATAGGGCCAGCTTTAA-1,OTI,3,15,1.2041199826559248
ATAGGGCCAGTATAGG-1,OTI,1,10,1.0413926851582251
ATAGGGGTCAATTCCC-1,OTI,7,279,2.4471580313422194
ATAGGGGTCACCAAAT-1,OTI,4,36,1.568201724066995
ATAGGGGTCAGGGACA-1,C57BL6,0,0,0.0
ATAGGGGTCAGTACGC-1,C57BL6,0,0,0.0
ATAGGGGTCAGTGCTA-1,C57BL6,0,0,0.0
ATAGGGGTCCAATTCC-1,C57BL6,1,9,1.0
ATAGGGGTCCGGTCAG-1,OTI,3,98,1.99563519459755
ATAGGGGTCGTATCGA-1,OTI,1,124,2.0969100130080562
ATAGGGGTCGTCTCCA-1,OTI,3,21,1.3424226808222062
ATAGGGTAGACAACGG-1,C57BL6,0,0,0.0
ATAGGGTAGATGCTCA-1,OTI,5,62,1.7993405494535817
ATAGGGTAGGCGAATG-1,C57BL6,0,0,0.0
ATAGGGTAGGTAGAGT-1,OTI,5,121,2.0863598306747484
ATAGGGTAGGTAGTTT-1,C57BL6,0,0,0.0
ATAGTAACAACGCCAC-1,OTI,7,70,1.8512583487190752
ATAGTAACAATGCGAA-1,C57BL6,0,0,0.0
ATAGTAACACCTAGCA-1,OTI,2,167,2.225309281725863
ATAGTAACACGGCTTA-1,OTI,0,0,0.0
ATAGTAACACTAATCA-1,OTI,0,0,0.0
ATAGTAACACTATTCT-1,OTI,3,13,1.146128035678238
ATAGTAACACTTAACA-1,C57BL6,0,0,0.0
ATAGTACTCAAAGGTA-1,OTI,0,0,0.0
ATAGTACTCACGCAGT-1,C57BL6,0,0,0.0
ATAGTACTCAGTATGT-1,OTI,1,3,0.6020599913279624
ATAGTACTCCGGTTAA-1,OTI,1,6,0.8450980400142568
ATAGTACTCGCGAAAG-1,OTI,1,10,1.0413926851582251
ATAGTACTCGGACCCA-1,OTI,3,25,1.414973347970818
ATAGTACTCGGGTTCG-1,C57BL6,0,0,0.0
ATAGTACTCGGTACTA-1,OTI,4,166,2.2227164711475833
ATAGTACTCGTCTTAC-1,C57BL6,1,2,0.47712125471966244
ATAGTAGAGGTTCGAC-1,OTI,0,0,0.0
ATAGTCAGTAGCTTGG-1,C57BL6,0,0,0.0
ATAGTCAGTATCGCAG-1,C57BL6,0,0,0.0
ATAGTCAGTATCGTGG-1,OTI,8,283,2.4533183400470375
ATAGTCAGTCACGTAG-1,OTI,2,20,1.3222192947339193
ATAGTCAGTCTCGGTT-1,OTI,0,0,0.0
ATAGTCAGTGCATGGC-1,OTI,0,0,0.0
ATAGTCAGTGCGTCTT-1,C57BL6,2,7,0.9030899869919435
ATAGTCAGTGGTAGTT-1,OTI,3,17,1.255272505103306
ATAGTCGTCAATGGTT-1,OTI,9,270,2.432969290874406
ATAGTCGTCAGGAAAC-1,OTI,3,48,1.6901960800285136
ATAGTCGTCATAACTA-1,C57BL6,1,11,1.0791812460476249
ATAGTCGTCATCAGGC-1,OTI,0,0,0.0
ATAGTCGTCGGCCATG-1,OTI,4,35,1.5563025007672873
ATAGTCGTCGTTGACA-1,OTI,3,28,1.462397997898956
ATAGTGAAGATATACC-1,OTI,4,44,1.6532125137753437
ATAGTGAAGATCGTAT-1,OTI,4,520,2.7168377232995247
ATAGTGAAGATGCTCA-1,C57BL6,1,9,1.0
ATAGTGAAGCAAATGA-1,OTI,3,264,2.423245873936808
ATAGTGAAGCCCAACG-1,OTI,2,76,1.8864907251724818
ATAGTGAAGCGGTTTA-1,OTI,2,399,2.6020599913279625
ATAGTGAAGGTAGACG-1,OTI,8,120,2.0827853703164503
ATAGTGCGTATTCGGG-1,OTI,2,13,1.146128035678238
ATAGTGCGTGCTTCGT-1,C57BL6,0,0,0.0
ATAGTGCGTGGCCTGG-1,OTI,1,42,1.6334684555795864
ATAGTGCGTGGGTATT-1,C57BL6,0,0,0.0
ATAGTGCGTGTCGATG-1,OTI,2,29,1.4771212547196624
ATAGTGTTCAAACCCA-1,OTI,7,297,2.4742162640762553
ATAGTGTTCCAAGACC-1,OTI,0,0,0.0
ATAGTGTTCCGTTTCG-1,C57BL6,0,0,0.0
ATAGTGTTCCTCTGGC-1,C57BL6,0,0,0.0
ATAGTGTTCCTGCACC-1,C57BL6,0,0,0.0
ATAGTGTTCGCTACTT-1,C57BL6,0,0,0.0
ATAGTGTTCGTCAACA-1,OTI,3,258,2.413299764081252
ATATACCAGAACGTAA-1,OTI,2,44,1.6532125137753437
ATATACCAGACGGGTA-1,C57BL6,0,0,0.0
ATATACCAGATATACC-1,OTI,5,92,1.968482948553935
ATATACCAGCATTCAG-1,OTI,7,64,1.8129133566428555
ATATACCAGGCTCTAA-1,C57BL6,0,0,0.0
ATATACCAGGCTGGTT-1,OTI,3,137,2.1398790864012365
ATATCACAGCATAACT-1,OTI,3,22,1.3617278360175928
ATATCACAGCGTTACA-1,OTI,0,0,0.0
ATATCACAGCTCGAAC-1,OTI,3,25,1.414973347970818
ATATCACAGCTCTGGG-1,OTI,0,0,0.0
ATATCACAGGTCCGCA-1,OTI,0,0,0.0
ATATCACAGGTCCTCC-1,OTI,0,0,0.0
ATATCAGGTAATCCCC-1,OTI,1,1,0.3010299956639812
ATATCAGGTACCACTC-1,OTI,2,25,1.414973347970818
ATATCAGGTACGCAAT-1,OTI,2,13,1.146128035678238
ATATCAGGTACTGCGA-1,C57BL6,1,1,0.3010299956639812
ATATCAGGTATAAGGG-1,C57BL6,0,0,0.0
ATATCAGGTCAACTCC-1,C57BL6,0,0,0.0
ATATCAGGTCATTTCG-1,C57BL6,0,0,0.0
ATATCAGGTCCGTGTT-1,C57BL6,0,0,0.0
ATATCAGGTGCTTGCT-1,OTI,5,149,2.1760912590556813
ATATCATCAAGAATAC-1,OTI,1,35,1.5563025007672873
ATATCATCACACAGAA-1,OTI,0,0,0.0
ATATCATCAGCCATAT-1,OTI,2,25,1.414973347970818
ATATCATCAGCTTACG-1,OTI,1,68,1.8388490907372552
ATATCATCAGTCCTAG-1,C57BL6,0,0,0.0
ATATCCCTCAATTGGT-1,OTI,1,3,0.6020599913279624
ATATCCCTCCAATTCC-1,OTI,2,54,1.7403626894942439
ATATCCCTCCCACCTA-1,OTI,2,2,0.47712125471966244
ATATCCCTCCCTAGGG-1,C57BL6,0,0,0.0
ATATCCCTCGGACACT-1,C57BL6,2,4,0.6989700043360189
ATATCCCTCGGGGTAA-1,C57BL6,2,2,0.47712125471966244
ATATCCCTCGGGTCCA-1,OTI,3,9,1.0
ATATCCCTCGGTTAAT-1,OTI,1,46,1.6720978579357175
ATATCCTGTGGTTGGC-1,C57BL6,1,23,1.380211241711606
ATATCCTGTGTAACGT-1,C57BL6,0,0,0.0
ATATCTGCAAGTCTTA-1,OTI,1,21,1.3424226808222062
ATATCTGCACAACGGG-1,C57BL6,1,6,0.8450980400142568
ATATCTGCACCTTCTA-1,C57BL6,1,2,0.47712125471966244
ATATCTGCACTATCCC-1,C57BL6,1,10,1.0413926851582251
ATATCTGCACTTAAAT-1,OTI,3,14,1.1760912590556813
ATATCTGCAGGCTACC-1,C57BL6,1,5,0.7781512503836436
ATATCTGCAGTGAGGT-1,OTI,2,19,1.3010299956639813
ATATCTGCAGTTGGTT-1,OTI,6,140,2.1492191126553797
ATATGAGAGATGAAGC-1,OTI,2,19,1.3010299956639813
ATATGAGAGGCAACAG-1,C57BL6,0,0,0.0
ATATGCCCACCTGACA-1,OTI,3,387,2.5888317255942073
ATATGGCGTATGTGTA-1,OTI,2,34,1.5440680443502757
ATATGGCGTCAATTCT-1,OTI,2,68,1.8388490907372552
ATATGGCGTCACCCTG-1,OTI,3,66,1.8260748027008264
ATATGGCGTCATCATT-1,OTI,1,42,1.6334684555795864
ATATGGCGTCGCGGAT-1,OTI,3,85,1.9344984512435677
ATATGGCGTCGTTGCT-1,C57BL6,0,0,0.0
ATATGGCGTCTAAAGC-1,OTI,3,59,1.7781512503836436
ATATGGCGTGCTCGGG-1,OTI,9,91,1.9637878273455553
ATATGGTTCATAGTCG-1,OTI,0,0,0.0
ATATGGTTCCACAACA-1,OTI,2,12,1.1139433523068367
ATATGGTTCCGGGATT-1,OTI,1,8,0.9542425094393249
ATATGGTTCCGTACAA-1,OTI,2,30,1.4913616938342726
ATATGTATCACTATCC-1,OTI,8,69,1.845098040014257
ATATGTATCAGCGCAT-1,C57BL6,0,0,0.0
ATATGTATCAGCGGTT-1,C57BL6,1,2,0.47712125471966244
ATATGTATCATGGTAT-1,C57BL6,0,0,0.0
ATATGTATCCCATCAT-1,OTI,0,0,0.0
ATATGTATCCGACCCT-1,OTI,5,89,1.954242509439325
ATATGTATCCGCACTC-1,OTI,5,122,2.089905111439398
ATATGTATCCTCGGCT-1,OTI,3,81,1.9138138523837167
ATATGTATCCTTATGC-1,C57BL6,0,0,0.0
ATATGTATCGGGTCCA-1,C57BL6,0,0,0.0
ATATGTGGTACATTAG-1,OTI,5,12,1.1139433523068367
ATATGTGGTACCAGAT-1,OTI,1,2,0.47712125471966244
ATATGTGGTACCATCC-1,C57BL6,6,57,1.7634279935629373
ATATGTGGTCCGAAAT-1,OTI,0,0,0.0
ATATGTGGTCGCTTGT-1,C57BL6,2,75,1.8808135922807914
ATATGTGGTGCCTCTG-1,OTI,0,0,0.0
ATATGTGGTGGTTTGG-1,OTI,1,224,2.3521825181113627
ATATGTTCAACACAGA-1,OTI,1,269,2.4313637641589874
ATATGTTCAACCTAAC-1,C57BL6,1,10,1.0413926851582251
ATATGTTCACATTTAG-1,OTI,2,39,1.6020599913279623
ATATGTTCACCAGGCT-1,OTI,2,18,1.2787536009528289
ATATGTTCACGCGTTA-1,C57BL6,1,2,0.47712125471966244
ATATTAGTCAACTGCA-1,OTI,1,6,0.8450980400142568
ATATTAGTCATATTAG-1,OTI,2,57,1.7634279935629373
ATATTAGTCCCACAGG-1,OTI,2,37,1.5797835966168101
ATATTCCGTCAGGCGT-1,C57BL6,3,11,1.0791812460476249
ATATTCCGTCTTATGT-1,C57BL6,1,6,0.8450980400142568
ATATTCGCAAAATGAC-1,OTI,2,1629,3.2121876044039577
ATATTCGCAACCTTAA-1,C57BL6,0,0,0.0
ATATTCGCAATGACAG-1,OTI,3,29,1.4771212547196624
ATATTCGCAATGCACT-1,OTI,3,11,1.0791812460476249
ATATTCGCAATGCCCA-1,OTI,2,19,1.3010299956639813
ATATTCGCACGAACCC-1,C57BL6,0,0,0.0
ATATTGCAGAAGCGTG-1,OTI,3,4,0.6989700043360189
ATATTGCAGATAAGCA-1,OTI,4,25,1.414973347970818
ATATTGCAGATGAAGC-1,OTI,2,10,1.0413926851582251
ATATTGCAGCAGCGTT-1,OTI,1,9,1.0
ATATTGCAGCAGCTAC-1,OTI,2,193,2.287801729930226
ATATTGCAGCCATGCG-1,OTI,4,93,1.9731278535996986
ATATTGCAGCCGGATT-1,OTI,0,0,0.0
ATATTGCAGCCGTCGA-1,OTI,1,2,0.47712125471966244
ATATTGCAGGGGTACA-1,OTI,8,107,2.03342375548695
ATATTGCAGGTATCCA-1,OTI,6,250,2.399673721481038
ATATTGGGTAAGCATC-1,OTI,3,39,1.6020599913279623
ATATTGGGTACATTTC-1,OTI,1,13,1.146128035678238
ATCAACCCACTCCATC-1,OTI,1,9,1.0
ATCAACCCAGGACGCA-1,C57BL6,0,0,0.0
ATCAACCCAGTGATTC-1,OTI,0,0,0.0
ATCAAGGCAAAGCCGG-1,OTI,13,458,2.661812685537261
ATCAAGGCACGCAACC-1,OTI,3,326,2.514547752660286
ATCAAGGCAGCACCTA-1,OTI,2,86,1.9395192526186185
ATCAAGGCAGCATCGC-1,OTI,2,16,1.2304489213782739
ATCAAGGCAGTACGCC-1,OTI,3,15,1.2041199826559248
ATCAATATCAAACCAT-1,OTI,0,0,0.0
ATCAATATCACAGTTG-1,OTI,2,17,1.255272505103306
ATCAATATCCGTGTCC-1,OTI,3,9,1.0
ATCAATATCCTAAAGT-1,OTI,2,23,1.380211241711606
ATCAATATCCTAGCCC-1,OTI,13,560,2.7489628612561616
ATCAATATCGGAAGCA-1,OTI,0,0,0.0
ATCAATATCGGTGTCG-1,C57BL6,0,0,0.0
ATCAATGGTATACTAG-1,C57BL6,0,0,0.0
ATCAATGGTATCAGTA-1,OTI,2,76,1.8864907251724818
ATCAATGGTATCCGCT-1,OTI,0,0,0.0
ATCAATGGTCGTATAA-1,C57BL6,0,0,0.0
ATCAATGGTGCTGGGT-1,C57BL6,2,8,0.9542425094393249
ATCAATGGTGTCGATG-1,OTI,3,41,1.6232492903979006
ATCACATAGACACATT-1,C57BL6,0,0,0.0
ATCACATAGCACGCCA-1,C57BL6,0,0,0.0
ATCACATAGCGCTGCA-1,OTI,6,214,2.3324384599156054
ATCACATAGCGTTGTA-1,OTI,1,11,1.0791812460476249
ATCACATAGCTAGTGC-1,C57BL6,1,23,1.380211241711606
ATCACATAGGCAATCC-1,C57BL6,0,0,0.0
ATCACATAGGCTACCG-1,OTI,0,0,0.0
ATCACATAGGGGATTG-1,C57BL6,1,21,1.3424226808222062
ATCACATAGGTAAGGT-1,OTI,3,646,2.8109042806687006
ATCACCCGTACCCCAT-1,C57BL6,0,0,0.0
ATCACCCGTCACTTTG-1,C57BL6,1,5,0.7781512503836436
ATCACCCGTCAGTCAG-1,OTI,2,33,1.5314789170422551
ATCACCCGTCTGACTC-1,OTI,6,63,1.806179973983887
ATCACCCGTGCCTTGT-1,C57BL6,1,16,1.2304489213782739
ATCACCCGTGCGAAGG-1,C57BL6,0,0,0.0
ATCACCCGTGGAGCCT-1,C57BL6,0,0,0.0
ATCACGGGTAAACTGC-1,OTI,2,481,2.6830470382388496
ATCACGGGTAATGGAG-1,OTI,3,38,1.591064607026499
ATCACGGGTACTACTT-1,C57BL6,0,0,0.0
ATCACGGGTAGGGTAA-1,C57BL6,0,0,0.0
ATCACGGGTAGTACGT-1,OTI,3,21,1.3424226808222062
ATCACGGGTATCGTGG-1,C57BL6,0,0,0.0
ATCACGGGTCCCTAGT-1,OTI,2,19,1.3010299956639813
ATCACGGGTCCTTTGA-1,OTI,2,8,0.9542425094393249
ATCACGGGTCGATTCC-1,OTI,3,145,2.164352855784437
ATCACGGGTCTGGCCC-1,OTI,2,28,1.462397997898956
ATCACGGGTCTGGTCT-1,OTI,3,270,2.432969290874406
ATCACGGGTCTTCTAG-1,C57BL6,0,0,0.0
ATCACGGGTGTCCCGC-1,C57BL6,2,11,1.0791812460476249
ATCACGGGTGTGTTAA-1,OTI,4,55,1.7481880270062005
ATCACGGGTGTTACTT-1,C57BL6,2,24,1.3979400086720377
ATCACGGGTGTTCTAT-1,OTI,4,48,1.6901960800285136
ATCACGTCAAGCGCAG-1,C57BL6,0,0,0.0
ATCACGTCACTTCTAT-1,OTI,6,518,2.7151673578484576
ATCACGTCAGCTACAT-1,OTI,4,112,2.0530784434834195
ATCACGTCAGTATTAT-1,C57BL6,0,0,0.0
ATCACTACAACTCGAT-1,C57BL6,1,3,0.6020599913279624
ATCACTACAAGCCGAG-1,C57BL6,0,0,0.0
ATCACTACAATAGCGA-1,C57BL6,0,0,0.0
ATCACTACACTACATA-1,OTI,5,1229,3.089905111439398
ATCACTCTCAAATCCG-1,OTI,5,49,1.6989700043360187
ATCACTCTCAACCCAA-1,C57BL6,1,34,1.5440680443502757
ATCACTCTCCTCCTCT-1,OTI,5,177,2.250420002308894
ATCACTCTCGGACACT-1,OTI,5,134,2.130333768495006
ATCACTCTCGGCAACT-1,OTI,1,14,1.1760912590556813
ATCAGAGCAAGGGGAA-1,OTI,4,566,2.7535830588929064
ATCAGAGCAATCGTCG-1,OTI,3,374,2.574031267727719
ATCAGAGCACACGTCA-1,C57BL6,0,0,0.0
ATCAGAGCACCTAGAT-1,OTI,4,102,2.012837224705172
ATCAGAGCACGAAGGT-1,OTI,3,22,1.3617278360175928
ATCAGAGCAGCAGGAT-1,OTI,3,96,1.9867717342662448
ATCAGAGCAGCGCACT-1,OTI,1,8,0.9542425094393249
ATCAGAGCAGTTAACC-1,C57BL6,0,0,0.0
ATCAGCATCAACGCTA-1,C57BL6,0,0,0.0
ATCAGCATCAGCGCCA-1,OTI,2,54,1.7403626894942439
ATCAGCATCATGGCGT-1,OTI,4,35,1.5563025007672873
ATCAGCATCCTATCCG-1,C57BL6,0,0,0.0
ATCAGCATCCTCCGAC-1,C57BL6,0,0,0.0
ATCAGCATCGTGGGTT-1,C57BL6,0,0,0.0
ATCAGCGGTCCACGGG-1,OTI,4,380,2.5809249756756194
ATCAGCGGTCGACAGC-1,C57BL6,1,25,1.414973347970818
ATCAGCGGTCTCTAGC-1,OTI,0,0,0.0
ATCAGCGGTGTTATAG-1,OTI,0,0,0.0
ATCAGCTCAAAGGACC-1,OTI,3,168,2.2278867046136734
ATCAGCTCACCAGCTA-1,OTI,2,35,1.5563025007672873
ATCAGCTCACCCTATC-1,OTI,4,49,1.6989700043360187
ATCAGCTCACCGTACA-1,C57BL6,0,0,0.0
ATCAGCTCAGCGGACA-1,OTI,2,21,1.3424226808222062
ATCAGCTCAGCTACAT-1,OTI,4,421,2.625312450961674
ATCAGCTCAGCTACGC-1,OTI,4,167,2.225309281725863
ATCAGGACAAACACCT-1,OTI,1,15,1.2041199826559248
ATCAGGACACCTTCCG-1,C57BL6,1,6,0.8450980400142568
ATCAGGACACTATTCT-1,C57BL6,0,0,0.0
ATCAGGACAGTCAAGA-1,OTI,2,9,1.0
ATCAGGCTCATTAACA-1,C57BL6,0,0,0.0
ATCAGGGAGACATGGG-1,OTI,1,4,0.6989700043360189
ATCAGGGAGAGCGGTA-1,OTI,4,62,1.7993405494535817
ATCAGGGAGCCCTTAT-1,OTI,3,166,2.2227164711475833
ATCAGGTGTATCATGA-1,OTI,2,114,2.060697840353612
ATCAGGTGTCAGGCCG-1,OTI,3,73,1.8692317197309762
ATCAGGTGTCAGTGCA-1,C57BL6,0,0,0.0
ATCAGGTGTCTTGGAG-1,C57BL6,0,0,0.0
ATCAGGTGTGGTGGAG-1,OTI,0,0,0.0
ATCAGTAGTAACTTTC-1,C57BL6,0,0,0.0
ATCAGTAGTACGTCAG-1,OTI,2,58,1.7708520116421442
ATCAGTAGTATAAGCC-1,OTI,3,18,1.2787536009528289
ATCAGTAGTCATCGAG-1,OTI,4,23,1.380211241711606
ATCAGTAGTCCACGGG-1,OTI,4,374,2.574031267727719
ATCAGTAGTCCTTAAT-1,OTI,2,32,1.5185139398778875
ATCAGTCCAAAACTAA-1,OTI,3,6,0.8450980400142568
ATCAGTCCAAGGTTCT-1,OTI,7,366,2.5646660642520893
ATCAGTCCACGGTGCT-1,OTI,5,127,2.1072099696478683
ATCAGTCCACTCGGAC-1,OTI,1,1,0.3010299956639812
ATCAGTCCAGTAAAGT-1,OTI,1,6,0.8450980400142568
ATCAGTCCAGTTGAAG-1,OTI,6,52,1.724275869600789
ATCATCACAAAGTACG-1,OTI,4,231,2.3654879848909
ATCATCACAACTGCAT-1,OTI,1,1,0.3010299956639812
ATCATCACAAGTGTTC-1,OTI,2,71,1.8573324964312685
ATCATCACACAATTCA-1,C57BL6,0,0,0.0
ATCATCACACAGCACC-1,OTI,0,0,0.0
ATCATCACACGCTCAA-1,OTI,5,101,2.0086001717619175
ATCATCACACGGCAAG-1,OTI,6,205,2.3138672203691533
ATCATCACAGTACGGG-1,OTI,1,91,1.9637878273455553
ATCATCCTCAAAGCCC-1,OTI,1,12,1.1139433523068367
ATCATCCTCACGAACC-1,OTI,3,184,2.2671717284030137
ATCATCCTCCTATGTC-1,C57BL6,1,17,1.255272505103306
ATCATCCTCGCCCGTT-1,OTI,1,3,0.6020599913279624
ATCATCCTCGTGGTTA-1,OTI,3,8,0.9542425094393249
ATCATCGAGACACCCG-1,OTI,4,88,1.9493900066449128
ATCATCGAGAGCGACA-1,OTI,1,4,0.6989700043360189
ATCATCGAGATCGGAG-1,OTI,2,74,1.8750612633917
ATCATCGAGCATTACG-1,OTI,1,4,0.6989700043360189
ATCATCGAGGCCATCG-1,C57BL6,1,5,0.7781512503836436
ATCATCTGTACGTCAG-1,OTI,1,5,0.7781512503836436
ATCATCTGTAGGAGGT-1,OTI,1,64,1.8129133566428555
ATCATCTGTAGTCCAG-1,OTI,0,0,0.0
ATCATCTGTATGTTAG-1,C57BL6,0,0,0.0
ATCATCTGTCATAGGT-1,C57BL6,1,11,1.0791812460476249
ATCATCTGTCCTGTCG-1,OTI,3,101,2.0086001717619175
ATCATCTGTCTATCCA-1,OTI,2,1183,3.073351702386901
ATCATCTGTCTATTGT-1,OTI,1,311,2.494154594018443
ATCATCTGTGCTTAGG-1,OTI,4,48,1.6901960800285136
ATCATCTGTGGATATC-1,C57BL6,2,2,0.47712125471966244
ATCATCTGTGTAACGT-1,C57BL6,1,11,1.0791812460476249
ATCATGAGTAAGGTCT-1,C57BL6,1,9,1.0
ATCATGAGTAGGCTTG-1,OTI,2,22,1.3617278360175928
ATCATGAGTATGATGC-1,OTI,3,91,1.9637878273455553
ATCATGAGTATTCGTT-1,C57BL6,2,17,1.255272505103306
ATCATGAGTGTCCCAT-1,OTI,5,81,1.9138138523837167
ATCATGAGTGTCCCTG-1,OTI,1,523,2.7193312869837265
ATCATGCCAACGAGAC-1,OTI,6,525,2.7209857441537393
ATCATGCCAACGCGAG-1,OTI,1,27,1.4471580313422192
ATCATGCCAACTCACG-1,OTI,6,420,2.6242820958356683
ATCATGCCAACTTAAT-1,OTI,2,24,1.3979400086720377
ATCATGCCAATCGCGC-1,OTI,2,231,2.3654879848909
ATCATGCCACCTGCTT-1,OTI,0,0,0.0
ATCATGCCACGCGTAC-1,C57BL6,0,0,0.0
ATCATGCCACTCTCCG-1,OTI,4,158,2.2013971243204513
ATCATGCCACTGGGCT-1,OTI,7,87,1.9444826721501687
ATCATGCCAGGCGACA-1,C57BL6,1,3,0.6020599913279624
ATCATTCGTATAAGCC-1,OTI,3,81,1.9138138523837167
ATCATTCGTCATCTAT-1,OTI,0,0,0.0
ATCATTGCAACTGAAG-1,OTI,3,28,1.462397997898956
ATCATTGCACCAGGGA-1,OTI,0,0,0.0
ATCATTGCACCTTCTA-1,OTI,1,13,1.146128035678238
ATCATTGCACGAGTAA-1,OTI,2,46,1.6720978579357175
ATCATTGCAGCTAGGG-1,OTI,4,8,0.9542425094393249
ATCCAACCAAATCGAG-1,OTI,3,81,1.9138138523837167
ATCCAACCAACGCTCA-1,C57BL6,0,0,0.0
ATCCAACCAACGTTAC-1,OTI,2,76,1.8864907251724818
ATCCAACCAATTAAAG-1,OTI,8,86,1.9395192526186185
ATCCAACCACAAGACA-1,OTI,1,61,1.792391689498254
ATCCAACCACATTCCC-1,C57BL6,1,8,0.9542425094393249
ATCCAACCACGCTCAA-1,OTI,2,13,1.146128035678238
ATCCAACCAGCCAACC-1,OTI,1,17,1.255272505103306
ATCCAACCAGCCCTAA-1,C57BL6,5,11,1.0791812460476249
ATCCAACCAGTGTAAG-1,OTI,0,0,0.0
ATCCAATAGACAGCGA-1,OTI,1,9,1.0
ATCCAATAGAGCGGAC-1,OTI,4,99,2.0
ATCCACAAGAAGCGAT-1,OTI,4,140,2.1492191126553797
ATCCACAAGCAGCGTT-1,OTI,2,196,2.294466226161593
ATCCACAAGCGGTTCG-1,OTI,1,3,0.6020599913279624
ATCCACAAGCTACATG-1,OTI,0,0,0.0
ATCCACAAGGCAGGGT-1,OTI,0,0,0.0
ATCCACAAGGGAGTAT-1,OTI,7,461,2.6646419755561257
ATCCAGGGTAGGCCGT-1,C57BL6,0,0,0.0
ATCCAGGGTATCGCAG-1,OTI,2,1717,3.2350231594952237
ATCCAGGGTCAAAGCT-1,C57BL6,3,3,0.6020599913279624
ATCCAGGGTCAGCAAT-1,C57BL6,3,29,1.4771212547196624
ATCCAGGGTCGTAGGC-1,OTI,8,31,1.505149978319906
ATCCAGGGTGGGCAAG-1,OTI,4,37,1.5797835966168101
ATCCAGGGTGTCTCCG-1,OTI,5,63,1.806179973983887
ATCCCAAAGAACTTCG-1,OTI,2,14,1.1760912590556813
ATCCCAAAGCACGTCG-1,C57BL6,0,0,0.0
ATCCCAAAGCTAGCTA-1,OTI,1,54,1.7403626894942439
ATCCCAAAGGCTCATA-1,OTI,6,263,2.4216039268698313
ATCCCATTCAGTTATA-1,OTI,3,113,2.0569048513364727
ATCCCATTCCCGGCTT-1,OTI,5,172,2.2380461031287955
ATCCCATTCCCTTTAA-1,OTI,1,2,0.47712125471966244
ATCCCATTCCGGAAAG-1,C57BL6,0,0,0.0
ATCCCCATCAAACCTG-1,OTI,3,148,2.173186268412274
ATCCCCATCACTTCCG-1,OTI,0,0,0.0
ATCCCCATCCAATCAG-1,OTI,0,0,0.0
ATCCCCATCCGCCCAT-1,OTI,7,195,2.292256071356476
ATCCCCATCCTTGTCG-1,C57BL6,0,0,0.0
ATCCCCATCGGACGTT-1,C57BL6,0,0,0.0
ATCCCCATCGTCAACA-1,C57BL6,2,13,1.146128035678238
ATCCCCGGTAAGCCAT-1,OTI,9,186,2.271841606536499
ATCCCCGGTACCACAG-1,C57BL6,0,0,0.0
ATCCCCGGTCGTATAA-1,OTI,5,72,1.863322860120456
ATCCCCGGTCTATAAG-1,C57BL6,0,0,0.0
ATCCCCGGTGCGTAGC-1,C57BL6,0,0,0.0
ATCCCGACAACTAACC-1,OTI,8,42,1.6334684555795864
ATCCCGACACAGTAAG-1,OTI,2,9,1.0
ATCCCGACACTAGTTA-1,OTI,5,55,1.7481880270062005
ATCCCGCTCAATTGGT-1,OTI,0,0,0.0
ATCCCGCTCACGCAGT-1,OTI,2,676,2.8305886686851442
ATCCCGCTCACGCTAA-1,C57BL6,0,0,0.0
ATCCCGCTCACTGTTC-1,C57BL6,0,0,0.0
ATCCCGCTCAGAGTAA-1,OTI,5,130,2.1172712956557644
ATCCCGCTCATGCCTT-1,OTI,1,36,1.568201724066995
ATCCCGCTCCCCATTG-1,OTI,7,357,2.5538830266438746
ATCCCGCTCCGGGAAA-1,OTI,3,39,1.6020599913279623
ATCCCGCTCGGTAATT-1,C57BL6,1,3,0.6020599913279624
ATCCCGCTCGTAGGTC-1,C57BL6,2,12,1.1139433523068367
ATCCCTAGTACTTCAT-1,C57BL6,0,0,0.0
ATCCCTAGTATCATCT-1,OTI,2,58,1.7708520116421442
ATCCCTAGTCATATTC-1,OTI,2,133,2.1271047983648077
ATCCCTAGTCCGTCCA-1,OTI,3,68,1.8388490907372552
ATCCCTAGTCTCTAAT-1,OTI,4,135,2.1335389083702174
ATCCCTAGTGTCGTGA-1,OTI,3,62,1.7993405494535817
ATCCGACAGAAGGCTG-1,OTI,1,10,1.0413926851582251
ATCCGACAGAGCGACA-1,OTI,1,8,0.9542425094393249
ATCCGACAGATCAGGG-1,OTI,2,9,1.0
ATCCGACAGATTATGC-1,OTI,7,176,2.247973266361807
ATCCGACAGCACTGTA-1,OTI,2,7,0.9030899869919435
ATCCGACAGCCTTCAT-1,C57BL6,0,0,0.0
ATCCGACAGCGAACAG-1,C57BL6,1,18,1.2787536009528289
ATCCGACAGCGTTACA-1,OTI,7,284,2.45484486000851
ATCCGACAGCTAGTGC-1,C57BL6,0,0,0.0
ATCCGACAGGGTACAG-1,C57BL6,1,1,0.3010299956639812
ATCCGAGGTACTCTAT-1,OTI,0,0,0.0
ATCCGAGGTCATCGGA-1,OTI,2,27,1.4471580313422192
ATCCGAGGTCATTTCG-1,C57BL6,0,0,0.0
ATCCGAGGTCCCATGT-1,OTI,0,0,0.0
ATCCGAGGTCCGCCGT-1,OTI,4,48,1.6901960800285136
ATCCGAGGTGGTGATT-1,OTI,2,308,2.4899584794248346
ATCCGAGGTGTCGTAG-1,OTI,1,1,0.3010299956639812
ATCCGAGGTGTGTTGG-1,OTI,1,9,1.0
ATCCGCACAAAGGAGG-1,C57BL6,1,28,1.462397997898956
ATCCGCACAATACGCT-1,OTI,0,0,0.0
ATCCGCACACAACTTA-1,OTI,4,255,2.4082399653118496
ATCCGCACACCAAGCC-1,OTI,6,23,1.380211241711606
ATCCGCACACTACTTT-1,OTI,5,203,2.3096301674258988
ATCCGCACAGGCGACA-1,OTI,4,29,1.4771212547196624
ATCCGCACAGTAAAGT-1,OTI,0,0,0.0
ATCCGCACAGTCTCGA-1,C57BL6,5,299,2.4771212547196626
ATCCGCCTCAACGTGC-1,C57BL6,0,0,0.0
ATCCGCCTCACCTTAC-1,OTI,0,0,0.0
ATCCGCCTCACTGACA-1,OTI,7,99,2.0
ATCCGCCTCCTCGAAA-1,C57BL6,6,6,0.8450980400142568
ATCCGCTGTACCCATC-1,C57BL6,1,2,0.47712125471966244
ATCCGCTGTAGTGTCG-1,C57BL6,0,0,0.0
ATCCGCTGTATGCGAT-1,OTI,5,7,0.9030899869919435
ATCCGCTGTCCGTCTG-1,OTI,3,16,1.2304489213782739
ATCCGCTGTGGGACCT-1,OTI,12,108,2.037426497940624
ATCCGCTGTGGGCGTT-1,C57BL6,0,0,0.0
ATCCGCTGTGTTCTAT-1,OTI,5,130,2.1172712956557644
ATCCGGAGTAGCGCGT-1,OTI,2,7,0.9030899869919435
ATCCGGAGTAGGAAAT-1,OTI,1,40,1.6127838567197355
ATCCGGAGTATGCGAT-1,C57BL6,0,0,0.0
ATCCGGAGTCAAGGTT-1,OTI,0,0,0.0
ATCCGGAGTCACCCAT-1,OTI,1,20,1.3222192947339193
ATCCGGAGTCCACGGG-1,C57BL6,0,0,0.0
ATCCGGAGTCTAATTC-1,C57BL6,1,8,0.9542425094393249
ATCCGGAGTGTTAAGC-1,C57BL6,0,0,0.0
ATCCGGCCAAACTCTA-1,OTI,4,291,2.4653828514484184
ATCCGGCCAAAGCGTA-1,OTI,3,18,1.2787536009528289
ATCCGGCCAAATCTAT-1,OTI,4,27,1.4471580313422192
ATCCGGCCAATGCCGC-1,C57BL6,0,0,0.0
ATCCGGCCAATTCAGC-1,C57BL6,2,9,1.0
ATCCGGCCACAAATGG-1,OTI,3,157,2.1986570869544226
ATCCGGCCACCAAGGG-1,OTI,6,66,1.8260748027008264
ATCCGGCCACTCGGGT-1,OTI,1,309,2.4913616938342726
ATCCGGCCAGGTGATA-1,OTI,1,34,1.5440680443502757
ATCCGGCCAGTATGGA-1,OTI,11,425,2.629409599102719
ATCCGGCCAGTGTCGC-1,OTI,2,55,1.7481880270062005
ATCCGTAAGACCCATA-1,OTI,9,225,2.3541084391474008
ATCCGTAAGAGTCTTG-1,C57BL6,0,0,0.0
ATCCGTAAGATGCATT-1,C57BL6,0,0,0.0
ATCCGTAAGCCACATA-1,OTI,9,200,2.303196057420489
ATCCGTAAGCCTTCAT-1,OTI,2,34,1.5440680443502757
ATCCGTAAGCGCTGCA-1,OTI,3,225,2.3541084391474008
ATCCGTAAGGCGAGTA-1,C57BL6,0,0,0.0
ATCCGTAAGGGATGAT-1,OTI,2,58,1.7708520116421442
ATCCGTCGTAACGCAT-1,OTI,8,398,2.6009728956867484
ATCCGTCGTAATGGAG-1,C57BL6,2,57,1.7634279935629373
ATCCGTCGTAATGGGA-1,OTI,2,272,2.436162647040756
ATCCGTCGTATATGGC-1,OTI,2,70,1.8512583487190752
ATCCGTCGTATTATCC-1,C57BL6,0,0,0.0
ATCCGTCGTCGCGCTC-1,OTI,3,90,1.9590413923210936
ATCCGTCGTGCTACCT-1,C57BL6,0,0,0.0
ATCCGTCGTGGGTAGG-1,OTI,1,5,0.7781512503836436
ATCCGTTTCAACACGC-1,C57BL6,0,0,0.0
ATCCGTTTCACCAAAT-1,OTI,7,34,1.5440680443502757
ATCCGTTTCAGTATGT-1,OTI,0,0,0.0
ATCCGTTTCCACCAAA-1,C57BL6,0,0,0.0
ATCCGTTTCCGGAAAG-1,OTI,0,0,0.0
ATCCGTTTCGTAGGTC-1,OTI,0,0,0.0
ATCCTAACAACAAGAT-1,OTI,2,9,1.0
ATCCTAACAACGAGAC-1,C57BL6,0,0,0.0
ATCCTAACAATTCAGC-1,OTI,5,30,1.4913616938342726
ATCCTAACACACTCGA-1,OTI,5,277,2.444044795918076
ATCCTAACACTAGGCC-1,OTI,7,122,2.089905111439398
ATCCTAACACTGGGCT-1,C57BL6,2,2,0.47712125471966244
ATCCTAACAGGACATA-1,C57BL6,0,0,0.0
ATCCTAACAGTATACC-1,OTI,0,0,0.0
ATCCTACTCAATGTAC-1,OTI,6,105,2.0253058652647704
ATCCTACTCACGCAAC-1,OTI,13,1188,3.0751818546186915
ATCCTACTCACGCTCC-1,C57BL6,0,0,0.0
ATCCTACTCAGACTTG-1,C57BL6,1,8,0.9542425094393249
ATCCTACTCATCATCC-1,OTI,10,170,2.2329961103921536
ATCCTACTCATGGACC-1,OTI,7,143,2.1583624920952498
ATCCTACTCCTAAACG-1,C57BL6,1,12,1.1139433523068367
ATCCTACTCGCGTCAG-1,OTI,0,0,0.0
ATCCTAGAGAGTGGCA-1,C57BL6,0,0,0.0
ATCCTAGAGAGTTGAA-1,OTI,6,181,2.2600713879850747
ATCCTAGAGATCCTAG-1,OTI,10,668,2.8254261177678233
ATCCTAGAGCGACAAG-1,C57BL6,2,2,0.47712125471966244
ATCCTAGAGCTTGTGA-1,OTI,4,26,1.4313637641589874
ATCCTAGAGGTTGTGC-1,OTI,1,18,1.2787536009528289
ATCCTATGTAGCCAGC-1,C57BL6,2,10,1.0413926851582251
ATCCTATGTCATAGGT-1,OTI,0,0,0.0
ATCCTATGTCGCGTCC-1,OTI,0,0,0.0
ATCCTATGTCTGCGCC-1,C57BL6,0,0,0.0
ATCCTATGTGCACGTA-1,C57BL6,4,4,0.6989700043360189
ATCCTATGTGCACTAG-1,OTI,4,51,1.7160033436347992
ATCCTGAAGAACGAAC-1,C57BL6,0,0,0.0
ATCCTGAAGAATCAAG-1,OTI,4,42,1.6334684555795864
ATCCTGAAGACATGCC-1,C57BL6,1,6,0.8450980400142568
ATCCTGAAGCAAGATA-1,OTI,1,184,2.2671717284030137
ATCCTGAAGCAATTAC-1,OTI,3,17,1.255272505103306
ATCCTGAAGCACTGTA-1,C57BL6,0,0,0.0
ATCCTGAAGCATCTAG-1,OTI,2,14,1.1760912590556813
ATCCTGAAGCATTCGA-1,C57BL6,1,3,0.6020599913279624
ATCCTGAAGCGCTGTG-1,C57BL6,1,2,0.47712125471966244
ATCCTGAAGGGGCGAT-1,C57BL6,0,0,0.0
ATCCTGCGTACATAGC-1,OTI,7,318,2.503790683057181
ATCCTGCGTATCACGG-1,OTI,3,71,1.8573324964312685
ATCCTGCGTATCAGTA-1,OTI,0,0,0.0
ATCCTGCGTATTCGTT-1,OTI,1,11,1.0791812460476249
ATCCTGCGTCATCGAG-1,OTI,0,0,0.0
ATCCTGCGTCGGTTAG-1,C57BL6,0,0,0.0
ATCCTTATCAGGGCAA-1,C57BL6,5,12,1.1139433523068367
ATCCTTATCGCGTGTG-1,C57BL6,0,0,0.0
ATCCTTATCGCTCATT-1,OTI,0,0,0.0
ATCCTTATCGGCCAAT-1,C57BL6,0,0,0.0
ATCGAAGCAAAGTAAC-1,OTI,0,0,0.0
ATCGAAGCAAATACAA-1,C57BL6,5,5,0.7781512503836436
ATCGAAGCAAGTACGA-1,OTI,6,85,1.9344984512435677
ATCGAAGCAATATCAT-1,OTI,2,21,1.3424226808222062
ATCGAAGCAATTGTAT-1,C57BL6,0,0,0.0
ATCGAAGCACAAGCCC-1,OTI,0,0,0.0
ATCGAAGCACAATTCA-1,OTI,0,0,0.0
ATCGAAGCACCCTAGA-1,OTI,4,292,2.4668676203541096
ATCGAAGCACTCGCAA-1,C57BL6,1,6,0.8450980400142568
ATCGAAGCAGTATGCT-1,C57BL6,0,0,0.0
ATCGACATCAACGTTG-1,C57BL6,0,0,0.0
ATCGACATCACTCCTG-1,OTI,3,54,1.7403626894942439
ATCGACATCATATGGT-1,OTI,0,0,0.0
ATCGACATCATGCTTC-1,OTI,3,20,1.3222192947339193
ATCGACATCATTGGCA-1,C57BL6,4,15,1.2041199826559248
ATCGACATCCTCCAGC-1,C57BL6,0,0,0.0
ATCGACCAGAGCGACA-1,OTI,4,115,2.0644579892269186
ATCGACCAGAGTCCCG-1,OTI,1,8,0.9542425094393249
ATCGACCAGCCACTTT-1,OTI,5,160,2.2068258760318495
ATCGACCAGCCAGCAT-1,OTI,1,3,0.6020599913279624
ATCGACCAGCTGTTGA-1,OTI,7,152,2.184691430817599
ATCGACCAGGCTACCG-1,C57BL6,0,0,0.0
ATCGACCAGGTATGGG-1,OTI,2,49,1.6989700043360187
ATCGACTCAACAGTCT-1,C57BL6,0,0,0.0
ATCGACTCAACGACCC-1,OTI,1,4,0.6989700043360189
ATCGACTCAATCGCCA-1,OTI,5,179,2.255272505103306
ATCGACTCACCAATTA-1,OTI,4,36,1.568201724066995
ATCGACTCACCACTCT-1,C57BL6,1,4,0.6989700043360189
ATCGACTCACTAACTA-1,OTI,2,15,1.2041199826559248
ATCGACTCAGCTCTAG-1,OTI,0,0,0.0
ATCGAGACAAAATGAC-1,OTI,0,0,0.0
ATCGAGACAAACCACT-1,OTI,3,113,2.0569048513364727
ATCGAGACAATGGGAC-1,C57BL6,1,27,1.4471580313422192
ATCGAGACAATTGCTA-1,OTI,2,9,1.0
ATCGAGACACGTAGGG-1,OTI,3,185,2.2695129442179165
ATCGAGACAGCTCGGT-1,C57BL6,0,0,0.0
ATCGAGACAGTATGGA-1,C57BL6,0,0,0.0
ATCGAGACAGTCAACT-1,C57BL6,0,0,0.0
ATCGAGTGTAAGTGTC-1,OTI,8,589,2.7708520116421442
ATCGAGTGTAGCAATC-1,C57BL6,0,0,0.0
ATCGAGTGTATGCCTC-1,OTI,5,96,1.9867717342662448
ATCGATTAGATCCACA-1,C57BL6,1,3,0.6020599913279624
ATCGATTAGCACAAGG-1,OTI,3,230,2.3636119798921444
ATCGATTAGCCATATG-1,C57BL6,1,6,0.8450980400142568
ATCGCAGGTATAGGGA-1,C57BL6,0,0,0.0
ATCGCAGGTCAACGTG-1,OTI,0,0,0.0
ATCGCAGGTCAGCATG-1,OTI,4,102,2.012837224705172
ATCGCAGGTCGCAAAT-1,OTI,1,13,1.146128035678238
ATCGCAGGTGGTAAAG-1,C57BL6,3,4,0.6989700043360189
ATCGCATCAAAGCATG-1,C57BL6,0,0,0.0
ATCGCATCAAAGTATA-1,OTI,14,190,2.2810333672477277
ATCGCATCAAATTGCC-1,OTI,12,289,2.462397997898956
ATCGCATCAACCCACA-1,OTI,1,56,1.7558748556724915
ATCGCATCAATCATTG-1,OTI,5,274,2.439332693830263
ATCGCATCACCAGACC-1,OTI,1,5,0.7781512503836436
ATCGCATCACCCTTAC-1,OTI,3,216,2.3364597338485296
ATCGCATCAGCCTTTC-1,OTI,1,1,0.3010299956639812
ATCGCCACAAAAGGCC-1,C57BL6,1,10,1.0413926851582251
ATCGCCACAAATCGAG-1,C57BL6,0,0,0.0
ATCGCCACAACGCAGG-1,C57BL6,0,0,0.0
ATCGCCACAATAACCC-1,C57BL6,0,0,0.0
ATCGCCACACGTACGC-1,OTI,3,61,1.792391689498254
ATCGCCCTCAATTGGT-1,C57BL6,0,0,0.0
ATCGCCCTCACGAACC-1,OTI,6,373,2.5728716022004803
ATCGCCCTCACTCTTA-1,OTI,0,0,0.0
ATCGCCCTCCACCCAC-1,OTI,2,14,1.1760912590556813
ATCGCCCTCCCGCGTT-1,OTI,3,16,1.2304489213782739
ATCGCCCTCCGCCGTT-1,OTI,9,382,2.583198773968623
ATCGCCCTCCGGCCTT-1,C57BL6,0,0,0.0
ATCGCCCTCGCAATAT-1,OTI,3,39,1.6020599913279623
ATCGCCCTCGGTCGCA-1,OTI,4,34,1.5440680443502757
ATCGCCCTCGTGTTGA-1,C57BL6,0,0,0.0
ATCGCGAGTAAACCGT-1,C57BL6,0,0,0.0
ATCGCGAGTAACCGGC-1,OTI,3,64,1.8129133566428555
ATCGCGAGTAGGCCGT-1,OTI,3,28,1.462397997898956
ATCGCGAGTATCTTGT-1,C57BL6,0,0,0.0
ATCGCGAGTATTGTCT-1,OTI,4,186,2.271841606536499
ATCGCGAGTCCATTTG-1,C57BL6,0,0,0.0
ATCGCGAGTCCCAATC-1,OTI,0,0,0.0
ATCGCGAGTCCGAATG-1,OTI,0,0,0.0
ATCGCGAGTCGCGGAT-1,C57BL6,1,6,0.8450980400142568
ATCGCGAGTGGTTGTG-1,OTI,0,0,0.0
ATCGCGAGTGTAATTG-1,OTI,0,0,0.0
ATCGCGAGTGTTGTGG-1,OTI,0,0,0.0
ATCGCGCCACATCGCA-1,OTI,4,56,1.7558748556724915
ATCGCGCCACCGTAAT-1,OTI,2,8,0.9542425094393249
ATCGCGGTCACTTTCA-1,C57BL6,0,0,0.0
ATCGCGGTCCAGGATC-1,OTI,2,16,1.2304489213782739
ATCGCGGTCCCTGTCA-1,OTI,2,584,2.7671558660821804
ATCGCGGTCGCTGGCA-1,OTI,2,69,1.845098040014257
ATCGCGTAGACAGTTT-1,C57BL6,0,0,0.0
ATCGCTCGTAAGTGAG-1,OTI,0,0,0.0
ATCGCTCGTACATTCT-1,C57BL6,0,0,0.0
ATCGCTCGTACCTGCT-1,OTI,2,89,1.954242509439325
ATCGCTCGTAGCTTCC-1,OTI,0,0,0.0
ATCGCTCGTCGATAGT-1,OTI,2,14,1.1760912590556813
ATCGCTCGTGCCTCGC-1,C57BL6,3,26,1.4313637641589874
ATCGCTCGTGTATGTA-1,OTI,2,16,1.2304489213782739
ATCGCTTTCACCTCCA-1,OTI,2,15,1.2041199826559248
ATCGGACTCAGGGCAA-1,OTI,1,25,1.414973347970818
ATCGGACTCCAACACA-1,OTI,4,440,2.6444385894678386
ATCGGACTCGGTCAAC-1,C57BL6,0,0,0.0
ATCGGACTCGTCTCTG-1,C57BL6,2,4,0.6989700043360189
ATCGGAGAGAACCCGT-1,OTI,3,277,2.444044795918076
ATCGGAGAGATAATCC-1,OTI,1,26,1.4313637641589874
ATCGGAGAGCCAAAGG-1,OTI,5,51,1.7160033436347992
ATCGGAGAGGGTTTCA-1,OTI,2,28,1.462397997898956
ATCGGCCCAACACGCC-1,C57BL6,3,37,1.5797835966168101
ATCGGCCCAATAAGGT-1,OTI,10,254,2.406540180433955
ATCGGCCCACACACGC-1,OTI,5,417,2.621176281775035
ATCGGCCCACGGGGTA-1,OTI,3,107,2.03342375548695
ATCGGCCCACGGTGTC-1,OTI,1,9,1.0
ATCGGCCCACTGCACA-1,OTI,3,34,1.5440680443502757
ATCGGCCCAGCCACTA-1,C57BL6,0,0,0.0
ATCGGCCCAGCGAAAC-1,C57BL6,0,0,0.0
ATCGGCGTCCATTCTA-1,C57BL6,0,0,0.0
ATCGGCGTCCCGACTC-1,OTI,2,2,0.47712125471966244
ATCGGCGTCGTTAGCA-1,OTI,3,59,1.7781512503836436
ATCGGGCGTAAATGGG-1,OTI,2,3,0.6020599913279624
ATCGGGCGTCGCACCC-1,C57BL6,1,7,0.9030899869919435
ATCGGGGCAACGTTTA-1,OTI,6,197,2.296665190261531
ATCGGGGCAATCGCCA-1,OTI,2,142,2.155336037465062
ATCGGGGCAGCCTTAG-1,OTI,1,3,0.6020599913279624
ATCGGGGCAGGGGCTA-1,C57BL6,0,0,0.0
ATCGGGTTCAAACTTA-1,OTI,0,0,0.0
ATCGGGTTCAGCCCCT-1,OTI,8,168,2.2278867046136734
ATCGGGTTCATCGGGT-1,OTI,3,354,2.550228353055094
ATCGGGTTCCCATATC-1,C57BL6,0,0,0.0
ATCGGGTTCCCATCGC-1,C57BL6,0,0,0.0
ATCGGGTTCCGTATCT-1,OTI,3,82,1.919078092376074
ATCGGGTTCCTCTGGC-1,OTI,4,45,1.662757831681574
ATCGGGTTCGCACGTG-1,OTI,2,21,1.3424226808222062
ATCGGGTTCGCTATCT-1,C57BL6,0,0,0.0
ATCGGTCAGAACGATA-1,C57BL6,2,12,1.1139433523068367
ATCGGTCAGAATTGAG-1,C57BL6,0,0,0.0
ATCGGTCAGGGAATAC-1,OTI,3,71,1.8573324964312685
ATCGGTCAGGTCCGAT-1,OTI,2,90,1.9590413923210936
ATCGTACCAAACCATC-1,C57BL6,0,0,0.0
ATCGTACCAAACGGGT-1,C57BL6,0,0,0.0
ATCGTACCAATCGCCA-1,OTI,0,0,0.0
ATCGTACCACACCTCT-1,OTI,1,7,0.9030899869919435
ATCGTACCACCACGGT-1,OTI,1,11,1.0791812460476249
ATCGTACCACCATGCA-1,OTI,2,5,0.7781512503836436
ATCGTACCACGCTCAA-1,OTI,0,0,0.0
ATCGTACCAGTAATCC-1,OTI,11,297,2.4742162640762553
ATCGTATAGAACCAGG-1,C57BL6,3,27,1.4471580313422192
ATCGTATAGCATAGGG-1,C57BL6,0,0,0.0
ATCGTATAGCATCACA-1,C57BL6,0,0,0.0
ATCGTATAGCCTTGCC-1,C57BL6,1,3,0.6020599913279624
ATCGTATAGCTAGATT-1,OTI,6,229,2.361727836017593
ATCGTATAGCTAGTGC-1,OTI,5,470,2.673020907128896
ATCGTATAGGTTATCG-1,C57BL6,0,0,0.0
ATCGTCGCAAATCGGA-1,OTI,1,7,0.9030899869919435
ATCGTCGCAAATTGCC-1,C57BL6,1,7,0.9030899869919435
ATCGTCGCAACTGGAA-1,C57BL6,0,0,0.0
ATCGTCGCAAGAGAGG-1,OTI,11,393,2.595496221825574
ATCGTCGCACGTTCAG-1,C57BL6,1,9,1.0
ATCGTCGCACTGGCAC-1,OTI,4,273,2.437750562820388
ATCGTCGCAGCCAAGG-1,OTI,5,16,1.2304489213782739
ATCGTCGCAGCCTTTC-1,OTI,3,19,1.3010299956639813
ATCGTCGCAGGCACTC-1,OTI,2,23,1.380211241711606
ATCGTCGCAGGTAACA-1,OTI,1,9,1.0
ATCGTCGCAGTCATAC-1,OTI,8,251,2.401400540781544
ATCGTCGCAGTCCACA-1,OTI,4,124,2.0969100130080562
ATCGTGGGTAAATTCG-1,OTI,3,121,2.0863598306747484
ATCGTGGGTATCATGA-1,OTI,0,0,0.0
ATCGTGGGTCCGTCCA-1,C57BL6,1,6,0.8450980400142568
ATCGTGGGTGTAGGTT-1,OTI,2,54,1.7403626894942439
ATCGTGGGTGTGTTGG-1,C57BL6,1,9,1.0
ATCGTTGAGAACGTAA-1,C57BL6,0,0,0.0
ATCGTTGAGCACCATA-1,C57BL6,0,0,0.0
ATCGTTGAGCCGACAT-1,OTI,0,0,0.0
ATCGTTGAGCGAACGA-1,OTI,0,0,0.0
ATCGTTGAGCTGGCAT-1,OTI,5,777,2.890979596989689
ATCGTTGAGCTTCTAC-1,OTI,6,208,2.3201462861110542
ATCGTTGAGGGTGTTC-1,OTI,2,103,2.0170333392987803
ATCGTTGAGGTAAGGT-1,C57BL6,1,4,0.6989700043360189
ATCTCACTCACGTATG-1,OTI,1,69,1.845098040014257
ATCTCACTCAGGTTCA-1,C57BL6,7,8,0.9542425094393249
ATCTCACTCAGTGAAA-1,OTI,4,49,1.6989700043360187
ATCTCACTCATCACTC-1,OTI,1,63,1.806179973983887
ATCTCACTCATGGGTC-1,OTI,1,8,0.9542425094393249
ATCTCACTCCTAAGCA-1,C57BL6,0,0,0.0
ATCTCACTCGCGTCGA-1,OTI,7,145,2.164352855784437
ATCTCACTCGTGGCAT-1,C57BL6,0,0,0.0
ATCTCATGTAACGCCA-1,OTI,4,91,1.9637878273455553
ATCTCATGTACCATCC-1,OTI,10,230,2.3636119798921444
ATCTCATGTACTCAGG-1,OTI,1,7,0.9030899869919435
ATCTCATGTACTGGGC-1,OTI,3,4,0.6989700043360189
ATCTCATGTATATCAG-1,OTI,0,0,0.0
ATCTCATGTATTACAG-1,C57BL6,0,0,0.0
ATCTCATGTGCCATTC-1,C57BL6,2,11,1.0791812460476249
ATCTCATGTGTATGCG-1,OTI,0,0,0.0
ATCTCCGTCAGTTGTG-1,OTI,0,0,0.0
ATCTCCGTCATCCCAT-1,OTI,1,1,0.3010299956639812
ATCTCCGTCATGGTTG-1,C57BL6,2,9,1.0
ATCTCCGTCCATCGCC-1,C57BL6,1,4,0.6989700043360189
ATCTCCGTCCCTATGT-1,C57BL6,0,0,0.0
ATCTCCGTCGTACAAT-1,OTI,2,31,1.505149978319906
ATCTCGAAGAAACCCC-1,OTI,1,8,0.9542425094393249
ATCTCGAAGCATGTCA-1,OTI,9,441,2.645422269349092
ATCTCGAAGCCCATTT-1,OTI,1,20,1.3222192947339193
ATCTCGCGTCAGCTTC-1,C57BL6,0,0,0.0
ATCTCGCGTCAGTTCC-1,OTI,3,175,2.24551266781415
ATCTCGCGTGGGTGCT-1,OTI,4,174,2.2430380486862944
ATCTCGCGTGTGCCCC-1,OTI,5,105,2.0253058652647704
ATCTCTATCACATGTG-1,OTI,8,303,2.482873583608754
ATCTCTATCACTATAA-1,C57BL6,0,0,0.0
ATCTCTATCACTCCTG-1,OTI,2,222,2.3483048630481607
ATCTCTATCATAACGT-1,OTI,0,0,0.0
ATCTCTATCCAATACG-1,OTI,4,26,1.4313637641589874
ATCTCTATCCCTTCTC-1,OTI,4,15,1.2041199826559248
ATCTCTATCCGTACAA-1,OTI,3,15,1.2041199826559248
ATCTCTATCGCGTGCA-1,OTI,0,0,0.0
ATCTCTGGTAATCCGG-1,OTI,3,36,1.568201724066995
ATCTCTGGTAGCCCTT-1,OTI,0,0,0.0
ATCTCTGGTATGCCGA-1,OTI,1,55,1.7481880270062005
ATCTCTGGTATGTACA-1,OTI,5,63,1.806179973983887
ATCTCTGGTCATCGAG-1,C57BL6,1,1,0.3010299956639812
ATCTCTGGTGGATATC-1,OTI,1,5,0.7781512503836436
ATCTCTGGTGTACGTG-1,OTI,4,28,1.462397997898956
ATCTCTTCAAATTACT-1,OTI,3,37,1.5797835966168101
ATCTCTTCAACGTCGC-1,C57BL6,0,0,0.0
ATCTCTTCAACTGTCG-1,C57BL6,0,0,0.0
ATCTCTTCAAGGCTCC-1,C57BL6,0,0,0.0
ATCTCTTCACCCTCAT-1,C57BL6,1,4,0.6989700043360189
ATCTCTTCACTCCATC-1,OTI,3,1077,3.03261876085072
ATCTGACCAAACGCGG-1,OTI,4,171,2.2355284469075487
ATCTGACCAAATCTAT-1,OTI,3,14,1.1760912590556813
ATCTGACCACAACTCG-1,C57BL6,0,0,0.0
ATCTGACCACTGGAGG-1,OTI,8,42,1.6334684555795864
ATCTGACCAGCATCGC-1,OTI,3,74,1.8750612633917
ATCTGACCAGGAACGT-1,OTI,2,10,1.0413926851582251
ATCTGACCAGGCGTAG-1,C57BL6,1,11,1.0791812460476249
ATCTGACCAGTATTAT-1,OTI,3,39,1.6020599913279623
ATCTGCAAGACCACGT-1,OTI,3,268,2.429752280002408
ATCTGCAAGATCGTAT-1,OTI,3,219,2.342422680822206
ATCTGCAAGCGGATTC-1,C57BL6,0,0,0.0
ATCTGCCGTAGCTGGC-1,OTI,1,6,0.8450980400142568
ATCTGCCGTCCAGAAT-1,OTI,3,216,2.3364597338485296
ATCTGCCGTCGCGGAT-1,C57BL6,0,0,0.0
ATCTGCCGTGCTCGGG-1,OTI,2,22,1.3617278360175928
ATCTGGGGTAAACCGT-1,C57BL6,0,0,0.0
ATCTGGGGTAAGGTAG-1,OTI,0,0,0.0
ATCTGGGGTATGTACA-1,OTI,2,189,2.278753600952829
ATCTGGGGTCTCTCGG-1,OTI,1,11,1.0791812460476249
ATCTGGGGTGCCCTAT-1,C57BL6,1,1,0.3010299956639812
ATCTGTTGTATACTTC-1,OTI,4,43,1.6434526764861874
ATCTTAGCAACGAACA-1,OTI,1,3,0.6020599913279624
ATCTTAGCACAATGTC-1,C57BL6,0,0,0.0
ATCTTAGCACACGTCA-1,OTI,4,122,2.089905111439398
ATCTTAGCACGGCAAG-1,C57BL6,1,2,0.47712125471966244
ATCTTAGCACTGAAAG-1,C57BL6,0,0,0.0
ATCTTCATCCGAATCA-1,C57BL6,0,0,0.0
ATCTTCATCCTAGCTT-1,OTI,1,4,0.6989700043360189
ATCTTCCAGCGGTTCG-1,OTI,4,103,2.0170333392987803
ATCTTCCAGCTAGCCG-1,C57BL6,1,11,1.0791812460476249
ATCTTCCAGGCAGGGT-1,OTI,2,6,0.8450980400142568
ATCTTCCAGGGAAGCC-1,C57BL6,1,7,0.9030899869919435
ATCTTCGGTAAGGTTC-1,OTI,2,701,2.846337112129805
ATCTTCGGTATAGTCA-1,OTI,1,7,0.9030899869919435
ATCTTCGGTCCGCATT-1,OTI,0,0,0.0
ATCTTCGGTCGGTGTA-1,C57BL6,1,7,0.9030899869919435
ATCTTCGGTCTGTGGA-1,OTI,0,0,0.0
ATCTTCGGTCTGTTGC-1,C57BL6,1,4,0.6989700043360189
ATCTTCGGTGGCAATT-1,OTI,0,0,0.0
ATCTTCGGTGGTGCCG-1,OTI,2,30,1.4913616938342726
ATCTTCGGTGGTGTGC-1,OTI,0,0,0.0
ATCTTGGAGAACCCGT-1,C57BL6,0,0,0.0
ATCTTGGAGAAGGTTA-1,OTI,1,76,1.8864907251724818
ATCTTGGAGATAAGTG-1,OTI,2,247,2.3944516808262164
ATCTTGGAGCAAGATA-1,OTI,2,276,2.4424797690644486
ATCTTGGAGCACCAAC-1,OTI,1,11,1.0791812460476249
ATCTTGGAGCACCATA-1,OTI,3,412,2.615950051656401
ATCTTGGAGCTCAGCG-1,C57BL6,0,0,0.0
ATCTTGTGTACGCAAT-1,OTI,5,107,2.03342375548695
ATCTTGTGTCAGGTGC-1,OTI,5,155,2.1931245983544616
ATCTTGTGTCCAACGA-1,C57BL6,0,0,0.0
ATCTTGTGTCCTCTCC-1,C57BL6,1,10,1.0413926851582251
ATCTTGTGTCTAATGA-1,OTI,1,77,1.8920946026904804
ATCTTGTGTCTTGTAT-1,C57BL6,3,122,2.089905111439398
ATCTTGTGTGCGAATT-1,OTI,3,45,1.662757831681574
ATCTTGTGTGGTCCCC-1,C57BL6,0,0,0.0
ATGAAACCAAATTGAA-1,C57BL6,1,4,0.6989700043360189
ATGAAACCAAGCTATC-1,C57BL6,1,4,0.6989700043360189
ATGAAACCAATACCTA-1,OTI,2,76,1.8864907251724818
ATGAAACCAATGATCC-1,OTI,5,45,1.662757831681574
ATGAAACCACCTCATC-1,OTI,0,0,0.0
ATGAAACCACGCAGGA-1,OTI,1,2,0.47712125471966244
ATGAAACCAGTTCGCA-1,OTI,1,7,0.9030899869919435
ATGAAAGTCAATTCCC-1,OTI,1,72,1.863322860120456
ATGAAAGTCACGAGCT-1,OTI,1,2,0.47712125471966244
ATGAAAGTCATAAGCT-1,C57BL6,0,0,0.0
ATGAAAGTCATCCTTA-1,OTI,2,39,1.6020599913279623
ATGAAAGTCGCACAAC-1,OTI,1,2,0.47712125471966244
ATGAAGCAGAACGTAA-1,C57BL6,0,0,0.0
ATGAAGCAGACTTTCC-1,OTI,3,47,1.6812412373755872
ATGAAGCAGCCATATG-1,C57BL6,1,4,0.6989700043360189
ATGAAGCAGGCCTGCA-1,C57BL6,0,0,0.0
ATGAAGGGTAATGGGA-1,OTI,2,243,2.387389826338729
ATGAAGGGTATACTAG-1,C57BL6,0,0,0.0
ATGAAGGGTCACGCTT-1,OTI,0,0,0.0
ATGAAGGGTCACTATT-1,OTI,4,193,2.287801729930226
ATGAAGGGTCCGGCCT-1,C57BL6,1,16,1.2304489213782739
ATGAAGGGTCCTGCGC-1,C57BL6,0,0,0.0
ATGAAGGGTCTACTGC-1,OTI,3,32,1.5185139398778875
ATGAAGGGTGTCGTAG-1,OTI,6,146,2.167317334748176
ATGAATACAACCAACT-1,C57BL6,0,0,0.0
ATGAATACAACTTAAT-1,OTI,0,0,0.0
ATGAATACACGACGGA-1,OTI,2,88,1.9493900066449128
ATGAATACACGGTGCT-1,C57BL6,0,0,0.0
ATGAATACAGCGACGA-1,OTI,2,44,1.6532125137753437
ATGAATACAGGGTCAG-1,OTI,1,5,0.7781512503836436
ATGAATACAGTGTCGC-1,OTI,5,60,1.7853298350107671
ATGAATCTCAGTCCTT-1,C57BL6,0,0,0.0
ATGACAGCAAAGCGTA-1,OTI,1,20,1.3222192947339193
ATGACAGCACTAGGGG-1,C57BL6,1,4,0.6989700043360189
ATGACAGCAGGGTATA-1,OTI,2,21,1.3424226808222062
ATGACAGCAGGTATTC-1,C57BL6,0,0,0.0
ATGACCATCACACGTA-1,OTI,4,95,1.9822712330395684
ATGACCATCACGAACC-1,OTI,2,6,0.8450980400142568
ATGACCATCACTTGCT-1,OTI,7,236,2.374748346010104
ATGACCATCATCATCC-1,OTI,0,0,0.0
ATGACCATCATCGCCC-1,OTI,2,13,1.146128035678238
ATGACCATCCATGGCG-1,OTI,5,24,1.3979400086720377
ATGACCATCGCCACTC-1,OTI,4,110,2.0453229787866576
ATGACCATCGGCTTGG-1,C57BL6,5,11,1.0791812460476249
ATGACCTCAAACGTTC-1,OTI,4,100,2.0043213737826426
ATGACCTCAAGACAGC-1,OTI,1,20,1.3222192947339193
ATGACCTCAATCGCGC-1,OTI,2,154,2.1903316981702914
ATGACCTCAATGGACA-1,C57BL6,5,23,1.380211241711606
ATGACCTCACTCACTC-1,OTI,0,0,0.0
ATGACCTCAGGAAGGA-1,OTI,4,27,1.4471580313422192
ATGACGACAACGCGCT-1,OTI,1,1,0.3010299956639812
ATGACGACAAGAATTA-1,OTI,4,47,1.6812412373755872
ATGACGACACCTAGGC-1,C57BL6,0,0,0.0
ATGACGACACGCAACC-1,C57BL6,0,0,0.0
ATGACGACACGCGTTA-1,OTI,4,21,1.3424226808222062
ATGACGACACTGCAAT-1,OTI,2,153,2.187520720836463
ATGACGACAGCTAGCC-1,OTI,3,22,1.3617278360175928
ATGACGACAGTGGACG-1,OTI,0,0,0.0
ATGACGGAGAAGCCGA-1,C57BL6,0,0,0.0
ATGACGGAGATAAGTG-1,C57BL6,3,161,2.2095150145426308
ATGACGGAGCAATTGT-1,OTI,6,150,2.1789769472931693
ATGACGGAGCATAGCC-1,OTI,0,0,0.0
ATGACGGAGCCCAACG-1,OTI,4,216,2.3364597338485296
ATGACGGAGCGAACGA-1,C57BL6,1,13,1.146128035678238
ATGACGGAGCTACGTA-1,C57BL6,2,18,1.2787536009528289
ATGACGGAGGCTTCCC-1,OTI,0,0,0.0
ATGACGGAGGTTCAGC-1,OTI,1,8,0.9542425094393249
ATGAGAGGTAGGGCGA-1,C57BL6,1,10,1.0413926851582251
ATGAGAGGTATAGGAG-1,OTI,0,0,0.0
ATGAGAGGTCCTGTAC-1,C57BL6,1,5,0.7781512503836436
ATGAGAGGTCTAACCC-1,OTI,0,0,0.0
ATGAGAGGTGTAAGTC-1,OTI,2,140,2.1492191126553797
ATGAGCTGTATAAGCC-1,OTI,1,56,1.7558748556724915
ATGAGCTGTCAAGGTT-1,OTI,4,109,2.041392685158225
ATGAGCTGTCACAGCA-1,C57BL6,1,25,1.414973347970818
ATGAGCTGTCAGGATT-1,OTI,0,0,0.0
ATGAGCTGTCATGTGG-1,C57BL6,0,0,0.0
ATGAGCTGTCCGTCCA-1,OTI,7,288,2.4608978427565478
ATGAGCTGTCTGGTGA-1,OTI,1,11,1.0791812460476249
ATGAGCTGTGCCCCGT-1,OTI,1,3,0.6020599913279624
ATGAGCTGTGCGTCTT-1,C57BL6,0,0,0.0
ATGAGGAGTACGGATT-1,OTI,3,26,1.4313637641589874
ATGAGGAGTAGGAGTA-1,C57BL6,0,0,0.0
ATGAGGAGTCGACTTC-1,OTI,0,0,0.0
ATGAGGAGTCGAGGCT-1,OTI,1,53,1.7323937598229686
ATGAGGTAGAAGCCAG-1,C57BL6,0,0,0.0
ATGAGGTAGCAAGACG-1,OTI,2,11,1.0791812460476249
ATGAGGTAGCCATCAA-1,OTI,6,113,2.0569048513364727
ATGAGGTAGCTGACAC-1,OTI,3,3,0.6020599913279624
ATGAGGTAGGTTCAGC-1,C57BL6,0,0,0.0
ATGAGTAAGAAAGCTA-1,C57BL6,0,0,0.0
ATGAGTAAGAAATCAG-1,C57BL6,1,6,0.8450980400142568
ATGAGTAAGAGTCCCG-1,C57BL6,1,1,0.3010299956639812
ATGAGTAAGCCCAACG-1,OTI,0,0,0.0
ATGAGTAAGCGCGTCA-1,OTI,3,115,2.0644579892269186
ATGAGTAAGCGGGATA-1,OTI,2,21,1.3424226808222062
ATGAGTCGTAACCCCT-1,C57BL6,1,7,0.9030899869919435
ATGAGTCGTACGGTCA-1,OTI,6,3633,3.5603849229720157
ATGAGTCGTAGCCCTT-1,OTI,0,0,0.0
ATGAGTCGTCGTAGGC-1,OTI,5,153,2.187520720836463
ATGAGTCGTCGTGGTA-1,OTI,6,68,1.8388490907372552
ATGAGTCGTCGTTGGA-1,OTI,3,14,1.1760912590556813
ATGAGTCGTCTGATAA-1,OTI,2,13,1.146128035678238
ATGAGTTTCATGCAGC-1,OTI,0,0,0.0
ATGAGTTTCCCGCATC-1,OTI,3,27,1.4471580313422192
ATGAGTTTCCTAGTCT-1,OTI,2,6,0.8450980400142568
ATGAGTTTCGTTGGCG-1,OTI,2,43,1.6434526764861874
ATGATCCCAAATACCC-1,OTI,3,154,2.1903316981702914
ATGATCCCAAGCTTCG-1,C57BL6,0,0,0.0
ATGATCCCAATTAATC-1,OTI,1,3,0.6020599913279624
ATGATCCCACTCGGTA-1,C57BL6,0,0,0.0
ATGATCCCAGGAGTTA-1,OTI,1,33,1.5314789170422551
ATGATGAAGAAGGTGT-1,OTI,0,0,0.0
ATGATGAAGAGGTAAC-1,OTI,0,0,0.0
ATGATGAAGCACCAAC-1,OTI,2,2,0.47712125471966244
ATGATGAAGGTCGACT-1,C57BL6,0,0,0.0
ATGATGCGTAAGCCAT-1,OTI,2,19,1.3010299956639813
ATGATGCGTACCCCAT-1,C57BL6,1,7,0.9030899869919435
ATGATGCGTATACGGT-1,OTI,4,79,1.9030899869919435
ATGATGCGTCCTCTGG-1,OTI,2,69,1.845098040014257
ATGATGCGTCGTCTTA-1,OTI,11,154,2.1903316981702914
ATGATGCGTCTGTGAG-1,C57BL6,0,0,0.0
ATGATGCGTGGCGAAG-1,OTI,2,11,1.0791812460476249
ATGATGCGTGTCCATC-1,C57BL6,3,69,1.845098040014257
ATGATGTTCACCAAAT-1,OTI,0,0,0.0
ATGATGTTCCAGTCAA-1,OTI,4,50,1.7075701760979363
ATGATGTTCCTCGCAC-1,OTI,1,11,1.0791812460476249
ATGATGTTCGCTGTAA-1,OTI,0,0,0.0
ATGATGTTCGGACCTG-1,OTI,5,83,1.9242792860618816
ATGATGTTCGTAAATC-1,C57BL6,2,3,0.6020599913279624
ATGATGTTCGTAAGCC-1,OTI,4,90,1.9590413923210936
ATGATGTTCGTGTTGA-1,OTI,6,155,2.1931245983544616
ATGCAATTCAATGTAC-1,C57BL6,1,5,0.7781512503836436
ATGCAATTCACCACTT-1,OTI,1,9,1.0
ATGCAATTCAGCCGCA-1,OTI,1,324,2.5118833609788744
ATGCAATTCCCATCGC-1,OTI,4,96,1.9867717342662448
ATGCAATTCCGCCCAT-1,OTI,2,110,2.0453229787866576
ATGCAATTCCTCTCCT-1,OTI,1,4,0.6989700043360189
ATGCAATTCGCTCCAC-1,C57BL6,0,0,0.0
ATGCAATTCGTACGTA-1,OTI,2,9,1.0
ATGCAATTCGTGCTCC-1,OTI,1,416,2.6201360549737576
ATGCACTCAAGACGTA-1,OTI,0,0,0.0
ATGCACTCAAGGACAC-1,OTI,5,140,2.1492191126553797
ATGCACTCAATACGTC-1,OTI,1,58,1.7708520116421442
ATGCACTCAATGCACT-1,OTI,3,45,1.662757831681574
ATGCACTCACCAAATC-1,OTI,4,214,2.3324384599156054
ATGCACTCACGAACGG-1,C57BL6,1,6,0.8450980400142568
ATGCACTCAGGGTCAG-1,OTI,0,0,0.0
ATGCACTCAGTACTTA-1,OTI,1,1,0.3010299956639812
ATGCAGACAACTATCA-1,OTI,1,30,1.4913616938342726
ATGCAGACAAGAATTA-1,OTI,0,0,0.0
ATGCAGACAATATTAC-1,C57BL6,1,1,0.3010299956639812
ATGCAGACAATGGGAC-1,OTI,3,73,1.8692317197309762
ATGCAGACAATTAAGA-1,OTI,0,0,0.0
ATGCAGACACCTCACT-1,OTI,1,5,0.7781512503836436
ATGCAGACACGCACGT-1,OTI,3,47,1.6812412373755872
ATGCAGACACGTAGAA-1,OTI,1,100,2.0043213737826426
ATGCAGACACTAAGTC-1,C57BL6,0,0,0.0
ATGCAGACACTGGGGA-1,OTI,4,65,1.8195439355418688
ATGCAGACAGCAGGCA-1,C57BL6,1,2,0.47712125471966244
ATGCAGCTCAGCACGT-1,OTI,3,6,0.8450980400142568
ATGCAGCTCATTCATT-1,C57BL6,0,0,0.0
ATGCAGCTCCAAATCG-1,OTI,11,393,2.595496221825574
ATGCAGCTCCAGGTTA-1,OTI,2,408,2.611723308007342
ATGCAGCTCCCGCACT-1,OTI,1,8,0.9542425094393249
ATGCAGCTCCTACGCC-1,C57BL6,2,23,1.380211241711606
ATGCAGCTCCTCTGCA-1,OTI,0,0,0.0
ATGCAGTGTAGGGGAT-1,OTI,3,11,1.0791812460476249
ATGCATCCAAACGGCG-1,OTI,6,465,2.66838591669
ATGCATCCAAGGGCAT-1,C57BL6,0,0,0.0
ATGCATCCACCTGCAA-1,OTI,1,74,1.8750612633917
ATGCATCCACGGGGTA-1,OTI,2,17,1.255272505103306
ATGCATCCACTATAGC-1,C57BL6,0,0,0.0
ATGCATTAGAAACGTA-1,C57BL6,1,49,1.6989700043360187
ATGCATTAGAACAGAC-1,OTI,2,37,1.5797835966168101
ATGCATTAGCGTTGGT-1,C57BL6,0,0,0.0
ATGCATTAGGCGCATT-1,OTI,0,0,0.0
ATGCATTAGGCGTCAT-1,C57BL6,0,0,0.0
ATGCATTAGGTTCATG-1,C57BL6,0,0,0.0
ATGCCACAGAAGCGTG-1,OTI,0,0,0.0
ATGCCACAGCACTCCC-1,OTI,1,31,1.505149978319906
ATGCCACAGCCAAACC-1,OTI,1,12,1.1139433523068367
ATGCCACAGCCCAAGT-1,C57BL6,1,14,1.1760912590556813
ATGCCACAGGGAATGT-1,OTI,2,22,1.3617278360175928
ATGCCACAGGGTAGTG-1,OTI,5,342,2.5352941200427703
ATGCCACAGGTAAGCG-1,OTI,2,184,2.2671717284030137
ATGCCACAGGTCATCA-1,OTI,2,169,2.230448921378274
ATGCCAGGTACCCATC-1,C57BL6,1,8,0.9542425094393249
ATGCCAGGTCGTGTCT-1,OTI,3,294,2.469822015978163
ATGCCAGGTCTTGATT-1,OTI,2,20,1.3222192947339193
ATGCCAGGTGGCACGT-1,OTI,3,50,1.7075701760979363
ATGCCAGGTGGGTGTC-1,OTI,3,71,1.8573324964312685
ATGCCAGGTGTCATGG-1,C57BL6,1,13,1.146128035678238
ATGCCCACACAATAGG-1,C57BL6,0,0,0.0
ATGCCCACACTATGGT-1,C57BL6,1,9,1.0
ATGCCCACACTGACAT-1,OTI,5,51,1.7160033436347992
ATGCCCACAGGCGGTA-1,OTI,5,141,2.1522883443830563
ATGCCCGAGAAACCGG-1,OTI,0,0,0.0
ATGCCCGAGACGCCCA-1,OTI,2,80,1.9084850188786497
ATGCCCGAGAGTGGGC-1,OTI,0,0,0.0
ATGCCCGAGCAAACTT-1,OTI,1,4,0.6989700043360189
ATGCCCGAGCACGTCG-1,C57BL6,1,2,0.47712125471966244
ATGCCCGAGCCGCACA-1,OTI,0,0,0.0
ATGCCCGAGGCCCACA-1,C57BL6,3,596,2.775974331129369
ATGCCCGAGGGAGGTC-1,C57BL6,0,0,0.0
ATGCCCGAGGTCGCCA-1,C57BL6,2,35,1.5563025007672873
ATGCCGAGTAGGTAAG-1,OTI,0,0,0.0
ATGCCGAGTAGTTGCG-1,OTI,8,84,1.9294189257142926
ATGCCGAGTATCGCTC-1,OTI,4,36,1.568201724066995
ATGCCGAGTCAGGCCG-1,C57BL6,0,0,0.0
ATGCCGAGTCCCTTGG-1,OTI,4,217,2.3384564936046046
ATGCCGAGTGTGTCAG-1,C57BL6,0,0,0.0
ATGCCGCCAACATTAT-1,OTI,1,6,0.8450980400142568
ATGCCGCCAAGTCGGG-1,OTI,1,6,0.8450980400142568
ATGCCGCCACAACTAC-1,OTI,2,7,0.9030899869919435
ATGCCGCCACACGGTC-1,C57BL6,1,4,0.6989700043360189
ATGCCGCCACTAATAT-1,OTI,1,31,1.505149978319906
ATGCCGCCAGCTTATA-1,OTI,4,166,2.2227164711475833
ATGCCGCCAGGTAAAT-1,OTI,0,0,0.0
ATGCCGCCAGTTAGTC-1,OTI,2,865,2.937517892017347
ATGCCTCGTAAGCGCC-1,OTI,0,0,0.0
ATGCCTCGTATGCCTC-1,C57BL6,1,35,1.5563025007672873
ATGCCTCGTCACGCGG-1,OTI,3,108,2.037426497940624
ATGCCTCGTGGAATTC-1,OTI,2,54,1.7403626894942439
ATGCCTCGTGTCTTAT-1,C57BL6,0,0,0.0
ATGCCTTTCAAGCTTG-1,C57BL6,0,0,0.0
ATGCCTTTCACCAACA-1,C57BL6,0,0,0.0
ATGCCTTTCACGCGTG-1,OTI,2,3,0.6020599913279624
ATGCCTTTCATTCGCT-1,OTI,4,30,1.4913616938342726
ATGCCTTTCCATTGTC-1,OTI,3,41,1.6232492903979006
ATGCCTTTCCCACACC-1,OTI,1,17,1.255272505103306
ATGCCTTTCGTTCACT-1,OTI,5,131,2.12057393120585
ATGCGAACAACAGAAT-1,C57BL6,0,0,0.0
ATGCGAACAACGGACG-1,C57BL6,1,6,0.8450980400142568
ATGCGAACAAGGCTCC-1,OTI,0,0,0.0
ATGCGAACAATGACGA-1,OTI,2,647,2.8115750058705933
ATGCGAACACACTCAG-1,OTI,3,24,1.3979400086720377
ATGCGAACACCCAGTA-1,OTI,4,75,1.8808135922807914
ATGCGAACACGCCTAA-1,OTI,4,61,1.792391689498254
ATGCGAACACTGATTA-1,OTI,3,24,1.3979400086720377
ATGCGAACAGCATGCC-1,OTI,1,765,2.884228769632604
ATGCGAGAGAATTCGT-1,OTI,2,88,1.9493900066449128
ATGCGAGAGAGCATTT-1,OTI,3,44,1.6532125137753437
ATGCGAGAGATCCCAA-1,OTI,1,5,0.7781512503836436
ATGCGAGAGCGTACGT-1,OTI,4,142,2.155336037465062
ATGCGAGAGCGTGCAT-1,OTI,3,14,1.1760912590556813
ATGCGAGAGGTCAATT-1,OTI,5,55,1.7481880270062005
ATGCGATGTAGGCCCG-1,OTI,2,171,2.2355284469075487
ATGCGATGTATCCCCG-1,OTI,9,299,2.4771212547196626
ATGCGATGTATCCTAT-1,OTI,2,308,2.4899584794248346
ATGCGATGTATCTCAT-1,C57BL6,2,2,0.47712125471966244
ATGCGATGTCACGCCC-1,OTI,2,31,1.505149978319906
ATGCGATGTCGTACAG-1,OTI,4,36,1.568201724066995
ATGCGATGTGCCCGTC-1,OTI,1,6,0.8450980400142568
ATGCGCAGTACATAGC-1,C57BL6,0,0,0.0
ATGCGCAGTCACCGTT-1,OTI,2,94,1.9777236052888478
ATGCGCAGTCATAGCG-1,C57BL6,0,0,0.0
ATGCGCAGTCCGATAG-1,OTI,6,725,2.8609366207000937
ATGCGCAGTCCTTTAG-1,OTI,1,38,1.591064607026499
ATGCGCAGTCGACGTA-1,C57BL6,1,1,0.3010299956639812
ATGCGCAGTCGAGTCA-1,OTI,1,13,1.146128035678238
ATGCGCAGTCTCCTGG-1,C57BL6,2,4,0.6989700043360189
ATGCGCCCAAAACGGC-1,OTI,6,244,2.3891660843645326
ATGCGCCCAAATCTAT-1,OTI,4,59,1.7781512503836436
ATGCGCCCAACGAAAT-1,OTI,6,89,1.954242509439325
ATGCGCCCAACGAGGT-1,C57BL6,0,0,0.0
ATGCGCCCAATCCAAC-1,OTI,5,149,2.1760912590556813
ATGCGCCCAGCGATAA-1,OTI,9,155,2.1931245983544616
ATGCGGAAGAATTGAG-1,C57BL6,0,0,0.0
ATGCGGAAGACCACGT-1,OTI,6,521,2.717670503002262
ATGCGGAAGCCTCATT-1,OTI,10,234,2.3710678622717363
ATGCGGAAGCCTGGTG-1,OTI,3,177,2.250420002308894
ATGCGGAAGCTTGTAG-1,OTI,6,70,1.8512583487190752
ATGCGGAAGGGCCTTG-1,OTI,3,14,1.1760912590556813
ATGCGGAAGGGGCATA-1,OTI,4,119,2.0791812460476247
ATGCGGAAGGTGATTT-1,C57BL6,0,0,0.0
ATGCGGCGTATCGCAG-1,OTI,1,7,0.9030899869919435
ATGCGGCGTCAGCTCT-1,C57BL6,1,10,1.0413926851582251
ATGCGGCGTCCGTCCA-1,OTI,4,118,2.0755469613925306
ATGCGGCGTGCTAGTG-1,OTI,4,162,2.2121876044039577
ATGCGGGCAACCAAGA-1,OTI,0,0,0.0
ATGCGGGCAACGCGCT-1,OTI,0,0,0.0
ATGCGGGCAAGCTTTA-1,C57BL6,0,0,0.0
ATGCGGGCAATAAGTA-1,C57BL6,3,20,1.3222192947339193
ATGCGGGCACACAGAA-1,OTI,1,8,0.9542425094393249
ATGCGGGCACGCAATT-1,C57BL6,0,0,0.0
ATGCGGGCAGTAGGCG-1,C57BL6,0,0,0.0
ATGCGGGCAGTGGGAT-1,C57BL6,1,65,1.8195439355418688
ATGCGGTTCACTCACT-1,C57BL6,0,0,0.0
ATGCGGTTCATAGCGC-1,OTI,0,0,0.0
ATGCGGTTCCAGTAGC-1,OTI,4,45,1.662757831681574
ATGCGGTTCCCCAATT-1,C57BL6,0,0,0.0
ATGCGGTTCCGGGTAT-1,C57BL6,0,0,0.0
ATGCGGTTCGCTCTCA-1,OTI,2,22,1.3617278360175928
ATGCGTATCATGCAGC-1,C57BL6,0,0,0.0
ATGCGTATCCAGTACA-1,OTI,2,106,2.0293837776852097
ATGCGTATCCTAGTCT-1,OTI,1,8,0.9542425094393249
ATGCGTATCCTCCACA-1,OTI,3,28,1.462397997898956
ATGCGTATCGCAATTG-1,OTI,2,18,1.2787536009528289
ATGCGTATCGTATTAA-1,OTI,1,3,0.6020599913279624
ATGCTACCAATATTAC-1,OTI,5,41,1.6232492903979006
ATGCTACCAATCGAGA-1,OTI,6,223,2.3502480183341627
ATGCTACCACTCGGTA-1,OTI,3,91,1.9637878273455553
ATGCTACCAGCTCCAA-1,OTI,4,238,2.3783979009481375
ATGCTACCAGTCTGCA-1,C57BL6,0,0,0.0
ATGCTACCAGTGGTAA-1,OTI,2,35,1.5563025007672873
ATGCTCAAGAACACCC-1,OTI,0,0,0.0
ATGCTCAAGCTGACCG-1,OTI,1,11,1.0791812460476249
ATGCTCAAGCTTGTCT-1,C57BL6,0,0,0.0
ATGCTCAAGGCTAACC-1,C57BL6,0,0,0.0
ATGCTCCGTAACAGGA-1,OTI,2,53,1.7323937598229686
ATGCTCCGTAACATTG-1,C57BL6,0,0,0.0
ATGCTCCGTAGCCTTC-1,OTI,3,24,1.3979400086720377
ATGCTCCGTAGGAAAT-1,OTI,2,12,1.1139433523068367
ATGCTCCGTATCCTAT-1,C57BL6,0,0,0.0
ATGCTCCGTCCATAGG-1,C57BL6,4,284,2.45484486000851
ATGCTCCGTCGATGGC-1,OTI,4,65,1.8195439355418688
ATGCTCCGTCTAATCT-1,OTI,0,0,0.0
ATGCTCCGTCTGTCCG-1,OTI,0,0,0.0
ATGCTCCGTCTTGGTC-1,OTI,1,10,1.0413926851582251
ATGCTCGCAACTTTAG-1,OTI,1,7,0.9030899869919435
ATGCTCGCAGCAATCT-1,OTI,4,977,2.9903388547876015
ATGCTCGCAGTATTCA-1,OTI,3,97,1.9912260756924949
ATGCTCGCAGTTAACC-1,C57BL6,1,2,0.47712125471966244
ATGCTGGGTACAATTG-1,OTI,0,0,0.0
ATGCTGGGTGGAACCC-1,C57BL6,2,13,1.146128035678238
ATGCTTACAACACCCA-1,C57BL6,0,0,0.0
ATGCTTACAACCCTCT-1,OTI,5,185,2.2695129442179165
ATGCTTACAACTGCGC-1,OTI,0,0,0.0
ATGCTTACAGCACGGA-1,C57BL6,1,21,1.3424226808222062
ATGCTTACAGCATGGG-1,OTI,0,0,0.0
ATGCTTACAGGAACGT-1,OTI,6,145,2.164352855784437
ATGCTTACAGTTGGGG-1,OTI,4,196,2.294466226161593
ATGCTTCTCAGTTGTG-1,OTI,5,299,2.4771212547196626
ATGCTTCTCATTCGCT-1,OTI,1,30,1.4913616938342726
ATGCTTCTCCGCTAAA-1,OTI,18,259,2.4149733479708178
ATGCTTCTCGGCCATG-1,C57BL6,0,0,0.0
ATGCTTCTCGTGCGCA-1,C57BL6,1,3,0.6020599913279624
ATGGAAATCCCGTCTA-1,C57BL6,0,0,0.0
ATGGAAATCCGTTTCG-1,C57BL6,0,0,0.0
ATGGAAATCCTCTCGA-1,OTI,1,4,0.6989700043360189
ATGGACACAAAATTTC-1,OTI,4,40,1.6127838567197355
ATGGACACACGCAATT-1,OTI,10,351,2.546542663478131
ATGGACACAGCCAAGG-1,OTI,1,10,1.0413926851582251
ATGGACACAGCTAGAA-1,OTI,3,68,1.8388490907372552
ATGGACCTCAAGTCGC-1,OTI,2,7,0.9030899869919435
ATGGACCTCACTTTCA-1,OTI,7,316,2.5010592622177517
ATGGACCTCAGACTGC-1,C57BL6,0,0,0.0
ATGGACCTCATACCCT-1,OTI,2,350,2.545307116465824
ATGGACCTCATCCGCC-1,OTI,4,49,1.6989700043360187
ATGGACCTCCAATTGG-1,C57BL6,1,12,1.1139433523068367
ATGGACCTCCATAGCA-1,C57BL6,4,117,2.0718820073061255
ATGGACCTCGCGCGTA-1,OTI,3,38,1.591064607026499
ATGGAGAGTATAGCGT-1,OTI,0,0,0.0
ATGGAGAGTCATGCAG-1,OTI,3,19,1.3010299956639813
ATGGAGAGTCGCATTC-1,OTI,3,226,2.3560258571931225
ATGGAGAGTCGTGAGC-1,C57BL6,0,0,0.0
ATGGAGAGTCTGCGCC-1,OTI,10,887,2.948412965778601
ATGGAGAGTGGGTTTG-1,OTI,2,86,1.9395192526186185
ATGGAGTAGAACAGAC-1,OTI,4,70,1.8512583487190752
ATGGAGTAGAATACAG-1,OTI,0,0,0.0
ATGGAGTAGACAAGAC-1,C57BL6,0,0,0.0
ATGGAGTAGACGCCAT-1,OTI,1,4,0.6989700043360189
ATGGAGTAGCACGAAG-1,C57BL6,0,0,0.0
ATGGAGTAGGGATTAA-1,OTI,3,87,1.9444826721501687
ATGGAGTAGGTGCTAC-1,OTI,2,153,2.187520720836463
ATGGCACTCCCTTTCC-1,OTI,1,8,0.9542425094393249
ATGGCACTCCGTAAAT-1,OTI,3,86,1.9395192526186185
ATGGCACTCCTAAACG-1,OTI,7,424,2.6283889300503116
ATGGCACTCCTCGAAA-1,OTI,0,0,0.0
ATGGCACTCGCAAGTC-1,OTI,7,296,2.4727564493172123
ATGGCACTCGTGGCCA-1,OTI,4,72,1.863322860120456
ATGGCCAGTAACTGCG-1,C57BL6,0,0,0.0
ATGGCCAGTATGTGTA-1,OTI,2,16,1.2304489213782739
ATGGCCAGTCGTGCCC-1,C57BL6,0,0,0.0
ATGGCCCCAATCATGC-1,OTI,4,55,1.7481880270062005
ATGGCCCCAGTATAGG-1,C57BL6,0,0,0.0
ATGGCCGTCACGCAAC-1,OTI,0,0,0.0
ATGGCCGTCAGCTGTA-1,OTI,5,298,2.4756711883244296
ATGGCCGTCAGTAAAG-1,C57BL6,0,0,0.0
ATGGCCGTCAGTCCGG-1,C57BL6,1,5,0.7781512503836436
ATGGCCGTCCAATTAA-1,OTI,3,51,1.7160033436347992
ATGGCCGTCCTACTTA-1,OTI,1,12,1.1139433523068367
ATGGCGAAGAGAGAGA-1,OTI,2,59,1.7781512503836436
ATGGCGAAGCATAATC-1,C57BL6,0,0,0.0
ATGGCGAAGCTAGCGT-1,OTI,3,16,1.2304489213782739
ATGGCGAAGCTAGTTG-1,C57BL6,4,25,1.414973347970818
ATGGCGAAGGCAACAG-1,C57BL6,0,0,0.0
ATGGCGCGTATCCGGA-1,OTI,1,6,0.8450980400142568
ATGGCGCGTCAGGTGC-1,OTI,4,73,1.8692317197309762
ATGGCGCGTCCGTCGC-1,C57BL6,4,8,0.9542425094393249
ATGGCGCGTCCGTGTT-1,OTI,6,294,2.469822015978163
ATGGCGCGTCTCCGCA-1,C57BL6,0,0,0.0
ATGGCGCGTGGTGATT-1,OTI,2,182,2.2624510897304293
ATGGCGGCAACACTTA-1,OTI,3,336,2.5276299008713385
ATGGCGGCAATCGAGA-1,OTI,0,0,0.0
ATGGCGGCACTAATCA-1,OTI,3,407,2.61066016308988
ATGGCGGCAGCATAAG-1,OTI,5,14,1.1760912590556813
ATGGCGTTCAATGTGT-1,OTI,4,104,2.0211892990699383
ATGGCGTTCACGAGCT-1,C57BL6,0,0,0.0
ATGGCGTTCACGCTAA-1,OTI,1,1,0.3010299956639812
ATGGCGTTCAGCTTAG-1,C57BL6,0,0,0.0
ATGGCGTTCATTGGCA-1,OTI,3,69,1.845098040014257
ATGGCGTTCCATAGGC-1,OTI,2,51,1.7160033436347992
ATGGCGTTCCATCATC-1,OTI,3,19,1.3010299956639813
ATGGCGTTCCCGCTTA-1,OTI,6,470,2.673020907128896
ATGGCGTTCCGATCGG-1,C57BL6,5,42,1.6334684555795864
ATGGCGTTCGCATTAG-1,OTI,1,5,0.7781512503836436
ATGGCGTTCGCCTGCT-1,OTI,5,152,2.184691430817599
ATGGCTATCAACTATA-1,C57BL6,1,6,0.8450980400142568
ATGGCTATCAATACGT-1,OTI,3,32,1.5185139398778875
ATGGCTATCAGAGTAA-1,C57BL6,0,0,0.0
ATGGCTATCCAAACCA-1,OTI,0,0,0.0
ATGGCTATCGTCCAAA-1,OTI,5,67,1.8325089127062364
ATGGGACCAAAAGGCC-1,OTI,4,220,2.3443922736851106
ATGGGACCAAATTGCC-1,OTI,3,50,1.7075701760979363
ATGGGACCAATAGGGC-1,OTI,0,0,0.0
ATGGGACCACAGTCGC-1,OTI,5,327,2.515873843711679
ATGGGACCACATGTCG-1,OTI,12,140,2.1492191126553797
ATGGGACCACTGTACG-1,OTI,2,80,1.9084850188786497
ATGGGACCACTTCGTC-1,OTI,5,229,2.361727836017593
ATGGGACCAGTGTTCG-1,C57BL6,3,26,1.4313637641589874
ATGGGACCAGTTAATT-1,OTI,2,63,1.806179973983887
ATGGGATAGACACCGT-1,C57BL6,1,6,0.8450980400142568
ATGGGATAGATCTTGG-1,OTI,6,58,1.7708520116421442
ATGGGATAGCCCATTT-1,C57BL6,0,0,0.0
ATGGGATAGCCTAGCG-1,C57BL6,2,31,1.505149978319906
ATGGGATAGGCAGGGT-1,OTI,11,88,1.9493900066449128
ATGGGATAGGCGCTCA-1,OTI,2,3,0.6020599913279624
ATGGGATAGGTTCGAC-1,OTI,0,0,0.0
ATGGGCAAGATGGTTT-1,OTI,1,3,0.6020599913279624
ATGGGCAAGCAACCGT-1,OTI,1,27,1.4471580313422192
ATGGGCAAGCCATAGC-1,C57BL6,2,23,1.380211241711606
ATGGGCAAGCCATCAA-1,C57BL6,1,5,0.7781512503836436
ATGGGCAAGGCGTCCA-1,OTI,2,36,1.568201724066995
ATGGGCAAGGTATGGG-1,OTI,3,123,2.093421685162235
ATGGGCCGTACCACAG-1,C57BL6,3,4,0.6989700043360189
ATGGGCCGTAGTGTTA-1,OTI,1,39,1.6020599913279623
ATGGGCCGTATTGAGC-1,C57BL6,2,24,1.3979400086720377
ATGGGCCGTCCTCATA-1,C57BL6,1,2,0.47712125471966244
ATGGGCCGTCTCTCGG-1,OTI,2,144,2.161368002234975
ATGGGCCGTGCCATTC-1,C57BL6,0,0,0.0
ATGGGCGCAAACCGGG-1,OTI,10,61,1.792391689498254
ATGGGCGCAACGTAAG-1,OTI,1,19,1.3010299956639813
ATGGGCGCAATAGGGC-1,OTI,0,0,0.0
ATGGGCGCAATATGTT-1,OTI,1,7,0.9030899869919435
ATGGGCGCACAACCCA-1,OTI,7,98,1.99563519459755
ATGGGCGCACATCGCA-1,OTI,1,4,0.6989700043360189
ATGGGCGCACCAAATC-1,OTI,3,246,2.392696953259666
ATGGGCGCACTAGTCG-1,OTI,3,19,1.3010299956639813
ATGGGCGCAGGATTAG-1,OTI,3,303,2.482873583608754
ATGGGCGCAGTTCGCA-1,C57BL6,0,0,0.0
ATGGGCGCAGTTGGTT-1,C57BL6,0,0,0.0
ATGGGCTTCATTAACA-1,C57BL6,0,0,0.0
ATGGGCTTCGTAGATT-1,OTI,2,1036,3.015778756389041
ATGGGCTTCGTCCCTA-1,C57BL6,1,4,0.6989700043360189
ATGGGGCAGAGAGAGA-1,OTI,1,105,2.0253058652647704
ATGGGGCAGAGCGGTA-1,C57BL6,1,22,1.3617278360175928
ATGGGGCAGATGGGCA-1,OTI,7,103,2.0170333392987803
ATGGGGCAGATGTAGA-1,OTI,1,3,0.6020599913279624
ATGGGGCAGCGGATTC-1,OTI,3,165,2.220108088040055
ATGGGGCAGGTCCGCA-1,C57BL6,0,0,0.0
ATGGGGCAGGTCTGCG-1,C57BL6,0,0,0.0
ATGGGGTCAATAGGCA-1,OTI,2,88,1.9493900066449128
ATGGGGTCAATGACAG-1,C57BL6,0,0,0.0
ATGGGGTCACGGCACT-1,OTI,1,39,1.6020599913279623
ATGGGGTCAGTTAGCT-1,OTI,1,36,1.568201724066995
ATGGGTCTCCGTAAAT-1,C57BL6,1,9,1.0
ATGGGTCTCCTGGGTG-1,OTI,5,54,1.7403626894942439
ATGGGTCTCGTTATAA-1,OTI,4,170,2.2329961103921536
ATGGGTGAGACCCTTT-1,OTI,5,228,2.359835482339888
ATGGGTGAGATCGTTG-1,OTI,3,239,2.380211241711606
ATGGGTGAGATGAGTA-1,OTI,12,123,2.093421685162235
ATGGGTGAGCAGCTGT-1,OTI,0,0,0.0
ATGGGTGAGCCACTAA-1,OTI,8,174,2.2430380486862944
ATGGGTGAGGGGCTAA-1,OTI,5,51,1.7160033436347992
ATGGGTTGTATATTGG-1,C57BL6,0,0,0.0
ATGGGTTGTATCGAGT-1,OTI,3,33,1.5314789170422551
ATGGGTTGTCATACGG-1,OTI,0,0,0.0
ATGGGTTGTCATGTCC-1,OTI,0,0,0.0
ATGGGTTGTCCTAATT-1,OTI,2,78,1.8976270912904414
ATGGGTTGTGTAGTTA-1,OTI,5,29,1.4771212547196624
ATGGGTTGTGTGTCCT-1,C57BL6,2,12,1.1139433523068367
ATGGTAAAGAGGACAT-1,OTI,1,2,0.47712125471966244
ATGGTAAAGAGTAATG-1,OTI,4,117,2.0718820073061255
ATGGTAAAGCCTCATT-1,OTI,4,797,2.9020028913507296
ATGGTAAAGGGGTGTA-1,C57BL6,0,0,0.0
ATGGTAGCAACATTAT-1,OTI,5,109,2.041392685158225
ATGGTAGCAACGGTCC-1,OTI,4,442,2.6464037262230695
ATGGTAGCAAGCGAGT-1,OTI,1,195,2.292256071356476
ATGGTAGCACGTACGC-1,C57BL6,0,0,0.0
ATGGTAGCACTGAAAG-1,OTI,8,125,2.100370545117563
ATGGTATTCATCCTAC-1,OTI,4,109,2.041392685158225
ATGGTATTCATCTTCA-1,C57BL6,0,0,0.0
ATGGTATTCGTTCTAC-1,OTI,1,8,0.9542425094393249
ATGGTCATCAAGGCTC-1,OTI,3,93,1.9731278535996986
ATGGTCATCAATACGT-1,OTI,3,108,2.037426497940624
ATGGTCATCACATATA-1,OTI,0,0,0.0
ATGGTCATCACTCCCA-1,C57BL6,1,6,0.8450980400142568
ATGGTCATCAGGTTCA-1,OTI,0,0,0.0
ATGGTCATCAGTCATG-1,OTI,2,6,0.8450980400142568
ATGGTCATCCGGTCCT-1,OTI,1,3,0.6020599913279624
ATGGTCATCCTTGTGT-1,C57BL6,0,0,0.0
ATGGTCATCGTAGCTA-1,C57BL6,0,0,0.0
ATGGTCATCGTTCATC-1,C57BL6,0,0,0.0
ATGGTCGGTACTTGCC-1,C57BL6,0,0,0.0
ATGGTCGGTATGTTCT-1,OTI,12,478,2.680335513414563
ATGGTCGGTCCTATGC-1,OTI,1,2,0.47712125471966244
ATGGTCGGTGGAACTT-1,C57BL6,0,0,0.0
ATGGTCGGTGTGTGCA-1,OTI,2,10,1.0413926851582251
ATGGTCTCAATGCCGC-1,OTI,2,154,2.1903316981702914
ATGGTCTCACGACGGA-1,OTI,1,9,1.0
ATGGTCTCACTAGGAA-1,OTI,4,309,2.4913616938342726
ATGGTCTCACTGGAGG-1,OTI,8,382,2.583198773968623
ATGGTCTCAGCATTAC-1,OTI,4,76,1.8864907251724818
ATGGTGCTCAGGGGTA-1,C57BL6,0,0,0.0
ATGGTGCTCCGGCAAT-1,OTI,3,87,1.9444826721501687
ATGGTGGAGCTCACCC-1,OTI,3,26,1.4313637641589874
ATGGTGGAGCTGTGGT-1,OTI,0,0,0.0
ATGGTGGAGGCGGTTT-1,OTI,0,0,0.0
ATGGTGGAGGCGTCCA-1,OTI,8,11,1.0791812460476249
ATGGTGGAGGGACATG-1,OTI,0,0,0.0
ATGGTGGAGGTAACCC-1,OTI,1,38,1.591064607026499
ATGGTTAGTAACCGTG-1,OTI,1,17,1.255272505103306
ATGGTTAGTAATTTCC-1,OTI,4,143,2.1583624920952498
ATGGTTAGTACCTGTC-1,OTI,3,8,0.9542425094393249
ATGGTTAGTAGGAAAT-1,C57BL6,0,0,0.0
ATGGTTAGTATACGGT-1,OTI,2,22,1.3617278360175928
ATGGTTAGTCTCATAT-1,OTI,1,5,0.7781512503836436
ATGGTTGTCACATAAC-1,C57BL6,0,0,0.0
ATGGTTGTCACCAATG-1,OTI,3,43,1.6434526764861874
ATGGTTGTCCAACGTA-1,OTI,1,17,1.255272505103306
ATGGTTGTCCCATCGC-1,OTI,0,0,0.0
ATGGTTGTCCGTTTAC-1,OTI,0,0,0.0
ATGGTTGTCGCTCCAC-1,OTI,2,4,0.6989700043360189
ATGGTTGTCGTGCGTG-1,OTI,5,109,2.041392685158225
ATGGTTTAGACGACAG-1,C57BL6,0,0,0.0
ATGGTTTAGATAACGA-1,OTI,3,77,1.8920946026904804
ATGGTTTAGCACTCCC-1,OTI,1,1,0.3010299956639812
ATGGTTTAGCCGCAAT-1,OTI,2,15,1.2041199826559248
ATGGTTTAGGGACATG-1,OTI,1,75,1.8808135922807914
ATGGTTTAGGGTCTGT-1,C57BL6,1,2,0.47712125471966244
ATGGTTTAGGTGCGAA-1,OTI,1,8,0.9542425094393249
ATGTAACTCAAATGTC-1,OTI,8,286,2.4578818967339924
ATGTAACTCACATCAG-1,OTI,3,79,1.9030899869919435
ATGTAACTCAGCACTA-1,OTI,1,13,1.146128035678238
ATGTAACTCATGGCTA-1,OTI,2,42,1.6334684555795864
ATGTAACTCCACGTAA-1,OTI,3,113,2.0569048513364727
ATGTAACTCCATCACT-1,C57BL6,0,0,0.0
ATGTAACTCGCCTCTA-1,OTI,4,112,2.0530784434834195
ATGTAACTCGCTTATC-1,OTI,1,48,1.6901960800285136
ATGTAACTCGGCGTTG-1,OTI,0,0,0.0
ATGTAACTCGTGCATA-1,OTI,3,307,2.4885507165004443
ATGTACAGTACCACCT-1,OTI,0,0,0.0
ATGTACAGTCGACTAG-1,OTI,0,0,0.0
ATGTAGAAGATAACAG-1,OTI,4,52,1.724275869600789
ATGTAGAAGCTACTTC-1,OTI,0,0,0.0
ATGTAGAAGGGCATAG-1,OTI,0,0,0.0
ATGTAGAAGGTAGCTC-1,OTI,0,0,0.0
ATGTAGAAGGTGCGAA-1,OTI,2,202,2.307496037913213
ATGTAGTTCAATCTGG-1,OTI,4,50,1.7075701760979363
ATGTAGTTCACTAACG-1,OTI,6,169,2.230448921378274
ATGTAGTTCCAATGTG-1,C57BL6,4,10,1.0413926851582251
ATGTAGTTCCGGAAAG-1,OTI,3,258,2.413299764081252
ATGTATCAGAATACAG-1,OTI,2,49,1.6989700043360187
ATGTATCAGCAACATT-1,C57BL6,1,6,0.8450980400142568
ATGTATCAGCTGTTGA-1,OTI,0,0,0.0
ATGTATTCACTAACGT-1,OTI,2,55,1.7481880270062005
ATGTATTCAGGACCGA-1,OTI,3,86,1.9395192526186185
ATGTATTCAGGGTATA-1,OTI,0,0,0.0
ATGTCAGTCAGTTAGT-1,OTI,3,18,1.2787536009528289
ATGTCAGTCCAAATGT-1,OTI,6,166,2.2227164711475833
ATGTCAGTCCCGAATA-1,OTI,6,22,1.3617278360175928
ATGTCAGTCGGTCATA-1,C57BL6,1,9,1.0
ATGTCCGCAAACATAA-1,OTI,5,100,2.0043213737826426
ATGTCCGCAACGCTCA-1,OTI,0,0,0.0
ATGTCCGCAACTGCGC-1,OTI,3,17,1.255272505103306
ATGTCCGCAAGACGTA-1,C57BL6,0,0,0.0
ATGTCCGCAAGGCACG-1,OTI,5,261,2.4183012913197452
ATGTCCGCAATGGGAC-1,OTI,3,123,2.093421685162235
ATGTCCGCAATTACGC-1,OTI,3,39,1.6020599913279623
ATGTCCTTCCCATCCA-1,C57BL6,0,0,0.0
ATGTCCTTCGCACCTC-1,OTI,1,13,1.146128035678238
ATGTCCTTCGTCTCAT-1,OTI,2,21,1.3424226808222062
ATGTCCTTCGTGTATG-1,OTI,9,76,1.8864907251724818
ATGTCGATCAAAGGTA-1,OTI,2,11,1.0791812460476249
ATGTCGATCACGTGGT-1,OTI,0,0,0.0
ATGTCGATCATAGGGG-1,C57BL6,0,0,0.0
ATGTCGATCCAGGATC-1,C57BL6,1,8,0.9542425094393249
ATGTCGATCCTAATCC-1,C57BL6,0,0,0.0
ATGTCGATCGTTCTAC-1,OTI,3,111,2.0492180226701815
ATGTCGGGTAATCTTC-1,C57BL6,0,0,0.0
ATGTCGGGTATCTTCG-1,OTI,3,336,2.5276299008713385
ATGTCGGGTATGTTAG-1,OTI,1,7,0.9030899869919435
ATGTCGGGTCAGGCGT-1,OTI,4,83,1.9242792860618816
ATGTCGGGTCCAGTTC-1,OTI,1,9,1.0
ATGTCGGGTCCGTCGC-1,C57BL6,0,0,0.0
ATGTCGGGTCCTTATG-1,OTI,3,134,2.130333768495006
ATGTCGGGTCGAGGCT-1,OTI,2,136,2.1367205671564067
ATGTCGGGTGCGCTGG-1,C57BL6,0,0,0.0
ATGTCGGGTGGCGATC-1,C57BL6,1,1,0.3010299956639812
ATGTCGGGTGGGGTCT-1,C57BL6,0,0,0.0
ATGTCGGGTGGGTCTA-1,OTI,8,263,2.4216039268698313
ATGTCGGGTGTTGGAT-1,OTI,5,146,2.167317334748176
ATGTCTTGTAATGTTG-1,OTI,5,41,1.6232492903979006
ATGTCTTGTACCCCTG-1,OTI,3,25,1.414973347970818
ATGTCTTGTAGGTTGT-1,C57BL6,0,0,0.0
ATGTCTTGTATGCGGC-1,OTI,2,5,0.7781512503836436
ATGTCTTGTCAGCGGT-1,OTI,7,101,2.0086001717619175
ATGTCTTGTGTTCTCA-1,OTI,0,0,0.0
ATGTGAAAGAACGCGA-1,C57BL6,0,0,0.0
ATGTGAAAGAGCCCAT-1,OTI,10,126,2.103803720955957
ATGTGAAAGCATAGGG-1,OTI,7,233,2.369215857410143
ATGTGAAAGCCTTTCG-1,OTI,2,63,1.806179973983887
ATGTGAAAGCTGCGAT-1,OTI,7,85,1.9344984512435677
ATGTGAAAGCTGTGGT-1,C57BL6,1,7,0.9030899869919435
ATGTGAAAGGTAGAAC-1,OTI,1,2,0.47712125471966244
ATGTGAGCAAATCTCA-1,OTI,0,0,0.0
ATGTGAGCAGTGAGGT-1,C57BL6,0,0,0.0
ATGTGAGCAGTGGGAT-1,OTI,7,328,2.5171958979499744
ATGTGCGGTAACCGCA-1,OTI,3,147,2.1702617153949575
ATGTGCGGTACAGCAT-1,OTI,3,15,1.2041199826559248
ATGTGCGGTACTATTC-1,OTI,5,294,2.469822015978163
ATGTGCGGTCCGATAG-1,OTI,1,7,0.9030899869919435
ATGTGCGGTCCGCCTA-1,C57BL6,0,0,0.0
ATGTGCGGTCCGTGTT-1,C57BL6,0,0,0.0
ATGTGCGGTCGCTCTG-1,OTI,3,45,1.662757831681574
ATGTGCGGTGGCGGTT-1,OTI,3,30,1.4913616938342726
ATGTGCGGTGTCTAGG-1,OTI,0,0,0.0
ATGTGGCTCACAGATT-1,C57BL6,0,0,0.0
ATGTGGCTCACATCTC-1,C57BL6,0,0,0.0
ATGTGGCTCACCTCAT-1,OTI,0,0,0.0
ATGTGGCTCACGGTGT-1,C57BL6,1,9,1.0
ATGTGGCTCCTACTTA-1,OTI,0,0,0.0
ATGTGGCTCGGCGCTA-1,OTI,3,55,1.7481880270062005
ATGTGGCTCGGCTTCC-1,OTI,1,31,1.505149978319906
ATGTGGCTCGTCTCCA-1,OTI,7,692,2.8407332346118066
ATGTGGCTCGTGAGCT-1,OTI,2,53,1.7323937598229686
ATGTGTAGTAGTGTAC-1,C57BL6,0,0,0.0
ATGTGTAGTATCCTGC-1,OTI,1,6,0.8450980400142568
ATGTGTAGTGCGATGC-1,C57BL6,3,250,2.399673721481038
ATGTGTAGTGCGTATG-1,C57BL6,0,0,0.0
ATGTGTAGTGGAACTT-1,C57BL6,2,17,1.255272505103306
ATGTGTCCAAACGAGC-1,OTI,2,177,2.250420002308894
ATGTGTCCAAATTGAA-1,OTI,4,28,1.462397997898956
ATGTGTCCAATTAATC-1,OTI,0,0,0.0
ATGTGTCCACACTCGA-1,C57BL6,4,373,2.5728716022004803
ATGTGTCCACGGCTTA-1,OTI,2,6,0.8450980400142568
ATGTGTCCAGCAACTT-1,OTI,2,19,1.3010299956639813
ATGTGTTAGAAAGCTA-1,OTI,2,153,2.187520720836463
ATGTGTTAGACCTATG-1,OTI,2,47,1.6812412373755872
ATGTGTTAGACTATGT-1,OTI,1,114,2.060697840353612
ATGTGTTAGATCGTTG-1,OTI,2,15,1.2041199826559248
ATGTGTTAGATTGGTT-1,OTI,1,5,0.7781512503836436
ATGTGTTAGCGCTTGG-1,C57BL6,2,105,2.0253058652647704
ATGTGTTAGCTAGGTC-1,C57BL6,0,0,0.0
ATGTTAATCACTGACA-1,OTI,2,226,2.3560258571931225
ATGTTAATCATTAACA-1,OTI,4,117,2.0718820073061255
ATGTTAATCCAACGTA-1,OTI,2,111,2.0492180226701815
ATGTTAATCCCCAATT-1,OTI,2,10,1.0413926851582251
ATGTTAATCGCGCGTA-1,OTI,2,37,1.5797835966168101
ATGTTAATCGGTAGCT-1,OTI,1,39,1.6020599913279623
ATGTTAATCGTAGGTC-1,OTI,1,3,0.6020599913279624
ATGTTAGGTAACTTCT-1,OTI,2,9,1.0
ATGTTAGGTATAAGCC-1,OTI,4,53,1.7323937598229686
ATGTTAGGTATCGCAG-1,OTI,1,12,1.1139433523068367
ATGTTAGGTCCAACGA-1,OTI,2,11,1.0791812460476249
ATGTTAGGTCGCTCTG-1,C57BL6,1,11,1.0791812460476249
ATGTTCGAGAAAGCTA-1,OTI,0,0,0.0
ATGTTCGAGAAGCCGA-1,OTI,3,42,1.6334684555795864
ATGTTCGAGAATGGCG-1,C57BL6,0,0,0.0
ATGTTCGAGACGAGGC-1,OTI,1,2,0.47712125471966244
ATGTTCGAGCCACTAA-1,OTI,1,37,1.5797835966168101
ATGTTCTGTCCTGCGC-1,OTI,0,0,0.0
ATGTTCTGTCGCCTAT-1,OTI,1,21,1.3424226808222062
ATGTTCTGTCTTAATC-1,OTI,0,0,0.0
ATGTTCTGTCTTGGAG-1,C57BL6,0,0,0.0
ATGTTCTGTGTATTCT-1,C57BL6,0,0,0.0
ATGTTGAGTCATCGAG-1,OTI,7,148,2.173186268412274
ATGTTGAGTCCTAGCT-1,C57BL6,0,0,0.0
ATGTTGAGTGCAAGGG-1,OTI,4,92,1.968482948553935
ATGTTGAGTGCGGAGA-1,OTI,4,7,0.9030899869919435
ATGTTGAGTGTCGGCG-1,OTI,3,132,2.123851640967086
ATTAAAGCAACATATT-1,OTI,0,0,0.0
ATTAAAGCAATCTCTT-1,C57BL6,0,0,0.0
ATTAAAGCAGGAACGT-1,C57BL6,0,0,0.0
ATTAAAGCAGGCTCTA-1,C57BL6,3,13,1.146128035678238
ATTAACATCAATGTTA-1,OTI,1,47,1.6812412373755872
ATTAACATCGCGTGCA-1,OTI,0,0,0.0
ATTAACATCGGATCCG-1,OTI,5,670,2.826722520168992
ATTAACATCGGGCATT-1,OTI,0,0,0.0
ATTAACATCGGTCAGT-1,OTI,3,27,1.4471580313422192
ATTAACATCGTGAACC-1,OTI,3,40,1.6127838567197355
ATTAACATCGTTATAA-1,OTI,0,0,0.0
ATTAACCAGACACCCG-1,OTI,5,303,2.482873583608754
ATTAACCAGACCTTAG-1,OTI,3,250,2.399673721481038
ATTAACCAGACGACAG-1,OTI,1,5,0.7781512503836436
ATTAACCAGATCCGTA-1,OTI,0,0,0.0
ATTAACCAGCTAGTCA-1,C57BL6,1,9,1.0
ATTAACCAGCTGGCAT-1,C57BL6,2,8,0.9542425094393249
ATTAACTCAACTGCAT-1,OTI,4,124,2.0969100130080562
ATTAACTCAATCCCGA-1,OTI,0,0,0.0
ATTAACTCAATTACGC-1,OTI,4,30,1.4913616938342726
ATTAACTCAATTATCG-1,OTI,2,68,1.8388490907372552
ATTAACTCACCAACAT-1,OTI,3,201,2.305351369446624
ATTAACTCACGTAGAA-1,OTI,4,572,2.75815462196739
ATTAAGACAAACCGAA-1,C57BL6,0,0,0.0
ATTAAGACAAGTCCAT-1,C57BL6,2,11,1.0791812460476249
ATTAAGACACACTGCA-1,OTI,1,13,1.146128035678238
ATTAAGACAGCTTTAA-1,C57BL6,0,0,0.0
ATTAAGACAGGTCATT-1,OTI,2,17,1.255272505103306
ATTAAGACAGTGCGAG-1,C57BL6,1,1,0.3010299956639812
ATTAAGCTCACAGCTA-1,OTI,4,20,1.3222192947339193
ATTAAGCTCACGTCAA-1,OTI,3,371,2.5705429398818973
ATTAAGCTCCAGTAGC-1,OTI,6,51,1.7160033436347992
ATTAAGCTCCCACTTG-1,OTI,3,39,1.6020599913279623
ATTAAGCTCCGTATTC-1,C57BL6,0,0,0.0
ATTAAGCTCCGTTTCG-1,OTI,1,1,0.3010299956639812
ATTAAGGAGCAGCCAT-1,C57BL6,0,0,0.0
ATTAAGGAGGCGATAG-1,OTI,5,150,2.1789769472931693
ATTAATCCACACACGC-1,OTI,0,0,0.0
ATTAATCCACATAGCT-1,OTI,6,453,2.6570558528571038
ATTAATCCACCAATAC-1,OTI,5,604,2.781755374652469
ATTAATCCACGAGTAA-1,C57BL6,0,0,0.0
ATTAATCCAGCCCATA-1,C57BL6,2,19,1.3010299956639813
ATTAATCCAGTGTTCG-1,OTI,2,43,1.6434526764861874
ATTAATGTCAAGCCTA-1,OTI,1,3,0.6020599913279624
ATTAATGTCACATTGG-1,OTI,4,89,1.954242509439325
ATTAATGTCAGCTATG-1,C57BL6,0,0,0.0
ATTAATGTCATTCATT-1,C57BL6,0,0,0.0
ATTAATGTCCAAGACC-1,OTI,0,0,0.0
ATTAATGTCGCGGATT-1,OTI,3,364,2.5622928644564746
ATTAATGTCGGGGTAA-1,C57BL6,0,0,0.0
ATTAATGTCGTTAGGC-1,OTI,1,18,1.2787536009528289
ATTACAATCAATTATG-1,C57BL6,0,0,0.0
ATTACAATCCAGCTCC-1,C57BL6,1,7,0.9030899869919435
ATTACAATCCCATCGC-1,OTI,1,5,0.7781512503836436
ATTACAATCCGGTATA-1,C57BL6,0,0,0.0
ATTACAATCCTGCTAT-1,C57BL6,4,387,2.5888317255942073
ATTACAATCGGGCTAT-1,OTI,0,0,0.0
ATTACACAGAACGTTT-1,OTI,6,43,1.6434526764861874
ATTACACAGACTGCGT-1,OTI,4,13,1.146128035678238
ATTACACAGATGAGGT-1,C57BL6,2,7,0.9030899869919435
ATTACACAGGTCCACG-1,C57BL6,0,0,0.0
ATTACAGGTCGATTCC-1,OTI,0,0,0.0
ATTACAGGTCGCTAAG-1,OTI,5,114,2.060697840353612
ATTACAGGTGCGTAGC-1,OTI,5,199,2.3010299956639813
ATTACAGGTGGTCCCC-1,OTI,0,0,0.0
ATTACAGGTGTGTAGT-1,OTI,2,38,1.591064607026499
ATTACCACAAACACCT-1,OTI,1,15,1.2041199826559248
ATTACCACACACTATA-1,OTI,3,74,1.8750612633917
ATTACCACACTCGGGT-1,OTI,3,64,1.8129133566428555
ATTACCACAGCGGTAG-1,OTI,6,168,2.2278867046136734
ATTACCGAGCAGTCTA-1,OTI,4,4,0.6989700043360189
ATTACCGAGCCCATGG-1,OTI,0,0,0.0
ATTACCGAGGCAACAG-1,OTI,4,153,2.187520720836463
ATTACCTGTACGGGTC-1,C57BL6,1,21,1.3424226808222062
ATTACCTGTAGGACGG-1,OTI,2,14,1.1760912590556813
ATTACCTGTATCGGGC-1,C57BL6,0,0,0.0
ATTACCTGTATTACCT-1,OTI,4,110,2.0453229787866576
ATTACCTGTCGCTTCG-1,OTI,0,0,0.0
ATTACCTGTCGTACAG-1,OTI,2,164,2.2174839442139063
ATTACCTGTGCTTCGT-1,C57BL6,0,0,0.0
ATTACCTGTGGGATAA-1,OTI,0,0,0.0
ATTACGCCACCAATAC-1,OTI,7,398,2.6009728956867484
ATTACGCCACCTCATC-1,OTI,3,973,2.9885589568786157
ATTACGCCAGCATCAT-1,C57BL6,0,0,0.0
ATTACGCCAGTATTCA-1,C57BL6,0,0,0.0
ATTACGCCAGTTGGTT-1,OTI,4,418,2.622214022966295
ATTACGTAGAAACGTA-1,OTI,0,0,0.0
ATTACGTAGAGACGCA-1,OTI,0,0,0.0
ATTACGTAGATCGTAT-1,C57BL6,1,4,0.6989700043360189
ATTACGTAGCCCTTGC-1,C57BL6,0,0,0.0
ATTACGTAGCCTGCAG-1,OTI,2,87,1.9444826721501687
ATTACGTAGCTGACCG-1,OTI,1,49,1.6989700043360187
ATTACGTAGGGGCATA-1,C57BL6,0,0,0.0
ATTACTTTCAACATTA-1,C57BL6,1,1,0.3010299956639812
ATTACTTTCAACTGCA-1,OTI,0,0,0.0
ATTACTTTCAAGTCGC-1,OTI,2,11,1.0791812460476249
ATTACTTTCATTAAGC-1,OTI,1,3,0.6020599913279624
ATTACTTTCCGGTCGA-1,OTI,0,0,0.0
ATTATCCGTACAGTTA-1,OTI,1,7,0.9030899869919435
ATTATCGCAAATTACT-1,OTI,2,14,1.1760912590556813
ATTATCGCAAGTGGCG-1,OTI,0,0,0.0
ATTATCGCAATCCAAC-1,C57BL6,0,0,0.0
ATTATCGCACAACGAA-1,OTI,4,414,2.6180480967120925
ATTATCGCACGTACAT-1,C57BL6,0,0,0.0
ATTATCGCACTCGGTA-1,OTI,9,133,2.1271047983648077
ATTATCGCAGTCCACA-1,OTI,0,0,0.0
ATTATCTTCATGTAAC-1,OTI,2,5,0.7781512503836436
ATTATCTTCCCTGCTA-1,OTI,0,0,0.0
ATTATCTTCCTCGAAA-1,OTI,2,85,1.9344984512435677
ATTATCTTCGGATCAC-1,C57BL6,2,14,1.1760912590556813
ATTATGCAGCGTCAGT-1,OTI,1,10,1.0413926851582251
ATTATGCAGCGTTATG-1,OTI,5,241,2.383815365980431
ATTATGCAGGCCTCGA-1,C57BL6,0,0,0.0
ATTATGCAGGTATTCG-1,OTI,0,0,0.0
ATTATGGGTAGAGGTA-1,C57BL6,0,0,0.0
ATTATGGGTAGTATGC-1,OTI,4,238,2.3783979009481375
ATTATGGGTCCTCTCC-1,OTI,2,204,2.311753861055754
ATTATGGGTGCCTTGT-1,OTI,4,231,2.3654879848909
ATTCAAATCACAGCAC-1,C57BL6,0,0,0.0
ATTCAAATCCAATACG-1,OTI,6,333,2.5237464668115646
ATTCAAATCCGGCATG-1,OTI,2,12,1.1139433523068367
ATTCAAATCCGGTGCA-1,C57BL6,3,11,1.0791812460476249
ATTCAAATCCTCTCGA-1,OTI,5,32,1.5185139398778875
ATTCAAATCGCATCAA-1,C57BL6,1,1,0.3010299956639812
ATTCAAATCGGACCTG-1,OTI,0,0,0.0
ATTCAACAGAACTAAG-1,C57BL6,1,1,0.3010299956639812
ATTCAACAGAGTGCAG-1,OTI,0,0,0.0
ATTCAACAGATGGGAT-1,OTI,2,33,1.5314789170422551
ATTCAACAGCAAGTAA-1,OTI,2,376,2.576341350205793
ATTCAACAGGTCCTAA-1,C57BL6,0,0,0.0
ATTCAACAGGTTCTAG-1,OTI,0,0,0.0
ATTCACGAGAACGATA-1,OTI,4,82,1.919078092376074
ATTCACGAGACTTCAG-1,OTI,5,116,2.0681858617461617
ATTCACGAGATCCAAT-1,OTI,7,103,2.0170333392987803
ATTCACGAGATCTTGG-1,OTI,7,98,1.99563519459755
ATTCACGAGGTCTGGT-1,C57BL6,0,0,0.0
ATTCAGAGTAACTGCG-1,C57BL6,0,0,0.0
ATTCAGAGTACATTTC-1,OTI,1,10,1.0413926851582251
ATTCAGAGTATTATGG-1,OTI,1,53,1.7323937598229686
ATTCAGAGTCACCGCC-1,C57BL6,0,0,0.0
ATTCAGAGTCATACTT-1,C57BL6,0,0,0.0
ATTCAGAGTCGGCTCC-1,OTI,2,11,1.0791812460476249
ATTCAGAGTCGTCTGT-1,C57BL6,0,0,0.0
ATTCAGAGTCTGGTGA-1,OTI,2,13,1.146128035678238
ATTCAGAGTGGCTAAT-1,OTI,2,5,0.7781512503836436
ATTCAGAGTGGGGAAT-1,C57BL6,0,0,0.0
ATTCAGCCAACTTCAA-1,C57BL6,0,0,0.0
ATTCAGCCAAGTACAG-1,OTI,2,287,2.459392487759231
ATTCAGCCAAGTACTC-1,C57BL6,0,0,0.0
ATTCAGCCAATCTTAG-1,C57BL6,0,0,0.0
ATTCAGCCAATTGACC-1,OTI,7,138,2.143014800254095
ATTCAGCCACTAATAT-1,C57BL6,1,13,1.146128035678238
ATTCAGTAGAGAGAGA-1,OTI,0,0,0.0
ATTCAGTAGCCGCCAA-1,C57BL6,0,0,0.0
ATTCAGTAGCTACAAT-1,OTI,2,193,2.287801729930226
ATTCAGTAGGCATCGT-1,C57BL6,3,3,0.6020599913279624
ATTCAGTAGGGACAAT-1,C57BL6,1,5,0.7781512503836436
ATTCAGTAGGGCATGA-1,C57BL6,0,0,0.0
ATTCATGCAACTGCCA-1,OTI,0,0,0.0
ATTCATGCACTTATAG-1,C57BL6,0,0,0.0
ATTCATTTCAAACCCA-1,OTI,2,44,1.6532125137753437
ATTCATTTCATTGTCC-1,C57BL6,0,0,0.0
ATTCATTTCCACCAAA-1,OTI,2,182,2.2624510897304293
ATTCATTTCGCAATAT-1,C57BL6,0,0,0.0
ATTCATTTCGCGGCTA-1,OTI,1,13,1.146128035678238
ATTCATTTCGTACGTA-1,C57BL6,0,0,0.0
ATTCATTTCGTGCAAC-1,OTI,0,0,0.0
ATTCGACCAAGCATAG-1,OTI,3,21,1.3424226808222062
ATTCGACCACAGTCCA-1,OTI,6,756,2.8790958795000727
ATTCGACCACCTACCT-1,OTI,2,275,2.4409090820652177
ATTCGACCACCTCTAC-1,C57BL6,0,0,0.0
ATTCGACCACCTGCTT-1,OTI,4,187,2.27415784926368
ATTCGACCACTTAAGC-1,C57BL6,0,0,0.0
ATTCGACCAGCGGTCT-1,OTI,1,14,1.1760912590556813
ATTCGACCAGGGCGTA-1,C57BL6,1,5,0.7781512503836436
ATTCGACCAGGGTCTC-1,C57BL6,0,0,0.0
ATTCGACCAGTAGGGT-1,OTI,1,6,0.8450980400142568
ATTCGATAGACCATGC-1,C57BL6,0,0,0.0
ATTCGATAGACCTTTC-1,OTI,0,0,0.0
ATTCGATAGAGCAACG-1,OTI,4,21,1.3424226808222062
ATTCGATAGCACGGAA-1,OTI,1,9,1.0
ATTCGATAGCATAGGG-1,OTI,0,0,0.0
ATTCGATAGCGTGAGA-1,OTI,2,62,1.7993405494535817
ATTCGATAGGGCGGAT-1,OTI,0,0,0.0
ATTCGCTTCAGCCCTC-1,OTI,0,0,0.0
ATTCGCTTCCATCATC-1,OTI,2,14,1.1760912590556813
ATTCGCTTCCCTAAAG-1,OTI,4,112,2.0530784434834195
ATTCGGGGTCATTTCG-1,C57BL6,0,0,0.0
ATTCGGGGTGGCTTGA-1,OTI,0,0,0.0
ATTCGGTCAACATCCG-1,OTI,5,258,2.413299764081252
ATTCGGTCAACGCCAC-1,OTI,2,59,1.7781512503836436
ATTCGGTCACACAAGA-1,OTI,0,0,0.0
ATTCGGTCAGCAACTT-1,C57BL6,1,2,0.47712125471966244
ATTCGGTCAGCTATTA-1,C57BL6,0,0,0.0
ATTCGGTCAGGGTCAG-1,OTI,0,0,0.0
ATTCGGTCAGGTTTCG-1,C57BL6,0,0,0.0
ATTCGTACAAATTTCG-1,OTI,2,32,1.5185139398778875
ATTCGTACAAGGCACG-1,OTI,2,31,1.505149978319906
ATTCGTACACACCTCT-1,OTI,6,251,2.401400540781544
ATTCGTACACTCGGAC-1,C57BL6,15,18,1.2787536009528289
ATTCGTACAGTGCAGG-1,OTI,10,75,1.8808135922807914
ATTCGTCTCACTCCAT-1,OTI,5,87,1.9444826721501687
ATTCGTCTCAGCCTCC-1,OTI,2,72,1.863322860120456
ATTCGTCTCCAATATA-1,OTI,3,56,1.7558748556724915
ATTCGTGAGAAGGCAT-1,OTI,1,13,1.146128035678238
ATTCGTGAGCCGTGAT-1,C57BL6,0,0,0.0
ATTCGTGAGCGGTTCG-1,C57BL6,0,0,0.0
ATTCGTGAGCTATTGG-1,C57BL6,0,0,0.0
ATTCGTGAGGCGGAGT-1,OTI,6,35,1.5563025007672873
ATTCGTGAGGGAGATT-1,OTI,4,17,1.255272505103306
ATTCGTGAGGGCCATT-1,OTI,2,17,1.255272505103306
ATTCGTGAGGGTACGA-1,C57BL6,0,0,0.0
ATTCGTTGTACGCTTC-1,C57BL6,0,0,0.0
ATTCGTTGTACGGGTC-1,OTI,3,69,1.845098040014257
ATTCGTTGTATACTAG-1,OTI,4,46,1.6720978579357175
ATTCGTTGTCAACCTC-1,C57BL6,0,0,0.0
ATTCGTTGTCTGTTGC-1,OTI,1,6,0.8450980400142568
ATTCGTTGTGCAGTCA-1,OTI,2,11,1.0791812460476249
ATTCGTTGTGCGTATG-1,OTI,1,168,2.2278867046136734
ATTCGTTGTGTGTGCA-1,C57BL6,0,0,0.0
ATTCGTTGTGTTACTT-1,OTI,2,25,1.414973347970818
ATTCTAGCAAGCTTCG-1,C57BL6,0,0,0.0
ATTCTAGCAGCAATCT-1,C57BL6,1,3,0.6020599913279624
ATTCTAGCAGCATGCC-1,OTI,8,136,2.1367205671564067
ATTCTAGCAGGCCTTA-1,OTI,1,6,0.8450980400142568
ATTCTAGCAGGGGCTA-1,OTI,0,0,0.0
ATTCTCATCAACGTTG-1,C57BL6,1,5,0.7781512503836436
ATTCTCATCAAGCTCA-1,OTI,2,82,1.919078092376074
ATTCTCATCACGGGTT-1,OTI,5,24,1.3979400086720377
ATTCTCATCACTGCAA-1,C57BL6,0,0,0.0
ATTCTCATCAGACATT-1,OTI,5,93,1.9731278535996986
ATTCTCATCAGTTATA-1,OTI,1,6,0.8450980400142568
ATTCTCATCCACTTCG-1,OTI,6,80,1.9084850188786497
ATTCTCATCCCTAGGG-1,C57BL6,3,3,0.6020599913279624
ATTCTGTGTCAATCCC-1,OTI,3,58,1.7708520116421442
ATTCTGTGTCACCCAT-1,OTI,0,0,0.0
ATTCTGTGTCTTCTCT-1,OTI,0,0,0.0
ATTCTGTGTGGGTTCA-1,OTI,2,8,0.9542425094393249
ATTGAAGAGACATGCC-1,OTI,2,50,1.7075701760979363
ATTGAAGAGATACGGG-1,C57BL6,0,0,0.0
ATTGAAGAGATGGTTT-1,OTI,1,2,0.47712125471966244
ATTGAAGAGCATGTAT-1,OTI,0,0,0.0
ATTGAAGAGCCCTTGC-1,OTI,0,0,0.0
ATTGAAGAGCTGCGAT-1,OTI,6,270,2.432969290874406
ATTGAAGAGGTAAGGT-1,C57BL6,0,0,0.0
ATTGACCCAAACCATC-1,C57BL6,0,0,0.0
ATTGACCCAAACCTTA-1,OTI,4,128,2.110589710299249
ATTGACCCAACCTATA-1,C57BL6,0,0,0.0
ATTGACCCAATCACTA-1,OTI,5,20,1.3222192947339193
ATTGACCCACACTCGA-1,OTI,3,53,1.7323937598229686
ATTGACCCACCGGTTA-1,OTI,0,0,0.0
ATTGAGAAGAAGTGTA-1,C57BL6,0,0,0.0
ATTGAGAAGAGACATA-1,OTI,2,130,2.1172712956557644
ATTGAGAAGCCATCAA-1,OTI,3,188,2.2764618041732443
ATTGAGAAGCGCTGAT-1,OTI,1,9,1.0
ATTGAGAAGCGTCAAC-1,OTI,8,31,1.505149978319906
ATTGAGAAGGGAGGTC-1,OTI,0,0,0.0
ATTGAGAAGGTCGCAT-1,OTI,2,82,1.919078092376074
ATTGAGCGTACTTAAG-1,C57BL6,1,38,1.591064607026499
ATTGAGCGTCACGGCG-1,C57BL6,4,82,1.919078092376074
ATTGAGCGTCTGATAA-1,C57BL6,1,6,0.8450980400142568
ATTGAGCGTGCTTCCG-1,C57BL6,0,0,0.0
ATTGAGCGTGGCCCCT-1,OTI,3,170,2.2329961103921536
ATTGCATAGAAGCGGC-1,C57BL6,1,7,0.9030899869919435
ATTGCATAGCATCGCG-1,OTI,0,0,0.0
ATTGCATAGCGCGTAT-1,C57BL6,0,0,0.0
ATTGCATAGGTTGGTC-1,OTI,1,3,0.6020599913279624
ATTGCCCGTAAGGGTA-1,OTI,8,266,2.4265112613645754
ATTGCCCGTAAGGTCT-1,C57BL6,1,10,1.0413926851582251
ATTGCCCGTAGGACTT-1,OTI,5,283,2.4533183400470375
ATTGCCCGTCCGAATG-1,OTI,1,37,1.5797835966168101
ATTGCCCGTGGAACTT-1,OTI,1,5,0.7781512503836436
ATTGCCCGTGGTCAGC-1,OTI,0,0,0.0
ATTGCGGGTAGCGTTG-1,C57BL6,0,0,0.0
ATTGCGGGTATCCGAG-1,C57BL6,0,0,0.0
ATTGCGGGTATGGTCG-1,OTI,0,0,0.0
ATTGCGGGTGCCCATT-1,C57BL6,0,0,0.0
ATTGCGGGTGGCAATT-1,C57BL6,0,0,0.0
ATTGCTACAACGCGAG-1,OTI,1,97,1.9912260756924949
ATTGCTACAACGCGCT-1,C57BL6,0,0,0.0
ATTGCTACAACTAATT-1,OTI,0,0,0.0
ATTGCTACAACTTTAG-1,OTI,1,10,1.0413926851582251
ATTGCTACAATAGGGC-1,C57BL6,1,3,0.6020599913279624
ATTGCTACAATTGCTA-1,OTI,2,11,1.0791812460476249
ATTGCTACAGCTAGGG-1,OTI,7,32,1.5185139398778875
ATTGCTACAGTACTCG-1,OTI,2,91,1.9637878273455553
ATTGCTACAGTTGGAA-1,OTI,1,16,1.2304489213782739
ATTGCTCTCAATCCCT-1,OTI,1,8,0.9542425094393249
ATTGCTCTCACCATTC-1,OTI,3,201,2.305351369446624
ATTGCTCTCCTGCATT-1,C57BL6,2,11,1.0791812460476249
ATTGCTCTCGCAGTAC-1,C57BL6,0,0,0.0
ATTGCTCTCGGCGTCA-1,OTI,1,2,0.47712125471966244
ATTGCTTGTACTTAAG-1,C57BL6,0,0,0.0
ATTGCTTGTGGGGATG-1,OTI,4,282,2.45178643552429
ATTGGCATCAAGGTAA-1,C57BL6,0,0,0.0
ATTGGCATCAATCTCC-1,OTI,1,187,2.27415784926368
ATTGGCATCACTCTTA-1,OTI,3,1174,3.070037866607755
ATTGGCATCATCAGCA-1,C57BL6,2,50,1.7075701760979363
ATTGGCATCCCTGTCA-1,OTI,3,25,1.414973347970818
ATTGGCATCCTTCAAC-1,C57BL6,0,0,0.0
ATTGGCATCCTTGTAC-1,C57BL6,0,0,0.0
ATTGGCATCGGTACTA-1,OTI,3,15,1.2041199826559248
ATTGGCATCGGTAGCT-1,OTI,13,831,2.920123326290724
ATTGGGCTCACCTCTG-1,OTI,2,3,0.6020599913279624
ATTGGGCTCCCCTAGC-1,C57BL6,0,0,0.0
ATTGGGCTCCTTCATA-1,OTI,2,15,1.2041199826559248
ATTGGGCTCGCCACTC-1,OTI,4,22,1.3617278360175928
ATTGGGCTCGCTGAGT-1,OTI,0,0,0.0
ATTGGGCTCGGCGAAA-1,OTI,5,119,2.0791812460476247
ATTGGGTGTAACCCGA-1,OTI,3,3,0.6020599913279624
ATTGGGTGTAACTCGG-1,OTI,0,0,0.0
ATTGGGTGTAGTGAGA-1,OTI,1,2,0.47712125471966244
ATTGGGTGTCCCATGT-1,OTI,4,367,2.5658478186735176
ATTGGGTGTGCCATAG-1,C57BL6,0,0,0.0
ATTGGTAGTAACTCCC-1,OTI,5,255,2.4082399653118496
ATTGGTAGTAATGGCT-1,C57BL6,6,8,0.9542425094393249
ATTGGTAGTAGCGCGT-1,OTI,4,79,1.9030899869919435
ATTGGTAGTAGGCATT-1,OTI,1,1,0.3010299956639812
ATTGGTAGTCCAAGAT-1,OTI,6,488,2.6893088591236203
ATTGGTAGTCCGAATG-1,C57BL6,0,0,0.0
ATTGGTAGTCGTTCTA-1,OTI,3,7,0.9030899869919435
ATTGGTAGTGTGTTGG-1,OTI,1,11,1.0791812460476249
ATTGGTTAGAGGCGGT-1,OTI,0,0,0.0
ATTGGTTAGGTTGCCG-1,C57BL6,0,0,0.0
ATTGTAATCAACAGCC-1,OTI,0,0,0.0
ATTGTAATCACAACGC-1,C57BL6,0,0,0.0
ATTGTAATCAGTATGT-1,OTI,2,14,1.1760912590556813
ATTGTAATCCCACGCT-1,OTI,3,87,1.9444826721501687
ATTGTAATCCTACATC-1,C57BL6,1,5,0.7781512503836436
ATTGTAATCGCTCCTA-1,C57BL6,0,0,0.0
ATTGTAATCGTGCATA-1,OTI,3,169,2.230448921378274
ATTGTAGGTAACCGTG-1,OTI,1,14,1.1760912590556813
ATTGTAGGTATCTGTT-1,C57BL6,0,0,0.0
ATTGTAGGTCTCATTG-1,OTI,1,34,1.5440680443502757
ATTGTAGGTGGGCGTT-1,OTI,6,36,1.568201724066995
ATTGTATCAAAGTCTC-1,OTI,5,169,2.230448921378274
ATTGTATCAACGTGGG-1,OTI,1,10,1.0413926851582251
ATTGTATCACAGTCAT-1,C57BL6,1,11,1.0791812460476249
ATTGTATCACTCTCCG-1,OTI,0,0,0.0
ATTGTATCACTGGGCT-1,OTI,4,118,2.0755469613925306
ATTGTATCAGCGTATT-1,C57BL6,1,3,0.6020599913279624
ATTGTCCTCAGGGTCT-1,C57BL6,0,0,0.0
ATTGTCCTCAGTCCGG-1,OTI,3,12,1.1139433523068367
ATTGTCCTCCAGCATA-1,C57BL6,1,42,1.6334684555795864
ATTGTCCTCCCACTTG-1,OTI,5,66,1.8260748027008264
ATTGTCCTCCCTATGT-1,C57BL6,0,0,0.0
ATTGTCCTCCGGTGCA-1,OTI,6,40,1.6127838567197355
ATTGTCCTCCTGGTAA-1,C57BL6,0,0,0.0
ATTGTCCTCGTACTTC-1,C57BL6,2,2,0.47712125471966244
ATTGTCTGTAGTTGCG-1,C57BL6,1,3,0.6020599913279624
ATTGTCTGTGCTCCGC-1,OTI,1,150,2.1789769472931693
ATTGTCTGTGGAATGA-1,OTI,5,162,2.2121876044039577
ATTGTCTGTGGGATAA-1,C57BL6,2,6,0.8450980400142568
ATTGTGGTCACAACGC-1,C57BL6,0,0,0.0
ATTGTGGTCAGGGTTC-1,C57BL6,3,4,0.6989700043360189
ATTGTGGTCAGTTAGT-1,C57BL6,0,0,0.0
ATTGTGGTCGCGACAT-1,C57BL6,0,0,0.0
ATTGTGGTCGTCCGCT-1,C57BL6,2,3,0.6020599913279624
ATTGTGGTCGTCGAGT-1,C57BL6,0,0,0.0
ATTGTGTAGAAAGGTC-1,OTI,4,520,2.7168377232995247
ATTGTGTAGGCGTCCA-1,OTI,3,23,1.380211241711606
ATTGTGTAGGCTCTAA-1,OTI,2,61,1.792391689498254
ATTGTGTAGGTGCGAA-1,C57BL6,0,0,0.0
CAAACCATCAGTATGT-1,OTI,0,0,0.0
CAAACCATCCGGTGCA-1,C57BL6,1,9,1.0
CAAACCATCGTATGTG-1,C57BL6,0,0,0.0
CAAACCCAGAACGACG-1,OTI,3,68,1.8388490907372552
CAAACCCAGAACTAAG-1,C57BL6,0,0,0.0
CAAACCCAGAGTGGCA-1,OTI,2,22,1.3617278360175928
CAAACCCAGATCTTCC-1,OTI,2,140,2.1492191126553797
CAAACCCAGCAGGGTA-1,OTI,0,0,0.0
CAAACCCAGCATGTCA-1,C57BL6,0,0,0.0
CAAACCCAGCCTCGAG-1,OTI,1,41,1.6232492903979006
CAAACCCAGGGGATTG-1,OTI,3,53,1.7323937598229686
CAAACCCAGGGTAGGC-1,OTI,4,28,1.462397997898956
CAAACCTCACAATGCT-1,OTI,1,3,0.6020599913279624
CAAACCTCACCAGAGG-1,OTI,1,34,1.5440680443502757
CAAACCTCACTACGCA-1,OTI,3,35,1.5563025007672873
CAAACCTCACTGGGGA-1,OTI,0,0,0.0
CAAACCTCAGGGGCTA-1,OTI,3,148,2.173186268412274
CAAACCTCAGTCCACA-1,OTI,3,74,1.8750612633917
CAAACGGAGATGCTCA-1,OTI,6,206,2.315970345456918
CAAACGGAGCACTTTC-1,OTI,3,50,1.7075701760979363
CAAACGGAGGCAAAGT-1,OTI,1,16,1.2304489213782739
CAAACGGAGGCAGGGT-1,OTI,2,8,0.9542425094393249
CAAACGTGTACATATG-1,OTI,5,48,1.6901960800285136
CAAACGTGTACTACCC-1,C57BL6,0,0,0.0
CAAACGTGTACTTGGG-1,OTI,2,21,1.3424226808222062
CAAACGTGTAGAGAAT-1,C57BL6,0,0,0.0
CAAACGTGTCCAGGTA-1,OTI,2,76,1.8864907251724818
CAAACGTGTCGTTGCT-1,OTI,3,198,2.298853076409707
CAAACGTGTGCGGGTT-1,OTI,3,63,1.806179973983887
CAAACTTAGACAGCGA-1,OTI,4,721,2.858537197569639
CAAACTTAGACCTGTA-1,C57BL6,0,0,0.0
CAAACTTAGATTGTGT-1,C57BL6,0,0,0.0
CAAACTTAGCTAGTTG-1,OTI,0,0,0.0
CAAACTTAGCTGGGTT-1,OTI,0,0,0.0
CAAAGCCTCAAACCTG-1,C57BL6,1,6,0.8450980400142568
CAAAGCCTCACTCGCC-1,C57BL6,0,0,0.0
CAAAGCCTCATGCAAT-1,C57BL6,0,0,0.0
CAAAGCCTCCAAGCTA-1,OTI,2,284,2.45484486000851
CAAAGCCTCCGAAGTC-1,C57BL6,2,11,1.0791812460476249
CAAAGCCTCCGTCAAA-1,OTI,1,1,0.3010299956639812
CAAAGCCTCGGCGTTG-1,OTI,4,93,1.9731278535996986
CAAAGCCTCGTCGAAC-1,C57BL6,0,0,0.0
CAAAGCGAGAACATAG-1,OTI,1,9,1.0
CAAAGCGAGACCAGAG-1,OTI,5,335,2.526339277389844
CAAAGCGAGAGAGTTA-1,C57BL6,0,0,0.0
CAAAGCGAGCGCTGTG-1,OTI,5,200,2.303196057420489
CAAAGCGAGCTATTGG-1,C57BL6,0,0,0.0
CAAAGCGAGCTGACCG-1,OTI,4,197,2.296665190261531
CAAAGCGAGGGTACAG-1,OTI,4,56,1.7558748556724915
CAAAGCGAGGTCCTTT-1,C57BL6,1,8,0.9542425094393249
CAAAGCTGTACTTCGC-1,OTI,1,10,1.0413926851582251
CAAAGCTGTCCGGCCT-1,C57BL6,6,201,2.305351369446624
CAAAGCTGTCGCATCT-1,C57BL6,0,0,0.0
CAAAGGAGTACACTCC-1,OTI,5,197,2.296665190261531
CAAAGGAGTACTAAGC-1,OTI,0,0,0.0
CAAAGGAGTACTGGAT-1,OTI,3,27,1.4471580313422192
CAAAGGAGTATCAGTA-1,OTI,1,13,1.146128035678238
CAAAGGAGTCTACTGC-1,OTI,4,109,2.041392685158225
CAAAGGAGTCTCCGGC-1,OTI,3,111,2.0492180226701815
CAAAGGAGTGCTTGGA-1,C57BL6,0,0,0.0
CAAAGGAGTGGGGTTC-1,OTI,7,190,2.2810333672477277
CAAAGGAGTGTTACGG-1,OTI,4,393,2.595496221825574
CAAAGGTAGGGACGTA-1,OTI,4,100,2.0043213737826426
CAAAGGTAGGGGCTAA-1,OTI,0,0,0.0
CAAAGGTAGGTTAGTT-1,OTI,1,39,1.6020599913279623
CAAAGTAAGAACGTAA-1,OTI,2,11,1.0791812460476249
CAAAGTAAGAGGTTGG-1,OTI,3,9,1.0
CAAAGTAAGGGTATCC-1,OTI,1,23,1.380211241711606
CAAATCCCAAATGCGA-1,OTI,11,634,2.8027737252919755
CAAATCCCAACATCCG-1,OTI,1,19,1.3010299956639813
CAAATCCCAACATGTC-1,OTI,3,335,2.526339277389844
CAAATCCCAAGTACAG-1,OTI,3,125,2.100370545117563
CAAATCCCAAGTTAGG-1,C57BL6,1,20,1.3222192947339193
CAAATCCCACGGCAAG-1,OTI,1,463,2.6665179805548807
CAAATCCCAGCAGCGA-1,C57BL6,0,0,0.0
CAAATCGTCACTGCCC-1,OTI,0,0,0.0
CAAATCGTCACTTCGT-1,OTI,6,355,2.5514499979728753
CAAATCGTCATCGGCG-1,OTI,2,6,0.8450980400142568
CAAATCGTCCAGCATA-1,OTI,3,101,2.0086001717619175
CAAATCGTCCGCCGTT-1,OTI,8,393,2.595496221825574
CAAATCGTCCGGTCAG-1,C57BL6,0,0,0.0
CAAATCGTCCGTTTAC-1,C57BL6,1,3,0.6020599913279624
CAAATCGTCCTATGTC-1,OTI,0,0,0.0
CAAATCGTCGCGTGCA-1,OTI,3,163,2.214843848047698
CAAATCGTCGGTTAGC-1,C57BL6,2,6,0.8450980400142568
CAAATGAAGAAGCCGA-1,C57BL6,0,0,0.0
CAAATGAAGATGTATC-1,OTI,1,20,1.3222192947339193
CAAATGAAGCACTACA-1,OTI,3,73,1.8692317197309762
CAAATGAAGCTCAGGT-1,OTI,6,104,2.0211892990699383
CAAATGAAGCTGATTG-1,C57BL6,1,6,0.8450980400142568
CAAATGAAGCTGTATG-1,C57BL6,1,5,0.7781512503836436
CAAATGAAGGCACCAT-1,OTI,1,8,0.9542425094393249
CAAATGAAGGCACGAA-1,OTI,0,0,0.0
CAAATGAAGGGCTAGA-1,OTI,6,103,2.0170333392987803
CAAATGAAGGGGTAAT-1,C57BL6,0,0,0.0
CAAATGGCAAATACAA-1,OTI,2,112,2.0530784434834195
CAAATGGCAACTGCGC-1,OTI,4,15,1.2041199826559248
CAAATGGCAAGGGGAA-1,OTI,2,18,1.2787536009528289
CAAATGGCACCTCAGA-1,OTI,0,0,0.0
CAAATGGCACGATAAG-1,C57BL6,14,205,2.3138672203691533
CAAATGGCACTGGAGG-1,OTI,3,119,2.0791812460476247
CAAATGTTCAATATTG-1,C57BL6,0,0,0.0
CAAATGTTCATGTCCT-1,OTI,0,0,0.0
CAAATGTTCCCGAAAC-1,OTI,4,43,1.6434526764861874
CAAATTATCATATTAG-1,OTI,6,19,1.3010299956639813
CAAATTATCATCGCTT-1,C57BL6,1,1,0.3010299956639812
CAAATTATCATGATGT-1,OTI,2,245,2.3909351071033793
CAAATTATCATGGCGT-1,OTI,9,23,1.380211241711606
CAAATTATCCGGTATA-1,C57BL6,0,0,0.0
CAAATTATCGGTGTCG-1,C57BL6,0,0,0.0
CAAATTCAGCGAAACG-1,OTI,0,0,0.0
CAAATTCAGCTTCGTT-1,C57BL6,0,0,0.0
CAAATTCAGGTAGACG-1,OTI,2,10,1.0413926851582251
CAACACATCAACTGCA-1,OTI,4,21,1.3424226808222062
CAACACATCACAACTG-1,C57BL6,1,19,1.3010299956639813
CAACACATCACGCGCA-1,OTI,2,6,0.8450980400142568
CAACACATCCACCGCT-1,C57BL6,0,0,0.0
CAACACATCCCTTTCC-1,C57BL6,3,23,1.380211241711606
CAACACATCCGACTCC-1,C57BL6,2,10,1.0413926851582251
CAACACATCGCCTTGC-1,OTI,6,519,2.716003343634799
CAACACATCGCGGATT-1,OTI,2,57,1.7634279935629373
CAACACATCGTGCTCC-1,OTI,0,0,0.0
CAACAGACAAAATCTT-1,OTI,0,0,0.0
CAACAGACAACTCCGA-1,C57BL6,0,0,0.0
CAACAGACAGCGCGAA-1,C57BL6,1,1,0.3010299956639812
CAACAGACAGCTCAAT-1,OTI,7,426,2.630427875025024
CAACAGACAGGGTTCC-1,OTI,0,0,0.0
CAACAGCTCCATCGGG-1,OTI,3,17,1.255272505103306
CAACAGCTCGTACTTC-1,C57BL6,0,0,0.0
CAACAGCTCGTCAAAT-1,OTI,4,77,1.8920946026904804
CAACAGGAGAATGCCC-1,C57BL6,1,6,0.8450980400142568
CAACAGGAGACCCTAA-1,C57BL6,0,0,0.0
CAACAGGAGAGCCGTT-1,C57BL6,0,0,0.0
CAACAGGAGCACGAAG-1,C57BL6,1,4,0.6989700043360189
CAACAGGAGCCAGAGA-1,OTI,2,58,1.7708520116421442
CAACATCCAACATGGA-1,OTI,5,200,2.303196057420489
CAACATCCAACCACAT-1,OTI,0,0,0.0
CAACATCCAACGCACC-1,OTI,6,7,0.9030899869919435
CAACATCCAAGAGGTC-1,OTI,7,69,1.845098040014257
CAACATCCAATACGCT-1,OTI,1,1,0.3010299956639812
CAACATCCACCGACAC-1,OTI,2,57,1.7634279935629373
CAACATCCACGTAGAA-1,C57BL6,0,0,0.0
CAACATTAGCACCTAA-1,OTI,2,29,1.4771212547196624
CAACATTAGGCATCAC-1,C57BL6,1,6,0.8450980400142568
CAACCCACAAAGTAAC-1,OTI,2,185,2.2695129442179165
CAACCCACAATCATCA-1,OTI,3,97,1.9912260756924949
CAACCCACACGATTTA-1,C57BL6,0,0,0.0
CAACCCACACGCAGGA-1,C57BL6,0,0,0.0
CAACCCACAGCTTCAG-1,OTI,4,27,1.4471580313422192
CAACCCACAGTCGCAC-1,OTI,0,0,0.0
CAACCCGAGACGCCCA-1,OTI,0,0,0.0
CAACCCGAGCAATATC-1,OTI,2,21,1.3424226808222062
CAACCCGAGCACCACG-1,OTI,2,2,0.47712125471966244
CAACCCGAGGGAGAGG-1,OTI,0,0,0.0
CAACCCTGTATGGTCG-1,OTI,1,16,1.2304489213782739
CAACCCTGTATGTCGG-1,C57BL6,0,0,0.0
CAACCCTGTCCAACTC-1,OTI,4,82,1.919078092376074
CAACCGTAGAACCCGT-1,OTI,3,93,1.9731278535996986
CAACCGTAGAGGCACA-1,OTI,0,0,0.0
CAACCGTAGATGATGA-1,OTI,5,418,2.622214022966295
CAACCGTAGCTACATG-1,C57BL6,0,0,0.0
CAACCGTAGGGGAATT-1,C57BL6,1,2,0.47712125471966244
CAACCGTAGGGGGCAT-1,OTI,5,86,1.9395192526186185
CAACCGTAGGTCTGTA-1,C57BL6,0,0,0.0
CAACCTCGTACCACGA-1,C57BL6,0,0,0.0
CAACCTCGTATTCTGT-1,C57BL6,0,0,0.0
CAACCTCGTCATACAA-1,C57BL6,0,0,0.0
CAACCTCGTCATGCAG-1,OTI,1,6,0.8450980400142568
CAACCTCGTCCGCTTG-1,C57BL6,0,0,0.0
CAACCTCGTCCTTGCG-1,OTI,3,13,1.146128035678238
CAACCTCGTGCCCGAG-1,C57BL6,0,0,0.0
CAACCTCGTGGAGTGG-1,C57BL6,0,0,0.0
CAACCTCGTGGTCAAT-1,OTI,0,0,0.0
CAACCTCGTGTTGTCC-1,OTI,0,0,0.0
CAACCTTTCAGCCAAC-1,OTI,1,15,1.2041199826559248
CAACCTTTCAGTTGGC-1,OTI,3,9,1.0
CAACCTTTCATAGCAT-1,C57BL6,1,41,1.6232492903979006
CAACCTTTCATGTAGT-1,C57BL6,1,52,1.724275869600789
CAACCTTTCCAACATG-1,C57BL6,1,6,0.8450980400142568
CAACCTTTCCCTTTCC-1,OTI,4,174,2.2430380486862944
CAACCTTTCGGTTGTA-1,OTI,2,139,2.146128035678238
CAACGAACAAACGTTC-1,OTI,1,20,1.3222192947339193
CAACGAACACACTTAA-1,C57BL6,0,0,0.0
CAACGAACACATTAGC-1,OTI,2,13,1.146128035678238
CAACGAACACCCATTC-1,OTI,5,475,2.677606952720493
CAACGAACAGTCTATA-1,OTI,3,18,1.2787536009528289
CAACGAACAGTGTCGC-1,OTI,4,246,2.392696953259666
CAACGAGAGAGGGTAT-1,C57BL6,0,0,0.0
CAACGAGAGCCGCACA-1,OTI,2,112,2.0530784434834195
CAACGAGAGGTACCCG-1,OTI,6,75,1.8808135922807914
CAACGCCCAATCATTG-1,OTI,4,171,2.2355284469075487
CAACGCCCAGCATGCC-1,OTI,2,15,1.2041199826559248
CAACGCCCAGTGCGGA-1,OTI,7,176,2.247973266361807
CAACGGGCAAATCGAG-1,OTI,2,51,1.7160033436347992
CAACGGGCAACTTAAT-1,C57BL6,0,0,0.0
CAACGGGCACGAGCGA-1,C57BL6,3,46,1.6720978579357175
CAACGGGCAGCAAGAC-1,C57BL6,3,49,1.6989700043360187
CAACGTATCAACAGCC-1,OTI,0,0,0.0
CAACGTATCAGTTTAA-1,OTI,3,76,1.8864907251724818
CAACGTATCCAATTCC-1,OTI,5,588,2.7701152947871015
CAACGTATCCATCTGT-1,C57BL6,0,0,0.0
CAACGTATCCGATAAT-1,C57BL6,0,0,0.0
CAACGTATCCTGCACC-1,OTI,3,83,1.9242792860618816
CAACGTATCCTTAACC-1,OTI,0,0,0.0
CAACGTATCGGCGATT-1,C57BL6,0,0,0.0
CAACGTCAGACACCCG-1,OTI,2,227,2.357934847000454
CAACGTCAGCCTGGTG-1,OTI,0,0,0.0
CAACGTCAGGGAAATC-1,OTI,2,28,1.462397997898956
CAACGTGGTATAGCGT-1,OTI,5,49,1.6989700043360187
CAACGTGGTCAAAGCT-1,OTI,1,6,0.8450980400142568
CAACGTGGTCGTAATA-1,OTI,1,108,2.037426497940624
CAACGTGGTGCACTAG-1,C57BL6,1,4,0.6989700043360189
CAACTACCAACTCTCC-1,OTI,1,85,1.9344984512435677
CAACTACCAAGGCTCC-1,OTI,6,22,1.3617278360175928
CAACTACCAAGGTTAG-1,OTI,6,85,1.9344984512435677
CAACTACCAATCACGT-1,OTI,6,67,1.8325089127062364
CAACTACCACAACGGG-1,C57BL6,0,0,0.0
CAACTACCACATCAGT-1,C57BL6,7,9,1.0
CAACTACCACGAATCT-1,OTI,6,42,1.6334684555795864
CAACTCCGTAACAGGA-1,C57BL6,1,19,1.3010299956639813
CAACTCCGTAACTAGC-1,OTI,5,139,2.146128035678238
CAACTCCGTACATCCC-1,OTI,0,0,0.0
CAACTCCGTAGCCCTT-1,C57BL6,2,7,0.9030899869919435
CAACTCCGTAGCGGAG-1,C57BL6,7,76,1.8864907251724818
CAACTCCGTCCTTGTA-1,OTI,1,26,1.4313637641589874
CAACTCCGTCTGATAA-1,C57BL6,1,66,1.8260748027008264
CAACTCCGTGCGCGAT-1,C57BL6,1,66,1.8260748027008264
CAACTCCGTGGTTTGG-1,OTI,6,56,1.7558748556724915
CAACTCGCACCGTTAG-1,C57BL6,0,0,0.0
CAACTCGCAGTGTCAT-1,OTI,2,14,1.1760912590556813
CAACTTACACATTCGG-1,OTI,8,35,1.5563025007672873
CAACTTACAGCTATCG-1,OTI,4,487,2.6884198220027105
CAACTTACAGGAACGT-1,OTI,3,220,2.3443922736851106
CAACTTACAGTAAGAT-1,OTI,5,84,1.9294189257142926
CAACTTACAGTGTTCG-1,C57BL6,0,0,0.0
CAACTTCTCACGAGCT-1,OTI,3,38,1.591064607026499
CAACTTCTCAGTCCTT-1,OTI,1,1,0.3010299956639812
CAACTTCTCCACCATT-1,OTI,2,5,0.7781512503836436
CAACTTCTCCGACTCC-1,C57BL6,0,0,0.0
CAACTTCTCCGATACA-1,C57BL6,0,0,0.0
CAACTTCTCGTGCAGT-1,OTI,1,64,1.8129133566428555
CAAGACACAACGAGGT-1,OTI,0,0,0.0
CAAGACACAACGTCGC-1,OTI,2,164,2.2174839442139063
CAAGACACAATCTGAC-1,C57BL6,1,1,0.3010299956639812
CAAGACACACCACAGC-1,C57BL6,0,0,0.0
CAAGACACAGGTTGGG-1,OTI,1,10,1.0413926851582251
CAAGACCTCACCCTGC-1,C57BL6,0,0,0.0
CAAGACCTCAGTGAAA-1,OTI,2,48,1.6901960800285136
CAAGACCTCCCATAAG-1,OTI,2,121,2.0863598306747484
CAAGACCTCCGAATGC-1,C57BL6,0,0,0.0
CAAGACCTCCTCCGAC-1,C57BL6,0,0,0.0
CAAGACCTCGCGAGTT-1,OTI,3,285,2.456366033129043
CAAGACCTCGCTTCGC-1,OTI,2,98,1.99563519459755
CAAGACCTCGTGACGT-1,OTI,2,555,2.7450747915820575
CAAGACCTCGTGCTAA-1,OTI,5,21,1.3424226808222062
CAAGACCTCGTTGCTT-1,C57BL6,0,0,0.0
CAAGACGAGACCCCAG-1,OTI,0,0,0.0
CAAGACGAGATAGTGA-1,OTI,3,63,1.806179973983887
CAAGACGAGGGCGAGT-1,OTI,7,430,2.6344772701607315
CAAGAGTAGAAAGTGC-1,C57BL6,0,0,0.0
CAAGAGTAGAAGGGCC-1,OTI,0,0,0.0
CAAGAGTAGAGACTTT-1,OTI,0,0,0.0
CAAGAGTAGCATTTGG-1,OTI,1,4,0.6989700043360189
CAAGAGTAGCCATCGG-1,OTI,1,5,0.7781512503836436
CAAGAGTAGCCCTGGA-1,C57BL6,0,0,0.0
CAAGAGTAGCCGTTGG-1,OTI,2,5,0.7781512503836436
CAAGAGTAGCGCTGTG-1,C57BL6,4,87,1.9444826721501687
CAAGAGTAGCTACGAC-1,OTI,1,47,1.6812412373755872
CAAGAGTAGGCTTGAC-1,OTI,2,1293,3.1119342763326814
CAAGAGTAGGGAGCTA-1,OTI,1,11,1.0791812460476249
CAAGATAAGACAATAG-1,OTI,2,18,1.2787536009528289
CAAGATAAGAGCATGG-1,C57BL6,0,0,0.0
CAAGATAAGATAGTAG-1,C57BL6,0,0,0.0
CAAGATAAGCGTTCAA-1,OTI,6,8,0.9542425094393249
CAAGATAAGGGCTAGA-1,C57BL6,1,4,0.6989700043360189
CAAGATAAGGGGACGT-1,C57BL6,0,0,0.0
CAAGATAAGGTCTGCG-1,OTI,1,387,2.5888317255942073
CAAGATAAGGTTCAAT-1,C57BL6,0,0,0.0
CAAGCCCCAAAATGGT-1,C57BL6,0,0,0.0
CAAGCCCCAAAGCATG-1,OTI,6,350,2.545307116465824
CAAGCCCCAACTGCCA-1,OTI,2,49,1.6989700043360187
CAAGCCCCAATAACTT-1,OTI,3,117,2.0718820073061255
CAAGCCCCAATAGCCT-1,OTI,4,51,1.7160033436347992
CAAGCCCCACCGTAAT-1,OTI,2,22,1.3617278360175928
CAAGCCCCACGATAAG-1,C57BL6,1,5,0.7781512503836436
CAAGCCCCACGTAATC-1,OTI,2,3,0.6020599913279624
CAAGCCCCAGGACAAC-1,OTI,1,22,1.3617278360175928
CAAGCCCCAGTGTTAC-1,OTI,2,49,1.6989700043360187
CAAGCCCCAGTTGAGA-1,OTI,12,533,2.727541257028556
CAAGCCTAGAGCGACA-1,OTI,4,363,2.561101383649056
CAAGCCTAGAGCGTAG-1,C57BL6,0,0,0.0
CAAGCCTAGATCGGTC-1,OTI,1,4,0.6989700043360189
CAAGCCTAGCAATAGA-1,OTI,2,38,1.591064607026499
CAAGCCTAGCCGTCGA-1,OTI,11,161,2.2095150145426308
CAAGCCTAGCTATCGA-1,OTI,1,2,0.47712125471966244
CAAGCCTAGGTGAGAT-1,OTI,0,0,0.0
CAAGCGAAGATCCGTA-1,C57BL6,1,6,0.8450980400142568
CAAGCGAAGCGACAAG-1,C57BL6,2,4,0.6989700043360189
CAAGCGAAGCGGAATG-1,C57BL6,1,4,0.6989700043360189
CAAGCGAAGCTCTCAT-1,OTI,2,17,1.255272505103306
CAAGCGAAGGTCGGTT-1,OTI,1,14,1.1760912590556813
CAAGCGGCAAGTCCAT-1,OTI,1,6,0.8450980400142568
CAAGCGGCAATCATGC-1,C57BL6,5,5,0.7781512503836436
CAAGCGGCAATGCGAA-1,C57BL6,2,35,1.5563025007672873
CAAGCGGCACCTGCAA-1,OTI,2,3,0.6020599913279624
CAAGCGGCACTAATAT-1,OTI,7,122,2.089905111439398
CAAGCGTTCAGGGCAA-1,OTI,2,11,1.0791812460476249
CAAGCGTTCATGAGTT-1,OTI,4,108,2.037426497940624
CAAGCTATCAAATCAC-1,OTI,3,81,1.9138138523837167
CAAGCTATCATTCTCA-1,OTI,2,40,1.6127838567197355
CAAGCTATCGTATAAC-1,C57BL6,0,0,0.0
CAAGCTCAGACCACGT-1,OTI,2,11,1.0791812460476249
CAAGCTCAGCCTCGTC-1,OTI,4,210,2.3242824552976926
CAAGCTCAGCTTGGGT-1,OTI,0,0,0.0
CAAGCTCAGGCGTGTT-1,C57BL6,1,4,0.6989700043360189
CAAGCTCAGGGCCTTG-1,C57BL6,0,0,0.0
CAAGCTCAGGTAATGA-1,C57BL6,0,0,0.0
CAAGGCAAGAATGCGG-1,C57BL6,1,18,1.2787536009528289
CAAGGCAAGACGTATT-1,OTI,2,70,1.8512583487190752
CAAGGCAAGCCCACGA-1,OTI,6,743,2.8715729355458786
CAAGGCAAGCCGCGTA-1,C57BL6,0,0,0.0
CAAGGCAAGCCTTATC-1,C57BL6,1,12,1.1139433523068367
CAAGGCAAGCGCCAAT-1,C57BL6,0,0,0.0
CAAGGCAAGCGTGCAT-1,OTI,0,0,0.0
CAAGGCCGTACAAGGA-1,OTI,11,16,1.2304489213782739
CAAGGCCGTATATGTG-1,OTI,5,265,2.424881636631067
CAAGGCCGTCACCGCC-1,OTI,1,444,2.6483600109809315
CAAGGCGCAAACGCGG-1,OTI,4,46,1.6720978579357175
CAAGGCGCAAGTACTC-1,OTI,2,443,2.6473829701146196
CAAGGCGCACAACTAC-1,OTI,1,11,1.0791812460476249
CAAGGCGCAGCTTAGT-1,C57BL6,1,4,0.6989700043360189
CAAGGCGCAGGACTTT-1,OTI,2,16,1.2304489213782739
CAAGGCGCAGTTGGTT-1,OTI,12,218,2.3404441148401185
CAAGGGCAGCTCATAG-1,OTI,3,18,1.2787536009528289
CAAGGGCAGGGACATG-1,OTI,1,62,1.7993405494535817
CAAGGGTCAACGAACA-1,OTI,0,0,0.0
CAAGGGTCACACTTAA-1,C57BL6,0,0,0.0
CAAGGGTCACCAGCTA-1,OTI,4,91,1.9637878273455553
CAAGGGTCACTCCTTA-1,OTI,0,0,0.0
CAAGGGTCAGCAACTT-1,OTI,1,1,0.3010299956639812
CAAGGGTCAGCATAAG-1,OTI,1,10,1.0413926851582251
CAAGGGTCAGGTTGGG-1,OTI,4,188,2.2764618041732443
CAAGGTTGTAGCGTCA-1,OTI,4,651,2.81424759573192
CAAGGTTGTATCAGTA-1,OTI,0,0,0.0
CAAGGTTGTCATACTT-1,OTI,6,84,1.9294189257142926
CAAGGTTGTCCGCATT-1,OTI,0,0,0.0
CAAGGTTGTGCTACAG-1,OTI,9,70,1.8512583487190752
CAAGTAAAGAAGTACA-1,OTI,8,197,2.296665190261531
CAAGTAAAGAATGGTA-1,C57BL6,0,0,0.0
CAAGTAAAGACAAGAC-1,OTI,9,149,2.1760912590556813
CAAGTAAAGCAGCCCA-1,OTI,1,11,1.0791812460476249
CAAGTAAAGCCTGTGG-1,OTI,0,0,0.0
CAAGTAAAGCGCGATT-1,OTI,7,18,1.2787536009528289
CAAGTAAAGCGGATTC-1,OTI,2,45,1.662757831681574
CAAGTAAAGGCTTCAA-1,C57BL6,1,4,0.6989700043360189
CAAGTAAAGGTCTGCG-1,OTI,2,26,1.4313637641589874
CAAGTAGCAAAAGCGC-1,OTI,6,203,2.3096301674258988
CAAGTAGCAATAGGCA-1,OTI,4,268,2.429752280002408
CAAGTAGCAATGCCCA-1,C57BL6,0,0,0.0
CAAGTAGCACCAGGGA-1,OTI,1,8,0.9542425094393249
CAAGTAGCACGCGTAC-1,C57BL6,1,11,1.0791812460476249
CAAGTAGCACTAACGT-1,OTI,4,54,1.7403626894942439
CAAGTAGCACTACGCA-1,OTI,0,0,0.0
CAAGTAGCAGCTAACT-1,OTI,5,51,1.7160033436347992
CAAGTAGCAGGTCTAT-1,OTI,3,97,1.9912260756924949
CAAGTATTCACGGTGT-1,OTI,2,7,0.9030899869919435
CAAGTATTCACTGGCG-1,OTI,1,5,0.7781512503836436
CAAGTATTCCAAGCGT-1,OTI,1,6,0.8450980400142568
CAAGTATTCCCTACGC-1,C57BL6,0,0,0.0
CAAGTATTCCGATACA-1,C57BL6,0,0,0.0
CAAGTATTCGCCCCAT-1,C57BL6,0,0,0.0
CAAGTATTCGCTTCAT-1,OTI,4,23,1.380211241711606
CAAGTCTCAAACCACT-1,OTI,1,4,0.6989700043360189
CAAGTCTCAAATCGAG-1,C57BL6,0,0,0.0
CAAGTCTCAACGATAG-1,C57BL6,0,0,0.0
CAAGTCTCAATCAGGA-1,OTI,3,552,2.7427251313046983
CAAGTCTCAATCCTAA-1,OTI,1,6,0.8450980400142568
CAAGTCTCAATTACGC-1,OTI,5,47,1.6812412373755872
CAAGTCTCAGCATTCG-1,C57BL6,0,0,0.0
CAAGTCTCAGGTACAA-1,C57BL6,4,32,1.5185139398778875
CAAGTGCTCATAATGC-1,OTI,0,0,0.0
CAAGTGCTCCTCATTA-1,OTI,5,56,1.7558748556724915
CAAGTTAGTACTATGA-1,OTI,0,0,0.0
CAAGTTAGTCTTGATT-1,OTI,1,104,2.0211892990699383
CAAGTTTAGCATGCCG-1,OTI,3,83,1.9242792860618816
CAAGTTTAGCATTTCC-1,OTI,0,0,0.0
CAAGTTTAGCCGTATA-1,OTI,1,4,0.6989700043360189
CAAGTTTAGGCGTGAA-1,OTI,1,4,0.6989700043360189
CAAGTTTAGGTAACCC-1,OTI,4,46,1.6720978579357175
CAATACCCACATGATC-1,OTI,8,80,1.9084850188786497
CAATACCCACCTAGGC-1,OTI,2,15,1.2041199826559248
CAATACCCACGCGTTA-1,OTI,2,195,2.292256071356476
CAATACCCACTTAAAT-1,OTI,3,30,1.4913616938342726
CAATACCCACTTAGTA-1,C57BL6,0,0,0.0
CAATACCCAGGCTACC-1,C57BL6,0,0,0.0
CAATACCCAGGTTAGA-1,OTI,3,223,2.3502480183341627
CAATACCCAGTGCGTC-1,OTI,1,8,0.9542425094393249
CAATACGTCAATATTG-1,OTI,0,0,0.0
CAATACGTCAGCACTA-1,C57BL6,3,4,0.6989700043360189
CAATACGTCCCCTAAT-1,OTI,2,113,2.0569048513364727
CAATACGTCCGCTTCA-1,OTI,5,198,2.298853076409707
CAATACGTCGGATGTC-1,OTI,3,10,1.0413926851582251
CAATACGTCGGCAATC-1,C57BL6,0,0,0.0
CAATACGTCGTTCACT-1,C57BL6,2,80,1.9084850188786497
CAATACTAGAGGAGCC-1,OTI,2,98,1.99563519459755
CAATACTAGATTCGTG-1,OTI,3,442,2.6464037262230695
CAATACTAGCAAGAGT-1,OTI,6,166,2.2227164711475833
CAATACTAGCAATGGG-1,C57BL6,3,9,1.0
CAATACTAGCCTTTAC-1,OTI,3,29,1.4771212547196624
CAATACTAGGCCTCGA-1,OTI,5,59,1.7781512503836436
CAATACTAGGGGTACA-1,C57BL6,0,0,0.0
CAATAGAAGAGGCGGT-1,C57BL6,5,48,1.6901960800285136
CAATAGAAGCCAGTAC-1,OTI,0,0,0.0
CAATAGGCAACTTACA-1,C57BL6,0,0,0.0
CAATAGGCAAGCACAA-1,C57BL6,1,6,0.8450980400142568
CAATAGGCACTATGGT-1,C57BL6,0,0,0.0
CAATAGGCAGTCCATG-1,OTI,1,6,0.8450980400142568
CAATAGTTCAACCAAT-1,OTI,3,160,2.2068258760318495
CAATAGTTCCCCACTA-1,OTI,3,237,2.376576957056512
CAATAGTTCGGACGTT-1,OTI,0,0,0.0
CAATAGTTCGTATTCC-1,OTI,2,64,1.8129133566428555
CAATATATCCAAATCG-1,OTI,0,0,0.0
CAATATATCCAGTCCC-1,OTI,2,8,0.9542425094393249
CAATATCAGAACCATT-1,C57BL6,0,0,0.0
CAATATCAGATTGTGT-1,C57BL6,0,0,0.0
CAATATCAGCACGGTT-1,C57BL6,0,0,0.0
CAATATCAGCAGCGTT-1,OTI,1,132,2.123851640967086
CAATATGGTAGTCTGG-1,C57BL6,0,0,0.0
CAATATGGTATGCGCA-1,OTI,2,180,2.2576785748691846
CAATATGGTCCAGTAG-1,C57BL6,0,0,0.0
CAATATGGTCCTCATA-1,OTI,3,26,1.4313637641589874
CAATATGGTCTAATTC-1,OTI,3,135,2.1335389083702174
CAATATGGTGGCTTTC-1,OTI,6,321,2.507855871695831
CAATATGGTGTAGGTT-1,OTI,2,126,2.103803720955957
CAATATGGTGTATGCG-1,OTI,2,19,1.3010299956639813
CAATATGGTGTCATGG-1,C57BL6,2,8,0.9542425094393249
CAATATGGTGTTAATG-1,OTI,1,13,1.146128035678238
CAATCACCACTCCTTA-1,OTI,2,11,1.0791812460476249
CAATCACCAGCGTGCT-1,OTI,4,43,1.6434526764861874
CAATCACCAGGGCGTA-1,C57BL6,0,0,0.0
CAATCAGTCAACGCTA-1,OTI,0,0,0.0
CAATCAGTCACTATCC-1,OTI,3,22,1.3617278360175928
CAATCAGTCAGTTTGG-1,OTI,1,6,0.8450980400142568
CAATCAGTCATCCGTT-1,OTI,5,38,1.591064607026499
CAATCAGTCCAAATTA-1,OTI,5,297,2.4742162640762553
CAATCAGTCCCTGCTA-1,OTI,2,70,1.8512583487190752
CAATCAGTCCGACGCA-1,OTI,5,88,1.9493900066449128
CAATCAGTCCTCGAAA-1,C57BL6,0,0,0.0
CAATCAGTCGCGCAAT-1,OTI,0,0,0.0
CAATCCAAGAGACGCA-1,OTI,2,44,1.6532125137753437
CAATCCAAGAGACTTT-1,OTI,1,12,1.1139433523068367
CAATCCAAGAGTGATA-1,OTI,5,6,0.8450980400142568
CAATCCAAGATAACGA-1,OTI,2,93,1.9731278535996986
CAATCCAAGATGGGGC-1,C57BL6,0,0,0.0
CAATCCAAGCCGGATT-1,C57BL6,0,0,0.0
CAATCCAAGCCTTATC-1,C57BL6,0,0,0.0
CAATCCAAGCGTAGAG-1,C57BL6,1,1,0.3010299956639812
CAATCCAAGCTAATAC-1,OTI,4,101,2.0086001717619175
CAATCCAAGCTGACAC-1,C57BL6,0,0,0.0
CAATCCAAGCTGTGGT-1,OTI,0,0,0.0
CAATCCCGTACGGTCA-1,OTI,12,335,2.526339277389844
CAATCCCGTACTTTCG-1,OTI,1,6,0.8450980400142568
CAATCCCGTAGCCTCT-1,OTI,2,134,2.130333768495006
CAATCCCGTAGTCAGT-1,OTI,4,36,1.568201724066995
CAATCCCGTATGATGC-1,OTI,2,76,1.8864907251724818
CAATCCCGTATGCCTC-1,OTI,0,0,0.0
CAATCCCGTATGTCGG-1,OTI,2,5,0.7781512503836436
CAATCCCGTCGAGCGT-1,OTI,0,0,0.0
CAATCCCGTCGCTAAG-1,OTI,4,69,1.845098040014257
CAATCCCGTGCGGGTT-1,OTI,0,0,0.0
CAATCCCGTGTGGATT-1,OTI,0,0,0.0
CAATCCGCAACAGACA-1,C57BL6,0,0,0.0
CAATCCGCAAGCGAAC-1,OTI,7,546,2.737987326333431
CAATCCGCACTGCAAT-1,OTI,0,0,0.0
CAATCCGCAGCCCAAC-1,OTI,1,3,0.6020599913279624
CAATCCGCAGTGGACG-1,OTI,1,8,0.9542425094393249
CAATCGATCAACTGCA-1,C57BL6,0,0,0.0
CAATCGATCACATTCC-1,OTI,1,2,0.47712125471966244
CAATCGATCACTAAAC-1,OTI,1,26,1.4313637641589874
CAATCGATCACTGTTC-1,C57BL6,1,6,0.8450980400142568
CAATCGATCAGGCTTA-1,OTI,6,108,2.037426497940624
CAATCGATCAGTGGTC-1,OTI,3,126,2.103803720955957
CAATCGATCCAATAGT-1,OTI,2,21,1.3424226808222062
CAATCGATCCCACTCA-1,C57BL6,0,0,0.0
CAATCGGGTACTACCC-1,C57BL6,0,0,0.0
CAATCGGGTAGAGATG-1,OTI,3,86,1.9395192526186185
CAATCGGGTCCAGTTC-1,C57BL6,0,0,0.0
CAATCGGGTCTAGTGG-1,C57BL6,0,0,0.0
CAATCGGGTGCATAGT-1,OTI,3,44,1.6532125137753437
CAATCGGGTGGAACCC-1,OTI,5,178,2.2528530309798933
CAATGCATCCCTGACC-1,OTI,3,42,1.6334684555795864
CAATGCATCCGACTCC-1,OTI,4,138,2.143014800254095
CAATGCATCGGACTAC-1,OTI,2,38,1.591064607026499
CAATGCCAGACGATGG-1,OTI,0,0,0.0
CAATGCCAGAGTTAGA-1,OTI,3,29,1.4771212547196624
CAATGCCAGCCATAAT-1,C57BL6,0,0,0.0
CAATGCCAGCTACTGA-1,OTI,2,47,1.6812412373755872
CAATGCCAGCTGGCAT-1,C57BL6,0,0,0.0
CAATGCCAGGCCTGCA-1,OTI,2,51,1.7160033436347992
CAATGCGGTACCTCCG-1,OTI,2,58,1.7708520116421442
CAATGCGGTAGGCAGG-1,OTI,4,111,2.0492180226701815
CAATGCGGTCACTAGG-1,OTI,0,0,0.0
CAATGCGGTCGCATTC-1,C57BL6,1,8,0.9542425094393249
CAATGCGGTGTACTCC-1,OTI,2,78,1.8976270912904414
CAATGCGGTGTCTAGG-1,OTI,2,191,2.2833012287035497
CAATGCGGTGTCTGAG-1,C57BL6,2,3,0.6020599913279624
CAATGCTCAATCGAGA-1,OTI,10,264,2.423245873936808
CAATGCTCACAGTAAG-1,C57BL6,0,0,0.0
CAATGCTCACCGCATA-1,C57BL6,0,0,0.0
CAATGCTCACTAAGTC-1,OTI,3,21,1.3424226808222062
CAATGCTCAGTTAGTC-1,C57BL6,1,1,0.3010299956639812
CAATGGACAACAGCGG-1,OTI,8,258,2.413299764081252
CAATGGACACCAATTA-1,OTI,1,7,0.9030899869919435
CAATGGACACGTAATC-1,C57BL6,1,9,1.0
CAATGGACACTCGGGT-1,C57BL6,0,0,0.0
CAATGGACAGGATTTC-1,OTI,3,9,1.0
CAATGGACAGTGCGGA-1,OTI,2,125,2.100370545117563
CAATGGGAGAAGGGCC-1,OTI,4,103,2.0170333392987803
CAATGGGAGCCATACA-1,OTI,1,7,0.9030899869919435
CAATGGGAGCCCATGG-1,OTI,8,180,2.2576785748691846
CAATGGGAGGGGTAGC-1,C57BL6,0,0,0.0
CAATGGGAGGTAACCC-1,OTI,8,191,2.2833012287035497
CAATGTAGTAACCCGA-1,OTI,3,11,1.0791812460476249
CAATGTAGTACCAGAT-1,C57BL6,3,24,1.3979400086720377
CAATGTAGTACGTCAG-1,C57BL6,0,0,0.0
CAATGTAGTCACTTTG-1,OTI,3,40,1.6127838567197355
CAATGTAGTCTTATGT-1,C57BL6,0,0,0.0
CAATGTAGTGCTAAGT-1,OTI,3,56,1.7558748556724915
CAATGTCCAAAGCCGG-1,C57BL6,0,0,0.0
CAATGTCCACATTCAA-1,OTI,4,271,2.4345689040341987
CAATGTCCACCTGACA-1,OTI,1,109,2.041392685158225
CAATGTGTCACCATCT-1,OTI,6,280,2.44870631990508
CAATGTGTCAGTATGT-1,OTI,2,554,2.7442929831226763
CAATGTGTCATAAGTC-1,OTI,5,154,2.1903316981702914
CAATGTGTCCCGTAAA-1,OTI,4,34,1.5440680443502757
CAATGTGTCCCTGATT-1,OTI,3,14,1.1760912590556813
CAATGTGTCCCTGTCA-1,OTI,3,15,1.2041199826559248
CAATGTGTCCGACGCA-1,OTI,0,0,0.0
CAATGTGTCCTATGTC-1,OTI,6,190,2.2810333672477277
CAATGTGTCCTGACAA-1,C57BL6,1,4,0.6989700043360189
CAATGTGTCGCGTAGT-1,C57BL6,0,0,0.0
CAATGTGTCGGCCTTC-1,OTI,0,0,0.0
CAATGTGTCGTTCATC-1,OTI,6,186,2.271841606536499
CAATGTTAGAAGGCAT-1,OTI,4,113,2.0569048513364727
CAATGTTAGATTACGT-1,OTI,1,32,1.5185139398778875
CAATGTTAGCAAGAGT-1,C57BL6,1,15,1.2041199826559248
CAATGTTAGCACCAAC-1,C57BL6,0,0,0.0
CAATGTTAGCACCTCC-1,OTI,6,41,1.6232492903979006
CAATGTTAGCGGAATG-1,OTI,6,124,2.0969100130080562
CAATGTTAGGCTCGAT-1,OTI,7,129,2.113943352306837
CAATGTTAGGGACACA-1,C57BL6,0,0,0.0
CAATGTTAGGTAATAG-1,OTI,0,0,0.0
CAATTAATCAAATGTC-1,OTI,2,42,1.6334684555795864
CAATTAATCACTTGCT-1,C57BL6,0,0,0.0
CAATTAATCAGCAGTC-1,OTI,1,2,0.47712125471966244
CAATTAATCCCGCTGT-1,OTI,8,239,2.380211241711606
CAATTAATCCGGTTAA-1,C57BL6,0,0,0.0
CAATTAATCGCTCATT-1,C57BL6,1,10,1.0413926851582251
CAATTACAGAATGGCG-1,C57BL6,0,0,0.0
CAATTACAGAGCAGAT-1,OTI,1,7,0.9030899869919435
CAATTACAGATCGTTG-1,OTI,0,0,0.0
CAATTACAGCAAGCCT-1,OTI,1,2,0.47712125471966244
CAATTAGGTATCTGGG-1,OTI,2,15,1.2041199826559248
CAATTAGGTATGTTGA-1,OTI,0,0,0.0
CAATTAGGTCGCGCTC-1,OTI,4,126,2.103803720955957
CAATTAGGTGGACGCT-1,C57BL6,2,10,1.0413926851582251
CAATTATCAAACTCTA-1,OTI,3,59,1.7781512503836436
CAATTATCAAAGGGGA-1,OTI,2,76,1.8864907251724818
CAATTATCAAGCGCCT-1,OTI,4,11,1.0791812460476249
CAATTATCACCAGCTA-1,OTI,3,89,1.954242509439325
CAATTATCACGAAGGT-1,OTI,2,6,0.8450980400142568
CAATTCACAAAGGACC-1,C57BL6,0,0,0.0
CAATTCACAATATTCG-1,C57BL6,0,0,0.0
CAATTCACAGGAGTCG-1,OTI,7,83,1.9242792860618816
CAATTCCTCAAATGTC-1,C57BL6,0,0,0.0
CAATTCCTCATCATCC-1,C57BL6,0,0,0.0
CAATTCCTCCACGTAA-1,OTI,2,19,1.3010299956639813
CAATTCCTCGCCCGTT-1,OTI,1,15,1.2041199826559248
CAATTCCTCGTTCTAC-1,OTI,1,19,1.3010299956639813
CAATTCCTCGTTGACA-1,C57BL6,1,7,0.9030899869919435
CAATTCGAGACCTTTC-1,OTI,2,6,0.8450980400142568
CAATTCGAGCATCGCG-1,OTI,1,4,0.6989700043360189
CAATTCGAGCCCTGGA-1,OTI,1,35,1.5563025007672873
CAATTCGAGCTAAGGG-1,OTI,2,27,1.4471580313422192
CAATTCGAGGCACCCA-1,OTI,3,35,1.5563025007672873
CAATTCGAGGCATCGT-1,OTI,3,37,1.5797835966168101
CAATTCGAGGTTGTGC-1,OTI,0,0,0.0
CAATTCTGTAAATCCA-1,OTI,0,0,0.0
CAATTCTGTATACTTC-1,OTI,7,170,2.2329961103921536
CAATTCTGTCATAAGC-1,OTI,4,149,2.1760912590556813
CAATTCTGTCATTCTG-1,OTI,3,85,1.9344984512435677
CAATTCTGTCGAAGCC-1,C57BL6,0,0,0.0
CAATTCTGTCGCCCTA-1,OTI,1,1,0.3010299956639812
CAATTCTGTGGAAGTA-1,OTI,4,707,2.850033257689769
CAATTCTGTGGGGTAG-1,OTI,5,93,1.9731278535996986
CAATTGGTCAACCCAA-1,C57BL6,0,0,0.0
CAATTGGTCACTCCAT-1,OTI,1,15,1.2041199826559248
CAATTGGTCAGCGTAC-1,OTI,5,35,1.5563025007672873
CAATTGGTCCACCCTA-1,OTI,3,17,1.255272505103306
CAATTGGTCCATTACC-1,OTI,11,178,2.2528530309798933
CAATTGTAGAAGGGTT-1,C57BL6,0,0,0.0
CAATTGTAGACAGGAT-1,C57BL6,0,0,0.0
CAATTGTAGATCAGGG-1,C57BL6,0,0,0.0
CAATTGTAGATCGTTG-1,C57BL6,0,0,0.0
CAATTGTAGATTCGAT-1,C57BL6,0,0,0.0
CAATTGTAGGCGAGTA-1,C57BL6,0,0,0.0
CAATTGTAGGGGTAGC-1,C57BL6,0,0,0.0
CAATTGTAGGTCGACT-1,OTI,1,55,1.7481880270062005
CAATTTCGTCATGGGC-1,C57BL6,0,0,0.0
CAATTTCGTCTCGCCA-1,C57BL6,0,0,0.0
CAATTTCGTGGCTGTA-1,OTI,6,39,1.6020599913279623
CAATTTCGTGGTTCAG-1,OTI,4,41,1.6232492903979006
CACAACATCAATCCCT-1,OTI,2,21,1.3424226808222062
CACAACATCACTTAAA-1,C57BL6,0,0,0.0
CACAACATCCATCACT-1,OTI,1,1,0.3010299956639812
CACAACATCCTGTATC-1,C57BL6,0,0,0.0
CACAACTCAATCCGGC-1,OTI,1,5,0.7781512503836436
CACAACTCAGCTAATC-1,C57BL6,0,0,0.0
CACAAGACAAGTCGGG-1,OTI,3,143,2.1583624920952498
CACAAGACACAGTTCG-1,OTI,1,386,2.5877109650189114
CACAAGACAGGCTCTA-1,OTI,1,5,0.7781512503836436
CACAAGCTCAAGCTCA-1,C57BL6,1,3,0.6020599913279624
CACAAGCTCATGCAAT-1,OTI,3,71,1.8573324964312685
CACAAGCTCCCGACTC-1,C57BL6,0,0,0.0
CACAAGCTCCCTAGGG-1,C57BL6,0,0,0.0
CACAAGCTCCTCCGGT-1,OTI,5,188,2.2764618041732443
CACAAGGAGAGTACGG-1,C57BL6,0,0,0.0
CACAAGGAGATAGCGG-1,OTI,1,27,1.4471580313422192
CACAAGGAGCAGCCAT-1,C57BL6,0,0,0.0
CACAAGGAGGTCCAAC-1,C57BL6,0,0,0.0
CACAATCCAAAGCGTA-1,C57BL6,1,5,0.7781512503836436
CACAATCCAAGGACTA-1,OTI,1,15,1.2041199826559248
CACAATCCACCACTAG-1,OTI,3,432,2.6364878963533656
CACAATCCACGCTGAC-1,OTI,0,0,0.0
CACAATCCAGGTTCAT-1,C57BL6,1,7,0.9030899869919435
CACAATTAGACCATGC-1,OTI,4,84,1.9294189257142926
CACAATTAGAGCAGCA-1,C57BL6,0,0,0.0
CACAATTAGCGCAGTT-1,OTI,6,353,2.5490032620257876
CACAATTAGCTGTTGA-1,C57BL6,1,5,0.7781512503836436
CACAATTAGGCGGTTT-1,OTI,0,0,0.0
CACAATTAGGGTACAG-1,OTI,3,148,2.173186268412274
CACACCCTCAAATTGC-1,OTI,2,11,1.0791812460476249
CACACCCTCAAGCCTA-1,C57BL6,1,20,1.3222192947339193
CACACCCTCACAGTTG-1,OTI,0,0,0.0
CACACCCTCAGCCGTG-1,C57BL6,9,13,1.146128035678238
CACACCCTCATGGCAC-1,OTI,1,83,1.9242792860618816
CACACCCTCCATGCCC-1,C57BL6,3,56,1.7558748556724915
CACACCCTCCCATTCG-1,C57BL6,0,0,0.0
CACACCCTCCCCTTAG-1,OTI,0,0,0.0
CACACCCTCCCGTAAA-1,C57BL6,0,0,0.0
CACACCCTCCCTTCGA-1,OTI,3,18,1.2787536009528289
CACACCCTCCTCCACA-1,OTI,8,584,2.7671558660821804
CACACCCTCGGCTGCA-1,OTI,0,0,0.0
CACACCTGTAGCGTCA-1,OTI,4,118,2.0755469613925306
CACACCTGTATGCTGG-1,OTI,3,138,2.143014800254095
CACACCTGTCACGCCC-1,C57BL6,1,12,1.1139433523068367
CACACCTGTCATCATT-1,C57BL6,1,4,0.6989700043360189
CACACCTGTCGAGGAG-1,C57BL6,0,0,0.0
CACACCTGTGTAGGTT-1,OTI,3,48,1.6901960800285136
CACACGCCAACATAGG-1,OTI,2,109,2.041392685158225
CACACGCCAACCATCG-1,C57BL6,3,35,1.5563025007672873
CACACGCCAAGCAAGC-1,OTI,4,87,1.9444826721501687
CACACGCCAATTCTAG-1,C57BL6,1,9,1.0
CACACGCCACACGCAC-1,OTI,5,1167,3.0674428427763805
CACACGCCACCCTTTA-1,OTI,4,170,2.2329961103921536
CACACGCCAGCCTCTT-1,OTI,12,244,2.3891660843645326
CACACTCGTATCGAGT-1,OTI,0,0,0.0
CACACTCGTGGATGTT-1,C57BL6,1,5,0.7781512503836436
CACACTCGTGGTATGT-1,C57BL6,0,0,0.0
CACAGAACAACGCAGG-1,C57BL6,1,17,1.255272505103306
CACAGAACAAGCGCCT-1,OTI,5,86,1.9395192526186185
CACAGAACACAGCGAG-1,OTI,1,171,2.2355284469075487
CACAGAACAGCTAGCC-1,C57BL6,1,5,0.7781512503836436
CACAGAACAGTATGTC-1,OTI,6,98,1.99563519459755
CACAGAACAGTGCATT-1,OTI,2,115,2.0644579892269186
CACAGCAGTACATCTT-1,OTI,0,0,0.0
CACAGCAGTATAATCG-1,C57BL6,3,97,1.9912260756924949
CACAGCAGTCGCGCTC-1,OTI,2,136,2.1367205671564067
CACAGCCCAAACTCCG-1,OTI,7,182,2.2624510897304293
CACAGCCCAAGTATCC-1,C57BL6,0,0,0.0
CACAGCCCAATCCCGA-1,C57BL6,2,26,1.4313637641589874
CACAGCCCAGGTCGTC-1,OTI,1,85,1.9344984512435677
CACAGCTAGACATGGG-1,C57BL6,0,0,0.0
CACAGCTAGCACCACG-1,OTI,0,0,0.0
CACAGGAAGCACCTCC-1,OTI,0,0,0.0
CACAGGAAGCAGGGGT-1,OTI,2,90,1.9590413923210936
CACAGGAAGCCTGCGA-1,OTI,5,14,1.1760912590556813
CACAGGAAGCCTTTCG-1,C57BL6,0,0,0.0
CACAGGAAGCTCTCCA-1,C57BL6,0,0,0.0
CACAGGAAGGTATTCG-1,OTI,6,485,2.6866362692622934
CACAGGAAGGTTATCG-1,OTI,1,603,2.7810369386211318
CACAGGTTCACACATG-1,C57BL6,8,11,1.0791812460476249
CACAGGTTCACCCTGC-1,C57BL6,0,0,0.0
CACATACCAAGGGCAT-1,OTI,0,0,0.0
CACATACCAATCATTG-1,C57BL6,0,0,0.0
CACATACCACACGCAC-1,OTI,2,60,1.7853298350107671
CACATACCACGGGGTA-1,OTI,3,892,2.9508514588885464
CACATACCACGTAGAA-1,OTI,0,0,0.0
CACATACCACTAACTA-1,C57BL6,7,73,1.8692317197309762
CACATACCAGGGCTTC-1,OTI,1,22,1.3617278360175928
CACATACCAGTAAGAT-1,OTI,2,13,1.146128035678238
CACATCAAGAAACGTA-1,OTI,0,0,0.0
CACATCAAGACGACAG-1,OTI,0,0,0.0
CACATCAAGAGTGGCA-1,C57BL6,1,11,1.0791812460476249
CACATCAAGATCTTCC-1,C57BL6,0,0,0.0
CACATCAAGCCTCGAG-1,C57BL6,1,9,1.0
CACATCAAGCTAGGTC-1,OTI,12,2463,3.3916407034923877
CACATCTTCACTCGTT-1,OTI,2,71,1.8573324964312685
CACATCTTCACTTGTC-1,OTI,0,0,0.0
CACATCTTCAGTATGT-1,OTI,3,200,2.303196057420489
CACATCTTCCGAAACC-1,C57BL6,1,2,0.47712125471966244
CACATCTTCGCACAAC-1,C57BL6,2,57,1.7634279935629373
CACATCTTCGTGGCCA-1,OTI,2,2,0.47712125471966244
CACATGGGTAGCAGGG-1,OTI,0,0,0.0
CACATGGGTCAGTCTC-1,C57BL6,0,0,0.0
CACATGGGTCGTACCT-1,OTI,2,459,2.662757831681574
CACATGGGTGGTTTCC-1,OTI,0,0,0.0
CACATGGGTGTCGTCT-1,OTI,1,7,0.9030899869919435
CACCAAATCACCAAGC-1,OTI,2,27,1.4471580313422192
CACCAAATCACTCACT-1,C57BL6,0,0,0.0
CACCAAATCATTACTT-1,OTI,6,159,2.2041199826559246
CACCAAATCCAGTAGC-1,OTI,1,9,1.0
CACCAAATCCTAATCC-1,C57BL6,3,3,0.6020599913279624
CACCAACAGCAAACGG-1,C57BL6,0,0,0.0
CACCAACAGCCTAGCG-1,OTI,3,198,2.298853076409707
CACCAACAGCGGCATT-1,OTI,4,43,1.6434526764861874
CACCAACAGGGCATGA-1,OTI,1,30,1.4913616938342726
CACCAACAGGTCCTAA-1,OTI,1,13,1.146128035678238
CACCACGAGAATTGAG-1,OTI,0,0,0.0
CACCACGAGATGCCAC-1,OTI,4,97,1.9912260756924949
CACCACGAGCCATTTC-1,OTI,1,13,1.146128035678238
CACCACGAGCCCTGGA-1,OTI,0,0,0.0
CACCACGAGCCTGCAG-1,OTI,2,41,1.6232492903979006
CACCACGAGCGAAGTG-1,C57BL6,0,0,0.0
CACCACGAGCGTGTTA-1,C57BL6,3,4,0.6989700043360189
CACCATAAGAACTTGT-1,C57BL6,2,2,0.47712125471966244
CACCATAAGAGACTTT-1,OTI,1,3,0.6020599913279624
CACCATAAGATATCAC-1,OTI,3,15,1.2041199826559248
CACCATAAGCATGCCG-1,C57BL6,2,2,0.47712125471966244
CACCATAAGCTGCATA-1,OTI,4,110,2.0453229787866576
CACCATTTCAACATTA-1,OTI,0,0,0.0
CACCATTTCACAGGTC-1,OTI,1,27,1.4471580313422192
CACCATTTCACTTCGT-1,OTI,1,18,1.2787536009528289
CACCATTTCAGCGTAC-1,OTI,3,248,2.3961993470957363
CACCATTTCCCTTAAC-1,OTI,2,30,1.4913616938342726
CACCATTTCGGCGATT-1,OTI,2,146,2.167317334748176
CACCCAACAACTCTCC-1,OTI,1,1,0.3010299956639812
CACCCAACACCTGCTT-1,OTI,5,292,2.4668676203541096
CACCCAACAGCAGCGA-1,OTI,0,0,0.0
CACCCACTCAAGGGCA-1,OTI,6,161,2.2095150145426308
CACCCACTCCACACCC-1,OTI,13,709,2.8512583487190755
CACCCACTCCCGCTGT-1,C57BL6,0,0,0.0
CACCCACTCCGTCTAT-1,OTI,1,8,0.9542425094393249
CACCCACTCGTACCTT-1,C57BL6,0,0,0.0
CACCCACTCGTAGCGT-1,OTI,1,7,0.9030899869919435
CACCCACTCGTTATGG-1,OTI,3,91,1.9637878273455553
CACCCAGAGAAACCGG-1,C57BL6,2,11,1.0791812460476249
CACCCAGAGACATTCG-1,OTI,2,82,1.919078092376074
CACCCAGAGAGTTAGA-1,OTI,3,62,1.7993405494535817
CACCCAGAGATTGAAG-1,OTI,5,59,1.7781512503836436
CACCCAGAGCAAACCC-1,OTI,2,15,1.2041199826559248
CACCCAGAGCCAAGCT-1,OTI,4,52,1.724275869600789
CACCCAGAGCGGAATG-1,OTI,3,20,1.3222192947339193
CACCCAGAGGCTTTGA-1,OTI,1,7,0.9030899869919435
CACCCAGAGGTATGTT-1,C57BL6,1,15,1.2041199826559248
CACCCATGTACGGTTG-1,OTI,4,113,2.0569048513364727
CACCCATGTAGTGTCG-1,C57BL6,1,11,1.0791812460476249
CACCCATGTCCTTAGC-1,C57BL6,0,0,0.0
CACCCATGTCGCGTCC-1,OTI,3,28,1.462397997898956
CACCCATGTCTGGATG-1,OTI,6,234,2.3710678622717363
CACCCGAAGATATTGC-1,C57BL6,0,0,0.0
CACCCGAAGGCTTCGG-1,OTI,4,94,1.9777236052888478
CACCCGCGTAAATCCA-1,C57BL6,0,0,0.0
CACCCGCGTAAATCTG-1,OTI,6,100,2.0043213737826426
CACCCGCGTAGGGTAA-1,OTI,1,5,0.7781512503836436
CACCCGCGTCGCATTC-1,OTI,5,76,1.8864907251724818
CACCCGCGTCGGGGTT-1,C57BL6,1,6,0.8450980400142568
CACCCGTTCATAAGCT-1,C57BL6,3,28,1.462397997898956
CACCCGTTCATGCAGC-1,OTI,0,0,0.0
CACCCGTTCCAAAGCC-1,OTI,0,0,0.0
CACCCGTTCCCCAATT-1,C57BL6,1,14,1.1760912590556813
CACCCGTTCCCGCATC-1,OTI,0,0,0.0
CACCCGTTCCGACGCA-1,OTI,0,0,0.0
CACCCGTTCGTCAAGC-1,OTI,4,159,2.2041199826559246
CACCCTATCAAGGGTG-1,OTI,2,51,1.7160033436347992
CACCCTATCACGTAAT-1,OTI,3,118,2.0755469613925306
CACCCTATCCAGCAGT-1,C57BL6,2,97,1.9912260756924949
CACCCTATCCGAGCAT-1,OTI,9,97,1.9912260756924949
CACCCTGGTCAAAGCT-1,OTI,5,60,1.7853298350107671
CACCCTGGTCACCGTT-1,OTI,2,178,2.2528530309798933
CACCGCAAGACCAGGA-1,C57BL6,0,0,0.0
CACCGCAAGAGCGAAT-1,OTI,2,90,1.9590413923210936
CACCGCAAGAGCTTAT-1,OTI,2,37,1.5797835966168101
CACCGCAAGATCCAAT-1,OTI,0,0,0.0
CACCGCAAGCACATCA-1,C57BL6,1,1,0.3010299956639812
CACCGCAAGCAGGGTA-1,OTI,5,118,2.0755469613925306
CACCGCAAGCGCGTCA-1,C57BL6,3,11,1.0791812460476249
CACCGCAAGGCTCAGT-1,C57BL6,2,139,2.146128035678238
CACCGCAAGGTGCTAC-1,OTI,1,5,0.7781512503836436
CACCGCCGTATACCCC-1,OTI,3,67,1.8325089127062364
CACCGCCGTCAGCTCT-1,C57BL6,0,0,0.0
CACCGCCGTCTTATGT-1,OTI,1,5,0.7781512503836436
CACCGCCGTGCCACTT-1,C57BL6,3,7,0.9030899869919435
CACCGCTTCAAGCTCA-1,OTI,1,7,0.9030899869919435
CACCGCTTCAAGGTAA-1,OTI,9,158,2.2013971243204513
CACCGCTTCACAGACC-1,OTI,6,49,1.6989700043360187
CACCGCTTCACTTGCT-1,C57BL6,0,0,0.0
CACCGCTTCATCCGCC-1,OTI,0,0,0.0
CACCGCTTCCCAAATG-1,OTI,4,354,2.550228353055094
CACCGCTTCCCGACTC-1,OTI,1,66,1.8260748027008264
CACCGCTTCGCGTATA-1,C57BL6,0,0,0.0
CACCGCTTCGGCTATA-1,OTI,1,7,0.9030899869919435
CACCGGGGTAAACTGC-1,OTI,2,35,1.5563025007672873
CACCGGGGTACTACTT-1,C57BL6,3,248,2.3961993470957363
CACCGGGGTACTGTGG-1,OTI,0,0,0.0
CACCGGGGTAGGGGAT-1,C57BL6,1,5,0.7781512503836436
CACCGGGGTCGATGGC-1,OTI,4,38,1.591064607026499
CACCGGGGTGTAATTG-1,OTI,7,398,2.6009728956867484
CACCGGGGTGTCACGA-1,OTI,0,0,0.0
CACCGTACAATCGAGA-1,C57BL6,1,11,1.0791812460476249
CACCGTTGTACTATAG-1,OTI,2,83,1.9242792860618816
CACCGTTGTATATCAG-1,C57BL6,0,0,0.0
CACCGTTGTATATTCC-1,OTI,4,24,1.3979400086720377
CACCGTTGTATGCGGC-1,OTI,1,5,0.7781512503836436
CACCGTTGTCAGGCCG-1,OTI,0,0,0.0
CACCGTTGTCATATTC-1,C57BL6,0,0,0.0
CACCGTTGTGGACTGC-1,C57BL6,1,3,0.6020599913279624
CACCTAAAGACAAGTA-1,OTI,5,38,1.591064607026499
CACCTAAAGACTATCG-1,C57BL6,2,8,0.9542425094393249
CACCTAAAGAGGATTA-1,OTI,4,94,1.9777236052888478
CACCTAAAGATAGGCG-1,OTI,2,296,2.4727564493172123
CACCTAAAGCAATTCG-1,OTI,5,72,1.863322860120456
CACCTAAAGCATGTTG-1,OTI,1,246,2.392696953259666
CACCTAAAGCTAAGGG-1,OTI,2,11,1.0791812460476249
CACCTAAAGCTGCTAA-1,C57BL6,0,0,0.0
CACCTAAAGGCTGGTT-1,OTI,2,55,1.7481880270062005
CACCTAAAGGGAATAC-1,OTI,3,72,1.863322860120456
CACCTATTCAATCCTC-1,OTI,6,177,2.250420002308894
CACCTATTCATGCGGT-1,C57BL6,1,9,1.0
CACCTATTCATGTCGA-1,OTI,4,329,2.5185139398778875
CACCTATTCCCACTCA-1,OTI,1,8,0.9542425094393249
CACCTCATCAAATCCG-1,C57BL6,0,0,0.0
CACCTCATCCAAAGCC-1,C57BL6,0,0,0.0
CACCTCATCCATACCT-1,OTI,4,791,2.8987251815894934
CACCTCATCGGACATC-1,OTI,4,599,2.7781512503836434
CACCTCATCGTCAAAT-1,OTI,4,46,1.6720978579357175
CACCTCCAGAAGTGTA-1,C57BL6,0,0,0.0
CACCTCCAGACAGCGA-1,OTI,2,80,1.9084850188786497
CACCTCCAGAGCCGAA-1,OTI,1,27,1.4471580313422192
CACCTCCAGAGTCGTC-1,OTI,3,205,2.3138672203691533
CACCTCCAGCGACAGA-1,C57BL6,1,6,0.8450980400142568
CACCTCCAGCGGTCCA-1,OTI,2,22,1.3617278360175928
CACCTCCAGCTGTATG-1,OTI,0,0,0.0
CACCTCCAGGCGCTTG-1,OTI,0,0,0.0
CACCTCTCAACCATCG-1,OTI,1,4,0.6989700043360189
CACCTCTCACGTCGTA-1,OTI,1,2,0.47712125471966244
CACCTCTCAGCTTCAG-1,C57BL6,1,5,0.7781512503836436
CACCTCTCAGTGACCC-1,C57BL6,1,11,1.0791812460476249
CACCTTTAGCGAATTT-1,C57BL6,1,6,0.8450980400142568
CACCTTTAGCTCGTAA-1,C57BL6,1,5,0.7781512503836436
CACCTTTAGGGATAGT-1,C57BL6,1,3,0.6020599913279624
CACGAAGAGAAACGCG-1,OTI,3,125,2.100370545117563
CACGAAGAGACTATCG-1,C57BL6,0,0,0.0
CACGAAGAGAGTTAGA-1,OTI,1,1,0.3010299956639812
CACGAAGAGCGCCAAT-1,OTI,3,60,1.7853298350107671
CACGAAGAGCTGCATA-1,C57BL6,0,0,0.0
CACGAAGAGCTGCGTG-1,OTI,4,4,0.6989700043360189
CACGAAGAGCTTGAAT-1,OTI,0,0,0.0
CACGAAGAGGCGCATT-1,OTI,8,180,2.2576785748691846
CACGAAGAGGGGATAT-1,OTI,3,227,2.357934847000454
CACGAAGAGGTAGACG-1,OTI,0,0,0.0
CACGAATGTATACCCC-1,OTI,3,4,0.6989700043360189
CACGAATGTATGTACA-1,OTI,0,0,0.0
CACGAATGTCATTTCG-1,C57BL6,1,9,1.0
CACGAATGTCGGTGTA-1,OTI,5,124,2.0969100130080562
CACGAATGTCGTATGG-1,C57BL6,1,4,0.6989700043360189
CACGAGTTCACAGCTA-1,C57BL6,1,56,1.7558748556724915
CACGAGTTCACATCTC-1,C57BL6,0,0,0.0
CACGAGTTCACTTGCT-1,OTI,0,0,0.0
CACGAGTTCAGGCACT-1,OTI,2,8,0.9542425094393249
CACGAGTTCCAAATGT-1,OTI,5,191,2.2833012287035497
CACGAGTTCCGATGTA-1,OTI,5,60,1.7853298350107671
CACGAGTTCCTCCGAC-1,C57BL6,0,0,0.0
CACGAGTTCGTTATGG-1,OTI,5,72,1.863322860120456
CACGCACCAACGCGAG-1,OTI,0,0,0.0
CACGCACCACCTGTAG-1,C57BL6,2,113,2.0569048513364727
CACGCACCAGCCCATA-1,OTI,8,92,1.968482948553935
CACGCACCAGTAATCC-1,C57BL6,0,0,0.0
CACGCCAAGCAAACGG-1,OTI,1,6,0.8450980400142568
CACGCCAAGCATAATC-1,C57BL6,7,9,1.0
CACGCCAAGCGTTGGT-1,OTI,1,8,0.9542425094393249
CACGCCAAGGCGAATG-1,OTI,8,227,2.357934847000454
CACGCCCGTAAAGCTC-1,C57BL6,1,1,0.3010299956639812
CACGCCCGTCCATTCA-1,OTI,7,193,2.287801729930226
CACGCCCGTCCGGTAA-1,OTI,3,153,2.187520720836463
CACGCCCGTCGTTGCT-1,C57BL6,0,0,0.0
CACGCCCGTCTAAGCG-1,C57BL6,0,0,0.0
CACGCCCGTCTACGCT-1,C57BL6,0,0,0.0
CACGCCCGTGTGAGTT-1,C57BL6,0,0,0.0
CACGCGGGTAATCTTC-1,C57BL6,1,44,1.6532125137753437
CACGCGGGTCAGGTGC-1,C57BL6,1,9,1.0
CACGCGGGTCGACGGT-1,C57BL6,0,0,0.0
CACGCGGGTCGTTCGT-1,OTI,2,230,2.3636119798921444
CACGCGGGTGCACTAG-1,OTI,0,0,0.0
CACGCGGGTGCATTCC-1,OTI,3,20,1.3222192947339193
CACGCTTGTACAGCGC-1,OTI,5,167,2.225309281725863
CACGCTTGTCAGGTTG-1,C57BL6,1,10,1.0413926851582251
CACGCTTGTCATATTC-1,OTI,1,20,1.3222192947339193
CACGCTTGTCATGCAG-1,OTI,0,0,0.0
CACGCTTGTCCCTGTG-1,C57BL6,1,4,0.6989700043360189
CACGCTTGTCGACTAG-1,OTI,6,138,2.143014800254095
CACGCTTGTCGCGTAA-1,OTI,5,59,1.7781512503836436
CACGCTTGTGGTTCAG-1,C57BL6,2,19,1.3010299956639813
CACGCTTGTGTAGGTT-1,C57BL6,0,0,0.0
CACGCTTGTGTTGCAG-1,OTI,2,18,1.2787536009528289
CACGGAAAGAATCAAG-1,OTI,6,12,1.1139433523068367
CACGGAAAGATGTAGA-1,OTI,3,59,1.7781512503836436
CACGGAAAGCAACCCG-1,C57BL6,1,1,0.3010299956639812
CACGGAAAGCCTCATT-1,C57BL6,0,0,0.0
CACGGAAAGCGTTATG-1,OTI,1,77,1.8920946026904804
CACGGAAAGCTATAAC-1,C57BL6,0,0,0.0
CACGGAAAGGCATCGT-1,OTI,7,124,2.0969100130080562
CACGGAAAGGGGCTAA-1,OTI,7,259,2.4149733479708178
CACGGAAAGGTCATCA-1,C57BL6,5,5,0.7781512503836436
CACGGCGGTAATCAGC-1,OTI,1,15,1.2041199826559248
CACGGCGGTAGCTGTG-1,C57BL6,0,0,0.0
CACGGCGGTATGCGAT-1,C57BL6,1,6,0.8450980400142568
CACGGCGGTCGATCAG-1,C57BL6,0,0,0.0
CACGGCGGTGCTTTCA-1,OTI,1,133,2.1271047983648077
CACGGCGGTGGAACTT-1,C57BL6,0,0,0.0
CACGGCGGTGGGTTCA-1,OTI,1,7,0.9030899869919435
CACGGGTGTAATTCAG-1,OTI,1,2,0.47712125471966244
CACGGGTGTGCCACTT-1,OTI,11,373,2.5728716022004803
CACGGGTGTGCCCGAG-1,OTI,0,0,0.0
CACGGGTGTGGATTCG-1,OTI,9,531,2.7259116322950483
CACGGTCCACGGTCGT-1,C57BL6,1,7,0.9030899869919435
CACGGTCCACTTAGTA-1,C57BL6,1,23,1.380211241711606
CACGGTCCAGCTATCG-1,OTI,3,30,1.4913616938342726
CACGGTTAGGTCGTAC-1,OTI,1,4,0.6989700043360189
CACGTAATCAGTTTGG-1,OTI,1,22,1.3617278360175928
CACGTAATCCAGTACA-1,C57BL6,0,0,0.0
CACGTAATCCGCTCTA-1,OTI,1,9,1.0
CACGTAATCCGGGCTA-1,OTI,5,71,1.8573324964312685
CACGTACAGCATTTCC-1,OTI,5,305,2.48572142648158
CACGTACAGCCTGATA-1,OTI,4,5,0.7781512503836436
CACGTACAGCGTTGGT-1,C57BL6,0,0,0.0
CACGTACAGGCGTGAA-1,OTI,0,0,0.0
CACGTAGGTATAAGGG-1,OTI,2,64,1.8129133566428555
CACGTAGGTATCATCT-1,OTI,4,112,2.0530784434834195
CACGTAGGTCCACGTT-1,OTI,0,0,0.0
CACGTAGGTCCTATTG-1,C57BL6,2,31,1.505149978319906
CACGTAGGTCGTTGCT-1,C57BL6,0,0,0.0
CACGTAGGTGCCTCTG-1,OTI,2,7,0.9030899869919435
CACGTCACAAATGACG-1,OTI,2,54,1.7403626894942439
CACGTCACAACACAAG-1,C57BL6,0,0,0.0
CACGTCACAACCTCTC-1,OTI,6,260,2.416640507338281
CACGTCACAATACACC-1,OTI,6,247,2.3944516808262164
CACGTCACACAACGGG-1,OTI,0,0,0.0
CACGTCACAGCGTCTA-1,OTI,6,263,2.4216039268698313
CACGTCGAGAATTGTC-1,C57BL6,0,0,0.0
CACGTCGAGAGCGATG-1,OTI,5,55,1.7481880270062005
CACGTCGAGCTCTGGG-1,OTI,1,49,1.6989700043360187
CACGTCGAGGCAAAGT-1,OTI,1,14,1.1760912590556813
CACGTTCGTAGTGATC-1,OTI,0,0,0.0
CACGTTCGTCCATATT-1,OTI,9,123,2.093421685162235
CACGTTCGTCCCTAGT-1,OTI,4,57,1.7634279935629373
CACGTTCGTCTTGGAG-1,OTI,1,10,1.0413926851582251
CACTAACCAAAGCATG-1,C57BL6,0,0,0.0
CACTAACCAAATCGGA-1,OTI,6,350,2.545307116465824
CACTAACCAAATGGCA-1,OTI,0,0,0.0
CACTAACCAATAAGTA-1,OTI,3,40,1.6127838567197355
CACTAACCAATGCCGC-1,OTI,2,23,1.380211241711606
CACTAACCACCAGATT-1,C57BL6,1,3,0.6020599913279624
CACTAACCAGCTACAT-1,C57BL6,0,0,0.0
CACTAACCAGTTACCG-1,OTI,3,3,0.6020599913279624
CACTACAAGAACCATT-1,OTI,5,392,2.5943925503754266
CACTACAAGACCCATA-1,OTI,0,0,0.0
CACTACAAGATATTGC-1,OTI,1,142,2.155336037465062
CACTACAAGATTACCG-1,C57BL6,0,0,0.0
CACTACAAGCATCGAC-1,C57BL6,3,3,0.6020599913279624
CACTACAAGCGCCACA-1,C57BL6,0,0,0.0
CACTACGCAATGGTCT-1,OTI,0,0,0.0
CACTACGCACGATTTA-1,C57BL6,0,0,0.0
CACTACGCACTCGACA-1,OTI,2,13,1.146128035678238
CACTACGCAGCCCATA-1,OTI,4,156,2.1958996524092336
CACTACGCAGCGCTTA-1,OTI,0,0,0.0
CACTACGCAGGACCTC-1,OTI,1,6,0.8450980400142568
CACTACTTCAAACCCA-1,OTI,0,0,0.0
CACTACTTCAGAAGTA-1,C57BL6,0,0,0.0
CACTACTTCAGTACTG-1,C57BL6,0,0,0.0
CACTACTTCATGTCAG-1,OTI,4,248,2.3961993470957363
CACTACTTCCATCGCC-1,OTI,0,0,0.0
CACTACTTCCCTGATT-1,C57BL6,1,61,1.792391689498254
CACTACTTCGCAAGCT-1,OTI,1,2,0.47712125471966244
CACTAGCAGCCAAGCT-1,C57BL6,0,0,0.0
CACTAGCAGCGGTTCG-1,OTI,1,16,1.2304489213782739
CACTAGCAGCTAATCG-1,OTI,0,0,0.0
CACTAGCAGCTAGATT-1,C57BL6,0,0,0.0
CACTAGGGTAATCTTC-1,OTI,2,101,2.0086001717619175
CACTAGGGTCGTGAGC-1,C57BL6,0,0,0.0
CACTAGGGTCTAAGTA-1,OTI,2,35,1.5563025007672873
CACTATACACCTCTCG-1,OTI,3,25,1.414973347970818
CACTATACAGCTCTAG-1,OTI,2,27,1.4471580313422192
CACTATACAGTCGGAG-1,OTI,1,67,1.8325089127062364
CACTATGAGACACGGA-1,OTI,4,236,2.374748346010104
CACTATGAGATCCACA-1,OTI,6,101,2.0086001717619175
CACTATGAGCGTTGTA-1,OTI,5,156,2.1958996524092336
CACTATGAGGCGTCCA-1,OTI,2,224,2.3521825181113627
CACTATGAGGGAAGCC-1,OTI,3,12,1.1139433523068367
CACTATTGTAATCAGC-1,OTI,2,33,1.5314789170422551
CACTATTGTACATTTC-1,C57BL6,1,2,0.47712125471966244
CACTATTGTCCAGCCC-1,OTI,0,0,0.0
CACTCAAAGACCCCGA-1,OTI,0,0,0.0
CACTCAAAGACGACGA-1,OTI,1,25,1.414973347970818
CACTCAAAGCCTAATG-1,C57BL6,0,0,0.0
CACTCAAAGCGTTCCC-1,OTI,0,0,0.0
CACTCAGCACTACTCC-1,OTI,2,35,1.5563025007672873
CACTCAGCACTACTTT-1,OTI,3,72,1.863322860120456
CACTCAGCACTGCTCT-1,OTI,2,22,1.3617278360175928
CACTCAGCAGCCTTTC-1,OTI,2,9,1.0
CACTCAGCAGCGCTAC-1,OTI,5,60,1.7853298350107671
CACTCCATCAACGGCT-1,C57BL6,0,0,0.0
CACTCCATCCATTACC-1,OTI,1,60,1.7853298350107671
CACTCCATCCCACAGG-1,OTI,3,73,1.8692317197309762
CACTCCATCCGACTCC-1,C57BL6,0,0,0.0
CACTCCATCGTCTTCG-1,OTI,1,1,0.3010299956639812
CACTCCCAGAAAGCTA-1,OTI,2,12,1.1139433523068367
CACTCCCAGAATGGTA-1,C57BL6,1,3,0.6020599913279624
CACTCCCAGAGGTGAT-1,OTI,7,166,2.2227164711475833
CACTCCCAGCATCTTC-1,C57BL6,1,5,0.7781512503836436
CACTCCCAGCCATCGG-1,C57BL6,0,0,0.0
CACTCCCAGCCTGATA-1,C57BL6,1,1,0.3010299956639812
CACTCCCAGCTAACAT-1,OTI,8,273,2.437750562820388
CACTCCCAGCTAAGGG-1,OTI,6,240,2.3820170425748683
CACTCCGGTAATCTTC-1,OTI,4,161,2.2095150145426308
CACTCCGGTACCACTC-1,OTI,1,49,1.6989700043360187
CACTCCGGTATCGCGA-1,OTI,2,44,1.6532125137753437
CACTCCGGTCAATCCC-1,C57BL6,0,0,0.0
CACTCCGGTCAGCCCC-1,C57BL6,2,11,1.0791812460476249
CACTCCGGTCGTCTGT-1,C57BL6,1,65,1.8195439355418688
CACTCCGGTGGCATGC-1,C57BL6,0,0,0.0
CACTCCGGTGTGCCCC-1,OTI,4,98,1.99563519459755
CACTCCGGTGTTATGA-1,OTI,5,48,1.6901960800285136
CACTCCGGTGTTCGTC-1,OTI,1,11,1.0791812460476249
CACTCGACACCTCACT-1,C57BL6,0,0,0.0
CACTCGACACGATTAC-1,OTI,6,103,2.0170333392987803
CACTCGACAGCACACC-1,OTI,0,0,0.0
CACTCGACAGGAACGT-1,C57BL6,0,0,0.0
CACTCGACAGTGAAGC-1,OTI,1,1,0.3010299956639812
CACTCTCCAAATGACG-1,OTI,1,4,0.6989700043360189
CACTCTCCAACGTTCG-1,OTI,1,5,0.7781512503836436
CACTCTCCAATCAGAG-1,OTI,2,28,1.462397997898956
CACTCTCCAATCGGGG-1,OTI,4,25,1.414973347970818
CACTCTCCAATGACCT-1,OTI,3,317,2.5024271199844326
CACTCTCCACAGCGAG-1,OTI,0,0,0.0
CACTCTCCACCCTTCG-1,OTI,1,100,2.0043213737826426
CACTCTCCACCGTACA-1,OTI,1,30,1.4913616938342726
CACTCTCCAGGAGTCG-1,C57BL6,0,0,0.0
CACTCTGTCAACTCCT-1,C57BL6,0,0,0.0
CACTCTGTCACGCCCT-1,C57BL6,0,0,0.0
CACTCTGTCATCTTCA-1,OTI,2,195,2.292256071356476
CACTCTGTCCCATTCG-1,OTI,6,395,2.597695185925512
CACTCTGTCCGTCGTC-1,C57BL6,0,0,0.0
CACTCTGTCGGCTCTC-1,OTI,1,80,1.9084850188786497
CACTGCACAAGTCGGG-1,OTI,3,16,1.2304489213782739
CACTGCACAATATTAC-1,OTI,1,1,0.3010299956639812
CACTGCACACACGTCA-1,OTI,1,13,1.146128035678238
CACTGCACAGCATCAT-1,OTI,6,39,1.6020599913279623
CACTGCACAGTGGTAA-1,OTI,1,76,1.8864907251724818
CACTGCGAGAATGGCG-1,OTI,2,20,1.3222192947339193
CACTGCGAGAATTGAG-1,OTI,4,96,1.9867717342662448
CACTGCGAGATATTGC-1,C57BL6,0,0,0.0
CACTGCGAGCAGTATT-1,OTI,0,0,0.0
CACTGTAAGACTCAGC-1,OTI,9,297,2.4742162640762553
CACTGTAAGACTCCAA-1,C57BL6,0,0,0.0
CACTGTAAGGCTCAAC-1,C57BL6,0,0,0.0
CACTGTAAGGGACAAT-1,C57BL6,0,0,0.0
CACTTAACAAATTGGG-1,OTI,2,27,1.4471580313422192
CACTTAACAACGTGGG-1,OTI,0,0,0.0
CACTTAACACCCTAGA-1,C57BL6,1,7,0.9030899869919435
CACTTAACACTCCTAC-1,C57BL6,0,0,0.0
CACTTAACAGGGGCTA-1,OTI,0,0,0.0
CACTTAACAGTCACGC-1,OTI,5,137,2.1398790864012365
CACTTAACAGTCATCG-1,C57BL6,1,18,1.2787536009528289
CACTTACTCAATCGTG-1,C57BL6,0,0,0.0
CACTTACTCAATCTCC-1,OTI,1,12,1.1139433523068367
CACTTACTCACAGCAC-1,OTI,4,344,2.537819095073274
CACTTACTCACGTATG-1,OTI,0,0,0.0
CACTTACTCAGCATTG-1,OTI,3,83,1.9242792860618816
CACTTACTCAGTTATA-1,OTI,1,9,1.0
CACTTACTCATGTCAG-1,OTI,4,267,2.428134794028789
CACTTACTCATTGTCC-1,C57BL6,2,43,1.6434526764861874
CACTTACTCCCAATAG-1,OTI,0,0,0.0
CACTTACTCGTACATG-1,OTI,3,25,1.414973347970818
CACTTAGAGAATTCCG-1,C57BL6,0,0,0.0
CACTTAGAGAGCGAAT-1,C57BL6,0,0,0.0
CACTTAGAGCCACAAC-1,C57BL6,0,0,0.0
CACTTAGAGCGGCATT-1,C57BL6,1,6,0.8450980400142568
CACTTAGAGGTCCAAC-1,C57BL6,1,1,0.3010299956639812
CACTTATGTACCTTAT-1,OTI,1,26,1.4313637641589874
CACTTATGTACTACGG-1,OTI,1,26,1.4313637641589874
CACTTATGTGGGAGAT-1,C57BL6,0,0,0.0
CACTTCGTCAACCATG-1,OTI,4,121,2.0863598306747484
CACTTCGTCAGTACGC-1,OTI,10,116,2.0681858617461617
CACTTCGTCCATCTGT-1,OTI,3,45,1.662757831681574
CACTTCGTCGTGCGCA-1,C57BL6,1,5,0.7781512503836436
CACTTCGTCGTTCATC-1,OTI,0,0,0.0
CACTTTCAGAGGAGCC-1,C57BL6,0,0,0.0
CACTTTCAGATCCGTA-1,OTI,4,321,2.507855871695831
CACTTTCAGCGCGTCA-1,C57BL6,2,14,1.1760912590556813
CACTTTCAGCGCTATA-1,OTI,4,42,1.6334684555795864
CACTTTGGTAACTTTC-1,OTI,0,0,0.0
CACTTTGGTCAAGGCC-1,OTI,5,142,2.155336037465062
CACTTTGGTCATACGG-1,OTI,3,162,2.2121876044039577
CACTTTGGTCTATGTT-1,OTI,0,0,0.0
CACTTTGGTGGAGCAG-1,C57BL6,0,0,0.0
CACTTTGGTGTTCGAG-1,OTI,5,489,2.690196080028514
CAGCAACTCCATCGGG-1,OTI,2,97,1.9912260756924949
CAGCAACTCCGTGAGT-1,OTI,0,0,0.0
CAGCAACTCCTGAACA-1,OTI,2,25,1.414973347970818
CAGCAACTCGGCGAAA-1,OTI,3,39,1.6020599913279623
CAGCAACTCGTCATCT-1,OTI,5,185,2.2695129442179165
CAGCAATGTCATCATT-1,OTI,4,258,2.413299764081252
CAGCAATGTCCTTCGG-1,OTI,3,17,1.255272505103306
CAGCAATGTCGGGTAC-1,C57BL6,0,0,0.0
CAGCAATGTCGGGTTA-1,OTI,4,28,1.462397997898956
CAGCACCCAACAGAAT-1,OTI,0,0,0.0
CAGCACCCAATTGTAT-1,OTI,1,10,1.0413926851582251
CAGCACCCACCCAACA-1,C57BL6,1,17,1.255272505103306
CAGCACCCACTAGAAG-1,C57BL6,0,0,0.0
CAGCAGGCAAAATCAA-1,C57BL6,1,11,1.0791812460476249
CAGCAGGCAAATCCCG-1,OTI,2,6,0.8450980400142568
CAGCAGGCAACTCGCA-1,OTI,6,1553,3.1914510144648953
CAGCAGGCACACACGC-1,C57BL6,0,0,0.0
CAGCAGGCACAGCATT-1,OTI,8,185,2.2695129442179165
CAGCAGGCAGGTGATA-1,OTI,0,0,0.0
CAGCAGGCAGTGCGGA-1,OTI,0,0,0.0
CAGCAGTTCAACGTAT-1,OTI,0,0,0.0
CAGCAGTTCATAGTGT-1,C57BL6,0,0,0.0
CAGCAGTTCATGTGGC-1,OTI,3,95,1.9822712330395684
CAGCAGTTCCACCCGT-1,C57BL6,0,0,0.0
CAGCAGTTCCCGACTC-1,OTI,4,65,1.8195439355418688
CAGCAGTTCGCATGGT-1,OTI,5,132,2.123851640967086
CAGCAGTTCGTGCTCC-1,C57BL6,0,0,0.0
CAGCATATCAATGGTT-1,C57BL6,0,0,0.0
CAGCATATCATCATCC-1,OTI,3,40,1.6127838567197355
CAGCATATCCTATCCG-1,C57BL6,1,3,0.6020599913279624
CAGCATATCGGGCAAA-1,OTI,2,66,1.8260748027008264
CAGCATGGTAAGTTTG-1,OTI,5,899,2.9542425094393248
CAGCATGGTACACTCC-1,OTI,4,162,2.2121876044039577
CAGCATGGTAGTGATC-1,OTI,0,0,0.0
CAGCATGGTCATGGAT-1,C57BL6,0,0,0.0
CAGCATGGTCGCCCTA-1,OTI,1,73,1.8692317197309762
CAGCATGGTGTCGCGG-1,OTI,4,353,2.5490032620257876
CAGCATTCAAATGCGA-1,OTI,6,45,1.662757831681574
CAGCATTCAATCTGAC-1,OTI,3,45,1.662757831681574
CAGCATTCAATGCAGA-1,OTI,0,0,0.0
CAGCATTCACCAGATT-1,OTI,0,0,0.0
CAGCATTCAGCATAGA-1,C57BL6,2,13,1.146128035678238
CAGCATTCAGTTAGTC-1,OTI,4,287,2.459392487759231
CAGCCATAGACGTATT-1,OTI,0,0,0.0
CAGCCATAGCCGCTAG-1,C57BL6,0,0,0.0
CAGCCATAGCGGCCTA-1,OTI,4,54,1.7403626894942439
CAGCCCAAGACAGCGA-1,OTI,9,323,2.510545010206612
CAGCCCAAGACATAAG-1,C57BL6,1,6,0.8450980400142568
CAGCCCAAGATGGGTG-1,C57BL6,0,0,0.0
CAGCCCAAGCGGGTTT-1,OTI,1,79,1.9030899869919435
CAGCCCAAGGTATCCA-1,C57BL6,0,0,0.0
CAGCCCCGTAACTGCG-1,OTI,1,4,0.6989700043360189
CAGCCCCGTACCACAG-1,OTI,1,5,0.7781512503836436
CAGCCCCGTATACGGT-1,OTI,0,0,0.0
CAGCCCCGTATGTTCT-1,C57BL6,2,14,1.1760912590556813
CAGCCCCGTCGTATAA-1,C57BL6,1,1,0.3010299956639812
CAGCCCCGTCTAGCTC-1,OTI,3,171,2.2355284469075487
CAGCCCCGTGGGAGAT-1,C57BL6,1,8,0.9542425094393249
CAGCCCCGTGTGGCCG-1,OTI,2,46,1.6720978579357175
CAGCCCTTCAACCATG-1,OTI,0,0,0.0
CAGCCCTTCAACTATA-1,C57BL6,0,0,0.0
CAGCCCTTCGGACCCA-1,OTI,0,0,0.0
CAGCCCTTCGGCCTTC-1,C57BL6,0,0,0.0
CAGCCTCTCACTAATA-1,OTI,4,96,1.9867717342662448
CAGCCTCTCAGGCTGT-1,OTI,2,24,1.3979400086720377
CAGCCTCTCCAATTAA-1,OTI,8,127,2.1072099696478683
CAGCCTCTCCATCTAC-1,OTI,2,28,1.462397997898956
CAGCCTCTCGGCTATA-1,OTI,1,4,0.6989700043360189
CAGCCTCTCGTGGTTA-1,C57BL6,1,131,2.12057393120585
CAGCCTTGTATCTTGT-1,OTI,1,7,0.9030899869919435
CAGCCTTGTCTATGGG-1,C57BL6,0,0,0.0
CAGCCTTGTGCTATGG-1,OTI,6,121,2.0863598306747484
CAGCCTTGTGGGACTC-1,OTI,3,22,1.3617278360175928
CAGCCTTGTGTGCCGG-1,OTI,5,64,1.8129133566428555
CAGCGAAAGAATGCAA-1,C57BL6,1,4,0.6989700043360189
CAGCGAAAGACTTAAC-1,OTI,1,11,1.0791812460476249
CAGCGAAAGCATGCGT-1,OTI,7,102,2.012837224705172
CAGCGAAAGCCACTTT-1,OTI,3,74,1.8750612633917
CAGCGAAAGGCTGTTA-1,OTI,2,15,1.2041199826559248
CAGCGAGCAACACTTA-1,OTI,0,0,0.0
CAGCGAGCAACATCAC-1,C57BL6,1,2,0.47712125471966244
CAGCGAGCAACCAACT-1,OTI,4,82,1.919078092376074
CAGCGAGCAATCAACC-1,OTI,2,15,1.2041199826559248
CAGCGAGCAATCTGAC-1,OTI,0,0,0.0
CAGCGAGCAGGTAACA-1,C57BL6,0,0,0.0
CAGCGCATCAATCATA-1,OTI,3,223,2.3502480183341627
CAGCGCATCAATCCTC-1,OTI,1,8,0.9542425094393249
CAGCGCATCACGCCCT-1,OTI,1,8,0.9542425094393249
CAGCGCATCATGAATC-1,OTI,2,196,2.294466226161593
CAGCGCATCCATTCAC-1,OTI,1,14,1.1760912590556813
CAGCGCATCCCAGCTC-1,OTI,5,44,1.6532125137753437
CAGCGCATCCTACTTA-1,OTI,4,119,2.0791812460476247
CAGCGCATCGCCACTC-1,OTI,1,14,1.1760912590556813
CAGCGGACACACCCAA-1,OTI,2,9,1.0
CAGCGGACAGTATCAC-1,OTI,3,48,1.6901960800285136
CAGCGGACAGTTGCGC-1,OTI,1,62,1.7993405494535817
CAGCGGTGTAACCGGC-1,OTI,3,49,1.6989700043360187
CAGCGGTGTATCCTGC-1,C57BL6,0,0,0.0
CAGCGGTGTCATACGG-1,C57BL6,1,4,0.6989700043360189
CAGCGGTGTCATCAGG-1,OTI,4,87,1.9444826721501687
CAGCGGTGTCCACGTT-1,OTI,4,434,2.6384892569546374
CAGCGGTGTCGTTTCA-1,OTI,2,167,2.225309281725863
CAGCGGTGTGCTAGTG-1,C57BL6,0,0,0.0
CAGCGGTGTGGATGGG-1,OTI,3,55,1.7481880270062005
CAGCGGTGTGTGTGCA-1,OTI,3,86,1.9395192526186185
CAGCGTAGTAATGTTG-1,C57BL6,0,0,0.0
CAGCGTAGTAGCAGGG-1,OTI,5,387,2.5888317255942073
CAGCGTAGTAGTCTCC-1,OTI,5,160,2.2068258760318495
CAGCGTAGTATGGTTA-1,OTI,4,346,2.5403294747908736
CAGCGTAGTCATCGGA-1,C57BL6,1,11,1.0791812460476249
CAGCGTAGTCCAGCTT-1,C57BL6,0,0,0.0
CAGCGTCCAACGACCC-1,C57BL6,1,5,0.7781512503836436
CAGCGTCCACAACGAA-1,C57BL6,1,1,0.3010299956639812
CAGCGTCCACACAAGA-1,C57BL6,1,4,0.6989700043360189
CAGCGTCCACGTCTAG-1,OTI,4,59,1.7781512503836436
CAGCGTCCACTCTAGG-1,OTI,0,0,0.0
CAGCGTCCAGCATGCC-1,OTI,2,26,1.4313637641589874
CAGCGTTAGAACAGAC-1,OTI,4,48,1.6901960800285136
CAGCGTTAGCACTGTA-1,C57BL6,0,0,0.0
CAGCGTTAGCCAAAGG-1,OTI,2,69,1.845098040014257
CAGCGTTAGCTAGTGC-1,C57BL6,0,0,0.0
CAGCGTTAGCTGGTTA-1,OTI,3,80,1.9084850188786497
CAGCTAATCAACGCTA-1,OTI,2,231,2.3654879848909
CAGCTAATCACCATCT-1,OTI,1,1,0.3010299956639812
CAGCTAATCACGTCCC-1,OTI,10,221,2.346352974450639
CAGCTAATCAGCAGTC-1,C57BL6,0,0,0.0
CAGCTAATCGGGTCAT-1,OTI,3,218,2.3404441148401185
CAGCTACAGAAAGGAG-1,C57BL6,0,0,0.0
CAGCTACAGCAGGGGT-1,OTI,3,101,2.0086001717619175
CAGCTACAGGCGATAG-1,OTI,6,44,1.6532125137753437
CAGCTACAGGGGTTTC-1,OTI,0,0,0.0
CAGCTACAGGTATATC-1,C57BL6,0,0,0.0
CAGCTACAGGTTCATG-1,OTI,1,74,1.8750612633917
CAGCTCACAAAGCCAA-1,OTI,1,7,0.9030899869919435
CAGCTCACAATCTTAG-1,OTI,1,15,1.2041199826559248
CAGCTCACACCGCTAA-1,OTI,2,12,1.1139433523068367
CAGCTCACACCTAGCA-1,OTI,3,3,0.6020599913279624
CAGCTCACAGCTTTAA-1,OTI,4,247,2.3944516808262164
CAGCTCCTCAACAGCC-1,OTI,0,0,0.0
CAGCTCCTCAAGCCTA-1,OTI,2,14,1.1760912590556813
CAGCTCCTCACATGTG-1,OTI,3,75,1.8808135922807914
CAGCTCCTCACATTGG-1,C57BL6,1,6,0.8450980400142568
CAGCTCCTCACGGTGT-1,OTI,1,17,1.255272505103306
CAGCTCCTCACTTGCT-1,C57BL6,0,0,0.0
CAGCTCCTCCGAAACC-1,C57BL6,0,0,0.0
CAGCTCCTCCGTACAA-1,OTI,3,640,2.8068580295188172
CAGCTCCTCCTAGTCT-1,OTI,0,0,0.0
CAGCTCCTCGTCAACA-1,OTI,7,236,2.374748346010104
CAGCTCTGTATCCGCT-1,OTI,2,55,1.7481880270062005
CAGCTCTGTCAACCTC-1,OTI,4,23,1.380211241711606
CAGCTCTGTCGCGTCC-1,OTI,1,8,0.9542425094393249
CAGCTCTGTCGTTCTA-1,OTI,3,38,1.591064607026499
CAGCTCTGTCTATTCG-1,OTI,3,23,1.380211241711606
CAGCTCTGTGGAGCAG-1,OTI,7,53,1.7323937598229686
CAGCTGTAGATCGTTG-1,OTI,1,10,1.0413926851582251
CAGCTGTAGCAATGTT-1,OTI,4,190,2.2810333672477277
CAGCTTCGTAACTGCG-1,C57BL6,2,20,1.3222192947339193
CAGCTTCGTACGTCAG-1,C57BL6,6,7,0.9030899869919435
CAGCTTCGTACTAAGC-1,C57BL6,0,0,0.0
CAGCTTCGTAGAGTGA-1,OTI,4,52,1.724275869600789
CAGCTTCGTATCCGCT-1,C57BL6,1,6,0.8450980400142568
CAGCTTCGTCTAAATG-1,C57BL6,3,13,1.146128035678238
CAGCTTCGTGGAACCC-1,OTI,3,50,1.7075701760979363
CAGGACGCAAAGCAAT-1,OTI,4,138,2.143014800254095
CAGGACGCACATGCGC-1,OTI,3,36,1.568201724066995
CAGGACGCACTAAACC-1,C57BL6,3,25,1.414973347970818
CAGGACGCAGTGCAGG-1,C57BL6,0,0,0.0
CAGGAGCAGAAACCGG-1,C57BL6,0,0,0.0
CAGGAGCAGAAGCTAA-1,OTI,1,2,0.47712125471966244
CAGGAGCAGAGAGTTA-1,OTI,6,96,1.9867717342662448
CAGGAGCAGATAGGCG-1,C57BL6,0,0,0.0
CAGGAGCAGATGGGCA-1,C57BL6,0,0,0.0
CAGGAGCAGCATCGCG-1,C57BL6,0,0,0.0
CAGGAGCAGCATGTTG-1,C57BL6,2,9,1.0
CAGGAGCAGCGCTGCA-1,C57BL6,1,91,1.9637878273455553
CAGGAGCAGCGTCTAA-1,OTI,2,14,1.1760912590556813
CAGGAGCAGCTTAAGT-1,OTI,1,44,1.6532125137753437
CAGGAGCAGCTTGAAT-1,C57BL6,2,260,2.416640507338281
CAGGAGCAGGCCCAAT-1,OTI,6,11,1.0791812460476249
CAGGAGCAGGTAGGGC-1,OTI,2,36,1.568201724066995
CAGGAGCAGGTCCGAT-1,OTI,2,58,1.7708520116421442
CAGGATCTCAATCGTG-1,C57BL6,0,0,0.0
CAGGATCTCACTAATA-1,OTI,0,0,0.0
CAGGATCTCATATGTA-1,OTI,4,1072,3.030599721965951
CAGGATCTCCATGGCG-1,OTI,7,171,2.2355284469075487
CAGGATCTCGCATCGG-1,OTI,2,47,1.6812412373755872
CAGGATTGTAAAGCTC-1,OTI,2,199,2.3010299956639813
CAGGATTGTACTCCCG-1,OTI,1,6,0.8450980400142568
CAGGATTGTCAGTGCA-1,C57BL6,1,6,0.8450980400142568
CAGGATTGTCGACGGT-1,C57BL6,1,4,0.6989700043360189
CAGGATTGTCGTTCTA-1,OTI,0,0,0.0
CAGGATTGTCTAATTC-1,OTI,2,5,0.7781512503836436
CAGGATTGTCTATAAG-1,OTI,1,63,1.806179973983887
CAGGATTGTGGATGTT-1,OTI,0,0,0.0
CAGGATTGTGGTTCGA-1,C57BL6,0,0,0.0
CAGGCCGGTAACGAGA-1,OTI,2,22,1.3617278360175928
CAGGCCGGTAAGTTGC-1,OTI,2,300,2.4785664955938436
CAGGCCGGTCACCGGG-1,OTI,3,28,1.462397997898956
CAGGCCGGTGGGTGAG-1,OTI,3,76,1.8864907251724818
CAGGCGACAAAGGCAC-1,OTI,1,7,0.9030899869919435
CAGGCGACAAGCCGTC-1,OTI,3,116,2.0681858617461617
CAGGCGACAATCATGC-1,C57BL6,1,3,0.6020599913279624
CAGGCGACACTAAGTC-1,OTI,1,15,1.2041199826559248
CAGGCGACAGTGTAAG-1,OTI,1,24,1.3979400086720377
CAGGCGTGTAACTCGG-1,C57BL6,0,0,0.0
CAGGCGTGTAAGTGAG-1,OTI,1,2,0.47712125471966244
CAGGCGTGTACCCGTT-1,OTI,3,52,1.724275869600789
CAGGCGTGTCACTTTG-1,OTI,5,143,2.1583624920952498
CAGGCGTGTGTACCCT-1,OTI,2,105,2.0253058652647704
CAGGCTTAGAGGCGGT-1,OTI,3,49,1.6989700043360187
CAGGCTTAGAGGTGAT-1,OTI,7,406,2.60959440922522
CAGGCTTAGATCGTTG-1,OTI,6,110,2.0453229787866576
CAGGCTTAGATGTTCG-1,C57BL6,0,0,0.0
CAGGCTTAGCGTTGTA-1,OTI,9,856,2.932980821923198
CAGGCTTAGGGCGAAC-1,OTI,3,34,1.5440680443502757
CAGGGACAGACATCCA-1,OTI,4,15,1.2041199826559248
CAGGGACAGACATGCC-1,OTI,0,0,0.0
CAGGGACAGATAAGCA-1,OTI,4,865,2.937517892017347
CAGGGACAGATGCCCG-1,C57BL6,1,5,0.7781512503836436
CAGGGACAGATGCTCA-1,OTI,4,43,1.6434526764861874
CAGGGACAGGGGTTAG-1,OTI,0,0,0.0
CAGGGGTAGACCTACA-1,C57BL6,4,11,1.0791812460476249
CAGGGGTAGATGGGAT-1,OTI,3,58,1.7708520116421442
CAGGGGTAGCGAAGCA-1,OTI,1,15,1.2041199826559248
CAGGGGTAGGCCCGTA-1,C57BL6,0,0,0.0
CAGGGTAAGCTGGCAT-1,OTI,3,80,1.9084850188786497
CAGGGTAAGGGATAGT-1,OTI,7,267,2.428134794028789
CAGGGTAAGGGTGTTC-1,OTI,0,0,0.0
CAGGGTCGTACGTCTC-1,OTI,2,101,2.0086001717619175
CAGGGTCGTGCGCCTC-1,OTI,2,5,0.7781512503836436
CAGGGTTTCGTAGTCA-1,OTI,6,166,2.2227164711475833
CAGGTAACAACAGGGT-1,C57BL6,0,0,0.0
CAGGTAACAACTCCCT-1,OTI,2,44,1.6532125137753437
CAGGTAACACACTACG-1,OTI,5,174,2.2430380486862944
CAGGTAACACAGTAAG-1,C57BL6,4,447,2.651278013998144
CAGGTAACACGACACC-1,OTI,1,15,1.2041199826559248
CAGGTAACAGGTCATT-1,OTI,1,10,1.0413926851582251
CAGGTAACAGTGAGGT-1,C57BL6,0,0,0.0
CAGGTATGTCCGCCTA-1,OTI,0,0,0.0
CAGGTATGTCGACTTC-1,C57BL6,1,3,0.6020599913279624
CAGGTATGTCGCTCTG-1,OTI,0,0,0.0
CAGGTATGTCGGGGTT-1,OTI,4,74,1.8750612633917
CAGGTATGTGGCGTGT-1,OTI,2,13,1.146128035678238
CAGGTCCCAAATTGGG-1,C57BL6,0,0,0.0
CAGGTCCCACATCTCC-1,OTI,4,5,0.7781512503836436
CAGGTCCCACCTCAGA-1,OTI,0,0,0.0
CAGGTCCCACGTCGGT-1,C57BL6,9,50,1.7075701760979363
CAGGTGCGTACGCCGG-1,OTI,1,8,0.9542425094393249
CAGGTGCGTACGGGCT-1,OTI,2,8,0.9542425094393249
CAGGTGCGTACTTGCC-1,OTI,0,0,0.0
CAGGTGCGTATAAGGG-1,C57BL6,0,0,0.0
CAGGTGCGTATGGCCA-1,OTI,4,173,2.2405492482826
CAGGTGCGTATGGCGC-1,OTI,3,162,2.2121876044039577
CAGGTGCGTCAGGTAT-1,OTI,2,35,1.5563025007672873
CAGGTGCGTGCGATGC-1,OTI,0,0,0.0
CAGGTGTTCACGGTCG-1,C57BL6,8,109,2.041392685158225
CAGGTGTTCACGTATG-1,OTI,1,26,1.4313637641589874
CAGGTGTTCCAATAGT-1,OTI,3,190,2.2810333672477277
CAGGTGTTCCCGCTGT-1,C57BL6,0,0,0.0
CAGGTGTTCCGCCTAC-1,C57BL6,0,0,0.0
CAGGTGTTCCGGCATG-1,OTI,0,0,0.0
CAGGTGTTCCTCTAAC-1,C57BL6,0,0,0.0
CAGGTGTTCCTGTACT-1,OTI,3,25,1.414973347970818
CAGGTTATCAAGTCGC-1,OTI,6,87,1.9444826721501687
CAGGTTATCACTGTTC-1,C57BL6,0,0,0.0
CAGGTTATCAGGACTC-1,OTI,2,17,1.255272505103306
CAGGTTATCATGGGCT-1,OTI,2,221,2.346352974450639
CAGGTTATCCTAACTC-1,OTI,5,10,1.0413926851582251
CAGGTTATCCTCCATG-1,C57BL6,0,0,0.0
CAGGTTATCGCTCCAC-1,OTI,2,48,1.6901960800285136
CAGGTTATCGTAGTGC-1,C57BL6,1,3,0.6020599913279624
CAGGTTGGTACCACAG-1,OTI,4,97,1.9912260756924949
CAGGTTGGTAGGTTTA-1,OTI,2,10,1.0413926851582251
CAGGTTGGTATGCGCA-1,C57BL6,0,0,0.0
CAGGTTGGTCAAAGCT-1,OTI,0,0,0.0
CAGGTTGGTCCAACGA-1,OTI,7,237,2.376576957056512
CAGGTTGGTCCATTCA-1,C57BL6,3,4,0.6989700043360189
CAGGTTGGTCCCAATC-1,C57BL6,0,0,0.0
CAGGTTGGTCCTAGCT-1,C57BL6,0,0,0.0
CAGGTTGGTCTTAGCC-1,OTI,0,0,0.0
CAGGTTGGTGCAAGCC-1,C57BL6,1,6,0.8450980400142568
CAGGTTGGTGGGTATT-1,C57BL6,2,12,1.1139433523068367
CAGGTTGGTGTCCCTG-1,C57BL6,2,12,1.1139433523068367
CAGGTTGGTGTCCTTA-1,OTI,2,19,1.3010299956639813
CAGTAAGCAAACGGCG-1,OTI,2,93,1.9731278535996986
CAGTAAGCAACTTAGC-1,OTI,2,31,1.505149978319906
CAGTAAGCAAGACGTA-1,OTI,2,17,1.255272505103306
CAGTAAGCAATCACTA-1,OTI,1,4,0.6989700043360189
CAGTAAGCAGGTGCGA-1,C57BL6,0,0,0.0
CAGTAATTCAGACGCT-1,OTI,3,43,1.6434526764861874
CAGTAATTCAGCACTA-1,OTI,2,84,1.9294189257142926
CAGTAATTCAGGTGTC-1,OTI,3,17,1.255272505103306
CAGTAATTCCGGGCTA-1,OTI,1,16,1.2304489213782739
CAGTAATTCGGTTTAG-1,OTI,9,20,1.3222192947339193
CAGTACATCACGGTTA-1,OTI,0,0,0.0
CAGTACATCAGGCTCG-1,OTI,9,80,1.9084850188786497
CAGTACATCATGGGTC-1,OTI,4,602,2.780317312140151
CAGTACATCCAAGTAT-1,OTI,0,0,0.0
CAGTACATCCGCTTCA-1,C57BL6,1,1,0.3010299956639812
CAGTACATCGGGCTCA-1,OTI,7,102,2.012837224705172
CAGTACATCGTGGGTT-1,C57BL6,0,0,0.0
CAGTAGCTCACATGTG-1,C57BL6,0,0,0.0
CAGTAGCTCCGTACAA-1,OTI,3,25,1.414973347970818
CAGTAGCTCGCGTATA-1,C57BL6,3,41,1.6232492903979006
CAGTAGCTCGCGTGTG-1,OTI,5,201,2.305351369446624
CAGTAGCTCGGTACTA-1,OTI,3,137,2.1398790864012365
CAGTAGGAGAAGGCAT-1,OTI,3,20,1.3222192947339193
CAGTAGGAGGCAAAGT-1,C57BL6,0,0,0.0
CAGTAGGAGGCCATAC-1,C57BL6,2,31,1.505149978319906
CAGTAGGAGGTCCGCA-1,OTI,5,49,1.6989700043360187
CAGTAGTGTAATCCGG-1,OTI,2,27,1.4471580313422192
CAGTAGTGTCAAGGTT-1,OTI,3,17,1.255272505103306
CAGTAGTGTCGCATAG-1,OTI,1,13,1.146128035678238
CAGTAGTGTCGCATTC-1,OTI,1,5,0.7781512503836436
CAGTAGTGTGCATAGT-1,OTI,10,179,2.255272505103306
CAGTAGTGTGTGTAGT-1,OTI,3,127,2.1072099696478683
CAGTAGTGTGTGTATA-1,C57BL6,0,0,0.0
CAGTATAGTACCCCTG-1,OTI,4,74,1.8750612633917
CAGTATAGTCATTTCG-1,C57BL6,1,2,0.47712125471966244
CAGTATAGTGTGCCTT-1,OTI,12,601,2.7795964912578244
CAGTATGTCCAATTAA-1,C57BL6,0,0,0.0
CAGTATGTCCCTGTCA-1,OTI,4,44,1.6532125137753437
CAGTATGTCGGTACGT-1,C57BL6,0,0,0.0
CAGTATGTCGTATGTG-1,OTI,0,0,0.0
CAGTATTAGAGGGGCT-1,OTI,3,79,1.9030899869919435
CAGTATTAGAGGTATA-1,OTI,3,79,1.9030899869919435
CAGTATTAGATTACGT-1,OTI,0,0,0.0
CAGTATTAGCACCTAA-1,OTI,3,45,1.662757831681574
CAGTATTAGCCTATTC-1,OTI,1,14,1.1760912590556813
CAGTATTAGCGGTCAT-1,C57BL6,1,1,0.3010299956639812
CAGTATTAGCTGGCAT-1,C57BL6,0,0,0.0
CAGTATTAGGTCCTTT-1,OTI,4,86,1.9395192526186185
CAGTCAATCAATCGGC-1,OTI,6,134,2.130333768495006
CAGTCAATCACACACA-1,OTI,1,13,1.146128035678238
CAGTCAATCACATCAG-1,OTI,3,78,1.8976270912904414
CAGTCAATCAGTCAAT-1,C57BL6,0,0,0.0
CAGTCAATCCAGGGTT-1,C57BL6,0,0,0.0
CAGTCAATCCATCTGT-1,C57BL6,1,11,1.0791812460476249
CAGTCAATCCCTCTAG-1,C57BL6,0,0,0.0
CAGTCAATCCGGTCCT-1,C57BL6,0,0,0.0
CAGTCAGGTAAACTGC-1,OTI,4,199,2.3010299956639813
CAGTCAGGTCCATATT-1,OTI,3,43,1.6434526764861874
CAGTCAGGTGTGGGCT-1,OTI,3,24,1.3979400086720377
CAGTCATCAATCGTAC-1,OTI,4,394,2.59659709562646
CAGTCATCACGATAGA-1,OTI,0,0,0.0
CAGTCCACAAGTACTC-1,OTI,4,38,1.591064607026499
CAGTCCACACATATGC-1,OTI,4,26,1.4313637641589874
CAGTCCACACATGTCG-1,OTI,2,51,1.7160033436347992
CAGTCCACACTAGCGC-1,OTI,0,0,0.0
CAGTCCACACTGTACG-1,OTI,7,233,2.369215857410143
CAGTCCACACTTAAGC-1,C57BL6,0,0,0.0
CAGTCCCTCAAACCTG-1,OTI,4,139,2.146128035678238
CAGTCCCTCATCAGGC-1,C57BL6,0,0,0.0
CAGTCCCTCATTCGCT-1,OTI,2,135,2.1335389083702174
CAGTCCCTCCATTCCG-1,OTI,3,159,2.2041199826559246
CAGTCCCTCCGCAGCA-1,C57BL6,0,0,0.0
CAGTCCCTCCGCATAA-1,OTI,3,58,1.7708520116421442
CAGTCCCTCCTCCACA-1,OTI,1,7,0.9030899869919435
CAGTCCCTCCTGTACT-1,OTI,3,285,2.456366033129043
CAGTCCCTCGCCCGTT-1,C57BL6,0,0,0.0
CAGTCCCTCGTCATTC-1,OTI,1,11,1.0791812460476249
CAGTCCGAGACGCGAA-1,C57BL6,1,6,0.8450980400142568
CAGTCCGAGAGAGGTT-1,C57BL6,5,15,1.2041199826559248
CAGTCCGAGAGCAAGT-1,C57BL6,0,0,0.0
CAGTCCGAGGCCTGAT-1,OTI,1,104,2.0211892990699383
CAGTCCGAGGTCCATA-1,OTI,1,62,1.7993405494535817
CAGTCGCCAACTGGAA-1,OTI,6,56,1.7558748556724915
CAGTCGCCAAGCATTC-1,C57BL6,1,4,0.6989700043360189
CAGTCGCCAAGTATAA-1,OTI,1,1,0.3010299956639812
CAGTCGCCAATCATGC-1,OTI,2,20,1.3222192947339193
CAGTCGCCAATCCGGC-1,OTI,6,97,1.9912260756924949
CAGTCGCCACACAGCC-1,C57BL6,0,0,0.0
CAGTCGCCACATTTAG-1,OTI,0,0,0.0
CAGTCGCCACTAAACC-1,C57BL6,1,3,0.6020599913279624
CAGTCGCCAGCACACC-1,OTI,1,175,2.24551266781415
CAGTCGCCAGCGGACA-1,OTI,2,44,1.6532125137753437
CAGTCGCCAGTTCACG-1,OTI,2,307,2.4885507165004443
CAGTCTAAGAATTGTC-1,OTI,8,112,2.0530784434834195
CAGTCTAAGAGGAGTT-1,C57BL6,0,0,0.0
CAGTCTAAGCTCAGTA-1,OTI,4,55,1.7481880270062005
CAGTCTAAGCTGCAAC-1,OTI,2,6,0.8450980400142568
CAGTCTCGTAGGTTGT-1,OTI,0,0,0.0
CAGTCTCGTATAGGAG-1,OTI,5,74,1.8750612633917
CAGTCTCGTATGCAGT-1,OTI,1,1,0.3010299956639812
CAGTCTCGTATTGCTT-1,OTI,4,138,2.143014800254095
CAGTCTCGTCCTCTCC-1,C57BL6,2,7,0.9030899869919435
CAGTCTCGTCGATCAG-1,C57BL6,0,0,0.0
CAGTCTCGTCGCAGTA-1,OTI,4,60,1.7853298350107671
CAGTCTCGTCGCTGGG-1,OTI,1,82,1.919078092376074
CAGTCTCGTCGTATGG-1,OTI,4,42,1.6334684555795864
CAGTCTCGTGTCGCCC-1,OTI,0,0,0.0
CAGTCTCGTGTCGGCG-1,C57BL6,0,0,0.0
CAGTCTCGTGTTCTAT-1,OTI,1,65,1.8195439355418688
CAGTGCAGTACCCTTA-1,OTI,3,1107,3.044539760392411
CAGTGCAGTAGGGAGT-1,OTI,3,410,2.6138418218760693
CAGTGCAGTATCATTC-1,OTI,0,0,0.0
CAGTGCAGTGGATTCG-1,C57BL6,0,0,0.0
CAGTGCAGTGGGTGAG-1,OTI,3,27,1.4471580313422192
CAGTGCAGTGGTATTA-1,OTI,2,359,2.5563025007672873
CAGTGCAGTGTAGAAG-1,OTI,0,0,0.0
CAGTGCCCAATATGTT-1,OTI,2,12,1.1139433523068367
CAGTGCCCAATCGCAT-1,C57BL6,0,0,0.0
CAGTGCCCAGCGGTCT-1,OTI,3,78,1.8976270912904414
CAGTGCCCAGGATGGT-1,OTI,0,0,0.0
CAGTGCCCAGGTAACA-1,OTI,5,94,1.9777236052888478
CAGTGCCCAGTAACCT-1,OTI,6,11,1.0791812460476249
CAGTGCCCAGTTCAGT-1,C57BL6,1,3,0.6020599913279624
CAGTGGGCACCTTACC-1,OTI,5,285,2.456366033129043
CAGTGGGCACGTCGTA-1,C57BL6,1,9,1.0
CAGTTAAGTAATTTCC-1,C57BL6,0,0,0.0
CAGTTAAGTAGGTTCG-1,OTI,2,64,1.8129133566428555
CAGTTAAGTATGATGC-1,C57BL6,5,8,0.9542425094393249
CAGTTAAGTCGGTTAG-1,OTI,0,0,0.0
CAGTTACCAGCGTAGG-1,C57BL6,1,6,0.8450980400142568
CAGTTACCAGGAACTA-1,OTI,5,59,1.7781512503836436
CAGTTCCGTAATTTCC-1,OTI,0,0,0.0
CAGTTCCGTAGTCGAT-1,C57BL6,0,0,0.0
CAGTTCCGTAGTGTCG-1,C57BL6,0,0,0.0
CAGTTCCGTCGCAAAT-1,OTI,1,36,1.568201724066995
CAGTTCCGTCTGTTAT-1,OTI,0,0,0.0
CAGTTCCGTGCGATGC-1,C57BL6,1,2,0.47712125471966244
CAGTTCCGTGGTGCCG-1,C57BL6,1,1,0.3010299956639812
CAGTTCGCAAATTGAA-1,C57BL6,0,0,0.0
CAGTTCGCAATGCTAC-1,C57BL6,0,0,0.0
CAGTTCGCACAGCGAG-1,OTI,0,0,0.0
CAGTTCGCACTAACGT-1,C57BL6,1,3,0.6020599913279624
CAGTTCGCAGCTGTAT-1,OTI,2,83,1.9242792860618816
CAGTTCGCAGGATTTC-1,OTI,6,148,2.173186268412274
CAGTTGGGTAACGCTG-1,C57BL6,2,143,2.1583624920952498
CAGTTGGGTAAGGCCC-1,OTI,4,168,2.2278867046136734
CAGTTGGGTAGGTTGT-1,C57BL6,6,68,1.8388490907372552
CAGTTGGGTCTCGATC-1,OTI,2,87,1.9444826721501687
CAGTTGGGTGCTCCTG-1,C57BL6,2,53,1.7323937598229686
CAGTTGGGTGTCGTGA-1,OTI,6,288,2.4608978427565478
CAGTTTACAACCCACA-1,OTI,0,0,0.0
CAGTTTACAACTTCAA-1,OTI,0,0,0.0
CAGTTTACACAACTTA-1,OTI,1,13,1.146128035678238
CATAACCCAACGCAGG-1,OTI,3,148,2.173186268412274
CATAACCCAACTATAT-1,OTI,0,0,0.0
CATAACCCAACTTCAA-1,C57BL6,0,0,0.0
CATAACCCAAGACGAC-1,OTI,1,4,0.6989700043360189
CATAACCCAATCGAAG-1,C57BL6,6,17,1.255272505103306
CATAACCCACAGTGGG-1,OTI,1,5,0.7781512503836436
CATAACCCACCCATTC-1,OTI,3,214,2.3324384599156054
CATAACCCACCGTTAG-1,OTI,0,0,0.0
CATAACCCAGTCAACT-1,OTI,2,15,1.2041199826559248
CATAACGTCCCACGCT-1,C57BL6,0,0,0.0
CATAACGTCGCGGAAA-1,OTI,9,148,2.173186268412274
CATAACTAGAATACGA-1,OTI,5,42,1.6334684555795864
CATAACTAGATCGATT-1,C57BL6,0,0,0.0
CATAACTAGCATTTCC-1,OTI,5,88,1.9493900066449128
CATAACTAGCCCACGA-1,C57BL6,0,0,0.0
CATAACTAGCGGATAG-1,OTI,3,83,1.9242792860618816
CATAACTAGGGACAAT-1,C57BL6,1,4,0.6989700043360189
CATAAGCGTACATTAG-1,OTI,1,1,0.3010299956639812
CATAAGCGTACGGATT-1,C57BL6,0,0,0.0
CATAAGCGTATATCCT-1,OTI,4,33,1.5314789170422551
CATAAGCGTCATTCCA-1,OTI,1,7,0.9030899869919435
CATAAGCGTCCTTTAG-1,OTI,1,6,0.8450980400142568
CATAAGCGTCGAGGAG-1,C57BL6,7,533,2.727541257028556
CATAAGCGTCTTATGT-1,OTI,6,105,2.0253058652647704
CATAAGCGTGTCGCGG-1,OTI,5,39,1.6020599913279623
CATAAGTTCAATCTGG-1,C57BL6,0,0,0.0
CATAAGTTCAGTTTGG-1,OTI,4,222,2.3483048630481607
CATAAGTTCCAATGTG-1,OTI,1,9,1.0
CATAAGTTCCCTAGTT-1,OTI,5,23,1.380211241711606
CATAAGTTCGCTACTT-1,C57BL6,1,7,0.9030899869919435
CATAATCAGAGTTAGA-1,C57BL6,1,3,0.6020599913279624
CATAATCAGCGGGGAT-1,C57BL6,1,38,1.591064607026499
CATAATCAGCTGCGAT-1,OTI,4,398,2.6009728956867484
CATAATTCAAAGGGGA-1,C57BL6,0,0,0.0
CATAATTCAAATTCGC-1,OTI,1,3,0.6020599913279624
CATAATTCAACACGAA-1,OTI,3,3,0.6020599913279624
CATAATTCAATAGGCA-1,C57BL6,1,3,0.6020599913279624
CATAATTCAATTCGAC-1,C57BL6,1,3,0.6020599913279624
CATAATTCACAATGTC-1,C57BL6,0,0,0.0
CATACAAGTAATTCCT-1,OTI,1,1,0.3010299956639812
CATACAAGTAGTTATG-1,OTI,0,0,0.0
CATACAAGTATAGCGT-1,C57BL6,1,11,1.0791812460476249
CATACAAGTATGTACA-1,OTI,5,26,1.4313637641589874
CATACAAGTCCATAGG-1,C57BL6,0,0,0.0
CATACAAGTCGTCTGT-1,C57BL6,6,659,2.8195439355418688
CATACAAGTGCATTGG-1,C57BL6,5,72,1.863322860120456
CATACAAGTGGGGATG-1,C57BL6,0,0,0.0
CATACAAGTGTCTTAT-1,OTI,2,28,1.462397997898956
CATACATAGAAACGGT-1,OTI,6,73,1.8692317197309762
CATACATAGATAAGCA-1,OTI,2,26,1.4313637641589874
CATACATAGCTTGTCT-1,OTI,5,51,1.7160033436347992
CATACATAGGCATTCA-1,OTI,0,0,0.0
CATACATAGGGGTATG-1,OTI,3,39,1.6020599913279623
CATACATAGGTGCGTT-1,C57BL6,2,6,0.8450980400142568
CATACCCGTAAGGTTC-1,OTI,4,85,1.9344984512435677
CATACCCGTAGCAGGG-1,OTI,1,515,2.7126497016272113
CATACCCGTCGCTGGG-1,C57BL6,1,6,0.8450980400142568
CATACCCGTCTCGCCA-1,C57BL6,0,0,0.0
CATACCGCAAAATTTC-1,C57BL6,0,0,0.0
CATACCGCAAGGGTCG-1,OTI,1,39,1.6020599913279623
CATACCGCAATCCGCA-1,C57BL6,0,0,0.0
CATACCGCAATCGCCA-1,OTI,2,54,1.7403626894942439
CATACCGCACCACGTA-1,OTI,3,21,1.3424226808222062
CATACCGCACTATGAC-1,C57BL6,0,0,0.0
CATACCTTCACGATAT-1,C57BL6,0,0,0.0
CATACCTTCATCTTCA-1,OTI,10,87,1.9444826721501687
CATACCTTCATTAAGC-1,OTI,7,85,1.9344984512435677
CATACCTTCCATCTAC-1,C57BL6,0,0,0.0
CATACCTTCCGCACTC-1,OTI,0,0,0.0
CATACCTTCCGTATCT-1,OTI,2,140,2.1492191126553797
CATACCTTCCTTGTCG-1,OTI,1,13,1.146128035678238
CATACCTTCGTAATTA-1,OTI,3,22,1.3617278360175928
CATACGGGTAGGAAAT-1,OTI,2,22,1.3617278360175928
CATACGGGTATGCGGC-1,C57BL6,1,9,1.0
CATACGGGTCACGTTC-1,OTI,1,10,1.0413926851582251
CATACGGGTCATGTGG-1,OTI,0,0,0.0
CATACGGGTCGAGGGA-1,C57BL6,0,0,0.0
CATACTTGTCATCTTG-1,C57BL6,1,3,0.6020599913279624
CATACTTGTCCGCCGT-1,OTI,3,58,1.7708520116421442
CATACTTGTCTGGATG-1,C57BL6,1,1,0.3010299956639812
CATACTTGTCTGTCCG-1,OTI,1,21,1.3424226808222062
CATACTTGTGCAAGGG-1,C57BL6,0,0,0.0
CATACTTGTGTTGTCC-1,OTI,4,62,1.7993405494535817
CATAGAGCACAAGTAG-1,OTI,0,0,0.0
CATAGAGCACATTGGT-1,OTI,0,0,0.0
CATAGCATCACTCTTA-1,OTI,1,22,1.3617278360175928
CATAGCATCAGTTGGC-1,OTI,3,69,1.845098040014257
CATAGCATCCACATCT-1,C57BL6,10,28,1.462397997898956
CATAGCATCCGACTCC-1,C57BL6,3,19,1.3010299956639813
CATAGCATCCGGCATG-1,C57BL6,2,52,1.724275869600789
CATAGCATCCTACATC-1,OTI,3,275,2.4409090820652177
CATAGCCAGCCGCGTA-1,C57BL6,0,0,0.0
CATAGCCAGCTATGTG-1,OTI,5,75,1.8808135922807914
CATAGCCAGGCATACC-1,OTI,0,0,0.0
CATAGCCAGGTCAATT-1,OTI,0,0,0.0
CATAGCGGTACTGGGC-1,C57BL6,2,16,1.2304489213782739
CATAGCGGTATGGGTT-1,C57BL6,0,0,0.0
CATAGCGGTCGCGGAT-1,C57BL6,0,0,0.0
CATAGCGGTCTTCTAG-1,OTI,6,217,2.3384564936046046
CATAGCTCAAATGGCA-1,C57BL6,0,0,0.0
CATAGCTCAACAGCGG-1,OTI,0,0,0.0
CATAGCTCAAGCCATT-1,OTI,5,64,1.8129133566428555
CATAGCTCAGGAACCG-1,C57BL6,1,8,0.9542425094393249
CATAGCTCAGGTTAGA-1,OTI,0,0,0.0
CATAGGCTCACGATAT-1,OTI,1,2,0.47712125471966244
CATAGGCTCCCACTAT-1,OTI,3,87,1.9444826721501687
CATAGGCTCCTCCGAC-1,OTI,10,316,2.5010592622177517
CATAGGCTCCTTAATT-1,OTI,2,132,2.123851640967086
CATAGGGAGCACTAGC-1,OTI,3,22,1.3617278360175928
CATAGGGAGGTACGTC-1,OTI,6,312,2.4955443375464483
CATAGGGAGGTCGGTT-1,C57BL6,0,0,0.0
CATAGGTGTACGAAAG-1,OTI,1,4,0.6989700043360189
CATAGGTGTATAAGGG-1,OTI,1,6,0.8450980400142568
CATAGGTGTATCGCGA-1,OTI,1,21,1.3424226808222062
CATAGGTGTATCTTGT-1,OTI,1,172,2.2380461031287955
CATAGTAGTACCCGTT-1,OTI,5,197,2.296665190261531
CATAGTAGTATTGGGT-1,OTI,2,128,2.110589710299249
CATAGTCCAAGTACAG-1,OTI,0,0,0.0
CATAGTCCAATAGTAA-1,OTI,1,4,0.6989700043360189
CATAGTCCAGGATGGT-1,OTI,1,6,0.8450980400142568
CATAGTCCAGGCCTTA-1,OTI,0,0,0.0
CATAGTCCAGGTCGTC-1,C57BL6,1,13,1.146128035678238
CATAGTCCAGGTTCGC-1,OTI,4,111,2.0492180226701815
CATATCACACCAGATT-1,OTI,4,124,2.0969100130080562
CATATCACACCTACTC-1,C57BL6,0,0,0.0
CATATCCTCACCTTAC-1,OTI,2,475,2.677606952720493
CATATCCTCACTGCCC-1,OTI,7,258,2.413299764081252
CATATCCTCCATAGCA-1,OTI,4,29,1.4771212547196624
CATATCCTCCCAACCC-1,OTI,2,10,1.0413926851582251
CATATCCTCGCAGTGT-1,C57BL6,0,0,0.0
CATATCGAGACATGAA-1,OTI,1,59,1.7781512503836436
CATATCGAGACATTCG-1,OTI,3,376,2.576341350205793
CATATCGAGCCGCTAG-1,OTI,0,0,0.0
CATATCGAGGCACGTT-1,OTI,0,0,0.0
CATATGCCAAATATAG-1,C57BL6,0,0,0.0
CATATGCCAACGCGAG-1,OTI,0,0,0.0
CATATGCCAATAGCGA-1,C57BL6,0,0,0.0
CATATGCCAATGTATT-1,OTI,2,14,1.1760912590556813
CATATGCCACCAAATC-1,OTI,1,11,1.0791812460476249
CATATGCCACTCCTAC-1,C57BL6,0,0,0.0
CATATGCCAGGCGACA-1,OTI,0,0,0.0
CATATGCCAGGTATTC-1,OTI,5,315,2.499687082618404
CATATGCCAGTAGGCG-1,OTI,3,32,1.5185139398778875
CATATGCCAGTCTCGA-1,C57BL6,2,2,0.47712125471966244
CATATGGTCAGACAGG-1,OTI,0,0,0.0
CATATGGTCAGCATCA-1,OTI,6,140,2.1492191126553797
CATATGGTCAGGTAAA-1,OTI,3,31,1.505149978319906
CATATGGTCATGCCTT-1,C57BL6,0,0,0.0
CATATGGTCCAAGTAT-1,C57BL6,1,4,0.6989700043360189
CATATGTAGCTACAGC-1,OTI,3,554,2.7442929831226763
CATATGTAGGCAATCC-1,OTI,3,116,2.0681858617461617
CATATGTAGGGAGATT-1,OTI,3,21,1.3424226808222062
CATATGTAGGTTGGAG-1,OTI,7,337,2.5289167002776547
CATATGTAGGTTGGTC-1,OTI,3,31,1.505149978319906
CATATTCGTAACTAGC-1,C57BL6,0,0,0.0
CATATTCGTAGAGATG-1,C57BL6,3,3,0.6020599913279624
CATATTCGTAGTGTTA-1,C57BL6,0,0,0.0
CATATTCGTATAAGCC-1,C57BL6,0,0,0.0
CATATTCGTATGTTGA-1,OTI,3,12,1.1139433523068367
CATATTCGTCGACAGC-1,C57BL6,0,0,0.0
CATATTCGTCGTTAAA-1,C57BL6,2,16,1.2304489213782739
CATATTCGTGCACAGC-1,OTI,1,32,1.5185139398778875
CATCAATAGACCAGAG-1,OTI,3,109,2.041392685158225
CATCAATAGACCCTTT-1,OTI,4,298,2.4756711883244296
CATCACAAGACGTATT-1,OTI,1,115,2.0644579892269186
CATCACAAGCCTCACC-1,C57BL6,0,0,0.0
CATCACAAGCGAAGAT-1,OTI,5,32,1.5185139398778875
CATCACAAGCGTTGTA-1,OTI,1,1,0.3010299956639812
CATCACAAGCTGTAAT-1,C57BL6,1,3,0.6020599913279624
CATCACAAGCTTAGCA-1,OTI,1,3,0.6020599913279624
CATCACAAGGCCCCAA-1,C57BL6,1,2,0.47712125471966244
CATCACAAGGGAATGT-1,OTI,1,22,1.3617278360175928
CATCACGCAACAATTT-1,C57BL6,1,7,0.9030899869919435
CATCACGCAAGCGCCT-1,OTI,4,30,1.4913616938342726
CATCACGCAAGTCGGG-1,OTI,4,865,2.937517892017347
CATCACGCAAGTGTCT-1,OTI,0,0,0.0
CATCACGCAATTCGGT-1,OTI,1,32,1.5185139398778875
CATCACGCACTAGCAT-1,OTI,4,187,2.27415784926368
CATCACTTCACCCTGC-1,C57BL6,0,0,0.0
CATCACTTCAGTGAAA-1,OTI,5,444,2.6483600109809315
CATCACTTCATGGTTG-1,OTI,0,0,0.0
CATCACTTCCCTGTCA-1,OTI,0,0,0.0
CATCACTTCCTACTAC-1,OTI,3,60,1.7853298350107671
CATCACTTCCTGCAAA-1,OTI,4,104,2.0211892990699383
CATCAGGGTAGTAAGG-1,C57BL6,2,21,1.3424226808222062
CATCAGGGTAGTGTGT-1,C57BL6,0,0,0.0
CATCAGGGTCATAGTA-1,OTI,1,4,0.6989700043360189
CATCAGGGTGGATCGC-1,OTI,7,363,2.561101383649056
CATCAGGGTGTAAGGA-1,C57BL6,0,0,0.0
CATCAGGGTGTCTCCG-1,OTI,0,0,0.0
CATCAGGGTGTTGTAA-1,OTI,3,127,2.1072099696478683
CATCAGTCAAAGTCTC-1,C57BL6,2,6,0.8450980400142568
CATCAGTCAACCATCG-1,OTI,9,333,2.5237464668115646
CATCAGTCAAGCGCTC-1,OTI,3,71,1.8573324964312685
CATCAGTCAAGTACAG-1,OTI,0,0,0.0
CATCAGTCACGAACCC-1,C57BL6,1,2,0.47712125471966244
CATCAGTCACTAACTA-1,C57BL6,0,0,0.0
CATCAGTCACTCGACA-1,OTI,2,38,1.591064607026499
CATCAGTCAGCTTCAG-1,C57BL6,2,17,1.255272505103306
CATCAGTCAGGACAAC-1,OTI,0,0,0.0
CATCAGTCAGTATTAT-1,OTI,4,94,1.9777236052888478
CATCATACAAGCAGTA-1,C57BL6,0,0,0.0
CATCATACACACAGAA-1,C57BL6,0,0,0.0
CATCATACACCGCAGT-1,OTI,3,36,1.568201724066995
CATCATACACGTTCAG-1,OTI,2,41,1.6232492903979006
CATCATACACTCAATA-1,C57BL6,1,2,0.47712125471966244
CATCATACAGTCAACT-1,C57BL6,2,39,1.6020599913279623
CATCATACAGTTGATC-1,C57BL6,0,0,0.0
CATCATCTCACCCTAT-1,OTI,2,69,1.845098040014257
CATCATCTCACTTGTC-1,OTI,1,4,0.6989700043360189
CATCATCTCATAACAC-1,C57BL6,1,2,0.47712125471966244
CATCATCTCATATTAG-1,C57BL6,0,0,0.0
CATCATCTCCGTATAG-1,C57BL6,0,0,0.0
CATCATCTCGCCACTC-1,C57BL6,4,9,1.0
CATCATCTCGCGCATG-1,OTI,0,0,0.0
CATCATCTCGCTAAAT-1,OTI,6,27,1.4471580313422192
CATCATTGTATCATGA-1,OTI,9,233,2.369215857410143
CATCATTGTCGTAGAT-1,C57BL6,0,0,0.0
CATCATTGTCGTTGGA-1,OTI,2,140,2.1492191126553797
CATCATTGTGTTAGTA-1,OTI,1,12,1.1139433523068367
CATCGACAGACAGTTT-1,OTI,3,358,2.5550944485783194
CATCGACAGATCTGCA-1,C57BL6,0,0,0.0
CATCGACAGCTCCTCA-1,OTI,7,85,1.9344984512435677
CATCGACAGGCTGGTT-1,OTI,3,49,1.6989700043360187
CATCGACAGGTAGCAG-1,OTI,3,132,2.123851640967086
CATCGAGGTAAGGGAC-1,OTI,3,227,2.357934847000454
CATCGAGGTCAGCAAT-1,C57BL6,0,0,0.0
CATCGAGGTGGCACGT-1,OTI,0,0,0.0
CATCGCACAAACGGTA-1,C57BL6,0,0,0.0
CATCGCACAACGGACG-1,OTI,3,37,1.5797835966168101
CATCGCACAATAGCAG-1,OTI,4,100,2.0043213737826426
CATCGCACACCTCGAA-1,OTI,2,241,2.383815365980431
CATCGCACACTACGCA-1,OTI,2,27,1.4471580313422192
CATCGCACAGCCAATT-1,OTI,1,585,2.767897616018091
CATCGCACAGTACAAG-1,OTI,3,136,2.1367205671564067
CATCGCACAGTGGCAG-1,C57BL6,0,0,0.0
CATCGCCTCCCATACT-1,OTI,0,0,0.0
CATCGCCTCCGACTAA-1,OTI,4,181,2.2600713879850747
CATCGCCTCCGGTAAC-1,C57BL6,0,0,0.0
CATCGCCTCGGGTCAT-1,OTI,4,127,2.1072099696478683
CATCGCGAGAACATAG-1,C57BL6,1,9,1.0
CATCGCGAGACAGCGA-1,OTI,6,131,2.12057393120585
CATCGCGAGAGGCGTA-1,OTI,0,0,0.0
CATCGCGAGAGTGGCA-1,OTI,0,0,0.0
CATCGCGAGATAGCGG-1,OTI,0,0,0.0
CATCGCGAGATCTGCA-1,C57BL6,2,14,1.1760912590556813
CATCGCGAGCCACATA-1,C57BL6,1,43,1.6434526764861874
CATCGCGAGCCTACGG-1,OTI,2,152,2.184691430817599
CATCGCGAGCTAGTAT-1,OTI,0,0,0.0
CATCGCGAGGCAAGCA-1,OTI,1,8,0.9542425094393249
CATCGCGAGGGTGATG-1,C57BL6,0,0,0.0
CATCGCGAGGTAAGTA-1,C57BL6,0,0,0.0
CATCGCTGTATGAGTC-1,C57BL6,0,0,0.0
CATCGCTGTATTCGGG-1,OTI,4,90,1.9590413923210936
CATCGCTGTCAGTATA-1,C57BL6,0,0,0.0
CATCGCTGTCATTAAG-1,OTI,4,618,2.791690649020118
CATCGCTGTGGCAATT-1,OTI,1,55,1.7481880270062005
CATCGGAGTACTTGCC-1,OTI,1,4,0.6989700043360189
CATCGGAGTCTCATAT-1,OTI,0,0,0.0
CATCGGAGTGCACGTA-1,OTI,5,415,2.6190933306267428
CATCGGAGTGGGTTCA-1,C57BL6,1,12,1.1139433523068367
CATCGGCCACAATGTC-1,OTI,2,61,1.792391689498254
CATCGGCCACGACACC-1,OTI,2,15,1.2041199826559248
CATCGGCCACTACATA-1,OTI,2,105,2.0253058652647704
CATCGGGTCACGTCGG-1,OTI,3,159,2.2041199826559246
CATCGGGTCAGGCTTA-1,OTI,8,235,2.3729120029701067
CATCGGGTCAGTATTA-1,C57BL6,0,0,0.0
CATCGGGTCCGTATCT-1,OTI,4,8,0.9542425094393249
CATCGGGTCGGTAGCT-1,C57BL6,0,0,0.0
CATCGTTTCAGGGCTT-1,C57BL6,1,4,0.6989700043360189
CATCGTTTCCGCTTGC-1,OTI,2,3,0.6020599913279624
CATCTACTCACTCGCC-1,OTI,3,302,2.481442628502305
CATCTACTCACTGACA-1,OTI,0,0,0.0
CATCTACTCAGGCACT-1,C57BL6,0,0,0.0
CATCTACTCCATATGG-1,OTI,4,190,2.2810333672477277
CATCTACTCCCAGAAC-1,OTI,0,0,0.0
CATCTACTCCTTATCA-1,OTI,1,100,2.0043213737826426
CATCTACTCGCACAAC-1,OTI,5,129,2.113943352306837
CATCTACTCGCATCAA-1,C57BL6,0,0,0.0
CATCTACTCGCTGTAA-1,C57BL6,1,4,0.6989700043360189
CATCTACTCGGACATC-1,C57BL6,2,8,0.9542425094393249
CATCTACTCGTCCCTA-1,C57BL6,0,0,0.0
CATCTACTCGTTCACT-1,OTI,4,81,1.9138138523837167
CATCTAGAGAGCCTGT-1,C57BL6,1,16,1.2304489213782739
CATCTAGAGCCAACCG-1,C57BL6,2,16,1.2304489213782739
CATCTATGTAATCGCG-1,OTI,2,168,2.2278867046136734
CATCTATGTATAGTCA-1,OTI,0,0,0.0
CATCTATGTCAAAGCT-1,OTI,5,404,2.6074550232146687
CATCTATGTGCGTTTC-1,C57BL6,0,0,0.0
CATCTCAGTAAACGCT-1,OTI,3,23,1.380211241711606
CATCTCAGTACTTGGG-1,OTI,4,9,1.0
CATCTCAGTATGAGTC-1,OTI,1,1,0.3010299956639812
CATCTCAGTCAATGTA-1,OTI,2,65,1.8195439355418688
CATCTCAGTCAGCGTA-1,C57BL6,0,0,0.0
CATCTCAGTCAGTGCA-1,C57BL6,1,12,1.1139433523068367
CATCTCAGTCGCTGGG-1,C57BL6,0,0,0.0
CATCTCAGTCGGGTTA-1,OTI,0,0,0.0
CATCTCAGTGTCCGCC-1,C57BL6,0,0,0.0
CATCTCAGTGTTACCC-1,C57BL6,0,0,0.0
CATCTCCCAATGTATT-1,OTI,6,166,2.2227164711475833
CATCTCCCACGGGGTA-1,OTI,5,189,2.278753600952829
CATCTCCCACTCTCCG-1,C57BL6,0,0,0.0
CATCTCCCACTTCGTC-1,OTI,0,0,0.0
CATCTGTTCAAATCAC-1,OTI,0,0,0.0
CATCTGTTCAAATCCG-1,C57BL6,1,9,1.0
CATCTGTTCAATTCCC-1,C57BL6,1,31,1.505149978319906
CATCTGTTCAGGAATA-1,OTI,1,6,0.8450980400142568
CATCTGTTCCACCATT-1,OTI,0,0,0.0
CATCTGTTCCGGTAAC-1,OTI,2,216,2.3364597338485296
CATCTGTTCGCGACAT-1,OTI,0,0,0.0
CATCTGTTCGGCTCTC-1,C57BL6,0,0,0.0
CATCTGTTCGTCCATT-1,OTI,3,311,2.494154594018443
CATCTGTTCGTTGACA-1,OTI,1,1,0.3010299956639812
CATCTTCAGAACGTTT-1,OTI,3,120,2.0827853703164503
CATCTTCAGAACTTGT-1,OTI,0,0,0.0
CATCTTCAGACATCCA-1,OTI,0,0,0.0
CATCTTCAGAGTCCAC-1,OTI,2,69,1.845098040014257
CATCTTCAGCAAGTAA-1,OTI,2,6,0.8450980400142568
CATCTTCAGCAAGTTT-1,OTI,2,27,1.4471580313422192
CATCTTCAGGGGTAAT-1,OTI,1,53,1.7323937598229686
CATCTTCAGGTCAATT-1,C57BL6,0,0,0.0
CATCTTGGTAAGTGTC-1,OTI,0,0,0.0
CATCTTGGTAGGGTAA-1,C57BL6,0,0,0.0
CATCTTGGTATCATTC-1,OTI,4,4,0.6989700043360189
CATCTTGGTATGGCGC-1,OTI,1,1,0.3010299956639812
CATCTTGGTCAGCGTA-1,C57BL6,0,0,0.0
CATCTTGGTCATCTCA-1,OTI,0,0,0.0
CATCTTGGTCGTACCT-1,OTI,2,79,1.9030899869919435
CATGAAGCAACAATTT-1,C57BL6,0,0,0.0
CATGAAGCAAGTACTC-1,OTI,2,28,1.462397997898956
CATGAAGCACAAGACA-1,C57BL6,0,0,0.0
CATGAAGCACTTCATT-1,OTI,0,0,0.0
CATGAAGCAGCACACC-1,OTI,9,197,2.296665190261531
CATGAAGCAGCGACAG-1,OTI,1,8,0.9542425094393249
CATGATCCACCATCGA-1,OTI,3,32,1.5185139398778875
CATGATCCACCTATAA-1,OTI,1,22,1.3617278360175928
CATGATCCAGCCTTTC-1,OTI,0,0,0.0
CATGATCCAGGATCAA-1,OTI,3,304,2.484299839346786
CATGCAGGTAGGGGCA-1,OTI,2,22,1.3617278360175928
CATGCAGGTATCACGG-1,OTI,3,99,2.0
CATGCAGGTGGGGTTC-1,OTI,3,82,1.919078092376074
CATGCAGGTGTATGTA-1,OTI,3,31,1.505149978319906
CATGCCACAAATCGGA-1,OTI,0,0,0.0
CATGCCACACAGTGGG-1,OTI,0,0,0.0
CATGCCACAGCTCGGT-1,OTI,1,8,0.9542425094393249
CATGCCCTCACGAACC-1,OTI,1,12,1.1139433523068367
CATGCCCTCAGCATAT-1,OTI,0,0,0.0
CATGCCCTCCCTGACC-1,C57BL6,0,0,0.0
CATGCCGAGAGGAGCC-1,C57BL6,0,0,0.0
CATGCCGAGCAGCTAC-1,OTI,0,0,0.0
CATGCCGAGCAGGCTT-1,C57BL6,0,0,0.0
CATGCCGAGCCGCTGA-1,OTI,1,5,0.7781512503836436
CATGCCGAGCTACTGA-1,OTI,7,133,2.1271047983648077
CATGCCGAGCTATGTG-1,OTI,4,198,2.298853076409707
CATGCCGAGCTGATTG-1,OTI,5,117,2.0718820073061255
CATGCCGAGCTTGAAT-1,C57BL6,2,21,1.3424226808222062
CATGCCGAGGTTGGAG-1,OTI,2,4,0.6989700043360189
CATGCGCCAAAGGGGA-1,C57BL6,0,0,0.0
CATGCGCCAACGGGAT-1,OTI,4,230,2.3636119798921444
CATGCGCCAATAAGAC-1,OTI,0,0,0.0
CATGCGCCAATCAGAG-1,C57BL6,0,0,0.0
CATGCGCCACACTTAA-1,C57BL6,0,0,0.0
CATGCGCCACGGACCT-1,OTI,1,15,1.2041199826559248
CATGCGCCAGCGTATT-1,OTI,0,0,0.0
CATGCGCCAGGAGTCG-1,C57BL6,4,4,0.6989700043360189
CATGCGCCAGTGAAGC-1,OTI,3,11,1.0791812460476249
CATGCGCCAGTTAGCT-1,OTI,0,0,0.0
CATGCGTAGAACTTGT-1,C57BL6,0,0,0.0
CATGCGTAGAAGGCGC-1,C57BL6,0,0,0.0
CATGCGTAGAGCTTGC-1,OTI,0,0,0.0
CATGCGTAGATGACGG-1,C57BL6,4,4,0.6989700043360189
CATGCGTAGGGAGGTC-1,OTI,0,0,0.0
CATGCTTTCACTACCT-1,C57BL6,1,1,0.3010299956639812
CATGCTTTCACTCATC-1,C57BL6,0,0,0.0
CATGGAGAGAATTTGC-1,OTI,1,74,1.8750612633917
CATGGAGAGACGACGA-1,C57BL6,0,0,0.0
CATGGAGAGCAGTATT-1,C57BL6,1,6,0.8450980400142568
CATGGAGAGCGTTGGT-1,C57BL6,1,3,0.6020599913279624
CATGGAGAGCGTTGTA-1,C57BL6,0,0,0.0
CATGGAGAGGGGGCAT-1,OTI,0,0,0.0
CATGGATGTAACCGCA-1,OTI,1,32,1.5185139398778875
CATGGATGTCACCCTG-1,OTI,0,0,0.0
CATGGATGTCAGTATA-1,OTI,2,117,2.0718820073061255
CATGGATGTCTACGGA-1,OTI,2,140,2.1492191126553797
CATGGATGTCTATGTT-1,OTI,2,25,1.414973347970818
CATGGATGTGGGGCTT-1,OTI,2,61,1.792391689498254
CATGGCGTCAACTCCT-1,OTI,1,3,0.6020599913279624
CATGGCGTCACCTTAC-1,OTI,1,15,1.2041199826559248
CATGGCGTCCAACAGC-1,OTI,1,1,0.3010299956639812
CATGGCGTCCGGCTTC-1,C57BL6,1,8,0.9542425094393249
CATGGCGTCCTCCAGC-1,OTI,4,375,2.575187844927661
CATGGGCGTACCACCT-1,C57BL6,0,0,0.0
CATGGGCGTATCAGGT-1,OTI,4,33,1.5314789170422551
CATGGGCGTCATCTCA-1,C57BL6,0,0,0.0
CATGGGCGTCGGAATT-1,OTI,2,70,1.8512583487190752
CATGGGGCAAACATTT-1,OTI,8,101,2.0086001717619175
CATGGGGCAATATCTG-1,OTI,1,10,1.0413926851582251
CATGGGGCACACATAC-1,C57BL6,0,0,0.0
CATGGGGCACCTCTTA-1,OTI,1,25,1.414973347970818
CATGGGGCACCTTACC-1,OTI,2,16,1.2304489213782739
CATGGGGCACGCTCAA-1,C57BL6,3,12,1.1139433523068367
CATGGGGCACGGCACT-1,OTI,3,247,2.3944516808262164
CATGGGGCACTTCTAT-1,OTI,1,13,1.146128035678238
CATGGGTTCCTGTACT-1,OTI,5,408,2.611723308007342
CATGGGTTCGGGCATT-1,OTI,5,69,1.845098040014257
CATGGTCAGACGGAGC-1,C57BL6,0,0,0.0
CATGGTCAGACTTCAG-1,OTI,3,235,2.3729120029701067
CATGGTCAGAGGGGTC-1,OTI,9,205,2.3138672203691533
CATGGTCAGGGAATTA-1,OTI,2,4,0.6989700043360189
CATGGTTCAAGGACAC-1,OTI,2,13,1.146128035678238
CATGGTTCACTATGAC-1,C57BL6,0,0,0.0
CATGGTTCAGGATTAG-1,OTI,5,403,2.606381365110605
CATGGTTCAGGTGATA-1,OTI,5,230,2.3636119798921444
CATGTATAGAGCCGTT-1,OTI,11,210,2.3242824552976926
CATGTATAGATGATGA-1,OTI,5,205,2.3138672203691533
CATGTATAGCCACATA-1,OTI,2,13,1.146128035678238
CATGTATAGCGACCAT-1,C57BL6,4,6,0.8450980400142568
CATGTATAGCGTAATT-1,C57BL6,2,10,1.0413926851582251
CATGTATAGCGTGTCG-1,OTI,3,157,2.1986570869544226
CATGTATAGGGAGCTA-1,C57BL6,2,2,0.47712125471966244
CATGTCAAGACTGCCG-1,OTI,0,0,0.0
CATGTCAAGCAAGAGT-1,OTI,3,124,2.0969100130080562
CATGTCAAGCCTTAAG-1,OTI,1,7,0.9030899869919435
CATGTCAAGCGTGTCG-1,C57BL6,0,0,0.0
CATGTCAAGCTAATAC-1,OTI,1,11,1.0791812460476249
CATGTCAAGCTATCGA-1,OTI,0,0,0.0
CATGTCAAGGCGGATA-1,OTI,1,5,0.7781512503836436
CATGTCCGTAGTAAGG-1,OTI,0,0,0.0
CATGTCCGTAGTGTTA-1,OTI,1,4,0.6989700043360189
CATGTCCGTAGTTGCG-1,C57BL6,0,0,0.0
CATGTCCGTCAGCATG-1,OTI,1,35,1.5563025007672873
CATGTCCGTCAGTTAA-1,OTI,1,131,2.12057393120585
CATGTCCGTCATACCC-1,OTI,2,51,1.7160033436347992
CATGTCCGTCGCTAAG-1,OTI,11,322,2.509202522331103
CATGTCCGTGCGGAGA-1,OTI,2,58,1.7708520116421442
CATGTCCGTGGAATCT-1,OTI,1,1,0.3010299956639812
CATGTCCGTGGATGGG-1,OTI,2,15,1.2041199826559248
CATGTCCGTGTTCGCT-1,OTI,3,185,2.2695129442179165
CATGTCCGTGTTCGTC-1,C57BL6,0,0,0.0
CATGTCCGTGTTGGAT-1,C57BL6,0,0,0.0
CATGTCGCAACATGTC-1,OTI,1,59,1.7781512503836436
CATGTCGCAACCCCAA-1,OTI,2,48,1.6901960800285136
CATGTCGCACCAGATT-1,C57BL6,1,5,0.7781512503836436
CATGTCGCACGTCAGC-1,C57BL6,1,4,0.6989700043360189
CATGTGGGTAAGTTGC-1,OTI,1,5,0.7781512503836436
CATGTGGGTAGGACTT-1,C57BL6,0,0,0.0
CATGTGGGTATCTGTT-1,OTI,4,697,2.843855422623161
CATGTGGGTCACGAAT-1,OTI,3,64,1.8129133566428555
CATGTGGGTCAGTCAG-1,OTI,4,235,2.3729120029701067
CATGTGGGTCGGCTCC-1,C57BL6,0,0,0.0
CATGTGGGTCTACTAT-1,OTI,7,305,2.48572142648158
CATGTGGGTCTACTGC-1,C57BL6,0,0,0.0
CATGTGGGTGCGTTTC-1,OTI,1,6,0.8450980400142568
CATGTGGGTGTAGAAG-1,OTI,3,165,2.220108088040055
CATGTGGGTGTATCTT-1,OTI,3,65,1.8195439355418688
CATGTGGGTGTCACGA-1,OTI,3,51,1.7160033436347992
CATGTTGAGAAACGTA-1,OTI,1,21,1.3424226808222062
CATGTTGAGAAGCTGG-1,OTI,1,4,0.6989700043360189
CATGTTGAGACAACGG-1,C57BL6,0,0,0.0
CATGTTGAGACAAGTA-1,OTI,1,2,0.47712125471966244
CATGTTGAGACGATGG-1,C57BL6,0,0,0.0
CATGTTGAGATGTTCG-1,OTI,6,234,2.3710678622717363
CATGTTGAGCCTTGCC-1,OTI,4,185,2.2695129442179165
CATTAACAGACAATGA-1,OTI,2,26,1.4313637641589874
CATTAACAGATGGGAT-1,OTI,6,95,1.9822712330395684
CATTAACAGCCATCGG-1,OTI,3,76,1.8864907251724818
CATTAACAGGTGTCGT-1,OTI,2,20,1.3222192947339193
CATTAAGGTACTGCAG-1,C57BL6,0,0,0.0
CATTAAGGTATACAGC-1,OTI,7,162,2.2121876044039577
CATTAAGGTATCTCTG-1,OTI,4,66,1.8260748027008264
CATTAAGGTCCAGAAT-1,C57BL6,2,12,1.1139433523068367
CATTAAGGTCCGTTTA-1,OTI,8,226,2.3560258571931225
CATTAAGGTCTGGCCC-1,C57BL6,0,0,0.0
CATTAAGGTCTGGTGA-1,C57BL6,0,0,0.0
CATTACCTCAGCAATT-1,C57BL6,0,0,0.0
CATTACCTCAGCATTG-1,OTI,2,128,2.110589710299249
CATTACCTCATAACGT-1,OTI,6,76,1.8864907251724818
CATTACCTCATACCCT-1,OTI,2,12,1.1139433523068367
CATTACCTCATGTCAG-1,OTI,4,41,1.6232492903979006
CATTACCTCATTGCTC-1,OTI,1,5,0.7781512503836436
CATTACCTCCGCATGG-1,C57BL6,1,3,0.6020599913279624
CATTACCTCCGCCTAC-1,OTI,3,27,1.4471580313422192
CATTACGAGAGCCTGT-1,OTI,2,19,1.3010299956639813
CATTACGAGCACTCAA-1,C57BL6,1,14,1.1760912590556813
CATTACGAGCCGCGTA-1,OTI,6,514,2.711807229041191
CATTACGAGCCTTGCC-1,C57BL6,1,3,0.6020599913279624
CATTACGAGCTAATCG-1,OTI,1,17,1.255272505103306
CATTACGAGGTGAGTG-1,OTI,1,33,1.5314789170422551
CATTAGCCAATGCGAA-1,OTI,2,14,1.1760912590556813
CATTAGCCACAACATC-1,OTI,2,44,1.6532125137753437
CATTAGCCACAAGGCG-1,C57BL6,0,0,0.0
CATTAGCCACAGTGCC-1,OTI,3,133,2.1271047983648077
CATTAGCCACCACCAA-1,C57BL6,0,0,0.0
CATTAGCCACGCTCAA-1,C57BL6,2,6,0.8450980400142568
CATTAGCCAGTGCTCA-1,OTI,4,171,2.2355284469075487
CATTAGTAGCACGAAG-1,OTI,3,24,1.3979400086720377
CATTAGTAGCCGCAAT-1,C57BL6,1,5,0.7781512503836436
CATTAGTAGGCGTAGA-1,C57BL6,4,46,1.6720978579357175
CATTAGTAGGCTCAGT-1,C57BL6,0,0,0.0
CATTAGTAGGTGCTGT-1,OTI,2,72,1.863322860120456
CATTATCGTAACGTCG-1,OTI,4,636,2.8041394323353503
CATTATCGTAGCCAGC-1,OTI,3,83,1.9242792860618816
CATTATCGTAGTCTGG-1,OTI,4,173,2.2405492482826
CATTATCGTCAGCGTA-1,OTI,4,191,2.2833012287035497
CATTATCGTCGGATAT-1,OTI,3,46,1.6720978579357175
CATTATCGTCGGTGTA-1,C57BL6,1,3,0.6020599913279624
CATTATCGTCTCCGGC-1,OTI,1,11,1.0791812460476249
CATTATCGTCTTGTCA-1,C57BL6,0,0,0.0
CATTATCGTGTATAGC-1,OTI,2,7,0.9030899869919435
CATTCAACAAAGCCGG-1,OTI,4,47,1.6812412373755872
CATTCAACACATCACG-1,OTI,4,114,2.060697840353612
CATTCAACACGCAGTC-1,OTI,2,69,1.845098040014257
CATTCAACACTTCATT-1,OTI,1,23,1.380211241711606
CATTCAACAGCGCATC-1,OTI,0,0,0.0
CATTCAACAGGGCTTC-1,OTI,0,0,0.0
CATTCACTCAACCATG-1,OTI,2,59,1.7781512503836436
CATTCACTCAGCAGTC-1,OTI,2,248,2.3961993470957363
CATTCACTCAGTGATT-1,OTI,3,16,1.2304489213782739
CATTCACTCCCATTAC-1,OTI,0,0,0.0
CATTCACTCGCGTAGT-1,C57BL6,0,0,0.0
CATTCACTCGGACATC-1,OTI,4,173,2.2405492482826
CATTCACTCGTACCTT-1,OTI,2,266,2.4265112613645754
CATTCAGAGATGAAGC-1,OTI,3,142,2.155336037465062
CATTCAGAGCAATGCC-1,OTI,6,22,1.3617278360175928
CATTCAGAGCAATGTT-1,OTI,3,20,1.3222192947339193
CATTCAGAGCATTTCC-1,OTI,3,66,1.8260748027008264
CATTCAGAGCTAAGCC-1,C57BL6,4,97,1.9912260756924949
CATTCAGAGCTCGAGT-1,C57BL6,0,0,0.0
CATTCAGAGGTATTGT-1,C57BL6,0,0,0.0
CATTCCAGTAACCCGA-1,OTI,0,0,0.0
CATTCCAGTATACTTC-1,OTI,6,24,1.3979400086720377
CATTCCAGTCAACTCC-1,OTI,5,622,2.7944880466591697
CATTCCAGTCACCGTT-1,C57BL6,1,7,0.9030899869919435
CATTCCAGTCCAACAG-1,OTI,1,5,0.7781512503836436
CATTCCAGTGGAATGA-1,OTI,2,50,1.7075701760979363
CATTCCAGTGGTATGT-1,OTI,4,112,2.0530784434834195
CATTCCAGTGTTGTGG-1,OTI,8,485,2.6866362692622934
CATTCCCCACAATGGA-1,OTI,1,349,2.5440680443502757
CATTCCCCACTCCATC-1,C57BL6,1,62,1.7993405494535817
CATTCCCCACTCCTAC-1,C57BL6,0,0,0.0
CATTCCCCAGCAACTT-1,OTI,6,307,2.4885507165004443
CATTCCCCAGCTTCAG-1,OTI,2,35,1.5563025007672873
CATTCCGTCCCCACTA-1,OTI,3,11,1.0791812460476249
CATTCCGTCGGACACT-1,C57BL6,0,0,0.0
CATTCCGTCGGTTAAT-1,OTI,2,4,0.6989700043360189
CATTCGAAGACAACCC-1,C57BL6,1,37,1.5797835966168101
CATTCGAAGAGGGCGT-1,OTI,3,23,1.380211241711606
CATTCGAAGCACGTAC-1,C57BL6,0,0,0.0
CATTCGAAGGGCTCAT-1,C57BL6,1,6,0.8450980400142568
CATTCGAAGGTCGGAA-1,OTI,2,17,1.255272505103306
CATTCGGCAATCGCGC-1,OTI,1,17,1.255272505103306
CATTCGGCACACAAGA-1,OTI,6,181,2.2600713879850747
CATTCGGCACAGGTAA-1,C57BL6,1,1,0.3010299956639812
CATTCGGCAGCTAATC-1,OTI,0,0,0.0
CATTCGTTCAATGTTA-1,OTI,3,68,1.8388490907372552
CATTCGTTCCAGTACA-1,OTI,4,82,1.919078092376074
CATTCGTTCGCTATAG-1,OTI,2,100,2.0043213737826426
CATTCGTTCGGCTTAA-1,C57BL6,2,199,2.3010299956639813
CATTCTATCACGACAC-1,OTI,1,130,2.1172712956557644
CATTCTATCACGGTGT-1,C57BL6,0,0,0.0
CATTCTATCAGTTATA-1,OTI,2,9,1.0
CATTCTATCATCGACA-1,C57BL6,3,27,1.4471580313422192
CATTCTATCGGTTGTA-1,OTI,0,0,0.0
CATTCTATCGTGGCCA-1,OTI,5,61,1.792391689498254
CATTCTGGTAGGCCGT-1,OTI,4,760,2.8813846567705728
CATTCTGGTATACGGT-1,C57BL6,0,0,0.0
CATTCTGGTATGTTAG-1,C57BL6,5,226,2.3560258571931225
CATTCTGGTCCAGTTC-1,OTI,3,46,1.6720978579357175
CATTCTGGTCGCTCTG-1,OTI,2,8,0.9542425094393249
CATTCTGGTGCCAAAT-1,C57BL6,0,0,0.0
CATTCTGGTGGATATC-1,C57BL6,1,7,0.9030899869919435
CATTCTGGTGGTGTAT-1,OTI,3,26,1.4313637641589874
CATTCTGGTGTTCGTC-1,C57BL6,0,0,0.0
CATTCTGGTGTTGCAG-1,C57BL6,1,1,0.3010299956639812
CATTGCAAGAACCCGT-1,C57BL6,0,0,0.0
CATTGCAAGACAGCAG-1,OTI,1,10,1.0413926851582251
CATTGCAAGACCCCGA-1,OTI,1,1,0.3010299956639812
CATTGCAAGCGTGGTT-1,OTI,4,229,2.361727836017593
CATTGCAAGCTCGTTT-1,C57BL6,0,0,0.0
CATTGCTTCAAGCCAC-1,OTI,2,47,1.6812412373755872
CATTGCTTCACGCAGT-1,OTI,4,203,2.3096301674258988
CATTGCTTCCCTTCAG-1,OTI,10,219,2.342422680822206
CATTGCTTCCGACGCA-1,C57BL6,2,152,2.184691430817599
CATTGCTTCCGGTCGA-1,OTI,1,6,0.8450980400142568
CATTGCTTCGGTTACA-1,OTI,2,39,1.6020599913279623
CATTGGGGTAACTGCG-1,OTI,3,16,1.2304489213782739
CATTGGGGTACCACAG-1,OTI,2,7,0.9030899869919435
CATTGGGGTATGCTCC-1,OTI,4,34,1.5440680443502757
CATTGGGGTCATCGGA-1,OTI,1,13,1.146128035678238
CATTGGGGTCCGCTAT-1,OTI,3,104,2.0211892990699383
CATTGGGGTCCTACGT-1,C57BL6,0,0,0.0
CATTGGGGTCGGTTTC-1,OTI,1,7,0.9030899869919435
CATTGGGGTCGTTGCT-1,OTI,2,17,1.255272505103306
CATTGGTCAAATCCGT-1,OTI,1,9,1.0
CATTGGTCAACATGCT-1,C57BL6,0,0,0.0
CATTGGTCACCTGTAG-1,OTI,0,0,0.0
CATTGGTCACTCCTAC-1,OTI,3,151,2.1818435879447726
CATTGGTCAGTCCTCT-1,OTI,1,30,1.4913616938342726
CATTGTCTCATGGCAC-1,OTI,5,276,2.4424797690644486
CATTGTCTCGCGCATG-1,OTI,6,35,1.5563025007672873
CATTGTCTCGGTATGC-1,OTI,1,7,0.9030899869919435
CATTTAGCAAAGGGAG-1,C57BL6,0,0,0.0
CATTTAGCAACTGGGG-1,OTI,2,31,1.505149978319906
CATTTAGCACAACGAA-1,OTI,6,109,2.041392685158225
CATTTAGCACATGTCG-1,C57BL6,2,10,1.0413926851582251
CATTTAGCACGGGGTA-1,OTI,0,0,0.0
CATTTAGCACTAAAGG-1,OTI,5,6,0.8450980400142568
CATTTAGCACTCGGTA-1,OTI,0,0,0.0
CATTTCCAGAAATGGC-1,OTI,1,3,0.6020599913279624
CATTTCCAGAAGTAGC-1,OTI,5,13,1.146128035678238
CATTTCCAGAATTCGT-1,OTI,8,825,2.9169800473203824
CATTTCCAGACCCTTT-1,OTI,5,106,2.0293837776852097
CATTTCCAGATCGGTC-1,OTI,2,125,2.100370545117563
CATTTCCAGCTGACCG-1,OTI,2,10,1.0413926851582251
CATTTCCAGGTAGTGG-1,C57BL6,0,0,0.0
CATTTCCAGGTGAGTG-1,OTI,1,13,1.146128035678238
CATTTCGGTATATCCT-1,OTI,5,104,2.0211892990699383
CATTTCGGTGCATCAG-1,OTI,6,7,0.9030899869919435
CATTTCGGTGGTTGTG-1,C57BL6,0,0,0.0
CATTTCGGTGTCGTAG-1,OTI,1,5,0.7781512503836436
CATTTGGAGAGTTGCC-1,OTI,0,0,0.0
CATTTGGAGCGGTCCA-1,C57BL6,0,0,0.0
CATTTGGAGCGTACGT-1,OTI,9,190,2.2810333672477277
CATTTGGAGCTACTGA-1,OTI,3,153,2.187520720836463
CATTTGGAGGGACAAT-1,OTI,6,42,1.6334684555795864
CATTTGGAGGTCTATG-1,OTI,3,9,1.0
CCAAACCAGAGCGGGT-1,C57BL6,1,4,0.6989700043360189
CCAAACCAGAGGCAGC-1,C57BL6,0,0,0.0
CCAAACCAGCAAAGTA-1,OTI,1,20,1.3222192947339193
CCAAACCAGCCGATAC-1,OTI,7,91,1.9637878273455553
CCAAACCAGCCGTTGG-1,OTI,3,106,2.0293837776852097
CCAAACCAGCTGAATT-1,C57BL6,0,0,0.0
CCAAACCAGGTCCTCC-1,OTI,2,24,1.3979400086720377
CCAAAGCTCAACGAAA-1,C57BL6,1,6,0.8450980400142568
CCAAAGCTCACCAAGC-1,C57BL6,0,0,0.0
CCAAAGCTCACGCGCA-1,OTI,1,18,1.2787536009528289
CCAAAGCTCACTCTGT-1,OTI,10,498,2.6981005456233897
CCAAAGCTCCCATCTG-1,OTI,7,159,2.2041199826559246
CCAAAGCTCCTCCATG-1,OTI,5,132,2.123851640967086
CCAAAGGAGAGCGAAT-1,OTI,8,166,2.2227164711475833
CCAAAGGAGCCGTAGT-1,OTI,4,138,2.143014800254095
CCAAAGGAGGGACACA-1,C57BL6,1,3,0.6020599913279624
CCAAAGTGTACCAGAT-1,OTI,1,7,0.9030899869919435
CCAAAGTGTAGACGTT-1,OTI,0,0,0.0
CCAAAGTGTCCTATTG-1,OTI,1,13,1.146128035678238
CCAAAGTGTGCCCGAG-1,OTI,4,41,1.6232492903979006
CCAAAGTGTGTCTTCA-1,OTI,5,243,2.387389826338729
CCAAATCCAAGAGGTC-1,OTI,2,10,1.0413926851582251
CCAAATCCAAGCCGTC-1,C57BL6,0,0,0.0
CCAAATCCAATATGCC-1,OTI,5,267,2.428134794028789
CCAAATCCACATAGCT-1,OTI,1,3,0.6020599913279624
CCAAATCCACTATTCT-1,C57BL6,1,8,0.9542425094393249
CCAAATCCAGCATAAG-1,OTI,2,39,1.6020599913279623
CCAAATCCAGTTGCCA-1,OTI,2,112,2.0530784434834195
CCAAATGTCAACTATA-1,C57BL6,2,20,1.3222192947339193
CCAAATGTCACAGGCT-1,OTI,2,30,1.4913616938342726
CCAAATGTCACGAACC-1,C57BL6,0,0,0.0
CCAAATGTCATCCGTT-1,OTI,0,0,0.0
CCAAATGTCCAAGACC-1,OTI,4,32,1.5185139398778875
CCAAATGTCCAAGCGT-1,OTI,2,31,1.505149978319906
CCAAATGTCCTGCTAT-1,OTI,5,49,1.6989700043360187
CCAAATGTCGTGTCGG-1,OTI,1,1,0.3010299956639812
CCAAATTAGCCAGCAT-1,OTI,4,46,1.6720978579357175
CCAACAGGTATCAATG-1,OTI,1,133,2.1271047983648077
CCAACAGGTCCTAGAG-1,OTI,3,35,1.5563025007672873
CCAACAGGTCTAAGTA-1,OTI,6,99,2.0
CCAACAGGTGGGACCT-1,C57BL6,0,0,0.0
CCAACAGGTGTCCTTA-1,OTI,1,141,2.1522883443830563
CCAACAGGTGTCTTAT-1,OTI,4,98,1.99563519459755
CCAACATCAAAATCAA-1,C57BL6,1,1,0.3010299956639812
CCAACATCACTATTCT-1,OTI,1,12,1.1139433523068367
CCAACCCTCACACATG-1,OTI,1,2,0.47712125471966244
CCAACCCTCATCGGCG-1,OTI,1,4,0.6989700043360189
CCAACCCTCATTCGCT-1,C57BL6,0,0,0.0
CCAACCCTCCCAACTT-1,OTI,2,106,2.0293837776852097
CCAACCCTCCCGTGTC-1,C57BL6,0,0,0.0
CCAACCCTCCGAGTGT-1,OTI,8,92,1.968482948553935
CCAACCCTCCGGTCAG-1,OTI,1,474,2.6766936096248664
CCAACCCTCCGTATAG-1,OTI,3,50,1.7075701760979363
CCAACCCTCCTCTCGA-1,C57BL6,1,3,0.6020599913279624
CCAACCCTCCTTCAAC-1,OTI,0,0,0.0
CCAACCGAGAATGACA-1,OTI,1,9,1.0
CCAACCGAGAGCGTAG-1,OTI,0,0,0.0
CCAACCGAGCGAACGA-1,OTI,1,25,1.414973347970818
CCAACCGAGCTTGTGA-1,OTI,1,8,0.9542425094393249
CCAACCGAGGTTGCCG-1,OTI,0,0,0.0
CCAACCTGTAAGTGTC-1,OTI,4,63,1.806179973983887
CCAACCTGTAGAGAAT-1,OTI,6,321,2.507855871695831
CCAACCTGTCGCGTCC-1,C57BL6,0,0,0.0
CCAACCTGTCGGTTCT-1,OTI,7,307,2.4885507165004443
CCAACCTGTGCAGTCA-1,C57BL6,0,0,0.0
CCAACCTGTGTCCCGC-1,OTI,0,0,0.0
CCAACGAGTACAAGGA-1,OTI,2,10,1.0413926851582251
CCAACGAGTATGCCAG-1,OTI,12,226,2.3560258571931225
CCAACGAGTCACTCCG-1,C57BL6,0,0,0.0
CCAACGAGTCGTTCTA-1,OTI,1,623,2.795184589682424
CCAACGCCACTTATCT-1,OTI,2,19,1.3010299956639813
CCAACGCCAGGACGCA-1,C57BL6,0,0,0.0
CCAACGCCAGGCCTTA-1,OTI,0,0,0.0
CCAACGCCAGTGCTCA-1,OTI,1,51,1.7160033436347992
CCAACTCGTACGAGTT-1,C57BL6,0,0,0.0
CCAACTCGTACTGCGA-1,OTI,2,80,1.9084850188786497
CCAACTCGTAGCTTCC-1,OTI,3,110,2.0453229787866576
CCAACTCGTCGACTAG-1,OTI,0,0,0.0
CCAACTTTCATAGTCG-1,OTI,4,91,1.9637878273455553
CCAACTTTCCCAATAG-1,OTI,0,0,0.0
CCAACTTTCGGCAATC-1,OTI,5,90,1.9590413923210936
CCAACTTTCGTGTAAT-1,OTI,4,210,2.3242824552976926
CCAACTTTCGTTGTCT-1,OTI,0,0,0.0
CCAAGATGTACGTGAT-1,OTI,1,44,1.6532125137753437
CCAAGATGTACTTCTG-1,OTI,7,555,2.7450747915820575
CCAAGATGTATTCGTT-1,OTI,1,5,0.7781512503836436
CCAAGATGTCCAGGGT-1,OTI,2,42,1.6334684555795864
CCAAGATGTCGCTCGC-1,OTI,2,394,2.59659709562646
CCAAGATGTCGGCTCC-1,OTI,5,224,2.3521825181113627
CCAAGATGTCGGCTGG-1,C57BL6,2,15,1.2041199826559248
CCAAGATGTGTCTATT-1,OTI,3,126,2.103803720955957
CCAAGCCCAAACGTTC-1,C57BL6,0,0,0.0
CCAAGCCCAACACGGG-1,OTI,4,11,1.0791812460476249
CCAAGCCCAAGGACAC-1,C57BL6,0,0,0.0
CCAAGCCCAAGTCTCG-1,C57BL6,2,5,0.7781512503836436
CCAAGCCCACAAACCT-1,OTI,1,58,1.7708520116421442
CCAAGCCCACAATACC-1,C57BL6,0,0,0.0
CCAAGCCCACCCAGAC-1,C57BL6,0,0,0.0
CCAAGCCCAGCATTCG-1,C57BL6,0,0,0.0
CCAAGCTAGAGCATTT-1,OTI,1,33,1.5314789170422551
CCAAGCTAGAGGATTA-1,C57BL6,1,11,1.0791812460476249
CCAAGCTAGAGTCGTC-1,C57BL6,0,0,0.0
CCAAGCTAGCAACAGG-1,OTI,0,0,0.0
CCAAGCTAGCATTCGA-1,OTI,3,514,2.711807229041191
CCAAGCTAGGGTAAGT-1,OTI,0,0,0.0
CCAAGGGCAACCCACA-1,OTI,0,0,0.0
CCAAGGGCAACGCTCA-1,C57BL6,1,27,1.4471580313422192
CCAAGGGCAAGTTTCA-1,OTI,9,194,2.290034611362518
CCAAGGGCAATCATGC-1,OTI,0,0,0.0
CCAAGGGCAATTAATC-1,OTI,2,165,2.220108088040055
CCAAGGGCACCGTTTC-1,C57BL6,0,0,0.0
CCAAGGGCACTATAAT-1,OTI,6,108,2.037426497940624
CCAAGGGCAGCCTCTT-1,C57BL6,2,21,1.3424226808222062
CCAAGGGCAGCGCACT-1,OTI,2,32,1.5185139398778875
CCAAGTATCACTTGCT-1,C57BL6,0,0,0.0
CCAAGTATCCGGCATG-1,C57BL6,0,0,0.0
CCAAGTATCCTATCAC-1,C57BL6,0,0,0.0
CCAATACCAAAACTAA-1,OTI,3,207,2.3180633349627615
CCAATACCAACTCGCA-1,C57BL6,1,5,0.7781512503836436
CCAATACCACACCTCT-1,C57BL6,1,3,0.6020599913279624
CCAATACCAGCACGGA-1,C57BL6,0,0,0.0
CCAATACCAGCTTCGA-1,C57BL6,0,0,0.0
CCAATACCAGGCATAA-1,OTI,3,37,1.5797835966168101
CCAATAGTCATGGGCT-1,C57BL6,0,0,0.0
CCAATAGTCCCACACC-1,OTI,0,0,0.0
CCAATAGTCGGAAAGT-1,OTI,0,0,0.0
CCAATAGTCGGTCAAC-1,C57BL6,0,0,0.0
CCAATAGTCGTTACCT-1,OTI,3,92,1.968482948553935
CCAATATAGAACGGCA-1,C57BL6,1,7,0.9030899869919435
CCAATATAGACCAGGA-1,OTI,0,0,0.0
CCAATATAGATGTAGA-1,OTI,4,23,1.380211241711606
CCAATATAGGGGTTGA-1,OTI,11,379,2.57978359661681
CCAATATAGGGTCTGT-1,OTI,2,187,2.27415784926368
CCAATTACAAGCGCCT-1,OTI,5,76,1.8864907251724818
CCAATTACACAAATCC-1,C57BL6,0,0,0.0
CCAATTACACATCGGC-1,C57BL6,0,0,0.0
CCAATTACAGCAGCCT-1,OTI,0,0,0.0
CCAATTACAGCGACCT-1,OTI,0,0,0.0
CCAATTCTCAATCTCC-1,OTI,0,0,0.0
CCAATTCTCACACTTC-1,OTI,0,0,0.0
CCAATTCTCCAGTATG-1,C57BL6,0,0,0.0
CCAATTCTCCCAAAGC-1,C57BL6,1,1,0.3010299956639812
CCAATTCTCGCTTCGC-1,OTI,7,26,1.4313637641589874
CCACAACAGACTAATC-1,OTI,3,291,2.4653828514484184
CCACAACAGCTACTTC-1,OTI,2,13,1.146128035678238
CCACAACAGCTGGTTA-1,OTI,7,61,1.792391689498254
CCACAACAGGCTCGAT-1,OTI,2,13,1.146128035678238
CCACAATCAAATTTCG-1,OTI,0,0,0.0
CCACAATCAACATCCG-1,OTI,1,4,0.6989700043360189
CCACAATCAACTGAAG-1,OTI,1,12,1.1139433523068367
CCACAATCAATACGCT-1,OTI,5,461,2.6646419755561257
CCACAATCAATGGGCG-1,OTI,1,6,0.8450980400142568
CCACAATCACCGCTAA-1,C57BL6,0,0,0.0
CCACAATCAGCCTTAG-1,OTI,4,282,2.45178643552429
CCACACACAAATATAG-1,C57BL6,0,0,0.0
CCACACACAACTAATT-1,C57BL6,0,0,0.0
CCACACACACGGTGTC-1,OTI,3,91,1.9637878273455553
CCACACACAGCATCGC-1,OTI,3,61,1.792391689498254
CCACACACAGTCTGCA-1,OTI,6,1533,3.185825359612962
CCACACCTCAACCTCT-1,C57BL6,0,0,0.0
CCACACCTCACCAAGC-1,OTI,3,38,1.591064607026499
CCACACCTCATGGGCT-1,OTI,1,1,0.3010299956639812
CCACACCTCCAACTTC-1,OTI,1,13,1.146128035678238
CCACAGCCACGACACC-1,OTI,1,4,0.6989700043360189
CCACAGCCAGGTCATT-1,C57BL6,0,0,0.0
CCACAGGTCAGTGATT-1,OTI,0,0,0.0
CCACAGGTCATGGCAC-1,OTI,1,1,0.3010299956639812
CCACAGGTCGCTAATG-1,C57BL6,0,0,0.0
CCACAGGTCGTCCCTA-1,OTI,7,153,2.187520720836463
CCACAGGTCGTGACGT-1,OTI,0,0,0.0
CCACATAAGAATGTAG-1,OTI,0,0,0.0
CCACATAAGCTCATGA-1,C57BL6,1,65,1.8195439355418688
CCACATAAGCTGTATG-1,OTI,4,136,2.1367205671564067
CCACATAAGGCACGAA-1,OTI,1,2,0.47712125471966244
CCACATAAGGGGAGCT-1,OTI,1,184,2.2671717284030137
CCACATTTCATCATCC-1,C57BL6,5,5,0.7781512503836436
CCACATTTCATTGTCC-1,OTI,3,760,2.8813846567705728
CCACATTTCCACTCCA-1,OTI,2,23,1.380211241711606
CCACATTTCCGACTAA-1,C57BL6,2,24,1.3979400086720377
CCACATTTCCGTCAAA-1,OTI,12,63,1.806179973983887
CCACATTTCGCGATGT-1,OTI,6,20,1.3222192947339193
CCACATTTCGCTCTCA-1,OTI,2,8,0.9542425094393249
CCACATTTCGGGTTCG-1,C57BL6,1,1,0.3010299956639812
CCACATTTCGTCCTGC-1,OTI,0,0,0.0
CCACCAACAAAACCGA-1,OTI,6,160,2.2068258760318495
CCACCAACAACGCAGG-1,OTI,1,25,1.414973347970818
CCACCAACAAGACGTA-1,OTI,5,443,2.6473829701146196
CCACCAACAAGAGACC-1,C57BL6,0,0,0.0
CCACCAACAATTAAAG-1,OTI,7,35,1.5563025007672873
CCACCGTTCAACTATA-1,OTI,4,42,1.6334684555795864
CCACCGTTCACCAATG-1,OTI,0,0,0.0
CCACCGTTCCAAGACC-1,OTI,2,44,1.6532125137753437
CCACCGTTCCAGGATC-1,C57BL6,0,0,0.0
CCACCGTTCCATTCGT-1,OTI,4,173,2.2405492482826
CCACCGTTCCCGACTC-1,C57BL6,0,0,0.0
CCACCGTTCGCTTTCG-1,C57BL6,0,0,0.0
CCACCGTTCGTACTTC-1,C57BL6,0,0,0.0
CCACCTATCACCATTC-1,OTI,1,5,0.7781512503836436
CCACCTATCCCAAAGC-1,C57BL6,1,10,1.0413926851582251
CCACCTATCCGGGATT-1,OTI,1,9,1.0
CCACCTATCCTCCAAT-1,OTI,1,1,0.3010299956639812
CCACGATAGAACTAAG-1,OTI,5,329,2.5185139398778875
CCACGATAGCGCATCG-1,OTI,5,161,2.2095150145426308
CCACGATAGCGGCATT-1,OTI,2,18,1.2787536009528289
CCACGATAGCTTCGTT-1,C57BL6,0,0,0.0
CCACGATAGGTCGCAT-1,C57BL6,0,0,0.0
CCACGCTTCCCATCTG-1,C57BL6,1,4,0.6989700043360189
CCACGCTTCCGAACAC-1,C57BL6,0,0,0.0
CCACGCTTCCGGCACA-1,OTI,7,66,1.8260748027008264
CCACGCTTCGCCTCTA-1,OTI,3,13,1.146128035678238
CCACGCTTCGCTGGCA-1,C57BL6,0,0,0.0
CCACGCTTCGGATACC-1,OTI,4,74,1.8750612633917
CCACGCTTCGTACAAT-1,OTI,5,84,1.9294189257142926
CCACGGGGTACACCCT-1,OTI,0,0,0.0
CCACGGGGTATCGGGC-1,OTI,2,46,1.6720978579357175
CCACGGTCAAGTTTCA-1,OTI,6,1055,3.0236639181977933
CCACGGTCAATAACCC-1,OTI,3,347,2.5415792439465807
CCACGGTCAATGCTAC-1,C57BL6,1,5,0.7781512503836436
CCACGGTCACAAGGGT-1,OTI,10,101,2.0086001717619175
CCACGGTCACAGCGGA-1,OTI,4,193,2.287801729930226
CCACGTACAAACGGGT-1,OTI,3,97,1.9912260756924949
CCACGTACAAATGACG-1,OTI,6,102,2.012837224705172
CCACGTACAAGCTTCG-1,OTI,9,110,2.0453229787866576
CCACGTACACCGTCAA-1,OTI,3,16,1.2304489213782739
CCACGTACACCTACCT-1,C57BL6,0,0,0.0
CCACGTACACGTTCGA-1,C57BL6,8,14,1.1760912590556813
CCACGTACACTATCCC-1,OTI,3,105,2.0253058652647704
CCACGTACAGGACTTT-1,OTI,1,12,1.1139433523068367
CCACGTTGTAAATGGG-1,OTI,0,0,0.0
CCACGTTGTATACCCC-1,OTI,4,158,2.2013971243204513
CCACGTTGTCACGTTC-1,OTI,0,0,0.0
CCACGTTGTCAGTTGG-1,OTI,4,138,2.143014800254095
CCACGTTGTGGAAATG-1,OTI,4,215,2.3344537511509307
CCACGTTGTGGAGCCT-1,OTI,1,27,1.4471580313422192
CCACGTTGTGGCTTTC-1,C57BL6,2,4,0.6989700043360189
CCACGTTGTGGGGATG-1,OTI,6,255,2.4082399653118496
CCACGTTGTGGTTATA-1,OTI,2,75,1.8808135922807914
CCACGTTGTGTATCTT-1,OTI,2,237,2.376576957056512
CCACTAAAGAAGGTTA-1,C57BL6,0,0,0.0
CCACTAAAGCAAGGGC-1,OTI,1,5,0.7781512503836436
CCACTAAAGCGGGTTT-1,OTI,5,335,2.526339277389844
CCACTAAAGCTCAGTA-1,OTI,3,228,2.359835482339888
CCACTAAAGGGGCTTT-1,C57BL6,0,0,0.0
CCACTAGCAAGCGTTT-1,OTI,2,13,1.146128035678238
CCACTAGCAATTACGC-1,C57BL6,0,0,0.0
CCACTAGCACGATGGG-1,OTI,1,9,1.0
CCACTAGCAGGGCTCT-1,C57BL6,2,7,0.9030899869919435
CCACTAGCAGTGAAAT-1,OTI,3,187,2.27415784926368
CCACTATTCAAGGGGC-1,OTI,0,0,0.0
CCACTATTCAGCATTG-1,C57BL6,0,0,0.0
CCACTATTCAGGCCAT-1,C57BL6,0,0,0.0
CCACTATTCCACTCCA-1,OTI,4,135,2.1335389083702174
CCACTATTCCATCGCC-1,OTI,1,38,1.591064607026499
CCACTATTCCGACCCT-1,OTI,2,134,2.130333768495006
CCACTCATCAATACGT-1,OTI,2,44,1.6532125137753437
CCACTCATCACATCAG-1,OTI,3,48,1.6901960800285136
CCACTCATCACTACCT-1,C57BL6,2,45,1.662757831681574
CCACTCATCACTCTCG-1,OTI,2,17,1.255272505103306
CCACTCATCAGCGTAC-1,OTI,5,321,2.507855871695831
CCACTCATCCAATATA-1,OTI,3,83,1.9242792860618816
CCACTCATCCCATTAC-1,OTI,9,291,2.4653828514484184
CCACTCATCCTGGGTG-1,OTI,7,193,2.287801729930226
CCACTCATCGGGCCTA-1,OTI,2,29,1.4771212547196624
CCACTCATCGGTGTCG-1,OTI,0,0,0.0
CCACTCATCGTAACCA-1,OTI,0,0,0.0
CCACTCATCGTTATGG-1,OTI,1,1,0.3010299956639812
CCACTCTCAAACTACC-1,OTI,1,6,0.8450980400142568
CCACTCTCAAGTTGAG-1,C57BL6,0,0,0.0
CCACTCTCAATCGGCC-1,OTI,11,574,2.7596678446896306
CCACTCTCACGAACCC-1,OTI,1,90,1.9590413923210936
CCACTCTCAGCAGTAA-1,OTI,0,0,0.0
CCACTCTCAGTGGCAG-1,OTI,2,22,1.3617278360175928
CCACTGACAAAAGGCC-1,OTI,8,131,2.12057393120585
CCACTGACAACCAACT-1,OTI,4,77,1.8920946026904804
CCACTGACAAGGGTTA-1,OTI,5,6,0.8450980400142568
CCACTGACAATCGCAT-1,OTI,0,0,0.0
CCACTGACACAAACCT-1,OTI,1,1,0.3010299956639812
CCACTGACACACTTAA-1,OTI,1,7,0.9030899869919435
CCACTGACACATTCAA-1,OTI,0,0,0.0
CCACTGACAGTCTGCA-1,C57BL6,0,0,0.0
CCACTTGTCACAGGCT-1,OTI,2,87,1.9444826721501687
CCACTTGTCACCATTC-1,OTI,0,0,0.0
CCACTTGTCAGTATGT-1,OTI,2,22,1.3617278360175928
CCACTTGTCATGGCCG-1,OTI,1,58,1.7708520116421442
CCACTTGTCCGGGTAT-1,C57BL6,2,59,1.7781512503836436
CCACTTGTCGGACGTT-1,OTI,7,335,2.526339277389844
CCACTTGTCGGGTCCA-1,C57BL6,1,2,0.47712125471966244
CCACTTTAGGCATACC-1,OTI,2,17,1.255272505103306
CCAGAACTCAGTTAGT-1,C57BL6,0,0,0.0
CCAGAACTCCATTCTA-1,OTI,1,498,2.6981005456233897
CCAGAACTCCCTATTA-1,OTI,2,50,1.7075701760979363
CCAGAACTCGCTTTAC-1,OTI,0,0,0.0
CCAGAATGTACCCATC-1,OTI,0,0,0.0
CCAGAATGTACTGCAG-1,OTI,11,832,2.9206450014067875
CCAGAATGTAGAATGG-1,OTI,0,0,0.0
CCAGAATGTATCGCTC-1,OTI,4,28,1.462397997898956
CCAGAATGTGCGAATT-1,OTI,1,6,0.8450980400142568
CCAGAATGTGCTTGTC-1,OTI,0,0,0.0
CCAGAATGTGTATCTT-1,C57BL6,0,0,0.0
CCAGAATGTGTTGCAG-1,OTI,2,118,2.0755469613925306
CCAGACCCAAACATTT-1,OTI,0,0,0.0
CCAGACCCAAACGCGG-1,OTI,5,670,2.826722520168992
CCAGACCCAAGGACAC-1,OTI,4,398,2.6009728956867484
CCAGACCCACATGATC-1,OTI,2,70,1.8512583487190752
CCAGACCCACTTCTCA-1,C57BL6,3,6,0.8450980400142568
CCAGACCCAGTAATCC-1,OTI,3,52,1.724275869600789
CCAGAGAAGACATGAA-1,OTI,0,0,0.0
CCAGAGAAGACCCAAC-1,OTI,1,19,1.3010299956639813
CCAGAGAAGAGGATTA-1,C57BL6,0,0,0.0
CCAGAGAAGAGGTAAC-1,OTI,0,0,0.0
CCAGAGAAGCTAAGCC-1,OTI,1,8,0.9542425094393249
CCAGAGAAGGCCTGCA-1,OTI,5,221,2.346352974450639
CCAGAGAAGGTTCAAT-1,OTI,4,45,1.662757831681574
CCAGAGGCAAAATGAC-1,OTI,4,128,2.110589710299249
CCAGAGGCAAAGGGGA-1,OTI,5,139,2.146128035678238
CCAGAGGCAATCATTG-1,OTI,4,47,1.6812412373755872
CCAGAGGCACATTTAG-1,C57BL6,0,0,0.0
CCAGATGGTAATTCAG-1,C57BL6,0,0,0.0
CCAGATGGTCTAATCT-1,OTI,4,4,0.6989700043360189
CCAGATTCAAGTCCAT-1,OTI,0,0,0.0
CCAGATTCAATGTGTC-1,C57BL6,0,0,0.0
CCAGATTCACCGTTTC-1,OTI,2,13,1.146128035678238
CCAGATTCAGCATAGA-1,OTI,4,97,1.9912260756924949
CCAGATTCAGCTGTAT-1,C57BL6,0,0,0.0
CCAGATTCAGGATGAC-1,C57BL6,3,3,0.6020599913279624
CCAGATTCAGGCAATA-1,OTI,0,0,0.0
CCAGATTCAGTGCGGA-1,OTI,2,5,0.7781512503836436
CCAGATTCAGTTAATT-1,C57BL6,0,0,0.0
CCAGCATAGAGCTTAT-1,C57BL6,1,12,1.1139433523068367
CCAGCATAGAGCTTTG-1,OTI,1,9,1.0
CCAGCATAGATGTGTT-1,OTI,1,5,0.7781512503836436
CCAGCATAGCCATGAC-1,C57BL6,0,0,0.0
CCAGCATAGCGATGAG-1,OTI,3,36,1.568201724066995
CCAGCATAGCTGGGTT-1,C57BL6,1,1,0.3010299956639812
CCAGCATAGCTGTAAT-1,OTI,1,23,1.380211241711606
CCAGCATAGGCTTCGG-1,C57BL6,0,0,0.0
CCAGCCCGTAGCGGTC-1,C57BL6,1,20,1.3222192947339193
CCAGCCCGTCAACTCC-1,OTI,2,91,1.9637878273455553
CCAGCCCGTCCGTGTT-1,C57BL6,1,1,0.3010299956639812
CCAGCCCGTGCTTCGT-1,OTI,4,16,1.2304489213782739
CCAGCCCGTGTGTGCA-1,OTI,0,0,0.0
CCAGCCTTCAAGGTAA-1,OTI,3,51,1.7160033436347992
CCAGCCTTCATCGACA-1,OTI,3,31,1.505149978319906
CCAGCCTTCCCCTATG-1,OTI,4,268,2.429752280002408
CCAGCTACAACATACC-1,C57BL6,1,19,1.3010299956639813
CCAGCTACAACCATCG-1,OTI,2,19,1.3010299956639813
CCAGCTACACCTGACA-1,OTI,4,22,1.3617278360175928
CCAGCTACAGCATGGG-1,C57BL6,0,0,0.0
CCAGCTCTCAGGCCCA-1,OTI,6,182,2.2624510897304293
CCAGCTCTCATAATGC-1,OTI,0,0,0.0
CCAGCTCTCCCCAGCT-1,OTI,1,15,1.2041199826559248
CCAGCTCTCCGACGCA-1,C57BL6,0,0,0.0
CCAGCTCTCCTAGTTC-1,OTI,2,140,2.1492191126553797
CCAGCTCTCCTGATTC-1,OTI,0,0,0.0
CCAGCTCTCGGAAAGT-1,C57BL6,0,0,0.0
CCAGCTCTCGGCCCTT-1,OTI,5,56,1.7558748556724915
CCAGCTCTCGTGTACA-1,OTI,1,25,1.414973347970818
CCAGCTTGTATAAGCC-1,OTI,3,121,2.0863598306747484
CCAGCTTGTATTGTCT-1,OTI,1,6,0.8450980400142568
CCAGCTTGTCCTAATT-1,OTI,0,0,0.0
CCAGCTTGTGTCGCGG-1,OTI,0,0,0.0
CCAGGCTCAACGTGCC-1,OTI,3,13,1.146128035678238
CCAGGCTCAACTCGAT-1,C57BL6,1,10,1.0413926851582251
CCAGGCTCACACTTAA-1,C57BL6,0,0,0.0
CCAGGCTCAGTGCGAG-1,OTI,4,444,2.6483600109809315
CCAGGCTCAGTGTGGG-1,OTI,1,1,0.3010299956639812
CCAGGGACAAAGTGCA-1,OTI,1,5,0.7781512503836436
CCAGGGACAACTCCGA-1,OTI,2,62,1.7993405494535817
CCAGGGACAACTGGAA-1,OTI,9,90,1.9590413923210936
CCAGGGACAAGAGGTC-1,OTI,6,289,2.462397997898956
CCAGGGACAATGCAGA-1,OTI,2,64,1.8129133566428555
CCAGGGACACCAGACC-1,OTI,2,38,1.591064607026499
CCAGGGACACCTTTCA-1,OTI,4,47,1.6812412373755872
CCAGGGTGTCATCGCT-1,C57BL6,0,0,0.0
CCAGGGTGTCCTCATA-1,OTI,0,0,0.0
CCAGGGTGTGGTTATA-1,OTI,0,0,0.0
CCAGGGTGTGTGTCGA-1,OTI,4,121,2.0863598306747484
CCAGGTAGTAAAGCCT-1,OTI,2,118,2.0755469613925306
CCAGGTAGTACCCATC-1,C57BL6,1,8,0.9542425094393249
CCAGGTAGTAGGCCGT-1,OTI,3,121,2.0863598306747484
CCAGGTAGTAGGGAGT-1,OTI,3,19,1.3010299956639813
CCAGGTAGTCAAGGCC-1,OTI,3,20,1.3222192947339193
CCAGGTAGTCGACTAG-1,OTI,0,0,0.0
CCAGGTAGTGCACAGC-1,C57BL6,0,0,0.0
CCAGGTTAGCATGCCG-1,C57BL6,0,0,0.0
CCAGGTTAGGCGTCCA-1,C57BL6,0,0,0.0
CCAGTAATCACGCGTG-1,C57BL6,2,7,0.9030899869919435
CCAGTAATCACTCGCC-1,OTI,2,78,1.8976270912904414
CCAGTAATCAGAGTAA-1,C57BL6,0,0,0.0
CCAGTAATCATGCGTA-1,OTI,2,17,1.255272505103306
CCAGTAATCGCGATGT-1,OTI,5,162,2.2121876044039577
CCAGTAATCGCGTATA-1,OTI,0,0,0.0
CCAGTAATCGTATACG-1,OTI,3,46,1.6720978579357175
CCAGTACAGGCCCACA-1,OTI,11,557,2.7466341989375787
CCAGTACAGGTCGCAT-1,OTI,2,69,1.845098040014257
CCAGTAGGTAACAGGA-1,OTI,4,41,1.6232492903979006
CCAGTAGGTACGGGCT-1,OTI,3,106,2.0293837776852097
CCAGTAGGTACGTGAT-1,OTI,0,0,0.0
CCAGTAGGTGCTTGCT-1,OTI,4,205,2.3138672203691533
CCAGTGAGTACTTCTG-1,OTI,1,9,1.0
CCAGTGAGTAGCGCGT-1,C57BL6,0,0,0.0
CCAGTGAGTATGGAGA-1,C57BL6,0,0,0.0
CCAGTGCCAACCCCAA-1,OTI,1,44,1.6532125137753437
CCAGTGCCACTACATA-1,C57BL6,0,0,0.0
CCAGTGCCAGCATGGG-1,C57BL6,0,0,0.0
CCAGTGCCAGTGCTCA-1,OTI,1,1,0.3010299956639812
CCAGTTCGTAATGTGC-1,OTI,5,40,1.6127838567197355
CCAGTTCGTATCCGCT-1,OTI,2,75,1.8808135922807914
CCAGTTCGTCAATGTA-1,OTI,4,53,1.7323937598229686
CCAGTTCGTGGAACCC-1,C57BL6,0,0,0.0
CCATAACCAACAAGAT-1,OTI,0,0,0.0
CCATAACCAATGGGCG-1,OTI,1,161,2.2095150145426308
CCATAACCAGGCTTCA-1,C57BL6,1,1,0.3010299956639812
CCATAACCAGTGAGCG-1,OTI,2,52,1.724275869600789
CCATAAGTCCGATGTA-1,C57BL6,0,0,0.0
CCATAAGTCGCCATGG-1,OTI,8,114,2.060697840353612
CCATAAGTCGCCTTGC-1,OTI,0,0,0.0
CCATAATAGAGACATA-1,C57BL6,4,64,1.8129133566428555
CCATAATAGATTATGC-1,OTI,1,3,0.6020599913279624
CCATAATAGCATCACA-1,C57BL6,0,0,0.0
CCATAATAGCATGTAT-1,OTI,6,101,2.0086001717619175
CCATAATAGCGCATCG-1,C57BL6,0,0,0.0
CCATAATAGCGTTGTA-1,OTI,9,73,1.8692317197309762
CCATAATAGGCAAGCA-1,OTI,2,4,0.6989700043360189
CCATACAAGATCCGAC-1,OTI,0,0,0.0
CCATACAAGCAGCGTT-1,OTI,3,91,1.9637878273455553
CCATACAAGCGATTCA-1,OTI,4,123,2.093421685162235
CCATACAAGGGAATCG-1,C57BL6,0,0,0.0
CCATACAAGGTGTATT-1,OTI,4,61,1.792391689498254
CCATACGCAAAGCTTC-1,C57BL6,0,0,0.0
CCATACGCAACAGCCC-1,C57BL6,1,16,1.2304489213782739
CCATACGCAAGTCGCC-1,C57BL6,0,0,0.0
CCATACGCAATGCTTA-1,OTI,5,99,2.0
CCATACTTCAGCACTA-1,OTI,1,1,0.3010299956639812
CCATACTTCCAAATGT-1,C57BL6,0,0,0.0
CCATACTTCCATGCTT-1,OTI,6,297,2.4742162640762553
CCATACTTCGCTCGCT-1,C57BL6,1,1,0.3010299956639812
CCATAGCAGACATCCA-1,OTI,1,12,1.1139433523068367
CCATAGCAGAGCCCAT-1,C57BL6,2,22,1.3617278360175928
CCATAGCAGAGGTATA-1,C57BL6,1,12,1.1139433523068367
CCATAGCAGATTACCG-1,C57BL6,0,0,0.0
CCATAGCAGCAAAGCG-1,OTI,3,13,1.146128035678238
CCATAGCAGCATGTTG-1,C57BL6,1,1,0.3010299956639812
CCATAGCAGCTGACGT-1,OTI,3,397,2.5998830720736876
CCATAGCAGGCGATAG-1,OTI,3,25,1.414973347970818
CCATAGGGTAAGGGTA-1,OTI,6,201,2.305351369446624
CCATAGGGTCCGCTTG-1,C57BL6,0,0,0.0
CCATAGGGTCCTTGCG-1,OTI,2,105,2.0253058652647704
CCATAGGGTCCTTTAG-1,OTI,3,356,2.552668216112193
CCATAGGGTGCATAGT-1,OTI,2,19,1.3010299956639813
CCATAGGGTGGAGCAG-1,OTI,9,734,2.8662873390841948
CCATAGGGTGGGACTC-1,OTI,1,3,0.6020599913279624
CCATATCTCAAGCCGT-1,OTI,3,18,1.2787536009528289
CCATATCTCACCCTGC-1,C57BL6,0,0,0.0
CCATATCTCATAAGCT-1,OTI,0,0,0.0
CCATATCTCATTGTCC-1,OTI,4,385,2.586587304671755
CCATATCTCCACCAAA-1,OTI,0,0,0.0
CCATATCTCCTTCGCA-1,C57BL6,2,23,1.380211241711606
CCATATCTCGGGCATT-1,C57BL6,0,0,0.0
CCATATCTCGGTCAAC-1,C57BL6,0,0,0.0
CCATATGAGACGAAGT-1,OTI,1,49,1.6989700043360187
CCATATGAGACTATCG-1,OTI,0,0,0.0
CCATATGAGCAAAGTA-1,C57BL6,1,3,0.6020599913279624
CCATATGAGCTACACA-1,OTI,3,80,1.9084850188786497
CCATATTGTAATCTCT-1,OTI,4,303,2.482873583608754
CCATATTGTCATTCTG-1,OTI,2,14,1.1760912590556813
CCATATTGTCCACGGG-1,OTI,4,36,1.568201724066995
CCATATTGTCCAGATG-1,OTI,3,122,2.089905111439398
CCATATTGTCTTCTAG-1,C57BL6,0,0,0.0
CCATATTGTGCTCGTT-1,OTI,4,76,1.8864907251724818
CCATATTGTGGGGAAT-1,C57BL6,1,2,0.47712125471966244
CCATCAAAGAAGGTGT-1,C57BL6,0,0,0.0
CCATCAAAGACGTTAT-1,C57BL6,1,3,0.6020599913279624
CCATCAAAGATCCTGA-1,OTI,6,594,2.7745169657285498
CCATCAAAGCAATTGT-1,C57BL6,0,0,0.0
CCATCAAAGCACGTAC-1,C57BL6,0,0,0.0
CCATCAAAGCGCTATA-1,OTI,6,574,2.7596678446896306
CCATCAAAGCTATAAC-1,C57BL6,0,0,0.0
CCATCAAAGCTCGTGG-1,C57BL6,0,0,0.0
CCATCAAAGGCGAATG-1,OTI,0,0,0.0
CCATCATTCACCTCTG-1,C57BL6,0,0,0.0
CCATCATTCAGTACAT-1,C57BL6,1,9,1.0
CCATCATTCATAATGC-1,OTI,4,56,1.7558748556724915
CCATCATTCATTAATG-1,C57BL6,0,0,0.0
CCATCATTCGCGTGTG-1,OTI,4,62,1.7993405494535817
CCATCATTCGGTTGTA-1,OTI,0,0,0.0
CCATCCATCACAACGC-1,OTI,1,1,0.3010299956639812
CCATCCATCCAAACCA-1,C57BL6,5,6,0.8450980400142568
CCATCCATCCGAAACC-1,OTI,0,0,0.0
CCATCCATCGGTCAAC-1,C57BL6,1,1,0.3010299956639812
CCATCCATCGTGAACC-1,OTI,2,10,1.0413926851582251
CCATCCATCGTGCTCC-1,OTI,1,40,1.6127838567197355
CCATCCATCGTGTAAT-1,OTI,0,0,0.0
CCATCCGGTAACCCGA-1,OTI,6,159,2.2041199826559246
CCATCCGGTATGCCTC-1,OTI,2,29,1.4771212547196624
CCATCCGGTGGCAATT-1,OTI,4,5,0.7781512503836436
CCATCCGGTGGGTATT-1,C57BL6,3,35,1.5563025007672873
CCATCGACAACGAAGC-1,OTI,1,6,0.8450980400142568
CCATCGCTCAACCTCT-1,C57BL6,1,23,1.380211241711606
CCATCGCTCATACTAA-1,OTI,4,1045,3.0195316845312554
CCATCGCTCCGGTCAG-1,OTI,0,0,0.0
CCATCGCTCCTTCTAA-1,OTI,6,507,2.7058637122839193
CCATCGCTCGGCTCTC-1,OTI,2,13,1.146128035678238
CCATCGCTCGGGCTCA-1,C57BL6,3,45,1.662757831681574
CCATCGCTCGTGTAAT-1,OTI,3,55,1.7481880270062005
CCATCGGAGAACACCC-1,C57BL6,0,0,0.0
CCATCGGAGAACGGCA-1,OTI,5,61,1.792391689498254
CCATCGGAGAATCTGT-1,OTI,2,43,1.6434526764861874
CCATCGGAGATTCGAT-1,OTI,2,244,2.3891660843645326
CCATCGGAGCCTATTC-1,OTI,1,3,0.6020599913279624
CCATCGGAGCTAAACT-1,OTI,1,118,2.0755469613925306
CCATCGGAGGGTAAGT-1,OTI,4,50,1.7075701760979363
CCATCGGAGGGTGAAT-1,OTI,3,128,2.110589710299249
CCATCGGAGGTGTCGT-1,C57BL6,0,0,0.0
CCATCTGTCCAAGACC-1,OTI,6,72,1.863322860120456
CCATCTGTCCGGCCTT-1,OTI,1,2,0.47712125471966244
CCATCTGTCGTAACTG-1,OTI,3,139,2.146128035678238
CCATCTGTCGTACTTC-1,C57BL6,0,0,0.0
CCATGACAGAGACGCA-1,OTI,2,1187,3.074816440645175
CCATGACAGAGCAGAT-1,OTI,8,166,2.2227164711475833
CCATGACAGATGGGTG-1,OTI,5,248,2.3961993470957363
CCATGACAGCTGGTCG-1,OTI,3,144,2.161368002234975
CCATGACAGGGACGAC-1,C57BL6,2,19,1.3010299956639813
CCATGCACAAGGTTTC-1,OTI,0,0,0.0
CCATGCACAAGTACTC-1,C57BL6,1,1,0.3010299956639812
CCATGCACACGTAATC-1,OTI,6,66,1.8260748027008264
CCATGCACACGTTCGA-1,OTI,1,22,1.3617278360175928
CCATGCACAGCTACAT-1,OTI,3,243,2.387389826338729
CCATGCACAGCTTTAA-1,OTI,1,3,0.6020599913279624
CCATGCCTCAGTATTA-1,OTI,0,0,0.0
CCATGCCTCCCACTCA-1,OTI,7,388,2.5899496013257077
CCATGCCTCGTTAAGT-1,OTI,1,3,0.6020599913279624
CCATGCGAGAATTCGT-1,OTI,0,0,0.0
CCATGCGAGAGAATTG-1,OTI,3,125,2.100370545117563
CCATGCGAGAGTTTAC-1,OTI,0,0,0.0
CCATGCGAGATCGATT-1,OTI,2,94,1.9777236052888478
CCATGCGAGCATTACG-1,OTI,3,87,1.9444826721501687
CCATGCTGTCAACGTG-1,OTI,0,0,0.0
CCATGCTGTGGATTTA-1,OTI,1,78,1.8976270912904414
CCATGCTGTGTAGCGC-1,C57BL6,0,0,0.0
CCATGGTAGAAGCTAA-1,OTI,3,13,1.146128035678238
CCATGGTAGCAAGGCA-1,OTI,7,450,2.6541765418779604
CCATGGTAGCCATACA-1,OTI,5,503,2.7024305364455254
CCATGGTAGCCGTATA-1,OTI,6,52,1.724275869600789
CCATGGTAGGGGAGCT-1,C57BL6,1,2,0.47712125471966244
CCATGGTAGGGGCATA-1,OTI,3,59,1.7781512503836436
CCATGGTAGGTAGCTC-1,OTI,1,35,1.5563025007672873
CCATTAACACTAACGT-1,OTI,0,0,0.0
CCATTACTCACAACTG-1,OTI,5,354,2.550228353055094
CCATTACTCATCTTCA-1,OTI,7,121,2.0863598306747484
CCATTACTCATTCAAA-1,OTI,0,0,0.0
CCATTACTCCACCGCT-1,OTI,6,142,2.155336037465062
CCATTACTCCCGGTTC-1,OTI,6,104,2.0211892990699383
CCATTACTCCTCCTTC-1,OTI,0,0,0.0
CCATTACTCGCGTGTG-1,C57BL6,0,0,0.0
CCATTAGAGAGGCGTA-1,OTI,2,29,1.4771212547196624
CCATTAGAGCCGCCAA-1,C57BL6,0,0,0.0
CCATTAGAGGCCCACA-1,OTI,3,186,2.271841606536499
CCATTCAGTAGCGTAT-1,OTI,2,126,2.103803720955957
CCATTCAGTATATGGC-1,C57BL6,0,0,0.0
CCATTCAGTCAATGCG-1,OTI,2,108,2.037426497940624
CCATTCAGTCACGCTT-1,C57BL6,1,4,0.6989700043360189
CCATTCAGTCAGTTGG-1,OTI,0,0,0.0
CCATTCAGTGGACCGT-1,OTI,4,46,1.6720978579357175
CCATTCCCAACAACCT-1,OTI,7,9,1.0
CCATTCCCAACCATCG-1,C57BL6,0,0,0.0
CCATTCCCAACGCACC-1,OTI,2,13,1.146128035678238
CCATTCCCAGTACTTA-1,OTI,5,174,2.2430380486862944
CCATTCGTCAACTATA-1,OTI,2,79,1.9030899869919435
CCATTCGTCAAGCAAA-1,OTI,5,31,1.505149978319906
CCATTGAAGACAACGG-1,OTI,4,25,1.414973347970818
CCATTGAAGACATGCC-1,OTI,1,1,0.3010299956639812
CCATTGAAGAGCCTGT-1,OTI,1,94,1.9777236052888478
CCATTGAAGCGCATTA-1,OTI,6,233,2.369215857410143
CCATTTCAGACCCTTT-1,OTI,1,109,2.041392685158225
CCATTTCAGAGGTTAA-1,OTI,0,0,0.0
CCATTTCAGATGACGG-1,C57BL6,0,0,0.0
CCATTTCAGCATGGTC-1,C57BL6,0,0,0.0
CCATTTCAGCCAACCG-1,OTI,4,116,2.0681858617461617
CCATTTCAGCGCATTA-1,C57BL6,0,0,0.0
CCATTTCAGCGTCATA-1,OTI,3,36,1.568201724066995
CCATTTCAGCTTAGCA-1,OTI,0,0,0.0
CCATTTCAGGCTAACC-1,OTI,1,56,1.7558748556724915
CCATTTCAGGTAAGGT-1,OTI,2,35,1.5563025007672873
CCATTTCAGGTTGTGC-1,OTI,4,125,2.100370545117563
CCATTTGGTACTGGAT-1,OTI,3,21,1.3424226808222062
CCATTTGGTATTACAG-1,OTI,2,7,0.9030899869919435
CCATTTGGTATTGAGC-1,OTI,5,56,1.7558748556724915
CCATTTGGTCAGCGGT-1,OTI,0,0,0.0
CCATTTGGTCATTCCA-1,C57BL6,3,8,0.9542425094393249
CCATTTGGTCCCTCTC-1,C57BL6,0,0,0.0
CCATTTGGTCTAGTGG-1,C57BL6,1,5,0.7781512503836436
CCATTTGGTGTCGCCC-1,OTI,0,0,0.0
CCCAAAGGTAGTACGT-1,OTI,4,53,1.7323937598229686
CCCAAAGGTATAAGGG-1,OTI,6,172,2.2380461031287955
CCCAAAGGTCACATGG-1,OTI,4,68,1.8388490907372552
CCCAAAGGTGGTTGAT-1,OTI,3,74,1.8750612633917
CCCAAATCAAAACCAG-1,C57BL6,0,0,0.0
CCCAAATCAAACACTC-1,OTI,2,86,1.9395192526186185
CCCAAATCAAACTCAC-1,OTI,2,155,2.1931245983544616
CCCAAATCAAAGTGCA-1,C57BL6,1,11,1.0791812460476249
CCCAAATCAACTGGGG-1,C57BL6,0,0,0.0
CCCAAATCACATATGC-1,OTI,5,485,2.6866362692622934
CCCAACACAACAGCGG-1,C57BL6,1,15,1.2041199826559248
CCCAACACAATTAATC-1,OTI,1,4,0.6989700043360189
CCCAACACACAGTGCC-1,C57BL6,1,1,0.3010299956639812
CCCAACACACCTGACA-1,OTI,3,152,2.184691430817599
CCCAACACAGTATCAC-1,OTI,8,230,2.3636119798921444
CCCAACACAGTGATTC-1,OTI,0,0,0.0
CCCAACCTCAAACCGC-1,OTI,4,58,1.7708520116421442
CCCAACCTCAGTAATC-1,OTI,5,71,1.8573324964312685
CCCAACCTCAGTACGC-1,C57BL6,0,0,0.0
CCCAACCTCATAGTCG-1,OTI,3,16,1.2304489213782739
CCCAACCTCCATTGTC-1,OTI,3,43,1.6434526764861874
CCCAACCTCGCATAGC-1,C57BL6,0,0,0.0
CCCAACCTCGCGCGTA-1,C57BL6,1,3,0.6020599913279624
CCCAACCTCGTAATCG-1,OTI,2,5,0.7781512503836436
CCCAACGAGAGCGGTA-1,OTI,6,132,2.123851640967086
CCCAACGAGATCGTAT-1,OTI,5,112,2.0530784434834195
CCCAACGAGATTGCAT-1,OTI,1,4,0.6989700043360189
CCCAACGAGCCATCGG-1,OTI,3,36,1.568201724066995
CCCAACGAGCTGTATG-1,OTI,2,96,1.9867717342662448
CCCAACGAGGGAATCG-1,OTI,4,505,2.7041505168397992
CCCAAGCCAATAAGTA-1,C57BL6,0,0,0.0
CCCAAGCCACGTAACT-1,OTI,2,3,0.6020599913279624
CCCAAGCCACTAGCGC-1,OTI,5,893,2.951337518795918
CCCAAGCCAGGCTTCA-1,OTI,2,3,0.6020599913279624
CCCAAGCCAGGTGCGA-1,OTI,2,39,1.6020599913279623
CCCAAGCCAGTCTGCA-1,OTI,1,8,0.9542425094393249
CCCAAGCCAGTTCGCA-1,OTI,5,186,2.271841606536499
CCCAAGTAGAGGGTAT-1,OTI,5,8,0.9542425094393249
CCCAAGTAGATAGGCG-1,OTI,15,407,2.61066016308988
CCCAAGTAGATGGAGT-1,OTI,2,7,0.9030899869919435
CCCAAGTAGCATTTGG-1,OTI,0,0,0.0
CCCAAGTAGCTATGTG-1,OTI,6,88,1.9493900066449128
CCCAAGTAGGGTCTGT-1,OTI,7,225,2.3541084391474008
CCCAATCGTAATCTAG-1,OTI,2,8,0.9542425094393249
CCCAATCGTAGTGCGC-1,OTI,3,453,2.6570558528571038
CCCAATCGTCAGCTCT-1,OTI,3,34,1.5440680443502757
CCCAATCGTGGAGTGG-1,OTI,3,381,2.582063362911709
CCCAATTTCACACACA-1,C57BL6,1,3,0.6020599913279624
CCCAATTTCACATATA-1,OTI,0,0,0.0
CCCAATTTCCTGGCTC-1,OTI,3,88,1.9493900066449128
CCCAATTTCGCAATAT-1,OTI,0,0,0.0
CCCACAACAAAATGAC-1,OTI,3,49,1.6989700043360187
CCCACAACAAGTACAG-1,OTI,0,0,0.0
CCCACAACAGCAACCC-1,OTI,2,19,1.3010299956639813
CCCACAGAGACTCCAA-1,OTI,5,179,2.255272505103306
CCCACAGAGAGCCGAA-1,OTI,5,117,2.0718820073061255
CCCACAGAGATACAAG-1,C57BL6,1,12,1.1139433523068367
CCCACAGAGATACCCA-1,OTI,5,134,2.130333768495006
CCCACAGAGGCTTCGG-1,C57BL6,0,0,0.0
CCCACAGAGGGCTAGA-1,C57BL6,1,11,1.0791812460476249
CCCACAGAGGTACGTC-1,OTI,0,0,0.0
CCCACAGAGGTATGTT-1,OTI,0,0,0.0
CCCACGAAGACCCAAC-1,OTI,1,16,1.2304489213782739
CCCACGAAGACCCCAG-1,OTI,2,22,1.3617278360175928
CCCACGAAGCATGGTC-1,OTI,6,336,2.5276299008713385
CCCACGAAGCCAGAGA-1,OTI,4,27,1.4471580313422192
CCCACGAAGCGGGTTT-1,OTI,0,0,0.0
CCCACGAAGCTGCAAC-1,OTI,7,99,2.0
CCCACGAAGGCTAGAG-1,C57BL6,0,0,0.0
CCCACGAAGGGCTAGA-1,OTI,0,0,0.0
CCCACGTTCACTGCAA-1,C57BL6,1,4,0.6989700043360189
CCCACGTTCCATACCT-1,OTI,2,129,2.113943352306837
CCCACGTTCGCTCTCA-1,C57BL6,0,0,0.0
CCCACGTTCGGGTTAC-1,OTI,3,19,1.3010299956639813
CCCACGTTCGTCGTAA-1,OTI,5,52,1.724275869600789
CCCACGTTCGTCTCGC-1,OTI,6,91,1.9637878273455553
CCCACGTTCGTTACCT-1,OTI,1,97,1.9912260756924949
CCCACTATCACGGTTA-1,OTI,3,51,1.7160033436347992
CCCACTATCAGTAATC-1,OTI,8,286,2.4578818967339924
CCCACTATCCCTTTAA-1,OTI,0,0,0.0
CCCACTATCGCTTCCA-1,OTI,6,184,2.2671717284030137
CCCAGACCAAACTACC-1,C57BL6,0,0,0.0
CCCAGACCAAAGTTCC-1,OTI,3,138,2.143014800254095
CCCAGACCAACCTCTC-1,C57BL6,0,0,0.0
CCCAGACCAATGCCGC-1,C57BL6,1,1,0.3010299956639812
CCCAGACCACAGCATT-1,OTI,1,142,2.155336037465062
CCCAGACCACTAATCA-1,C57BL6,1,5,0.7781512503836436
CCCAGACCAGTCAAGA-1,C57BL6,0,0,0.0
CCCAGACCAGTCTTCC-1,C57BL6,1,8,0.9542425094393249
CCCAGCAAGAAAGCTA-1,C57BL6,1,6,0.8450980400142568
CCCAGCAAGACCAGGA-1,OTI,0,0,0.0
CCCAGCAAGACCCCGA-1,OTI,4,1200,3.079543007402906
CCCAGCAAGATTACGT-1,OTI,6,128,2.110589710299249
CCCAGCAAGCATGCCG-1,C57BL6,5,10,1.0413926851582251
CCCAGCAAGCGAACAG-1,OTI,6,359,2.5563025007672873
CCCAGCAAGCGCCACA-1,OTI,1,49,1.6989700043360187
CCCAGCAAGCGTACGT-1,OTI,2,15,1.2041199826559248
CCCAGCAAGCTAACAT-1,OTI,5,503,2.7024305364455254
CCCAGCTTCAAACTTA-1,OTI,0,0,0.0
CCCAGCTTCCCTGCAC-1,OTI,1,9,1.0
CCCAGCTTCCTCGCAC-1,C57BL6,0,0,0.0
CCCAGCTTCGCTTCAT-1,C57BL6,0,0,0.0
CCCAGCTTCGGTGTTA-1,C57BL6,0,0,0.0
CCCAGTACAAGTCTTA-1,OTI,4,110,2.0453229787866576
CCCAGTACACCGCTAA-1,C57BL6,0,0,0.0
CCCAGTACACCGGTTA-1,OTI,3,158,2.2013971243204513
CCCAGTACACTCCACT-1,OTI,3,166,2.2227164711475833
CCCAGTACACTCCGAA-1,OTI,6,163,2.214843848047698
CCCAGTACACTCGGGT-1,OTI,0,0,0.0
CCCATAGCAAGGTTAG-1,OTI,4,204,2.311753861055754
CCCATAGCACACCGTA-1,OTI,3,12,1.1139433523068367
CCCATAGCACAGTAAG-1,OTI,3,325,2.513217600067939
CCCATAGCACGAACCC-1,OTI,0,0,0.0
CCCATAGCAGTAGCCC-1,OTI,0,0,0.0
CCCATGCTCAACCCTT-1,OTI,5,190,2.2810333672477277
CCCATGCTCACGCCCT-1,OTI,7,83,1.9242792860618816
CCCATGCTCCAATTCC-1,C57BL6,0,0,0.0
CCCATGCTCCATAACG-1,C57BL6,0,0,0.0
CCCATGCTCCCATTAC-1,OTI,2,50,1.7075701760979363
CCCATGCTCCTCTCGA-1,OTI,0,0,0.0
CCCATGCTCCTTGTCG-1,OTI,0,0,0.0
CCCATGCTCGTGACGT-1,C57BL6,0,0,0.0
CCCATGGAGACGTGTC-1,OTI,3,12,1.1139433523068367
CCCATGGAGAGTATAG-1,OTI,2,35,1.5563025007672873
CCCATGGAGATGACGG-1,C57BL6,1,8,0.9542425094393249
CCCATGGAGCCAGCAT-1,OTI,4,60,1.7853298350107671
CCCATGGAGCGCCCAA-1,C57BL6,3,87,1.9444826721501687
CCCATGGAGCGCTATA-1,OTI,1,23,1.380211241711606
CCCATGGAGGGGAATT-1,OTI,0,0,0.0
CCCATGGAGGTCCAAC-1,OTI,6,294,2.469822015978163
CCCATGTGTGGACTAT-1,C57BL6,0,0,0.0
CCCATTCCAATGTCCG-1,OTI,6,417,2.621176281775035
CCCATTCCACCACTAG-1,OTI,2,59,1.7781512503836436
CCCATTCCACTCTCCG-1,C57BL6,0,0,0.0
CCCATTGTCAAATCAC-1,OTI,0,0,0.0
CCCATTGTCAAGCTCA-1,OTI,2,7,0.9030899869919435
CCCATTGTCGCGAAAG-1,OTI,2,7,0.9030899869919435
CCCATTGTCGGGTCAT-1,OTI,2,56,1.7558748556724915
CCCATTTAGAATGGGT-1,OTI,15,320,2.506505032404872
CCCATTTAGATCGTAT-1,C57BL6,0,0,0.0
CCCATTTAGCACTAGC-1,OTI,0,0,0.0
CCCATTTAGCACTGTA-1,C57BL6,1,45,1.662757831681574
CCCATTTAGCTCGTAA-1,OTI,1,34,1.5440680443502757
CCCATTTAGGCGGTTT-1,OTI,1,65,1.8195439355418688
CCCATTTAGGGGAGCT-1,OTI,4,52,1.724275869600789
CCCTAAGCACCTAGAT-1,OTI,6,192,2.285557309007774
CCCTAATTCAGGCACT-1,OTI,5,192,2.285557309007774
CCCTAATTCCAGGTGT-1,C57BL6,0,0,0.0
CCCTAATTCCCTGATT-1,OTI,1,8,0.9542425094393249
CCCTAATTCCGCTACC-1,C57BL6,0,0,0.0
CCCTAATTCGGTGCAT-1,C57BL6,1,1,0.3010299956639812
CCCTAATTCGTTGCCC-1,OTI,1,22,1.3617278360175928
CCCTAGACAATTCGTA-1,OTI,4,178,2.2528530309798933
CCCTAGACACAAGTCT-1,OTI,1,9,1.0
CCCTAGACACAGTTTA-1,OTI,1,7,0.9030899869919435
CCCTAGCTCACCATCT-1,OTI,1,16,1.2304489213782739
CCCTAGCTCACGACTA-1,OTI,1,1,0.3010299956639812
CCCTAGCTCCGAACAC-1,OTI,1,10,1.0413926851582251
CCCTAGCTCCTGGGTG-1,OTI,4,55,1.7481880270062005
CCCTAGCTCGGGCCTA-1,OTI,5,216,2.3364597338485296
CCCTAGGAGAAAGCCG-1,OTI,2,64,1.8129133566428555
CCCTAGGAGAAGGTTA-1,OTI,5,37,1.5797835966168101
CCCTAGGAGCACCAAC-1,OTI,2,68,1.8388490907372552
CCCTAGGAGCATGGTC-1,OTI,0,0,0.0
CCCTAGGAGCGTATTG-1,OTI,0,0,0.0
CCCTAGGAGCTCGTTT-1,C57BL6,1,8,0.9542425094393249
CCCTAGGAGCTGACCG-1,OTI,4,94,1.9777236052888478
CCCTAGGAGGGCGAAC-1,OTI,1,17,1.255272505103306
CCCTAGTGTAATCGCG-1,OTI,2,122,2.089905111439398
CCCTAGTGTACGCCGG-1,OTI,5,11,1.0791812460476249
CCCTAGTGTAGGGCGA-1,C57BL6,0,0,0.0
CCCTAGTGTCATACGG-1,OTI,0,0,0.0
CCCTAGTGTCCCATGT-1,C57BL6,3,29,1.4771212547196624
CCCTAGTGTCCTGTCG-1,OTI,3,171,2.2355284469075487
CCCTAGTGTCGCGTGG-1,C57BL6,0,0,0.0
CCCTAGTGTGCCATAG-1,OTI,9,226,2.3560258571931225
CCCTATCCAAAGGCAC-1,C57BL6,0,0,0.0
CCCTATCCAACAGAAT-1,OTI,1,7,0.9030899869919435
CCCTATCCACCGGAAG-1,OTI,3,3,0.6020599913279624
CCCTATCCAGTGATAG-1,OTI,3,77,1.8920946026904804
CCCTATGTCAGTTAGT-1,OTI,2,17,1.255272505103306
CCCTATGTCATCTCCG-1,OTI,4,221,2.346352974450639
CCCTATGTCCCAACTT-1,OTI,1,1,0.3010299956639812
CCCTATGTCCTTCAAC-1,OTI,1,7,0.9030899869919435
CCCTATGTCGTATCGA-1,OTI,2,17,1.255272505103306
CCCTCATCAATTCGAC-1,C57BL6,0,0,0.0
CCCTCATCAGCGTGTC-1,OTI,2,19,1.3010299956639813
CCCTCATCAGGAGTCG-1,OTI,1,6,0.8450980400142568
CCCTCATCAGTCAACT-1,OTI,4,167,2.225309281725863
CCCTCTCGTAAATCTG-1,OTI,3,36,1.568201724066995
CCCTCTCGTAACCCCT-1,OTI,1,5,0.7781512503836436
CCCTCTCGTAAGCCCA-1,OTI,4,77,1.8920946026904804
CCCTCTCGTACGTGCA-1,OTI,1,103,2.0170333392987803
CCCTCTCGTAGACGTT-1,C57BL6,0,0,0.0
CCCTCTCGTCCAGGTA-1,OTI,5,114,2.060697840353612
CCCTCTCGTGCGAATT-1,C57BL6,1,7,0.9030899869919435
CCCTGAACAAGTCATC-1,C57BL6,0,0,0.0
CCCTGAACAATTAAGA-1,OTI,0,0,0.0
CCCTGAACACGTAGCC-1,OTI,2,17,1.255272505103306
CCCTGAACAGGTCGTC-1,C57BL6,0,0,0.0
CCCTGATGTAACGTCG-1,C57BL6,0,0,0.0
CCCTGATGTATCACGG-1,OTI,1,37,1.5797835966168101
CCCTGATGTATGGCGC-1,OTI,3,20,1.3222192947339193
CCCTGATGTCTAACTT-1,C57BL6,0,0,0.0
CCCTGATGTCTATTCG-1,OTI,0,0,0.0
CCCTGGAAGAGGACAT-1,OTI,1,2,0.47712125471966244
CCCTGGAAGCAAGCCT-1,OTI,3,467,2.670245853074124
CCCTGGAAGCCTCGAG-1,OTI,6,167,2.225309281725863
CCCTGTGGTATGTACA-1,C57BL6,0,0,0.0
CCCTGTGGTCGAGTCA-1,C57BL6,0,0,0.0
CCCTGTGGTCTCTAAT-1,OTI,2,468,2.6711728427150834
CCCTTACCAACTGAAG-1,OTI,0,0,0.0
CCCTTACCAAGTCTCG-1,C57BL6,0,0,0.0
CCCTTACCAATGCGGG-1,C57BL6,1,6,0.8450980400142568
CCCTTACCAGCGCTAC-1,OTI,2,352,2.5477747053878224
CCCTTACCAGTAATCC-1,OTI,0,0,0.0
CCCTTAGTCAATTCCC-1,OTI,1,565,2.7528164311882715
CCCTTAGTCGTCTCGC-1,OTI,1,1,0.3010299956639812
CCCTTATAGCGTTCCC-1,OTI,5,116,2.0681858617461617
CCCTTATAGCTCGTTT-1,OTI,1,11,1.0791812460476249
CCCTTCGCACAACGCC-1,C57BL6,1,15,1.2041199826559248
CCCTTCGCACCAGGCT-1,OTI,2,56,1.7558748556724915
CCCTTCGCACTCGGGT-1,OTI,1,12,1.1139433523068367
CCCTTCGCAGCAGGAT-1,OTI,3,69,1.845098040014257
CCCTTGCAGAAAGTGC-1,C57BL6,0,0,0.0
CCCTTGCAGAGGGGCT-1,OTI,0,0,0.0
CCCTTGCAGAGTTGGG-1,C57BL6,2,17,1.255272505103306
CCCTTGCAGATAGCGG-1,C57BL6,0,0,0.0
CCCTTGCAGCATGCCG-1,OTI,0,0,0.0
CCCTTGCAGGCAATTT-1,OTI,1,14,1.1760912590556813
CCCTTGCAGGGACATG-1,OTI,0,0,0.0
CCCTTGGGTAAGCCCA-1,OTI,4,52,1.724275869600789
CCCTTGGGTATCAATG-1,OTI,3,61,1.792391689498254
CCCTTGGGTGGATCGC-1,OTI,9,126,2.103803720955957
CCCTTGGGTGGCTTTC-1,OTI,3,147,2.1702617153949575
CCCTTGGGTGTTGCAG-1,OTI,3,84,1.9294189257142926
CCCTTTACAAATTAAG-1,C57BL6,3,25,1.414973347970818
CCCTTTACACCAGGGA-1,C57BL6,0,0,0.0
CCCTTTACACTATGGT-1,OTI,2,202,2.307496037913213
CCCTTTACACTTAGTA-1,OTI,4,198,2.298853076409707
CCCTTTACAGTCTCGA-1,OTI,0,0,0.0
CCCTTTGAGAAACGTA-1,OTI,1,71,1.8573324964312685
CCCTTTGAGATCGGAG-1,OTI,1,6,0.8450980400142568
CCCTTTGAGATCGTTG-1,C57BL6,1,2,0.47712125471966244
CCCTTTGAGATGCGGA-1,OTI,2,153,2.187520720836463
CCCTTTGAGCAGCTGT-1,OTI,2,216,2.3364597338485296
CCCTTTGAGCCTGATA-1,C57BL6,2,9,1.0
CCCTTTGAGGCTCAGT-1,C57BL6,0,0,0.0
CCGAAACTCAAATTGC-1,OTI,4,24,1.3979400086720377
CCGAAACTCAACACGC-1,C57BL6,5,17,1.255272505103306
CCGAAACTCAACGAAA-1,OTI,4,39,1.6020599913279623
CCGAAACTCACATACG-1,OTI,0,0,0.0
CCGAAACTCCACAAGC-1,OTI,3,42,1.6334684555795864
CCGAAACTCCCTTCCT-1,OTI,0,0,0.0
CCGAAACTCGGGCTAT-1,OTI,9,315,2.499687082618404
CCGAAACTCGTTCATC-1,C57BL6,1,16,1.2304489213782739
CCGAAATGTACAGCAT-1,C57BL6,0,0,0.0
CCGAAATGTAGTGTTA-1,OTI,2,6,0.8450980400142568
CCGAAATGTCGACTAG-1,OTI,1,9,1.0
CCGAAATGTCGCGTGG-1,OTI,5,593,2.7737864449811935
CCGAAATGTCTTGGTC-1,OTI,0,0,0.0
CCGAAATGTGCGATGC-1,OTI,5,87,1.9444826721501687
CCGAAATGTGGTATTA-1,OTI,4,28,1.462397997898956
CCGAAATGTGTAAAGG-1,OTI,4,69,1.845098040014257
CCGAATATCAAGTCGC-1,OTI,1,5,0.7781512503836436
CCGAATATCATAACAC-1,OTI,0,0,0.0
CCGAATATCCATGGCG-1,OTI,3,16,1.2304489213782739
CCGAATATCGCTTCGC-1,OTI,1,6,0.8450980400142568
CCGAATATCGCTTTAC-1,C57BL6,1,6,0.8450980400142568
CCGAATATCGTAGCAC-1,C57BL6,0,0,0.0
CCGAATGGTATAGTCA-1,C57BL6,1,5,0.7781512503836436
CCGAATGGTCAAAGCT-1,OTI,0,0,0.0
CCGAATTCAAACGGGT-1,C57BL6,1,13,1.146128035678238
CCGAATTCAAGAGGGA-1,C57BL6,0,0,0.0
CCGAATTCAATATTAC-1,C57BL6,9,24,1.3979400086720377
CCGAATTCACAGTCCA-1,C57BL6,0,0,0.0
CCGAATTCACGTCTAG-1,OTI,1,12,1.1139433523068367
CCGAATTCACTTCATT-1,C57BL6,1,5,0.7781512503836436
CCGAATTCAGCCTCTT-1,OTI,3,176,2.247973266361807
CCGAATTCAGCGGGTA-1,OTI,6,181,2.2600713879850747
CCGACAAGTAAGTGTC-1,OTI,4,108,2.037426497940624
CCGACAAGTATCCGTC-1,OTI,1,2,0.47712125471966244
CCGACAAGTCAATATG-1,OTI,4,483,2.6848453616444123
CCGACAAGTCATTCTG-1,OTI,5,367,2.5658478186735176
CCGACAAGTGCAATCG-1,OTI,3,24,1.3979400086720377
CCGACAAGTGCACAGC-1,OTI,7,331,2.5211380837040362
CCGACACCAAAAGTTA-1,OTI,0,0,0.0
CCGACACCAACTGCCA-1,OTI,0,0,0.0
CCGACACCAAGGGGAA-1,C57BL6,7,89,1.954242509439325
CCGACACCAATCACGT-1,C57BL6,0,0,0.0
CCGACACCACCCTGAA-1,C57BL6,0,0,0.0
CCGACATAGAAGTAGC-1,C57BL6,0,0,0.0
CCGACATAGACCCGCA-1,C57BL6,1,19,1.3010299956639813
CCGACATAGACCCGTG-1,OTI,1,9,1.0
CCGACATAGAGCCCAT-1,OTI,2,164,2.2174839442139063
CCGACATAGCATAACT-1,OTI,4,13,1.146128035678238
CCGACATAGGGAGGTC-1,OTI,7,80,1.9084850188786497
CCGACATAGGTGTATT-1,OTI,2,36,1.568201724066995
CCGACTACAAGCTTTA-1,C57BL6,0,0,0.0
CCGACTACAAGGACCG-1,OTI,4,138,2.143014800254095
CCGACTACACTATTCT-1,C57BL6,0,0,0.0
CCGACTACAGCCAAGG-1,OTI,2,356,2.552668216112193
CCGACTACAGCGCATC-1,OTI,9,300,2.4785664955938436
CCGACTACAGTACTTA-1,OTI,2,108,2.037426497940624
CCGACTCTCACCCAAA-1,C57BL6,0,0,0.0
CCGACTCTCAGCAATT-1,OTI,2,299,2.4771212547196626
CCGACTCTCAGTACGC-1,OTI,0,0,0.0
CCGACTCTCAGTTGGC-1,C57BL6,0,0,0.0
CCGACTCTCGCATCAA-1,C57BL6,0,0,0.0
CCGACTCTCGCGTCGA-1,OTI,4,135,2.1335389083702174
CCGACTCTCGGAAGCA-1,C57BL6,0,0,0.0
CCGACTCTCGGACGTT-1,OTI,4,40,1.6127838567197355
CCGATACAGAAACGGT-1,OTI,2,9,1.0
CCGATACAGGCTCACG-1,C57BL6,0,0,0.0
CCGATACAGGCTTGTA-1,OTI,3,367,2.5658478186735176
CCGATACAGGTTGCCG-1,OTI,0,0,0.0
CCGATAGGTAATGGTC-1,OTI,3,267,2.428134794028789
CCGATAGGTACTACTT-1,OTI,4,1195,3.077731179652392
CCGATAGGTAGCTGGC-1,C57BL6,1,3,0.6020599913279624
CCGATAGGTAGGCAGG-1,OTI,3,94,1.9777236052888478
CCGATAGGTCATAAGC-1,OTI,10,327,2.515873843711679
CCGATAGGTCGGATAT-1,OTI,4,361,2.558708570533166
CCGATAGGTGCCTGCC-1,OTI,1,2,0.47712125471966244
CCGATAGGTGCGCCTC-1,OTI,5,50,1.7075701760979363
CCGATAGGTGCGGAGA-1,C57BL6,0,0,0.0
CCGATTAAGATCCGAC-1,OTI,5,141,2.1522883443830563
CCGATTAAGCAGCCCA-1,C57BL6,1,1,0.3010299956639812
CCGATTAAGCTCATAG-1,OTI,1,21,1.3424226808222062
CCGATTAAGCTGTATG-1,OTI,2,18,1.2787536009528289
CCGCAATAGAGCGTGA-1,OTI,3,191,2.2833012287035497
CCGCAATAGAGGATTA-1,OTI,5,113,2.0569048513364727
CCGCAATAGCAAGGGC-1,OTI,4,62,1.7993405494535817
CCGCAATAGCGATTCA-1,OTI,5,62,1.7993405494535817
CCGCAATAGCTCGTAA-1,OTI,2,11,1.0791812460476249
CCGCACAAGAAAGTCA-1,C57BL6,1,5,0.7781512503836436
CCGCACAAGACATTCG-1,C57BL6,1,5,0.7781512503836436
CCGCACAAGACCTTTC-1,OTI,2,79,1.9030899869919435
CCGCACAAGATGAGGT-1,C57BL6,1,28,1.462397997898956
CCGCACAAGATGGGAT-1,OTI,2,38,1.591064607026499
CCGCACAAGCATGTCA-1,OTI,2,38,1.591064607026499
CCGCACAAGCGACAAG-1,OTI,1,1,0.3010299956639812
CCGCACAAGCGGCCTA-1,OTI,4,226,2.3560258571931225
CCGCACAAGCTAAGCC-1,C57BL6,0,0,0.0
CCGCACAAGGCTCAGT-1,OTI,3,104,2.0211892990699383
CCGCACAAGGTCTATG-1,OTI,3,4,0.6989700043360189
CCGCACTTCAGAAGTA-1,C57BL6,0,0,0.0
CCGCACTTCCCACAGG-1,OTI,3,19,1.3010299956639813
CCGCACTTCCCTTTGG-1,OTI,2,11,1.0791812460476249
CCGCACTTCCGTCTAT-1,OTI,2,308,2.4899584794248346
CCGCACTTCGTTAGCA-1,OTI,1,201,2.305351369446624
CCGCAGTCAACACAAG-1,OTI,5,499,2.6989700043360187
CCGCAGTCACCGAATT-1,OTI,0,0,0.0
CCGCATACAAACACCT-1,OTI,0,0,0.0
CCGCATACAACCCGTA-1,OTI,10,385,2.586587304671755
CCGCATACAATCCGCA-1,OTI,6,281,2.450249108319361
CCGCATACACCCATAG-1,OTI,6,51,1.7160033436347992
CCGCATACACTAAGCT-1,OTI,2,416,2.6201360549737576
CCGCATACAGCCTTTC-1,OTI,0,0,0.0
CCGCATCTCAAAGCAA-1,OTI,5,51,1.7160033436347992
CCGCATCTCAAGTCGC-1,C57BL6,0,0,0.0
CCGCATCTCCCGGGTA-1,OTI,0,0,0.0
CCGCATCTCCGACGCA-1,C57BL6,0,0,0.0
CCGCATCTCGTTAAGT-1,OTI,8,72,1.863322860120456
CCGCATTGTGCACAGC-1,OTI,1,110,2.0453229787866576
CCGCATTGTGGCTAAT-1,OTI,7,369,2.568201724066995
CCGCCAAAGATCACAT-1,OTI,4,41,1.6232492903979006
CCGCCAAAGCACAATT-1,OTI,7,89,1.954242509439325
CCGCCAAAGCGCATCG-1,OTI,5,61,1.792391689498254
CCGCCAAAGCGTTACA-1,C57BL6,0,0,0.0
CCGCCAAAGGGGTAGC-1,OTI,3,36,1.568201724066995
CCGCCATTCACATGTG-1,C57BL6,1,36,1.568201724066995
CCGCCATTCAGTACTG-1,C57BL6,0,0,0.0
CCGCCATTCCAGCTAA-1,OTI,10,210,2.3242824552976926
CCGCCATTCCCAGCCT-1,C57BL6,0,0,0.0
CCGCCATTCCCTGACC-1,OTI,6,184,2.2671717284030137
CCGCCATTCCTGTCGC-1,C57BL6,1,13,1.146128035678238
CCGCCATTCGTACGTA-1,C57BL6,1,1,0.3010299956639812
CCGCCGTGTCAATTTC-1,OTI,10,356,2.552668216112193
CCGCCGTGTCCAGTAG-1,C57BL6,0,0,0.0
CCGCCGTGTCCTTCGG-1,OTI,1,5,0.7781512503836436
CCGCCGTGTCGACTCT-1,OTI,0,0,0.0
CCGCCGTGTGTCTATT-1,C57BL6,2,140,2.1492191126553797
CCGCCTAGTACAGGTT-1,OTI,1,70,1.8512583487190752
CCGCCTAGTAGAGAAT-1,C57BL6,2,8,0.9542425094393249
CCGCCTAGTATCTGTT-1,OTI,0,0,0.0
CCGCCTAGTCCGAATG-1,OTI,1,2,0.47712125471966244
CCGCCTAGTCGATAGT-1,C57BL6,0,0,0.0
CCGCCTAGTGCGCTGG-1,OTI,6,588,2.7701152947871015
CCGCCTAGTGTCCCGC-1,C57BL6,0,0,0.0
CCGCGTAAGAGGCGGT-1,OTI,1,45,1.662757831681574
CCGCGTAAGCGATTCA-1,OTI,3,296,2.4727564493172123
CCGCGTTTCACTTGTC-1,C57BL6,1,2,0.47712125471966244
CCGCGTTTCCGGAATC-1,OTI,3,165,2.220108088040055
CCGCGTTTCGCGGCTA-1,OTI,1,1,0.3010299956639812
CCGCGTTTCGTGTTGA-1,OTI,3,55,1.7481880270062005
CCGCTAACAAAGCTCT-1,C57BL6,4,4,0.6989700043360189
CCGCTAACAACGAACA-1,C57BL6,0,0,0.0
CCGCTAACAAGTAACG-1,OTI,3,81,1.9138138523837167
CCGCTAACAATTAATC-1,C57BL6,0,0,0.0
CCGCTAACACACAGAA-1,OTI,1,17,1.255272505103306
CCGCTAACACATTCCC-1,C57BL6,1,1,0.3010299956639812
CCGCTAACACTAAGTC-1,OTI,4,65,1.8195439355418688
CCGCTAACACTACGCA-1,C57BL6,2,4,0.6989700043360189
CCGCTAACACTATGGT-1,OTI,5,28,1.462397997898956
CCGCTAACAGCTAGGG-1,C57BL6,0,0,0.0
CCGCTAACAGGTATCT-1,OTI,0,0,0.0
CCGCTAACAGTGACCC-1,OTI,4,25,1.414973347970818
CCGCTAGAGAGGCACA-1,OTI,4,93,1.9731278535996986
CCGCTAGAGCGCATTA-1,OTI,0,0,0.0
CCGCTAGAGGCGCTCA-1,C57BL6,0,0,0.0
CCGCTAGAGGTCACGT-1,C57BL6,0,0,0.0
CCGCTATGTATCTGTT-1,C57BL6,0,0,0.0
CCGCTATGTCAAGTTA-1,OTI,2,49,1.6989700043360187
CCGCTATGTCCAGGTA-1,OTI,5,64,1.8129133566428555
CCGCTATGTCGAGCGT-1,C57BL6,0,0,0.0
CCGCTATGTGGGGTAG-1,OTI,0,0,0.0
CCGCTGAAGACGTCCG-1,C57BL6,0,0,0.0
CCGCTGAAGATTGGTT-1,OTI,5,107,2.03342375548695
CCGCTGAAGCACAGCT-1,OTI,2,45,1.662757831681574
CCGCTGAAGCACCTCC-1,OTI,3,137,2.1398790864012365
CCGCTGAAGCAGGGAC-1,OTI,0,0,0.0
CCGCTGAAGCGTCTCC-1,C57BL6,1,9,1.0
CCGCTGAAGCTATTGG-1,OTI,4,400,2.603144372620182
CCGCTGAAGGTATATC-1,OTI,2,324,2.5118833609788744
CCGCTGTTCACAGCGT-1,C57BL6,0,0,0.0
CCGCTGTTCACTGTCT-1,OTI,1,49,1.6989700043360187
CCGCTGTTCAGTGCTA-1,C57BL6,0,0,0.0
CCGCTGTTCATGTAAC-1,OTI,0,0,0.0
CCGCTGTTCCTAAAGT-1,OTI,0,0,0.0
CCGCTGTTCGCTATCT-1,OTI,1,43,1.6434526764861874
CCGCTGTTCGGCCCTT-1,C57BL6,0,0,0.0
CCGCTGTTCGGGCTAT-1,OTI,1,10,1.0413926851582251
CCGCTGTTCGTTATAA-1,OTI,2,37,1.5797835966168101
CCGCTTATCACTCGCC-1,OTI,5,415,2.6190933306267428
CCGCTTATCCAATTAA-1,OTI,8,261,2.4183012913197452
CCGCTTATCCCTAGTT-1,C57BL6,0,0,0.0
CCGCTTGGTAGGATAG-1,OTI,1,171,2.2355284469075487
CCGCTTGGTATGAAGG-1,OTI,2,16,1.2304489213782739
CCGCTTGGTCAGGTGC-1,OTI,4,413,2.617000341120899
CCGCTTGGTGCTATGG-1,C57BL6,0,0,0.0
CCGCTTGGTGGATCGC-1,OTI,5,122,2.089905111439398
CCGCTTGGTGGCACGT-1,OTI,2,11,1.0791812460476249
CCGCTTGGTGGTACTG-1,OTI,5,212,2.3283796034387376
CCGCTTGGTGTGCCGG-1,C57BL6,1,1,0.3010299956639812
CCGGAAGCAAAGCCGG-1,C57BL6,0,0,0.0
CCGGAAGCAATAGTAA-1,OTI,3,50,1.7075701760979363
CCGGAAGCAGCTAAAG-1,OTI,8,101,2.0086001717619175
CCGGAAGCAGGGCTAG-1,C57BL6,0,0,0.0
CCGGACTCAAGCAGTA-1,C57BL6,1,6,0.8450980400142568
CCGGACTCAATAGGCA-1,OTI,2,49,1.6989700043360187
CCGGACTCAGTGAGGT-1,C57BL6,0,0,0.0
CCGGATTAGCAAACCC-1,OTI,3,148,2.173186268412274
CCGGATTAGCAATCCA-1,OTI,1,81,1.9138138523837167
CCGGATTAGCCACTAA-1,OTI,1,35,1.5563025007672873
CCGGCAATCCAGTATG-1,OTI,3,106,2.0293837776852097
CCGGCAATCCGCTTGC-1,OTI,3,515,2.7126497016272113
CCGGCAATCCTCCGGT-1,OTI,5,98,1.99563519459755
CCGGCCTGTAGGTATC-1,C57BL6,0,0,0.0
CCGGCCTGTCAAGTTA-1,OTI,2,250,2.399673721481038
CCGGCCTGTCCATATT-1,OTI,9,525,2.7209857441537393
CCGGCCTGTCCGTAAG-1,OTI,3,33,1.5314789170422551
CCGGCCTGTCGCCATT-1,OTI,4,254,2.406540180433955
CCGGCCTGTCTGCAAG-1,OTI,2,14,1.1760912590556813
CCGGCCTGTGCTTCTA-1,OTI,1,12,1.1139433523068367
CCGGCCTGTGTCCATC-1,OTI,7,162,2.2121876044039577
CCGGCTTTCAAACCTG-1,C57BL6,0,0,0.0
CCGGCTTTCAAATCCG-1,OTI,4,180,2.2576785748691846
CCGGCTTTCAAGCAAA-1,C57BL6,0,0,0.0
CCGGCTTTCACACAAT-1,OTI,2,26,1.4313637641589874
CCGGCTTTCACGCTCC-1,OTI,2,61,1.792391689498254
CCGGCTTTCACTCTCG-1,OTI,0,0,0.0
CCGGCTTTCCTCCGAC-1,C57BL6,1,8,0.9542425094393249
CCGGGTATCCCTATGT-1,OTI,1,8,0.9542425094393249
CCGGGTATCCGGGTCA-1,OTI,0,0,0.0
CCGGGTATCGGACCTG-1,OTI,4,228,2.359835482339888
CCGGGTATCGGGCATT-1,OTI,2,170,2.2329961103921536
CCGGGTATCGTGTCAA-1,OTI,1,1,0.3010299956639812
CCGGTAAGTACGGATT-1,C57BL6,0,0,0.0
CCGGTAAGTACTACCC-1,C57BL6,1,19,1.3010299956639813
CCGGTAAGTCCGGTAA-1,OTI,1,28,1.462397997898956
CCGGTAAGTCCTTGTA-1,C57BL6,3,7,0.9030899869919435
CCGGTAAGTGTACCCT-1,OTI,1,7,0.9030899869919435
CCGGTATAGAAACTAG-1,C57BL6,0,0,0.0
CCGGTATAGACATTCG-1,OTI,2,25,1.414973347970818
CCGGTATAGACGACGA-1,OTI,1,183,2.2648178230095364
CCGGTATAGACGGGGT-1,OTI,4,259,2.4149733479708178
CCGGTATAGAGGAGTT-1,OTI,0,0,0.0
CCGGTATAGATGGGAT-1,C57BL6,0,0,0.0
CCGGTATAGCATGCCG-1,C57BL6,1,10,1.0413926851582251
CCGGTATAGCCTTAGA-1,OTI,3,607,2.783903579272735
CCGGTATAGCGCACAT-1,C57BL6,2,11,1.0791812460476249
CCGGTATAGCTGACCG-1,OTI,2,44,1.6532125137753437
CCGGTATAGCTGCAGT-1,C57BL6,2,12,1.1139433523068367
CCGGTATAGCTTCTAC-1,OTI,4,718,2.8567288903828825
CCGGTTACAAAGCATG-1,C57BL6,1,8,0.9542425094393249
CCGGTTACAAGGTAAT-1,C57BL6,7,16,1.2304489213782739
CCGGTTACAATAGCGA-1,OTI,0,0,0.0
CCGGTTACACATTCCC-1,OTI,2,2,0.47712125471966244
CCGGTTACACGTAATC-1,C57BL6,0,0,0.0
CCGGTTACACGTAGGG-1,C57BL6,0,0,0.0
CCGGTTACAGGGTTAA-1,OTI,4,94,1.9777236052888478
CCGGTTACAGTTAATT-1,OTI,6,89,1.954242509439325
CCGGTTCTCAACCCAA-1,OTI,0,0,0.0
CCGGTTCTCCCATCGC-1,C57BL6,0,0,0.0
CCGTAAATCATGGCGT-1,OTI,4,41,1.6232492903979006
CCGTAAATCCTAGGGT-1,C57BL6,0,0,0.0
CCGTAACAGAAGTAGC-1,OTI,0,0,0.0
CCGTAACAGACGGAGC-1,OTI,5,80,1.9084850188786497
CCGTAACAGACGTGTC-1,OTI,5,63,1.806179973983887
CCGTAACAGAGACGAT-1,C57BL6,1,67,1.8325089127062364
CCGTAACAGATACCAT-1,OTI,6,6,0.8450980400142568
CCGTAACAGGGCGGAT-1,OTI,4,36,1.568201724066995
CCGTAACAGGGGTGTA-1,OTI,1,4,0.6989700043360189
CCGTAAGGTAACCGTG-1,C57BL6,0,0,0.0
CCGTAAGGTATCGTGG-1,OTI,7,172,2.2380461031287955
CCGTAAGGTCCATTTG-1,OTI,0,0,0.0
CCGTAAGGTCGTTAAA-1,OTI,6,756,2.8790958795000727
CCGTAAGGTCTATGGG-1,C57BL6,0,0,0.0
CCGTAAGGTCTGCATC-1,C57BL6,2,12,1.1139433523068367
CCGTAATCAACTTACA-1,OTI,3,16,1.2304489213782739
CCGTAATCACCAGTGC-1,OTI,3,510,2.708420900134713
CCGTAATCACGACGGA-1,OTI,0,0,0.0
CCGTAATCACGGTGTC-1,OTI,3,25,1.414973347970818
CCGTACACAATTGTAT-1,OTI,4,43,1.6434526764861874
CCGTACACACAACGCC-1,OTI,5,64,1.8129133566428555
CCGTACACACATCTCC-1,C57BL6,0,0,0.0
CCGTACACACCTAACG-1,OTI,1,6,0.8450980400142568
CCGTACACAGCAGGAT-1,C57BL6,0,0,0.0
CCGTAGTAGATTGCAT-1,OTI,10,396,2.598790506763115
CCGTAGTAGGTCTCCC-1,OTI,5,121,2.0863598306747484
CCGTATAAGATCAGGG-1,OTI,2,33,1.5314789170422551
CCGTATAAGCATCGAC-1,OTI,0,0,0.0
CCGTATAAGCGAAGCA-1,OTI,6,185,2.2695129442179165
CCGTATAAGCTAGCGT-1,OTI,2,8,0.9542425094393249
CCGTATAAGCTCACCC-1,OTI,1,250,2.399673721481038
CCGTATAAGGGAGATT-1,C57BL6,0,0,0.0
CCGTATAAGGGGATCA-1,OTI,0,0,0.0
CCGTATAAGGTTATCG-1,C57BL6,0,0,0.0
CCGTCAACAAGGCACG-1,C57BL6,3,96,1.9867717342662448
CCGTCAACACGAGTAA-1,OTI,3,417,2.621176281775035
CCGTCAACACTCCACT-1,C57BL6,0,0,0.0
CCGTCAACAGCCTTAG-1,OTI,3,68,1.8388490907372552
CCGTCAACAGGCGGTA-1,OTI,4,130,2.1172712956557644
CCGTCAACAGTATTAT-1,C57BL6,1,3,0.6020599913279624
CCGTCAACAGTGCGAG-1,OTI,0,0,0.0
CCGTCAACAGTTCACG-1,C57BL6,0,0,0.0
CCGTCAGAGAGGAGTT-1,OTI,0,0,0.0
CCGTCAGAGATTAAGG-1,OTI,1,1,0.3010299956639812
CCGTCAGAGCTACTGA-1,C57BL6,0,0,0.0
CCGTCCAGTACGGGTC-1,OTI,4,120,2.0827853703164503
CCGTCCAGTACTTGGG-1,OTI,3,30,1.4913616938342726
CCGTCCAGTAGTCGCA-1,OTI,5,97,1.9912260756924949
CCGTCCAGTAGTGAGA-1,OTI,4,442,2.6464037262230695
CCGTCCAGTCTCCTGG-1,OTI,3,534,2.7283537820212285
CCGTCCAGTCTGACTC-1,C57BL6,1,1,0.3010299956639812
CCGTCCAGTGCCTGGG-1,OTI,4,96,1.9867717342662448
CCGTCCAGTGGGAGAT-1,C57BL6,1,9,1.0
CCGTCCAGTGGTAGTT-1,OTI,4,56,1.7558748556724915
CCGTCCAGTGTTCTAT-1,OTI,6,362,2.5599066250361124
CCGTCGAAGCTCAGTA-1,C57BL6,2,14,1.1760912590556813
CCGTCGAAGCTGCAGT-1,OTI,8,670,2.826722520168992
CCGTCGCGTAAGTGCT-1,OTI,6,150,2.1789769472931693
CCGTCGCGTACCCGTT-1,C57BL6,4,8,0.9542425094393249
CCGTCGCGTGGAATTC-1,C57BL6,0,0,0.0
CCGTCGCGTGGGGATG-1,OTI,1,20,1.3222192947339193
CCGTCGCGTGGTGCGT-1,C57BL6,1,4,0.6989700043360189
CCGTCGCGTGTAACGT-1,C57BL6,0,0,0.0
CCGTCGCGTGTCCCCA-1,OTI,7,113,2.0569048513364727
CCGTCGCGTGTGCCCC-1,C57BL6,1,5,0.7781512503836436
CCGTCTATCAAAGCAA-1,OTI,2,17,1.255272505103306
CCGTCTATCAGACATT-1,C57BL6,0,0,0.0
CCGTCTATCCCAAATG-1,OTI,7,303,2.482873583608754
CCGTCTATCCTAACTC-1,OTI,5,176,2.247973266361807
CCGTCTATCGTTAAGT-1,OTI,3,137,2.1398790864012365
CCGTCTATCGTTCTAC-1,OTI,2,15,1.2041199826559248
CCGTCTGGTAAGGTAG-1,OTI,1,1,0.3010299956639812
CCGTCTGGTCAGGTTG-1,C57BL6,0,0,0.0
CCGTCTGGTCGGAATT-1,OTI,2,71,1.8573324964312685
CCGTCTGGTCTTCTCT-1,OTI,3,43,1.6434526764861874
CCGTCTGGTGCGTAGC-1,C57BL6,1,8,0.9542425094393249
CCGTCTGGTGGACGCT-1,C57BL6,2,22,1.3617278360175928
CCGTCTGGTGGCAAGG-1,OTI,6,107,2.03342375548695
CCGTCTGGTGGCGTGT-1,C57BL6,2,31,1.505149978319906
CCGTCTGGTGTCTATT-1,C57BL6,0,0,0.0
CCGTGATAGAGTACGG-1,C57BL6,0,0,0.0
CCGTGATAGCAAGGCA-1,OTI,6,103,2.0170333392987803
CCGTGTCTCACGGTGT-1,OTI,5,46,1.6720978579357175
CCGTGTCTCACTGTTC-1,C57BL6,1,2,0.47712125471966244
CCGTGTCTCATGCAAT-1,OTI,4,426,2.630427875025024
CCGTGTCTCCAAGACC-1,OTI,1,2,0.47712125471966244
CCGTGTCTCCTCAGGG-1,OTI,7,96,1.9867717342662448
CCGTGTCTCGCTATCT-1,OTI,6,464,2.667452952889954
CCGTGTTGTAATGTGC-1,OTI,3,106,2.0293837776852097
CCGTGTTGTACAAGTC-1,C57BL6,0,0,0.0
CCGTGTTGTACGGTGC-1,OTI,4,94,1.9777236052888478
CCGTGTTGTAGTCTGG-1,OTI,2,14,1.1760912590556813
CCGTGTTGTATTGCCC-1,OTI,3,93,1.9731278535996986
CCGTGTTGTCTCGAAG-1,OTI,1,6,0.8450980400142568
CCGTGTTGTGCCATAG-1,C57BL6,0,0,0.0
CCGTTAAAGCAATTAC-1,C57BL6,0,0,0.0
CCGTTAAAGCTCTGAA-1,OTI,3,21,1.3424226808222062
CCGTTAAAGGCGTGAA-1,OTI,3,147,2.1702617153949575
CCGTTAAAGGTAATGA-1,C57BL6,0,0,0.0
CCGTTAGCAAACCACT-1,C57BL6,0,0,0.0
CCGTTAGCAAAGTCTC-1,C57BL6,0,0,0.0
CCGTTAGCACCAGGGA-1,OTI,2,38,1.591064607026499
CCGTTAGCACTCGACA-1,OTI,1,1,0.3010299956639812
CCGTTAGCACTCGGGT-1,C57BL6,0,0,0.0
CCGTTAGCAGCCTTTC-1,OTI,5,37,1.5797835966168101
CCGTTGGAGCATTCAG-1,OTI,1,75,1.8808135922807914
CCGTTGGAGGCAATTT-1,OTI,5,155,2.1931245983544616
CCGTTGGAGGCACCCA-1,OTI,3,240,2.3820170425748683
CCGTTGGAGGTCGCAT-1,C57BL6,0,0,0.0
CCGTTGTGTCCTCTCC-1,OTI,2,242,2.385606273598312
CCGTTGTGTCTATCGC-1,OTI,3,62,1.7993405494535817
CCGTTGTGTGCTTCCG-1,C57BL6,1,9,1.0
CCGTTTAGTATGCGCA-1,C57BL6,0,0,0.0
CCGTTTAGTCTACGCT-1,OTI,2,9,1.0
CCGTTTAGTGGCCTGG-1,OTI,5,152,2.184691430817599
CCGTTTAGTGGTTCAG-1,OTI,3,72,1.863322860120456
CCGTTTAGTGTCCATC-1,C57BL6,0,0,0.0
CCGTTTCCAAAATGGT-1,OTI,4,80,1.9084850188786497
CCGTTTCCAACCCATG-1,OTI,2,13,1.146128035678238
CCGTTTCCAATCATTG-1,OTI,2,84,1.9294189257142926
CCGTTTCCACCCTTCG-1,OTI,0,0,0.0
CCGTTTCCACCTATAA-1,C57BL6,0,0,0.0
CCGTTTCCACGCGTAC-1,C57BL6,0,0,0.0
CCGTTTCCAGGTTGCC-1,OTI,2,10,1.0413926851582251
CCGTTTCCAGTTAAGG-1,C57BL6,1,1,0.3010299956639812
CCTAAACCAAAGTAAC-1,C57BL6,1,6,0.8450980400142568
CCTAAAGTCATGGTGC-1,OTI,0,0,0.0
CCTAAAGTCCAATGCA-1,OTI,5,281,2.450249108319361
CCTAAAGTCCAGTCAA-1,C57BL6,0,0,0.0
CCTAAAGTCCCCAATT-1,OTI,0,0,0.0
CCTAAAGTCCTTGTAC-1,C57BL6,3,22,1.3617278360175928
CCTAAAGTCGGTGCAT-1,OTI,2,21,1.3424226808222062
CCTAAAGTCGGTGTCG-1,OTI,5,45,1.662757831681574
CCTAAAGTCGGTTGGT-1,OTI,4,341,2.534026106056135
CCTAAAGTCGTCCATT-1,OTI,6,41,1.6232492903979006
CCTAACGCACCAGACC-1,C57BL6,1,3,0.6020599913279624
CCTAACGCACTGGGGA-1,OTI,5,201,2.305351369446624
CCTAACTTCAAGCTCA-1,C57BL6,1,1,0.3010299956639812
CCTAACTTCAAGTTCG-1,C57BL6,0,0,0.0
CCTAACTTCAGACGCT-1,OTI,0,0,0.0
CCTAACTTCAGGAATA-1,OTI,1,52,1.724275869600789
CCTAACTTCCTATACC-1,OTI,3,57,1.7634279935629373
CCTAACTTCCTCTGAT-1,OTI,3,18,1.2787536009528289
CCTAACTTCGCCCCAT-1,OTI,2,11,1.0791812460476249
CCTAACTTCGCGTAAC-1,C57BL6,0,0,0.0
CCTAAGCAGAATGGGT-1,OTI,2,23,1.380211241711606
CCTAAGCAGCCTGGTG-1,OTI,4,44,1.6532125137753437
CCTAAGCAGCGCCAAT-1,OTI,2,12,1.1139433523068367
CCTAAGCAGCTATGGC-1,C57BL6,0,0,0.0
CCTAAGCAGGCCCGTA-1,OTI,7,490,2.6910814921229687
CCTAAGCAGGCGTCCA-1,OTI,1,51,1.7160033436347992
CCTAAGCAGGTTGCCG-1,OTI,3,132,2.123851640967086
CCTAATACAAACATGG-1,OTI,2,152,2.184691430817599
CCTAATACAACCTAAC-1,OTI,3,39,1.6020599913279623
CCTAATACAACTCACG-1,OTI,4,49,1.6989700043360187
CCTAATACAATACCCG-1,OTI,4,152,2.184691430817599
CCTAATACACAAGGCG-1,OTI,0,0,0.0
CCTAATCTCCCGCGTT-1,OTI,2,12,1.1139433523068367
CCTAATCTCGCACGTG-1,C57BL6,0,0,0.0
CCTAATCTCGCTGTGG-1,C57BL6,1,3,0.6020599913279624
CCTAATCTCGTACGTA-1,OTI,0,0,0.0
CCTAATGAGAGCGAAT-1,OTI,3,38,1.591064607026499
CCTAATGAGAGGTGAT-1,OTI,0,0,0.0
CCTAATGAGAGTGATA-1,OTI,3,487,2.6884198220027105
CCTAATGAGCCATATG-1,OTI,4,160,2.2068258760318495
CCTAATGAGCCCTGGA-1,OTI,1,53,1.7323937598229686
CCTAATGAGCGGGTTT-1,C57BL6,0,0,0.0
CCTAATGAGGTTGTGC-1,C57BL6,0,0,0.0
CCTAATTGTACTTGGG-1,OTI,3,94,1.9777236052888478
CCTAATTGTAGTCCAG-1,OTI,0,0,0.0
CCTAATTGTATTGCTT-1,OTI,1,8,0.9542425094393249
CCTAATTGTGCTACCT-1,OTI,5,146,2.167317334748176
CCTAATTGTGGACTGC-1,OTI,4,60,1.7853298350107671
CCTAATTGTGGCGATC-1,OTI,0,0,0.0
CCTACATTCACGCGCA-1,OTI,5,301,2.4800069429571505
CCTACATTCACTGACA-1,OTI,0,0,0.0
CCTACATTCCAACACA-1,OTI,6,39,1.6020599913279623
CCTACATTCCCGCTTA-1,OTI,9,243,2.387389826338729
CCTACATTCCTCCTTC-1,C57BL6,0,0,0.0
CCTACATTCGGGTATC-1,C57BL6,0,0,0.0
CCTACATTCGTGCAAC-1,C57BL6,2,8,0.9542425094393249
CCTACCATCACGTCAA-1,OTI,3,54,1.7403626894942439
CCTACCATCATCGGGT-1,OTI,1,3,0.6020599913279624
CCTACCATCCATAAGT-1,OTI,1,7,0.9030899869919435
CCTACCATCCCACTAT-1,OTI,6,96,1.9867717342662448
CCTACCATCCGAGCAT-1,OTI,0,0,0.0
CCTACCATCCTTCAAC-1,OTI,0,0,0.0
CCTACCATCGCTCCGT-1,OTI,1,98,1.99563519459755
CCTACCATCGGGCTTG-1,OTI,3,240,2.3820170425748683
CCTACCTCAAAGTGCA-1,OTI,5,441,2.645422269349092
CCTACCTCAAATTAAG-1,OTI,2,21,1.3424226808222062
CCTACCTCAAATTTCG-1,OTI,3,41,1.6232492903979006
CCTACCTCAACAATTT-1,C57BL6,2,60,1.7853298350107671
CCTACCTCAAGTGGGT-1,C57BL6,0,0,0.0
CCTACCTCAATGGGCG-1,OTI,6,559,2.7481880270062002
CCTACCTCACGGTATT-1,OTI,3,42,1.6334684555795864
CCTACCTCACTAGCAT-1,C57BL6,1,4,0.6989700043360189
CCTACCTCACTGCGTA-1,OTI,2,375,2.575187844927661
CCTACCTCAGCCTTTC-1,C57BL6,0,0,0.0
CCTACGACAAACCGAA-1,OTI,2,7,0.9030899869919435
CCTACGACAAGACGAC-1,OTI,2,27,1.4471580313422192
CCTACGACACCAGCTA-1,OTI,1,266,2.4265112613645754
CCTACGACACCCATAG-1,OTI,0,0,0.0
CCTACGACACTAATAT-1,C57BL6,0,0,0.0
CCTACGCTCATGGTTG-1,OTI,6,106,2.0293837776852097
CCTACGCTCGCCACTC-1,OTI,3,7,0.9030899869919435
CCTACGGAGCGAAGTG-1,OTI,5,1165,3.0666985504229953
CCTACGGAGCGAGTAG-1,OTI,5,179,2.255272505103306
CCTACGGAGCTCTCAT-1,OTI,1,3,0.6020599913279624
CCTACGGAGGGAGAGG-1,OTI,1,1,0.3010299956639812
CCTACGGAGGGTTCCG-1,OTI,6,529,2.724275869600789
CCTACGGAGGTGTATT-1,OTI,4,140,2.1492191126553797
CCTACGTGTAAAGTGG-1,OTI,1,25,1.414973347970818
CCTACGTGTAAGTCCG-1,OTI,0,0,0.0
CCTACGTGTGCGAGAG-1,OTI,1,3,0.6020599913279624
CCTACTCCAAACGGCG-1,OTI,2,103,2.0170333392987803
CCTACTCCAAAGGCAC-1,C57BL6,1,34,1.5440680443502757
CCTACTCCAAAGTAAC-1,OTI,5,372,2.571708831808688
CCTACTCCAACATAGG-1,C57BL6,0,0,0.0
CCTACTCCAATGAAAC-1,OTI,4,68,1.8388490907372552
CCTACTCCACCTTGAG-1,C57BL6,0,0,0.0
CCTACTCCAGCCCTAA-1,C57BL6,0,0,0.0
CCTACTCCAGGACGCA-1,OTI,6,92,1.968482948553935
CCTACTCCAGTGCGTC-1,OTI,3,24,1.3979400086720377
CCTAGACAGAAATGGC-1,C57BL6,0,0,0.0
CCTAGACAGCAAGCTC-1,OTI,0,0,0.0
CCTAGACAGCCCTTGC-1,OTI,2,450,2.6541765418779604
CCTAGACAGCTCGTTT-1,OTI,1,41,1.6232492903979006
CCTAGACAGGTTAGGG-1,OTI,0,0,0.0
CCTAGACAGGTTGGTC-1,OTI,0,0,0.0
CCTAGAGGTAGGAGTA-1,OTI,1,11,1.0791812460476249
CCTAGAGGTAGGTAAG-1,C57BL6,0,0,0.0
CCTAGAGGTCAGGCCG-1,C57BL6,0,0,0.0
CCTAGAGGTCGCCGTC-1,OTI,12,183,2.2648178230095364
CCTAGAGGTGGAGTAA-1,OTI,3,69,1.845098040014257
CCTAGAGGTGGCTCCC-1,C57BL6,0,0,0.0
CCTAGAGGTGTCCGGG-1,OTI,3,24,1.3979400086720377
CCTAGATCAACAAGAT-1,OTI,3,15,1.2041199826559248
CCTAGATCAACAGAAT-1,C57BL6,0,0,0.0
CCTAGATCAACGAGAC-1,OTI,2,74,1.8750612633917
CCTAGATCAAGGCCGA-1,C57BL6,0,0,0.0
CCTAGATCAATGAAAC-1,OTI,3,26,1.4313637641589874
CCTAGATCACCACTAG-1,OTI,2,117,2.0718820073061255
CCTAGATCACGTCAAT-1,C57BL6,0,0,0.0
CCTAGATCACTAAGGA-1,OTI,1,6,0.8450980400142568
CCTAGATCAGGACTAA-1,OTI,2,12,1.1139433523068367
CCTAGATCAGTAACCT-1,C57BL6,1,21,1.3424226808222062
CCTAGATCAGTCTGCA-1,OTI,2,108,2.037426497940624
CCTAGCACAAACACTC-1,OTI,2,19,1.3010299956639813
CCTAGCACAAACTCAC-1,OTI,2,93,1.9731278535996986
CCTAGCACAAGTGTTC-1,OTI,0,0,0.0
CCTAGCACACCACAGC-1,OTI,1,24,1.3979400086720377
CCTAGCACACCTAAAC-1,OTI,4,88,1.9493900066449128
CCTAGCACACCTACCT-1,OTI,1,65,1.8195439355418688
CCTAGCACACTATACA-1,OTI,4,139,2.146128035678238
CCTAGCACACTCCTTA-1,OTI,3,176,2.247973266361807
CCTAGCACAGGTATTC-1,OTI,0,0,0.0
CCTAGCGAGAGTCAGG-1,C57BL6,0,0,0.0
CCTAGCGAGCATGCGT-1,OTI,2,302,2.481442628502305
CCTAGCGAGCGCCTGA-1,OTI,4,42,1.6334684555795864
CCTAGCGAGCGCTGAT-1,C57BL6,0,0,0.0
CCTAGCGAGCTCGTTT-1,OTI,0,0,0.0
CCTAGCGAGGCACCCA-1,C57BL6,1,5,0.7781512503836436
CCTAGCGAGGGCCATT-1,OTI,3,380,2.5809249756756194
CCTAGCTGTAGAGGCG-1,OTI,5,203,2.3096301674258988
CCTAGCTGTGCCATTC-1,C57BL6,0,0,0.0
CCTAGCTGTGGGGCTT-1,OTI,3,80,1.9084850188786497
CCTAGCTGTGGGGTTC-1,OTI,10,74,1.8750612633917
CCTAGCTGTGTCGGGT-1,OTI,1,36,1.568201724066995
CCTAGCTGTGTCTAGG-1,OTI,3,301,2.4800069429571505
CCTAGGCCAACGTCGC-1,OTI,0,0,0.0
CCTAGGCCAACTAACC-1,C57BL6,0,0,0.0
CCTAGGCCAATTCGTA-1,OTI,12,391,2.593286067020457
CCTAGGCCACATACCG-1,OTI,0,0,0.0
CCTAGGCCACTAAACC-1,C57BL6,1,6,0.8450980400142568
CCTAGGCCACTCACCT-1,OTI,2,278,2.4456042032735974
CCTAGGCCAGCTTAGT-1,C57BL6,8,10,1.0413926851582251
CCTAGGCCAGTTAGCT-1,OTI,5,36,1.568201724066995
CCTAGGGTCACCTACT-1,OTI,4,23,1.380211241711606
CCTAGGGTCATGGTCA-1,OTI,0,0,0.0
CCTAGGGTCATTAACA-1,OTI,4,155,2.1931245983544616
CCTAGGGTCCATTGCT-1,OTI,2,316,2.5010592622177517
CCTAGGGTCGCATGGT-1,OTI,3,37,1.5797835966168101
CCTAGGGTCGTAAGCC-1,OTI,4,86,1.9395192526186185
CCTAGTAAGCAGGCTT-1,OTI,3,283,2.4533183400470375
CCTAGTAAGCGAAGTG-1,OTI,6,308,2.4899584794248346
CCTAGTAAGCTACTTC-1,OTI,3,122,2.089905111439398
CCTAGTAAGGCAAAGT-1,OTI,2,36,1.568201724066995
CCTAGTAAGGGGTTTC-1,C57BL6,0,0,0.0
CCTAGTAAGGTCCTTT-1,OTI,6,226,2.3560258571931225
CCTAGTCGTAAACGCT-1,C57BL6,0,0,0.0
CCTAGTCGTAATCTCT-1,OTI,1,2,0.47712125471966244
CCTAGTCGTACTCGCT-1,OTI,1,49,1.6989700043360187
CCTAGTCGTACTGGGC-1,C57BL6,0,0,0.0
CCTAGTCGTAGTGTAC-1,OTI,6,355,2.5514499979728753
CCTAGTCGTATCCGGA-1,OTI,0,0,0.0
CCTAGTCGTCGCCTAT-1,OTI,5,73,1.8692317197309762
CCTAGTCGTGGGAGCA-1,OTI,2,24,1.3979400086720377
CCTAGTCGTGGGGAAT-1,OTI,2,27,1.4471580313422192
CCTAGTCGTGGTTGAT-1,OTI,0,0,0.0
CCTAGTCGTGTCTTAT-1,OTI,2,110,2.0453229787866576
CCTAGTTTCCACCCGT-1,C57BL6,0,0,0.0
CCTAGTTTCCCGGTTC-1,OTI,3,88,1.9493900066449128
CCTAGTTTCCGCACTC-1,OTI,2,201,2.305351369446624
CCTAGTTTCGCGTTAA-1,OTI,2,30,1.4913616938342726
CCTAGTTTCGGAGCTT-1,C57BL6,1,4,0.6989700043360189
CCTAGTTTCGGCGTCA-1,OTI,4,180,2.2576785748691846
CCTATAACAAGTCCGC-1,OTI,1,11,1.0791812460476249
CCTATAACAATCGTCG-1,OTI,1,7,0.9030899869919435
CCTATAACACAACGAA-1,OTI,0,0,0.0
CCTATAACACAAGTAG-1,OTI,1,5,0.7781512503836436
CCTATAACACCCAGAC-1,OTI,2,82,1.919078092376074
CCTATAACACCGTTTC-1,C57BL6,0,0,0.0
CCTATAACAGCTTATA-1,OTI,2,80,1.9084850188786497
CCTATAACAGTCTGCA-1,OTI,5,32,1.5185139398778875
CCTATACTCACTCTGT-1,OTI,3,62,1.7993405494535817
CCTATACTCATGACCA-1,C57BL6,0,0,0.0
CCTATACTCCAGTAGC-1,OTI,0,0,0.0
CCTATACTCCTATGTC-1,OTI,1,3,0.6020599913279624
CCTATACTCGCACTCC-1,OTI,0,0,0.0
CCTATACTCGCTAAAT-1,OTI,1,8,0.9542425094393249
CCTATACTCGGTTAAT-1,OTI,2,27,1.4471580313422192
CCTATACTCGTCACCC-1,C57BL6,0,0,0.0
CCTATGAAGAATTGAG-1,C57BL6,2,2,0.47712125471966244
CCTATGAAGACCAGAG-1,OTI,2,26,1.4313637641589874
CCTATGAAGCATTAGT-1,OTI,2,10,1.0413926851582251
CCTATGAAGCTACGTA-1,C57BL6,1,6,0.8450980400142568
CCTATGAAGGGAGCTA-1,OTI,5,442,2.6464037262230695
CCTATGAAGGTTCATG-1,OTI,0,0,0.0
CCTATGCGTAACCGCA-1,OTI,2,82,1.919078092376074
CCTATGCGTATTGGTA-1,OTI,6,266,2.4265112613645754
CCTATGCGTGTAAGTC-1,OTI,7,284,2.45484486000851
CCTATGTTCAACGTGC-1,C57BL6,0,0,0.0
CCTATGTTCAGACAGG-1,OTI,6,97,1.9912260756924949
CCTATGTTCCATTGTC-1,OTI,0,0,0.0
CCTATGTTCCCTACGC-1,OTI,2,52,1.724275869600789
CCTATGTTCCCTAGTT-1,OTI,4,66,1.8260748027008264
CCTATGTTCCCTTAGT-1,C57BL6,2,7,0.9030899869919435
CCTATGTTCCTACATC-1,OTI,3,31,1.505149978319906
CCTATGTTCGCGAAAG-1,OTI,1,42,1.6334684555795864
CCTATGTTCGGAGGTA-1,OTI,0,0,0.0
CCTATGTTCGGATTGC-1,OTI,3,7,0.9030899869919435
CCTATGTTCGGTAATT-1,OTI,1,3,0.6020599913279624
CCTATTATCAAGCAAA-1,OTI,1,20,1.3222192947339193
CCTATTATCCACTCCA-1,OTI,3,133,2.1271047983648077
CCTATTATCCGAATTG-1,OTI,1,3,0.6020599913279624
CCTATTATCCTGTATC-1,OTI,0,0,0.0
CCTATTATCCTGTCGC-1,C57BL6,2,13,1.146128035678238
CCTATTATCGCCCTTA-1,C57BL6,0,0,0.0
CCTATTATCGCCTGCT-1,OTI,1,17,1.255272505103306
CCTATTATCGTCCGCT-1,OTI,4,32,1.5185139398778875
CCTATTCAGAGCTTAT-1,C57BL6,0,0,0.0
CCTATTCAGATTCACG-1,OTI,2,64,1.8129133566428555
CCTATTCAGCAATTGT-1,OTI,6,618,2.791690649020118
CCTATTCAGCCTAAGC-1,C57BL6,0,0,0.0
CCTATTCAGCGCCCAA-1,OTI,1,8,0.9542425094393249
CCTATTCAGCTCGAGT-1,OTI,2,284,2.45484486000851
CCTATTCAGGCGCTCA-1,OTI,0,0,0.0
CCTATTCAGGTCGACT-1,OTI,0,0,0.0
CCTATTGGTCAATGTA-1,OTI,2,6,0.8450980400142568
CCTATTGGTCACTTTG-1,OTI,4,59,1.7781512503836436
CCTATTGGTGGGTGCT-1,OTI,5,94,1.9777236052888478
CCTATTGGTGTCGGCG-1,OTI,0,0,0.0
CCTATTGGTGTGGCCG-1,OTI,2,98,1.99563519459755
CCTCACCAGATACAGA-1,OTI,2,168,2.2278867046136734
CCTCACCAGCACCATA-1,C57BL6,0,0,0.0
CCTCACCAGCACCCAG-1,OTI,1,16,1.2304489213782739
CCTCACCAGCATAATC-1,OTI,3,152,2.184691430817599
CCTCACCAGCCATGAC-1,OTI,4,49,1.6989700043360187
CCTCACCAGGGAATGT-1,OTI,6,337,2.5289167002776547
CCTCACTCAACGCACC-1,OTI,3,40,1.6127838567197355
CCTCACTCAAGGGTTA-1,OTI,4,340,2.5327543789924976
CCTCACTCAAGTAAAC-1,C57BL6,0,0,0.0
CCTCACTCAATACCCG-1,C57BL6,1,11,1.0791812460476249
CCTCACTCACCTCTCG-1,C57BL6,0,0,0.0
CCTCAGACAAGCGGCA-1,OTI,4,46,1.6720978579357175
CCTCAGACACCCAAGC-1,OTI,0,0,0.0
CCTCAGACAGCGCATC-1,OTI,3,68,1.8388490907372552
CCTCAGACAGGCTCTA-1,C57BL6,0,0,0.0
CCTCAGACAGTAGGCG-1,OTI,5,134,2.130333768495006
CCTCATAGTAACAGGA-1,OTI,5,107,2.03342375548695
CCTCATAGTAATGGCT-1,OTI,2,66,1.8260748027008264
CCTCATAGTACTACTT-1,OTI,1,27,1.4471580313422192
CCTCATAGTAGGACTT-1,C57BL6,0,0,0.0
CCTCATAGTATTGCCC-1,C57BL6,1,1,0.3010299956639812
CCTCATAGTGGGCGTT-1,OTI,2,17,1.255272505103306
CCTCATAGTGTAGTTA-1,OTI,3,26,1.4313637641589874
CCTCATAGTGTTAGTA-1,C57BL6,0,0,0.0
CCTCATCCAACCTAAC-1,OTI,4,252,2.403120521175818
CCTCATCCAATCGCCA-1,OTI,13,245,2.3909351071033793
CCTCATCCAATGGGAC-1,OTI,0,0,0.0
CCTCATCCACCAGGGA-1,C57BL6,0,0,0.0
CCTCATCCACGTAGAA-1,OTI,4,27,1.4471580313422192
CCTCATCCAGCACACC-1,OTI,1,9,1.0
CCTCATCCAGCATGAA-1,OTI,3,327,2.515873843711679
CCTCATCCAGTAAAGT-1,C57BL6,0,0,0.0
CCTCATTAGAAATGGC-1,OTI,2,14,1.1760912590556813
CCTCATTAGACAGCGA-1,OTI,4,319,2.505149978319906
CCTCATTAGAGGACAT-1,OTI,0,0,0.0
CCTCATTAGCCGACAT-1,C57BL6,1,7,0.9030899869919435
CCTCGAACAAAGCTCT-1,OTI,8,415,2.6190933306267428
CCTCGAACAACAGCGG-1,OTI,2,76,1.8864907251724818
CCTCGAACAGGCATTT-1,C57BL6,1,6,0.8450980400142568
CCTCGAGAGAACGACG-1,C57BL6,1,4,0.6989700043360189
CCTCGAGAGAACGGGC-1,OTI,3,73,1.8692317197309762
CCTCGAGAGAACTTGT-1,C57BL6,0,0,0.0
CCTCGAGAGACGTGTC-1,OTI,2,21,1.3424226808222062
CCTCGAGAGAGCGGTA-1,OTI,5,76,1.8864907251724818
CCTCGAGAGCAAGCGA-1,OTI,1,13,1.146128035678238
CCTCGAGAGCTACGAC-1,OTI,0,0,0.0
CCTCGAGAGCTGTATG-1,OTI,3,150,2.1789769472931693
CCTCGAGAGGCTATTG-1,OTI,4,281,2.450249108319361
CCTCGAGAGGTATACT-1,C57BL6,2,5,0.7781512503836436
CCTCGATGTATAGTCA-1,OTI,1,6,0.8450980400142568
CCTCGATGTCAACTCC-1,OTI,1,38,1.591064607026499
CCTCGGTTCACATAAC-1,OTI,1,5,0.7781512503836436
CCTCGGTTCACTTCCG-1,C57BL6,0,0,0.0
CCTCGGTTCCAACGTA-1,C57BL6,0,0,0.0
CCTCGGTTCCTGCACC-1,C57BL6,0,0,0.0
CCTCGGTTCGCTGAGT-1,OTI,0,0,0.0
CCTCGTCAGAGAGGAA-1,OTI,3,170,2.2329961103921536
CCTCGTCAGCGGTTAC-1,C57BL6,0,0,0.0
CCTCGTCAGCGTGTTA-1,OTI,0,0,0.0
CCTCTACCAAAAGCGC-1,OTI,3,166,2.2227164711475833
CCTCTACCAAACATGG-1,OTI,1,4,0.6989700043360189
CCTCTACCAAATTGAA-1,OTI,4,45,1.662757831681574
CCTCTACCAACGTTCG-1,OTI,2,151,2.1818435879447726
CCTCTACCAACTGAAG-1,OTI,1,1,0.3010299956639812
CCTCTACCAAGACAGC-1,C57BL6,0,0,0.0
CCTCTACCAGGACAAC-1,OTI,6,54,1.7403626894942439
CCTCTACCAGGACACG-1,OTI,2,37,1.5797835966168101
CCTCTACCAGTCTTCC-1,OTI,1,363,2.561101383649056
CCTCTAGTCAATGGTT-1,C57BL6,1,10,1.0413926851582251
CCTCTAGTCCCAATAG-1,OTI,1,9,1.0
CCTCTAGTCCTCTGAT-1,OTI,4,21,1.3424226808222062
CCTCTAGTCGCGCAAT-1,OTI,2,10,1.0413926851582251
CCTCTAGTCGTAGATT-1,OTI,6,1019,3.0086001717619175
CCTCTCCGTACCCCTG-1,OTI,1,11,1.0791812460476249
CCTCTCCGTCCTTCCC-1,OTI,7,270,2.432969290874406
CCTCTCCGTCGCTGCC-1,OTI,4,60,1.7853298350107671
CCTCTCCGTCGTGTCT-1,OTI,5,134,2.130333768495006
CCTCTCCGTGCTTCGT-1,C57BL6,0,0,0.0
CCTCTCCGTGGTTTGG-1,C57BL6,3,3,0.6020599913279624
CCTCTCGCAAAGTATA-1,OTI,2,10,1.0413926851582251
CCTCTCGCAGTGTGGG-1,OTI,5,362,2.5599066250361124
CCTCTGGGTACATCCC-1,C57BL6,0,0,0.0
CCTCTGGGTACTATTC-1,C57BL6,0,0,0.0
CCTCTGGGTAGCCCTT-1,OTI,4,46,1.6720978579357175
CCTCTGGGTATGTTCT-1,OTI,4,151,2.1818435879447726
CCTCTGGGTGGCTTTC-1,OTI,2,8,0.9542425094393249
CCTCTTACAACTAAGG-1,C57BL6,4,4,0.6989700043360189
CCTCTTACAAGAAGCC-1,OTI,5,103,2.0170333392987803
CCTCTTACAAGTCTTA-1,OTI,0,0,0.0
CCTCTTACACGTTTCC-1,C57BL6,0,0,0.0
CCTCTTACACTGACCA-1,OTI,2,91,1.9637878273455553
CCTCTTGAGAAAGGTC-1,OTI,5,153,2.187520720836463
CCTCTTGAGCTTAGGC-1,OTI,1,2,0.47712125471966244
CCTCTTGAGGTCCGCA-1,OTI,3,83,1.9242792860618816
CCTGAAATCAGGGTCT-1,C57BL6,0,0,0.0
CCTGAAATCATACTAA-1,C57BL6,0,0,0.0
CCTGAAATCCCGGGTA-1,OTI,2,15,1.2041199826559248
CCTGAAATCCTCTGCA-1,OTI,5,74,1.8750612633917
CCTGAAATCGCAAACC-1,OTI,4,210,2.3242824552976926
CCTGAAATCGTAGTCA-1,OTI,0,0,0.0
CCTGACACAACCAGAA-1,C57BL6,1,20,1.3222192947339193
CCTGACACAATACCTA-1,OTI,3,33,1.5314789170422551
CCTGACACAGTACAAG-1,OTI,1,14,1.1760912590556813
CCTGACCTCAATGTGT-1,C57BL6,3,47,1.6812412373755872
CCTGACCTCACGGCCA-1,OTI,4,153,2.187520720836463
CCTGACCTCATGCCTT-1,OTI,1,8,0.9542425094393249
CCTGACCTCATTCAAA-1,OTI,2,10,1.0413926851582251
CCTGACCTCCTCGTCA-1,OTI,2,233,2.369215857410143
CCTGACGAGATAAGTG-1,OTI,4,82,1.919078092376074
CCTGACGAGCAGGAGC-1,C57BL6,0,0,0.0
CCTGACGAGGCACGAA-1,C57BL6,0,0,0.0
CCTGACGAGGGAGCGT-1,OTI,3,855,2.932473764677153
CCTGATAAGAAGTACA-1,OTI,7,412,2.615950051656401
CCTGATAAGACCCGCA-1,C57BL6,1,5,0.7781512503836436
CCTGATAAGCCACAAC-1,OTI,3,349,2.5440680443502757
CCTGATAAGCGCGTCA-1,OTI,6,324,2.5118833609788744
CCTGATAAGCTGGTCG-1,C57BL6,0,0,0.0
CCTGATAAGGGTTGTC-1,OTI,0,0,0.0
CCTGATAAGGTCGCAT-1,OTI,3,64,1.8129133566428555
CCTGATCGTACAGGCC-1,OTI,4,166,2.2227164711475833
CCTGATCGTCACCCAT-1,OTI,1,4,0.6989700043360189
CCTGATCGTCATAGGT-1,C57BL6,0,0,0.0
CCTGATCGTGGCCTGG-1,C57BL6,0,0,0.0
CCTGATCGTGTCGAGC-1,C57BL6,0,0,0.0
CCTGATCGTGTGGCGT-1,OTI,5,62,1.7993405494535817
CCTGATCGTGTGTCAG-1,OTI,1,25,1.414973347970818
CCTGATTTCAGTCCTT-1,C57BL6,0,0,0.0
CCTGATTTCATATTAG-1,OTI,3,30,1.4913616938342726
CCTGATTTCATCGACA-1,OTI,2,48,1.6901960800285136
CCTGATTTCCGAATGC-1,OTI,5,266,2.4265112613645754
CCTGATTTCCGGCACA-1,OTI,0,0,0.0
CCTGATTTCCTCGGCT-1,C57BL6,1,16,1.2304489213782739
CCTGATTTCGCTCATT-1,OTI,2,45,1.662757831681574
CCTGCAACAAAGCTAG-1,C57BL6,1,4,0.6989700043360189
CCTGCAACAACTGCAT-1,C57BL6,1,4,0.6989700043360189
CCTGCAACACACCTCT-1,OTI,1,3,0.6020599913279624
CCTGCAACACCTACGA-1,OTI,2,12,1.1139433523068367
CCTGCAACACTGGGCT-1,OTI,2,14,1.1760912590556813
CCTGCAACACTTAGTA-1,OTI,2,8,0.9542425094393249
CCTGCAACAGTCTGCA-1,OTI,1,4,0.6989700043360189
CCTGCACTCCAATTAA-1,C57BL6,1,2,0.47712125471966244
CCTGCACTCCCCATTG-1,OTI,0,0,0.0
CCTGCACTCCGCTTGC-1,C57BL6,0,0,0.0
CCTGCACTCCGGTCAG-1,C57BL6,0,0,0.0
CCTGCACTCGTCAACA-1,OTI,2,124,2.0969100130080562
CCTGCACTCGTCATTC-1,C57BL6,0,0,0.0
CCTGCAGAGACTTTCC-1,OTI,1,46,1.6720978579357175
CCTGCAGAGATAGCGG-1,OTI,3,67,1.8325089127062364
CCTGCAGAGATCCTGA-1,C57BL6,1,11,1.0791812460476249
CCTGCAGAGCATTTCC-1,OTI,8,667,2.824776462475546
CCTGCAGAGCCCAGCA-1,C57BL6,0,0,0.0
CCTGCAGAGGGATGAT-1,OTI,3,26,1.4313637641589874
CCTGCGAAGAATGTAG-1,OTI,4,5,0.7781512503836436
CCTGCGAAGACAGCGA-1,C57BL6,0,0,0.0
CCTGCGAAGAGACGAT-1,C57BL6,0,0,0.0
CCTGCGAAGATGGGAT-1,OTI,0,0,0.0
CCTGCGAAGCGAGTAG-1,OTI,1,160,2.2068258760318495
CCTGCGAAGGTAAGGT-1,OTI,9,134,2.130333768495006
CCTGCGCGTAAGGGTA-1,C57BL6,0,0,0.0
CCTGCGCGTACGGGCT-1,OTI,5,158,2.2013971243204513
CCTGCGCGTAGCGGAG-1,OTI,4,24,1.3979400086720377
CCTGCGCGTATCACCC-1,OTI,1,6,0.8450980400142568
CCTGCTATCAGTACGC-1,OTI,1,15,1.2041199826559248
CCTGCTATCATTCATT-1,OTI,2,96,1.9867717342662448
CCTGCTATCGGACACT-1,OTI,2,500,2.699837725867246
CCTGCTTCAACTCGCA-1,OTI,2,83,1.9242792860618816
CCTGCTTCACAATAGG-1,OTI,7,82,1.919078092376074
CCTGCTTCACTTCGTC-1,C57BL6,0,0,0.0
CCTGCTTCAGTACGCC-1,C57BL6,1,9,1.0
CCTGCTTCAGTGGTAA-1,OTI,4,41,1.6232492903979006
CCTGGCAAGAACTGAA-1,C57BL6,0,0,0.0
CCTGGCAAGAGGGATT-1,OTI,5,22,1.3617278360175928
CCTGGCAAGAGTGATA-1,C57BL6,0,0,0.0
CCTGGCAAGCCGTAAC-1,OTI,6,188,2.2764618041732443
CCTGGCAAGCTCAGTA-1,OTI,2,8,0.9542425094393249
CCTGGCAAGGGGTACA-1,OTI,2,23,1.380211241711606
CCTGGCAAGGTCACGT-1,OTI,3,206,2.315970345456918
CCTGGCTTCAACCCTT-1,C57BL6,3,19,1.3010299956639813
CCTGGCTTCACGACAC-1,OTI,5,487,2.6884198220027105
CCTGGCTTCACGCATA-1,OTI,5,146,2.167317334748176
CCTGGCTTCACTACCT-1,C57BL6,0,0,0.0
CCTGGCTTCCATGCCC-1,C57BL6,0,0,0.0
CCTGGCTTCGGACTTA-1,OTI,2,28,1.462397997898956
CCTGGTGAGAATTCGT-1,OTI,4,99,2.0
CCTGGTGAGAGCAACG-1,OTI,4,81,1.9138138523837167
CCTGGTGAGAGGGGTC-1,OTI,3,33,1.5314789170422551
CCTGGTGAGATCTCGA-1,OTI,3,286,2.4578818967339924
CCTGGTGAGATGCTCA-1,OTI,1,26,1.4313637641589874
CCTGGTGAGCAGCGAA-1,OTI,1,2,0.47712125471966244
CCTGGTGAGCCGTCAG-1,OTI,2,23,1.380211241711606
CCTGGTGAGGCCTGCA-1,C57BL6,4,38,1.591064607026499
CCTGTAAAGACTGCCG-1,C57BL6,0,0,0.0
CCTGTAAAGCAAGTTT-1,OTI,4,60,1.7853298350107671
CCTGTAAAGCACATCA-1,C57BL6,1,8,0.9542425094393249
CCTGTAAAGCGCGTCA-1,OTI,0,0,0.0
CCTGTAAAGCTAAGCC-1,OTI,2,46,1.6720978579357175
CCTGTAAAGGCGAATG-1,OTI,2,44,1.6532125137753437
CCTGTAAAGGCTTCGG-1,OTI,4,624,2.7958800173440754
CCTGTAAAGGGCGTAA-1,C57BL6,0,0,0.0
CCTGTACGTAACGAAG-1,C57BL6,0,0,0.0
CCTGTACGTAAGGTAG-1,C57BL6,0,0,0.0
CCTGTACGTATCTTGT-1,OTI,0,0,0.0
CCTGTACGTCCTATTG-1,OTI,1,198,2.298853076409707
CCTGTACGTGGGTTCA-1,OTI,0,0,0.0
CCTGTAGCAAAGCCAA-1,C57BL6,0,0,0.0
CCTGTAGCAACATTAT-1,OTI,3,95,1.9822712330395684
CCTGTCATCAACCCAA-1,OTI,2,34,1.5440680443502757
CCTGTCATCACGCAGT-1,OTI,2,44,1.6532125137753437
CCTGTCATCATCATCC-1,OTI,2,199,2.3010299956639813
CCTGTCATCCCTTTCC-1,OTI,3,278,2.4456042032735974
CCTGTCATCCGGTAAC-1,OTI,2,43,1.6434526764861874
CCTGTCATCCTACGCC-1,C57BL6,1,73,1.8692317197309762
CCTGTCGGTAACCGCA-1,OTI,0,0,0.0
CCTGTCGGTACATCCC-1,C57BL6,0,0,0.0
CCTGTCGGTCTATTCG-1,OTI,3,384,2.5854607295085006
CCTGTCGGTGCTCTTA-1,OTI,0,0,0.0
CCTGTCGGTGGCATAT-1,OTI,1,38,1.591064607026499
CCTGTCGGTGTATCCC-1,OTI,2,15,1.2041199826559248
CCTGTCGGTGTGGCCG-1,C57BL6,1,32,1.5185139398778875
CCTGTGGAGAGCAAGT-1,OTI,0,0,0.0
CCTGTGGAGCAATTAC-1,OTI,3,32,1.5185139398778875
CCTGTGGAGGCGTGAA-1,C57BL6,0,0,0.0
CCTGTGGAGGTCAATT-1,C57BL6,0,0,0.0
CCTTAACTCCAGGTTA-1,C57BL6,1,15,1.2041199826559248
CCTTAACTCCTAGCCC-1,OTI,1,28,1.462397997898956
CCTTAACTCGGCGATT-1,OTI,0,0,0.0
CCTTAACTCGTAGTCA-1,OTI,0,0,0.0
CCTTAAGAGACATAAG-1,OTI,5,71,1.8573324964312685
CCTTAAGAGAGCATTT-1,C57BL6,2,128,2.110589710299249
CCTTAAGAGAGCCCAT-1,C57BL6,0,0,0.0
CCTTAAGAGCTCATGA-1,OTI,2,270,2.432969290874406
CCTTAAGAGGCGAGTA-1,OTI,2,18,1.2787536009528289
CCTTAATGTAGTGATC-1,OTI,2,25,1.414973347970818
CCTTAATGTATCTGTT-1,C57BL6,1,1,0.3010299956639812
CCTTAATGTCGTCGGG-1,OTI,0,0,0.0
CCTTAATGTCTTATGT-1,OTI,0,0,0.0
CCTTAATGTGGAATTC-1,C57BL6,0,0,0.0
CCTTAATGTGGAGTGG-1,C57BL6,1,12,1.1139433523068367
CCTTACCCAAAAGCCA-1,OTI,7,251,2.401400540781544
CCTTACCCAACGTAAG-1,OTI,2,38,1.591064607026499
CCTTACCCAAGTATAA-1,OTI,8,119,2.0791812460476247
CCTTACCCAATCGTCG-1,OTI,1,27,1.4471580313422192
CCTTACCCACCCAAAT-1,C57BL6,0,0,0.0
CCTTACCCACCTTTCA-1,OTI,5,41,1.6232492903979006
CCTTACCCACTGATTA-1,OTI,7,101,2.0086001717619175
CCTTACCCAGGCGTTC-1,C57BL6,0,0,0.0
CCTTAGAAGAGCTTGC-1,OTI,6,375,2.575187844927661
CCTTAGAAGATCCAAT-1,OTI,1,55,1.7481880270062005
CCTTAGAAGCGATGAG-1,OTI,3,10,1.0413926851582251
CCTTAGAAGGCTCATA-1,OTI,2,29,1.4771212547196624
CCTTAGAAGGTACCCG-1,OTI,4,71,1.8573324964312685
CCTTAGCGTACTCATT-1,OTI,0,0,0.0
CCTTAGCGTATACTTC-1,C57BL6,0,0,0.0
CCTTAGCGTCGTAATA-1,C57BL6,3,14,1.1760912590556813
CCTTAGCGTGCCCTAT-1,OTI,2,15,1.2041199826559248
CCTTAGCGTGGAATGA-1,OTI,4,32,1.5185139398778875
CCTTAGTTCACACAAT-1,OTI,6,148,2.173186268412274
CCTTAGTTCATGGGCT-1,OTI,3,70,1.8512583487190752
CCTTAGTTCCCGCCAT-1,OTI,1,28,1.462397997898956
CCTTAGTTCCGACGCA-1,OTI,0,0,0.0
CCTTAGTTCCGGAAAG-1,OTI,6,118,2.0755469613925306
CCTTAGTTCCTGTATC-1,OTI,1,15,1.2041199826559248
CCTTAGTTCGCTTCAT-1,C57BL6,0,0,0.0
CCTTAGTTCGTATACG-1,C57BL6,3,169,2.230448921378274
CCTTATCAGAAACTAG-1,OTI,0,0,0.0
CCTTATCAGAACTCAT-1,C57BL6,0,0,0.0
CCTTATCAGAAGCCGA-1,OTI,5,44,1.6532125137753437
CCTTATCAGATACCCA-1,OTI,0,0,0.0
CCTTATCAGCAGTATT-1,C57BL6,1,3,0.6020599913279624
CCTTATCAGCATCAAT-1,OTI,4,64,1.8129133566428555
CCTTATCAGCATTACG-1,C57BL6,2,7,0.9030899869919435
CCTTATCAGCCTTGCC-1,OTI,0,0,0.0
CCTTATCAGCGTTCCC-1,OTI,3,194,2.290034611362518
CCTTATCAGGCCTATA-1,OTI,2,63,1.806179973983887
CCTTATGGTAGCCTCT-1,OTI,4,21,1.3424226808222062
CCTTATGGTATCTGCC-1,OTI,0,0,0.0
CCTTATGGTCGAAGTT-1,OTI,3,49,1.6989700043360187
CCTTATGGTCGTGTTC-1,C57BL6,3,12,1.1139433523068367
CCTTATGGTCTTGATT-1,C57BL6,1,30,1.4913616938342726
CCTTATGGTGCCTCGC-1,C57BL6,1,9,1.0
CCTTATGGTGCTACAG-1,C57BL6,0,0,0.0
CCTTATGGTGGTTAGT-1,OTI,4,31,1.505149978319906
CCTTATGGTGTGGTCA-1,OTI,0,0,0.0
CCTTATGGTGTGTCTC-1,OTI,4,243,2.387389826338729
CCTTCAGTCAAGGTAA-1,OTI,3,84,1.9294189257142926
CCTTCAGTCACAATTA-1,C57BL6,1,29,1.4771212547196624
CCTTCAGTCCCGCTTA-1,C57BL6,2,3,0.6020599913279624
CCTTCAGTCCCTAGTT-1,OTI,0,0,0.0
CCTTCAGTCCCTGGCT-1,C57BL6,1,18,1.2787536009528289
CCTTCAGTCCGCTACC-1,OTI,2,106,2.0293837776852097
CCTTCAGTCCTAATCC-1,C57BL6,0,0,0.0
CCTTCATAGCAAGCTC-1,OTI,1,1,0.3010299956639812
CCTTCATAGCCCTAGG-1,C57BL6,0,0,0.0
CCTTCATAGGTACGTC-1,OTI,1,6,0.8450980400142568
CCTTCATAGGTTCAAT-1,OTI,3,140,2.1492191126553797
CCTTCCCGTAAAGCCT-1,OTI,2,23,1.380211241711606
CCTTCCCGTAGAGGCG-1,C57BL6,0,0,0.0
CCTTCCCGTAGAGGTA-1,OTI,3,136,2.1367205671564067
CCTTCCCGTAGCGTCA-1,C57BL6,2,73,1.8692317197309762
CCTTCCCGTAGTGATC-1,C57BL6,2,2,0.47712125471966244
CCTTCCCGTCAGCTTC-1,C57BL6,0,0,0.0
CCTTCCCGTCTTCAAT-1,OTI,3,59,1.7781512503836436
CCTTCCGCAAGAATAC-1,OTI,0,0,0.0
CCTTCCGCACAGTTCG-1,C57BL6,0,0,0.0
CCTTCCGCACCTCTCG-1,OTI,4,305,2.48572142648158
CCTTCCGCACGAAGTA-1,C57BL6,4,4,0.6989700043360189
CCTTCCGCACGCGTTA-1,OTI,3,44,1.6532125137753437
CCTTCCGCACTACGCA-1,C57BL6,1,4,0.6989700043360189
CCTTCCTTCAAACCAT-1,OTI,3,290,2.4638929889859074
CCTTCCTTCACCACAA-1,OTI,3,28,1.462397997898956
CCTTCCTTCATAAGTC-1,OTI,5,68,1.8388490907372552
CCTTCCTTCCCTTCTC-1,C57BL6,0,0,0.0
CCTTCCTTCGCCCTAC-1,C57BL6,1,8,0.9542425094393249
CCTTCCTTCGTACCTT-1,OTI,3,290,2.4638929889859074
CCTTCCTTCGTTCGCC-1,OTI,7,175,2.24551266781415
CCTTCGATCCATAACG-1,OTI,4,402,2.6053050461411096
CCTTCGATCCGATCGG-1,C57BL6,1,4,0.6989700043360189
CCTTCGATCCGGTTAA-1,OTI,2,21,1.3424226808222062
CCTTCGATCCGTCTAT-1,OTI,7,1039,3.0170333392987803
CCTTCGATCGCAACGT-1,OTI,2,159,2.2041199826559246
CCTTCGATCGCTGTGG-1,OTI,0,0,0.0
CCTTCGATCGTAACCA-1,OTI,3,19,1.3010299956639813
CCTTCGATCGTAGCAC-1,OTI,0,0,0.0
CCTTCGATCGTATACG-1,C57BL6,1,8,0.9542425094393249
CCTTCGGGTCCGTCCA-1,OTI,5,165,2.220108088040055
CCTTCGGGTCGTCGGG-1,C57BL6,0,0,0.0
CCTTCGGGTCGTGGTA-1,C57BL6,1,8,0.9542425094393249
CCTTCGGGTGGCGCAT-1,OTI,3,26,1.4313637641589874
CCTTCGGGTGTGTCTC-1,OTI,5,251,2.401400540781544
CCTTCGGGTGTTATAG-1,OTI,1,301,2.4800069429571505
CCTTCTACAATGGTAG-1,OTI,1,10,1.0413926851582251
CCTTCTACACCTTGAG-1,OTI,2,145,2.164352855784437
CCTTCTACAGCGACGA-1,OTI,3,120,2.0827853703164503
CCTTCTACAGGACACG-1,OTI,1,5,0.7781512503836436
CCTTCTACAGTCACGC-1,C57BL6,0,0,0.0
CCTTCTCTCAGTAATC-1,C57BL6,1,18,1.2787536009528289
CCTTCTCTCCTCTGAT-1,OTI,5,60,1.7853298350107671
CCTTCTCTCGTAATTA-1,OTI,0,0,0.0
CCTTCTCTCGTAGCTA-1,OTI,7,578,2.762678563727436
CCTTCTCTCGTTATGG-1,OTI,3,29,1.4771212547196624
CCTTGAGCAATATCAT-1,OTI,6,93,1.9731278535996986
CCTTGAGCACCTAGCA-1,C57BL6,1,4,0.6989700043360189
CCTTGAGCAGTCTCGA-1,OTI,2,48,1.6901960800285136
CCTTGCCAGACTCCAA-1,OTI,1,246,2.392696953259666
CCTTGCCAGAGGGCGT-1,C57BL6,9,11,1.0791812460476249
CCTTGCCAGCCTGACG-1,OTI,4,116,2.0681858617461617
CCTTGCCAGCGCCAAT-1,OTI,2,11,1.0791812460476249
CCTTGCGGTACAGAAG-1,C57BL6,0,0,0.0
CCTTGCGGTCCGGTAA-1,OTI,0,0,0.0
CCTTGCGGTCGCTCTG-1,OTI,3,58,1.7708520116421442
CCTTGCGGTCGTGAGC-1,OTI,3,430,2.6344772701607315
CCTTGCGGTCTAAGCG-1,C57BL6,0,0,0.0
CCTTGCGGTCTCGAAG-1,OTI,1,6,0.8450980400142568
CCTTGCGGTGGAGTAA-1,OTI,6,382,2.583198773968623
CCTTGTAGTATCACGG-1,OTI,3,12,1.1139433523068367
CCTTGTAGTCCAACTC-1,OTI,3,30,1.4913616938342726
CCTTGTAGTGTATCGG-1,C57BL6,1,8,0.9542425094393249
CCTTGTGTCACATACG-1,OTI,2,25,1.414973347970818
CCTTGTGTCACATCAG-1,OTI,2,33,1.5314789170422551
CCTTGTGTCACCATCT-1,OTI,2,23,1.380211241711606
CCTTGTGTCACGCAGT-1,C57BL6,0,0,0.0
CCTTGTGTCACGCCCT-1,OTI,4,1292,3.111598524880394
CCTTGTGTCACTAACG-1,OTI,5,54,1.7403626894942439
CCTTGTGTCACTCGTT-1,OTI,4,33,1.5314789170422551
CCTTGTGTCAGTGATT-1,OTI,5,170,2.2329961103921536
CCTTGTGTCATCCCCA-1,C57BL6,0,0,0.0
CCTTGTGTCCAAGTAT-1,OTI,3,41,1.6232492903979006
CCTTGTGTCCCTAGGG-1,OTI,0,0,0.0
CCTTGTGTCGCTTTCG-1,C57BL6,0,0,0.0
CCTTTAATCACAGCTA-1,OTI,4,314,2.4983105537896004
CCTTTAATCAGTCCGG-1,OTI,3,980,2.9916690073799486
CCTTTAATCATGGGTC-1,OTI,2,123,2.093421685162235
CCTTTAATCCCTAGGG-1,C57BL6,0,0,0.0
CCTTTAATCCCTGTCA-1,C57BL6,0,0,0.0
CCTTTAATCGGCAATC-1,OTI,1,5,0.7781512503836436
CCTTTAATCGGGTCAT-1,C57BL6,0,0,0.0
CCTTTAATCGTCCTGC-1,OTI,3,104,2.0211892990699383
CCTTTACAGAACACCC-1,C57BL6,0,0,0.0
CCTTTACAGAATGTAG-1,OTI,1,1,0.3010299956639812
CCTTTACAGACAAGTA-1,OTI,3,87,1.9444826721501687
CCTTTACAGACTTAAC-1,OTI,0,0,0.0
CCTTTACAGCAGTCCG-1,OTI,6,618,2.791690649020118
CCTTTACAGCGGTGTT-1,OTI,5,73,1.8692317197309762
CCTTTACAGCGTACCG-1,OTI,6,124,2.0969100130080562
CCTTTAGGTAAGCCGC-1,C57BL6,1,5,0.7781512503836436
CCTTTAGGTACATAGC-1,C57BL6,0,0,0.0
CCTTTAGGTATAAGGG-1,OTI,5,31,1.505149978319906
CCTTTAGGTCACTTAT-1,OTI,5,34,1.5440680443502757
CCTTTAGGTCCATGCT-1,OTI,0,0,0.0
CCTTTAGGTCTGCAAG-1,C57BL6,0,0,0.0
CCTTTAGGTCTGGCCC-1,OTI,1,17,1.255272505103306
CCTTTAGGTGGGAGAT-1,OTI,0,0,0.0
CCTTTAGGTGGGTTTG-1,OTI,2,9,1.0
CCTTTCACAAAATCAA-1,C57BL6,1,1,0.3010299956639812
CCTTTCACAACACGAA-1,OTI,6,117,2.0718820073061255
CCTTTCACAACTCACG-1,OTI,5,66,1.8260748027008264
CCTTTCACAATCGCCA-1,OTI,7,79,1.9030899869919435
CCTTTCACACTTAGCG-1,OTI,2,38,1.591064607026499
CCTTTCACAGTCCTAG-1,C57BL6,0,0,0.0
CCTTTCCTCAAGCGTC-1,OTI,4,39,1.6020599913279623
CCTTTCCTCACGAACC-1,OTI,5,1137,3.056142262059052
CCTTTCCTCAGCCATA-1,OTI,3,159,2.2041199826559246
CCTTTCCTCATACAAC-1,OTI,4,39,1.6020599913279623
CCTTTCCTCCACGAGT-1,C57BL6,0,0,0.0
CCTTTCCTCCCATAAG-1,OTI,0,0,0.0
CCTTTCCTCCTCTCGA-1,OTI,0,0,0.0
CCTTTCCTCGGCTTCC-1,C57BL6,0,0,0.0
CCTTTCGAGACGGGTA-1,OTI,5,302,2.481442628502305
CCTTTCGAGCACCAAC-1,OTI,1,7,0.9030899869919435
CCTTTCGAGCAGCCCA-1,C57BL6,1,4,0.6989700043360189
CCTTTCGAGCGACAAG-1,C57BL6,0,0,0.0
CCTTTCGAGCTGACGT-1,OTI,1,13,1.146128035678238
CCTTTGAGTATCCCCG-1,OTI,4,68,1.8388490907372552
CCTTTGAGTATGTTAG-1,C57BL6,0,0,0.0
CCTTTGAGTATTACCT-1,OTI,2,40,1.6127838567197355
CCTTTGAGTGGAAGTA-1,C57BL6,0,0,0.0
CCTTTGAGTGGCATTG-1,C57BL6,0,0,0.0
CCTTTGGTCAAACTTA-1,OTI,0,0,0.0
CCTTTGGTCATAGTAC-1,OTI,2,13,1.146128035678238
CCTTTGGTCATCTCTA-1,OTI,0,0,0.0
CCTTTGGTCATTACTT-1,OTI,0,0,0.0
CCTTTGGTCCACATCT-1,OTI,2,5,0.7781512503836436
CCTTTGGTCCCTATTA-1,OTI,2,166,2.2227164711475833
CCTTTGGTCCGACTCC-1,C57BL6,3,3,0.6020599913279624
CCTTTGGTCCGCAATA-1,OTI,4,34,1.5440680443502757
CCTTTGGTCCGGGCTA-1,OTI,3,80,1.9084850188786497
CCTTTGGTCGTATAAC-1,OTI,1,8,0.9542425094393249
CGAAACCTCACCCATT-1,OTI,4,89,1.954242509439325
CGAAACCTCACTTTCA-1,OTI,6,92,1.968482948553935
CGAAACCTCCAATGCA-1,C57BL6,1,4,0.6989700043360189
CGAAACCTCCAGTAGC-1,OTI,3,129,2.113943352306837
CGAAACCTCCCAGTAA-1,OTI,4,57,1.7634279935629373
CGAAACCTCCCCATGC-1,OTI,3,71,1.8573324964312685
CGAAACCTCCCCTAAT-1,OTI,7,491,2.69196510276736
CGAAACCTCCGATACA-1,C57BL6,0,0,0.0
CGAAACCTCCGGGCTA-1,OTI,1,4,0.6989700043360189
CGAAACCTCCTACAAG-1,C57BL6,0,0,0.0
CGAAACCTCCTCGGCT-1,C57BL6,1,11,1.0791812460476249
CGAAACCTCCTTCTAA-1,OTI,0,0,0.0
CGAAACCTCGCTCCGT-1,OTI,3,257,2.41161970596323
CGAAACCTCGGGTATC-1,OTI,0,0,0.0
CGAAACCTCGGTCCCT-1,OTI,5,46,1.6720978579357175
CGAAACGAGAACTCAT-1,OTI,4,10,1.0413926851582251
CGAAACGAGACGCCAT-1,OTI,8,184,2.2671717284030137
CGAAACGAGCCGCACA-1,OTI,1,9,1.0
CGAAACGAGCGAACAG-1,C57BL6,0,0,0.0
CGAAACGAGGCCTCGA-1,OTI,2,7,0.9030899869919435
CGAAACGAGGGAAGCC-1,C57BL6,0,0,0.0
CGAACACTCCCACACC-1,OTI,5,210,2.3242824552976926
CGAACACTCCTAATCC-1,OTI,2,49,1.6989700043360187
CGAACACTCGCGGATT-1,C57BL6,0,0,0.0
CGAACACTCGGATACC-1,OTI,1,136,2.1367205671564067
CGAACACTCGGATCAC-1,OTI,4,82,1.919078092376074
CGAACACTCGGCATTA-1,OTI,3,25,1.414973347970818
CGAACACTCGTAGGTC-1,C57BL6,0,0,0.0
CGAACACTCGTCTCTG-1,C57BL6,1,1,0.3010299956639812
CGAACAGAGAATTACC-1,C57BL6,0,0,0.0
CGAACAGAGACCCTAA-1,C57BL6,0,0,0.0
CGAACAGAGACCTGCG-1,OTI,2,35,1.5563025007672873
CGAACAGAGAGGACGC-1,C57BL6,5,78,1.8976270912904414
CGAACAGAGATGGTGG-1,OTI,6,190,2.2810333672477277
CGAACAGAGATTCAGT-1,OTI,5,147,2.1702617153949575
CGAACAGAGCGTTAGC-1,C57BL6,1,5,0.7781512503836436
CGAACAGAGGGGTTTC-1,OTI,4,51,1.7160033436347992
CGAACCCCAAAGTCTC-1,OTI,1,19,1.3010299956639813
CGAACCCCAACTGCAT-1,C57BL6,0,0,0.0
CGAACCCCAAGGCGCA-1,OTI,14,761,2.8819549713396007
CGAACCCCAAGGGTTA-1,OTI,1,8,0.9542425094393249
CGAACCCCACCACAGC-1,OTI,0,0,0.0
CGAACCCCACGTCGTA-1,OTI,2,34,1.5440680443502757
CGAACGAAGACGGAGC-1,OTI,0,0,0.0
CGAACGAAGACGTCCG-1,OTI,5,38,1.591064607026499
CGAACGAAGATCCCAA-1,C57BL6,0,0,0.0
CGAACGAAGATGCCCG-1,OTI,2,131,2.12057393120585
CGAACGAAGCACTACA-1,OTI,3,148,2.173186268412274
CGAACGAAGCCGCGTA-1,OTI,0,0,0.0
CGAACGAAGGCGGTAA-1,OTI,3,20,1.3222192947339193
CGAACGGCAAGCGTCC-1,OTI,4,120,2.0827853703164503
CGAACGGCAATAAGTA-1,OTI,0,0,0.0
CGAACGGCACCCTTCG-1,OTI,2,16,1.2304489213782739
CGAACGGCAGCCTCTT-1,OTI,0,0,0.0
CGAACGGCAGTTGGGG-1,C57BL6,0,0,0.0
CGAAGATAGACAGTTT-1,OTI,4,507,2.7058637122839193
CGAAGATAGACTTAAC-1,C57BL6,0,0,0.0
CGAAGATAGATATCAC-1,C57BL6,0,0,0.0
CGAAGATAGCAATATC-1,OTI,2,10,1.0413926851582251
CGAAGATAGCCGGTAT-1,OTI,3,42,1.6334684555795864
CGAAGATAGGCAAAGT-1,C57BL6,1,6,0.8450980400142568
CGAAGCAAGCACTCCC-1,OTI,2,20,1.3222192947339193
CGAAGCAAGCCACGAT-1,C57BL6,0,0,0.0
CGAAGCAAGCGGGTTT-1,OTI,4,55,1.7481880270062005
CGAAGCCGTATGTTAG-1,C57BL6,1,7,0.9030899869919435
CGAAGCCGTCATCATT-1,OTI,0,0,0.0
CGAAGCCGTGTTGCAG-1,C57BL6,0,0,0.0
CGAAGGGGTAGAGTGA-1,OTI,8,258,2.413299764081252
CGAAGGGGTAGCTGTG-1,C57BL6,0,0,0.0
CGAAGGGGTATAATCG-1,C57BL6,0,0,0.0
CGAAGGGGTATGGAGA-1,OTI,1,5,0.7781512503836436
CGAAGGGGTGGCGCAT-1,OTI,0,0,0.0
CGAAGGGGTGGTAATC-1,OTI,4,153,2.187520720836463
CGAAGGTCAACGCGAG-1,C57BL6,0,0,0.0
CGAAGGTCAATGCTCG-1,OTI,1,8,0.9542425094393249
CGAAGGTCACGATTTA-1,C57BL6,0,0,0.0
CGAAGTACAACGCGTC-1,OTI,0,0,0.0
CGAAGTACACAACGGG-1,OTI,2,364,2.5622928644564746
CGAAGTACACCAGATT-1,OTI,0,0,0.0
CGAAGTACACGCACGT-1,C57BL6,0,0,0.0
CGAAGTACACGTCAGC-1,OTI,4,152,2.184691430817599
CGAAGTCTCACATTCC-1,OTI,1,19,1.3010299956639813
CGAAGTCTCATATCCC-1,OTI,0,0,0.0
CGAAGTCTCCATTCAC-1,OTI,2,22,1.3617278360175928
CGAAGTCTCCCCAGCT-1,C57BL6,0,0,0.0
CGAAGTCTCCGTGTCC-1,OTI,1,180,2.2576785748691846
CGAAGTCTCGCGTTAA-1,OTI,3,23,1.380211241711606
CGAAGTCTCGTCCAAA-1,C57BL6,0,0,0.0
CGAAGTCTCGTGCGCA-1,OTI,2,56,1.7558748556724915
CGAAGTGAGAGCAGAT-1,C57BL6,2,5,0.7781512503836436
CGAAGTGAGAGTCGTC-1,OTI,5,72,1.863322860120456
CGAAGTGAGATCCGAC-1,OTI,4,35,1.5563025007672873
CGAAGTGAGCCGTTGG-1,OTI,0,0,0.0
CGAAGTGAGCGCATTA-1,OTI,0,0,0.0
CGAAGTGAGCGCCAAT-1,C57BL6,0,0,0.0
CGAAGTGAGCTACAGC-1,C57BL6,0,0,0.0
CGAAGTTGTAACTAGC-1,OTI,0,0,0.0
CGAAGTTGTACCCTTA-1,C57BL6,1,8,0.9542425094393249
CGAAGTTGTAGTGTAC-1,OTI,0,0,0.0
CGAAGTTGTCATGGGC-1,C57BL6,0,0,0.0
CGAAGTTGTCTACGCT-1,OTI,2,209,2.322219294733919
CGAATCATCAATCCCT-1,OTI,3,85,1.9344984512435677
CGAATCATCAGTAATC-1,OTI,8,109,2.041392685158225
CGAATCATCCTACAAG-1,OTI,5,244,2.3891660843645326
CGAATCATCGCTCCTA-1,C57BL6,0,0,0.0
CGAATCATCGGTTCGG-1,OTI,1,4,0.6989700043360189
CGAATCATCGTATGTG-1,OTI,1,97,1.9912260756924949
CGAATCATCGTCAATG-1,C57BL6,1,2,0.47712125471966244
CGAATCATCGTGCAAC-1,OTI,1,54,1.7403626894942439
CGAATCTCAATTCAGC-1,OTI,2,7,0.9030899869919435
CGAATCTCACCACTCT-1,OTI,1,91,1.9637878273455553
CGAATCTCACCTCAGA-1,C57BL6,2,2,0.47712125471966244
CGAATCTCACGACACC-1,C57BL6,0,0,0.0
CGAATCTCACGCTGAC-1,C57BL6,0,0,0.0
CGAATCTCACTCTAGG-1,C57BL6,1,6,0.8450980400142568
CGAATCTCAGCATTTA-1,OTI,7,81,1.9138138523837167
CGAATCTCAGCCTGAC-1,OTI,8,174,2.2430380486862944
CGAATGCTCAATTATG-1,C57BL6,0,0,0.0
CGAATGCTCACCAAGC-1,OTI,0,0,0.0
CGAATGCTCACGTCGG-1,OTI,6,210,2.3242824552976926
CGAATGCTCACTTCTA-1,OTI,1,6,0.8450980400142568
CGAATGCTCATGCTTC-1,OTI,11,82,1.919078092376074
CGAATGCTCCGAAACC-1,C57BL6,1,23,1.380211241711606
CGAATGCTCCGCTTGC-1,OTI,2,43,1.6434526764861874
CGAATGCTCGCACTAA-1,OTI,1,8,0.9542425094393249
CGAATGCTCGTGTCGG-1,OTI,0,0,0.0
CGAATGGAGAGTAAGC-1,OTI,0,0,0.0
CGAATGGAGCCTATGA-1,C57BL6,0,0,0.0
CGAATGGAGGGAATCG-1,OTI,3,179,2.255272505103306
CGAATGGAGGGCGATA-1,OTI,10,201,2.305351369446624
CGAATTGTCAAACTAC-1,OTI,1,4,0.6989700043360189
CGAATTGTCCGATGTA-1,OTI,5,47,1.6812412373755872
CGAATTGTCCTATGCT-1,OTI,3,101,2.0086001717619175
CGAATTGTCGCATCGG-1,OTI,0,0,0.0
CGAATTGTCGGTTCGG-1,C57BL6,0,0,0.0
CGAATTTAGACATGGG-1,OTI,0,0,0.0
CGAATTTAGAGCGTAG-1,OTI,2,32,1.5185139398778875
CGAATTTAGCAAGAGT-1,C57BL6,0,0,0.0
CGAATTTAGCAATTCG-1,OTI,1,5,0.7781512503836436
CGAATTTAGCTAATAC-1,C57BL6,0,0,0.0
CGAATTTAGGGACACA-1,OTI,1,5,0.7781512503836436
CGAATTTAGGGTGTTC-1,OTI,0,0,0.0
CGACAAGAGAGCGTAG-1,OTI,5,82,1.919078092376074
CGACAAGAGCAACCCG-1,OTI,3,28,1.462397997898956
CGACAAGAGCAGCTGT-1,OTI,0,0,0.0
CGACAAGAGCCAGCAT-1,C57BL6,0,0,0.0
CGACACCCAACTGCCA-1,OTI,4,32,1.5185139398778875
CGACACCCACCAGACC-1,C57BL6,3,3,0.6020599913279624
CGACACCCAGGACCTC-1,OTI,2,58,1.7708520116421442
CGACACCCAGTATACC-1,C57BL6,0,0,0.0
CGACACCCAGTCCACA-1,OTI,2,129,2.113943352306837
CGACAGAAGACAACGG-1,C57BL6,2,13,1.146128035678238
CGACAGAAGACGCGTT-1,C57BL6,1,1,0.3010299956639812
CGACAGAAGCTGTAGC-1,OTI,1,4,0.6989700043360189
CGACAGCGTATGATGC-1,C57BL6,1,2,0.47712125471966244
CGACAGCGTCAGCGGT-1,C57BL6,2,3,0.6020599913279624
CGACAGCGTCCGCTAT-1,OTI,1,5,0.7781512503836436
CGACAGCGTCGGGGTT-1,C57BL6,1,7,0.9030899869919435
CGACAGCGTCTGGTAG-1,OTI,0,0,0.0
CGACAGCGTGCTTGCT-1,OTI,1,21,1.3424226808222062
CGACCATAGACGAACG-1,OTI,1,7,0.9030899869919435
CGACCATAGACTGCCG-1,OTI,1,2,0.47712125471966244
CGACCATAGCAAACGG-1,OTI,0,0,0.0
CGACCATAGCCAGAGA-1,OTI,0,0,0.0
CGACCATAGCCTACGG-1,OTI,3,349,2.5440680443502757
CGACCATAGCGACCAT-1,OTI,0,0,0.0
CGACCATAGCTAGATT-1,OTI,4,82,1.919078092376074
CGACCATAGGTATCCA-1,OTI,4,58,1.7708520116421442
CGACCCCGTACGGGCT-1,OTI,0,0,0.0
CGACCCCGTACTTGCC-1,C57BL6,1,10,1.0413926851582251
CGACCCTTCACTGCAA-1,OTI,7,174,2.2430380486862944
CGACCCTTCCGCTAAA-1,C57BL6,0,0,0.0
CGACCCTTCCTACTAC-1,OTI,4,681,2.833784374656479
CGACCCTTCGTGCGTG-1,OTI,4,235,2.3729120029701067
CGACCTACACACTAAC-1,OTI,1,152,2.184691430817599
CGACCTACACCATTAA-1,OTI,1,113,2.0569048513364727
CGACCTACACTAAACC-1,OTI,5,157,2.1986570869544226
CGACCTACAGCACCTA-1,OTI,2,20,1.3222192947339193
CGACCTACAGTGGGAT-1,OTI,5,87,1.9444826721501687
CGACGCATCACCTCTG-1,OTI,1,26,1.4313637641589874
CGACGCATCACTTCTA-1,C57BL6,0,0,0.0
CGACGCATCATAGTAC-1,OTI,7,390,2.5921767573958667
CGACGCATCCACAAGC-1,OTI,9,265,2.424881636631067
CGACGCATCCATGGGT-1,OTI,0,0,0.0
CGACGCATCGGTATGC-1,OTI,2,12,1.1139433523068367
CGACGCATCGGTGCAT-1,OTI,1,34,1.5440680443502757
CGACGGACAAAACCTC-1,OTI,2,24,1.3979400086720377
CGACGGACAACACGGG-1,C57BL6,0,0,0.0
CGACGGACACAGGTAA-1,C57BL6,0,0,0.0
CGACGGACAGGAAGGA-1,OTI,6,271,2.4345689040341987
CGACGGTGTATATCAG-1,OTI,3,74,1.8750612633917
CGACGGTGTATGCGAT-1,OTI,0,0,0.0
CGACGGTGTGCCCGAG-1,OTI,3,18,1.2787536009528289
CGACGGTGTGCTGTCT-1,OTI,2,14,1.1760912590556813
CGACGTAGTACCTATT-1,C57BL6,0,0,0.0
CGACGTAGTACGGGTC-1,OTI,0,0,0.0
CGACGTAGTATCATTC-1,C57BL6,0,0,0.0
CGACGTAGTATGCCGA-1,OTI,0,0,0.0
CGACGTAGTCAGTGCA-1,OTI,5,155,2.1931245983544616
CGACGTAGTCTGGTCT-1,OTI,2,13,1.146128035678238
CGACGTAGTGGGATAA-1,C57BL6,0,0,0.0
CGACGTTAGATCCTGA-1,C57BL6,0,0,0.0
CGACGTTAGATTGGTT-1,C57BL6,1,6,0.8450980400142568
CGACGTTAGCACGAAG-1,OTI,1,13,1.146128035678238
CGACGTTAGGCGGTTT-1,OTI,3,20,1.3222192947339193
CGACGTTAGGCTTCCC-1,C57BL6,1,3,0.6020599913279624
CGACGTTAGGGCTTGT-1,C57BL6,2,11,1.0791812460476249
CGACGTTAGGTGCCCA-1,OTI,8,177,2.250420002308894
CGACTAATCAGTACGC-1,OTI,5,221,2.346352974450639
CGACTAATCAGTTTCC-1,C57BL6,0,0,0.0
CGACTAATCATGAAAG-1,OTI,3,35,1.5563025007672873
CGACTAATCCAAAGCC-1,C57BL6,0,0,0.0
CGACTAATCCAGTCAA-1,OTI,2,24,1.3979400086720377
CGACTAATCCTAGCAA-1,OTI,5,136,2.1367205671564067
CGACTAGGTACATCTT-1,OTI,2,171,2.2355284469075487
CGACTAGGTAGGATAG-1,OTI,0,0,0.0
CGACTAGGTCTAGGTG-1,OTI,3,50,1.7075701760979363
CGACTAGGTGGCGAAG-1,OTI,0,0,0.0
CGACTAGGTGTACCCT-1,C57BL6,0,0,0.0
CGACTAGGTGTGCAAT-1,C57BL6,0,0,0.0
CGACTCCTCAAATTGC-1,C57BL6,3,43,1.6434526764861874
CGACTCCTCAACGCAC-1,C57BL6,0,0,0.0
CGACTCCTCACTCCAT-1,C57BL6,1,8,0.9542425094393249
CGACTCCTCAGAATAG-1,OTI,3,44,1.6532125137753437
CGACTCCTCAGGCCAT-1,C57BL6,0,0,0.0
CGACTCCTCATTACTT-1,OTI,6,262,2.419955748489758
CGACTCCTCCCGGTTC-1,OTI,2,1218,3.0860037056183818
CGACTCCTCCGGCGTA-1,OTI,4,33,1.5314789170422551
CGACTCCTCGGCTCGA-1,C57BL6,1,27,1.4471580313422192
CGACTCCTCGGTCAGT-1,C57BL6,0,0,0.0
CGACTCCTCGTAGGCT-1,OTI,1,116,2.0681858617461617
CGACTCCTCGTCAACA-1,C57BL6,0,0,0.0
CGACTCTGTACGTGCA-1,OTI,1,183,2.2648178230095364
CGACTCTGTAGCAGGG-1,OTI,2,65,1.8195439355418688
CGACTCTGTCGTTAAA-1,OTI,1,257,2.41161970596323
CGACTCTGTGTATCCC-1,OTI,1,236,2.374748346010104
CGACTTCGTACGCTTC-1,C57BL6,1,6,0.8450980400142568
CGACTTCGTATGCCTC-1,C57BL6,3,11,1.0791812460476249
CGACTTCGTCACTATT-1,C57BL6,0,0,0.0
CGACTTCGTCGTGTCT-1,OTI,2,24,1.3979400086720377
CGACTTCGTGCCATAG-1,C57BL6,0,0,0.0
CGACTTCGTGTCACGA-1,OTI,3,61,1.792391689498254
CGAGCATTCAAATCAC-1,C57BL6,0,0,0.0
CGAGCATTCAGGCTCG-1,C57BL6,2,4,0.6989700043360189
CGAGCATTCATGTCCT-1,C57BL6,0,0,0.0
CGAGCATTCCGCACTC-1,C57BL6,3,397,2.5998830720736876
CGAGCATTCCTCTGGC-1,OTI,3,70,1.8512583487190752
CGAGCATTCGCGCATG-1,OTI,5,80,1.9084850188786497
CGAGCATTCGGACACT-1,OTI,2,14,1.1760912590556813
CGAGCGACAAGTTTCA-1,OTI,2,41,1.6232492903979006
CGAGCGACAATGCGGG-1,C57BL6,1,2,0.47712125471966244
CGAGCGACACTATAAT-1,OTI,5,1112,3.0464951643347082
CGAGCGACAGCGGACA-1,OTI,4,52,1.724275869600789
CGAGCGACAGTCGCAC-1,C57BL6,0,0,0.0
CGAGCGTGTACAAGGA-1,OTI,4,22,1.3617278360175928
CGAGCGTGTATCCGGA-1,OTI,2,27,1.4471580313422192
CGAGCGTGTATGTTCT-1,OTI,0,0,0.0
CGAGCGTGTCATGTCC-1,OTI,8,301,2.4800069429571505
CGAGCGTGTGCAATGT-1,OTI,5,345,2.5390760987927767
CGAGGAGGTACTATAG-1,OTI,3,17,1.255272505103306
CGAGGAGGTCTGTATT-1,OTI,4,70,1.8512583487190752
CGAGGAGGTCTGTCTA-1,C57BL6,0,0,0.0
CGAGGCTGTAAGGTCT-1,OTI,1,60,1.7853298350107671
CGAGGCTGTAGGATTC-1,OTI,0,0,0.0
CGAGGCTGTAGGTAAG-1,OTI,2,23,1.380211241711606
CGAGGCTGTCCTCTCC-1,C57BL6,0,0,0.0
CGAGGCTGTCGAAGGG-1,C57BL6,2,16,1.2304489213782739
CGAGGCTGTCGATGGC-1,OTI,0,0,0.0
CGAGGCTGTCTGGTGA-1,OTI,0,0,0.0
CGAGGGAGTAGGACCC-1,OTI,4,187,2.27415784926368
CGAGGGAGTCATCATT-1,C57BL6,0,0,0.0
CGAGGGAGTGGCTGTA-1,C57BL6,0,0,0.0
CGAGTAACAAAACGGC-1,C57BL6,0,0,0.0
CGAGTAACAACTTACA-1,OTI,3,110,2.0453229787866576
CGAGTAACAATAAGTA-1,OTI,5,80,1.9084850188786497
CGAGTAACAGCTTCAG-1,OTI,0,0,0.0
CGAGTAGAGCAAGAGT-1,C57BL6,4,32,1.5185139398778875
CGAGTAGAGCACCACG-1,C57BL6,1,16,1.2304489213782739
CGAGTAGAGCATTTCC-1,C57BL6,0,0,0.0
CGAGTAGAGCGAGTCT-1,C57BL6,2,5,0.7781512503836436
CGAGTAGAGGCTATGC-1,C57BL6,5,35,1.5563025007672873
CGAGTAGAGGCTTATG-1,C57BL6,4,59,1.7781512503836436
CGAGTAGAGGGTACGA-1,C57BL6,0,0,0.0
CGAGTAGAGGTAGTTT-1,C57BL6,0,0,0.0
CGAGTAGAGGTCCATA-1,C57BL6,3,38,1.591064607026499
CGAGTCAGTCGACGGT-1,C57BL6,0,0,0.0
CGAGTCAGTCGCGTGG-1,C57BL6,1,6,0.8450980400142568
CGAGTCAGTCGTACCT-1,OTI,5,35,1.5563025007672873
CGAGTCTAGAATTACC-1,OTI,0,0,0.0
CGAGTCTAGACCCGCA-1,OTI,0,0,0.0
CGAGTCTAGCACTAGC-1,OTI,4,30,1.4913616938342726
CGAGTCTAGCATTTGG-1,OTI,1,13,1.146128035678238
CGAGTCTAGCCGCGTA-1,C57BL6,1,11,1.0791812460476249
CGAGTCTAGCTGTCGG-1,OTI,0,0,0.0
CGAGTCTAGCTTAAGT-1,C57BL6,1,3,0.6020599913279624
CGAGTCTAGGGTAGGC-1,C57BL6,0,0,0.0
CGAGTGCGTAACGTCG-1,C57BL6,1,9,1.0
CGAGTGCGTACATCTT-1,OTI,0,0,0.0
CGAGTGCGTAGGCAGG-1,OTI,7,379,2.57978359661681
CGAGTGCGTCCTAATT-1,C57BL6,1,84,1.9294189257142926
CGAGTGCGTCGAAGCC-1,OTI,4,20,1.3222192947339193
CGAGTGTTCAGTTTGG-1,OTI,1,24,1.3979400086720377
CGAGTGTTCCATATCC-1,OTI,2,143,2.1583624920952498
CGAGTGTTCCCAAAGC-1,OTI,3,14,1.1760912590556813
CGAGTGTTCCCTGACC-1,OTI,5,66,1.8260748027008264
CGAGTGTTCGCATCGG-1,OTI,0,0,0.0
CGATAAGCAAATCTAT-1,OTI,3,30,1.4913616938342726
CGATAAGCAACGGCAG-1,OTI,6,150,2.1789769472931693
CGATAAGCAAGAGGTC-1,OTI,1,3,0.6020599913279624
CGATAAGCAATCGTAC-1,OTI,2,111,2.0492180226701815
CGATAAGCAGCTATCG-1,C57BL6,1,2,0.47712125471966244
CGATAAGCAGGCGCAA-1,OTI,2,41,1.6232492903979006
CGATAAGCAGGGCAAT-1,C57BL6,2,171,2.2355284469075487
CGATAAGCAGTAACCT-1,C57BL6,2,6,0.8450980400142568
CGATAATTCCCGGGTA-1,OTI,5,44,1.6532125137753437
CGATAATTCGCCAATA-1,OTI,0,0,0.0
CGATAATTCGGGTTAC-1,OTI,1,63,1.806179973983887
CGATAATTCGGTGCAT-1,OTI,2,107,2.03342375548695
CGATACATCACCCATT-1,OTI,3,154,2.1903316981702914
CGATACATCACCTACT-1,C57BL6,0,0,0.0
CGATACATCACGTATG-1,C57BL6,1,41,1.6232492903979006
CGATACATCAGCTATG-1,OTI,3,81,1.9138138523837167
CGATACATCCATCACT-1,C57BL6,0,0,0.0
CGATACATCCATCTGT-1,OTI,0,0,0.0
CGATACATCCCACTAT-1,OTI,4,30,1.4913616938342726
CGATACATCCCGCTTA-1,C57BL6,1,5,0.7781512503836436
CGATACATCCCTTCCT-1,C57BL6,6,7,0.9030899869919435
CGATACATCCTGTATC-1,OTI,2,10,1.0413926851582251
CGATACATCCTTAGCT-1,C57BL6,0,0,0.0
CGATACATCGCGATGT-1,OTI,2,16,1.2304489213782739
CGATACATCGGTATGC-1,C57BL6,0,0,0.0
CGATAGACAACTGGAA-1,OTI,2,8,0.9542425094393249
CGATAGACAGTATGCT-1,C57BL6,0,0,0.0
CGATAGACAGTGTCAT-1,OTI,3,28,1.462397997898956
CGATAGCTCAATTATG-1,OTI,6,308,2.4899584794248346
CGATAGCTCAGGGTCT-1,OTI,1,7,0.9030899869919435
CGATAGCTCATCAATA-1,OTI,5,22,1.3617278360175928
CGATAGCTCATTGTGG-1,OTI,4,71,1.8573324964312685
CGATAGCTCCCCAATT-1,OTI,3,47,1.6812412373755872
CGATAGCTCCGTGTCC-1,OTI,4,208,2.3201462861110542
CGATAGCTCGCGAGTT-1,C57BL6,1,1,0.3010299956639812
CGATAGCTCGGGCTTG-1,OTI,4,248,2.3961993470957363
CGATAGTGTCGTGGGT-1,C57BL6,2,46,1.6720978579357175
CGATAGTGTGCCTGCC-1,OTI,4,92,1.968482948553935
CGATAGTGTGTGTGCA-1,OTI,1,40,1.6127838567197355
CGATCAATCACAACGC-1,OTI,3,29,1.4771212547196624
CGATCAATCACACACA-1,OTI,1,19,1.3010299956639813
CGATCAATCACTTACC-1,OTI,1,71,1.8573324964312685
CGATCAATCCCCACGT-1,C57BL6,0,0,0.0
CGATCAATCCGAAACC-1,OTI,2,8,0.9542425094393249
CGATCAATCCGAACAC-1,OTI,0,0,0.0
CGATCAATCGCATCAA-1,OTI,1,4,0.6989700043360189
CGATCAATCGTCATTC-1,OTI,1,6,0.8450980400142568
CGATCAGGTAAATCTG-1,C57BL6,4,10,1.0413926851582251
CGATCAGGTAACTCCC-1,OTI,3,47,1.6812412373755872
CGATCAGGTAAGCATC-1,C57BL6,0,0,0.0
CGATCAGGTCCTTTAG-1,OTI,3,50,1.7075701760979363
CGATCAGGTCTGTGGA-1,OTI,0,0,0.0
CGATCAGGTCTTGGAG-1,OTI,1,26,1.4313637641589874
CGATCAGGTGCACAGC-1,C57BL6,1,11,1.0791812460476249
CGATCAGGTGTCATCC-1,OTI,4,37,1.5797835966168101
CGATCAGGTGTCGCTT-1,C57BL6,0,0,0.0
CGATCAGGTGTTAGCG-1,OTI,3,58,1.7708520116421442
CGATCGGTCATCCCCA-1,OTI,2,23,1.380211241711606
CGATCGGTCGCGCCTT-1,OTI,7,517,2.714329759745233
CGATCGGTCGTTGGCG-1,OTI,13,176,2.247973266361807
CGATGAGAGACAGCAG-1,OTI,6,435,2.639486489268586
CGATGAGAGACTTCAG-1,OTI,3,57,1.7634279935629373
CGATGAGAGCAACCGT-1,OTI,0,0,0.0
CGATGAGAGGCATCGT-1,C57BL6,0,0,0.0
CGATGAGAGGGGTAAT-1,C57BL6,0,0,0.0
CGATGAGAGGTATATC-1,OTI,2,16,1.2304489213782739
CGATGAGAGGTTAGGG-1,C57BL6,0,0,0.0
CGATGATGTCATCTCA-1,OTI,4,31,1.505149978319906
CGATGATGTCATGTGG-1,OTI,4,127,2.1072099696478683
CGATGATGTCGATGGC-1,C57BL6,0,0,0.0
CGATGATGTCGCGCTC-1,OTI,2,57,1.7634279935629373
CGATGATGTCGTTCTA-1,OTI,2,48,1.6901960800285136
CGATGATGTCTGTATT-1,C57BL6,1,5,0.7781512503836436
CGATGATGTGGACTAT-1,OTI,2,90,1.9590413923210936
CGATGATGTGGGAGTG-1,OTI,3,17,1.255272505103306
CGATGATGTGTCGAGC-1,OTI,4,197,2.296665190261531
CGATGGAAGAATCAAG-1,C57BL6,1,24,1.3979400086720377
CGATGGAAGACGATGG-1,OTI,4,22,1.3617278360175928
CGATGGAAGATAGTAG-1,OTI,0,0,0.0
CGATGGAAGCAAGACG-1,C57BL6,1,4,0.6989700043360189
CGATGGAAGCCATAAT-1,OTI,1,20,1.3222192947339193
CGATGGAAGCGTGCAT-1,C57BL6,6,40,1.6127838567197355
CGATGGAAGGCGCATT-1,C57BL6,0,0,0.0
CGATGGAAGGGAAGCC-1,OTI,6,9,1.0
CGATGGCGTAACATTG-1,OTI,12,244,2.3891660843645326
CGATGGCGTACAGCGC-1,OTI,1,12,1.1139433523068367
CGATGGCGTACGTGCA-1,OTI,0,0,0.0
CGATGGCGTAGGCAGG-1,OTI,4,254,2.406540180433955
CGATGGCGTCTATGGG-1,C57BL6,0,0,0.0
CGATGGCGTCTTGGTC-1,OTI,1,3,0.6020599913279624
CGATGGCGTGCTAAGT-1,OTI,3,175,2.24551266781415
CGATGGCGTGGAACGG-1,OTI,0,0,0.0
CGATGGCGTGTGTCAG-1,C57BL6,0,0,0.0
CGATGGCGTGTTGCAG-1,OTI,3,33,1.5314789170422551
CGATGGGCAAGGGTCG-1,OTI,2,75,1.8808135922807914
CGATGGGCAATAGCCT-1,OTI,3,318,2.503790683057181
CGATGGGCACCGCATA-1,OTI,4,502,2.7015679850559273
CGATGGGCACTGTAAC-1,OTI,3,10,1.0413926851582251
CGATGGGCAGTATGGA-1,OTI,1,18,1.2787536009528289
CGATGGTTCATTGTCC-1,OTI,6,200,2.303196057420489
CGATGGTTCCGCACTC-1,OTI,9,177,2.250420002308894
CGATGGTTCCGTTACT-1,OTI,5,45,1.662757831681574
CGATGGTTCGCGCAAT-1,C57BL6,0,0,0.0
CGATGGTTCGGTCCCT-1,OTI,4,46,1.6720978579357175
CGATGGTTCGTCCAAA-1,OTI,8,627,2.797959643737196
CGATGTATCAAGCCTA-1,C57BL6,0,0,0.0
CGATGTATCACAACAT-1,C57BL6,0,0,0.0
CGATGTATCAGGGCAA-1,OTI,0,0,0.0
CGATGTATCCCTGCAC-1,OTI,5,97,1.9912260756924949
CGATGTATCCGGTCGA-1,OTI,2,56,1.7558748556724915
CGATGTATCCTTCGCA-1,C57BL6,0,0,0.0
CGATGTATCGGTTCCC-1,C57BL6,2,9,1.0
CGATGTATCGGTTGGT-1,OTI,1,190,2.2810333672477277
CGATGTTCAACTCGAT-1,C57BL6,0,0,0.0
CGATGTTCAACTGAAG-1,OTI,1,161,2.2095150145426308
CGATGTTCAATCATCA-1,C57BL6,0,0,0.0
CGATGTTCAATTCAGC-1,C57BL6,0,0,0.0
CGATGTTCAATTCTAG-1,OTI,1,9,1.0
CGATGTTCACGTATCG-1,C57BL6,0,0,0.0
CGATGTTCAGCTATTA-1,C57BL6,1,9,1.0
CGATGTTCAGGGGCTA-1,C57BL6,0,0,0.0
CGATTACCAAATATCT-1,OTI,2,6,0.8450980400142568
CGATTACCAACATCCG-1,C57BL6,0,0,0.0
CGATTACCAAGTATAA-1,OTI,2,14,1.1760912590556813
CGATTACCAATATGCC-1,OTI,3,144,2.161368002234975
CGATTACCAATCGGCC-1,OTI,1,6,0.8450980400142568
CGATTACCACCAACAT-1,C57BL6,2,15,1.2041199826559248
CGATTACCACCAGATT-1,OTI,13,417,2.621176281775035
CGATTATAGAGTAAGC-1,OTI,3,230,2.3636119798921444
CGATTATAGATGTATC-1,C57BL6,0,0,0.0
CGATTATAGCAGGGTA-1,OTI,8,132,2.123851640967086
CGATTCAAGATGAGTA-1,OTI,4,393,2.595496221825574
CGATTCCGTACAACGT-1,OTI,2,295,2.4712917110589387
CGATTCCGTATCTCAT-1,OTI,5,74,1.8750612633917
CGATTCCGTATCTCGC-1,OTI,7,93,1.9731278535996986
CGATTCCGTCACCCGC-1,OTI,2,7,0.9030899869919435
CGATTCCGTCATCTTG-1,OTI,0,0,0.0
CGATTGCAGAAGGTGT-1,C57BL6,0,0,0.0
CGATTGCAGAGGGCGT-1,OTI,1,163,2.214843848047698
CGATTGCAGCACCGCA-1,C57BL6,4,5,0.7781512503836436
CGATTGCAGCACGCCA-1,OTI,3,67,1.8325089127062364
CGATTGCAGCCTTAGA-1,OTI,4,129,2.113943352306837
CGATTGCAGCGAAACG-1,OTI,5,311,2.494154594018443
CGATTGCAGCTGGCAT-1,OTI,0,0,0.0
CGATTGCAGGTCAATT-1,OTI,0,0,0.0
CGATTGGGTAACAGAG-1,OTI,2,47,1.6812412373755872
CGATTGGGTCATGGGC-1,C57BL6,1,8,0.9542425094393249
CGATTGGGTCCATCCG-1,OTI,2,9,1.0
CGATTGGGTCCATTCA-1,OTI,2,51,1.7160033436347992
CGATTGGGTCCCTTGG-1,OTI,2,588,2.7701152947871015
CGATTGGGTGGCACGT-1,OTI,2,169,2.230448921378274
CGATTTACAACCAACT-1,OTI,2,77,1.8920946026904804
CGATTTACAATCGGGG-1,OTI,0,0,0.0
CGATTTACACTAGCGC-1,OTI,4,32,1.5185139398778875
CGATTTACACTAGGCC-1,C57BL6,0,0,0.0
CGATTTACACTGACAT-1,OTI,6,37,1.5797835966168101
CGATTTACAGCTAACT-1,OTI,4,286,2.4578818967339924
CGATTTGAGACGCGAA-1,C57BL6,0,0,0.0
CGATTTGAGACGTTAT-1,OTI,0,0,0.0
CGATTTGAGAGTCCAC-1,OTI,0,0,0.0
CGATTTGAGAGTGCAG-1,C57BL6,0,0,0.0
CGATTTGAGCATTTGG-1,OTI,4,158,2.2013971243204513
CGATTTGAGGGTAGGC-1,OTI,1,57,1.7634279935629373
CGATTTGAGGTAAGAC-1,OTI,1,130,2.1172712956557644
CGATTTGAGGTTGCCG-1,C57BL6,0,0,0.0
CGATTTGAGGTTGGTC-1,C57BL6,2,4,0.6989700043360189
CGCAAATGTCCTTATG-1,C57BL6,2,7,0.9030899869919435
CGCAAATGTCGAAGGG-1,OTI,4,76,1.8864907251724818
CGCAAATGTCGAGCGT-1,OTI,6,137,2.1398790864012365
CGCAAATGTCGTATGG-1,OTI,0,0,0.0
CGCAAATGTCGTGTTC-1,OTI,3,24,1.3979400086720377
CGCAAATGTCTCGTCG-1,C57BL6,1,8,0.9542425094393249
CGCAAATGTGTCATCC-1,OTI,2,28,1.462397997898956
CGCAACCCAAAATTCT-1,OTI,5,94,1.9777236052888478
CGCAACCCAACGGGAT-1,OTI,5,474,2.6766936096248664
CGCAACCCAAGCAGTA-1,C57BL6,0,0,0.0
CGCAACCCAAGTCCAT-1,OTI,3,57,1.7634279935629373
CGCAACCCACTGAAAG-1,OTI,3,161,2.2095150145426308
CGCAACCCAGCACGCT-1,OTI,1,5,0.7781512503836436
CGCAACCCAGTATAGG-1,C57BL6,0,0,0.0
CGCAACCCAGTGCTCA-1,OTI,5,66,1.8260748027008264
CGCAATATCACATACG-1,OTI,2,18,1.2787536009528289
CGCAATATCACTCTCG-1,OTI,8,171,2.2355284469075487
CGCAATATCATAACAC-1,OTI,6,361,2.558708570533166
CGCAATATCCCTATTA-1,C57BL6,0,0,0.0
CGCAATATCCGGGATT-1,C57BL6,2,2,0.47712125471966244
CGCAATATCGTAGTCA-1,C57BL6,2,11,1.0791812460476249
CGCAATTCAACCCTCT-1,OTI,3,49,1.6989700043360187
CGCAATTCAAGCCGTC-1,C57BL6,0,0,0.0
CGCAATTCACCAGCTA-1,C57BL6,1,22,1.3617278360175928
CGCAATTCAGGTTCGC-1,OTI,1,37,1.5797835966168101
CGCACATAGAACCATT-1,OTI,0,0,0.0
CGCACATAGAACCCAC-1,C57BL6,0,0,0.0
CGCACATAGAATTACC-1,OTI,5,104,2.0211892990699383
CGCACATAGATCCACA-1,OTI,0,0,0.0
CGCACATAGCACCTCC-1,C57BL6,0,0,0.0
CGCACATAGCTAGGTC-1,OTI,3,87,1.9444826721501687
CGCACCCGTACCCTTA-1,C57BL6,1,148,2.173186268412274
CGCACCCGTGTGTATA-1,C57BL6,0,0,0.0
CGCACCCGTGTGTTAA-1,OTI,1,10,1.0413926851582251
CGCACGTCAATGGTCT-1,OTI,2,22,1.3617278360175928
CGCACGTCACAGGTAA-1,OTI,3,25,1.414973347970818
CGCACGTCACCACGGT-1,OTI,0,0,0.0
CGCACGTCACTCACGA-1,C57BL6,3,18,1.2787536009528289
CGCACGTCACTCTAGG-1,C57BL6,0,0,0.0
CGCACGTCACTGGGAG-1,C57BL6,1,1,0.3010299956639812
CGCACGTCAGGTATCT-1,OTI,0,0,0.0
CGCACGTCAGTTGGTT-1,OTI,1,1,0.3010299956639812
CGCACTACAAGTGCAA-1,C57BL6,2,15,1.2041199826559248
CGCACTACAATTAACT-1,C57BL6,0,0,0.0
CGCACTACACATAATT-1,OTI,1,32,1.5185139398778875
CGCACTACACCACTAG-1,OTI,8,272,2.436162647040756
CGCACTCTCAAGGGCA-1,OTI,3,143,2.1583624920952498
CGCACTCTCATTGGCA-1,OTI,0,0,0.0
CGCACTCTCCCACTAT-1,OTI,0,0,0.0
CGCACTCTCCGGTCCT-1,OTI,11,834,2.921686475483602
CGCAGCATCAATTGGT-1,OTI,0,0,0.0
CGCAGCATCCTTAGTC-1,OTI,7,38,1.591064607026499
CGCAGCTCAAACTCCG-1,OTI,2,15,1.2041199826559248
CGCAGCTCAAGCATTC-1,OTI,5,331,2.5211380837040362
CGCAGCTCAAGGTAAT-1,OTI,3,246,2.392696953259666
CGCAGCTCACACAAGA-1,OTI,0,0,0.0
CGCAGGACAACTGAAG-1,OTI,3,102,2.012837224705172
CGCAGGACAGGGTCTC-1,OTI,5,94,1.9777236052888478
CGCAGTAGTAAACGCT-1,OTI,1,3,0.6020599913279624
CGCAGTAGTACAACGT-1,OTI,7,209,2.322219294733919
CGCAGTAGTCTCGCTG-1,OTI,1,35,1.5563025007672873
CGCAGTAGTGCGGAGA-1,OTI,1,11,1.0791812460476249
CGCAGTAGTGGTCTAG-1,C57BL6,0,0,0.0
CGCAGTCCAACTTAGC-1,OTI,5,175,2.24551266781415
CGCAGTCCAATCATCA-1,C57BL6,0,0,0.0
CGCAGTCCACAACATC-1,OTI,4,77,1.8920946026904804
CGCAGTCCACGTTAGT-1,OTI,2,104,2.0211892990699383
CGCAGTCCAGCTCGGT-1,C57BL6,0,0,0.0
CGCAGTTAGAATGCGG-1,C57BL6,0,0,0.0
CGCAGTTAGACATATC-1,OTI,1,3,0.6020599913279624
CGCAGTTAGAGAGGAA-1,C57BL6,0,0,0.0
CGCAGTTAGATGCGGA-1,OTI,5,279,2.4471580313422194
CGCATAATCAACCAAT-1,OTI,3,451,2.655138434811382
CGCATAATCCGAAGTC-1,C57BL6,1,1,0.3010299956639812
CGCATAATCGTACGGT-1,OTI,4,89,1.954242509439325
CGCATAATCGTCTCTG-1,C57BL6,0,0,0.0
CGCATACAGACATAGA-1,C57BL6,1,7,0.9030899869919435
CGCATACAGAGCGATG-1,C57BL6,1,52,1.724275869600789
CGCATACAGAGGCGGT-1,C57BL6,0,0,0.0
CGCATAGGTAAGCAAG-1,C57BL6,0,0,0.0
CGCATAGGTACAGGCC-1,C57BL6,1,3,0.6020599913279624
CGCATAGGTCAGGTTG-1,C57BL6,0,0,0.0
CGCATAGGTGCCTTGT-1,OTI,5,572,2.75815462196739
CGCATAGGTGGATTCG-1,OTI,3,3,0.6020599913279624
CGCATAGGTGGCGCAT-1,C57BL6,1,4,0.6989700043360189
CGCATAGGTGGCTTTC-1,OTI,2,31,1.505149978319906
CGCATAGGTGTTAAGC-1,C57BL6,1,4,0.6989700043360189
CGCATATCAACGAGGT-1,OTI,1,1,0.3010299956639812
CGCATATCAACGTGCC-1,OTI,4,37,1.5797835966168101
CGCATATCAATCTCTT-1,OTI,4,336,2.5276299008713385
CGCATATCACACTCAG-1,C57BL6,0,0,0.0
CGCATATCAGCCTCTT-1,C57BL6,0,0,0.0
CGCATATCAGTGTGGG-1,OTI,0,0,0.0
CGCATCACAAACGGTA-1,C57BL6,2,47,1.6812412373755872
CGCATCACAAAGCTAG-1,C57BL6,0,0,0.0
CGCATCACACCAGCTA-1,OTI,1,31,1.505149978319906
CGCATCACAGGAGCCA-1,C57BL6,0,0,0.0
CGCATCGAGCATGGAG-1,OTI,4,274,2.439332693830263
CGCATCGAGCCAGCAT-1,C57BL6,1,42,1.6334684555795864
CGCATCGAGCCTCGAG-1,C57BL6,0,0,0.0
CGCATCGAGCGGGGAT-1,OTI,3,113,2.0569048513364727
CGCATCGAGCGTGTCG-1,C57BL6,0,0,0.0
CGCATCGAGGGTCGTT-1,C57BL6,0,0,0.0
CGCATCGAGGTATGGG-1,OTI,5,37,1.5797835966168101
CGCATCTGTAAATCCA-1,C57BL6,0,0,0.0
CGCATCTGTAATTTCC-1,OTI,3,44,1.6532125137753437
CGCATCTGTAGTGTTA-1,C57BL6,1,39,1.6020599913279623
CGCATCTGTATCCTAT-1,C57BL6,0,0,0.0
CGCATCTGTCTAACCC-1,C57BL6,1,4,0.6989700043360189
CGCATCTGTGTGCAAT-1,C57BL6,0,0,0.0
CGCATCTGTGTGGATT-1,OTI,1,117,2.0718820073061255
CGCATGGTCACCTCTG-1,C57BL6,0,0,0.0
CGCATGGTCATGCTTC-1,C57BL6,1,1,0.3010299956639812
CGCATGGTCCATTGCT-1,OTI,2,164,2.2174839442139063
CGCATGGTCGTACGTA-1,OTI,2,53,1.7323937598229686
CGCATGGTCGTCAAGC-1,C57BL6,0,0,0.0
CGCATGGTCGTCATTC-1,OTI,1,6,0.8450980400142568
CGCATTAAGCTCGTAA-1,OTI,5,117,2.0718820073061255
CGCATTAAGGGAGTAT-1,C57BL6,6,6,0.8450980400142568
CGCATTAAGGTATTGT-1,C57BL6,2,17,1.255272505103306
CGCATTCGTACTCTAT-1,C57BL6,1,3,0.6020599913279624
CGCATTCGTCACACTC-1,OTI,0,0,0.0
CGCATTCGTCCGCTTG-1,OTI,3,66,1.8260748027008264
CGCATTCGTCTTCAAT-1,C57BL6,1,2,0.47712125471966244
CGCCAACCAAAACCTC-1,C57BL6,0,0,0.0
CGCCAACCAAAAGGCC-1,C57BL6,0,0,0.0
CGCCAACCAAAGGACC-1,OTI,1,77,1.8920946026904804
CGCCAACCAACTGCCA-1,OTI,2,122,2.089905111439398
CGCCAACCACACCGTA-1,OTI,3,180,2.2576785748691846
CGCCAATAGACAGTTT-1,C57BL6,1,17,1.255272505103306
CGCCAATAGACCCACG-1,OTI,0,0,0.0
CGCCAATAGAGAGAGA-1,OTI,3,482,2.683947130751512
CGCCAATAGCACCTCC-1,OTI,1,9,1.0
CGCCAATAGCATAGGG-1,C57BL6,0,0,0.0
CGCCAATAGCCATACA-1,OTI,7,161,2.2095150145426308
CGCCAATAGCGATTAT-1,OTI,3,204,2.311753861055754
CGCCAATAGGTAGAAC-1,OTI,7,48,1.6901960800285136
CGCCACAAGAGGGTGC-1,OTI,3,38,1.591064607026499
CGCCACAAGATCGGAG-1,C57BL6,2,15,1.2041199826559248
CGCCACAAGGCACCCA-1,C57BL6,1,3,0.6020599913279624
CGCCACAAGGGCTTCG-1,OTI,8,586,2.7686381012476144
CGCCATACAATACGCT-1,C57BL6,2,28,1.462397997898956
CGCCATACAATCCTAA-1,C57BL6,1,4,0.6989700043360189
CGCCATACAATGGTCT-1,OTI,1,2,0.47712125471966244
CGCCATACAATTACCA-1,C57BL6,1,43,1.6434526764861874
CGCCATACAATTCGTA-1,C57BL6,1,2,0.47712125471966244
CGCCATACACCACGTA-1,C57BL6,0,0,0.0
CGCCATACACTTATAG-1,OTI,1,40,1.6127838567197355
CGCCATACACTTGACG-1,OTI,3,8,0.9542425094393249
CGCCATACAGGCGACA-1,C57BL6,0,0,0.0
CGCCATACAGTGCGAG-1,OTI,1,15,1.2041199826559248
CGCCATTGTAACTCGG-1,OTI,3,463,2.6665179805548807
CGCCATTGTACTTCGC-1,OTI,1,1,0.3010299956639812
CGCCATTGTATAGGCT-1,OTI,0,0,0.0
CGCCATTGTATCTCGC-1,C57BL6,0,0,0.0
CGCCATTGTCCGTAAG-1,OTI,4,187,2.27415784926368
CGCCATTGTCCGTTGT-1,OTI,3,316,2.5010592622177517
CGCCATTGTCGCACCC-1,OTI,5,218,2.3404441148401185
CGCCATTGTCGTTCTA-1,OTI,5,49,1.6989700043360187
CGCCCAAAGAAGCTAA-1,OTI,2,7,0.9030899869919435
CGCCCAAAGACACGGA-1,OTI,2,48,1.6901960800285136
CGCCCAAAGAGAGGAA-1,OTI,5,233,2.369215857410143
CGCCCAAAGAGGCTGA-1,OTI,3,61,1.792391689498254
CGCCCAAAGCAGGGGT-1,OTI,5,209,2.322219294733919
CGCCCAAAGCCATTGA-1,OTI,3,174,2.2430380486862944
CGCCCAAAGCGTACAC-1,C57BL6,0,0,0.0
CGCCCAAAGGTTCAGC-1,OTI,0,0,0.0
CGCCCATTCAAAGCAA-1,OTI,7,96,1.9867717342662448
CGCCCATTCAGCAATT-1,OTI,4,78,1.8976270912904414
CGCCCATTCAGCCTCC-1,OTI,1,3,0.6020599913279624
CGCCCATTCCCAGCCT-1,C57BL6,0,0,0.0
CGCCCATTCCCTACCA-1,C57BL6,0,0,0.0
CGCCCATTCCGGTAAC-1,OTI,1,1,0.3010299956639812
CGCCCATTCGTAGCGT-1,OTI,3,9,1.0
CGCCCGTGTAAGGTTC-1,OTI,2,61,1.792391689498254
CGCCCGTGTAAGTGAG-1,OTI,2,19,1.3010299956639813
CGCCCGTGTACGAGTT-1,OTI,1,21,1.3424226808222062
CGCCCGTGTATGCCTC-1,OTI,1,6,0.8450980400142568
CGCCCGTGTCATACAA-1,OTI,0,0,0.0
CGCCCGTGTCCAGCTT-1,C57BL6,2,15,1.2041199826559248
CGCCCGTGTCGTCTTA-1,C57BL6,1,5,0.7781512503836436
CGCCCGTGTGTCTTAT-1,OTI,5,194,2.290034611362518
CGCCCTAGTAGAGGTA-1,C57BL6,0,0,0.0
CGCCCTAGTAGCGTCA-1,C57BL6,0,0,0.0
CGCCCTAGTAGTCTCC-1,OTI,2,59,1.7781512503836436
CGCCCTAGTATGTACA-1,OTI,4,43,1.6434526764861874
CGCCCTAGTCATGTGG-1,OTI,5,78,1.8976270912904414
CGCCCTAGTCGATAGT-1,OTI,0,0,0.0
CGCCCTAGTCGCTAAG-1,OTI,0,0,0.0
CGCCCTAGTCTCGGTT-1,OTI,0,0,0.0
CGCCGTCGTACTATGA-1,C57BL6,1,1,0.3010299956639812
CGCCGTCGTAGCGTTG-1,C57BL6,0,0,0.0
CGCCGTCGTAGCTGGC-1,C57BL6,1,5,0.7781512503836436
CGCCGTCGTCCTGCGC-1,OTI,1,6,0.8450980400142568
CGCCGTCGTCTGCATC-1,C57BL6,1,7,0.9030899869919435
CGCCGTCGTGGGTTAT-1,C57BL6,1,10,1.0413926851582251
CGCCGTTTCAACCCAA-1,OTI,3,486,2.6875289612146345
CGCCGTTTCACTTCGT-1,OTI,6,6,0.8450980400142568
CGCCGTTTCAGCAGTC-1,C57BL6,0,0,0.0
CGCCGTTTCCAGCCCT-1,OTI,0,0,0.0
CGCCGTTTCCCACCTA-1,OTI,4,76,1.8864907251724818
CGCCTAACAAACGGTA-1,OTI,1,65,1.8195439355418688
CGCCTAACAAGGACCG-1,OTI,0,0,0.0
CGCCTAACAAGTGTTC-1,C57BL6,0,0,0.0
CGCCTAACAATCGAGA-1,OTI,2,7,0.9030899869919435
CGCCTAACACCGCAGT-1,C57BL6,2,2,0.47712125471966244
CGCCTAACACTAAACC-1,OTI,0,0,0.0
CGCCTAACACTGGAGG-1,OTI,4,45,1.662757831681574
CGCCTAACAGGTTCAT-1,OTI,1,10,1.0413926851582251
CGCCTAACAGTCGGTC-1,OTI,1,3,0.6020599913279624
CGCCTACTCAACCCTT-1,C57BL6,0,0,0.0
CGCCTACTCAAGTCGC-1,OTI,0,0,0.0
CGCCTACTCATAACTA-1,C57BL6,6,69,1.845098040014257
CGCCTACTCATAATTG-1,OTI,3,118,2.0755469613925306
CGCCTACTCCTAGCCC-1,OTI,1,4,0.6989700043360189
CGCCTACTCCTGATTC-1,OTI,1,40,1.6127838567197355
CGCCTACTCGCATAGC-1,C57BL6,0,0,0.0
CGCCTAGAGACAGCCT-1,OTI,3,51,1.7160033436347992
CGCCTAGAGCCTGGTG-1,OTI,4,37,1.5797835966168101
CGCCTAGAGCTAATAC-1,OTI,5,144,2.161368002234975
CGCCTAGAGGGGGTAC-1,OTI,22,580,2.7641761323903307
CGCCTATGTACGCTGA-1,OTI,4,60,1.7853298350107671
CGCCTATGTATGCCAG-1,OTI,0,0,0.0
CGCCTATGTCAGCAAT-1,OTI,5,48,1.6901960800285136
CGCCTATGTCGCGTGG-1,C57BL6,1,1,0.3010299956639812
CGCCTATGTGGAGCCT-1,C57BL6,4,5,0.7781512503836436
CGCCTATGTGTTCGTC-1,OTI,1,84,1.9294189257142926
CGCCTGAAGGCCTGAT-1,C57BL6,0,0,0.0
CGCCTGAAGGTAGCAG-1,OTI,6,68,1.8388490907372552
CGCCTGAAGGTATTGT-1,OTI,2,83,1.9242792860618816
CGCGAAGCAATCAGCT-1,C57BL6,0,0,0.0
CGCGAAGCACCGCATA-1,C57BL6,0,0,0.0
CGCGAAGCACTGGCAC-1,OTI,3,34,1.5440680443502757
CGCGAAGCAGTCTAAC-1,OTI,2,34,1.5440680443502757
CGCGACTCAATGCAGA-1,OTI,3,30,1.4913616938342726
CGCGACTCAATGTGTC-1,C57BL6,0,0,0.0
CGCGACTCACTAAACC-1,OTI,3,17,1.255272505103306
CGCGATTAGAATCTGT-1,OTI,4,119,2.0791812460476247
CGCGATTAGGGGTTAG-1,OTI,3,36,1.568201724066995
CGCGATTAGGGTAGCA-1,OTI,3,46,1.6720978579357175
CGCGATTAGGGTTCGT-1,OTI,5,67,1.8325089127062364
CGCGATTAGGTAAGCG-1,OTI,2,103,2.0170333392987803
CGCGATTAGGTCTGCG-1,OTI,0,0,0.0
CGCGCATCAACACCCA-1,OTI,2,102,2.012837224705172
CGCGCATCAACCAAGA-1,C57BL6,0,0,0.0
CGCGCATCAACGCAGG-1,C57BL6,1,33,1.5314789170422551
CGCGCATCAATATGTT-1,OTI,1,79,1.9030899869919435
CGCGCATCACATACCG-1,C57BL6,1,10,1.0413926851582251
CGCGCATCACCGCTAA-1,OTI,1,8,0.9542425094393249
CGCGCATCAGCATGGG-1,OTI,0,0,0.0
CGCGCTCGTAACTCGG-1,C57BL6,1,1,0.3010299956639812
CGCGCTCGTAGGCTCA-1,OTI,6,191,2.2833012287035497
CGCGCTCGTCAGTATA-1,OTI,0,0,0.0
CGCGCTCGTCCGGCCT-1,OTI,1,11,1.0791812460476249
CGCGCTCGTCTCATAT-1,OTI,10,214,2.3324384599156054
CGCGCTCGTGCAATGT-1,OTI,4,94,1.9777236052888478
CGCGCTCGTGGATGGG-1,OTI,0,0,0.0
CGCGCTCGTGGCTAGC-1,OTI,6,94,1.9777236052888478
CGCGCTCGTGTTAATG-1,C57BL6,0,0,0.0
CGCGGATGTAGTCCGA-1,OTI,4,42,1.6334684555795864
CGCGGATGTATATGTG-1,C57BL6,1,2,0.47712125471966244
CGCGGATGTATGCGCA-1,C57BL6,1,12,1.1139433523068367
CGCGGATGTCAAACGT-1,OTI,5,21,1.3424226808222062
CGCGGATGTCATGTGG-1,OTI,0,0,0.0
CGCGGATGTCTATTCG-1,OTI,1,86,1.9395192526186185
CGCGGATGTCTGTTAT-1,OTI,8,116,2.0681858617461617
CGCGGATGTGCCTGGG-1,OTI,1,309,2.4913616938342726
CGCGGATGTGCTTTCA-1,OTI,2,57,1.7634279935629373
CGCGGATGTGGCTCCC-1,OTI,3,1230,3.090258052931316
CGCGGTATCACGCCTC-1,C57BL6,1,22,1.3617278360175928
CGCGGTATCAGGAATA-1,OTI,1,1,0.3010299956639812
CGCGGTATCAGGGGTA-1,OTI,1,469,2.6720978579357175
CGCGGTATCCGCATGG-1,OTI,8,56,1.7558748556724915
CGCGGTATCGCTACTT-1,C57BL6,1,5,0.7781512503836436
CGCGGTATCGGTCGCA-1,OTI,0,0,0.0
CGCGGTATCGTATCGA-1,OTI,2,1255,3.0989896394011773
CGCGTAAGTAACATGC-1,OTI,5,166,2.2227164711475833
CGCGTAAGTAACGAAG-1,OTI,5,95,1.9822712330395684
CGCGTAAGTAATGTCA-1,OTI,4,224,2.3521825181113627
CGCGTAAGTACCCGTT-1,OTI,1,34,1.5440680443502757
CGCGTAAGTACTCGAG-1,OTI,0,0,0.0
CGCGTAAGTCAATGCG-1,C57BL6,2,18,1.2787536009528289
CGCGTAAGTCACATGG-1,OTI,3,24,1.3979400086720377
CGCGTAAGTCGACAGC-1,OTI,1,4,0.6989700043360189
CGCGTACCAACTCACG-1,C57BL6,1,5,0.7781512503836436
CGCGTACCAACTTCAA-1,C57BL6,1,11,1.0791812460476249
CGCGTACCAATCGCGC-1,OTI,0,0,0.0
CGCGTACCACCACTAG-1,OTI,1,1,0.3010299956639812
CGCGTACCACTGGGGA-1,C57BL6,2,3,0.6020599913279624
CGCGTATAGAAAGCCG-1,OTI,6,78,1.8976270912904414
CGCGTATAGAACGATA-1,OTI,4,24,1.3979400086720377
CGCGTATAGACGAGGC-1,C57BL6,0,0,0.0
CGCGTATAGCACCACG-1,OTI,2,49,1.6989700043360187
CGCGTATAGCATGCGT-1,OTI,2,28,1.462397997898956
CGCGTATAGCTCCGGA-1,C57BL6,0,0,0.0
CGCGTATAGGGAATCG-1,OTI,3,21,1.3424226808222062
CGCGTCAAGCCTCACC-1,C57BL6,2,5,0.7781512503836436
CGCGTCAAGCCTCTTG-1,C57BL6,9,138,2.143014800254095
CGCGTCAAGGCGAGTA-1,OTI,3,85,1.9344984512435677
CGCGTCAAGGCTTTAG-1,OTI,6,75,1.8808135922807914
CGCGTCAAGGGCCTTG-1,OTI,1,3,0.6020599913279624
CGCGTCAAGGTTCTAG-1,OTI,6,617,2.790988475088816
CGCGTCCGTATGTGTA-1,OTI,3,247,2.3944516808262164
CGCGTCCGTCGTTTCA-1,OTI,4,1295,3.1126050015345745
CGCGTCCGTCTGTACC-1,C57BL6,0,0,0.0
CGCGTGGGTACGTTGG-1,C57BL6,0,0,0.0
CGCGTGGGTATACTTC-1,C57BL6,0,0,0.0
CGCGTGGGTATGCTCC-1,OTI,2,51,1.7160033436347992
CGCGTGGGTCCTACGT-1,OTI,1,681,2.833784374656479
CGCGTGGGTCTACTGC-1,C57BL6,2,43,1.6434526764861874
CGCGTGGGTCTTAGCC-1,OTI,1,13,1.146128035678238
CGCGTGGGTGGTTAGT-1,OTI,7,247,2.3944516808262164
CGCGTTACAACATCCG-1,OTI,1,21,1.3424226808222062
CGCGTTACAATATTAC-1,C57BL6,0,0,0.0
CGCGTTACACAACATC-1,C57BL6,0,0,0.0
CGCGTTACACACTCGA-1,OTI,1,5,0.7781512503836436
CGCGTTACACGCACTA-1,C57BL6,0,0,0.0
CGCGTTACAGCAAGAC-1,C57BL6,0,0,0.0
CGCGTTACAGCATGAA-1,OTI,1,5,0.7781512503836436
CGCGTTACAGTACGAA-1,OTI,1,9,1.0
CGCGTTACAGTGCGAG-1,OTI,5,98,1.99563519459755
CGCTAAATCACAGCTA-1,C57BL6,0,0,0.0
CGCTAAATCACTCCTG-1,OTI,0,0,0.0
CGCTAAATCACTTCGT-1,OTI,1,8,0.9542425094393249
CGCTAAATCATACGTG-1,C57BL6,0,0,0.0
CGCTAAATCATTAAGC-1,OTI,3,31,1.505149978319906
CGCTAAATCCAAGTAT-1,C57BL6,0,0,0.0
CGCTAAATCGGACTTA-1,OTI,3,105,2.0253058652647704
CGCTAAATCGGCTTAA-1,OTI,5,824,2.916453948549925
CGCTAAATCGTATGTG-1,OTI,8,239,2.380211241711606
CGCTAAGGTAGCCCTT-1,C57BL6,0,0,0.0
CGCTAAGGTAGGACGG-1,C57BL6,0,0,0.0
CGCTAAGGTCGTGTTC-1,OTI,4,33,1.5314789170422551
CGCTAAGGTCTAACGG-1,OTI,5,130,2.1172712956557644
CGCTACCTCAGGGCAA-1,OTI,1,5,0.7781512503836436
CGCTACCTCATACCCT-1,OTI,0,0,0.0
CGCTACCTCCAGCCCT-1,OTI,4,22,1.3617278360175928
CGCTACCTCCTAAAGT-1,OTI,2,28,1.462397997898956
CGCTACCTCGGGTATC-1,C57BL6,1,5,0.7781512503836436
CGCTACCTCGTAGCGT-1,OTI,1,9,1.0
CGCTATAAGAAACTAG-1,OTI,1,25,1.414973347970818
CGCTATAAGACAAGCG-1,OTI,1,3,0.6020599913279624
CGCTATAAGACCCCGA-1,OTI,2,69,1.845098040014257
CGCTATAAGATGACGG-1,OTI,6,355,2.5514499979728753
CGCTATAAGCTTAAGT-1,OTI,5,135,2.1335389083702174
CGCTATAAGGGTAGTG-1,OTI,0,0,0.0
CGCTATCGTACTGGAT-1,OTI,3,35,1.5563025007672873
CGCTATCGTGGAACTT-1,OTI,1,14,1.1760912590556813
CGCTATCGTGTGCCCC-1,OTI,4,13,1.146128035678238
CGCTATCGTGTGTCGA-1,OTI,2,1645,3.216429830876251
CGCTATCGTGTTGCAG-1,OTI,0,0,0.0
CGCTCAACAAAACCAG-1,OTI,6,8,0.9542425094393249
CGCTCAACAAAAGCCA-1,OTI,3,25,1.414973347970818
CGCTCAACAATACGGA-1,OTI,5,96,1.9867717342662448
CGCTCAACAATCACGT-1,OTI,1,1,0.3010299956639812
CGCTCAACACGGGTAG-1,OTI,2,8,0.9542425094393249
CGCTCGAAGAAAGTCA-1,OTI,1,129,2.113943352306837
CGCTCGAAGAGAAGCT-1,OTI,4,82,1.919078092376074
CGCTCGAAGCACGAAG-1,C57BL6,1,1,0.3010299956639812
CGCTCGAAGCACTACA-1,OTI,4,62,1.7993405494535817
CGCTCGAAGGGAATTA-1,OTI,0,0,0.0
CGCTCGCGTCGACTTC-1,OTI,1,17,1.255272505103306
CGCTCGCGTCTGGTAG-1,C57BL6,2,19,1.3010299956639813
CGCTCGCGTGGAACGG-1,OTI,3,153,2.187520720836463
CGCTCGCGTGGCGGTT-1,OTI,4,301,2.4800069429571505
CGCTCGCGTGGGCAAG-1,OTI,3,123,2.093421685162235
CGCTCGCGTGTAAGTC-1,OTI,5,64,1.8129133566428555
CGCTCGCGTGTCGGGT-1,OTI,5,120,2.0827853703164503
CGCTCGCGTGTGGTCA-1,C57BL6,1,14,1.1760912590556813
CGCTCTATCACCTACT-1,OTI,1,4,0.6989700043360189
CGCTCTATCAGAGAAC-1,OTI,0,0,0.0
CGCTCTATCAGTGCTA-1,OTI,0,0,0.0
CGCTCTATCATCCGCC-1,C57BL6,0,0,0.0
CGCTCTATCCCACGCT-1,C57BL6,0,0,0.0
CGCTCTATCCCTACAT-1,C57BL6,2,19,1.3010299956639813
CGCTCTATCCGGAAAG-1,OTI,1,21,1.3424226808222062
CGCTCTATCGCCCGTT-1,OTI,0,0,0.0
CGCTCTATCGCCCTAC-1,OTI,0,0,0.0
CGCTCTATCGGTAATT-1,OTI,3,101,2.0086001717619175
CGCTCTGGTACAAGAG-1,OTI,8,152,2.184691430817599
CGCTCTGGTACGTTGG-1,OTI,3,160,2.2068258760318495
CGCTCTGGTACTATTC-1,C57BL6,0,0,0.0
CGCTCTGGTGTCACGA-1,OTI,0,0,0.0
CGCTGACCAAATTGGG-1,OTI,10,176,2.247973266361807
CGCTGACCAACGGTCC-1,C57BL6,1,7,0.9030899869919435
CGCTGACCAAGGCGCA-1,C57BL6,4,141,2.1522883443830563
CGCTGACCAATATCTG-1,OTI,4,51,1.7160033436347992
CGCTGACCAGCACACC-1,OTI,0,0,0.0
CGCTGACCAGCATCGC-1,OTI,3,21,1.3424226808222062
CGCTGACCAGCTACAT-1,C57BL6,4,86,1.9395192526186185
CGCTGATAGAACGGCA-1,C57BL6,0,0,0.0
CGCTGATAGAGTCAGG-1,C57BL6,5,5,0.7781512503836436
CGCTGATAGAGTCCCG-1,OTI,10,367,2.5658478186735176
CGCTGATAGCAACCCG-1,OTI,3,33,1.5314789170422551
CGCTGATAGCAGTATT-1,OTI,3,24,1.3979400086720377
CGCTGATAGCGTACCG-1,C57BL6,4,5,0.7781512503836436
CGCTGATAGCGTTAGC-1,OTI,0,0,0.0
CGCTGATAGGGATTAA-1,OTI,4,22,1.3617278360175928
CGCTGATAGGGGAGCT-1,C57BL6,0,0,0.0
CGCTGCAAGATGTAGA-1,C57BL6,1,4,0.6989700043360189
CGCTGCAAGCCCTTAT-1,C57BL6,0,0,0.0
CGCTGCAAGCCTCTTG-1,OTI,2,169,2.230448921378274
CGCTGCAAGCTTAAGT-1,OTI,2,46,1.6720978579357175
CGCTGCAAGGCTCTAA-1,C57BL6,3,18,1.2787536009528289
CGCTGCAAGGTCTGTA-1,OTI,4,395,2.597695185925512
CGCTGCCGTACATCTT-1,OTI,3,89,1.954242509439325
CGCTGCCGTAGGCTTG-1,OTI,5,154,2.1903316981702914
CGCTGCCGTCATCTTG-1,C57BL6,1,6,0.8450980400142568
CGCTGCCGTCCAACTC-1,C57BL6,0,0,0.0
CGCTGCCGTCGCTCTG-1,OTI,3,99,2.0
CGCTGCCGTCTTATAC-1,C57BL6,0,0,0.0
CGCTGCCGTGCGTAGC-1,OTI,5,1413,3.150449409460881
CGCTGCCGTGCTGCCC-1,OTI,2,114,2.060697840353612
CGCTGGGGTCGACCCC-1,OTI,2,11,1.0791812460476249
CGCTGGGGTCGTAGGC-1,OTI,4,71,1.8573324964312685
CGCTGGGGTGCTCGGG-1,C57BL6,0,0,0.0
CGCTGGGGTGGGTAGG-1,C57BL6,1,5,0.7781512503836436
CGCTGTGAGACTGTTG-1,OTI,0,0,0.0
CGCTGTGAGATAGCGG-1,C57BL6,0,0,0.0
CGCTGTGAGCATCTAG-1,C57BL6,1,20,1.3222192947339193
CGCTGTGAGCGTAGAG-1,C57BL6,1,14,1.1760912590556813
CGCTGTGAGCTCTCAT-1,C57BL6,0,0,0.0
CGCTGTGAGCTTCGTT-1,OTI,0,0,0.0
CGCTGTGAGGCAACAG-1,OTI,1,51,1.7160033436347992
CGCTGTGAGGGCCTTG-1,OTI,4,182,2.2624510897304293
CGCTTCATCACTCCTG-1,C57BL6,0,0,0.0
CGCTTCATCCATGGGT-1,OTI,1,592,2.7730546933642626
CGCTTCATCGCTGTGG-1,OTI,4,124,2.0969100130080562
CGCTTCATCGGACACT-1,OTI,0,0,0.0
CGCTTCGGTAAAGCCT-1,C57BL6,0,0,0.0
CGCTTCGGTAAGTGTC-1,OTI,3,157,2.1986570869544226
CGCTTCGGTACAGGCC-1,OTI,5,6,0.8450980400142568
CGCTTCGGTAGTCTCC-1,C57BL6,0,0,0.0
CGCTTCGGTAGTGTTA-1,C57BL6,0,0,0.0
CGCTTCGGTCACGAAT-1,C57BL6,1,1,0.3010299956639812
CGCTTCGGTCACTTAT-1,C57BL6,0,0,0.0
CGCTTGCTCAGTTGGC-1,OTI,2,75,1.8808135922807914
CGCTTGCTCGGCGTTG-1,C57BL6,1,6,0.8450980400142568
CGCTTGCTCGTAATCG-1,C57BL6,0,0,0.0
CGCTTGCTCGTCAAAT-1,OTI,3,188,2.2764618041732443
CGCTTGGAGACACGGA-1,C57BL6,1,5,0.7781512503836436
CGCTTGGAGACCATGC-1,C57BL6,0,0,0.0
CGCTTGGAGCCAGCAT-1,OTI,2,11,1.0791812460476249
CGCTTGGAGGGTGAAT-1,C57BL6,0,0,0.0
CGCTTGGAGGTCTCCC-1,OTI,2,11,1.0791812460476249
CGCTTGTGTAAGCATC-1,C57BL6,5,5,0.7781512503836436
CGCTTGTGTACCTTTG-1,OTI,3,420,2.6242820958356683
CGCTTGTGTATTGTCT-1,C57BL6,1,4,0.6989700043360189
CGCTTGTGTCAGCTCT-1,OTI,8,110,2.0453229787866576
CGCTTGTGTCCTTTGA-1,C57BL6,0,0,0.0
CGCTTGTGTGTCTTAT-1,OTI,4,367,2.5658478186735176
CGCTTTAGTAACGCTG-1,C57BL6,0,0,0.0
CGCTTTAGTAGGACGG-1,OTI,1,1,0.3010299956639812
CGCTTTAGTAGTGTTA-1,OTI,5,277,2.444044795918076
CGCTTTAGTCTACGCT-1,OTI,3,182,2.2624510897304293
CGCTTTAGTCTCTAAT-1,OTI,4,382,2.583198773968623
CGCTTTCCAAACACTC-1,OTI,3,218,2.3404441148401185
CGCTTTCCAACTTACA-1,C57BL6,2,33,1.5314789170422551
CGCTTTCCACACTATA-1,C57BL6,2,48,1.6901960800285136
CGCTTTCCAGGCCTTA-1,C57BL6,0,0,0.0
CGGAAACCAAAGTTCC-1,OTI,5,658,2.8188854145940097
CGGAAACCAACATACC-1,C57BL6,1,4,0.6989700043360189
CGGAAACCAACGAACA-1,C57BL6,0,0,0.0
CGGAAACCAAGTGGGT-1,OTI,3,261,2.4183012913197452
CGGAAACCACAATACC-1,C57BL6,1,38,1.591064607026499
CGGAAACCACGTTCAG-1,C57BL6,0,0,0.0
CGGAAACCAGGCGACA-1,OTI,2,43,1.6434526764861874
CGGAAACCAGTACGGG-1,OTI,2,17,1.255272505103306
CGGAAACCAGTCATCG-1,C57BL6,0,0,0.0
CGGAAAGTCCGGACCA-1,OTI,0,0,0.0
CGGAAAGTCCGGTTAA-1,C57BL6,2,14,1.1760912590556813
CGGAAAGTCGTGCAAC-1,OTI,3,36,1.568201724066995
CGGAATCTCACATCTC-1,C57BL6,0,0,0.0
CGGAATCTCCCGCCAT-1,OTI,0,0,0.0
CGGAATCTCCCGTCTA-1,OTI,5,30,1.4913616938342726
CGGAATCTCCGTACAA-1,C57BL6,0,0,0.0
CGGAATCTCGTAGTTG-1,OTI,2,12,1.1139433523068367
CGGAATGAGAACCCCG-1,C57BL6,1,4,0.6989700043360189
CGGAATGAGCGAATTT-1,OTI,3,102,2.012837224705172
CGGAATGAGGTTGGTC-1,OTI,3,90,1.9590413923210936
CGGAATTGTAACAGAG-1,OTI,13,166,2.2227164711475833
CGGAATTGTACATAGC-1,C57BL6,0,0,0.0
CGGAATTGTCCTTTAG-1,OTI,1,10,1.0413926851582251
CGGAATTGTCTTAGTT-1,OTI,0,0,0.0
CGGAATTGTGCCAAAT-1,OTI,0,0,0.0
CGGAATTGTGCCTGGG-1,C57BL6,1,1,0.3010299956639812
CGGAATTGTGTGCAAT-1,OTI,1,62,1.7993405494535817
CGGACATTCCGTGAGT-1,OTI,1,217,2.3384564936046046
CGGACATTCCTATGTC-1,OTI,4,37,1.5797835966168101
CGGACCATCAATATCA-1,OTI,4,95,1.9822712330395684
CGGACCATCACAACGC-1,C57BL6,1,12,1.1139433523068367
CGGACCATCACATAAC-1,OTI,1,37,1.5797835966168101
CGGACCATCACGACAC-1,OTI,0,0,0.0
CGGACCATCAGCGGTT-1,OTI,6,144,2.161368002234975
CGGACCATCATGGGTC-1,OTI,6,128,2.110589710299249
CGGACCATCCGTGAGT-1,OTI,0,0,0.0
CGGACCATCGTGGCAT-1,C57BL6,1,1,0.3010299956639812
CGGACCTCAAAGCCAA-1,OTI,4,477,2.6794278966121188
CGGACCTCAACACAGA-1,C57BL6,0,0,0.0
CGGACCTCAAGAATAC-1,OTI,2,18,1.2787536009528289
CGGACCTCAAGACGAC-1,OTI,4,68,1.8388490907372552
CGGACCTCAAGCATTC-1,OTI,1,10,1.0413926851582251
CGGACCTCAAGGTTCT-1,OTI,7,441,2.645422269349092
CGGACCTCAATGGGGT-1,C57BL6,0,0,0.0
CGGACCTCACCTACGA-1,OTI,0,0,0.0
CGGACCTCAGTCTGCA-1,C57BL6,0,0,0.0
CGGATAGAGACATGTT-1,C57BL6,1,16,1.2304489213782739
CGGATAGAGATTGAAG-1,OTI,4,71,1.8573324964312685
CGGATAGAGCACAGCT-1,OTI,2,48,1.6901960800285136
CGGATAGAGCATATGT-1,OTI,1,130,2.1172712956557644
CGGATAGAGCCAAATT-1,C57BL6,1,10,1.0413926851582251
CGGATAGAGCGAGTCT-1,C57BL6,0,0,0.0
CGGATATGTACGTCTC-1,OTI,3,30,1.4913616938342726
CGGATATGTCAAAGCT-1,OTI,0,0,0.0
CGGATATGTCTAGTAA-1,OTI,2,92,1.968482948553935
CGGATATGTGCTCGGG-1,OTI,7,160,2.2068258760318495
CGGATATGTGGGAGCA-1,OTI,3,112,2.0530784434834195
CGGATTCAGCATTGCA-1,OTI,7,25,1.414973347970818
CGGATTCAGCCGTAAC-1,C57BL6,1,5,0.7781512503836436
CGGATTCAGCCTAGCG-1,C57BL6,3,9,1.0
CGGATTCAGCGTTGCG-1,C57BL6,0,0,0.0
CGGATTCAGCTGCTAA-1,OTI,1,182,2.2624510897304293
CGGATTCAGGGAGATT-1,OTI,4,40,1.6127838567197355
CGGATTCAGGGGTAGC-1,C57BL6,3,46,1.6720978579357175
CGGCAAGCAACACTTA-1,OTI,13,167,2.225309281725863
CGGCAAGCAACCTAAC-1,C57BL6,0,0,0.0
CGGCAAGCACGTTTCC-1,OTI,6,125,2.100370545117563
CGGCAAGCAGCTCTAG-1,OTI,4,25,1.414973347970818
CGGCAATTCACAACAT-1,OTI,5,266,2.4265112613645754
CGGCAATTCAGTACTG-1,C57BL6,1,8,0.9542425094393249
CGGCAATTCATAACTA-1,C57BL6,2,71,1.8573324964312685
CGGCAATTCCTCGCAC-1,OTI,0,0,0.0
CGGCAATTCGCACGTG-1,OTI,6,75,1.8808135922807914
CGGCAATTCGGTTATG-1,C57BL6,0,0,0.0
CGGCACATCCGATGTA-1,C57BL6,2,13,1.146128035678238
CGGCACATCCTGTTCG-1,OTI,1,10,1.0413926851582251
CGGCACTCAAATATCT-1,OTI,0,0,0.0
CGGCACTCAATCTCTT-1,OTI,3,26,1.4313637641589874
CGGCACTCAATGGGAC-1,OTI,2,10,1.0413926851582251
CGGCACTCACACTCGA-1,OTI,2,84,1.9294189257142926
CGGCACTCACATAGCT-1,OTI,3,133,2.1271047983648077
CGGCACTCACGGCACT-1,OTI,3,19,1.3010299956639813
CGGCACTCAGGCATTT-1,OTI,0,0,0.0
CGGCACTCAGTGATTC-1,OTI,0,0,0.0
CGGCATGTCAAGGGTG-1,C57BL6,5,5,0.7781512503836436
CGGCATGTCAGTGGCT-1,OTI,1,9,1.0
CGGCATGTCATATTAG-1,OTI,0,0,0.0
CGGCATGTCCCATGCC-1,OTI,5,67,1.8325089127062364
CGGCATGTCCTAATCC-1,OTI,8,451,2.655138434811382
CGGCATGTCCTCCTCT-1,C57BL6,0,0,0.0
CGGCATGTCGCGAAAG-1,OTI,7,336,2.5276299008713385
CGGCATGTCGCTTCAT-1,C57BL6,4,12,1.1139433523068367
CGGCATGTCGGTAATT-1,OTI,4,255,2.4082399653118496
CGGCATTAGAACGATA-1,OTI,0,0,0.0
CGGCATTAGAACTCAT-1,OTI,3,24,1.3979400086720377
CGGCATTAGAATGTAG-1,OTI,2,302,2.481442628502305
CGGCATTAGACTGTTG-1,C57BL6,3,29,1.4771212547196624
CGGCATTAGATAGTAG-1,OTI,4,38,1.591064607026499
CGGCATTAGCATTCAG-1,OTI,4,124,2.0969100130080562
CGGCATTAGGTCTAGC-1,OTI,7,755,2.8785217955012063
CGGCCTAAGAATGTTC-1,OTI,0,0,0.0
CGGCCTAAGCACTCAA-1,OTI,4,112,2.0530784434834195
CGGCCTAAGCCATGAC-1,C57BL6,0,0,0.0
CGGCCTAAGGGCTAGA-1,OTI,0,0,0.0
CGGCCTAAGGGGTACA-1,OTI,0,0,0.0
CGGCCTTTCAATGGTT-1,OTI,6,94,1.9777236052888478
CGGCCTTTCAGCCTCC-1,OTI,2,92,1.968482948553935
CGGCCTTTCATCGGAC-1,C57BL6,1,1,0.3010299956639812
CGGCCTTTCATGTAAC-1,OTI,0,0,0.0
CGGCCTTTCCAGCCTC-1,C57BL6,0,0,0.0
CGGCCTTTCCCTAACT-1,OTI,6,420,2.6242820958356683
CGGCCTTTCCGAATCA-1,OTI,4,263,2.4216039268698313
CGGCCTTTCCTTCATA-1,OTI,2,16,1.2304489213782739
CGGCCTTTCGCATACA-1,OTI,8,354,2.550228353055094
CGGCCTTTCGGACACT-1,OTI,2,67,1.8325089127062364
CGGCCTTTCGGTTACA-1,OTI,5,290,2.4638929889859074
CGGCGTATCATGTCAG-1,OTI,1,5,0.7781512503836436
CGGCGTATCCACTTCG-1,OTI,0,0,0.0
CGGCGTATCCGTGAGT-1,OTI,2,586,2.7686381012476144
CGGCTACCAACTCACG-1,OTI,5,181,2.2600713879850747
CGGCTACCAATGCGAA-1,OTI,3,270,2.432969290874406
CGGCTACCACCCAAGC-1,C57BL6,1,7,0.9030899869919435
CGGCTACCACCTTCTA-1,C57BL6,0,0,0.0
CGGCTACCACTAACCG-1,OTI,3,20,1.3222192947339193
CGGCTACCACTGACGC-1,OTI,2,24,1.3979400086720377
CGGCTACCAGTCCTAG-1,OTI,3,20,1.3222192947339193
CGGCTCCGTAGCAGGG-1,C57BL6,2,42,1.6334684555795864
CGGCTCCGTAGGAGTA-1,OTI,6,192,2.285557309007774
CGGCTCCGTCGTTAAA-1,OTI,2,21,1.3424226808222062
CGGCTCCGTCTTGTCA-1,OTI,4,71,1.8573324964312685
CGGCTGGGTCAGTCTC-1,OTI,0,0,0.0
CGGCTGGGTCTCATTG-1,C57BL6,0,0,0.0
CGGCTGGGTGTCGAGC-1,OTI,2,78,1.8976270912904414
CGGCTTACAAGCGAGT-1,OTI,0,0,0.0
CGGCTTACACACAGAA-1,OTI,3,106,2.0293837776852097
CGGCTTACACAGTCCA-1,OTI,3,21,1.3424226808222062
CGGCTTACACCGACAC-1,OTI,1,19,1.3010299956639813
CGGCTTACACTAATCA-1,OTI,0,0,0.0
CGGCTTACAGCATCGC-1,C57BL6,1,1,0.3010299956639812
CGGCTTACAGTTACCG-1,OTI,4,119,2.0791812460476247
CGGCTTCTCAGTACTG-1,OTI,0,0,0.0
CGGCTTCTCCATTCCG-1,OTI,2,103,2.0170333392987803
CGGCTTCTCCCAGCTC-1,OTI,3,64,1.8129133566428555
CGGCTTCTCGGTGGTT-1,OTI,4,261,2.4183012913197452
CGGCTTCTCGTAAGCC-1,OTI,5,262,2.419955748489758
CGGCTTGAGACAATAG-1,C57BL6,2,56,1.7558748556724915
CGGCTTGAGACCTATG-1,OTI,3,259,2.4149733479708178
CGGCTTGAGCCTCTTG-1,OTI,4,141,2.1522883443830563
CGGGAAATCAGGGTCT-1,C57BL6,0,0,0.0
CGGGAAATCATGATGT-1,OTI,2,405,2.6085260335771943
CGGGAAATCCGGTAAC-1,OTI,6,368,2.56702636615906
CGGGAAATCCTAATCC-1,OTI,3,43,1.6434526764861874
CGGGAAATCGGGCCTA-1,OTI,0,0,0.0
CGGGAAATCGTTGACA-1,OTI,6,65,1.8195439355418688
CGGGATAAGGCCACAT-1,OTI,0,0,0.0
CGGGATAAGGTAGACG-1,OTI,5,114,2.060697840353612
CGGGATTTCAGCCGTG-1,OTI,6,74,1.8750612633917
CGGGATTTCCCGAAAC-1,OTI,7,673,2.82865989653532
CGGGATTTCCCTTCCT-1,OTI,3,305,2.48572142648158
CGGGATTTCGCGTAGT-1,C57BL6,0,0,0.0
CGGGATTTCGTATGCA-1,OTI,3,36,1.568201724066995
CGGGATTTCGTGGCCA-1,OTI,4,156,2.1958996524092336
CGGGCATGTAACAGGA-1,OTI,2,62,1.7993405494535817
CGGGCATGTAAGTAGG-1,C57BL6,2,8,0.9542425094393249
CGGGCATGTATTACCT-1,OTI,2,153,2.187520720836463
CGGGCATGTGGGACCT-1,C57BL6,0,0,0.0
CGGGCATGTGTAGTGT-1,C57BL6,1,9,1.0
CGGGCATGTGTCCATC-1,OTI,2,260,2.416640507338281
CGGGCTATCACAGTTG-1,C57BL6,0,0,0.0
CGGGCTATCCGAACAC-1,OTI,3,58,1.7708520116421442
CGGGGATAGACCCTTT-1,OTI,1,5,0.7781512503836436
CGGGGATAGATCGTAT-1,OTI,1,1,0.3010299956639812
CGGGGATAGGCTCTAA-1,OTI,7,153,2.187520720836463
CGGGGATAGGGAGCGT-1,OTI,2,109,2.041392685158225
CGGGGATAGGGGGCAT-1,OTI,1,6,0.8450980400142568
CGGGGTACAAAGGCCG-1,OTI,3,75,1.8808135922807914
CGGGGTACAAGCGGCA-1,OTI,3,345,2.5390760987927767
CGGGGTACAAGGGTTA-1,OTI,8,575,2.760422483423212
CGGGGTACACTTCTCA-1,OTI,0,0,0.0
CGGGGTACAGTGTTAC-1,OTI,2,80,1.9084850188786497
CGGGGTTGTACGTTCC-1,OTI,2,15,1.2041199826559248
CGGGGTTGTCCAACTC-1,OTI,1,7,0.9030899869919435
CGGGGTTGTCTTATAC-1,OTI,6,209,2.322219294733919
CGGGGTTGTGTATCTT-1,C57BL6,1,9,1.0
CGGGTAAAGAGGAGCC-1,C57BL6,2,9,1.0
CGGGTAAAGAGGTAAC-1,C57BL6,0,0,0.0
CGGGTAAAGCGCCAAT-1,OTI,2,103,2.0170333392987803
CGGGTAAAGGCTATTG-1,OTI,4,16,1.2304489213782739
CGGGTACGTAACAGGA-1,C57BL6,0,0,0.0
CGGGTACGTAATTTCC-1,OTI,2,19,1.3010299956639813
CGGGTACGTATCAGGT-1,OTI,2,19,1.3010299956639813
CGGGTACGTATTACCT-1,C57BL6,0,0,0.0
CGGGTACGTCCTTGTA-1,OTI,4,154,2.1903316981702914
CGGGTACGTCTGGTGA-1,OTI,3,65,1.8195439355418688
CGGGTACGTGGGAGCA-1,OTI,0,0,0.0
CGGGTAGCAATGCACT-1,C57BL6,0,0,0.0
CGGGTAGCAATGCTTA-1,OTI,1,11,1.0791812460476249
CGGGTAGCACGGCTTA-1,C57BL6,0,0,0.0
CGGGTAGCAGTTAAGG-1,OTI,4,118,2.0755469613925306
CGGGTATTCAACTCCT-1,C57BL6,0,0,0.0
CGGGTATTCCACCCTA-1,OTI,4,49,1.6989700043360187
CGGGTATTCGTCAAAT-1,C57BL6,0,0,0.0
CGGGTCATCATGACCA-1,OTI,0,0,0.0
CGGGTCATCCCATACT-1,OTI,3,35,1.5563025007672873
CGGGTCATCCTGTACT-1,C57BL6,2,2,0.47712125471966244
CGGGTCATCGTCCATT-1,C57BL6,0,0,0.0
CGGGTCTCAAAACGGC-1,OTI,1,3,0.6020599913279624
CGGGTCTCACCTAAAC-1,OTI,3,99,2.0
CGGGTCTCAGCACGCT-1,C57BL6,0,0,0.0
CGGGTTAGTACGCGCG-1,OTI,5,111,2.0492180226701815
CGGGTTAGTACGTTCC-1,OTI,7,361,2.558708570533166
CGGGTTAGTAGCGTCA-1,OTI,4,52,1.724275869600789
CGGGTTAGTCTGGCCC-1,OTI,3,34,1.5440680443502757
CGGGTTGTCACCAACA-1,C57BL6,1,17,1.255272505103306
CGGGTTGTCAGTAATC-1,C57BL6,1,6,0.8450980400142568
CGGGTTGTCATCATCC-1,C57BL6,0,0,0.0
CGGGTTGTCATGCCTT-1,OTI,2,175,2.24551266781415
CGGGTTGTCCAATGCA-1,OTI,2,60,1.7853298350107671
CGGGTTGTCCCGACTC-1,OTI,2,15,1.2041199826559248
CGGGTTGTCCTGCATT-1,OTI,2,9,1.0
CGGGTTGTCGCCCCAT-1,OTI,9,165,2.220108088040055
CGGGTTGTCGGCATTA-1,C57BL6,1,10,1.0413926851582251
CGGGTTTAGACGTCAC-1,C57BL6,0,0,0.0
CGGGTTTAGAGACTTT-1,OTI,4,154,2.1903316981702914
CGGGTTTAGCTCAGGT-1,OTI,4,65,1.8195439355418688
CGGGTTTAGCTCCTCA-1,C57BL6,1,7,0.9030899869919435
CGGGTTTAGGCTCTAA-1,OTI,2,34,1.5440680443502757
CGGGTTTAGGGACATG-1,OTI,5,65,1.8195439355418688
CGGGTTTAGGTAGCTC-1,OTI,7,185,2.2695129442179165
CGGTAACTCAAAGGTA-1,OTI,9,171,2.2355284469075487
CGGTAACTCACGTGGT-1,OTI,3,14,1.1760912590556813
CGGTAACTCATCCCGC-1,OTI,7,146,2.167317334748176
CGGTAACTCCGGTCAG-1,OTI,2,89,1.954242509439325
CGGTATATCACAATAC-1,OTI,10,1409,3.1492191126553797
CGGTATATCACTGGCG-1,OTI,1,5,0.7781512503836436
CGGTATATCAGCGTAC-1,OTI,0,0,0.0
CGGTATATCAGTCATG-1,OTI,1,26,1.4313637641589874
CGGTATATCGCTAAAT-1,C57BL6,0,0,0.0
CGGTATGGTCATACCC-1,OTI,1,8,0.9542425094393249
CGGTATGGTGGGGTTC-1,OTI,6,731,2.864511081058392
CGGTATGGTGTATCTT-1,OTI,0,0,0.0
CGGTATGGTGTTCGCT-1,OTI,0,0,0.0
CGGTATTCAAACTAGG-1,OTI,4,26,1.4313637641589874
CGGTATTCAAATCGGA-1,C57BL6,1,1,0.3010299956639812
CGGTATTCAATCTGAC-1,OTI,6,151,2.1818435879447726
CGGTATTCACGATGGG-1,OTI,4,237,2.376576957056512
CGGTATTCACGTACGC-1,OTI,2,152,2.184691430817599
CGGTATTCAGCGACGA-1,OTI,9,190,2.2810333672477277
CGGTATTCAGTCGGTC-1,OTI,3,58,1.7708520116421442
CGGTCAGTCACGCGCA-1,OTI,10,174,2.2430380486862944
CGGTCAGTCCCATATC-1,OTI,3,18,1.2787536009528289
CGGTCAGTCCTGACAA-1,OTI,5,650,2.813580988568192
CGGTCATAGCAACCCG-1,OTI,1,2,0.47712125471966244
CGGTCATAGCCGCCAA-1,C57BL6,0,0,0.0
CGGTCATAGCTTAAGT-1,OTI,0,0,0.0
CGGTCATAGGGTAGCA-1,OTI,6,69,1.845098040014257
CGGTCATAGGTAGAGT-1,OTI,6,122,2.089905111439398
CGGTCCAAGAGTCAGG-1,OTI,0,0,0.0
CGGTCCAAGCAACCGT-1,OTI,8,327,2.515873843711679
CGGTCCAAGCAACGAG-1,C57BL6,0,0,0.0
CGGTCCAAGCAATCCA-1,C57BL6,2,8,0.9542425094393249
CGGTCCAAGCTTGTAG-1,OTI,0,0,0.0
CGGTCCAAGGCGGTTT-1,C57BL6,0,0,0.0
CGGTCCAAGGGCGGAT-1,OTI,0,0,0.0
CGGTCCTTCACTGGCG-1,OTI,6,158,2.2013971243204513
CGGTCCTTCCGTACAA-1,C57BL6,0,0,0.0
CGGTCCTTCGTACGGT-1,C57BL6,0,0,0.0
CGGTCGATCACAAGCC-1,OTI,5,470,2.673020907128896
CGGTCGATCATCACTC-1,OTI,0,0,0.0
CGGTCGATCCACGAGT-1,C57BL6,2,6,0.8450980400142568
CGGTCGATCGGGCCTA-1,C57BL6,0,0,0.0
CGGTCGATCGTCCAAA-1,C57BL6,1,10,1.0413926851582251
CGGTCGTCAAACTACC-1,C57BL6,0,0,0.0
CGGTCGTCACCATAAC-1,OTI,4,19,1.3010299956639813
CGGTCGTCACTTAAAT-1,OTI,3,30,1.4913616938342726
CGGTCGTCAGCAGCCT-1,OTI,1,90,1.9590413923210936
CGGTCGTCAGTAACCT-1,OTI,1,9,1.0
CGGTCGTCAGTGGTAA-1,C57BL6,1,1,0.3010299956639812
CGGTGCATCAGGTGTC-1,OTI,1,252,2.403120521175818
CGGTGCATCATAAGCT-1,OTI,5,59,1.7781512503836436
CGGTGCATCATGGCGT-1,OTI,1,11,1.0791812460476249
CGGTGCATCCGTCTAT-1,OTI,2,13,1.146128035678238
CGGTGCATCGCACGTG-1,C57BL6,1,9,1.0
CGGTGCATCGTTGCCC-1,C57BL6,0,0,0.0
CGGTGCTCAAATGAAC-1,OTI,3,54,1.7403626894942439
CGGTGCTCAACATACC-1,OTI,6,249,2.3979400086720375
CGGTGCTCACAAGGCG-1,OTI,6,51,1.7160033436347992
CGGTGCTCACTCACGA-1,OTI,0,0,0.0
CGGTGTAGTATCCTAT-1,OTI,3,54,1.7403626894942439
CGGTGTAGTATGTCGG-1,OTI,3,142,2.155336037465062
CGGTGTAGTCAATCCC-1,OTI,2,20,1.3222192947339193
CGGTGTAGTCAGGCCG-1,OTI,4,87,1.9444826721501687
CGGTGTAGTCCATGCT-1,C57BL6,0,0,0.0
CGGTGTAGTGCGATGC-1,OTI,7,236,2.374748346010104
CGGTGTAGTGCTAGAT-1,C57BL6,1,15,1.2041199826559248
CGGTGTAGTGGGATAA-1,C57BL6,1,6,0.8450980400142568
CGGTGTCCAACTAACC-1,C57BL6,0,0,0.0
CGGTGTCCAAGTTAGG-1,OTI,1,6,0.8450980400142568
CGGTGTCCAATAGTAA-1,C57BL6,0,0,0.0
CGGTGTCCAATCATCA-1,C57BL6,0,0,0.0
CGGTGTCCACAGTCCA-1,OTI,2,23,1.380211241711606
CGGTGTTAGAACCCGT-1,C57BL6,1,4,0.6989700043360189
CGGTGTTAGAGGACGC-1,C57BL6,2,5,0.7781512503836436
CGGTGTTAGATACGAA-1,OTI,6,189,2.278753600952829
CGGTGTTAGCATCGCG-1,OTI,2,32,1.5185139398778875
CGGTGTTAGCCAACCG-1,OTI,1,4,0.6989700043360189
CGGTGTTAGCGAGTCT-1,C57BL6,0,0,0.0
CGGTGTTAGGTACGTC-1,OTI,6,502,2.7015679850559273
CGGTGTTAGGTTGGTC-1,OTI,3,143,2.1583624920952498
CGGTTAATCAATGCGC-1,OTI,2,151,2.1818435879447726
CGGTTAATCACCCGCT-1,C57BL6,0,0,0.0
CGGTTAATCATTCGTC-1,C57BL6,0,0,0.0
CGGTTAATCGCTCATT-1,OTI,2,11,1.0791812460476249
CGGTTAATCGGCCCTT-1,OTI,0,0,0.0
CGGTTACAGAACTAAG-1,OTI,2,3,0.6020599913279624
CGGTTACAGAGGGGCT-1,OTI,0,0,0.0
CGGTTACAGAGTCCAC-1,OTI,0,0,0.0
CGGTTACAGATCCGTA-1,OTI,7,628,2.798650645445269
CGGTTACAGCATAATC-1,OTI,3,333,2.5237464668115646
CGGTTACAGCCATTTC-1,OTI,0,0,0.0
CGGTTAGGTAACGCAT-1,OTI,1,15,1.2041199826559248
CGGTTAGGTAACGTCG-1,OTI,4,89,1.954242509439325
CGGTTAGGTACATATG-1,C57BL6,1,3,0.6020599913279624
CGGTTAGGTATCATGA-1,C57BL6,0,0,0.0
CGGTTAGGTCCTCTGG-1,C57BL6,0,0,0.0
CGGTTAGGTGCGCGAT-1,C57BL6,0,0,0.0
CGGTTAGGTGGGTAGG-1,OTI,2,19,1.3010299956639813
CGGTTAGGTGTCGAAT-1,OTI,4,163,2.214843848047698
CGGTTCGAGAGGGGTC-1,OTI,3,85,1.9344984512435677
CGGTTCGAGATAGGCG-1,C57BL6,0,0,0.0
CGGTTCGAGCATCTAG-1,OTI,1,1,0.3010299956639812
CGGTTCGAGGCCACAT-1,OTI,2,19,1.3010299956639813
CGGTTCGAGGCCATGT-1,OTI,3,58,1.7708520116421442
CGGTTCGAGGTAAATG-1,C57BL6,0,0,0.0
CGGTTCGAGGTCTACA-1,OTI,0,0,0.0
CGGTTCTGTAAACGCT-1,C57BL6,1,8,0.9542425094393249
CGGTTCTGTAAGTAGG-1,OTI,0,0,0.0
CGGTTCTGTCGGGTAC-1,OTI,6,114,2.060697840353612
CGGTTCTGTGCGTAGC-1,OTI,5,52,1.724275869600789
CGGTTCTGTGGCAAGG-1,C57BL6,0,0,0.0
CGGTTTAAGATACCAT-1,OTI,0,0,0.0
CGGTTTAAGCACAAGG-1,C57BL6,0,0,0.0
CGGTTTAAGCACGCCA-1,OTI,4,25,1.414973347970818
CGGTTTAAGCCCAACG-1,OTI,3,293,2.4683473304121573
CGGTTTAAGCGTTGGT-1,OTI,8,354,2.550228353055094
CGGTTTCGTAGCATCG-1,OTI,1,49,1.6989700043360187
CGGTTTCGTAGGGTAA-1,OTI,2,2,0.47712125471966244
CGGTTTCGTCATAGCG-1,OTI,3,32,1.5185139398778875
CGGTTTCGTCTGGTAG-1,OTI,2,117,2.0718820073061255
CGGTTTCGTGCAAGGG-1,OTI,6,151,2.1818435879447726
CGGTTTCGTGCAATCG-1,OTI,0,0,0.0
CGGTTTCGTGTATCTT-1,OTI,12,219,2.342422680822206
CGTAAAGCACAAGGGT-1,C57BL6,0,0,0.0
CGTAAAGCACACAAGA-1,C57BL6,0,0,0.0
CGTAAAGCACAGTCAT-1,OTI,4,258,2.413299764081252
CGTAAAGCAGCGTAGG-1,C57BL6,0,0,0.0
CGTAAAGCAGGGCTCT-1,OTI,6,270,2.432969290874406
CGTAAATTCAAACCAT-1,OTI,0,0,0.0
CGTAAATTCAATCTCC-1,C57BL6,0,0,0.0
CGTAAATTCATGCAGC-1,C57BL6,1,12,1.1139433523068367
CGTAAATTCATTAATG-1,C57BL6,1,14,1.1760912590556813
CGTAAATTCCACGAGT-1,C57BL6,0,0,0.0
CGTAAATTCCATTCTA-1,OTI,3,40,1.6127838567197355
CGTAAATTCCATTGTC-1,C57BL6,0,0,0.0
CGTAAATTCCCGTGTC-1,OTI,0,0,0.0
CGTAAATTCCGCTCTA-1,OTI,1,4,0.6989700043360189
CGTAAATTCCTTATGC-1,OTI,4,74,1.8750612633917
CGTAAATTCGCCCTTA-1,C57BL6,0,0,0.0
CGTAACATCAAGCGTC-1,OTI,2,51,1.7160033436347992
CGTAACATCCGCACTC-1,OTI,3,110,2.0453229787866576
CGTAACATCCGTTTAC-1,OTI,4,48,1.6901960800285136
CGTAACATCGCTTCAT-1,OTI,2,12,1.1139433523068367
CGTAACATCGGCCCTT-1,OTI,4,297,2.4742162640762553
CGTAACATCGTAGCAC-1,C57BL6,0,0,0.0
CGTAACATCGTTCACT-1,OTI,2,66,1.8260748027008264
CGTAACCAGACAATGA-1,C57BL6,2,2,0.47712125471966244
CGTAACCAGAGGGTAT-1,OTI,3,55,1.7481880270062005
CGTAACCAGGGAAATC-1,OTI,2,11,1.0791812460476249
CGTAACCAGGTTGGTC-1,OTI,5,315,2.499687082618404
CGTAACTCAACCTAAC-1,OTI,2,256,2.4099331233312946
CGTAACTCAATGCGGG-1,OTI,1,53,1.7323937598229686
CGTAACTCACAGCACC-1,OTI,1,33,1.5314789170422551
CGTAACTCACCAGGCT-1,C57BL6,0,0,0.0
CGTAACTCAGTCATAC-1,OTI,4,41,1.6232492903979006
CGTAATAGTAGCCCTT-1,OTI,2,12,1.1139433523068367
CGTAATAGTGGTAATC-1,OTI,1,28,1.462397997898956
CGTAATAGTGTGTTGG-1,OTI,9,112,2.0530784434834195
CGTAATCCAAAAGTTA-1,C57BL6,0,0,0.0
CGTAATCCAAAGTCTC-1,C57BL6,1,25,1.414973347970818
CGTAATTAGAGAAGGA-1,OTI,0,0,0.0
CGTAATTAGAGGTAAC-1,OTI,2,519,2.716003343634799
CGTAATTAGCAAGCTC-1,OTI,4,134,2.130333768495006
CGTAATTAGCACAATT-1,C57BL6,0,0,0.0
CGTAATTAGGGCTTGT-1,OTI,1,12,1.1139433523068367
CGTAATTAGGTAAGTA-1,OTI,1,141,2.1522883443830563
CGTACAATCAAGCAAA-1,OTI,2,112,2.0530784434834195
CGTACAATCAATTGGT-1,C57BL6,1,1,0.3010299956639812
CGTACAATCAGAGTAA-1,OTI,3,34,1.5440680443502757
CGTACAATCCAGCAGT-1,OTI,10,410,2.6138418218760693
CGTACAATCCCATCTG-1,OTI,4,85,1.9344984512435677
CGTACAATCGTACGGT-1,C57BL6,0,0,0.0
CGTACACAGAATGGTA-1,OTI,8,193,2.287801729930226
CGTACACAGAGTCAGG-1,C57BL6,0,0,0.0
CGTACACAGAGTCCCG-1,OTI,2,53,1.7323937598229686
CGTACACAGCAGGGGT-1,OTI,0,0,0.0
CGTACACAGCAGTCTA-1,OTI,0,0,0.0
CGTACACAGCGCACAT-1,C57BL6,0,0,0.0
CGTACACAGGCTCGAT-1,C57BL6,1,10,1.0413926851582251
CGTACACAGGTCTGCG-1,OTI,2,12,1.1139433523068367
CGTACAGGTAGTGTGT-1,C57BL6,2,11,1.0791812460476249
CGTACAGGTATGTGTA-1,OTI,0,0,0.0
CGTACAGGTCACGGGT-1,OTI,2,18,1.2787536009528289
CGTACAGGTCCAGTTC-1,OTI,2,38,1.591064607026499
CGTACAGGTCCTACGT-1,OTI,7,206,2.315970345456918
CGTACAGGTCTCTAAT-1,OTI,4,187,2.27415784926368
CGTACAGGTGCTATGG-1,C57BL6,0,0,0.0
CGTACAGGTGGCTTTC-1,OTI,3,70,1.8512583487190752
CGTACAGGTGGGCAAG-1,C57BL6,1,5,0.7781512503836436
CGTACAGGTGTACGTG-1,OTI,5,78,1.8976270912904414
CGTACAGGTGTAGTTA-1,C57BL6,1,13,1.146128035678238
CGTACATCAACCTACG-1,OTI,3,72,1.863322860120456
CGTACATCAATGCTAC-1,C57BL6,0,0,0.0
CGTACCGAGAAGTAGC-1,OTI,3,29,1.4771212547196624
CGTACCGAGATTACGT-1,OTI,3,57,1.7634279935629373
CGTACCGAGCAAGGGC-1,OTI,5,172,2.2380461031287955
CGTACCGAGCCACAAC-1,OTI,0,0,0.0
CGTACCGAGCTGCAAC-1,C57BL6,0,0,0.0
CGTACCGAGGCAACAG-1,OTI,2,228,2.359835482339888
CGTACCGAGGGTGATG-1,OTI,0,0,0.0
CGTACCGAGGTCCTCC-1,OTI,3,214,2.3324384599156054
CGTACCTGTAGGGGCA-1,OTI,5,144,2.161368002234975
CGTACCTGTATCGAGT-1,OTI,4,108,2.037426497940624
CGTACCTGTCACACCT-1,OTI,9,72,1.863322860120456
CGTACCTGTCATAAGC-1,C57BL6,0,0,0.0
CGTACCTGTCATCGCT-1,OTI,4,249,2.3979400086720375
CGTACCTGTGTCGGGT-1,OTI,2,236,2.374748346010104
CGTACGCCAACGGGAT-1,OTI,3,91,1.9637878273455553
CGTACGCCAAGCGAAC-1,C57BL6,0,0,0.0
CGTACGCCAAGGACCG-1,C57BL6,1,5,0.7781512503836436
CGTACGCCAAGTACAG-1,OTI,2,14,1.1760912590556813
CGTACGCCACGAGCGA-1,C57BL6,3,12,1.1139433523068367
CGTACGCCACGCAACC-1,C57BL6,2,8,0.9542425094393249
CGTACGCCAGCAAGAC-1,OTI,3,44,1.6532125137753437
CGTACGCCAGGCCTTA-1,OTI,2,180,2.2576785748691846
CGTACGTAGAAACGGT-1,OTI,1,11,1.0791812460476249
CGTACGTAGATAACGA-1,C57BL6,1,1,0.3010299956639812
CGTACGTAGCCATGAC-1,OTI,2,47,1.6812412373755872
CGTACGTAGCTTGGCG-1,OTI,7,224,2.3521825181113627
CGTACGTAGGCCTGAT-1,OTI,2,37,1.5797835966168101
CGTACGTAGGGAGGTC-1,OTI,3,92,1.968482948553935
CGTACTTTCAAAGGTA-1,C57BL6,6,78,1.8976270912904414
CGTACTTTCACGCTAA-1,C57BL6,2,7,0.9030899869919435
CGTACTTTCATATGTA-1,OTI,0,0,0.0
CGTACTTTCCAAATCG-1,OTI,5,76,1.8864907251724818
CGTACTTTCCTAATGG-1,C57BL6,2,10,1.0413926851582251
CGTACTTTCGGTACTA-1,OTI,1,12,1.1139433523068367
CGTAGAACAACAGAGC-1,OTI,4,64,1.8129133566428555
CGTAGAACAACTTACA-1,OTI,0,0,0.0
CGTAGAACACAATCAC-1,OTI,6,218,2.3404441148401185
CGTAGAACACATGGTT-1,C57BL6,0,0,0.0
CGTAGAACACCAACAT-1,OTI,3,184,2.2671717284030137
CGTAGAACACCGGTTA-1,OTI,1,37,1.5797835966168101
CGTAGAACACGTCGTA-1,OTI,0,0,0.0
CGTAGAGAGAAAGCGT-1,OTI,1,6,0.8450980400142568
CGTAGAGAGATGATGA-1,OTI,0,0,0.0
CGTAGAGAGGGGCTAA-1,C57BL6,1,2,0.47712125471966244
CGTAGATGTACTTGGG-1,OTI,1,1,0.3010299956639812
CGTAGATGTAGCGTAT-1,C57BL6,1,4,0.6989700043360189
CGTAGATGTATCTCTG-1,OTI,2,14,1.1760912590556813
CGTAGATGTATGGCCA-1,OTI,0,0,0.0
CGTAGATGTCACTTTG-1,C57BL6,1,18,1.2787536009528289
CGTAGATGTGCTACCT-1,C57BL6,3,144,2.161368002234975
CGTAGATGTGGATGTT-1,OTI,3,129,2.113943352306837
CGTAGATGTGTGGCCG-1,C57BL6,0,0,0.0
CGTAGATGTGTTACTT-1,OTI,1,70,1.8512583487190752
CGTAGCCCAACAATTT-1,OTI,4,213,2.330413773349191
CGTAGCCCAAGTGCCC-1,C57BL6,0,0,0.0
CGTAGCCCAATAAGTA-1,C57BL6,0,0,0.0
CGTAGCCCAGGACGCA-1,OTI,2,92,1.968482948553935
CGTAGCCCAGTGATTC-1,OTI,5,171,2.2355284469075487
CGTAGCTAGAACGACG-1,OTI,2,39,1.6020599913279623
CGTAGCTAGACCCGAT-1,OTI,2,23,1.380211241711606
CGTAGCTAGATGACGG-1,C57BL6,1,4,0.6989700043360189
CGTAGCTAGCCGCTGA-1,C57BL6,1,5,0.7781512503836436
CGTAGCTAGCGAAACG-1,C57BL6,0,0,0.0
CGTAGCTAGCGTGCAT-1,C57BL6,0,0,0.0
CGTAGCTAGGGAATGT-1,OTI,4,57,1.7634279935629373
CGTAGCTAGGGACACA-1,OTI,7,227,2.357934847000454
CGTAGCTAGGTGCGTT-1,OTI,3,50,1.7075701760979363
CGTAGGCGTAATTGGC-1,OTI,0,0,0.0
CGTAGGCGTAGGGGAT-1,C57BL6,1,16,1.2304489213782739
CGTAGGCGTAGTCGAT-1,OTI,0,0,0.0
CGTAGGCGTCAGTTAA-1,OTI,1,25,1.414973347970818
CGTAGGCGTCGACGTA-1,C57BL6,3,435,2.639486489268586
CGTAGGCGTGCACTCT-1,C57BL6,0,0,0.0
CGTAGGCGTGCATAGT-1,OTI,0,0,0.0
CGTAGGGCAAATACAA-1,OTI,0,0,0.0
CGTAGGGCAACATGCT-1,OTI,3,79,1.9030899869919435
CGTAGGGCACACCGTA-1,OTI,6,28,1.462397997898956
CGTAGGGCACGCATCA-1,OTI,1,2,0.47712125471966244
CGTAGGGCACGGTCGT-1,C57BL6,0,0,0.0
CGTAGGGCACGTCGTA-1,OTI,1,3,0.6020599913279624
CGTAGGGCACTCGACA-1,OTI,4,84,1.9294189257142926
CGTAGGGCACTGCGTA-1,C57BL6,4,4,0.6989700043360189
CGTAGGGCAGTAAACG-1,OTI,7,231,2.3654879848909
CGTAGTGGTAGGATTC-1,OTI,3,30,1.4913616938342726
CGTAGTGGTCCGTGTT-1,OTI,2,129,2.113943352306837
CGTAGTGGTCGCCCTA-1,OTI,8,101,2.0086001717619175
CGTAGTGGTCTACAGG-1,OTI,2,10,1.0413926851582251
CGTAGTGGTGTGTCCT-1,OTI,2,176,2.247973266361807
CGTATAAGTAACCCCT-1,OTI,1,6,0.8450980400142568
CGTATAAGTCAAGTTA-1,OTI,4,47,1.6812412373755872
CGTATAAGTCCGTTTA-1,OTI,3,151,2.1818435879447726
CGTATAAGTCGCAGTA-1,C57BL6,8,35,1.5563025007672873
CGTATAAGTCGTGGTA-1,OTI,0,0,0.0
CGTATAAGTGTGTCCT-1,C57BL6,0,0,0.0
CGTATAGTCACACGTA-1,C57BL6,1,2,0.47712125471966244
CGTATAGTCCACCCAC-1,C57BL6,0,0,0.0
CGTATAGTCCATCACT-1,OTI,2,40,1.6127838567197355
CGTATAGTCGCTCCTA-1,OTI,5,69,1.845098040014257
CGTATAGTCGGACGTT-1,C57BL6,1,9,1.0
CGTATAGTCGGCGTAT-1,C57BL6,0,0,0.0
CGTATATAGAACCCGT-1,OTI,5,284,2.45484486000851
CGTATATAGAACTGAA-1,C57BL6,0,0,0.0
CGTATATAGCATGCCG-1,C57BL6,0,0,0.0
CGTATATAGCCAAACC-1,OTI,2,911,2.959994838328416
CGTATATAGCTTCTAC-1,C57BL6,0,0,0.0
CGTATATAGGCTTGTA-1,C57BL6,3,5,0.7781512503836436
CGTATATAGGGAATTA-1,C57BL6,0,0,0.0
CGTATATAGGGGGTTA-1,OTI,0,0,0.0
CGTATCGCAAAGTAAC-1,OTI,1,23,1.380211241711606
CGTATCGCAAATACAA-1,OTI,6,179,2.255272505103306
CGTATCGCAATCAGGA-1,C57BL6,0,0,0.0
CGTATCGCAATGGCGG-1,OTI,0,0,0.0
CGTATCGCACATTCGG-1,C57BL6,0,0,0.0
CGTATCGCACGTGCTA-1,OTI,6,74,1.8750612633917
CGTATCGCAGCGGACA-1,C57BL6,2,368,2.56702636615906
CGTATCGCAGGTTAGA-1,OTI,2,14,1.1760912590556813
CGTATCTTCAGAGTAA-1,C57BL6,0,0,0.0
CGTATCTTCAGGAATA-1,OTI,5,323,2.510545010206612
CGTATCTTCAGTTTCC-1,OTI,4,60,1.7853298350107671
CGTATCTTCCAAATGT-1,C57BL6,0,0,0.0
CGTATCTTCCTAGCCC-1,C57BL6,1,19,1.3010299956639813
CGTATCTTCGTTGTCT-1,OTI,4,35,1.5563025007672873
CGTATGGGTAATTCCT-1,C57BL6,0,0,0.0
CGTATGGGTACATATG-1,OTI,3,24,1.3979400086720377
CGTATGGGTGGACGGA-1,OTI,0,0,0.0
CGTATGGGTGGTCTCT-1,C57BL6,1,16,1.2304489213782739
CGTATTCTCCGCCTAC-1,OTI,6,130,2.1172712956557644
CGTATTCTCCTTCTAA-1,OTI,0,0,0.0
CGTATTCTCGCCTCTA-1,C57BL6,2,2,0.47712125471966244
CGTATTGAGATCACAT-1,OTI,2,16,1.2304489213782739
CGTCAAATCATCTCAC-1,OTI,6,111,2.0492180226701815
CGTCAAATCCGAATCA-1,OTI,0,0,0.0
CGTCAAATCCGCTAAA-1,OTI,3,5,0.7781512503836436
CGTCAAATCGTTACTC-1,OTI,2,145,2.164352855784437
CGTCAACAGACAGCGA-1,OTI,4,96,1.9867717342662448
CGTCAACAGATTATGC-1,C57BL6,0,0,0.0
CGTCAACAGCCCAAGT-1,C57BL6,0,0,0.0
CGTCAACAGCGCCACA-1,OTI,0,0,0.0
CGTCAATCAAACTACC-1,OTI,3,11,1.0791812460476249
CGTCAATCAACACGAA-1,OTI,2,24,1.3979400086720377
CGTCAATCAAGACGAC-1,C57BL6,0,0,0.0
CGTCAATCACAACGCC-1,OTI,2,14,1.1760912590556813
CGTCAATCAGCGACCT-1,OTI,4,56,1.7558748556724915
CGTCAATCAGGATGGT-1,OTI,4,44,1.6532125137753437
CGTCAATCAGTTGAGA-1,OTI,0,0,0.0
CGTCAGAGTACAGCGC-1,OTI,1,16,1.2304489213782739
CGTCAGAGTGGGTATT-1,OTI,5,292,2.4668676203541096
CGTCAGCCAAGAATTA-1,OTI,1,5,0.7781512503836436
CGTCAGCCAATGGGGT-1,C57BL6,0,0,0.0
CGTCAGCCACCAACGC-1,C57BL6,0,0,0.0
CGTCAGCCACGTACGC-1,OTI,1,19,1.3010299956639813
CGTCAGCCACTAACCG-1,C57BL6,0,0,0.0
CGTCAGTAGAGGACCA-1,OTI,1,2,0.47712125471966244
CGTCAGTAGATTCACG-1,OTI,5,102,2.012837224705172
CGTCAGTAGCGGGTTT-1,OTI,4,72,1.863322860120456
CGTCAGTAGCTCTGAA-1,OTI,1,1,0.3010299956639812
CGTCAGTAGCTCTGGG-1,OTI,3,91,1.9637878273455553
CGTCAGTAGGCACAAG-1,C57BL6,0,0,0.0
CGTCAGTAGGGCATAG-1,OTI,0,0,0.0
CGTCATAAGACCTGTA-1,C57BL6,1,6,0.8450980400142568
CGTCATAAGAGCAGCA-1,OTI,0,0,0.0
CGTCATAAGCACAGGA-1,OTI,5,110,2.0453229787866576
CGTCATAAGGCCTATA-1,C57BL6,0,0,0.0
CGTCATAAGGTCAATT-1,OTI,1,11,1.0791812460476249
CGTCATTTCAACGCTA-1,C57BL6,1,1,0.3010299956639812
CGTCATTTCACTTGCT-1,OTI,5,40,1.6127838567197355
CGTCATTTCCTCAGCC-1,C57BL6,1,3,0.6020599913279624
CGTCATTTCGGGTCCA-1,C57BL6,1,3,0.6020599913279624
CGTCGCTTCAGCATAT-1,C57BL6,1,1,0.3010299956639812
CGTCGCTTCCACTCCA-1,OTI,8,29,1.4771212547196624
CGTCGCTTCCTAGTCT-1,C57BL6,0,0,0.0
CGTCGGGGTACATCCC-1,C57BL6,0,0,0.0
CGTCGGGGTCACGGGT-1,OTI,1,18,1.2787536009528289
CGTCGGGGTCGATCAG-1,OTI,6,454,2.6580113966571126
CGTCGGGGTCTAGCTC-1,OTI,2,50,1.7075701760979363
CGTCGGGGTCTGTTGC-1,C57BL6,1,12,1.1139433523068367
CGTCGGGGTGTCACGA-1,OTI,5,515,2.7126497016272113
CGTCGGTCAAACCGGG-1,OTI,0,0,0.0
CGTCGGTCAAACGGGT-1,OTI,3,37,1.5797835966168101
CGTCGGTCAAGCAAAT-1,OTI,2,12,1.1139433523068367
CGTCGGTCACTGGCAC-1,OTI,2,33,1.5314789170422551
CGTCGGTCAGGCTTCA-1,OTI,3,75,1.8808135922807914
CGTCGTACAAAACTCC-1,OTI,2,2,0.47712125471966244
CGTCGTACAAAGGACC-1,C57BL6,0,0,0.0
CGTCGTACAAAGGCAC-1,OTI,0,0,0.0
CGTCGTACAATCAGAG-1,OTI,6,61,1.792391689498254
CGTCGTACAATGAATA-1,OTI,2,33,1.5314789170422551
CGTCGTACACTTCTAT-1,C57BL6,1,1,0.3010299956639812
CGTCGTACAGTATGTC-1,OTI,16,728,2.8627275283179747
CGTCGTCTCAACTCTC-1,OTI,2,22,1.3617278360175928
CGTCGTCTCATAGTCG-1,C57BL6,1,4,0.6989700043360189
CGTCGTCTCCCCTTAG-1,C57BL6,1,1,0.3010299956639812
CGTCGTCTCGCTTTCG-1,OTI,9,86,1.9395192526186185
CGTCGTCTCGGAGTCT-1,OTI,6,40,1.6127838567197355
CGTCTAAAGACAGACG-1,C57BL6,1,1,0.3010299956639812
CGTCTAAAGATCAGGG-1,OTI,2,37,1.5797835966168101
CGTCTAAAGATTGGTT-1,OTI,1,3,0.6020599913279624
CGTCTAAAGCAACCGT-1,C57BL6,1,50,1.7075701760979363
CGTCTAAAGCAACGTC-1,OTI,1,15,1.2041199826559248
CGTCTAAAGCCACAAC-1,OTI,4,83,1.9242792860618816
CGTCTAAAGCTGTATG-1,OTI,2,27,1.4471580313422192
CGTCTAAAGCTTCGTT-1,C57BL6,0,0,0.0
CGTCTAAAGGGTTTCA-1,OTI,2,40,1.6127838567197355
CGTCTAGCAACTCCGA-1,C57BL6,1,9,1.0
CGTCTAGCAATCTTAG-1,OTI,3,16,1.2304489213782739
CGTCTAGCACAGTTCG-1,OTI,0,0,0.0
CGTCTAGCACGCGTAC-1,C57BL6,3,57,1.7634279935629373
CGTCTATTCACCCTAT-1,OTI,0,0,0.0
CGTCTATTCAGGTTCA-1,C57BL6,4,22,1.3617278360175928
CGTCTATTCAGTCCTT-1,OTI,1,6,0.8450980400142568
CGTCTATTCCTCGAAA-1,OTI,1,14,1.1760912590556813
CGTCTATTCCTTAGTC-1,OTI,0,0,0.0
CGTCTATTCGCATTAG-1,OTI,2,133,2.1271047983648077
CGTCTATTCGGTACTA-1,C57BL6,0,0,0.0
CGTCTCCAGAAGTAGC-1,C57BL6,1,2,0.47712125471966244
CGTCTCCAGAATCTGT-1,OTI,5,95,1.9822712330395684
CGTCTCCAGACATAAG-1,C57BL6,0,0,0.0
CGTCTCCAGACCTTTC-1,OTI,5,306,2.4871383754771865
CGTCTCCAGACGCGTT-1,OTI,3,174,2.2430380486862944
CGTCTCCAGATTGAGA-1,OTI,1,5,0.7781512503836436
CGTCTCCAGCAATACT-1,C57BL6,0,0,0.0
CGTCTCCAGCGCATTA-1,OTI,2,7,0.9030899869919435
CGTCTGTGTACGGATT-1,OTI,6,48,1.6901960800285136
CGTCTGTGTCACGGCG-1,C57BL6,0,0,0.0
CGTCTGTGTCTTATGT-1,C57BL6,0,0,0.0
CGTCTGTGTGCCTGGG-1,OTI,3,579,2.7634279935629373
CGTCTGTGTGGATTTA-1,OTI,2,92,1.968482948553935
CGTCTGTGTGTAGGTT-1,C57BL6,0,0,0.0
CGTCTTAGTACGTGCA-1,OTI,0,0,0.0
CGTCTTAGTAGTTATG-1,C57BL6,0,0,0.0
CGTCTTAGTATCATTC-1,OTI,0,0,0.0
CGTCTTAGTATTCGGG-1,OTI,1,3,0.6020599913279624
CGTCTTAGTCCCTGAT-1,C57BL6,0,0,0.0
CGTCTTAGTCGGAATT-1,OTI,0,0,0.0
CGTCTTAGTGGAGTAA-1,C57BL6,0,0,0.0
CGTGAAGAGAACTTGT-1,OTI,6,173,2.2405492482826
CGTGAAGAGACTTCAG-1,C57BL6,0,0,0.0
CGTGAAGAGGTTGATT-1,C57BL6,0,0,0.0
CGTGAAGAGGTTGTAT-1,C57BL6,0,0,0.0
CGTGAGAAGATATGAG-1,C57BL6,0,0,0.0
CGTGAGAAGCGTTAAT-1,OTI,3,235,2.3729120029701067
CGTGAGAAGCGTTGTA-1,OTI,2,8,0.9542425094393249
CGTGAGAAGGGTAGCA-1,OTI,4,71,1.8573324964312685
CGTGAGAAGGTCGGAA-1,C57BL6,0,0,0.0
CGTGAGCGTAAGTGAG-1,OTI,1,2,0.47712125471966244
CGTGAGCGTGCTACAG-1,C57BL6,0,0,0.0
CGTGAGTTCACAACAT-1,C57BL6,1,4,0.6989700043360189
CGTGAGTTCACCACTT-1,OTI,4,62,1.7993405494535817
CGTGAGTTCAGACGCT-1,OTI,4,53,1.7323937598229686
CGTGAGTTCCATCGTT-1,OTI,1,74,1.8750612633917
CGTGAGTTCGGTTCAA-1,OTI,6,126,2.103803720955957
CGTGCATAGACATGCC-1,OTI,3,38,1.591064607026499
CGTGCATAGACTGATT-1,OTI,10,375,2.575187844927661
CGTGCATAGAGTGCAG-1,OTI,0,0,0.0
CGTGCATAGCACCTAA-1,OTI,3,313,2.496929648073215
CGTGCATAGCGTTGGT-1,OTI,4,108,2.037426497940624
CGTGCATAGGCCATTA-1,OTI,6,134,2.130333768495006
CGTGCATAGGCGTCCA-1,C57BL6,0,0,0.0
CGTGCATAGGGATTAA-1,C57BL6,1,1,0.3010299956639812
CGTGCATAGGGGATAT-1,C57BL6,0,0,0.0
CGTGCATAGGTCGAAG-1,OTI,5,89,1.954242509439325
CGTGCCCGTAGCTTGG-1,OTI,5,195,2.292256071356476
CGTGCCCGTCATATTC-1,OTI,5,156,2.1958996524092336
CGTGCCCGTCGTAGTG-1,OTI,1,339,2.531478917042255
CGTGCCCGTGTGTTAA-1,OTI,3,15,1.2041199826559248
CGTGCCCGTGTTCGAG-1,OTI,1,27,1.4471580313422192
CGTGCTACAAATTGCC-1,C57BL6,1,6,0.8450980400142568
CGTGCTACAACGCAGG-1,OTI,2,11,1.0791812460476249
CGTGCTACACACTACG-1,OTI,0,0,0.0
CGTGCTACACCCAAAT-1,OTI,3,77,1.8920946026904804
CGTGCTACACTCGACA-1,OTI,2,359,2.5563025007672873
CGTGCTACACTTGACG-1,C57BL6,0,0,0.0
CGTGGAAAGACATGTT-1,OTI,3,32,1.5185139398778875
CGTGGAAAGAGTTAAG-1,OTI,3,74,1.8750612633917
CGTGGAAAGATACCCA-1,OTI,2,14,1.1760912590556813
CGTGGAAAGATGTATC-1,C57BL6,0,0,0.0
CGTGGAAAGCACCTAA-1,OTI,2,30,1.4913616938342726
CGTGGAAAGCTCAGCG-1,OTI,4,20,1.3222192947339193
CGTGGAAAGCTCCTCA-1,OTI,2,24,1.3979400086720377
CGTGGAAAGCTGCACG-1,OTI,1,1148,3.060320028688285
CGTGGAAAGGGGAGCT-1,OTI,0,0,0.0
CGTGGAAAGGGGTTTC-1,OTI,1,1,0.3010299956639812
CGTGGGTGTAGTCAGT-1,OTI,1,15,1.2041199826559248
CGTGGGTGTATTGTAG-1,C57BL6,0,0,0.0
CGTGGGTGTCATACCC-1,C57BL6,1,2,0.47712125471966244
CGTGGGTGTCCTTCGG-1,OTI,1,15,1.2041199826559248
CGTGGGTGTGCCTTTA-1,C57BL6,0,0,0.0
CGTGGGTGTGTCGAAT-1,OTI,1,9,1.0
CGTGGTAGTACTCATT-1,C57BL6,1,27,1.4471580313422192
CGTGGTAGTATGTTAG-1,OTI,10,407,2.61066016308988
CGTGGTAGTCGCCGTC-1,C57BL6,0,0,0.0
CGTGGTTAGAAGGGCC-1,OTI,1,6,0.8450980400142568
CGTGGTTAGAATGATG-1,OTI,7,175,2.24551266781415
CGTGGTTAGACTTTGG-1,C57BL6,3,23,1.380211241711606
CGTGGTTAGCATGCGT-1,OTI,7,547,2.738780558484369
CGTGGTTAGCTAATAC-1,C57BL6,0,0,0.0
CGTGGTTAGGTTCAGC-1,C57BL6,0,0,0.0
CGTGTCCTCAGTACTG-1,C57BL6,0,0,0.0
CGTGTCCTCGCCCCAT-1,OTI,3,186,2.271841606536499
CGTGTCCTCGTAGCAC-1,C57BL6,0,0,0.0
CGTGTCGAGACAGCGA-1,OTI,1,2,0.47712125471966244
CGTGTCGAGACATGAA-1,OTI,1,77,1.8920946026904804
CGTGTCGAGATGCCCG-1,OTI,4,33,1.5314789170422551
CGTGTCGAGATTGAAG-1,OTI,3,43,1.6434526764861874
CGTGTCGAGCACCATA-1,OTI,3,154,2.1903316981702914
CGTGTCGAGCTAGTCA-1,C57BL6,0,0,0.0
CGTGTCGAGGTTGCGT-1,C57BL6,0,0,0.0
CGTGTCTGTAAGCCAT-1,OTI,1,40,1.6127838567197355
CGTGTCTGTATGAGTC-1,OTI,5,198,2.298853076409707
CGTGTCTGTCCTATGC-1,OTI,2,19,1.3010299956639813
CGTGTCTGTCTCTCGG-1,OTI,1,57,1.7634279935629373
CGTGTCTGTGCTATGG-1,C57BL6,6,31,1.505149978319906
CGTGTCTGTGTATGTA-1,OTI,2,6,0.8450980400142568
CGTGTTAAGCATAACT-1,OTI,5,122,2.089905111439398
CGTGTTAAGCCTTAGA-1,OTI,1,14,1.1760912590556813
CGTGTTAAGGCATACC-1,C57BL6,5,57,1.7634279935629373
CGTGTTAAGGCTCACG-1,OTI,9,89,1.954242509439325
CGTGTTAAGGGGAATT-1,OTI,2,9,1.0
CGTGTTAAGGTAGGCA-1,C57BL6,0,0,0.0
CGTGTTCGTCAGGTGC-1,OTI,1,8,0.9542425094393249
CGTGTTCGTCGCTATC-1,C57BL6,0,0,0.0
CGTGTTCGTCGCTCTG-1,C57BL6,0,0,0.0
CGTTAAAGTAGAGGCG-1,C57BL6,0,0,0.0
CGTTAAAGTATAAGGG-1,C57BL6,1,5,0.7781512503836436
CGTTAAAGTATGGTCG-1,OTI,7,118,2.0755469613925306
CGTTAAAGTCAAAGCT-1,OTI,0,0,0.0
CGTTAAAGTCTAAAGC-1,C57BL6,0,0,0.0
CGTTAAAGTGCTAAGT-1,OTI,4,159,2.2041199826559246
CGTTAATAGAAGGCTG-1,OTI,4,75,1.8808135922807914
CGTTAATAGACGTGTC-1,OTI,8,266,2.4265112613645754
CGTTAATAGAGGCGGT-1,C57BL6,1,3,0.6020599913279624
CGTTAATAGATGTGAA-1,C57BL6,2,11,1.0791812460476249
CGTTAATAGCACCATA-1,OTI,6,372,2.571708831808688
CGTTAATAGCATTTCC-1,C57BL6,0,0,0.0
CGTTAATAGGCATACC-1,OTI,4,25,1.414973347970818
CGTTACAAGAAGGTTA-1,OTI,1,4,0.6989700043360189
CGTTACAAGACCTTAG-1,OTI,0,0,0.0
CGTTACAAGATTCAAC-1,OTI,2,158,2.2013971243204513
CGTTACAAGCATCTTC-1,OTI,0,0,0.0
CGTTACAAGCTTGTGA-1,OTI,4,62,1.7993405494535817
CGTTACAAGGCCCGTA-1,OTI,2,41,1.6232492903979006
CGTTACAAGGGGGCAT-1,OTI,3,70,1.8512583487190752
CGTTACTTCACATTAA-1,C57BL6,4,100,2.0043213737826426
CGTTACTTCCCACTAT-1,C57BL6,0,0,0.0
CGTTACTTCCCGACTC-1,OTI,1,17,1.255272505103306
CGTTACTTCCCGCTGT-1,OTI,3,35,1.5563025007672873
CGTTACTTCCGGGCTA-1,C57BL6,0,0,0.0
CGTTACTTCCGGTCAG-1,OTI,0,0,0.0
CGTTACTTCGGTCCCT-1,OTI,1,7,0.9030899869919435
CGTTACTTCGTAGCGT-1,C57BL6,0,0,0.0
CGTTACTTCGTATCTC-1,OTI,11,70,1.8512583487190752
CGTTAGCAGAACGGAT-1,C57BL6,0,0,0.0
CGTTAGCAGAGGCCAA-1,OTI,0,0,0.0
CGTTAGCAGAGTTTCG-1,OTI,3,31,1.505149978319906
CGTTAGCAGCAGCCCA-1,C57BL6,0,0,0.0
CGTTAGCAGCCATATG-1,OTI,3,50,1.7075701760979363
CGTTAGCAGCCCTTGC-1,OTI,0,0,0.0
CGTTAGCAGCGCATAC-1,OTI,4,47,1.6812412373755872
CGTTAGCAGCTATAAC-1,C57BL6,0,0,0.0
CGTTAGCAGGTTGGAG-1,C57BL6,0,0,0.0
CGTTAGGGTAACAGAG-1,OTI,2,78,1.8976270912904414
CGTTAGGGTAGTCAGT-1,OTI,3,107,2.03342375548695
CGTTAGGGTCTGATAA-1,OTI,1,8,0.9542425094393249
CGTTAGGGTGGCGTGT-1,OTI,5,577,2.761927838420529
CGTTAGGGTGTCGCTT-1,OTI,3,21,1.3424226808222062
CGTTAGGGTGTTACCC-1,OTI,4,170,2.2329961103921536
CGTTAGTCAAACGCAA-1,OTI,10,783,2.8943160626844384
CGTTAGTCAAACGTTC-1,OTI,4,105,2.0253058652647704
CGTTAGTCAAAGCTTC-1,OTI,0,0,0.0
CGTTAGTCAACAATGG-1,C57BL6,0,0,0.0
CGTTAGTCAACCACAT-1,C57BL6,1,2,0.47712125471966244
CGTTAGTCAACTCGAT-1,OTI,10,497,2.6972293427597176
CGTTAGTCAACTTTAG-1,OTI,3,374,2.574031267727719
CGTTAGTCAATCCGCA-1,C57BL6,5,52,1.724275869600789
CGTTAGTCAATCGTAC-1,OTI,4,151,2.1818435879447726
CGTTAGTCACTGCAAT-1,C57BL6,2,3,0.6020599913279624
CGTTATACAAGCCGAG-1,C57BL6,1,3,0.6020599913279624
CGTTATACACACTACG-1,C57BL6,1,6,0.8450980400142568
CGTTATACAGCTACGC-1,OTI,0,0,0.0
CGTTATACAGCTAGCC-1,OTI,3,37,1.5797835966168101
CGTTATACAGGAACCG-1,C57BL6,0,0,0.0
CGTTATACAGTTACTA-1,OTI,6,284,2.45484486000851
CGTTATGAGAGAGGTT-1,OTI,1,12,1.1139433523068367
CGTTATGAGAGTTGAA-1,OTI,2,72,1.863322860120456
CGTTATGAGCCTGTGG-1,C57BL6,0,0,0.0
CGTTATGAGCGAATGG-1,OTI,1,1,0.3010299956639812
CGTTATGAGCTGATTG-1,OTI,2,54,1.7403626894942439
CGTTATGAGGCTTAAT-1,C57BL6,0,0,0.0
CGTTATGAGGGTTGTC-1,OTI,1,7,0.9030899869919435
CGTTCAAAGACAAGAC-1,OTI,0,0,0.0
CGTTCAAAGAGAATCA-1,OTI,2,17,1.255272505103306
CGTTCAAAGAGGACCA-1,OTI,3,28,1.462397997898956
CGTTCAAAGATAGGGT-1,OTI,5,155,2.1931245983544616
CGTTCAAAGATGGTTT-1,OTI,0,0,0.0
CGTTCAAAGATTGAAG-1,OTI,4,212,2.3283796034387376
CGTTCAAAGCCTTTCG-1,C57BL6,1,5,0.7781512503836436
CGTTCAAAGGGACACA-1,OTI,4,434,2.6384892569546374
CGTTCAAAGGGGTATG-1,OTI,2,188,2.2764618041732443
CGTTCAAAGGGTGTTC-1,C57BL6,1,1,0.3010299956639812
CGTTCAGCAAGCTGCC-1,C57BL6,0,0,0.0
CGTTCAGCACAATGGA-1,OTI,2,36,1.568201724066995
CGTTCAGCACCGCTAA-1,C57BL6,0,0,0.0
CGTTCAGCACCTAAAC-1,C57BL6,0,0,0.0
CGTTCAGCACCTATAA-1,OTI,2,38,1.591064607026499
CGTTCAGCACGATAGA-1,OTI,1,76,1.8864907251724818
CGTTCAGCACGTTAGT-1,OTI,6,14,1.1760912590556813
CGTTCAGCACTCTCCG-1,OTI,7,211,2.326335860928751
CGTTCCCAGACGAGGC-1,OTI,2,151,2.1818435879447726
CGTTCCCAGATAAGTG-1,OTI,1,43,1.6434526764861874
CGTTCCGGTCAGGATT-1,OTI,0,0,0.0
CGTTCCGGTCCATAGG-1,OTI,0,0,0.0
CGTTCCGGTCGCTGCC-1,OTI,4,47,1.6812412373755872
CGTTCCGGTCTTGTCA-1,OTI,0,0,0.0
CGTTCCGGTGCGCGAT-1,OTI,5,158,2.2013971243204513
CGTTCCGGTGTACTCC-1,OTI,1,21,1.3424226808222062
CGTTCGACAATATTAC-1,OTI,4,88,1.9493900066449128
CGTTCGACAATGTATT-1,C57BL6,2,35,1.5563025007672873
CGTTCGACACGTCAAT-1,OTI,1,5,0.7781512503836436
CGTTCGCTCATAATTG-1,OTI,2,41,1.6232492903979006
CGTTCGCTCCGTAAAT-1,C57BL6,0,0,0.0
CGTTCGCTCGCTTACT-1,C57BL6,0,0,0.0
CGTTCGCTCGTACGTA-1,C57BL6,0,0,0.0
CGTTCGCTCGTGTCGG-1,OTI,0,0,0.0
CGTTCGTGTCAATTAG-1,OTI,2,63,1.806179973983887
CGTTCGTGTCACTCCG-1,OTI,1,20,1.3222192947339193
CGTTCGTGTCATTCCA-1,C57BL6,1,7,0.9030899869919435
CGTTCGTGTCCCAAAG-1,OTI,5,91,1.9637878273455553
CGTTCGTGTCCTATTG-1,OTI,4,67,1.8325089127062364
CGTTCGTGTCCTTAGC-1,OTI,3,26,1.4313637641589874
CGTTCGTGTCTGCGCC-1,OTI,3,256,2.4099331233312946
CGTTCGTGTGCCTCGC-1,OTI,0,0,0.0
CGTTCGTGTGGACGGA-1,OTI,8,345,2.5390760987927767
CGTTCGTGTGGAGTGG-1,OTI,12,192,2.285557309007774
CGTTCGTGTGGCGGTT-1,OTI,2,68,1.8388490907372552
CGTTCTAGTAATGTGC-1,OTI,1,18,1.2787536009528289
CGTTCTAGTATCTTGT-1,C57BL6,1,4,0.6989700043360189
CGTTCTAGTATGTTAG-1,OTI,3,135,2.1335389083702174
CGTTCTAGTATTATGG-1,OTI,0,0,0.0
CGTTCTAGTCGCCCTA-1,OTI,0,0,0.0
CGTTCTAGTGCTAGGC-1,C57BL6,1,3,0.6020599913279624
CGTTCTAGTGGGTAGG-1,OTI,3,18,1.2787536009528289
CGTTCTAGTGTGTTAA-1,OTI,4,212,2.3283796034387376
CGTTCTGTCACAGATT-1,OTI,3,38,1.591064607026499
CGTTCTGTCCACTCCA-1,C57BL6,0,0,0.0
CGTTCTGTCCGTCAAA-1,C57BL6,2,19,1.3010299956639813
CGTTCTGTCCTAACTC-1,OTI,0,0,0.0
CGTTCTGTCGCGTAAC-1,C57BL6,3,3,0.6020599913279624
CGTTGACAGAAGGCAT-1,OTI,2,177,2.250420002308894
CGTTGACAGCATGGAG-1,OTI,0,0,0.0
CGTTGACAGCGTCATA-1,OTI,2,7,0.9030899869919435
CGTTGACAGCTACGCG-1,C57BL6,0,0,0.0
CGTTGACAGCTGCACG-1,C57BL6,0,0,0.0
CGTTGACAGGCATCCG-1,OTI,0,0,0.0
CGTTGCGAGACAGAAC-1,OTI,5,263,2.4216039268698313
CGTTGCGAGCCGACAT-1,OTI,1,16,1.2304489213782739
CGTTGCGAGCGGCCTA-1,OTI,2,49,1.6989700043360187
CGTTGCGAGGGCTTGT-1,C57BL6,1,4,0.6989700043360189
CGTTGCGAGGTATGGG-1,C57BL6,0,0,0.0
CGTTGCGAGGTGTCCG-1,OTI,0,0,0.0
CGTTGCTGTAGCTTCC-1,OTI,6,174,2.2430380486862944
CGTTGCTGTCAGCGTA-1,OTI,0,0,0.0
CGTTGGAGTAACTGCG-1,OTI,6,123,2.093421685162235
CGTTGGAGTAATGGAG-1,OTI,4,106,2.0293837776852097
CGTTGGAGTCGATTCC-1,OTI,4,67,1.8325089127062364
CGTTGGAGTGTAAGGA-1,OTI,0,0,0.0
CGTTGGTAGAATTCCG-1,OTI,6,797,2.9020028913507296
CGTTGGTAGAGGCAGC-1,OTI,4,62,1.7993405494535817
CGTTGGTAGCTTAAGT-1,OTI,3,125,2.100370545117563
CGTTGGTAGCTTGATG-1,OTI,1,7,0.9030899869919435
CGTTGTAAGAGGGCGT-1,OTI,6,94,1.9777236052888478
CGTTGTAAGCGAACAG-1,C57BL6,1,13,1.146128035678238
CGTTGTAAGCGGTCAT-1,OTI,2,30,1.4913616938342726
CGTTGTAAGGGAAGCC-1,OTI,2,8,0.9542425094393249
CGTTGTAAGGTGCCCA-1,C57BL6,0,0,0.0
CGTTTACTCAAGGGTG-1,C57BL6,1,3,0.6020599913279624
CGTTTACTCCCATACT-1,OTI,5,132,2.123851640967086
CGTTTACTCCGCTACC-1,OTI,5,111,2.0492180226701815
CGTTTACTCCGGTGCA-1,OTI,1,5,0.7781512503836436
CGTTTACTCGGACTTA-1,C57BL6,0,0,0.0
CGTTTACTCGTTGACA-1,OTI,4,76,1.8864907251724818
CGTTTAGAGACCTGTA-1,OTI,8,362,2.5599066250361124
CGTTTAGAGCCCAAGT-1,OTI,1,8,0.9542425094393249
CGTTTAGAGCTACGAC-1,C57BL6,0,0,0.0
CGTTTAGAGGCTCTAA-1,C57BL6,4,41,1.6232492903979006
CGTTTAGAGGTAGTGG-1,OTI,3,36,1.568201724066995
CGTTTAGAGGTCCCGA-1,C57BL6,0,0,0.0
CGTTTCAGTACCTTTG-1,OTI,1,28,1.462397997898956
CGTTTCAGTACTGTGG-1,C57BL6,1,10,1.0413926851582251
CGTTTCAGTAGCCCTT-1,C57BL6,0,0,0.0
CGTTTCAGTAGGGGCA-1,OTI,2,56,1.7558748556724915
CGTTTCAGTCCGTCTG-1,C57BL6,2,21,1.3424226808222062
CGTTTCAGTCGGATAT-1,OTI,5,235,2.3729120029701067
CGTTTCAGTGCACTAG-1,OTI,2,10,1.0413926851582251
CGTTTCCCAACTCACG-1,OTI,1,4,0.6989700043360189
CGTTTCCCAAGCGCGA-1,OTI,7,139,2.146128035678238
CGTTTCCCAAGCTGGG-1,OTI,3,113,2.0569048513364727
CGTTTCCCAAGTGGCG-1,OTI,4,30,1.4913616938342726
CGTTTCCCAATCAGTC-1,C57BL6,0,0,0.0
CGTTTCCCACATTCCC-1,OTI,7,125,2.100370545117563
CGTTTCCCACCATTAA-1,C57BL6,0,0,0.0
CGTTTCCCACCGGTTA-1,C57BL6,1,16,1.2304489213782739
CGTTTCCCAGTTGAAG-1,OTI,4,43,1.6434526764861874
CGTTTCGTCAACCCTT-1,OTI,12,162,2.2121876044039577
CGTTTCGTCACTGTTC-1,OTI,5,82,1.919078092376074
CGTTTCGTCCGTATCT-1,OTI,2,12,1.1139433523068367
CGTTTCGTCCTATGCT-1,C57BL6,0,0,0.0
CGTTTCGTCGTTCGTT-1,OTI,4,41,1.6232492903979006
CGTTTGAAGACCCAAC-1,OTI,0,0,0.0
CGTTTGAAGACGTCAC-1,C57BL6,0,0,0.0
CGTTTGAAGATCCGAC-1,OTI,5,269,2.4313637641589874
CGTTTGAAGCTAGGAG-1,OTI,4,415,2.6190933306267428
CGTTTGAAGGGTGTTC-1,C57BL6,0,0,0.0
CGTTTGAAGGTCCATA-1,OTI,5,248,2.3961993470957363
CGTTTGAAGGTCGGAA-1,OTI,4,496,2.696356388733332
CTAAACCCAACATCCG-1,OTI,0,0,0.0
CTAAACCCAATCTTAG-1,C57BL6,0,0,0.0
CTAAACCCACTCACGA-1,OTI,4,131,2.12057393120585
CTAAACCCAGTGCGTC-1,OTI,2,3,0.6020599913279624
CTAAACGTCACTACTC-1,OTI,2,67,1.8325089127062364
CTAAACGTCCAATGCA-1,C57BL6,0,0,0.0
CTAAACGTCCCTTTGG-1,C57BL6,0,0,0.0
CTAAACTAGAAATTGG-1,OTI,2,29,1.4771212547196624
CTAAACTAGAACCCCG-1,OTI,5,58,1.7708520116421442
CTAAACTAGAGGTTGG-1,OTI,10,184,2.2671717284030137
CTAAACTAGCGTTAGC-1,OTI,3,17,1.255272505103306
CTAAAGCGTATGCGAT-1,OTI,3,65,1.8195439355418688
CTAAAGGCAAGTCGAA-1,C57BL6,0,0,0.0
CTAAAGGCAATAATTC-1,OTI,8,127,2.1072099696478683
CTAAAGGCACACTATA-1,OTI,1,236,2.374748346010104
CTAAAGGCACGCAGTC-1,OTI,1,3,0.6020599913279624
CTAAAGTTCAGGTTCA-1,C57BL6,1,43,1.6434526764861874
CTAAAGTTCAGTCATG-1,C57BL6,2,794,2.9003671286564705
CTAAAGTTCATGATGT-1,OTI,2,38,1.591064607026499
CTAAAGTTCCCTATGT-1,C57BL6,0,0,0.0
CTAAAGTTCCGTATCT-1,C57BL6,0,0,0.0
CTAAAGTTCGTAGCTA-1,OTI,4,101,2.0086001717619175
CTAAATCAGAAACGTA-1,C57BL6,1,5,0.7781512503836436
CTAAATCAGAGACGAT-1,OTI,0,0,0.0
CTAAATCAGAGTAAGC-1,OTI,3,12,1.1139433523068367
CTAAATCAGATGCCAC-1,OTI,6,28,1.462397997898956
CTAAATCAGCAAATGA-1,OTI,1,120,2.0827853703164503
CTAAATCAGCGATTCA-1,OTI,6,246,2.392696953259666
CTAAATCAGCTAGTTG-1,OTI,5,104,2.0211892990699383
CTAAATCAGGGTTGTC-1,C57BL6,1,4,0.6989700043360189
CTAAATCAGGTCTGGT-1,C57BL6,1,4,0.6989700043360189
CTAAATCAGGTTATCG-1,C57BL6,1,5,0.7781512503836436
CTAAATGGTAAACCGT-1,OTI,3,258,2.413299764081252
CTAAATGGTATCTCGC-1,C57BL6,1,10,1.0413926851582251
CTAAATGGTCCGGCCT-1,C57BL6,1,3,0.6020599913279624
CTAAATGGTCGGAATT-1,OTI,4,29,1.4771212547196624
CTAAATTCAAATTAAG-1,OTI,4,33,1.5314789170422551
CTAAATTCAACGATAG-1,C57BL6,0,0,0.0
CTAAATTCAATGCGAA-1,OTI,4,93,1.9731278535996986
CTAAATTCACAACTTA-1,OTI,1,16,1.2304489213782739
CTAAATTCAGGCGTAG-1,OTI,1,3,0.6020599913279624
CTAAATTCAGTACTCG-1,C57BL6,0,0,0.0
CTAAATTCAGTCATAC-1,OTI,5,6,0.8450980400142568
CTAACATAGACCCAAC-1,OTI,5,114,2.060697840353612
CTAACATAGAGGGTAT-1,OTI,19,588,2.7701152947871015
CTAACATAGCACTGTA-1,OTI,1,4,0.6989700043360189
CTAACATAGCGATTCA-1,OTI,9,120,2.0827853703164503
CTAACATAGCTATTGG-1,C57BL6,0,0,0.0
CTAACCCGTAACAGGA-1,C57BL6,0,0,0.0
CTAACCCGTACGCTGA-1,OTI,1,6,0.8450980400142568
CTAACCCGTAGGAAAT-1,OTI,2,29,1.4771212547196624
CTAACCCGTAGGCTCA-1,C57BL6,1,1,0.3010299956639812
CTAACCCGTAGTGATC-1,OTI,2,112,2.0530784434834195
CTAACCCGTCCGTGTT-1,OTI,0,0,0.0
CTAACCCGTCGTACAG-1,OTI,4,94,1.9777236052888478
CTAACCCGTCTGGTCT-1,OTI,1,6,0.8450980400142568
CTAACCGCAAAATCCC-1,OTI,0,0,0.0
CTAACCGCAAATTGGG-1,OTI,2,79,1.9030899869919435
CTAACCGCAAGCTGAA-1,C57BL6,1,12,1.1139433523068367
CTAACCGCAATATCTG-1,OTI,0,0,0.0
CTAACCGCACGTAACT-1,OTI,3,347,2.5415792439465807
CTAACCGCAGTTGAGA-1,OTI,1,1,0.3010299956639812
CTAACGGGTACTAAGC-1,C57BL6,2,42,1.6334684555795864
CTAACGGGTAGTATGC-1,C57BL6,0,0,0.0
CTAACGGGTAGTATTG-1,OTI,2,547,2.738780558484369
CTAACGGGTCAGGTGC-1,C57BL6,0,0,0.0
CTAACGGGTCAGTTCC-1,OTI,1,8,0.9542425094393249
CTAACGGGTCATTCCA-1,C57BL6,0,0,0.0
CTAACGGGTGTAAAGG-1,OTI,3,24,1.3979400086720377
CTAACGTCAATATTAC-1,OTI,4,103,2.0170333392987803
CTAACGTCAATTGCTA-1,C57BL6,2,14,1.1760912590556813
CTAACGTCACAGCGTC-1,OTI,0,0,0.0
CTAACGTCACTGCGTA-1,OTI,4,22,1.3617278360175928
CTAACGTCAGGAATCA-1,C57BL6,0,0,0.0
CTAACGTCAGGATCAA-1,OTI,3,54,1.7403626894942439
CTAACGTCAGTATTAT-1,OTI,3,37,1.5797835966168101
CTAACGTCAGTGATAG-1,C57BL6,1,6,0.8450980400142568
CTAACTACACAGGCGA-1,OTI,3,259,2.4149733479708178
CTAACTACACGAATCT-1,OTI,4,411,2.6148972160331345
CTAACTACAGCGACAG-1,OTI,1,5,0.7781512503836436
CTAACTCTCACCTCAT-1,OTI,1,3,0.6020599913279624
CTAACTCTCACGACTA-1,C57BL6,1,4,0.6989700043360189
CTAACTCTCACTACCT-1,OTI,6,121,2.0863598306747484
CTAACTCTCCATAGCA-1,OTI,4,81,1.9138138523837167
CTAACTCTCCATCATC-1,C57BL6,2,15,1.2041199826559248
CTAACTCTCCTACGCC-1,OTI,1,26,1.4313637641589874
CTAACTCTCGTATCAG-1,OTI,0,0,0.0
CTAACTTGTAACCCCT-1,C57BL6,0,0,0.0
CTAACTTGTACCACTC-1,OTI,0,0,0.0
CTAACTTGTACCCGTT-1,OTI,2,253,2.404833716619938
CTAACTTGTCATCAGG-1,OTI,6,248,2.3961993470957363
CTAACTTGTCGAAGCC-1,C57BL6,0,0,0.0
CTAACTTGTCGCATCT-1,C57BL6,1,5,0.7781512503836436
CTAACTTGTCGGCTGG-1,OTI,9,81,1.9138138523837167
CTAACTTGTGGAACTT-1,C57BL6,0,0,0.0
CTAACTTGTGGATTCG-1,OTI,2,29,1.4771212547196624
CTAAGCATCAACTATA-1,OTI,0,0,0.0
CTAAGCATCACTTCCG-1,OTI,5,8,0.9542425094393249
CTAAGCATCAGACTCA-1,OTI,2,23,1.380211241711606
CTAAGCATCCCACCGT-1,OTI,4,296,2.4727564493172123
CTAAGCATCCGGCCTT-1,OTI,1,6,0.8450980400142568
CTAAGCCAGAACATAG-1,OTI,7,184,2.2671717284030137
CTAAGCCAGCGTCATA-1,OTI,2,90,1.9590413923210936
CTAAGCCAGGCCTGCA-1,OTI,3,14,1.1760912590556813
CTAAGCCAGGCTAACC-1,OTI,1,6,0.8450980400142568
CTAAGCCAGGGCTCAT-1,C57BL6,1,4,0.6989700043360189
CTAAGCCAGGTAACCC-1,OTI,0,0,0.0
CTAAGCGGTACAGGCC-1,OTI,0,0,0.0
CTAAGCGGTCGACCCC-1,C57BL6,0,0,0.0
CTAAGCGGTGGAAAGC-1,OTI,2,150,2.1789769472931693
CTAAGCGGTGGACGGA-1,OTI,7,124,2.0969100130080562
CTAAGCGGTGGCATGC-1,C57BL6,0,0,0.0
CTAAGCGGTGGCTAAT-1,OTI,2,195,2.292256071356476
CTAAGCGGTGTCGCTT-1,OTI,1,2,0.47712125471966244
CTAAGCTCAAGACGAC-1,C57BL6,4,5,0.7781512503836436
CTAAGCTCACACACGC-1,OTI,0,0,0.0
CTAAGCTCACGTTCAG-1,OTI,9,405,2.6085260335771943
CTAAGCTCAGTACTCG-1,OTI,1,63,1.806179973983887
CTAAGCTCAGTGGCGA-1,C57BL6,0,0,0.0
CTAAGCTCAGTGGGAT-1,OTI,1,4,0.6989700043360189
CTAAGGACAAAAGTTA-1,C57BL6,1,172,2.2380461031287955
CTAAGGACAACATTAT-1,OTI,2,32,1.5185139398778875
CTAAGGACAATCCAAC-1,OTI,0,0,0.0
CTAAGGACAGGAACTA-1,C57BL6,3,47,1.6812412373755872
CTAAGGACAGTCGCAC-1,OTI,2,23,1.380211241711606
CTAAGGACAGTTAGCT-1,OTI,3,44,1.6532125137753437
CTAAGGGAGAAGTAGC-1,OTI,2,75,1.8808135922807914
CTAAGGGAGCACGGTT-1,OTI,3,18,1.2787536009528289
CTAAGGGAGCCGTATA-1,C57BL6,0,0,0.0
CTAAGGGAGCCTATGA-1,OTI,3,25,1.414973347970818
CTAAGGGAGGGAGATT-1,OTI,4,368,2.56702636615906
CTAAGGGAGGGGCATA-1,OTI,2,15,1.2041199826559248
CTAAGGTGTAATTGTG-1,OTI,1,7,0.9030899869919435
CTAAGGTGTCATAGCG-1,OTI,1,3,0.6020599913279624
CTAAGGTGTCATCATT-1,OTI,2,15,1.2041199826559248
CTAAGGTGTGCACGTA-1,OTI,8,110,2.0453229787866576
CTAAGGTGTGGGTTTG-1,OTI,0,0,0.0
CTAAGTAGTACCTAGG-1,C57BL6,0,0,0.0
CTAAGTAGTACGAGTT-1,C57BL6,0,0,0.0
CTAAGTAGTACTAATG-1,C57BL6,0,0,0.0
CTAAGTAGTAGTGTGT-1,OTI,3,91,1.9637878273455553
CTAAGTAGTATGCTCC-1,OTI,5,6,0.8450980400142568
CTAAGTAGTCGCATTC-1,C57BL6,0,0,0.0
CTAAGTCCACAATTCA-1,OTI,2,188,2.2764618041732443
CTAAGTCCACTAGCGC-1,OTI,2,97,1.9912260756924949
CTAAGTCCAGTCACGC-1,OTI,3,64,1.8129133566428555
CTAATACAGAGTGGGC-1,C57BL6,5,5,0.7781512503836436
CTAATACAGATCGTAT-1,OTI,4,225,2.3541084391474008
CTAATACAGATGGTTT-1,OTI,1,44,1.6532125137753437
CTAATACAGCCAGGTT-1,C57BL6,4,9,1.0
CTAATACAGCTGCAGT-1,C57BL6,0,0,0.0
CTAATACAGGCGCATT-1,OTI,3,47,1.6812412373755872
CTAATACAGGGCGGAT-1,C57BL6,0,0,0.0
CTAATATCAAACCGAA-1,OTI,2,61,1.792391689498254
CTAATATCACCAAGCC-1,OTI,1,46,1.6720978579357175
CTAATATCACCACTCT-1,OTI,2,62,1.7993405494535817
CTAATATCACTCGAGC-1,C57BL6,0,0,0.0
CTAATATCAGTGTTAC-1,OTI,2,6,0.8450980400142568
CTAATCACAATAATTC-1,OTI,3,719,2.8573324964312685
CTAATCACAGGAATCA-1,C57BL6,0,0,0.0
CTAATCCTCATATGGT-1,C57BL6,1,5,0.7781512503836436
CTAATCCTCGGTCTAA-1,OTI,3,86,1.9395192526186185
CTAATCCTCGTCGAGT-1,C57BL6,1,7,0.9030899869919435
CTAATCGAGATGAAGC-1,OTI,3,97,1.9912260756924949
CTAATCGAGCCATATG-1,C57BL6,0,0,0.0
CTAATCGAGCGGTGTT-1,OTI,4,337,2.5289167002776547
CTAATCGAGCTAGCGT-1,OTI,2,34,1.5440680443502757
CTAATCTGTATCCTAT-1,C57BL6,2,2,0.47712125471966244
CTAATCTGTCGCTGGG-1,OTI,9,263,2.4216039268698313
CTAATCTGTCGTCGGG-1,OTI,4,209,2.322219294733919
CTAATCTGTGTTAGGT-1,OTI,1,5,0.7781512503836436
CTAATGAGTAATGTCA-1,C57BL6,0,0,0.0
CTAATGAGTACTCGCT-1,C57BL6,0,0,0.0
CTAATGAGTACTTGCC-1,OTI,2,10,1.0413926851582251
CTAATGAGTCAATTTC-1,C57BL6,0,0,0.0
CTAATGAGTCAGGGTC-1,OTI,3,44,1.6532125137753437
CTAATGAGTGCATTGG-1,OTI,3,84,1.9294189257142926
CTAATGAGTGTCCGGG-1,OTI,2,106,2.0293837776852097
CTAATGAGTGTGGGCT-1,OTI,3,9,1.0
CTAATGAGTGTTCTAT-1,OTI,0,0,0.0
CTAATGGTCCCAGCTC-1,C57BL6,0,0,0.0
CTAATGGTCCTATGCT-1,C57BL6,0,0,0.0
CTAATGGTCGCATTAG-1,C57BL6,0,0,0.0
CTAATGGTCGTAGCTA-1,C57BL6,0,0,0.0
CTAATGGTCGTTATGG-1,OTI,4,197,2.296665190261531
CTAATTCGTATGGAGA-1,OTI,1,26,1.4313637641589874
CTAATTCGTCCGCTTG-1,OTI,2,156,2.1958996524092336
CTACAAGTCACTATCC-1,OTI,6,154,2.1903316981702914
CTACAAGTCCAGCTAA-1,OTI,2,327,2.515873843711679
CTACAAGTCCATTGTC-1,OTI,5,433,2.637489729512511
CTACAAGTCCTAATGG-1,C57BL6,0,0,0.0
CTACAAGTCGCCAATA-1,OTI,2,12,1.1139433523068367
CTACAAGTCGTTGCTT-1,C57BL6,0,0,0.0
CTACAATAGACACATT-1,OTI,0,0,0.0
CTACAATAGATGGGTG-1,OTI,0,0,0.0
CTACAATAGCAAGGGC-1,OTI,7,348,2.5428254269591797
CTACAATAGCGAAGCA-1,OTI,6,69,1.845098040014257
CTACAATAGCGGTCAT-1,OTI,6,203,2.3096301674258988
CTACAATAGCTACATG-1,C57BL6,0,0,0.0
CTACAATAGCTATGTG-1,C57BL6,0,0,0.0
CTACAATAGCTCAGTA-1,C57BL6,2,5,0.7781512503836436
CTACAATAGCTCGAAC-1,OTI,4,115,2.0644579892269186
CTACACAAGAAGGGCC-1,OTI,3,46,1.6720978579357175
CTACACAAGACATATC-1,OTI,5,154,2.1903316981702914
CTACACAAGACCAATT-1,OTI,5,297,2.4742162640762553
CTACACAAGGTCGTAC-1,C57BL6,1,18,1.2787536009528289
CTACAGCAGACACATT-1,OTI,0,0,0.0
CTACAGCAGATCGTAT-1,OTI,0,0,0.0
CTACAGCAGGCTTGCG-1,OTI,3,79,1.9030899869919435
CTACAGCAGGTAATTC-1,C57BL6,1,7,0.9030899869919435
CTACAGCAGGTCCACG-1,OTI,1,5,0.7781512503836436
CTACAGGGTAACCGGC-1,C57BL6,2,16,1.2304489213782739
CTACAGGGTAAGCATC-1,C57BL6,0,0,0.0
CTACAGGGTAAGCGCC-1,OTI,4,62,1.7993405494535817
CTACAGGGTAGCTGAT-1,OTI,7,176,2.247973266361807
CTACAGGGTCCTACGT-1,OTI,5,57,1.7634279935629373
CTACAGGGTCGCTTTA-1,OTI,4,349,2.5440680443502757
CTACAGGGTCGTTCTA-1,OTI,3,123,2.093421685162235
CTACATACACAGCACC-1,OTI,2,14,1.1760912590556813
CTACATACACCCTCAT-1,C57BL6,1,8,0.9542425094393249
CTACATACACCCTGAA-1,C57BL6,0,0,0.0
CTACATACAGTGTCGC-1,OTI,3,304,2.484299839346786
CTACATCTCATTGTCC-1,C57BL6,0,0,0.0
CTACATCTCCACCCTA-1,C57BL6,1,1,0.3010299956639812
CTACATCTCCCGCCAT-1,OTI,4,212,2.3283796034387376
CTACATCTCCCTACCA-1,C57BL6,0,0,0.0
CTACATCTCGCTGTGG-1,C57BL6,1,7,0.9030899869919435
CTACATCTCGGTCATA-1,C57BL6,1,17,1.255272505103306
CTACATGAGATAGGCG-1,OTI,6,840,2.924795995797912
CTACATGAGCATTCGA-1,OTI,0,0,0.0
CTACATGAGCGAACGA-1,OTI,3,115,2.0644579892269186
CTACATGAGCTGGGTT-1,OTI,1,3,0.6020599913279624
CTACATGAGGTAATTC-1,OTI,0,0,0.0
CTACATGAGGTTCAAT-1,OTI,4,144,2.161368002234975
CTACGACAGAGGCAGC-1,OTI,4,202,2.307496037913213
CTACGACAGCAAGTAA-1,OTI,3,186,2.271841606536499
CTACGACAGCAGGGGT-1,C57BL6,6,21,1.3424226808222062
CTACGACAGCTGTATG-1,C57BL6,0,0,0.0
CTACGACAGGCTGGAA-1,OTI,3,28,1.462397997898956
CTACGACAGGTATTCG-1,OTI,4,205,2.3138672203691533
CTACGATCAACGACCC-1,OTI,1,10,1.0413926851582251
CTACGATCAATAGGGC-1,OTI,3,356,2.552668216112193
CTACGATCACTGCAAT-1,C57BL6,0,0,0.0
CTACGATCAGTAGTAG-1,OTI,9,510,2.708420900134713
CTACGATCAGTATAGG-1,OTI,1,21,1.3424226808222062
CTACGCACAAACCACT-1,OTI,1,5,0.7781512503836436
CTACGCACAACGTCGC-1,C57BL6,4,4,0.6989700043360189
CTACGCACAAGAATAC-1,C57BL6,5,25,1.414973347970818
CTACGCACACCGTAAT-1,OTI,3,61,1.792391689498254
CTACGCACAGTCATAC-1,C57BL6,1,41,1.6232492903979006
CTACGCCTCCACATCT-1,OTI,0,0,0.0
CTACGCCTCCATCGGG-1,OTI,5,692,2.8407332346118066
CTACGCGAGAACTTGT-1,OTI,3,27,1.4471580313422192
CTACGCGAGAAGCGGC-1,C57BL6,0,0,0.0
CTACGCGAGATAGTGA-1,OTI,3,13,1.146128035678238
CTACGCGAGCATGTCA-1,OTI,1,13,1.146128035678238
CTACGCGAGCCTTTAC-1,OTI,2,35,1.5563025007672873
CTACGCGAGGTCTAGC-1,OTI,0,0,0.0
CTACGCTGTAGAGGTA-1,OTI,2,20,1.3222192947339193
CTACGCTGTAGGCCGT-1,OTI,2,17,1.255272505103306
CTACGCTGTATGCGCA-1,OTI,3,253,2.404833716619938
CTACGCTGTCCGGTAA-1,OTI,0,0,0.0
CTACGCTGTCGATGGC-1,OTI,0,0,0.0
CTACGCTGTGGTCAGC-1,OTI,7,314,2.4983105537896004
CTACGGAGTGCCTATC-1,C57BL6,0,0,0.0
CTACGGAGTGTTATAG-1,OTI,3,83,1.9242792860618816
CTACGTAAGAGGGTAT-1,C57BL6,0,0,0.0
CTACGTAAGCACCGCA-1,OTI,2,9,1.0
CTACGTAAGGTATCCA-1,C57BL6,1,7,0.9030899869919435
CTACTAACAAGTTAGG-1,OTI,3,20,1.3222192947339193
CTACTAACAATCAGGA-1,C57BL6,0,0,0.0
CTACTAACACGCAGCT-1,OTI,14,80,1.9084850188786497
CTACTAACAGCGCGAA-1,C57BL6,0,0,0.0
CTACTAACAGCGTGAG-1,OTI,4,75,1.8808135922807914
CTACTAACAGTACGGG-1,OTI,5,6,0.8450980400142568
CTACTAACAGTATTAT-1,C57BL6,0,0,0.0
CTACTACTCAAGGGCA-1,C57BL6,1,3,0.6020599913279624
CTACTACTCACTCCAT-1,C57BL6,0,0,0.0
CTACTACTCCAAATGT-1,OTI,2,39,1.6020599913279623
CTACTACTCCATCATC-1,OTI,6,79,1.9030899869919435
CTACTACTCCCGTAAA-1,OTI,7,133,2.1271047983648077
CTACTATGTCGCTGGG-1,OTI,0,0,0.0
CTACTATGTGCCCCTA-1,OTI,2,42,1.6334684555795864
CTACTATGTGCCTTCG-1,C57BL6,0,0,0.0
CTACTCCCAACAATTT-1,C57BL6,0,0,0.0
CTACTCCCACACCTCT-1,OTI,2,23,1.380211241711606
CTACTCCCACGATAGA-1,OTI,4,28,1.462397997898956
CTACTCCCACTATAAT-1,C57BL6,2,16,1.2304489213782739
CTACTGAAGAACGACG-1,C57BL6,0,0,0.0
CTACTGAAGATATACC-1,OTI,1,4,0.6989700043360189
CTACTGAAGATGTGAA-1,OTI,1,20,1.3222192947339193
CTACTGAAGCCGTGAT-1,C57BL6,1,5,0.7781512503836436
CTACTGCGTACAAGAG-1,OTI,5,298,2.4756711883244296
CTACTGCGTCTCGCAT-1,OTI,9,187,2.27415784926368
CTACTGCGTGCCATAG-1,OTI,0,0,0.0
CTACTGCGTGGCGCAT-1,OTI,1,4,0.6989700043360189
CTACTGCGTGGGGATG-1,OTI,3,97,1.9912260756924949
CTACTGCGTGTCATGG-1,OTI,0,0,0.0
CTACTTATCCCAAAGC-1,OTI,2,30,1.4913616938342726
CTACTTATCCTATACC-1,OTI,0,0,0.0
CTACTTATCCTTAACC-1,OTI,2,13,1.146128035678238
CTACTTATCGCACCTC-1,OTI,0,0,0.0
CTACTTCAGACGTATT-1,OTI,4,211,2.326335860928751
CTACTTCAGACTAATC-1,OTI,1,27,1.4471580313422192
CTACTTCAGAGCAGAT-1,OTI,0,0,0.0
CTACTTCAGCCCTTAT-1,C57BL6,1,4,0.6989700043360189
CTACTTTCAAACATTT-1,OTI,5,173,2.2405492482826
CTACTTTCAAAGTGCA-1,OTI,4,38,1.591064607026499
CTACTTTCAACTCCGA-1,OTI,5,131,2.12057393120585
CTACTTTCACACTAAC-1,OTI,0,0,0.0
CTACTTTCACCGCAGT-1,C57BL6,0,0,0.0
CTACTTTCACCTTGAG-1,OTI,6,252,2.403120521175818
CTACTTTCACGCGCAT-1,C57BL6,1,6,0.8450980400142568
CTACTTTCAGCTATCG-1,C57BL6,0,0,0.0
CTACTTTCAGTGCATT-1,OTI,0,0,0.0
CTAGAAGCAACTAAGG-1,C57BL6,0,0,0.0
CTAGAAGCAAGAATAC-1,C57BL6,0,0,0.0
CTAGAAGCAGGCAATA-1,OTI,2,145,2.164352855784437
CTAGAAGCAGTACAAG-1,OTI,1,40,1.6127838567197355
CTAGATTAGAAAGCGT-1,OTI,2,29,1.4771212547196624
CTAGATTAGACTCAGC-1,OTI,2,7,0.9030899869919435
CTAGATTAGAGCGAAT-1,OTI,1,25,1.414973347970818
CTAGATTAGAGGCGTA-1,OTI,1,33,1.5314789170422551
CTAGATTAGATAGTAG-1,C57BL6,0,0,0.0
CTAGATTAGCATTGCA-1,C57BL6,3,39,1.6020599913279623
CTAGATTAGCGTGTTA-1,C57BL6,0,0,0.0
CTAGATTAGGCAGTGA-1,OTI,1,11,1.0791812460476249
CTAGATTAGGTTATCG-1,OTI,1,5,0.7781512503836436
CTAGCAATCACAACCA-1,OTI,6,114,2.060697840353612
CTAGCAATCACATTCC-1,C57BL6,0,0,0.0
CTAGCAATCACGCTAA-1,C57BL6,1,11,1.0791812460476249
CTAGCAATCAGAATAG-1,OTI,1,23,1.380211241711606
CTAGCAATCAGTACGC-1,OTI,3,10,1.0413926851582251
CTAGCAATCCGGTATA-1,C57BL6,1,1,0.3010299956639812
CTAGCAATCGCTTCGC-1,OTI,2,51,1.7160033436347992
CTAGCAATCGGCCTCT-1,OTI,2,47,1.6812412373755872
CTAGCAGGTAGTGATC-1,C57BL6,1,1,0.3010299956639812
CTAGCAGGTGGGTTTG-1,C57BL6,0,0,0.0
CTAGCATCAAGGACTA-1,OTI,2,25,1.414973347970818
CTAGCATCACCCATTC-1,OTI,4,259,2.4149733479708178
CTAGCATCACTCATTT-1,OTI,1,1,0.3010299956639812
CTAGCATCACTCGGTA-1,OTI,0,0,0.0
CTAGCATCACTGATTA-1,OTI,3,27,1.4471580313422192
CTAGCATCAGGGGCTA-1,OTI,7,389,2.591064607026499
CTAGCCCTCAGCTAAT-1,C57BL6,0,0,0.0
CTAGCCCTCATTGGCA-1,OTI,6,41,1.6232492903979006
CTAGCCCTCCAAACCA-1,OTI,6,122,2.089905111439398
CTAGCCCTCCATTGCT-1,C57BL6,1,8,0.9542425094393249
CTAGCCCTCCCATGCC-1,OTI,3,86,1.9395192526186185
CTAGCCCTCCCGACTC-1,C57BL6,0,0,0.0
CTAGCCGAGAACTAGA-1,OTI,6,460,2.663700925389648
CTAGCCGAGAAGTAGC-1,C57BL6,0,0,0.0
CTAGCCGAGACCAGAG-1,C57BL6,0,0,0.0
CTAGCCGAGAGCAGAT-1,C57BL6,1,4,0.6989700043360189
CTAGCCGAGATAACAG-1,OTI,1,291,2.4653828514484184
CTAGCCGAGCAAGCGA-1,OTI,2,22,1.3617278360175928
CTAGCCGAGGGTTTCA-1,OTI,7,255,2.4082399653118496
CTAGCGCCAAATTCGC-1,OTI,8,262,2.419955748489758
CTAGCGCCACATGGTT-1,OTI,2,9,1.0
CTAGCGCCACGTACAT-1,C57BL6,1,5,0.7781512503836436
CTAGCGCCACTACATA-1,C57BL6,0,0,0.0
CTAGCGCCACTATAGC-1,OTI,0,0,0.0
CTAGCGCCAGCCTCTT-1,OTI,10,144,2.161368002234975
CTAGCGTAGACTATCG-1,OTI,0,0,0.0
CTAGCGTAGATGAGGT-1,C57BL6,2,3,0.6020599913279624
CTAGCGTAGCACCTCC-1,C57BL6,0,0,0.0
CTAGCGTAGGCGTGAA-1,OTI,4,28,1.462397997898956
CTAGCGTAGGTCCATA-1,OTI,3,47,1.6812412373755872
CTAGCTAAGAGACGAT-1,OTI,1,28,1.462397997898956
CTAGCTAAGAGGGTGC-1,C57BL6,1,9,1.0
CTAGCTAAGATCGATT-1,C57BL6,4,6,0.8450980400142568
CTAGCTAAGCCGCAAT-1,OTI,0,0,0.0
CTAGCTAAGCTGGGTT-1,OTI,1,18,1.2787536009528289
CTAGCTAAGGCTTAAT-1,OTI,6,190,2.2810333672477277
CTAGCTAAGGTCGGAA-1,OTI,5,48,1.6901960800285136
CTAGCTCGTAATCTTC-1,OTI,3,100,2.0043213737826426
CTAGCTCGTAATGTGC-1,C57BL6,0,0,0.0
CTAGCTCGTATCAGCG-1,OTI,1,4,0.6989700043360189
CTAGCTCGTCATCATT-1,OTI,3,34,1.5440680443502757
CTAGCTCGTCCCATGT-1,OTI,4,164,2.2174839442139063
CTAGCTCGTCTACAGG-1,C57BL6,0,0,0.0
CTAGCTCGTCTCGCTG-1,OTI,0,0,0.0
CTAGCTTTCAAGTTCG-1,C57BL6,1,6,0.8450980400142568
CTAGCTTTCACCATTC-1,OTI,0,0,0.0
CTAGCTTTCAGTACGC-1,OTI,4,70,1.8512583487190752
CTAGCTTTCATACCCT-1,C57BL6,0,0,0.0
CTAGCTTTCCTACATC-1,OTI,2,62,1.7993405494535817
CTAGCTTTCGCGCATG-1,OTI,0,0,0.0
CTAGGAACAACCCACA-1,OTI,1,35,1.5563025007672873
CTAGGAACACACCCAA-1,OTI,6,457,2.660865478003869
CTAGGAACACATACCG-1,OTI,2,17,1.255272505103306
CTAGGAACACCCAAGC-1,OTI,0,0,0.0
CTAGGAACACGGAAAC-1,OTI,1,65,1.8195439355418688
CTAGGAGAGAAGGGCC-1,OTI,2,17,1.255272505103306
CTAGGAGAGAGCGGTA-1,OTI,0,0,0.0
CTAGGAGAGATCGACC-1,OTI,1,1,0.3010299956639812
CTAGGAGAGCCTCATT-1,C57BL6,0,0,0.0
CTAGGAGAGCGCATCG-1,OTI,1,2,0.47712125471966244
CTAGGAGAGCTAATCG-1,OTI,6,293,2.4683473304121573
CTAGGAGAGCTTGGCG-1,OTI,5,126,2.103803720955957
CTAGGCCCAAACTACC-1,OTI,1,2,0.47712125471966244
CTAGGCCCACACTCGA-1,OTI,0,0,0.0
CTAGGCCCACCTAACG-1,OTI,1,20,1.3222192947339193
CTAGGGCGTAATGGGA-1,OTI,2,115,2.0644579892269186
CTAGGGCGTAATTTGG-1,OTI,2,61,1.792391689498254
CTAGGGCGTACTACCC-1,C57BL6,2,15,1.2041199826559248
CTAGGGCGTATCTTGT-1,C57BL6,3,26,1.4313637641589874
CTAGGGCGTGGGTGCT-1,OTI,4,517,2.714329759745233
CTAGGGGCAAGAGAGG-1,C57BL6,1,23,1.380211241711606
CTAGGGGCAAGGGGAA-1,C57BL6,0,0,0.0
CTAGGGGCAAGTCTCG-1,OTI,4,67,1.8325089127062364
CTAGGGGCAATCATCA-1,C57BL6,0,0,0.0
CTAGGGGCAATGGGCG-1,C57BL6,9,14,1.1760912590556813
CTAGGGGCACCACTAG-1,C57BL6,1,21,1.3424226808222062
CTAGGGGCACTACGCA-1,OTI,7,418,2.622214022966295
CTAGGGTTCAAGCTCA-1,C57BL6,1,1,0.3010299956639812
CTAGGGTTCACGCTCC-1,C57BL6,0,0,0.0
CTAGGGTTCATCAGCA-1,OTI,2,4,0.6989700043360189
CTAGGGTTCATCCCGC-1,OTI,5,141,2.1522883443830563
CTAGGGTTCATTAAGC-1,OTI,2,13,1.146128035678238
CTAGGGTTCCACCCAC-1,OTI,5,96,1.9867717342662448
CTAGGGTTCCGCTTGC-1,OTI,6,592,2.7730546933642626
CTAGGGTTCCTTCGCA-1,C57BL6,0,0,0.0
CTAGGTCAGGCGAGTA-1,C57BL6,4,4,0.6989700043360189
CTAGGTCAGGTAGCTC-1,OTI,0,0,0.0
CTAGGTGGTAAGTTTG-1,C57BL6,1,7,0.9030899869919435
CTAGGTGGTAATGTCA-1,OTI,2,134,2.130333768495006
CTAGGTGGTATCCCTA-1,OTI,0,0,0.0
CTAGGTGGTATTGGTA-1,OTI,1,11,1.0791812460476249
CTAGTAAGTAAGTCCG-1,OTI,2,33,1.5314789170422551
CTAGTAAGTAGCTGGC-1,C57BL6,0,0,0.0
CTAGTAAGTCCTTCCC-1,OTI,6,312,2.4955443375464483
CTAGTAAGTCTTATAC-1,OTI,2,61,1.792391689498254
CTAGTAAGTGCGTATG-1,OTI,2,8,0.9542425094393249
CTAGTAAGTGTCGTAG-1,OTI,6,42,1.6334684555795864
CTAGTATAGCTCGTAA-1,OTI,4,111,2.0492180226701815
CTAGTATAGGCATGGA-1,OTI,0,0,0.0
CTAGTATAGGCGAGTA-1,C57BL6,0,0,0.0
CTAGTCAAGAAGGCAT-1,C57BL6,0,0,0.0
CTAGTCAAGACATATC-1,OTI,1,8,0.9542425094393249
CTAGTCAAGACATGAA-1,OTI,2,37,1.5797835966168101
CTAGTCAAGATTGGTT-1,OTI,1,8,0.9542425094393249
CTAGTCAAGCTGCAAC-1,OTI,5,30,1.4913616938342726
CTAGTCAAGGCATCAC-1,OTI,2,15,1.2041199826559248
CTAGTCAAGGGATAGT-1,C57BL6,0,0,0.0
CTAGTCAAGGTAAATG-1,C57BL6,0,0,0.0
CTAGTCAAGGTCCACG-1,OTI,3,345,2.5390760987927767
CTAGTCAAGGTGTATT-1,C57BL6,1,5,0.7781512503836436
CTAGTCGCAGGCGTAG-1,C57BL6,1,3,0.6020599913279624
CTAGTCTTCATCGGGT-1,C57BL6,0,0,0.0
CTAGTCTTCCCCAGCT-1,OTI,4,225,2.3541084391474008
CTAGTCTTCCGCTTGC-1,OTI,1,56,1.7558748556724915
CTAGTCTTCCTGCGTC-1,OTI,2,36,1.568201724066995
CTAGTCTTCGCAAAGG-1,C57BL6,0,0,0.0
CTAGTCTTCGCTTTAC-1,OTI,0,0,0.0
CTAGTCTTCGTCCTAT-1,OTI,3,279,2.4471580313422194
CTAGTGCAGACCCTAA-1,OTI,2,17,1.255272505103306
CTAGTGCAGAGGGGCT-1,OTI,2,461,2.6646419755561257
CTAGTGCAGATCCAAT-1,OTI,5,540,2.7331972651065692
CTAGTGCAGATTCGTG-1,OTI,0,0,0.0
CTAGTGCAGCAAGCGA-1,OTI,4,112,2.0530784434834195
CTAGTGCAGCCAAACC-1,C57BL6,0,0,0.0
CTAGTGCAGCGTTCAA-1,C57BL6,0,0,0.0
CTAGTGGGTACTCGCT-1,OTI,5,495,2.6954816764901977
CTAGTGGGTATAATCG-1,C57BL6,2,12,1.1139433523068367
CTAGTGGGTATGGCGC-1,C57BL6,1,1,0.3010299956639812
CTAGTGGGTCGGTATG-1,OTI,3,10,1.0413926851582251
CTAGTGGGTCTAACTT-1,C57BL6,0,0,0.0
CTAGTGGGTGCCAAAT-1,OTI,0,0,0.0
CTAGTGGGTGCGGGTT-1,OTI,2,70,1.8512583487190752
CTAGTGGGTGGTAATC-1,C57BL6,0,0,0.0
CTAGTGGGTGTAAAGG-1,C57BL6,6,14,1.1760912590556813
CTAGTGGGTGTACTCC-1,C57BL6,0,0,0.0
CTAGTGGGTGTGCCTT-1,OTI,2,66,1.8260748027008264
CTAGTGGGTGTGTTCC-1,OTI,1,2,0.47712125471966244
CTAGTTACAAAAGCAT-1,OTI,5,190,2.2810333672477277
CTAGTTACAATGCTTA-1,C57BL6,1,15,1.2041199826559248
CTAGTTACACCTTCCG-1,OTI,0,0,0.0
CTAGTTCTCACAACTG-1,OTI,8,173,2.2405492482826
CTAGTTCTCAGTCCGG-1,C57BL6,0,0,0.0
CTAGTTCTCCTAAAGT-1,C57BL6,1,14,1.1760912590556813
CTAGTTCTCGTCTTAC-1,C57BL6,1,4,0.6989700043360189
CTAGTTGAGACGAGGC-1,OTI,3,113,2.0569048513364727
CTAGTTGAGATCCTGA-1,C57BL6,0,0,0.0
CTAGTTGAGCTCATAG-1,OTI,5,338,2.530199698203082
CTAGTTGAGGGGATCA-1,C57BL6,1,41,1.6232492903979006
CTAGTTGAGGGTACAG-1,OTI,1,5,0.7781512503836436
CTAGTTGAGGGTTTCA-1,C57BL6,0,0,0.0
CTAGTTGAGGTGAGAT-1,C57BL6,0,0,0.0
CTATAACAGAAAGCCG-1,OTI,1,24,1.3979400086720377
CTATAACAGATGCCCG-1,C57BL6,1,3,0.6020599913279624
CTATAACAGCCCATTT-1,OTI,3,30,1.4913616938342726
CTATAACAGCCTCGTC-1,C57BL6,0,0,0.0
CTATAACAGCGTTCCC-1,OTI,0,0,0.0
CTATAACAGGCAACGA-1,C57BL6,0,0,0.0
CTATAACAGGGAGCGT-1,OTI,1,3,0.6020599913279624
CTATAACAGGGGTACA-1,C57BL6,0,0,0.0
CTATAAGGTAGGGCGA-1,OTI,3,489,2.690196080028514
CTATAAGGTATGGGTT-1,OTI,1,11,1.0791812460476249
CTATAAGGTCCTACGT-1,OTI,0,0,0.0
CTATAAGGTCCTTGTA-1,C57BL6,1,1,0.3010299956639812
CTATAAGGTGCACGTA-1,C57BL6,1,3,0.6020599913279624
CTATAAGGTGCTATAA-1,OTI,0,0,0.0
CTATAAGGTGGTGTGC-1,OTI,9,160,2.2068258760318495
CTATAAGGTGTAGCAT-1,C57BL6,0,0,0.0
CTATAATCAACGAGAC-1,C57BL6,1,5,0.7781512503836436
CTATAATCAAGGAGGA-1,OTI,1,14,1.1760912590556813
CTATAATCACCAGATT-1,C57BL6,1,7,0.9030899869919435
CTATAATCACTATGAC-1,OTI,0,0,0.0
CTATACACAATCGACT-1,C57BL6,3,5,0.7781512503836436
CTATACACACGTAGCC-1,OTI,5,156,2.1958996524092336
CTATACACACTGGGCT-1,OTI,8,130,2.1172712956557644
CTATACACAGCCAAGG-1,OTI,2,14,1.1760912590556813
CTATACACAGGTTTCG-1,OTI,1,1,0.3010299956639812
CTATACACAGTATAGG-1,OTI,1,107,2.03342375548695
CTATACCTCAAGGTAA-1,OTI,0,0,0.0
CTATACCTCACCCTAT-1,OTI,2,24,1.3979400086720377
CTATACCTCCAATGCA-1,OTI,3,4,0.6989700043360189
CTATACCTCCGGTCCT-1,C57BL6,1,4,0.6989700043360189
CTATACCTCCTGGGTG-1,C57BL6,3,27,1.4471580313422192
CTATACCTCGCGCATG-1,OTI,5,54,1.7403626894942439
CTATACCTCGCTCATT-1,OTI,4,146,2.167317334748176
CTATACCTCGGTCAAC-1,OTI,0,0,0.0
CTATACCTCGGTCCCT-1,C57BL6,0,0,0.0
CTATACCTCGGTTACA-1,OTI,0,0,0.0
CTATAGCCACATTCAA-1,OTI,0,0,0.0
CTATAGCCAGGAAAGG-1,OTI,2,18,1.2787536009528289
CTATAGTAGACTGATT-1,OTI,4,40,1.6127838567197355
CTATAGTAGAGTCTTG-1,OTI,0,0,0.0
CTATAGTAGATCACAT-1,OTI,1,5,0.7781512503836436
CTATAGTAGGCAATTT-1,OTI,1,2,0.47712125471966244
CTATAGTAGGGATTAA-1,OTI,0,0,0.0
CTATAGTAGGTATTGT-1,C57BL6,0,0,0.0
CTATCACTCACCCATT-1,C57BL6,0,0,0.0
CTATCAGAGATCTCGA-1,OTI,1,51,1.7160033436347992
CTATCAGAGCAAGAGT-1,OTI,2,8,0.9542425094393249
CTATCAGAGCGTATAT-1,C57BL6,0,0,0.0
CTATCAGAGCTAGTAT-1,C57BL6,0,0,0.0
CTATCAGAGGCAAAGT-1,C57BL6,1,4,0.6989700043360189
CTATCAGAGGTATTCG-1,C57BL6,1,2,0.47712125471966244
CTATCCAGTAGCGCGT-1,OTI,1,6,0.8450980400142568
CTATCCAGTAGTCCGA-1,OTI,0,0,0.0
CTATCCAGTGTGTCCT-1,C57BL6,0,0,0.0
CTATCCAGTGTGTGCA-1,OTI,3,114,2.060697840353612
CTATCCCCAACGAAAT-1,OTI,0,0,0.0
CTATCCCCAATTAAAG-1,OTI,3,89,1.954242509439325
CTATCCCCACACTATA-1,C57BL6,0,0,0.0
CTATCCCCACAGTTAC-1,OTI,1,24,1.3979400086720377
CTATCCCCACAGTTTA-1,C57BL6,0,0,0.0
CTATCCCCACCGGACT-1,OTI,0,0,0.0
CTATCCCCACGTACAT-1,OTI,3,287,2.459392487759231
CTATCCCCAGGCATTT-1,OTI,4,42,1.6334684555795864
CTATCCGTCAGACAGG-1,OTI,1,7,0.9030899869919435
CTATCCGTCATGGCAC-1,C57BL6,0,0,0.0
CTATCCGTCCAGGGTT-1,OTI,1,29,1.4771212547196624
CTATCCGTCCCTTTCC-1,C57BL6,0,0,0.0
CTATCCGTCCTCACGC-1,OTI,2,2,0.47712125471966244
CTATCGAAGAACGGAT-1,OTI,5,108,2.037426497940624
CTATCGAAGACGCTGT-1,OTI,4,100,2.0043213737826426
CTATCGAAGACTGCAC-1,OTI,2,59,1.7781512503836436
CTATCGAAGACTTGTG-1,C57BL6,1,2,0.47712125471966244
CTATCGAAGAGGCGTA-1,OTI,4,29,1.4771212547196624
CTATCGAAGCATTGCA-1,OTI,4,18,1.2787536009528289
CTATCGAAGCTTGTCT-1,OTI,6,148,2.173186268412274
CTATCGAAGGCATCAC-1,C57BL6,1,10,1.0413926851582251
CTATCGAAGGTCGTAC-1,OTI,6,489,2.690196080028514
CTATCGCGTAACGAAG-1,OTI,1,111,2.0492180226701815
CTATCGCGTAAGGGAC-1,OTI,5,76,1.8864907251724818
CTATCGCGTACACCCT-1,C57BL6,0,0,0.0
CTATCGCGTAGTCTGG-1,OTI,4,254,2.406540180433955
CTATCGCGTATTGTAG-1,C57BL6,1,12,1.1139433523068367
CTATCGCGTCCAAAGT-1,OTI,1,25,1.414973347970818
CTATCGCGTGCCCCGT-1,OTI,1,2,0.47712125471966244
CTATCGCGTGGAGTGG-1,C57BL6,0,0,0.0
CTATCGCGTGTCCCCA-1,C57BL6,0,0,0.0
CTATCGCGTGTCCGCC-1,OTI,1,6,0.8450980400142568
CTATCTTCAAAGGGAG-1,C57BL6,3,18,1.2787536009528289
CTATCTTCACACTATA-1,OTI,7,103,2.0170333392987803
CTATCTTCACGTAGAA-1,OTI,2,12,1.1139433523068367
CTATCTTCAGCAGGCA-1,OTI,0,0,0.0
CTATGACCACCTACTC-1,C57BL6,0,0,0.0
CTATGCTTCACGCCTC-1,C57BL6,6,7,0.9030899869919435
CTATGCTTCACGGCCA-1,OTI,5,496,2.696356388733332
CTATGCTTCACTACCT-1,OTI,0,0,0.0
CTATGCTTCAGTGGTC-1,OTI,4,91,1.9637878273455553
CTATGCTTCCACCCGT-1,OTI,1,44,1.6532125137753437
CTATGCTTCCAGTCCC-1,OTI,2,48,1.6901960800285136
CTATGCTTCCCAGAAC-1,C57BL6,0,0,0.0
CTATGCTTCCCAGTAA-1,C57BL6,0,0,0.0
CTATGCTTCCCTACGC-1,OTI,0,0,0.0
CTATGCTTCCGTATCT-1,OTI,3,47,1.6812412373755872
CTATGCTTCGGTTTAG-1,C57BL6,0,0,0.0
CTATGGCAGACTTTGG-1,OTI,1,57,1.7634279935629373
CTATGGCAGATCTGCA-1,OTI,4,29,1.4771212547196624
CTATGGCAGATTGGTT-1,OTI,5,502,2.7015679850559273
CTATGGCAGCTATAAC-1,C57BL6,1,1,0.3010299956639812
CTATGGCAGCTGCATA-1,C57BL6,0,0,0.0
CTATGGCAGCTTGATG-1,OTI,2,118,2.0755469613925306
CTATGGGGTACTACGG-1,OTI,4,307,2.4885507165004443
CTATGGGGTCCGTCCA-1,OTI,10,352,2.5477747053878224
CTATGGGGTGCTATAA-1,OTI,0,0,0.0
CTATGGGGTGGGTGCT-1,OTI,5,277,2.444044795918076
CTATGGTCAAAATTCT-1,C57BL6,2,13,1.146128035678238
CTATGGTCAAATCTAT-1,C57BL6,0,0,0.0
CTATGGTCAACACAGA-1,OTI,0,0,0.0
CTATGGTCAACAGCCC-1,OTI,0,0,0.0
CTATGGTCAACTTACA-1,OTI,0,0,0.0
CTATGGTCAAGCTGAA-1,OTI,1,5,0.7781512503836436
CTATGGTCACAACGCC-1,OTI,3,36,1.568201724066995
CTATGGTCACCAGCTA-1,OTI,2,95,1.9822712330395684
CTATGTCTCAAAGGTA-1,OTI,0,0,0.0
CTATGTCTCCGAACAC-1,OTI,3,186,2.271841606536499
CTATGTCTCCGTATAG-1,OTI,4,60,1.7853298350107671
CTATGTCTCGGTATGC-1,C57BL6,2,18,1.2787536009528289
CTATGTCTCGTCACCC-1,OTI,5,59,1.7781512503836436
CTATGTGAGATACAGA-1,C57BL6,0,0,0.0
CTATGTGAGATCTGCA-1,C57BL6,1,4,0.6989700043360189
CTATGTGAGCAAACTT-1,OTI,0,0,0.0
CTATGTTGTATAATCG-1,OTI,2,146,2.167317334748176
CTATGTTGTATAGGCT-1,OTI,5,142,2.155336037465062
CTATGTTGTCAACTCC-1,OTI,0,0,0.0
CTATGTTGTCGACTTC-1,C57BL6,0,0,0.0
CTATGTTGTGCTAGGC-1,C57BL6,0,0,0.0
CTATGTTGTGGCTGTA-1,OTI,6,112,2.0530784434834195
CTATGTTGTGTACGTG-1,OTI,2,40,1.6127838567197355
CTATGTTGTGTCCGGG-1,OTI,2,11,1.0791812460476249
CTATGTTGTGTTAGGT-1,OTI,2,57,1.7634279935629373
CTATTCGGTACGTCAG-1,OTI,3,18,1.2787536009528289
CTATTCGGTACTTATC-1,OTI,6,97,1.9912260756924949
CTATTCGGTATGTGCG-1,OTI,10,233,2.369215857410143
CTATTCGGTCCGTAAG-1,OTI,4,402,2.6053050461411096
CTATTCGGTCGCCCTA-1,OTI,2,99,2.0
CTATTCGGTCGTAGGC-1,C57BL6,1,16,1.2304489213782739
CTATTCGGTGCCCGTC-1,OTI,2,8,0.9542425094393249
CTATTCTCAACACTTA-1,C57BL6,0,0,0.0
CTATTCTCAACCCTCT-1,OTI,4,225,2.3541084391474008
CTATTCTCAAGAGGGA-1,OTI,6,22,1.3617278360175928
CTATTCTCAAGGAGGA-1,OTI,2,94,1.9777236052888478
CTATTCTCACTTATCT-1,OTI,2,17,1.255272505103306
CTATTCTCAGTCAATC-1,OTI,0,0,0.0
CTATTGCTCACTACCT-1,OTI,5,380,2.5809249756756194
CTATTGCTCAGGCTCG-1,OTI,4,169,2.230448921378274
CTATTGCTCATAATCA-1,C57BL6,0,0,0.0
CTATTGCTCCCATGCC-1,C57BL6,1,3,0.6020599913279624
CTATTGCTCCTCGCAC-1,OTI,0,0,0.0
CTATTGCTCCTCTGAT-1,OTI,3,21,1.3424226808222062
CTATTGCTCGCCCTAC-1,C57BL6,0,0,0.0
CTATTGCTCGTTACTC-1,C57BL6,1,4,0.6989700043360189
CTATTGCTCGTTCGGG-1,C57BL6,1,4,0.6989700043360189
CTATTGGAGATACAAG-1,OTI,1,25,1.414973347970818
CTATTGGAGCAGTATT-1,C57BL6,2,53,1.7323937598229686
CTATTGGAGCCATAGC-1,OTI,1,3,0.6020599913279624
CTATTGGAGCCTTAGA-1,C57BL6,0,0,0.0
CTATTGGAGGCGTAGA-1,C57BL6,0,0,0.0
CTATTGGAGGCTGTTA-1,C57BL6,1,1,0.3010299956639812
CTATTGTGTACTCTAT-1,OTI,5,42,1.6334684555795864
CTATTGTGTCACCGCC-1,C57BL6,2,2,0.47712125471966244
CTATTGTGTCAGTTGG-1,OTI,1,2,0.47712125471966244
CTATTGTGTCCCTGTG-1,OTI,0,0,0.0
CTATTGTGTCGCGTAA-1,OTI,6,138,2.143014800254095
CTATTGTGTCTTCAAT-1,OTI,2,41,1.6232492903979006
CTATTGTGTGTATTCT-1,C57BL6,1,1,0.3010299956639812
CTCAATACAAATCTAT-1,C57BL6,0,0,0.0
CTCAATACAATAGTAA-1,OTI,2,96,1.9867717342662448
CTCAATACAATGCGCC-1,OTI,0,0,0.0
CTCAATACACTAGTTA-1,OTI,4,103,2.0170333392987803
CTCAATACAGCACGGA-1,C57BL6,0,0,0.0
CTCAATACAGTAGGGT-1,C57BL6,0,0,0.0
CTCAATACAGTCCTCT-1,OTI,5,120,2.0827853703164503
CTCACCCAGAGCCGTT-1,C57BL6,1,1,0.3010299956639812
CTCACCCAGAGCGATG-1,OTI,5,94,1.9777236052888478
CTCACCCAGAGTCAGG-1,C57BL6,0,0,0.0
CTCACCCAGATATGAG-1,OTI,10,21,1.3424226808222062
CTCACCCAGATTCAGT-1,OTI,1,11,1.0791812460476249
CTCACCCAGCCGTGAT-1,OTI,7,772,2.888179493918325
CTCACCCAGCCGTTGG-1,C57BL6,0,0,0.0
CTCACCCAGCTAGCCG-1,OTI,4,97,1.9912260756924949
CTCACCCAGCTAGGTC-1,OTI,2,4,0.6989700043360189
CTCACCCAGGCCATTA-1,OTI,2,127,2.1072099696478683
CTCACCCAGGGTCGTT-1,C57BL6,0,0,0.0
CTCACCCAGGGTTTCA-1,OTI,1,23,1.380211241711606
CTCACCCAGGTGCGAA-1,OTI,3,236,2.374748346010104
CTCACCTCAACACGCC-1,OTI,2,2,0.47712125471966244
CTCACCTCAAGCGCCT-1,OTI,4,36,1.568201724066995
CTCACCTCAATCAGTC-1,OTI,3,104,2.0211892990699383
CTCACCTCACAAGTAG-1,C57BL6,0,0,0.0
CTCACCTCACCAGGCT-1,OTI,4,33,1.5314789170422551
CTCACGACAAATGACG-1,OTI,0,0,0.0
CTCACGACAACTCCGA-1,OTI,0,0,0.0
CTCACGACACCACGGT-1,OTI,4,521,2.717670503002262
CTCACGACAGTTGGGG-1,OTI,3,74,1.8750612633917
CTCACGCTCAAACCTG-1,OTI,0,0,0.0
CTCACGCTCAGGACTC-1,OTI,1,7,0.9030899869919435
CTCACGCTCCCCAATT-1,C57BL6,0,0,0.0
CTCACTCCAATGTGAG-1,OTI,3,12,1.1139433523068367
CTCACTCCAGCGACCT-1,OTI,4,7,0.9030899869919435
CTCACTCCAGTCCACA-1,OTI,1,1,0.3010299956639812
CTCAGCCTCCTTAACC-1,C57BL6,1,7,0.9030899869919435
CTCAGCCTCGTATCTC-1,OTI,0,0,0.0
CTCAGCGAGCATTACG-1,OTI,0,0,0.0
CTCAGCGAGCCTGTAA-1,OTI,8,266,2.4265112613645754
CTCAGCGAGCTGATTG-1,OTI,1,6,0.8450980400142568
CTCAGCGAGGGTGATG-1,OTI,5,44,1.6532125137753437
CTCAGCGAGGTAGCAG-1,OTI,2,9,1.0
CTCAGGGTCACGACAC-1,OTI,8,620,2.79309160017658
CTCAGGGTCAGACAGG-1,C57BL6,0,0,0.0
CTCAGGGTCAGGACTC-1,OTI,3,44,1.6532125137753437
CTCAGGGTCATCCCAT-1,OTI,4,824,2.916453948549925
CTCAGGGTCCCTTCCT-1,OTI,4,613,2.788168371141168
CTCAGGGTCGGAGTCT-1,OTI,2,17,1.255272505103306
CTCAGGTAGACAATGA-1,OTI,2,19,1.3010299956639813
CTCAGGTAGACGACGA-1,OTI,7,189,2.278753600952829
CTCAGGTAGATCTTGG-1,C57BL6,0,0,0.0
CTCAGGTAGCCTACGG-1,OTI,0,0,0.0
CTCAGTAAGACCCAAC-1,OTI,3,83,1.9242792860618816
CTCAGTAAGATAATCC-1,OTI,2,17,1.255272505103306
CTCAGTAAGGTGCTGT-1,C57BL6,1,1,0.3010299956639812
CTCAGTAAGGTTAGTT-1,OTI,3,23,1.380211241711606
CTCATAACACAGTAAG-1,C57BL6,0,0,0.0
CTCATAACAGGTCGTC-1,OTI,7,141,2.1522883443830563
CTCATAACAGGTTTAC-1,C57BL6,0,0,0.0
CTCATAGAGAAACCCC-1,OTI,3,220,2.3443922736851106
CTCATAGAGACAAGTA-1,OTI,0,0,0.0
CTCATAGAGAGTTGAA-1,OTI,2,168,2.2278867046136734
CTCATAGAGCAAGTAA-1,OTI,2,62,1.7993405494535817
CTCATAGAGCCATGCG-1,OTI,2,31,1.505149978319906
CTCATATGTACGGTTG-1,OTI,1,49,1.6989700043360187
CTCATATGTACTCATT-1,OTI,0,0,0.0
CTCATATGTCGAAGCC-1,OTI,3,396,2.598790506763115
CTCATATGTCTGCATC-1,C57BL6,3,17,1.255272505103306
CTCATATGTCTGGATG-1,OTI,3,258,2.413299764081252
CTCATATGTGGAAAGC-1,OTI,3,7,0.9030899869919435
CTCATATGTGTCCCTG-1,OTI,2,11,1.0791812460476249
CTCATGAAGACAGAAC-1,OTI,4,36,1.568201724066995
CTCATGAAGATAAGTG-1,C57BL6,1,6,0.8450980400142568
CTCATGAAGCATTTGG-1,C57BL6,0,0,0.0
CTCATGAAGCGGTCCA-1,OTI,3,195,2.292256071356476
CTCATGAAGCTAAGCC-1,C57BL6,3,7,0.9030899869919435
CTCATGAAGGTAGAGT-1,OTI,0,0,0.0
CTCATGAAGGTATGTT-1,OTI,1,16,1.2304489213782739
CTCATTATCACATTGG-1,OTI,2,72,1.863322860120456
CTCATTATCCGATGGT-1,OTI,3,460,2.663700925389648
CTCATTATCGTAGGCT-1,C57BL6,0,0,0.0
CTCATTATCGTAGGTC-1,C57BL6,4,139,2.146128035678238
CTCATTGGTAAAGTGG-1,OTI,0,0,0.0
CTCATTGGTCTTAGCC-1,OTI,1,5,0.7781512503836436
CTCATTGGTGGCCCCT-1,C57BL6,1,4,0.6989700043360189
CTCATTGGTGGGCAAG-1,OTI,2,38,1.591064607026499
CTCATTGGTGGGGTAG-1,OTI,2,53,1.7323937598229686
CTCATTTCAACACAAG-1,OTI,6,65,1.8195439355418688
CTCATTTCAATGCGAA-1,OTI,8,55,1.7481880270062005
CTCATTTCAATGCTTA-1,C57BL6,0,0,0.0
CTCATTTCACTGGGAG-1,C57BL6,2,30,1.4913616938342726
CTCATTTCAGTATTAT-1,C57BL6,0,0,0.0
CTCCAATTCATGCAGC-1,C57BL6,2,3,0.6020599913279624
CTCCAATTCCGAATTG-1,OTI,8,13,1.146128035678238
CTCCAATTCCTCCAGC-1,OTI,2,17,1.255272505103306
CTCCACATCCGGTGCA-1,OTI,5,139,2.146128035678238
CTCCACATCCTTAGTC-1,C57BL6,0,0,0.0
CTCCACTCAACCCACA-1,C57BL6,0,0,0.0
CTCCACTCAAGTCTTA-1,OTI,4,84,1.9294189257142926
CTCCACTCACCCAGTA-1,OTI,0,0,0.0
CTCCACTCACCCTGAA-1,C57BL6,0,0,0.0
CTCCACTCACTCACTC-1,C57BL6,0,0,0.0
CTCCACTCACTGATTA-1,OTI,2,30,1.4913616938342726
CTCCACTCAGGACGCA-1,OTI,6,343,2.53655844257153
CTCCACTCAGTATACC-1,C57BL6,1,10,1.0413926851582251
CTCCAGCTCACACACA-1,OTI,0,0,0.0
CTCCAGCTCAGTTGTG-1,OTI,0,0,0.0
CTCCAGCTCCACAACA-1,OTI,2,20,1.3222192947339193
CTCCAGCTCCAGCATA-1,C57BL6,0,0,0.0
CTCCAGCTCCCGTAAA-1,C57BL6,0,0,0.0
CTCCAGCTCCTATGTC-1,C57BL6,0,0,0.0
CTCCAGCTCCTTAACC-1,OTI,2,48,1.6901960800285136
CTCCATCCAAAGCTTC-1,OTI,3,20,1.3222192947339193
CTCCATCCAAATTGCC-1,OTI,1,5,0.7781512503836436
CTCCATCCAACCCATG-1,OTI,3,401,2.60422605308447
CTCCATCCAACCCTCT-1,C57BL6,0,0,0.0
CTCCATCCAGGTTTAC-1,OTI,10,215,2.3344537511509307
CTCCATGTCAAAGGTA-1,OTI,0,0,0.0
CTCCATGTCAGACGCT-1,OTI,1,5,0.7781512503836436
CTCCATGTCAGCCCCT-1,OTI,5,108,2.037426497940624
CTCCATGTCAGCGTGT-1,C57BL6,0,0,0.0
CTCCATGTCCGTTCGC-1,OTI,1,325,2.513217600067939
CTCCATGTCCTCAGCC-1,OTI,5,367,2.5658478186735176
CTCCATGTCGCGGAAA-1,OTI,2,496,2.696356388733332
CTCCATGTCGTGCGTG-1,OTI,2,17,1.255272505103306
CTCCGAACAACTATAT-1,OTI,4,16,1.2304489213782739
CTCCGAACAACTCACG-1,OTI,5,39,1.6020599913279623
CTCCGACTCAACGAAA-1,OTI,3,166,2.2227164711475833
CTCCGACTCACAACCA-1,OTI,0,0,0.0
CTCCGACTCAGTATTA-1,OTI,2,20,1.3222192947339193
CTCCGACTCCCACTCA-1,OTI,2,99,2.0
CTCCGACTCCGATAGC-1,OTI,1,5,0.7781512503836436
CTCCGACTCCGTAAAT-1,OTI,1,50,1.7075701760979363
CTCCGACTCGCCTGCT-1,OTI,10,187,2.27415784926368
CTCCGACTCGTTCATC-1,OTI,1,8,0.9542425094393249
CTCCGCAGTAGAGAAT-1,OTI,4,141,2.1522883443830563
CTCCGCAGTAGGTATC-1,OTI,1,13,1.146128035678238
CTCCGCAGTATTGCTT-1,OTI,5,94,1.9777236052888478
CTCCGGAAGAACTAAG-1,OTI,2,5,0.7781512503836436
CTCCGGAAGAGACGCA-1,OTI,4,87,1.9444826721501687
CTCCGGAAGAGTGGCA-1,OTI,0,0,0.0
CTCCGGAAGCAATAGA-1,OTI,3,26,1.4313637641589874
CTCCGGAAGCCGCACA-1,OTI,0,0,0.0
CTCCGGCGTAAGCAAG-1,C57BL6,0,0,0.0
CTCCGGCGTATCATGA-1,OTI,2,8,0.9542425094393249
CTCCGGCGTCATACTT-1,OTI,4,118,2.0755469613925306
CTCCGGCGTCCGGCCT-1,C57BL6,1,9,1.0
CTCCGGCGTCTGACTC-1,C57BL6,1,8,0.9542425094393249
CTCCGGCGTGCCTTTA-1,C57BL6,0,0,0.0
CTCCGGCGTGCTGTCT-1,OTI,1,252,2.403120521175818
CTCCGGTTCACGGTGT-1,OTI,2,95,1.9822712330395684
CTCCGGTTCCATAGGC-1,OTI,5,121,2.0863598306747484
CTCCGGTTCCCTGCAC-1,OTI,2,24,1.3979400086720377
CTCCGGTTCCGTTACT-1,C57BL6,4,87,1.9444826721501687
CTCCGGTTCCTTATCA-1,OTI,3,181,2.2600713879850747
CTCCGGTTCGGGCTTG-1,OTI,0,0,0.0
CTCCTACCAACAGTCT-1,OTI,1,6,0.8450980400142568
CTCCTACCAACCTACG-1,C57BL6,1,13,1.146128035678238
CTCCTACCAAGGACAC-1,OTI,0,0,0.0
CTCCTACCAATATCAT-1,OTI,1,4,0.6989700043360189
CTCCTACCACGTACAT-1,C57BL6,2,12,1.1139433523068367
CTCCTACCAGTTCACG-1,OTI,1,1,0.3010299956639812
CTCCTACCAGTTGGTT-1,OTI,5,523,2.7193312869837265
CTCCTCAAGCAACGTC-1,OTI,1,19,1.3010299956639813
CTCCTCAAGCACCGCA-1,C57BL6,0,0,0.0
CTCCTCAAGCTAGTTG-1,C57BL6,5,16,1.2304489213782739
CTCCTCAAGCTCTCAT-1,OTI,0,0,0.0
CTCCTCAAGGCGAATG-1,OTI,1,45,1.662757831681574
CTCCTCTTCAACGCTA-1,OTI,0,0,0.0
CTCCTCTTCATGTCCT-1,C57BL6,1,5,0.7781512503836436
CTCCTCTTCCGACCCT-1,C57BL6,1,10,1.0413926851582251
CTCCTCTTCCTAGTCT-1,C57BL6,0,0,0.0
CTCCTGGGTCACGGCG-1,OTI,2,13,1.146128035678238
CTCCTGGGTCCACGGG-1,OTI,4,167,2.225309281725863
CTCCTGGGTCCGCCTA-1,OTI,2,31,1.505149978319906
CTCCTGGGTCGCTTTA-1,OTI,2,20,1.3222192947339193
CTCCTGGGTCGTAGTG-1,OTI,1,4,0.6989700043360189
CTCCTGGGTGCCCATT-1,OTI,3,91,1.9637878273455553
CTCCTGGGTGCGGAGA-1,OTI,1,32,1.5185139398778875
CTCCTGGGTGGAACCC-1,OTI,3,30,1.4913616938342726
CTCCTGGGTGGCTTAG-1,C57BL6,1,3,0.6020599913279624
CTCCTGGGTGTAAGGA-1,C57BL6,0,0,0.0
CTCCTGGGTGTATTCT-1,OTI,6,378,2.578639209968072
CTCCTGGGTGTCCCGC-1,C57BL6,0,0,0.0
CTCCTTCTCAGACTGC-1,OTI,6,72,1.863322860120456
CTCCTTCTCCACCCGT-1,C57BL6,3,16,1.2304489213782739
CTCCTTCTCCTGATTC-1,OTI,0,0,0.0
CTCCTTCTCCTTCATA-1,OTI,0,0,0.0
CTCCTTCTCGCTAACA-1,C57BL6,0,0,0.0
CTCCTTCTCGGCGTAT-1,OTI,2,47,1.6812412373755872
CTCCTTCTCGTAGGTC-1,OTI,0,0,0.0
CTCGAAATCACAACAT-1,OTI,3,120,2.0827853703164503
CTCGAAATCACACCTT-1,OTI,3,187,2.27415784926368
CTCGAAATCACATTCC-1,OTI,1,4,0.6989700043360189
CTCGAAATCATAATTG-1,OTI,1,1,0.3010299956639812
CTCGAAATCCACGTAA-1,C57BL6,4,4,0.6989700043360189
CTCGAAATCCAGCTAA-1,C57BL6,0,0,0.0
CTCGAAATCCCTTCTC-1,OTI,3,14,1.1760912590556813
CTCGAAATCCGGCAAT-1,C57BL6,0,0,0.0
CTCGAAATCCGGTTAA-1,OTI,0,0,0.0
CTCGAACAGACAGCCT-1,OTI,0,0,0.0
CTCGAACAGAGGGTGC-1,OTI,2,30,1.4913616938342726
CTCGAACAGATCTTGG-1,OTI,0,0,0.0
CTCGAACAGATGGGAT-1,OTI,4,21,1.3424226808222062
CTCGAACAGCCATGGT-1,OTI,2,78,1.8976270912904414
CTCGAACAGCCTTATC-1,C57BL6,1,10,1.0413926851582251
CTCGAACAGCTTGTCT-1,OTI,5,253,2.404833716619938
CTCGAAGGTACTAAGC-1,OTI,2,211,2.326335860928751
CTCGAAGGTATCCTGC-1,OTI,7,92,1.968482948553935
CTCGAAGGTGTAGAAG-1,C57BL6,0,0,0.0
CTCGACACAAGTGTTC-1,C57BL6,0,0,0.0
CTCGACACAAGTTTCA-1,C57BL6,0,0,0.0
CTCGACACAATTAAGA-1,C57BL6,0,0,0.0
CTCGACACACCGTAAT-1,OTI,4,33,1.5314789170422551
CTCGAGCCAAAACTAA-1,OTI,4,98,1.99563519459755
CTCGAGCCAAGCACAA-1,OTI,4,422,2.6263403673750423
CTCGAGCCACAACGAA-1,C57BL6,0,0,0.0
CTCGAGCCACTCTAGG-1,OTI,3,407,2.61066016308988
CTCGAGCCAGCCTTAG-1,OTI,4,82,1.919078092376074
CTCGAGCCAGTATGTC-1,C57BL6,0,0,0.0
CTCGAGTAGATGCCAC-1,C57BL6,0,0,0.0
CTCGAGTAGATTACCG-1,C57BL6,0,0,0.0
CTCGAGTAGCAGCGAA-1,C57BL6,3,9,1.0
CTCGATAAGACAGCGA-1,OTI,4,10,1.0413926851582251
CTCGATAAGAGCAGCA-1,C57BL6,1,2,0.47712125471966244
CTCGATAAGCGGCATT-1,OTI,1,2,0.47712125471966244
CTCGATAAGCTGCACG-1,C57BL6,0,0,0.0
CTCGATAAGGCATCCG-1,OTI,3,27,1.4471580313422192
CTCGATAAGGCCATCG-1,OTI,13,1004,3.002166061756508
CTCGATCGTGCTCTGT-1,OTI,0,0,0.0
CTCGCAACAAACGTTC-1,C57BL6,0,0,0.0
CTCGCAACACTCACCT-1,OTI,0,0,0.0
CTCGCAACACTTAGCG-1,OTI,3,18,1.2787536009528289
CTCGCAACAGTTAGTC-1,C57BL6,2,12,1.1139433523068367
CTCGCACTCAAAGCCC-1,OTI,6,303,2.482873583608754
CTCGCACTCACGCAAC-1,OTI,0,0,0.0
CTCGCACTCACGTCCC-1,C57BL6,1,17,1.255272505103306
CTCGCACTCATCCGTT-1,OTI,1,11,1.0791812460476249
CTCGCATGTCAGTCTC-1,C57BL6,1,1,0.3010299956639812
CTCGCATGTCCAGATG-1,OTI,3,577,2.761927838420529
CTCGCATGTCGTTAAA-1,OTI,1,42,1.6334684555795864
CTCGCATGTCTGCATC-1,OTI,2,47,1.6812412373755872
CTCGCATGTGGTAAAG-1,OTI,4,226,2.3560258571931225
CTCGCCAGTAAGCCGC-1,OTI,4,14,1.1760912590556813
CTCGCCAGTAAGTGTC-1,C57BL6,0,0,0.0
CTCGCCAGTGCCCCTA-1,C57BL6,3,28,1.462397997898956
CTCGCTATCACACCTT-1,OTI,9,96,1.9867717342662448
CTCGCTATCAGCGTGT-1,C57BL6,0,0,0.0
CTCGCTATCAGGCCAT-1,OTI,0,0,0.0
CTCGCTATCCAATTAA-1,C57BL6,1,1,0.3010299956639812
CTCGCTATCCCGAATA-1,OTI,0,0,0.0
CTCGCTATCCTCACGC-1,OTI,3,24,1.3979400086720377
CTCGCTATCGTTCGTT-1,OTI,2,13,1.146128035678238
CTCGCTGGTATCCCCG-1,OTI,0,0,0.0
CTCGCTGGTCAGGTTG-1,C57BL6,1,7,0.9030899869919435
CTCGCTGGTCGCATTC-1,OTI,1,55,1.7481880270062005
CTCGCTGGTCGTACAG-1,OTI,6,71,1.8573324964312685
CTCGCTGGTCTTGGTC-1,C57BL6,0,0,0.0
CTCGCTGGTGGGGTCT-1,OTI,0,0,0.0
CTCGGACCAAAAGCCA-1,OTI,9,125,2.100370545117563
CTCGGACCAAATCTAT-1,OTI,4,172,2.2380461031287955
CTCGGACCAACCCTAG-1,OTI,2,6,0.8450980400142568
CTCGGACCAACGTACT-1,C57BL6,0,0,0.0
CTCGGACCACATGGGG-1,OTI,5,407,2.61066016308988
CTCGGACCACCACGTA-1,OTI,4,185,2.2695129442179165
CTCGGACCAGGAGTTA-1,OTI,1,9,1.0
CTCGGACCAGTACTCG-1,OTI,3,47,1.6812412373755872
CTCGGACCAGTGAAGC-1,OTI,0,0,0.0
CTCGGCAAGAAAGGTC-1,OTI,7,208,2.3201462861110542
CTCGGCAAGAACCCCG-1,OTI,4,60,1.7853298350107671
CTCGGCAAGAGTTGGG-1,OTI,2,128,2.110589710299249
CTCGGCAAGCACAGCT-1,OTI,3,9,1.0
CTCGGCAAGCGTTCCC-1,OTI,0,0,0.0
CTCGGCAAGGCTCAAC-1,C57BL6,1,14,1.1760912590556813
CTCGGCTTCAACCAAT-1,OTI,2,331,2.5211380837040362
CTCGGCTTCACTGCCC-1,OTI,0,0,0.0
CTCGGCTTCAGTACGC-1,OTI,2,409,2.6127838567197355
CTCGGCTTCATATTAG-1,OTI,8,563,2.751279103983342
CTCGGCTTCCGAATGC-1,OTI,2,30,1.4913616938342726
CTCGGCTTCCGTACTT-1,OTI,0,0,0.0
CTCGGCTTCGTTCGCC-1,OTI,4,1268,3.103461622094705
CTCGGCTTCGTTGCCC-1,C57BL6,1,8,0.9542425094393249
CTCGGGATCAACCAAT-1,C57BL6,0,0,0.0
CTCGGGATCAATTCCC-1,OTI,5,96,1.9867717342662448
CTCGGGATCAGCCGCA-1,OTI,0,0,0.0
CTCGGGATCAGTAATC-1,OTI,5,38,1.591064607026499
CTCGGGATCATGGCAC-1,OTI,5,296,2.4727564493172123
CTCGGGATCCTCTGAT-1,OTI,2,68,1.8388490907372552
CTCGGGATCCTTCATA-1,OTI,3,33,1.5314789170422551
CTCGGGATCGCACTAA-1,C57BL6,0,0,0.0
CTCGGGATCGGGGTAA-1,OTI,1,9,1.0
CTCGGGTCAAAACCGA-1,C57BL6,2,32,1.5185139398778875
CTCGGGTCAACCTATA-1,OTI,4,410,2.6138418218760693
CTCGGGTCAACTCCGA-1,OTI,1,13,1.146128035678238
CTCGGGTCAAGTACGA-1,OTI,0,0,0.0
CTCGGGTCAATAGTAA-1,OTI,3,58,1.7708520116421442
CTCGGGTCAGTCACGC-1,C57BL6,0,0,0.0
CTCGGTACAAACACTC-1,C57BL6,0,0,0.0
CTCGGTACAACCCTCT-1,C57BL6,0,0,0.0
CTCGGTACAAGCACAA-1,OTI,0,0,0.0
CTCGGTACAAGCCGAG-1,OTI,0,0,0.0
CTCGGTACAAGTCCGC-1,C57BL6,2,2,0.47712125471966244
CTCGGTACAATCGTAC-1,OTI,6,24,1.3979400086720377
CTCGGTACACCAAATC-1,C57BL6,5,13,1.146128035678238
CTCGGTACAGTATGGA-1,OTI,1,4,0.6989700043360189
CTCGGTACAGTCTCGA-1,OTI,0,0,0.0
CTCGGTACAGTCTTCC-1,OTI,4,53,1.7323937598229686
CTCGGTTGTATCGCGA-1,C57BL6,0,0,0.0
CTCGGTTGTCGGCTGG-1,OTI,1,38,1.591064607026499
CTCGGTTGTCGTTGCT-1,OTI,1,25,1.414973347970818
CTCGGTTGTGCATTCC-1,OTI,0,0,0.0
CTCGTAAAGAACCATT-1,OTI,6,88,1.9493900066449128
CTCGTAAAGAATGCCC-1,C57BL6,0,0,0.0
CTCGTAAAGATGGAGT-1,OTI,0,0,0.0
CTCGTAAAGATGGGGC-1,OTI,1,8,0.9542425094393249
CTCGTAAAGCATCGAC-1,C57BL6,0,0,0.0
CTCGTAAAGCCAACCG-1,OTI,1,11,1.0791812460476249
CTCGTAAAGCGAAGAT-1,OTI,0,0,0.0
CTCGTAAAGCGTACGT-1,OTI,5,35,1.5563025007672873
CTCGTAAAGCGTTAGC-1,C57BL6,0,0,0.0
CTCGTAAAGCTGGTCG-1,C57BL6,0,0,0.0
CTCGTAAAGGGTCGTT-1,OTI,2,15,1.2041199826559248
CTCGTAAAGGTAAGGT-1,OTI,4,85,1.9344984512435677
CTCGTAAAGGTCCTTT-1,OTI,1,67,1.8325089127062364
CTCGTCATCATGCCTT-1,OTI,2,22,1.3617278360175928
CTCGTCATCCACTCCA-1,C57BL6,0,0,0.0
CTCGTCATCCCTAACT-1,C57BL6,0,0,0.0
CTCGTCATCCGGGCTA-1,OTI,1,63,1.806179973983887
CTCGTCATCGTGCATA-1,C57BL6,0,0,0.0
CTCGTCGGTACCCTTA-1,C57BL6,0,0,0.0
CTCGTCGGTCCCAATC-1,C57BL6,0,0,0.0
CTCGTCGGTCCTGATC-1,C57BL6,0,0,0.0
CTCGTCGGTCGTGCCC-1,C57BL6,0,0,0.0
CTCGTCGGTCTTGGAG-1,OTI,1,21,1.3424226808222062
CTCGTCGGTGCTTCCG-1,OTI,0,0,0.0
CTCGTCGGTGTCGAAT-1,C57BL6,0,0,0.0
CTCGTGGAGAAACGGT-1,OTI,2,4,0.6989700043360189
CTCGTGGAGAGTTAGA-1,OTI,3,369,2.568201724066995
CTCGTGGAGCAAGGCA-1,C57BL6,1,1,0.3010299956639812
CTCGTGGAGCATGCAC-1,OTI,5,152,2.184691430817599
CTCGTGGAGGCTATGC-1,OTI,1,3,0.6020599913279624
CTCGTTCCAAATGAAC-1,OTI,3,13,1.146128035678238
CTCGTTCCAAATGACG-1,OTI,1,12,1.1139433523068367
CTCGTTCCAACGAAGC-1,C57BL6,1,8,0.9542425094393249
CTCGTTCCACAGTCAT-1,OTI,7,84,1.9294189257142926
CTCGTTCCAGCGATAA-1,OTI,12,224,2.3521825181113627
CTCGTTCCAGTACGCC-1,OTI,2,182,2.2624510897304293
CTCGTTCCAGTACTCG-1,OTI,3,47,1.6812412373755872
CTCGTTGTCCGAGTGT-1,OTI,0,0,0.0
CTCGTTGTCCTACTTA-1,OTI,8,394,2.59659709562646
CTCGTTTAGATCCTGA-1,OTI,0,0,0.0
CTCGTTTAGCTGGCAT-1,C57BL6,2,12,1.1139433523068367
CTCGTTTAGGGAAACT-1,C57BL6,0,0,0.0
CTCGTTTAGGTTGGAG-1,OTI,6,387,2.5888317255942073
CTCTAACTCAATATGC-1,C57BL6,0,0,0.0
CTCTAACTCAATGTTA-1,OTI,1,1,0.3010299956639812
CTCTAACTCCCAATTC-1,OTI,3,27,1.4471580313422192
CTCTAACTCGTCAACA-1,OTI,7,223,2.3502480183341627
CTCTAATGTACCACCT-1,C57BL6,1,10,1.0413926851582251
CTCTAATGTCAATTAG-1,C57BL6,0,0,0.0
CTCTAATGTCTAAGCG-1,OTI,3,30,1.4913616938342726
CTCTAATGTGGCGCAT-1,OTI,1,1,0.3010299956639812
CTCTAATGTGGTTGGC-1,C57BL6,0,0,0.0
CTCTAATGTGTCGTCT-1,OTI,3,65,1.8195439355418688
CTCTAGAAGAAAGTCA-1,C57BL6,0,0,0.0
CTCTAGAAGCATGTCA-1,OTI,0,0,0.0
CTCTAGAAGCTAAATC-1,C57BL6,0,0,0.0
CTCTAGAAGGCATCGT-1,OTI,2,3,0.6020599913279624
CTCTAGAAGGGTGATG-1,C57BL6,0,0,0.0
CTCTAGCGTACTGGAT-1,C57BL6,0,0,0.0
CTCTAGCGTCAGGCGT-1,OTI,5,457,2.660865478003869
CTCTAGCGTGGCCTGG-1,OTI,4,31,1.505149978319906
CTCTAGCGTGGTACTG-1,OTI,4,162,2.2121876044039577
CTCTAGCGTGGTTTGG-1,C57BL6,0,0,0.0
CTCTAGCGTGTCGGCG-1,C57BL6,1,7,0.9030899869919435
CTCTAGCGTGTCTAGG-1,C57BL6,0,0,0.0
CTCTAGGCAAAGCAAT-1,OTI,7,397,2.5998830720736876
CTCTAGGCAACACTTA-1,C57BL6,0,0,0.0
CTCTAGGCAACGTAAG-1,C57BL6,0,0,0.0
CTCTAGGCAATCGAAG-1,C57BL6,1,13,1.146128035678238
CTCTAGGCACTATCCC-1,C57BL6,1,4,0.6989700043360189
CTCTAGGCACTTAACA-1,OTI,2,338,2.530199698203082
CTCTAGGCAGTACTTA-1,OTI,3,18,1.2787536009528289
CTCTAGTTCAGAGTAA-1,OTI,4,35,1.5563025007672873
CTCTAGTTCATGAAAG-1,C57BL6,0,0,0.0
CTCTAGTTCCTGATTC-1,C57BL6,1,2,0.47712125471966244
CTCTAGTTCGGTCCCT-1,C57BL6,0,0,0.0
CTCTAGTTCGTGTACA-1,C57BL6,0,0,0.0
CTCTCATAGAATGGTA-1,C57BL6,0,0,0.0
CTCTCATAGAGCAGAT-1,OTI,4,72,1.863322860120456
CTCTCATAGCCACTTT-1,OTI,1,134,2.130333768495006
CTCTCATAGCGCCACA-1,C57BL6,1,6,0.8450980400142568
CTCTCATAGGGCATAG-1,OTI,3,58,1.7708520116421442
CTCTCATAGGTAATGA-1,OTI,2,44,1.6532125137753437
CTCTCATAGGTAGGCA-1,OTI,4,626,2.7972675408307164
CTCTCCAAGACCTTAG-1,C57BL6,0,0,0.0
CTCTCCAAGAGGTGAT-1,OTI,0,0,0.0
CTCTCCAAGGTAAGAC-1,OTI,4,35,1.5563025007672873
CTCTCCGCAATCCAAC-1,C57BL6,1,5,0.7781512503836436
CTCTCCGCAATGCGGG-1,OTI,16,404,2.6074550232146687
CTCTCCGCACCCAGTA-1,OTI,3,380,2.5809249756756194
CTCTCCGCACGAACCC-1,C57BL6,2,19,1.3010299956639813
CTCTCCGCACTACTTT-1,C57BL6,0,0,0.0
CTCTCCGCACTCACGA-1,OTI,4,137,2.1398790864012365
CTCTCCGCAGCAACTT-1,OTI,2,49,1.6989700043360187
CTCTCCGCAGGGTTCC-1,OTI,2,22,1.3617278360175928
CTCTCCGCAGTAAACG-1,OTI,0,0,0.0
CTCTCCTTCAACGTGC-1,OTI,2,161,2.2095150145426308
CTCTCCTTCATTGGCA-1,OTI,1,21,1.3424226808222062
CTCTCCTTCCAACAGC-1,OTI,3,161,2.2095150145426308
CTCTCCTTCCAATAGT-1,OTI,2,108,2.037426497940624
CTCTCCTTCGCGGATT-1,C57BL6,1,10,1.0413926851582251
CTCTCCTTCGGACCTG-1,OTI,2,43,1.6434526764861874
CTCTCCTTCGGGCTCA-1,C57BL6,4,5,0.7781512503836436
CTCTCCTTCGTAGGCT-1,C57BL6,0,0,0.0
CTCTCGATCACACGTA-1,OTI,2,22,1.3617278360175928
CTCTCGATCAGTATGT-1,C57BL6,0,0,0.0
CTCTCGATCATGAGTT-1,OTI,1,5,0.7781512503836436
CTCTCGATCCAGCTAA-1,C57BL6,0,0,0.0
CTCTCGATCCTAATCC-1,OTI,0,0,0.0
CTCTCGATCCTCTGGC-1,OTI,1,3,0.6020599913279624
CTCTCGGGTAGAGGGT-1,OTI,1,84,1.9294189257142926
CTCTCGGGTAGCCCTT-1,OTI,4,56,1.7558748556724915
CTCTCGGGTATGGGTT-1,C57BL6,0,0,0.0
CTCTCGGGTCATGTCC-1,OTI,5,76,1.8864907251724818
CTCTCGGGTCTCGCCA-1,OTI,1,6,0.8450980400142568
CTCTCGGGTGGAGCAG-1,OTI,3,1319,3.12057393120585
CTCTCGGGTGTTACTT-1,OTI,2,14,1.1760912590556813
CTCTGAAAGAAGCCGA-1,C57BL6,0,0,0.0
CTCTGAAAGCCAGTAC-1,OTI,1,23,1.380211241711606
CTCTGAAAGCGCCTAG-1,OTI,5,81,1.9138138523837167
CTCTGAAAGCGGCTTG-1,OTI,5,26,1.4313637641589874
CTCTGAAAGGTAGGTG-1,C57BL6,0,0,0.0
CTCTGAAAGGTCGGTT-1,OTI,7,593,2.7737864449811935
CTCTGATTCATAAGCT-1,OTI,4,184,2.2671717284030137
CTCTGATTCCGCATAA-1,OTI,4,201,2.305351369446624
CTCTGATTCCTAGCCC-1,OTI,5,49,1.6989700043360187
CTCTGATTCGCTCCAC-1,OTI,1,1,0.3010299956639812
CTCTGATTCGCTGAGT-1,OTI,3,5,0.7781512503836436
CTCTGCATCCCTTTAA-1,C57BL6,5,5,0.7781512503836436
CTCTGCATCGCCATAA-1,OTI,4,191,2.2833012287035497
CTCTGGCTCAAGTTCG-1,C57BL6,0,0,0.0
CTCTGGCTCACAAGCC-1,C57BL6,0,0,0.0
CTCTGGCTCACATGTG-1,OTI,4,102,2.012837224705172
CTCTGGCTCCGCTAAA-1,OTI,2,131,2.12057393120585
CTCTGGCTCGCTCCTA-1,OTI,6,200,2.303196057420489
CTCTGGCTCGCTTACT-1,OTI,6,187,2.27415784926368
CTCTGGCTCGTAGTGC-1,C57BL6,1,3,0.6020599913279624
CTCTGGCTCGTGCTAA-1,OTI,3,243,2.387389826338729
CTCTGGGAGAAAGGAG-1,OTI,3,367,2.5658478186735176
CTCTGGGAGAACGTGG-1,C57BL6,1,4,0.6989700043360189
CTCTGGGAGCAAAGCG-1,OTI,3,47,1.6812412373755872
CTCTGGGAGCACCGCA-1,C57BL6,0,0,0.0
CTCTGGGAGCCAATAT-1,OTI,2,113,2.0569048513364727
CTCTGGGAGGGAATGT-1,OTI,5,83,1.9242792860618816
CTGAAAGCAAAGCCAA-1,C57BL6,0,0,0.0
CTGAAAGCAAAGGCCG-1,OTI,2,219,2.342422680822206
CTGAAAGCAACGCTCA-1,OTI,3,194,2.290034611362518
CTGAAAGCACATAATT-1,OTI,2,18,1.2787536009528289
CTGAAAGCACCCTAAG-1,OTI,3,301,2.4800069429571505
CTGAACATCAACCTCT-1,C57BL6,0,0,0.0
CTGAACATCACAACTG-1,C57BL6,0,0,0.0
CTGAACATCACATCTC-1,C57BL6,3,31,1.505149978319906
CTGAACATCACTATCC-1,OTI,3,398,2.6009728956867484
CTGAACATCAGCATTG-1,C57BL6,0,0,0.0
CTGAACATCCAGCTCC-1,OTI,0,0,0.0
CTGAACATCCCTAAAG-1,OTI,3,49,1.6989700043360187
CTGAACATCCGCTAAA-1,C57BL6,0,0,0.0
CTGAACATCCTAAGCA-1,OTI,6,46,1.6720978579357175
CTGAACATCGCTAAAT-1,C57BL6,1,2,0.47712125471966244
CTGAATTAGAACATAG-1,OTI,3,307,2.4885507165004443
CTGAATTAGATGACGG-1,OTI,7,383,2.584331224367531
CTGAATTAGATTACAC-1,OTI,0,0,0.0
CTGAATTAGCCTTAAG-1,OTI,3,127,2.1072099696478683
CTGAATTAGCGTTGTA-1,OTI,1,11,1.0791812460476249
CTGAATTAGGCCATGT-1,OTI,4,4,0.6989700043360189
CTGACAATCACAGATT-1,C57BL6,0,0,0.0
CTGACAATCACTTCTA-1,OTI,1,23,1.380211241711606
CTGACAATCACTTGTC-1,OTI,2,9,1.0
CTGACAATCATGTCAG-1,OTI,0,0,0.0
CTGACAATCCAGCCCT-1,C57BL6,1,5,0.7781512503836436
CTGACAATCCGCTTCA-1,C57BL6,0,0,0.0
CTGACAATCGCCTTGC-1,C57BL6,0,0,0.0
CTGACACAGACAGCCT-1,OTI,0,0,0.0
CTGACACAGCCCTTAT-1,OTI,2,98,1.99563519459755
CTGACACAGCTCAGCG-1,OTI,0,0,0.0
CTGACACAGGCCATTA-1,C57BL6,2,3,0.6020599913279624
CTGACACAGGTCGCCA-1,C57BL6,0,0,0.0
CTGACATCAAAGTGCA-1,C57BL6,0,0,0.0
CTGACATCAAGCGAAC-1,OTI,4,20,1.3222192947339193
CTGACATCAAGTTTCA-1,OTI,5,59,1.7781512503836436
CTGACATCACACAATC-1,OTI,3,29,1.4771212547196624
CTGACATCACCACTAG-1,OTI,7,134,2.130333768495006
CTGACATCACTCGGGT-1,OTI,2,47,1.6812412373755872
CTGACCACAACAATTT-1,OTI,2,424,2.6283889300503116
CTGACCACAACAGACA-1,OTI,0,0,0.0
CTGACCACAAGACGTA-1,OTI,9,128,2.110589710299249
CTGACCACACGGTGCT-1,OTI,0,0,0.0
CTGACCACACTAGGCC-1,OTI,9,259,2.4149733479708178
CTGACCACAGTTAGTC-1,OTI,4,383,2.584331224367531
CTGACCGAGAAGCTGG-1,C57BL6,0,0,0.0
CTGACCGAGAATGGGT-1,OTI,5,139,2.146128035678238
CTGACCGAGACCTGCG-1,C57BL6,2,4,0.6989700043360189
CTGACCGAGATCCTGA-1,OTI,4,62,1.7993405494535817
CTGACCGAGATTAACC-1,C57BL6,1,26,1.4313637641589874
CTGACCGAGCCAGAGA-1,C57BL6,0,0,0.0
CTGACCGAGCGCATTA-1,OTI,1,5,0.7781512503836436
CTGACCGAGCTCGGCA-1,OTI,4,53,1.7323937598229686
CTGACGCCAACCACAT-1,C57BL6,0,0,0.0
CTGACGCCAAGCTATC-1,OTI,2,150,2.1789769472931693
CTGACGCCAAGTGCCC-1,OTI,5,173,2.2405492482826
CTGACGCCACACTTAA-1,OTI,2,7,0.9030899869919435
CTGACGTAGATCGTTG-1,C57BL6,0,0,0.0
CTGACGTAGCCATGAC-1,C57BL6,1,13,1.146128035678238
CTGACGTAGGCCCGTA-1,C57BL6,1,3,0.6020599913279624
CTGACTCGTACCTTTG-1,OTI,4,210,2.3242824552976926
CTGACTCGTCAGGCGT-1,OTI,9,307,2.4885507165004443
CTGACTCGTCCGTCTG-1,OTI,2,125,2.100370545117563
CTGACTCGTCCTTGTA-1,OTI,14,146,2.167317334748176
CTGACTCGTGCGTCTT-1,OTI,5,140,2.1492191126553797
CTGACTCGTGCTCGGG-1,OTI,3,30,1.4913616938342726
CTGACTCGTGGCTCCC-1,C57BL6,0,0,0.0
CTGACTCGTGTGCCTT-1,OTI,0,0,0.0
CTGACTCGTGTTGGAT-1,OTI,0,0,0.0
CTGATAAGTCAACGTG-1,OTI,0,0,0.0
CTGATAAGTCAGTAGT-1,OTI,1,5,0.7781512503836436
CTGATAAGTGTGCGCG-1,OTI,2,79,1.9030899869919435
CTGATATAGACGCCAT-1,OTI,1,12,1.1139433523068367
CTGATATAGATACGGG-1,OTI,3,147,2.1702617153949575
CTGATATAGCATTACG-1,OTI,4,90,1.9590413923210936
CTGATATAGCCGTCAG-1,OTI,3,45,1.662757831681574
CTGATATAGCGAACGA-1,OTI,5,354,2.550228353055094
CTGATATAGCGGATAG-1,OTI,2,17,1.255272505103306
CTGATATAGGGAGGTC-1,OTI,2,99,2.0
CTGATATAGGTGAGAT-1,C57BL6,0,0,0.0
CTGATTACAAAGTACG-1,C57BL6,0,0,0.0
CTGATTACAACATGCT-1,OTI,2,3,0.6020599913279624
CTGATTACAGCGCTTA-1,OTI,2,228,2.359835482339888
CTGATTACAGGACACG-1,OTI,2,36,1.568201724066995
CTGATTACAGTCATCG-1,OTI,2,195,2.292256071356476
CTGATTCTCACATTAA-1,OTI,0,0,0.0
CTGATTCTCCCCATGC-1,OTI,0,0,0.0
CTGATTCTCCGCGGTA-1,OTI,4,83,1.9242792860618816
CTGATTCTCCTGTCGC-1,OTI,7,66,1.8260748027008264
CTGATTCTCGGCTATA-1,OTI,3,22,1.3617278360175928
CTGATTCTCGTGGCCA-1,OTI,0,0,0.0
CTGATTCTCGTTATGG-1,OTI,5,447,2.651278013998144
CTGATTGAGACGCTGT-1,OTI,4,75,1.8808135922807914
CTGATTGAGAGACTTT-1,C57BL6,1,3,0.6020599913279624
CTGATTGAGGCAATCC-1,OTI,2,21,1.3424226808222062
CTGCAAATCATCCTTA-1,OTI,0,0,0.0
CTGCAAATCATGTAGT-1,OTI,0,0,0.0
CTGCAAATCCCAAGTA-1,C57BL6,0,0,0.0
CTGCAAATCCCACAGG-1,C57BL6,0,0,0.0
CTGCAAATCCCTATTA-1,OTI,2,97,1.9912260756924949
CTGCAAATCCGTATCT-1,C57BL6,1,6,0.8450980400142568
CTGCAAATCGGGTCAT-1,OTI,2,143,2.1583624920952498
CTGCAACAGAACGACG-1,C57BL6,0,0,0.0
CTGCAACAGAGTGATA-1,OTI,2,75,1.8808135922807914
CTGCAACAGCACTTAG-1,OTI,2,41,1.6232492903979006
CTGCAACAGCATCTAG-1,OTI,1,27,1.4471580313422192
CTGCAACAGCGCTGCA-1,OTI,2,41,1.6232492903979006
CTGCAACAGGTAAGTA-1,OTI,0,0,0.0
CTGCAACAGGTAATGA-1,C57BL6,2,8,0.9542425094393249
CTGCAAGGTATCCGTC-1,C57BL6,2,4,0.6989700043360189
CTGCAAGGTATGTTGA-1,OTI,2,19,1.3010299956639813
CTGCAAGGTCACGGCG-1,OTI,0,0,0.0
CTGCAAGGTCCAACAG-1,C57BL6,2,68,1.8388490907372552
CTGCAAGGTCTACAGG-1,OTI,7,270,2.432969290874406
CTGCAAGGTGCGGAGA-1,C57BL6,0,0,0.0
CTGCAAGGTGCGGGTT-1,C57BL6,2,17,1.255272505103306
CTGCAAGGTGGCTTAG-1,OTI,6,43,1.6434526764861874
CTGCAAGGTGGTAGTT-1,C57BL6,0,0,0.0
CTGCAAGGTGTGGCCG-1,OTI,3,42,1.6334684555795864
CTGCAATCAAACCGAA-1,OTI,0,0,0.0
CTGCAATCAACCCATG-1,OTI,0,0,0.0
CTGCAATCAAGCGGCA-1,OTI,5,89,1.954242509439325
CTGCAATCAATCGCCA-1,C57BL6,0,0,0.0
CTGCAATCACTAGTTA-1,OTI,1,5,0.7781512503836436
CTGCAATCAGGAAGCT-1,OTI,2,54,1.7403626894942439
CTGCAATCAGGATGGT-1,OTI,1,5,0.7781512503836436
CTGCAATCAGTCCTAG-1,OTI,6,257,2.41161970596323
CTGCACACAGCGTAGG-1,C57BL6,0,0,0.0
CTGCACACAGTGGACG-1,OTI,2,27,1.4471580313422192
CTGCACCTCACGGCCA-1,OTI,2,166,2.2227164711475833
CTGCACCTCAGAGAAC-1,OTI,3,16,1.2304489213782739
CTGCACCTCCAACAGC-1,C57BL6,1,7,0.9030899869919435
CTGCACCTCCGGACAT-1,OTI,3,40,1.6127838567197355
CTGCACCTCCTACAAG-1,OTI,4,59,1.7781512503836436
CTGCACCTCCTCTCGA-1,OTI,2,226,2.3560258571931225
CTGCACCTCCTGCATT-1,C57BL6,0,0,0.0
CTGCACCTCGCGACAT-1,C57BL6,0,0,0.0
CTGCACCTCGCGTCGA-1,OTI,2,7,0.9030899869919435
CTGCACCTCGGTCCCT-1,OTI,2,6,0.8450980400142568
CTGCACCTCGTATACG-1,OTI,2,76,1.8864907251724818
CTGCACGAGAACGGGC-1,OTI,6,261,2.4183012913197452
CTGCACGAGACATATC-1,OTI,3,127,2.1072099696478683
CTGCACGAGACGCGTT-1,OTI,2,48,1.6901960800285136
CTGCACGAGATGTGTT-1,C57BL6,0,0,0.0
CTGCACGAGCCTTTCG-1,OTI,2,9,1.0
CTGCACGAGGCGCATT-1,OTI,2,17,1.255272505103306
CTGCACGAGGTAGTGG-1,OTI,4,291,2.4653828514484184
CTGCAGTAGAACCCAC-1,OTI,2,37,1.5797835966168101
CTGCAGTAGCTAAATC-1,OTI,5,119,2.0791812460476247
CTGCAGTAGGGCTTCG-1,C57BL6,0,0,0.0
CTGCATAAGAAACTAG-1,OTI,2,212,2.3283796034387376
CTGCATAAGAGTTGAA-1,OTI,2,80,1.9084850188786497
CTGCATAAGATCGGTC-1,OTI,4,48,1.6901960800285136
CTGCATAAGCGATTTG-1,OTI,4,198,2.298853076409707
CTGCATAAGCGTTAGC-1,OTI,1,35,1.5563025007672873
CTGCATAAGGGCGTAA-1,OTI,11,237,2.376576957056512
CTGCATAAGGTAAGAC-1,OTI,0,0,0.0
CTGCATCGTACTATGA-1,OTI,2,26,1.4313637641589874
CTGCATCGTACTTGGG-1,OTI,0,0,0.0
CTGCATCGTATACAGC-1,OTI,1,69,1.845098040014257
CTGCATCGTCTAGCAG-1,OTI,3,28,1.462397997898956
CTGCATCGTCTTGTAT-1,OTI,3,53,1.7323937598229686
CTGCATCGTGCGTTAG-1,C57BL6,0,0,0.0
CTGCATCGTGTGCCGG-1,OTI,2,59,1.7781512503836436
CTGCATTTCACAACGC-1,C57BL6,0,0,0.0
CTGCATTTCACCAACA-1,C57BL6,3,17,1.255272505103306
CTGCATTTCACTCGCC-1,OTI,1,11,1.0791812460476249
CTGCATTTCCACAGGT-1,C57BL6,5,84,1.9294189257142926
CTGCATTTCCACCTCA-1,OTI,0,0,0.0
CTGCATTTCCAGCATA-1,OTI,1,10,1.0413926851582251
CTGCATTTCCGACCCT-1,OTI,7,98,1.99563519459755
CTGCGATAGACTCCAA-1,OTI,2,6,0.8450980400142568
CTGCGATAGCAAGCTC-1,OTI,3,80,1.9084850188786497
CTGCGATAGCCTAATG-1,OTI,0,0,0.0
CTGCGATAGGCACGTT-1,OTI,2,168,2.2278867046136734
CTGCGCCGTAAGCAAG-1,C57BL6,1,1,0.3010299956639812
CTGCGCCGTCTACGCT-1,OTI,4,85,1.9344984512435677
CTGCGTACAAAACTCC-1,OTI,3,200,2.303196057420489
CTGCGTACAAAGCGTA-1,C57BL6,0,0,0.0
CTGCGTACAACCCACA-1,C57BL6,0,0,0.0
CTGCGTACAACCTACG-1,OTI,10,180,2.2576785748691846
CTGCGTACAAGCTATC-1,C57BL6,4,32,1.5185139398778875
CTGCGTACAATCCGCA-1,OTI,0,0,0.0
CTGCGTACAATCGAGA-1,OTI,3,333,2.5237464668115646
CTGCGTACACAGCGGA-1,C57BL6,0,0,0.0
CTGCGTACACGCGCAT-1,OTI,3,25,1.414973347970818
CTGCGTACAGTTGGTT-1,OTI,0,0,0.0
CTGCGTCTCACACAAT-1,OTI,3,93,1.9731278535996986
CTGCGTCTCACAGTTG-1,OTI,5,376,2.576341350205793
CTGCGTCTCAGAGTAA-1,C57BL6,0,0,0.0
CTGCGTCTCATTGTCC-1,C57BL6,0,0,0.0
CTGCGTCTCCAGTCAA-1,C57BL6,0,0,0.0
CTGCGTCTCCGATCAA-1,C57BL6,0,0,0.0
CTGCGTCTCGGTTAAT-1,OTI,2,124,2.0969100130080562
CTGCGTGAGCCTAGTA-1,C57BL6,0,0,0.0
CTGCTAAAGAAACCCC-1,C57BL6,0,0,0.0
CTGCTAAAGAAAGGAG-1,OTI,0,0,0.0
CTGCTAAAGAACTAAG-1,OTI,5,127,2.1072099696478683
CTGCTAAAGACATTCG-1,C57BL6,0,0,0.0
CTGCTAAAGACGAAGT-1,C57BL6,3,69,1.845098040014257
CTGCTAAAGATAATCC-1,OTI,3,32,1.5185139398778875
CTGCTAAAGCTAGGTC-1,C57BL6,0,0,0.0
CTGCTAAAGGCATCAC-1,OTI,4,45,1.662757831681574
CTGCTAAAGGTTATCG-1,OTI,2,100,2.0043213737826426
CTGCTATTCAACCATG-1,OTI,2,3,0.6020599913279624
CTGCTATTCACTTCCG-1,OTI,0,0,0.0
CTGCTATTCATGGTTG-1,OTI,1,11,1.0791812460476249
CTGCTATTCGCTGAGT-1,C57BL6,1,3,0.6020599913279624
CTGCTATTCGTATCGA-1,OTI,6,229,2.361727836017593
CTGCTCTCAACCTGCA-1,OTI,1,5,0.7781512503836436
CTGCTCTCAAGTCGAA-1,OTI,2,132,2.123851640967086
CTGCTCTCAATACCTA-1,OTI,1,9,1.0
CTGCTCTCACAATCCG-1,OTI,1,5,0.7781512503836436
CTGCTCTCACTACTCC-1,C57BL6,0,0,0.0
CTGCTCTCAGGCACTC-1,C57BL6,0,0,0.0
CTGCTTCCACATAGAG-1,OTI,3,133,2.1271047983648077
CTGCTTCCACATAGTC-1,C57BL6,1,7,0.9030899869919435
CTGCTTCCACGCGACT-1,OTI,2,199,2.3010299956639813
CTGCTTCCAGTGAAGC-1,OTI,3,47,1.6812412373755872
CTGGAATGTAACGAGA-1,OTI,6,151,2.1818435879447726
CTGGAATGTAAGTGTC-1,C57BL6,5,385,2.586587304671755
CTGGAATGTAATGTCA-1,OTI,5,81,1.9138138523837167
CTGGAATGTATAGGCT-1,OTI,0,0,0.0
CTGGAATGTGCCCCGT-1,OTI,3,16,1.2304489213782739
CTGGAATGTGTATCTT-1,C57BL6,0,0,0.0
CTGGAGGCAAAATGAC-1,OTI,3,57,1.7634279935629373
CTGGAGGCAAACCTAC-1,C57BL6,0,0,0.0
CTGGAGGCAACCCACA-1,OTI,0,0,0.0
CTGGAGGCAATGGGGT-1,OTI,0,0,0.0
CTGGAGGCACAAGCGG-1,C57BL6,0,0,0.0
CTGGAGGCACTGACAT-1,C57BL6,2,14,1.1760912590556813
CTGGATGGTAAAGCTC-1,C57BL6,0,0,0.0
CTGGATGGTAACATTG-1,OTI,2,574,2.7596678446896306
CTGGATGGTACGCTTC-1,OTI,1,2,0.47712125471966244
CTGGATGGTAGCCAGC-1,OTI,1,5,0.7781512503836436
CTGGATGGTATACAGC-1,OTI,7,298,2.4756711883244296
CTGGATGGTATAGGAG-1,OTI,3,291,2.4653828514484184
CTGGATGGTATGGCCA-1,OTI,3,10,1.0413926851582251
CTGGATGGTCTAGGGC-1,OTI,4,240,2.3820170425748683
CTGGATGGTGGCGTGT-1,C57BL6,0,0,0.0
CTGGCACCAATCAGGA-1,OTI,1,9,1.0
CTGGCACCACAGTAAG-1,C57BL6,0,0,0.0
CTGGCACCAGCTGTAT-1,C57BL6,0,0,0.0
CTGGCATAGAAACCGG-1,C57BL6,1,23,1.380211241711606
CTGGCATAGAACGTTT-1,OTI,5,172,2.2380461031287955
CTGGCATAGATCTCGA-1,OTI,3,77,1.8920946026904804
CTGGCATAGCATCTTC-1,OTI,4,292,2.4668676203541096
CTGGCATAGCCTTCAT-1,OTI,2,22,1.3617278360175928
CTGGCATAGGGACGGT-1,OTI,5,175,2.24551266781415
CTGGCCCGTACCACGA-1,OTI,1,21,1.3424226808222062
CTGGCCCGTCTTGGAG-1,C57BL6,1,6,0.8450980400142568
CTGGCCCGTGTCTTAT-1,OTI,2,48,1.6901960800285136
CTGGCTCTCACACCTT-1,OTI,3,26,1.4313637641589874
CTGGCTCTCACCATCT-1,OTI,2,19,1.3010299956639813
CTGGCTCTCAGCACTA-1,OTI,2,83,1.9242792860618816
CTGGCTCTCCCGAATA-1,OTI,2,40,1.6127838567197355
CTGGCTCTCCGAAACC-1,OTI,0,0,0.0
CTGGCTCTCCTGCTAT-1,OTI,1,36,1.568201724066995
CTGGCTCTCGCAAACC-1,C57BL6,0,0,0.0
CTGGCTCTCGGACTAC-1,C57BL6,1,6,0.8450980400142568
CTGGCTCTCGGTTACA-1,OTI,5,275,2.4409090820652177
CTGGCTCTCGTAGTGC-1,C57BL6,0,0,0.0
CTGGCTCTCGTATCGA-1,OTI,0,0,0.0
CTGGCTTGTACCTTAT-1,OTI,2,18,1.2787536009528289
CTGGCTTGTATTGTAG-1,OTI,2,247,2.3944516808262164
CTGGCTTGTCAATTAG-1,OTI,1,4,0.6989700043360189
CTGGCTTGTCCCTAGT-1,C57BL6,1,13,1.146128035678238
CTGGCTTGTCGCTCGC-1,OTI,3,106,2.0293837776852097
CTGGCTTGTCTCCGGC-1,OTI,1,88,1.9493900066449128
CTGGCTTGTGCATGGC-1,OTI,1,1,0.3010299956639812
CTGGCTTGTGTGTGCA-1,OTI,0,0,0.0
CTGGGAGCAACTGCCA-1,OTI,0,0,0.0
CTGGGAGCAAGGTTAG-1,OTI,4,43,1.6434526764861874
CTGGGCATCCCCTAGC-1,OTI,0,0,0.0
CTGGGCATCCGTTTCG-1,C57BL6,0,0,0.0
CTGGGCATCGTTATAA-1,C57BL6,0,0,0.0
CTGGGCTCAAGTACGA-1,OTI,4,92,1.968482948553935
CTGGGCTCAGGTCTAT-1,C57BL6,0,0,0.0
CTGGGGACAAAGCTCT-1,OTI,3,147,2.1702617153949575
CTGGGGACAACACTCG-1,OTI,7,59,1.7781512503836436
CTGGGGACAATTCAGC-1,OTI,5,79,1.9030899869919435
CTGGGGACACAACGGG-1,C57BL6,2,11,1.0791812460476249
CTGGGGACACAGCTCA-1,C57BL6,0,0,0.0
CTGGGGACACCATCGA-1,OTI,0,0,0.0
CTGGGGACAGCTGTAT-1,OTI,0,0,0.0
CTGGGGACAGGAAGCT-1,C57BL6,0,0,0.0
CTGGGTGTCAACTCTC-1,C57BL6,0,0,0.0
CTGGGTGTCAAGGGCA-1,C57BL6,1,5,0.7781512503836436
CTGGGTGTCATCGCCC-1,OTI,4,59,1.7781512503836436
CTGGGTGTCATTCGTC-1,C57BL6,0,0,0.0
CTGGGTGTCGCATACA-1,C57BL6,1,1,0.3010299956639812
CTGGGTGTCGGCGTCA-1,C57BL6,0,0,0.0
CTGGGTTAGAACTTCG-1,C57BL6,2,9,1.0
CTGGGTTAGAAGCTTT-1,C57BL6,1,6,0.8450980400142568
CTGGGTTAGAGAATTG-1,OTI,1,1,0.3010299956639812
CTGGGTTAGATCGTAT-1,OTI,0,0,0.0
CTGGGTTAGCATGCCG-1,C57BL6,1,5,0.7781512503836436
CTGGGTTAGCCATTAG-1,C57BL6,0,0,0.0
CTGGGTTAGCGTAATT-1,OTI,1,1,0.3010299956639812
CTGGGTTAGGCTGTTA-1,OTI,2,402,2.6053050461411096
CTGGTAATCAAACTTA-1,OTI,6,153,2.187520720836463
CTGGTAATCCAAGCTA-1,OTI,2,17,1.255272505103306
CTGGTAATCCAGGTGT-1,OTI,2,61,1.792391689498254
CTGGTAATCCTCCAGC-1,OTI,2,32,1.5185139398778875
CTGGTAATCGCGAGTT-1,C57BL6,3,106,2.0293837776852097
CTGGTAATCGTCATCT-1,OTI,0,0,0.0
CTGGTAGGTAGTATTG-1,C57BL6,1,1,0.3010299956639812
CTGGTAGGTCCCTCTC-1,C57BL6,1,5,0.7781512503836436
CTGGTAGGTCGCCATT-1,OTI,3,94,1.9777236052888478
CTGGTAGGTCGTATAA-1,OTI,8,581,2.7649229846498886
CTGGTCCTCAACAGCC-1,OTI,3,63,1.806179973983887
CTGGTCCTCAATCGCA-1,C57BL6,2,37,1.5797835966168101
CTGGTCCTCAGTAATC-1,OTI,7,355,2.5514499979728753
CTGGTCCTCCAAGTAT-1,C57BL6,0,0,0.0
CTGGTCCTCCCAAATG-1,C57BL6,0,0,0.0
CTGGTCCTCCGGGATT-1,OTI,2,5,0.7781512503836436
CTGGTCCTCGGGTCCA-1,OTI,2,95,1.9822712330395684
CTGGTCGAGAACTAAG-1,C57BL6,0,0,0.0
CTGGTCGAGAACTTGT-1,OTI,0,0,0.0
CTGGTCGAGACAATAG-1,OTI,2,7,0.9030899869919435
CTGGTCGAGCCGACAT-1,C57BL6,0,0,0.0
CTGGTCGAGCGAAGTG-1,OTI,5,242,2.385606273598312
CTGGTCGAGCTAGTTG-1,OTI,0,0,0.0
CTGGTCGAGCTTGTCT-1,OTI,2,89,1.954242509439325
CTGGTCGAGGCTAACC-1,OTI,2,58,1.7708520116421442
CTGGTCGAGGCTATGC-1,C57BL6,1,7,0.9030899869919435
CTGGTCTGTACGCGCG-1,OTI,2,383,2.584331224367531
CTGGTCTGTACTCATT-1,OTI,2,203,2.3096301674258988
CTGGTCTGTAGCCTCT-1,OTI,6,154,2.1903316981702914
CTGGTCTGTAGGGGAT-1,OTI,3,82,1.919078092376074
CTGGTCTGTATCCTAT-1,C57BL6,2,14,1.1760912590556813
CTGGTCTGTATTATCC-1,OTI,1,4,0.6989700043360189
CTGGTCTGTCCAGGGT-1,C57BL6,0,0,0.0
CTGGTCTGTCCTATTG-1,C57BL6,1,26,1.4313637641589874
CTGGTCTGTCTAGGTG-1,OTI,1,14,1.1760912590556813
CTGGTCTGTGCCTCTG-1,OTI,3,56,1.7558748556724915
CTGGTGAGTACACCCT-1,C57BL6,0,0,0.0
CTGGTGAGTACTGGAT-1,OTI,0,0,0.0
CTGGTGAGTAGAGGCG-1,C57BL6,1,5,0.7781512503836436
CTGGTGAGTATGCCAG-1,OTI,5,156,2.1958996524092336
CTGGTGAGTATGTGTA-1,C57BL6,1,23,1.380211241711606
CTGGTGAGTCGACGGT-1,C57BL6,0,0,0.0
CTGGTGAGTCTAATCT-1,C57BL6,1,9,1.0
CTGGTGAGTCTCTAAT-1,C57BL6,0,0,0.0
CTGGTGAGTCTGTGAG-1,C57BL6,0,0,0.0
CTGGTGAGTGGACCGT-1,C57BL6,1,1,0.3010299956639812
CTGGTTAAGAACGTAA-1,C57BL6,0,0,0.0
CTGGTTAAGAGGGCGT-1,C57BL6,1,3,0.6020599913279624
CTGGTTAAGATCGTAT-1,OTI,4,149,2.1760912590556813
CTGGTTAAGCAGCGAA-1,OTI,0,0,0.0
CTGGTTAAGCATACAT-1,OTI,5,52,1.724275869600789
CTGGTTAAGCCATATG-1,C57BL6,1,1,0.3010299956639812
CTGGTTAAGCTATAGT-1,C57BL6,1,5,0.7781512503836436
CTGGTTAAGCTCTGGG-1,OTI,3,14,1.1760912590556813
CTGGTTAAGGCCCCAA-1,C57BL6,1,7,0.9030899869919435
CTGGTTAAGGTTGTAT-1,OTI,1,1,0.3010299956639812
CTGTAACCAAATCCCG-1,OTI,5,32,1.5185139398778875
CTGTAACCAACCCTAG-1,C57BL6,7,11,1.0791812460476249
CTGTAACCAAGTAACG-1,OTI,2,83,1.9242792860618816
CTGTAACCAATCGCAT-1,C57BL6,0,0,0.0
CTGTAACCACAACGGG-1,C57BL6,0,0,0.0
CTGTAACCACCGTACA-1,OTI,2,201,2.305351369446624
CTGTAATAGAAGCTTT-1,C57BL6,0,0,0.0
CTGTAATAGCCATCAA-1,OTI,1,7,0.9030899869919435
CTGTAATAGCCGCCAA-1,OTI,4,169,2.230448921378274
CTGTAATAGCTAATCG-1,OTI,2,37,1.5797835966168101
CTGTAATAGCTCGGCA-1,C57BL6,1,3,0.6020599913279624
CTGTAATAGCTGGGTT-1,C57BL6,2,2,0.47712125471966244
CTGTAATAGGTCGCAT-1,OTI,3,215,2.3344537511509307
CTGTACAAGAATACAG-1,OTI,4,277,2.444044795918076
CTGTACAAGCATTAAC-1,C57BL6,0,0,0.0
CTGTACAAGCCATGAC-1,C57BL6,0,0,0.0
CTGTACAAGCCGTCGA-1,OTI,4,20,1.3222192947339193
CTGTACAAGCCTATGA-1,OTI,5,34,1.5440680443502757
CTGTACAAGCCTGACG-1,C57BL6,1,8,0.9542425094393249
CTGTACAAGGCGATAG-1,OTI,0,0,0.0
CTGTACAAGGCTTTAG-1,OTI,5,109,2.041392685158225
CTGTACAAGGGTTCCG-1,OTI,1,16,1.2304489213782739
CTGTACCGTCACGCTT-1,OTI,2,214,2.3324384599156054
CTGTACCGTCATCGGA-1,C57BL6,1,11,1.0791812460476249
CTGTACCGTCATTCTG-1,OTI,2,168,2.2278867046136734
CTGTACCGTCCGTCTG-1,OTI,11,303,2.482873583608754
CTGTACCGTCGAGGAG-1,C57BL6,1,2,0.47712125471966244
CTGTACCGTGCCTTGT-1,OTI,1,4,0.6989700043360189
CTGTACCGTGGCTTTC-1,OTI,3,186,2.271841606536499
CTGTACGCAAGACGTA-1,OTI,1,1,0.3010299956639812
CTGTACGCAAGTAACG-1,OTI,0,0,0.0
CTGTACGCAATGGACA-1,OTI,7,266,2.4265112613645754
CTGTACGCACATTAGC-1,OTI,8,268,2.429752280002408
CTGTACTTCATGGCGT-1,OTI,3,270,2.432969290874406
CTGTACTTCATTAATG-1,C57BL6,0,0,0.0
CTGTACTTCGCGAAAG-1,C57BL6,1,6,0.8450980400142568
CTGTACTTCGTCTCTG-1,C57BL6,0,0,0.0
CTGTAGCAGCGCAGTT-1,OTI,0,0,0.0
CTGTAGCAGCTACATG-1,C57BL6,0,0,0.0
CTGTAGCAGCTAGTGC-1,C57BL6,2,16,1.2304489213782739
CTGTATCTCACGACAC-1,C57BL6,0,0,0.0
CTGTATCTCACTGTCT-1,OTI,4,42,1.6334684555795864
CTGTATCTCCAAGTAT-1,OTI,1,4,0.6989700043360189
CTGTATCTCCGTCGCT-1,OTI,5,116,2.0681858617461617
CTGTATCTCGCATAGC-1,OTI,7,228,2.359835482339888
CTGTATCTCGCTCCTA-1,C57BL6,1,2,0.47712125471966244
CTGTATCTCGGTTTAG-1,OTI,6,1664,3.2214142378423385
CTGTATGAGAAGCCGA-1,OTI,2,96,1.9867717342662448
CTGTATGAGAATACAG-1,C57BL6,1,16,1.2304489213782739
CTGTATGAGACATGGG-1,OTI,2,6,0.8450980400142568
CTGTATGAGCAGTATT-1,OTI,5,189,2.278753600952829
CTGTATGAGCTCGATA-1,C57BL6,0,0,0.0
CTGTATGAGCTGTCGG-1,OTI,0,0,0.0
CTGTATTGTATACCCC-1,OTI,3,39,1.6020599913279623
CTGTATTGTCCGCATT-1,OTI,5,90,1.9590413923210936
CTGTATTGTCGACAGC-1,OTI,1,9,1.0
CTGTATTGTCGACGGT-1,OTI,0,0,0.0
CTGTATTGTCGCATTC-1,OTI,3,223,2.3502480183341627
CTGTATTGTCTAACTT-1,C57BL6,0,0,0.0
CTGTATTGTCTAGCTC-1,OTI,1,35,1.5563025007672873
CTGTATTGTCTTAGGG-1,C57BL6,0,0,0.0
CTGTATTGTGTGTAGT-1,OTI,0,0,0.0
CTGTCATTCAATCCCT-1,OTI,3,139,2.146128035678238
CTGTCATTCACCCCGT-1,OTI,1,564,2.7520484478194387
CTGTCATTCACGACTA-1,OTI,2,46,1.6720978579357175
CTGTCATTCACTCATC-1,OTI,2,12,1.1139433523068367
CTGTCATTCAGTCAGC-1,C57BL6,1,10,1.0413926851582251
CTGTCATTCCAGTAGC-1,OTI,3,73,1.8692317197309762
CTGTCATTCCATCTGT-1,OTI,3,58,1.7708520116421442
CTGTCATTCGCTTATC-1,OTI,5,584,2.7671558660821804
CTGTCATTCGGTTAGC-1,OTI,0,0,0.0
CTGTCATTCGTCCCTA-1,OTI,4,91,1.9637878273455553
CTGTCCGGTATGTACA-1,OTI,0,0,0.0
CTGTCCGGTCATCTTG-1,OTI,3,48,1.6901960800285136
CTGTCCGGTCATGGAT-1,OTI,6,115,2.0644579892269186
CTGTCCGGTCCGCTTG-1,OTI,1,1,0.3010299956639812
CTGTCCGGTCCTAGTC-1,OTI,2,94,1.9777236052888478
CTGTCCGGTCGACAGC-1,OTI,3,69,1.845098040014257
CTGTCGCTCATGAATC-1,OTI,2,53,1.7323937598229686
CTGTCGCTCCCATTAC-1,OTI,3,83,1.9242792860618816
CTGTCGCTCCGCAGCA-1,C57BL6,1,23,1.380211241711606
CTGTCGCTCCGTTCTG-1,C57BL6,0,0,0.0
CTGTCGCTCGTACATG-1,C57BL6,0,0,0.0
CTGTCGGAGGTAGGAT-1,C57BL6,0,0,0.0
CTGTCTAGTACATCTT-1,OTI,1,8,0.9542425094393249
CTGTCTAGTCCAGTTC-1,OTI,2,24,1.3979400086720377
CTGTCTAGTCCCAAAG-1,OTI,4,25,1.414973347970818
CTGTCTAGTCCTAGTC-1,OTI,5,76,1.8864907251724818
CTGTCTAGTCGTAGGC-1,OTI,2,18,1.2787536009528289
CTGTCTAGTGGCTAAT-1,C57BL6,0,0,0.0
CTGTCTAGTGGTTCAG-1,OTI,1,162,2.2121876044039577
CTGTGAGGTATCCAGG-1,C57BL6,3,33,1.5314789170422551
CTGTGAGGTCCTATGC-1,OTI,6,24,1.3979400086720377
CTGTGAGGTGCTCGTT-1,OTI,4,250,2.399673721481038
CTGTGAGGTGGACTGC-1,C57BL6,0,0,0.0
CTGTGAGGTGGAGTAA-1,OTI,5,493,2.693726948923647
CTGTGAGGTGTTAATG-1,C57BL6,3,59,1.7781512503836436
CTGTGCGAGAGTATTC-1,C57BL6,0,0,0.0
CTGTGCGAGCCGGTAT-1,OTI,0,0,0.0
CTGTGCGAGCCTTAAG-1,OTI,0,0,0.0
CTGTGCGAGCGGGATA-1,OTI,0,0,0.0
CTGTGCGAGCTACGTA-1,C57BL6,1,1,0.3010299956639812
CTGTGGAGTACAGGTT-1,C57BL6,1,4,0.6989700043360189
CTGTGGAGTATACGGT-1,OTI,1,62,1.7993405494535817
CTGTGGAGTCCGACAA-1,OTI,1,17,1.255272505103306
CTGTGGAGTCCGTTTA-1,C57BL6,4,4,0.6989700043360189
CTGTGGAGTGCACGTA-1,OTI,4,33,1.5314789170422551
CTGTGGAGTGGTTGGC-1,OTI,1,7,0.9030899869919435
CTGTGGAGTGTAAGTC-1,OTI,3,46,1.6720978579357175
CTGTGGAGTGTTCAGG-1,OTI,0,0,0.0
CTGTGGTAGATAGGGT-1,OTI,4,184,2.2671717284030137
CTGTGGTAGCCTCATT-1,OTI,4,83,1.9242792860618816
CTGTTACTCACCAATG-1,C57BL6,0,0,0.0
CTGTTACTCACGTCAA-1,OTI,0,0,0.0
CTGTTACTCCTGAACA-1,C57BL6,0,0,0.0
CTGTTACTCCTGGTAA-1,OTI,4,55,1.7481880270062005
CTGTTACTCGCGACAT-1,OTI,8,261,2.4183012913197452
CTGTTACTCGGAATGG-1,C57BL6,0,0,0.0
CTGTTACTCGTGTCAA-1,C57BL6,0,0,0.0
CTGTTATGTCTAATGA-1,OTI,7,100,2.0043213737826426
CTGTTATGTGGCGAGA-1,OTI,5,140,2.1492191126553797
CTGTTATGTGGTAGGG-1,C57BL6,0,0,0.0
CTGTTCGTCCCATCTG-1,OTI,1,67,1.8325089127062364
CTGTTCGTCCCTTTAA-1,OTI,1,12,1.1139433523068367
CTGTTCGTCGGTTCGG-1,OTI,0,0,0.0
CTGTTGAAGAAGTAGC-1,C57BL6,1,2,0.47712125471966244
CTGTTGAAGCATGTAT-1,OTI,3,27,1.4471580313422192
CTGTTGAAGCATTGCA-1,C57BL6,0,0,0.0
CTGTTGAAGCGGCCTA-1,C57BL6,0,0,0.0
CTGTTGAAGCTAGTAT-1,OTI,7,133,2.1271047983648077
CTGTTGCGTAAGGGTA-1,OTI,0,0,0.0
CTGTTGCGTACGGTTG-1,OTI,2,19,1.3010299956639813
CTGTTGCGTAGTATGC-1,OTI,3,328,2.5171958979499744
CTGTTGCGTGTATGTA-1,OTI,2,13,1.146128035678238
CTTAAATCAATCGTCG-1,OTI,3,188,2.2764618041732443
CTTAAATCACAGCAGG-1,OTI,3,130,2.1172712956557644
CTTAAATCACTATGAC-1,OTI,1,6,0.8450980400142568
CTTAAATCACTCGGGT-1,OTI,5,65,1.8195439355418688
CTTAAATCAGCTTAGT-1,OTI,3,22,1.3617278360175928
CTTAACACAATAAGTA-1,OTI,2,50,1.7075701760979363
CTTAACACACCACTCT-1,OTI,0,0,0.0
CTTAACACACTGGAGG-1,C57BL6,1,41,1.6232492903979006
CTTAACACACTTAAGC-1,OTI,2,11,1.0791812460476249
CTTAACCTCAACAGCC-1,OTI,2,35,1.5563025007672873
CTTAACCTCAATGCGC-1,OTI,2,38,1.591064607026499
CTTAACCTCACGCTCC-1,OTI,0,0,0.0
CTTAACCTCCAGTATG-1,OTI,3,436,2.640481436970422
CTTAACCTCCCGTAAA-1,OTI,7,610,2.786041210242554
CTTAACCTCGGAAACG-1,C57BL6,0,0,0.0
CTTAACCTCGGTCGCA-1,OTI,0,0,0.0
CTTAAGCCAAAGGGAG-1,OTI,0,0,0.0
CTTAAGCCAACCAGAA-1,C57BL6,0,0,0.0
CTTAAGCCACTCATTT-1,C57BL6,0,0,0.0
CTTAAGTAGAACAGAC-1,OTI,3,211,2.326335860928751
CTTAAGTAGAAGCCGA-1,C57BL6,0,0,0.0
CTTAAGTAGCCTAGTA-1,OTI,4,136,2.1367205671564067
CTTAAGTAGCTGCGTG-1,OTI,1,22,1.3617278360175928
CTTAAGTAGGGGTAGC-1,C57BL6,1,1,0.3010299956639812
CTTAAGTAGGGTGAAT-1,OTI,1,40,1.6127838567197355
CTTAAGTAGGTTAGCC-1,C57BL6,1,1,0.3010299956639812
CTTAATCGTAACTTCT-1,OTI,3,361,2.558708570533166
CTTAATCGTACAAGCT-1,OTI,2,23,1.380211241711606
CTTAATCGTCTCGGTT-1,C57BL6,2,6,0.8450980400142568
CTTAATCGTCTGCAAG-1,OTI,3,33,1.5314789170422551
CTTAATCGTGTGAAAG-1,C57BL6,0,0,0.0
CTTAATCGTGTGGTGC-1,C57BL6,0,0,0.0
CTTAATTTCACATTAA-1,C57BL6,0,0,0.0
CTTAATTTCATGGTAT-1,C57BL6,10,197,2.296665190261531
CTTAATTTCCATGGCG-1,OTI,1,1,0.3010299956639812
CTTAATTTCGCACGTG-1,OTI,8,76,1.8864907251724818
CTTAATTTCGCGCAAT-1,OTI,3,124,2.0969100130080562
CTTAATTTCGTGTAAT-1,OTI,3,47,1.6812412373755872
CTTAGCAAGAATGGCG-1,OTI,0,0,0.0
CTTAGCAAGAGGCGTA-1,C57BL6,0,0,0.0
CTTAGCAAGCGGTTTA-1,OTI,8,439,2.6434526764861874
CTTAGCAAGGGGTACA-1,C57BL6,1,4,0.6989700043360189
CTTAGCCGTACGCTGA-1,OTI,3,322,2.509202522331103
CTTAGCCGTAGTCTGG-1,OTI,2,55,1.7481880270062005
CTTAGCCGTCAGGTTG-1,OTI,2,22,1.3617278360175928
CTTAGCCGTGTACGTG-1,OTI,3,171,2.2355284469075487
CTTAGCGCAACTCCGA-1,OTI,0,0,0.0
CTTAGCGCACCTAGCA-1,C57BL6,0,0,0.0
CTTAGCGCACCTCTCG-1,OTI,2,128,2.110589710299249
CTTAGCGCAGGAACCG-1,OTI,6,139,2.146128035678238
CTTAGCTTCAACATTA-1,OTI,2,12,1.1139433523068367
CTTAGCTTCAGGAAAC-1,OTI,1,1,0.3010299956639812
CTTAGCTTCCAAGTGC-1,OTI,0,0,0.0
CTTAGCTTCCATTACC-1,C57BL6,2,9,1.0
CTTAGCTTCCGTCATT-1,OTI,1,11,1.0791812460476249
CTTAGCTTCCGTTTCG-1,OTI,7,162,2.2121876044039577
CTTAGCTTCGCTTCGC-1,OTI,1,10,1.0413926851582251
CTTAGCTTCGGCCAAT-1,C57BL6,1,7,0.9030899869919435
CTTAGCTTCGTATCGA-1,C57BL6,1,3,0.6020599913279624
CTTAGGCAGAATTGTC-1,OTI,0,0,0.0
CTTAGGCAGAGCATTT-1,OTI,2,18,1.2787536009528289
CTTAGGCAGCGTGTTA-1,C57BL6,3,3,0.6020599913279624
CTTAGGCAGCTGACCG-1,OTI,4,838,2.9237619608287004
CTTAGGCAGGTTGATT-1,C57BL6,0,0,0.0
CTTAGGGGTAAACTGC-1,OTI,2,75,1.8808135922807914
CTTAGGGGTACAAGAG-1,OTI,5,163,2.214843848047698
CTTAGGGGTAGTGCGC-1,OTI,2,155,2.1931245983544616
CTTAGGGGTATCTTGT-1,OTI,1,18,1.2787536009528289
CTTAGGGGTCGTTGGA-1,OTI,3,90,1.9590413923210936
CTTAGGGGTCTATTCG-1,C57BL6,1,7,0.9030899869919435
CTTAGGGGTGCTGTCT-1,OTI,1,175,2.24551266781415
CTTAGGGGTGGAACCC-1,OTI,3,49,1.6989700043360187
CTTAGTACAACATATT-1,OTI,11,151,2.1818435879447726
CTTAGTACAACTTCAA-1,C57BL6,0,0,0.0
CTTAGTACAAGCGAGT-1,OTI,1,6,0.8450980400142568
CTTAGTACACAGGTAA-1,OTI,0,0,0.0
CTTAGTACACCACGTA-1,C57BL6,0,0,0.0
CTTAGTACACCCTTCG-1,C57BL6,0,0,0.0
CTTAGTACAGCTACCA-1,OTI,3,609,2.785329835010767
CTTAGTCTCAAGCCGT-1,OTI,2,123,2.093421685162235
CTTAGTCTCACAACAT-1,OTI,0,0,0.0
CTTAGTCTCACATTCC-1,OTI,8,98,1.99563519459755
CTTAGTCTCAGTAATC-1,OTI,3,353,2.5490032620257876
CTTAGTCTCCACGTAA-1,C57BL6,0,0,0.0
CTTAGTCTCCCTATGT-1,OTI,3,68,1.8388490907372552
CTTAGTCTCGCTCCGT-1,OTI,0,0,0.0
CTTAGTCTCGGATTGC-1,OTI,3,91,1.9637878273455553
CTTAGTCTCGTCCCTA-1,OTI,4,378,2.578639209968072
CTTAGTCTCGTCGAAC-1,C57BL6,0,0,0.0
CTTAGTGAGAAGCTTT-1,OTI,1,7,0.9030899869919435
CTTAGTGAGAATCAAG-1,OTI,2,76,1.8864907251724818
CTTAGTGAGAATTGAG-1,C57BL6,0,0,0.0
CTTAGTGAGACGCGAA-1,OTI,2,42,1.6334684555795864
CTTAGTGAGATCCAAT-1,C57BL6,1,1,0.3010299956639812
CTTAGTGAGGGGTATG-1,OTI,2,274,2.439332693830263
CTTAGTTGTAGTCCAG-1,OTI,2,22,1.3617278360175928
CTTAGTTGTAGTGCGC-1,C57BL6,2,3,0.6020599913279624
CTTAGTTGTATGGCCA-1,OTI,2,19,1.3010299956639813
CTTAGTTGTCATTATC-1,OTI,2,627,2.797959643737196
CTTAGTTGTCTCTCGG-1,OTI,5,105,2.0253058652647704
CTTAGTTGTGCCTATC-1,C57BL6,0,0,0.0
CTTAGTTGTGCTATAA-1,OTI,5,125,2.100370545117563
CTTAGTTGTGTGCCTT-1,C57BL6,1,29,1.4771212547196624
CTTATACGTAATTCAG-1,OTI,0,0,0.0
CTTATACGTACAGAAG-1,OTI,1,5,0.7781512503836436
CTTATACGTACGGATT-1,OTI,1,6,0.8450980400142568
CTTATACGTGGTGTGC-1,OTI,3,26,1.4313637641589874
CTTATAGCAAAGGCCG-1,C57BL6,1,2,0.47712125471966244
CTTATAGCAACGTAAG-1,OTI,2,16,1.2304489213782739
CTTATAGCAATCAGCT-1,OTI,2,43,1.6434526764861874
CTTATAGCAGCTAGGG-1,OTI,0,0,0.0
CTTATCATCAAACCCA-1,OTI,6,55,1.7481880270062005
CTTATCATCAAAGCAA-1,OTI,4,70,1.8512583487190752
CTTATCATCAACCCAA-1,OTI,7,456,2.6599162000698504
CTTATCATCAAGCAAA-1,OTI,3,130,2.1172712956557644
CTTATCATCAAGCCTA-1,OTI,2,12,1.1139433523068367
CTTATCATCAGTCCTT-1,OTI,10,378,2.578639209968072
CTTATCATCCGCTTCA-1,OTI,4,102,2.012837224705172
CTTATCATCGCTCATT-1,OTI,2,17,1.255272505103306
CTTATCATCGTAAGCC-1,C57BL6,1,4,0.6989700043360189
CTTATCTCAAACCGGG-1,C57BL6,1,3,0.6020599913279624
CTTATCTCAACAACCT-1,C57BL6,0,0,0.0
CTTATCTCACAAATGG-1,C57BL6,0,0,0.0
CTTATCTCACAATGTC-1,C57BL6,0,0,0.0
CTTATCTCACATAGAG-1,C57BL6,1,6,0.8450980400142568
CTTATCTCACTACTCC-1,C57BL6,2,5,0.7781512503836436
CTTATCTCACTGGGAG-1,C57BL6,1,2,0.47712125471966244
CTTATCTCAGCGTGTC-1,OTI,10,256,2.4099331233312946
CTTATCTCAGTTCAGT-1,C57BL6,1,2,0.47712125471966244
CTTATGCTCACGACTA-1,OTI,4,231,2.3654879848909
CTTATGCTCAGCGCAT-1,C57BL6,0,0,0.0
CTTATGCTCCGACGCA-1,OTI,1,2,0.47712125471966244
CTTATGCTCCGTTTCG-1,OTI,4,35,1.5563025007672873
CTTATGCTCCTGAACA-1,OTI,0,0,0.0
CTTATGCTCCTGTTAC-1,OTI,6,157,2.1986570869544226
CTTATGCTCGCTATAG-1,OTI,7,500,2.699837725867246
CTTATGTGTAAGGGAC-1,OTI,3,89,1.954242509439325
CTTATGTGTATTCGGG-1,C57BL6,1,29,1.4771212547196624
CTTATGTGTCCAACCT-1,OTI,2,12,1.1139433523068367
CTTATGTGTCGTCGGG-1,OTI,1,5,0.7781512503836436
CTTATGTGTCGTCTGT-1,OTI,0,0,0.0
CTTATGTGTCTGACTC-1,OTI,3,32,1.5185139398778875
CTTATGTGTCTGCATC-1,C57BL6,0,0,0.0
CTTATGTGTGCCACTT-1,OTI,8,69,1.845098040014257
CTTATGTGTGGCTGTA-1,C57BL6,0,0,0.0
CTTATGTGTGGTATTA-1,OTI,5,288,2.4608978427565478
CTTCAACTCACCCATT-1,OTI,2,27,1.4471580313422192
CTTCAACTCATCAGGC-1,OTI,3,76,1.8864907251724818
CTTCAACTCCACTCTG-1,C57BL6,0,0,0.0
CTTCAACTCGCCACTC-1,OTI,7,284,2.45484486000851
CTTCAACTCGCGCCTT-1,OTI,0,0,0.0
CTTCAACTCGGCGTAT-1,OTI,0,0,0.0
CTTCAATGTCAGCTTC-1,C57BL6,0,0,0.0
CTTCAATGTCCTGTCG-1,OTI,9,141,2.1522883443830563
CTTCAATGTCGAGTGC-1,OTI,1,46,1.6720978579357175
CTTCAATGTCGGGCAT-1,C57BL6,0,0,0.0
CTTCATATCAGCTATG-1,OTI,4,68,1.8388490907372552
CTTCATATCATGGGCT-1,C57BL6,0,0,0.0
CTTCATATCCCTATTA-1,OTI,4,45,1.662757831681574
CTTCATATCCGTCAAA-1,OTI,1,1,0.3010299956639812
CTTCATATCGGTTAGC-1,OTI,5,80,1.9084850188786497
CTTCATATCGTAATTA-1,OTI,2,15,1.2041199826559248
CTTCATTCAAATCGAG-1,C57BL6,0,0,0.0
CTTCATTCAACGTACT-1,C57BL6,0,0,0.0
CTTCATTCACAAGGCG-1,C57BL6,2,5,0.7781512503836436
CTTCATTCACCACGGT-1,OTI,2,19,1.3010299956639813
CTTCGAGCAAATCTCA-1,C57BL6,0,0,0.0
CTTCGAGCAACGTTCG-1,C57BL6,0,0,0.0
CTTCGAGCAATATCTG-1,OTI,6,936,2.971739590887778
CTTCGAGCACAATCCG-1,C57BL6,1,4,0.6989700043360189
CTTCGAGCACCTCTCG-1,OTI,4,225,2.3541084391474008
CTTCGAGCAGCACGGA-1,C57BL6,0,0,0.0
CTTCGAGCAGGACGCA-1,C57BL6,0,0,0.0
CTTCGAGCAGGCATAA-1,OTI,3,442,2.6464037262230695
CTTCGCATCAACGTAT-1,OTI,0,0,0.0
CTTCGCATCAATTATG-1,OTI,3,49,1.6989700043360187
CTTCGCATCACGCATA-1,C57BL6,0,0,0.0
CTTCGCATCATGAATC-1,C57BL6,0,0,0.0
CTTCGCATCCAGGATC-1,C57BL6,0,0,0.0
CTTCGCATCCCTTAGT-1,OTI,3,45,1.662757831681574
CTTCGCATCCGGTTAA-1,C57BL6,0,0,0.0
CTTCGCATCGCTGTGG-1,OTI,4,36,1.568201724066995
CTTCGCATCGGTTAAT-1,C57BL6,0,0,0.0
CTTCGTCCAAACACTC-1,OTI,4,126,2.103803720955957
CTTCGTCCAACGAGAC-1,OTI,1,9,1.0
CTTCGTCCAAGACGAC-1,OTI,5,1337,3.1264561134318045
CTTCGTCCAAGCCGTC-1,OTI,1,1,0.3010299956639812
CTTCGTCCAATAACCC-1,OTI,6,91,1.9637878273455553
CTTCGTCCACAGTCGC-1,OTI,4,44,1.6532125137753437
CTTCGTCCACCGCAGT-1,OTI,2,63,1.806179973983887
CTTCGTCCACTAAGCT-1,OTI,1,2,0.47712125471966244
CTTCGTCCAGCGCACT-1,C57BL6,0,0,0.0
CTTCGTCCAGCTTACG-1,OTI,0,0,0.0
CTTCGTGTCACGGGTT-1,C57BL6,1,1,0.3010299956639812
CTTCGTGTCAGTACGC-1,OTI,3,19,1.3010299956639813
CTTCGTGTCCCTTCCT-1,OTI,7,1025,3.0111473607757975
CTTCGTGTCCGACCCT-1,OTI,2,428,2.6324572921847245
CTTCGTGTCCGTATCT-1,C57BL6,1,33,1.5314789170422551
CTTCGTGTCGCAGTAC-1,C57BL6,0,0,0.0
CTTCGTGTCGGTATGC-1,C57BL6,5,469,2.6720978579357175
CTTCGTGTCGTCGAGT-1,OTI,2,176,2.247973266361807
CTTCTAATCAAACTTA-1,OTI,1,3,0.6020599913279624
CTTCTAATCACAGGCT-1,OTI,0,0,0.0
CTTCTAATCACTGTTC-1,OTI,4,107,2.03342375548695
CTTCTAATCATAATCA-1,OTI,5,52,1.724275869600789
CTTCTAATCCGCTCTA-1,OTI,1,84,1.9294189257142926
CTTCTAATCGCCCGTT-1,OTI,0,0,0.0
CTTCTAATCGCCCTAC-1,C57BL6,1,1,0.3010299956639812
CTTCTAATCGCTCATT-1,OTI,4,58,1.7708520116421442
CTTCTAATCGGTATAT-1,OTI,0,0,0.0
CTTCTACAGGTTCTAG-1,OTI,4,156,2.1958996524092336
CTTCTAGGTATGCGCA-1,OTI,0,0,0.0
CTTCTAGGTCCAGGGT-1,OTI,7,454,2.6580113966571126
CTTCTAGGTGCTTGCT-1,OTI,4,225,2.3541084391474008
CTTCTAGGTGTGGTCA-1,C57BL6,3,20,1.3222192947339193
CTTCTAGGTGTTAGGT-1,OTI,0,0,0.0
CTTCTAGGTGTTCTCA-1,OTI,9,386,2.5877109650189114
CTTCTATCAAGCTTAC-1,C57BL6,1,1,0.3010299956639812
CTTCTATCACTATTCT-1,OTI,1,11,1.0791812460476249
CTTCTATCAGCAAGAC-1,OTI,3,39,1.6020599913279623
CTTCTCACAAATCACC-1,C57BL6,3,18,1.2787536009528289
CTTCTCACAACATAGG-1,C57BL6,0,0,0.0
CTTCTCACAAGGACCG-1,C57BL6,0,0,0.0
CTTCTCACACCTGACA-1,C57BL6,1,2,0.47712125471966244
CTTCTCACACGTCGTA-1,C57BL6,0,0,0.0
CTTCTCACAGGCTCTA-1,C57BL6,3,3,0.6020599913279624
CTTCTCTGTACCATCC-1,OTI,0,0,0.0
CTTCTCTGTATATGTG-1,OTI,1,1,0.3010299956639812
CTTCTCTGTATCTGTT-1,OTI,1,4,0.6989700043360189
CTTCTCTGTGGGGTCT-1,C57BL6,1,1,0.3010299956639812
CTTCTCTGTGGGTGCT-1,OTI,2,27,1.4471580313422192
CTTCTCTGTGTCGCGG-1,OTI,3,32,1.5185139398778875
CTTCTCTGTGTCTGAG-1,OTI,4,35,1.5563025007672873
CTTGAATAGCAGTAGG-1,OTI,1,10,1.0413926851582251
CTTGAATAGCTGCGTG-1,OTI,4,168,2.2278867046136734
CTTGAATAGGTAGTGG-1,OTI,5,139,2.146128035678238
CTTGACGCAAATTGCC-1,OTI,1,1,0.3010299956639812
CTTGACGCAAGGACCG-1,OTI,1,17,1.255272505103306
CTTGACGCAATTCGGT-1,OTI,1,26,1.4313637641589874
CTTGACGCAGTTACCG-1,OTI,3,17,1.255272505103306
CTTGATGAGAGCCGTT-1,OTI,0,0,0.0
CTTGATGAGAGGTATA-1,OTI,7,56,1.7558748556724915
CTTGATGAGCGACAAG-1,OTI,4,137,2.1398790864012365
CTTGATGAGCGCCTGA-1,OTI,3,165,2.220108088040055
CTTGATTGTACGAGTT-1,OTI,3,379,2.57978359661681
CTTGATTGTAGGCTCA-1,C57BL6,0,0,0.0
CTTGATTGTATATGTG-1,C57BL6,1,1,0.3010299956639812
CTTGATTGTCCAGTGA-1,C57BL6,0,0,0.0
CTTGGAGGTACCTGTC-1,OTI,2,65,1.8195439355418688
CTTGGAGGTCACCGGG-1,C57BL6,0,0,0.0
CTTGGCGAGAGCAAGT-1,OTI,4,126,2.103803720955957
CTTGGCGAGCACCAAC-1,C57BL6,1,3,0.6020599913279624
CTTGGCGAGCATAACT-1,C57BL6,0,0,0.0
CTTGGCGAGCATTGCA-1,OTI,3,186,2.271841606536499
CTTGGCGAGGCTCGAT-1,OTI,1,8,0.9542425094393249
CTTGGGTAGCCTATTC-1,OTI,8,161,2.2095150145426308
CTTGGGTAGCGAATTT-1,C57BL6,2,2,0.47712125471966244
CTTGGGTAGGCAAAGT-1,OTI,2,11,1.0791812460476249
CTTGGGTAGGTAGAAC-1,C57BL6,0,0,0.0
CTTGGTCGTAGCTGAT-1,OTI,2,16,1.2304489213782739
CTTGGTCGTCGCTGGG-1,C57BL6,0,0,0.0
CTTGGTCGTCGTCGGG-1,OTI,5,305,2.48572142648158
CTTGTACTCACTGTCT-1,OTI,1,10,1.0413926851582251
CTTGTACTCCCGGCTT-1,OTI,3,453,2.6570558528571038
CTTGTACTCCTCCAAT-1,C57BL6,0,0,0.0
CTTGTACTCGCATCAA-1,OTI,3,3,0.6020599913279624
CTTGTAGAGAAATGGC-1,OTI,0,0,0.0
CTTGTAGAGAGCTTAT-1,OTI,2,14,1.1760912590556813
CTTGTAGAGAGGACAT-1,C57BL6,0,0,0.0
CTTGTATGTCATAGGT-1,C57BL6,0,0,0.0
CTTGTATGTGTCGGGT-1,OTI,1,10,1.0413926851582251
CTTGTATGTGTGTCAG-1,C57BL6,1,10,1.0413926851582251
CTTGTCAGTACTCTAT-1,C57BL6,1,16,1.2304489213782739
CTTGTCAGTAGCTGAT-1,OTI,3,76,1.8864907251724818
CTTGTCAGTGGATTTA-1,OTI,5,91,1.9637878273455553
CTTGTCAGTGTTGGGC-1,OTI,1,5,0.7781512503836436
CTTGTCGTCAAATTGC-1,C57BL6,0,0,0.0
CTTGTCGTCAGGACTC-1,C57BL6,0,0,0.0
CTTGTCGTCGCTTCTG-1,OTI,0,0,0.0
CTTGTCTAGACGGGGT-1,OTI,0,0,0.0
CTTGTCTAGGGGGTAC-1,C57BL6,0,0,0.0
CTTGTCTAGGGTAGTG-1,OTI,1,10,1.0413926851582251
CTTGTCTAGGTCTATG-1,C57BL6,0,0,0.0
CTTGTGAAGACGTCAC-1,OTI,5,187,2.27415784926368
CTTGTGAAGACTTAAC-1,OTI,3,74,1.8750612633917
CTTGTGAAGCACTTAG-1,OTI,2,39,1.6020599913279623
CTTGTGAAGCGCCCAA-1,OTI,1,2,0.47712125471966244
CTTGTGAAGCGTACCG-1,C57BL6,1,1,0.3010299956639812
CTTGTGAAGCTATCGA-1,OTI,5,71,1.8573324964312685
CTTGTGAAGGCCTGAT-1,C57BL6,0,0,0.0
CTTGTGAAGGCGCTCA-1,C57BL6,0,0,0.0
CTTGTGAAGGTTCAGC-1,OTI,0,0,0.0
CTTGTGCGTACTTCAT-1,C57BL6,0,0,0.0
CTTGTGCGTAGCGTTG-1,OTI,3,188,2.2764618041732443
CTTGTGCGTAGGCTTG-1,OTI,2,10,1.0413926851582251
CTTGTGCGTGCCTTTA-1,C57BL6,0,0,0.0
CTTGTGCGTGCGGAGA-1,C57BL6,0,0,0.0
CTTGTGTTCAAGGTAA-1,OTI,1,3,0.6020599913279624
CTTGTGTTCAGCCTCC-1,OTI,0,0,0.0
CTTGTGTTCCAGCAAC-1,C57BL6,0,0,0.0
CTTGTGTTCCGATAAT-1,OTI,2,20,1.3222192947339193
CTTGTGTTCCTTCATA-1,C57BL6,2,18,1.2787536009528289
CTTGTGTTCGTGACTA-1,OTI,7,226,2.3560258571931225
GCAAACCTCATGAGTT-1,C57BL6,0,0,0.0
GCAAACCTCCCGGCTT-1,OTI,3,303,2.482873583608754
GCAAACCTCGCGATGT-1,C57BL6,0,0,0.0
GCAAAGGTCAGGCACT-1,OTI,2,22,1.3617278360175928
GCAAAGGTCATCGGAC-1,OTI,1,6,0.8450980400142568
GCAAAGGTCATGAATC-1,C57BL6,1,3,0.6020599913279624
GCAAAGGTCATTACAA-1,C57BL6,0,0,0.0
GCAAAGGTCCCACTTG-1,C57BL6,1,6,0.8450980400142568
GCAAAGGTCGCATACA-1,OTI,2,336,2.5276299008713385
GCAAAGGTCGGTTCGG-1,OTI,4,29,1.4771212547196624
GCAAAGGTCGTAATTA-1,C57BL6,1,5,0.7781512503836436
GCAAAGTAGAACCAGG-1,OTI,2,60,1.7853298350107671
GCAAAGTAGATCCAAT-1,C57BL6,0,0,0.0
GCAAAGTAGCATCAAT-1,OTI,9,134,2.130333768495006
GCAAAGTAGCATGTAT-1,OTI,0,0,0.0
GCAAAGTAGCCATGGT-1,OTI,1,9,1.0
GCAAAGTAGCGCCTAG-1,OTI,4,115,2.0644579892269186
GCAAAGTAGCTCTCAT-1,OTI,0,0,0.0
GCAAAGTAGGCAAAGT-1,OTI,0,0,0.0
GCAAAGTAGGGACGGT-1,OTI,2,44,1.6532125137753437
GCAACAGAGAATGACA-1,OTI,14,43,1.6434526764861874
GCAACAGAGACAATGA-1,OTI,7,87,1.9444826721501687
GCAACAGAGCAATATC-1,OTI,4,75,1.8808135922807914
GCAACAGAGCCATGCG-1,OTI,2,8,0.9542425094393249
GCAACAGAGGCTCATA-1,C57BL6,0,0,0.0
GCAACAGAGGTGCCAT-1,C57BL6,1,8,0.9542425094393249
GCAACCCCAACATGCT-1,OTI,6,597,2.776701183988411
GCAACCCCAAGTGTTC-1,OTI,5,62,1.7993405494535817
GCAACCCCAGTACGAA-1,C57BL6,0,0,0.0
GCAACGAAGACTAATC-1,OTI,4,351,2.546542663478131
GCAACGAAGATTCGAT-1,OTI,6,67,1.8325089127062364
GCAACGAAGCATATCG-1,OTI,0,0,0.0
GCAACGAAGGCACAAG-1,C57BL6,3,3,0.6020599913279624
GCAACGAAGGCATCGT-1,OTI,1,3,0.6020599913279624
GCAACGGCAAATTACT-1,OTI,4,55,1.7481880270062005
GCAACGGCAACGGGAT-1,OTI,4,92,1.968482948553935
GCAACGGCACGTAAAG-1,C57BL6,0,0,0.0
GCAACGGCAGGAAGGA-1,C57BL6,0,0,0.0
GCAACGGCAGTACGGG-1,OTI,3,269,2.4313637641589874
GCAACGGCAGTTGCGC-1,OTI,7,267,2.428134794028789
GCAACGTTCAGCAATT-1,OTI,1,41,1.6232492903979006
GCAACGTTCCACAGGT-1,OTI,0,0,0.0
GCAACGTTCCGGTCGA-1,OTI,2,185,2.2695129442179165
GCAACGTTCGCTCATT-1,C57BL6,0,0,0.0
GCAACTATCAACTATA-1,OTI,7,23,1.380211241711606
GCAACTATCACTGCCC-1,OTI,1,15,1.2041199826559248
GCAACTATCAGCCGTG-1,C57BL6,0,0,0.0
GCAACTATCAGTAAAG-1,OTI,6,63,1.806179973983887
GCAACTATCATGTCGA-1,OTI,1,5,0.7781512503836436
GCAACTATCCATATCC-1,OTI,0,0,0.0
GCAACTATCCGCACTC-1,OTI,6,191,2.2833012287035497
GCAACTATCCGGTCGA-1,C57BL6,0,0,0.0
GCAACTATCCTATGCT-1,OTI,0,0,0.0
GCAACTATCGTCAACA-1,OTI,0,0,0.0
GCAACTTCAAGAGATT-1,C57BL6,0,0,0.0
GCAACTTCAAGTACGA-1,OTI,3,381,2.582063362911709
GCAACTTCAATAAGAC-1,OTI,7,266,2.4265112613645754
GCAACTTCACTGGGCT-1,OTI,1,6,0.8450980400142568
GCAACTTCAGTAGCGG-1,OTI,5,117,2.0718820073061255
GCAACTTCAGTGTCAT-1,C57BL6,1,4,0.6989700043360189
GCAAGACCAACAGTCT-1,C57BL6,0,0,0.0
GCAAGACCAACTTAGC-1,OTI,2,65,1.8195439355418688
GCAAGACCAAGGACCG-1,OTI,2,21,1.3424226808222062
GCAAGACCAATAGTAA-1,OTI,3,209,2.322219294733919
GCAAGACCACACGGTC-1,OTI,5,245,2.3909351071033793
GCAAGACCACATCACG-1,OTI,9,405,2.6085260335771943
GCAAGACCACTCGACA-1,OTI,0,0,0.0
GCAAGACCAGGACATA-1,OTI,6,58,1.7708520116421442
GCAAGCAAGAACATAG-1,OTI,4,180,2.2576785748691846
GCAAGCAAGAACTAAG-1,OTI,8,91,1.9637878273455553
GCAAGCAAGAGCGGTA-1,OTI,2,64,1.8129133566428555
GCAAGCAAGCAACAGG-1,OTI,0,0,0.0
GCAAGCAAGCGCACAT-1,C57BL6,0,0,0.0
GCAAGCAAGGGGAGCT-1,OTI,1,29,1.4771212547196624
GCAAGCAAGGTAAGAC-1,OTI,2,42,1.6334684555795864
GCAAGCCGTAGCCTCT-1,OTI,4,56,1.7558748556724915
GCAAGCCGTCATGTCC-1,OTI,0,0,0.0
GCAAGCCGTCGGCTGG-1,OTI,2,6,0.8450980400142568
GCAAGCCGTCGTGAGC-1,OTI,5,88,1.9493900066449128
GCAAGCCGTGGTTGTG-1,C57BL6,0,0,0.0
GCAAGCCGTGTTCGCT-1,OTI,2,12,1.1139433523068367
GCAAGCTTCAGCTGTA-1,C57BL6,2,17,1.255272505103306
GCAAGCTTCCCTATGT-1,OTI,2,24,1.3979400086720377
GCAAGCTTCCTGGGCA-1,OTI,2,18,1.2787536009528289
GCAAGCTTCGCTTATC-1,OTI,2,52,1.724275869600789
GCAAGCTTCGGTACGT-1,OTI,1,59,1.7781512503836436
GCAAGCTTCGTCCTAT-1,OTI,5,377,2.5774917998372255
GCAAGGCAGAACCCAC-1,C57BL6,1,7,0.9030899869919435
GCAAGGCAGACCTGCG-1,OTI,3,430,2.6344772701607315
GCAAGGCAGCAATTCG-1,OTI,0,0,0.0
GCAAGGCAGCCAGGTT-1,OTI,3,292,2.4668676203541096
GCAAGGCAGGCCCACA-1,OTI,4,1020,3.0090257420869104
GCAAGGCAGGGATTAA-1,OTI,5,733,2.8656960599160706
GCAAGGCAGGGTTAGG-1,OTI,10,256,2.4099331233312946
GCAAGGCAGGTAATGA-1,C57BL6,0,0,0.0
GCAAGGCAGGTCTATG-1,OTI,1,113,2.0569048513364727
GCAAGGGGTAAGCAAG-1,C57BL6,0,0,0.0
GCAAGGGGTAGACGGG-1,C57BL6,0,0,0.0
GCAAGGGGTATGTCTT-1,OTI,1,5,0.7781512503836436
GCAAGGGGTCGAGTCA-1,C57BL6,0,0,0.0
GCAAGGGGTCGTAGGC-1,C57BL6,0,0,0.0
GCAAGGGGTGGGTTGC-1,C57BL6,0,0,0.0
GCAAGTCTCAGTAATC-1,OTI,2,38,1.591064607026499
GCAAGTCTCCATATGG-1,OTI,11,344,2.537819095073274
GCAAGTCTCGTGTAAT-1,OTI,1,592,2.7730546933642626
GCAATAGCAAACTCCG-1,C57BL6,1,1,0.3010299956639812
GCAATAGCACGCTCAA-1,OTI,3,20,1.3222192947339193
GCAATAGCACGTAGCC-1,OTI,2,15,1.2041199826559248
GCAATAGCACTGACAT-1,OTI,1,2,0.47712125471966244
GCAATATTCATAGCAT-1,OTI,5,710,2.851869600729766
GCAATCCAGAATTGTC-1,OTI,0,0,0.0
GCAATCCAGAGGCAGC-1,OTI,6,235,2.3729120029701067
GCAATCCAGAGGCGTA-1,C57BL6,0,0,0.0
GCAATCCAGCAAAGTA-1,OTI,5,55,1.7481880270062005
GCAATCCAGCCACGAT-1,OTI,1,1,0.3010299956639812
GCAATCCAGCCATTGA-1,OTI,5,106,2.0293837776852097
GCAATCCAGCGGGTTT-1,OTI,4,26,1.4313637641589874
GCAATCCAGCGTTATG-1,C57BL6,1,7,0.9030899869919435
GCAATCCAGCTAGTCA-1,C57BL6,1,16,1.2304489213782739
GCAATCCAGGGTAAGT-1,OTI,5,128,2.110589710299249
GCAATCCAGGTAGTGG-1,OTI,5,89,1.954242509439325
GCAATCCAGGTCACGT-1,OTI,0,0,0.0
GCAATCCAGGTCGGAA-1,OTI,1,9,1.0
GCAATCCAGGTGCTAC-1,OTI,2,49,1.6989700043360187
GCAATCGGTAGTGATC-1,OTI,17,912,2.960470777534299
GCAATCGGTATAGTCA-1,C57BL6,0,0,0.0
GCAATCGGTCCGCCGT-1,OTI,6,195,2.292256071356476
GCAATCGGTCCTTTGA-1,OTI,2,14,1.1760912590556813
GCAATCGGTGTGCGCG-1,OTI,2,120,2.0827853703164503
GCAATCTCAAACCTTA-1,OTI,2,5,0.7781512503836436
GCAATCTCAAGCTATC-1,OTI,3,54,1.7403626894942439
GCAATCTCACAGGCGA-1,OTI,6,102,2.012837224705172
GCAATGTGTAACTTCT-1,OTI,0,0,0.0
GCAATGTGTAAGCGCC-1,OTI,0,0,0.0
GCAATGTGTCTTGTCA-1,OTI,6,130,2.1172712956557644
GCAATGTGTGTCCGCC-1,OTI,5,210,2.3242824552976926
GCAATTGTCAAAGCAA-1,OTI,0,0,0.0
GCAATTGTCACTTGCT-1,OTI,1,10,1.0413926851582251
GCAATTGTCAGACTGC-1,C57BL6,0,0,0.0
GCAATTGTCATGCGTA-1,OTI,0,0,0.0
GCAATTGTCCATTCGT-1,OTI,1,7,0.9030899869919435
GCAATTGTCCCAAGTA-1,OTI,3,42,1.6334684555795864
GCAATTTAGAACCAGG-1,C57BL6,1,8,0.9542425094393249
GCAATTTAGACTTACG-1,C57BL6,1,4,0.6989700043360189
GCAATTTAGCCTTCAT-1,OTI,2,166,2.2227164711475833
GCAATTTAGCCTTTAC-1,C57BL6,1,5,0.7781512503836436
GCAATTTAGCTCTGGG-1,OTI,0,0,0.0
GCACAACTCAACGTAT-1,OTI,0,0,0.0
GCACAACTCACATATA-1,C57BL6,0,0,0.0
GCACAACTCACATTAA-1,C57BL6,0,0,0.0
GCACAACTCCACCTCA-1,C57BL6,0,0,0.0
GCACAACTCCAGGTGT-1,OTI,8,48,1.6901960800285136
GCACAACTCCATCGTT-1,OTI,1,51,1.7160033436347992
GCACAACTCCCGGCAA-1,OTI,2,120,2.0827853703164503
GCACAACTCGCGATGT-1,OTI,6,122,2.089905111439398
GCACAACTCGTCCAAA-1,OTI,0,0,0.0
GCACAAGAGACCCGTG-1,OTI,2,137,2.1398790864012365
GCACAAGAGAGGGACC-1,OTI,9,433,2.637489729512511
GCACACCCAAAGCAAT-1,C57BL6,1,1,0.3010299956639812
GCACACCCAATGAATA-1,C57BL6,0,0,0.0
GCACACCCACTTATCT-1,OTI,1,1,0.3010299956639812
GCACAGCGTAACGCCA-1,C57BL6,0,0,0.0
GCACAGCGTAGAGTGA-1,OTI,11,313,2.496929648073215
GCACAGCGTAGGAGGT-1,C57BL6,0,0,0.0
GCACAGCGTATAGGCT-1,OTI,1,5,0.7781512503836436
GCACAGCGTCGAGGGA-1,OTI,3,50,1.7075701760979363
GCACAGCGTCTCTCGG-1,OTI,0,0,0.0
GCACAGCGTGGCTGTA-1,OTI,5,244,2.3891660843645326
GCACCATAGAATGCGG-1,OTI,1,3,0.6020599913279624
GCACCATAGACGCCAT-1,OTI,2,196,2.294466226161593
GCACCATAGACGTTAT-1,OTI,3,171,2.2355284469075487
GCACCATAGACTGCAC-1,OTI,4,194,2.290034611362518
GCACCATAGAGCTTGC-1,OTI,5,28,1.462397997898956
GCACCATAGCACTGTA-1,C57BL6,0,0,0.0
GCACCATAGCGTTAGC-1,OTI,2,7,0.9030899869919435
GCACCATAGCTGTTGA-1,OTI,1,26,1.4313637641589874
GCACCATAGCTTCTAC-1,OTI,0,0,0.0
GCACCATAGGCGCATT-1,OTI,3,291,2.4653828514484184
GCACCATAGGTCTGGT-1,C57BL6,1,5,0.7781512503836436
GCACCCAAGAAAGTCA-1,C57BL6,3,29,1.4771212547196624
GCACCCAAGACTATCG-1,C57BL6,1,6,0.8450980400142568
GCACCCAAGCCCATGG-1,C57BL6,1,3,0.6020599913279624
GCACCCAAGCCTGCAG-1,C57BL6,0,0,0.0
GCACCCAAGCGATGAG-1,OTI,1,24,1.3979400086720377
GCACCCAAGCGTGCAT-1,OTI,1,10,1.0413926851582251
GCACCCAAGCTAAACT-1,C57BL6,0,0,0.0
GCACCCTTCAGACTCA-1,OTI,2,6,0.8450980400142568
GCACCCTTCCTGGGCA-1,OTI,3,34,1.5440680443502757
GCACCCTTCGCGGCTA-1,OTI,1,82,1.919078092376074
GCACCCTTCGCTCCGT-1,OTI,5,214,2.3324384599156054
GCACCCTTCGGTGTTA-1,OTI,0,0,0.0
GCACCTACAACTCGAT-1,C57BL6,0,0,0.0
GCACCTACAAGCTTCG-1,OTI,0,0,0.0
GCACCTACACAATTCA-1,C57BL6,3,4,0.6989700043360189
GCACCTACACACCGTA-1,C57BL6,0,0,0.0
GCACCTACAGCACCTA-1,C57BL6,0,0,0.0
GCACCTACAGGAACGT-1,OTI,3,62,1.7993405494535817
GCACCTCTCACGCCCT-1,OTI,2,31,1.505149978319906
GCACCTCTCATGCAGC-1,OTI,7,37,1.5797835966168101
GCACCTCTCCCTTCGA-1,OTI,1,23,1.380211241711606
GCACCTCTCGCATAGC-1,OTI,0,0,0.0
GCACCTCTCGTGCGTG-1,C57BL6,2,24,1.3979400086720377
GCACGAAAGAAAGCGT-1,C57BL6,0,0,0.0
GCACGAAAGCAATACT-1,C57BL6,0,0,0.0
GCACGAAAGCATGTCA-1,OTI,4,173,2.2405492482826
GCACGCTCAAATCCCG-1,OTI,4,151,2.1818435879447726
GCACGCTCAACACTAC-1,C57BL6,0,0,0.0
GCACGCTCAACTTCGG-1,OTI,0,0,0.0
GCACGCTCACAACGGG-1,C57BL6,0,0,0.0
GCACGCTCACATGGTT-1,C57BL6,0,0,0.0
GCACGCTCAGCTAACT-1,C57BL6,0,0,0.0
GCACGCTCAGGGTTCC-1,C57BL6,1,4,0.6989700043360189
GCACGGACAAACCTTA-1,OTI,5,518,2.7151673578484576
GCACGGACAACCCATG-1,OTI,5,16,1.2304489213782739
GCACGGACAAGCCATT-1,OTI,3,113,2.0569048513364727
GCACGGACAATAGTAA-1,OTI,4,54,1.7403626894942439
GCACGGACACCCAGTA-1,OTI,3,24,1.3979400086720377
GCACGGACACCCTATC-1,OTI,3,173,2.2405492482826
GCACGGACACCTCTCG-1,OTI,4,74,1.8750612633917
GCACGGACAGCAACCC-1,OTI,1,10,1.0413926851582251
GCACGGACAGCATTAC-1,C57BL6,0,0,0.0
GCACGGACAGTCCTAG-1,OTI,4,565,2.7528164311882715
GCACGTAGTAATGTCA-1,OTI,4,430,2.6344772701607315
GCACGTAGTAGGAGGT-1,OTI,5,106,2.0293837776852097
GCACGTAGTAGGCATT-1,C57BL6,0,0,0.0
GCACGTAGTAGGCTTG-1,OTI,6,412,2.615950051656401
GCACGTAGTATATTCC-1,C57BL6,0,0,0.0
GCACGTAGTCGCTGCC-1,C57BL6,0,0,0.0
GCACGTAGTGCTCTGT-1,OTI,3,24,1.3979400086720377
GCACGTAGTGTAGTTA-1,C57BL6,0,0,0.0
GCACGTAGTGTTCAGG-1,C57BL6,0,0,0.0
GCACGTGTCAGCGCAT-1,OTI,2,493,2.693726948923647
GCACGTGTCCACCAAA-1,C57BL6,0,0,0.0
GCACGTGTCCTAAGCA-1,OTI,3,34,1.5440680443502757
GCACGTGTCGGAAAGT-1,C57BL6,0,0,0.0
GCACGTTAGAACGTTT-1,OTI,3,111,2.0492180226701815
GCACGTTAGAAGGGTT-1,OTI,1,10,1.0413926851582251
GCACGTTAGAATGATG-1,OTI,12,459,2.662757831681574
GCACGTTAGAGTTTAC-1,OTI,17,587,2.7693773260761385
GCACGTTAGCAACCCG-1,OTI,5,71,1.8573324964312685
GCACGTTAGCGAAGTG-1,OTI,7,146,2.167317334748176
GCACGTTAGCGCACAT-1,OTI,6,191,2.2833012287035497
GCACGTTAGCTAGTCA-1,OTI,3,324,2.5118833609788744
GCACGTTAGGCCTCGA-1,OTI,5,112,2.0530784434834195
GCACTAATCACAGGTC-1,OTI,2,269,2.4313637641589874
GCACTAATCACCCCGT-1,OTI,0,0,0.0
GCACTAATCATCAGGC-1,C57BL6,6,247,2.3944516808262164
GCACTAATCGCAAGTC-1,C57BL6,0,0,0.0
GCACTAATCGTTGTCT-1,OTI,1,36,1.568201724066995
GCACTAGGTATCCCTA-1,OTI,0,0,0.0
GCACTAGGTCCAACAG-1,OTI,0,0,0.0
GCACTAGGTCCATATT-1,C57BL6,4,10,1.0413926851582251
GCACTAGGTCTAAAGC-1,C57BL6,0,0,0.0
GCACTAGGTCTAATCT-1,OTI,7,209,2.322219294733919
GCACTAGGTCTACTGC-1,OTI,2,84,1.9294189257142926
GCACTAGGTGCCATTC-1,C57BL6,0,0,0.0
GCACTAGGTGTGCCCC-1,OTI,1,1,0.3010299956639812
GCACTCCTCCCATATC-1,OTI,2,19,1.3010299956639813
GCACTCCTCCGAATGC-1,C57BL6,2,4,0.6989700043360189
GCACTCCTCCGTACTT-1,OTI,1,4,0.6989700043360189
GCACTCCTCGCTAACA-1,OTI,1,5,0.7781512503836436
GCACTCCTCGGTCCCT-1,C57BL6,0,0,0.0
GCACTCCTCGTACGGT-1,OTI,0,0,0.0
GCACTCCTCGTGTTGA-1,C57BL6,1,7,0.9030899869919435
GCACTCTGTACGCTGA-1,OTI,3,111,2.0492180226701815
GCACTCTGTATAAGCC-1,C57BL6,0,0,0.0
GCACTCTGTCACATGG-1,OTI,1,4,0.6989700043360189
GCACTCTGTCACGCCC-1,C57BL6,1,4,0.6989700043360189
GCACTCTGTCTAATCT-1,OTI,2,20,1.3222192947339193
GCACTCTGTGGGAGAT-1,OTI,5,229,2.361727836017593
GCAGCCTCAACCTCTC-1,OTI,4,170,2.2329961103921536
GCAGCCTCAATGGCGG-1,C57BL6,0,0,0.0
GCAGCCTCACCTTTCA-1,OTI,1,2,0.47712125471966244
GCAGCCTCAGCGCGAA-1,OTI,4,82,1.919078092376074
GCAGCCTCAGCGGGTA-1,C57BL6,1,3,0.6020599913279624
GCAGCCTCAGCTTTAA-1,OTI,3,222,2.3483048630481607
GCAGCCTCAGGACACG-1,C57BL6,0,0,0.0
GCAGCGACAATATCAT-1,C57BL6,0,0,0.0
GCAGCGACACCCAAGC-1,OTI,4,145,2.164352855784437
GCAGCGACACCTAGAT-1,OTI,4,165,2.220108088040055
GCAGCGACAGGAATAT-1,OTI,5,46,1.6720978579357175
GCAGGCACAACTCTCC-1,OTI,3,12,1.1139433523068367
GCAGGCACACGACACC-1,C57BL6,0,0,0.0
GCAGGCACAGGAACCG-1,C57BL6,1,2,0.47712125471966244
GCAGGCACAGGAGTCG-1,OTI,3,121,2.0863598306747484
GCAGGCACAGGCGTAG-1,OTI,1,19,1.3010299956639813
GCAGGCACAGTACTCG-1,OTI,4,37,1.5797835966168101
GCAGGCACAGTTGCCA-1,OTI,2,15,1.2041199826559248
GCAGGGTAGAAAGTGC-1,OTI,3,211,2.326335860928751
GCAGGGTAGACCCTAA-1,OTI,1,7,0.9030899869919435
GCAGGGTAGAGTACGG-1,OTI,3,33,1.5314789170422551
GCAGGGTAGAGTTGCC-1,OTI,2,9,1.0
GCAGGGTAGCCGCAAT-1,OTI,2,12,1.1139433523068367
GCAGGGTAGCTGTATG-1,OTI,3,14,1.1760912590556813
GCAGGGTAGGCAACAG-1,OTI,6,133,2.1271047983648077
GCAGGGTAGGCTATTG-1,OTI,2,69,1.845098040014257
GCAGTAACAACAATTT-1,C57BL6,0,0,0.0
GCAGTAACAACATAGG-1,OTI,0,0,0.0
GCAGTAACAACGAAGC-1,OTI,6,848,2.928907690243953
GCAGTAACAATTCAGC-1,OTI,2,12,1.1139433523068367
GCAGTAACACCCTAAG-1,OTI,4,565,2.7528164311882715
GCAGTAACACCTACGA-1,OTI,5,68,1.8388490907372552
GCAGTAACACTCGTTC-1,OTI,3,81,1.9138138523837167
GCAGTACTCAACCCTT-1,OTI,3,123,2.093421685162235
GCAGTACTCATTATCT-1,OTI,2,12,1.1139433523068367
GCAGTACTCCAATTGG-1,OTI,1,43,1.6434526764861874
GCAGTACTCCGTTCTG-1,OTI,6,670,2.826722520168992
GCAGTACTCGGTAATT-1,C57BL6,0,0,0.0
GCAGTCAGTACAAGTC-1,OTI,0,0,0.0
GCAGTCAGTAGCTGTG-1,OTI,0,0,0.0
GCAGTCAGTCACGGGT-1,OTI,2,217,2.3384564936046046
GCAGTCAGTCAGGTGC-1,OTI,3,20,1.3222192947339193
GCAGTCAGTGTGCATG-1,OTI,0,0,0.0
GCAGTCAGTGTTCTAT-1,OTI,0,0,0.0
GCAGTGAAGCAAGTTT-1,C57BL6,1,7,0.9030899869919435
GCAGTGAAGCCATGAC-1,OTI,7,177,2.250420002308894
GCAGTGAAGCGAGTCT-1,OTI,0,0,0.0
GCAGTGAAGGCGTTAC-1,OTI,0,0,0.0
GCAGTGAAGGGACGTA-1,OTI,2,518,2.7151673578484576
GCAGTGTTCATCGCGG-1,OTI,3,163,2.214843848047698
GCAGTGTTCCACGAGT-1,C57BL6,1,5,0.7781512503836436
GCAGTGTTCCCACAGG-1,OTI,1,87,1.9444826721501687
GCATAAGCAAACGCGG-1,OTI,5,117,2.0718820073061255
GCATAAGCAACAATCC-1,OTI,6,66,1.8260748027008264
GCATAAGCAAGTGTTC-1,OTI,0,0,0.0
GCATAAGCACGGGGTA-1,OTI,4,198,2.298853076409707
GCATAAGCAGGTCTAT-1,OTI,8,168,2.2278867046136734
GCATAAGCAGTAGCCC-1,C57BL6,0,0,0.0
GCATAATTCAATCTGG-1,OTI,4,103,2.0170333392987803
GCATAATTCAGGCTGT-1,OTI,4,62,1.7993405494535817
GCATAATTCATAACAC-1,OTI,0,0,0.0
GCATAATTCCAACTTC-1,OTI,0,0,0.0
GCATAATTCCCAAAGC-1,C57BL6,2,352,2.5477747053878224
GCATAATTCCTTCATA-1,OTI,1,141,2.1522883443830563
GCATAATTCCTTGTCG-1,C57BL6,0,0,0.0
GCATACATCAACATTA-1,OTI,1,216,2.3364597338485296
GCATACATCCACCTAT-1,C57BL6,1,6,0.8450980400142568
GCATACATCCCTTCGA-1,OTI,5,216,2.3364597338485296
GCATACATCCGCTAAA-1,OTI,4,105,2.0253058652647704
GCATACATCGGGTTCG-1,OTI,0,0,0.0
GCATACCAGAACGTTT-1,C57BL6,0,0,0.0
GCATACCAGAAGGGCC-1,OTI,2,55,1.7481880270062005
GCATACCAGAAGTAGC-1,C57BL6,0,0,0.0
GCATACCAGCACCCGA-1,OTI,4,30,1.4913616938342726
GCATACCAGCTAACAT-1,OTI,2,8,0.9542425094393249
GCATACCAGCTCAGCG-1,C57BL6,0,0,0.0
GCATACCAGCTGGTTA-1,OTI,4,105,2.0253058652647704
GCATACCAGGCTTAAT-1,OTI,3,59,1.7781512503836436
GCATAGACACCGACTA-1,OTI,1,128,2.110589710299249
GCATAGACAGCGAATA-1,OTI,1,85,1.9344984512435677
GCATAGACAGCGACGA-1,OTI,2,14,1.1760912590556813
GCATAGACAGTTCTCC-1,OTI,2,779,2.8920946026904804
GCATAGCTCACTAATA-1,OTI,0,0,0.0
GCATAGCTCCATTCGT-1,OTI,4,303,2.482873583608754
GCATAGCTCCCTAACT-1,OTI,9,547,2.738780558484369
GCATAGCTCCGCCGTT-1,C57BL6,0,0,0.0
GCATAGGAGAACCATT-1,OTI,1,6,0.8450980400142568
GCATAGGAGAAGCTAA-1,C57BL6,0,0,0.0
GCATAGGAGACAGGAT-1,OTI,2,14,1.1760912590556813
GCATAGGAGACGGGTA-1,C57BL6,0,0,0.0
GCATAGGAGATGATGA-1,OTI,8,93,1.9731278535996986
GCATAGGAGATTCAGT-1,OTI,4,39,1.6020599913279623
GCATAGGAGCACATCA-1,OTI,2,86,1.9395192526186185
GCATAGGAGGCATGGA-1,C57BL6,1,4,0.6989700043360189
GCATAGGAGGCGAGTA-1,OTI,5,126,2.103803720955957
GCATAGTGTAGCGCGT-1,OTI,3,127,2.1072099696478683
GCATAGTGTATCCGGA-1,OTI,6,136,2.1367205671564067
GCATAGTGTCGCCCGT-1,C57BL6,1,4,0.6989700043360189
GCATAGTGTGGTAGCC-1,OTI,2,74,1.8750612633917
GCATAGTGTGGTTGTG-1,OTI,1,7,0.9030899869919435
GCATCAATCCACAACA-1,OTI,2,155,2.1931245983544616
GCATCAATCCACTTAC-1,OTI,5,470,2.673020907128896
GCATCAATCCATAACG-1,OTI,3,402,2.6053050461411096
GCATCAATCCCTAGTT-1,OTI,2,54,1.7403626894942439
GCATCAATCGCATAAT-1,OTI,3,8,0.9542425094393249
GCATCAATCGGTTACA-1,C57BL6,1,14,1.1760912590556813
GCATCAATCGTATACG-1,OTI,4,37,1.5797835966168101
GCATCACAGAATCAAG-1,OTI,3,18,1.2787536009528289
GCATCACAGACGACAG-1,OTI,1,7,0.9030899869919435
GCATCACAGACGTGTC-1,C57BL6,0,0,0.0
GCATCACAGAGGGACC-1,OTI,7,264,2.423245873936808
GCATCACAGAGTTAAG-1,OTI,3,37,1.5797835966168101
GCATCACAGATGCCCG-1,OTI,3,3,0.6020599913279624
GCATCACAGCAGGGTA-1,OTI,5,72,1.863322860120456
GCATCACAGCCCAGCA-1,C57BL6,3,9,1.0
GCATCACAGCTTAGTG-1,C57BL6,0,0,0.0
GCATCACAGGGTCGTT-1,OTI,3,20,1.3222192947339193
GCATCAGGTATCAGGT-1,C57BL6,2,42,1.6334684555795864
GCATCAGGTATTCTGT-1,OTI,3,46,1.6720978579357175
GCATCAGGTCAATGTA-1,C57BL6,1,3,0.6020599913279624
GCATCAGGTCACCGTT-1,OTI,3,120,2.0827853703164503
GCATCAGGTGCCCGAG-1,OTI,1,4,0.6989700043360189
GCATCAGGTGTAGGTT-1,OTI,5,84,1.9294189257142926
GCATCAGGTGTCTTCA-1,OTI,4,238,2.3783979009481375
GCATCATCAACGCAGG-1,OTI,1,311,2.494154594018443
GCATCATCAAGCCGAG-1,C57BL6,0,0,0.0
GCATCATCAATGCTAC-1,OTI,3,152,2.184691430817599
GCATCATCACAGCTCA-1,OTI,3,205,2.3138672203691533
GCATCATCACGTACAT-1,OTI,5,37,1.5797835966168101
GCATCATCACTAAGCT-1,OTI,10,24,1.3979400086720377
GCATCCACACTGGCAC-1,OTI,1,32,1.5185139398778875
GCATCCACAGCATGAA-1,C57BL6,0,0,0.0
GCATCCGAGAATATCC-1,OTI,3,50,1.7075701760979363
GCATCCGAGCATAACT-1,OTI,4,87,1.9444826721501687
GCATCCGAGCGCTATA-1,OTI,3,291,2.4653828514484184
GCATCCGAGGGGCGAT-1,C57BL6,2,50,1.7075701760979363
GCATCGCCAAAGCTTC-1,C57BL6,2,3,0.6020599913279624
GCATCGCCAAATTCCA-1,C57BL6,1,7,0.9030899869919435
GCATCGCCAACCATAC-1,OTI,2,552,2.7427251313046983
GCATCGCCAATAACCC-1,C57BL6,0,0,0.0
GCATCGCCAATAGCCT-1,OTI,0,0,0.0
GCATCGCCACCAGCTA-1,OTI,4,38,1.591064607026499
GCATCGCCACTAAATT-1,OTI,3,32,1.5185139398778875
GCATCGCCAGTACGAA-1,C57BL6,0,0,0.0
GCATCGCCAGTACTTA-1,OTI,9,858,2.9339931638312424
GCATCGGTCAAGCCAC-1,OTI,2,59,1.7781512503836436
GCATCGGTCATGCCTT-1,OTI,2,16,1.2304489213782739
GCATCGGTCCATTACC-1,OTI,2,155,2.1931245983544616
GCATCGGTCCTCCAGC-1,OTI,8,290,2.4638929889859074
GCATCGGTCGGGCTTG-1,OTI,2,61,1.792391689498254
GCATCGGTCGTAGCAC-1,OTI,1,5,0.7781512503836436
GCATCGTAGAATATCC-1,OTI,2,282,2.45178643552429
GCATCGTAGAATTCCG-1,C57BL6,0,0,0.0
GCATCGTAGACATAAG-1,OTI,4,72,1.863322860120456
GCATCGTAGCAAAGCG-1,C57BL6,0,0,0.0
GCATCGTAGCAATGGG-1,C57BL6,0,0,0.0
GCATCGTAGCCTACGG-1,OTI,5,316,2.5010592622177517
GCATCGTAGCCTTGCC-1,OTI,2,22,1.3617278360175928
GCATCGTAGCGGGGAT-1,OTI,3,15,1.2041199826559248
GCATCGTAGGCCCGTA-1,OTI,4,133,2.1271047983648077
GCATCGTAGGCCTATA-1,C57BL6,0,0,0.0
GCATGAACAATTGCTA-1,C57BL6,0,0,0.0
GCATGAACACAGCATT-1,C57BL6,0,0,0.0
GCATGAACACTATCCC-1,OTI,1,5,0.7781512503836436
GCATGCCCAAAAGTTA-1,C57BL6,4,9,1.0
GCATGCCCAAAGGCAC-1,C57BL6,0,0,0.0
GCATGCCCACCCAACA-1,OTI,3,184,2.2671717284030137
GCATGCCCACTCGAGC-1,OTI,4,507,2.7058637122839193
GCATGCCCAGGAAGCT-1,OTI,0,0,0.0
GCATGGAAGAGCGACA-1,OTI,4,376,2.576341350205793
GCATGGAAGATCTGCA-1,C57BL6,2,73,1.8692317197309762
GCATGGAAGCAGTCCG-1,OTI,0,0,0.0
GCATGGAAGCCACTAA-1,OTI,6,139,2.146128035678238
GCATGGAAGCGGGATA-1,OTI,4,422,2.6263403673750423
GCATGGAAGCGGTTCG-1,OTI,2,12,1.1139433523068367
GCATGGAAGCTTGAAT-1,C57BL6,1,6,0.8450980400142568
GCATGGCGTATGAAGG-1,C57BL6,0,0,0.0
GCATGGCGTCAATGTA-1,OTI,0,0,0.0
GCATGGCGTCCAAAGT-1,OTI,0,0,0.0
GCATGGCGTCGCATAG-1,C57BL6,2,6,0.8450980400142568
GCATGGCGTCTATGTT-1,OTI,2,63,1.806179973983887
GCATGGCGTGCCTCGC-1,OTI,0,0,0.0
GCATGGCGTGTCGTAG-1,C57BL6,0,0,0.0
GCATGGCGTGTTGTAA-1,C57BL6,0,0,0.0
GCATGGGCAAAAGGAA-1,OTI,2,3,0.6020599913279624
GCATGGGCAAACGGCG-1,OTI,2,26,1.4313637641589874
GCATGGGCAAAGCTAG-1,OTI,3,111,2.0492180226701815
GCATGGGCAATACGGA-1,C57BL6,0,0,0.0
GCATGGGCACACTCTC-1,C57BL6,2,11,1.0791812460476249
GCATGGGCACCATTCC-1,OTI,3,27,1.4471580313422192
GCATGGGCAGTACAAG-1,OTI,3,145,2.164352855784437
GCATGGTTCCCTAACT-1,OTI,2,142,2.155336037465062
GCATGGTTCCCTGTCA-1,OTI,2,78,1.8976270912904414
GCATGGTTCGGAGGTA-1,OTI,6,39,1.6020599913279623
GCATTACCAAAACTAA-1,OTI,3,47,1.6812412373755872
GCATTACCACCAGACC-1,C57BL6,0,0,0.0
GCATTACCACTATAGC-1,OTI,4,253,2.404833716619938
GCATTACCACTTCGTC-1,C57BL6,1,5,0.7781512503836436
GCATTACCAGCATGAA-1,C57BL6,1,6,0.8450980400142568
GCATTACCAGGAATCA-1,OTI,6,463,2.6665179805548807
GCATTACCAGGACTTT-1,OTI,1,238,2.3783979009481375
GCATTACCAGTTAATT-1,OTI,2,2,0.47712125471966244
GCATTAGTCAATCCTC-1,OTI,7,68,1.8388490907372552
GCATTAGTCACTTTCA-1,OTI,2,14,1.1760912590556813
GCATTAGTCCGATAGC-1,C57BL6,0,0,0.0
GCATTAGTCCGGCGTA-1,OTI,2,7,0.9030899869919435
GCATTAGTCCTCCTTC-1,OTI,3,34,1.5440680443502757
GCATTAGTCGCGTAAC-1,OTI,5,195,2.292256071356476
GCATTAGTCGGCCCTT-1,OTI,5,57,1.7634279935629373
GCATTAGTCGTAGTCA-1,OTI,2,260,2.416640507338281
GCATTCAAGAACTGAA-1,C57BL6,1,12,1.1139433523068367
GCATTCAAGATCTTGG-1,C57BL6,0,0,0.0
GCATTCAAGATTGGTT-1,OTI,5,49,1.6989700043360187
GCATTCAAGATTGTGT-1,OTI,3,77,1.8920946026904804
GCATTCCGTCCGCCTA-1,C57BL6,0,0,0.0
GCATTCCGTCTTAGTT-1,OTI,5,55,1.7481880270062005
GCATTCCGTCTTGTGC-1,C57BL6,0,0,0.0
GCATTCCGTGGTTTGG-1,OTI,0,0,0.0
GCATTCCGTGTGCCGG-1,OTI,2,139,2.146128035678238
GCATTCGCAAAACTCC-1,OTI,4,13,1.146128035678238
GCATTCGCAAAGCCAA-1,OTI,4,104,2.0211892990699383
GCATTCGCAATACCCG-1,OTI,1,3,0.6020599913279624
GCATTCGCACATCTCC-1,OTI,2,26,1.4313637641589874
GCATTCGCACATTTAG-1,OTI,1,3,0.6020599913279624
GCATTCGCACGCCATA-1,C57BL6,2,31,1.505149978319906
GCATTCGCAGCTTCAG-1,C57BL6,1,1,0.3010299956639812
GCATTGGGTAAATCCA-1,OTI,3,25,1.414973347970818
GCATTGGGTATCTGGG-1,OTI,1,31,1.505149978319906
GCATTGGGTCATACTT-1,OTI,0,0,0.0
GCATTGGGTCTATGTT-1,C57BL6,0,0,0.0
GCATTGGGTGGGTAGG-1,OTI,1,1,0.3010299956639812
GCATTGGGTGGTGGAG-1,OTI,0,0,0.0
GCATTTACAAATACCC-1,OTI,2,8,0.9542425094393249
GCATTTACAACCTATA-1,C57BL6,0,0,0.0
GCATTTACAACGGCAG-1,OTI,10,18,1.2787536009528289
GCATTTACAACGTCGC-1,C57BL6,0,0,0.0
GCATTTACAATGGTCT-1,OTI,3,36,1.568201724066995
GCATTTACACACATAC-1,OTI,4,53,1.7323937598229686
GCATTTACACCGTTTC-1,C57BL6,0,0,0.0
GCATTTACACGAATCT-1,OTI,3,289,2.462397997898956
GCATTTACACGCATCA-1,C57BL6,0,0,0.0
GCATTTACACGTCGTA-1,C57BL6,1,41,1.6232492903979006
GCATTTACACTCAATA-1,C57BL6,1,7,0.9030899869919435
GCATTTACAGGACACG-1,C57BL6,0,0,0.0
GCATTTACAGTGAAAT-1,OTI,0,0,0.0
GCATTTACAGTGCAGG-1,OTI,0,0,0.0
GCCAAATGTAGGCAGG-1,OTI,2,263,2.4216039268698313
GCCAAATGTCAAGGCC-1,OTI,3,47,1.6812412373755872
GCCAAATGTCAGCGTA-1,C57BL6,1,1,0.3010299956639812
GCCAAATGTCCAACTC-1,OTI,4,259,2.4149733479708178
GCCAAATGTGCCCGAG-1,OTI,1,2,0.47712125471966244
GCCAACCCAAACACCT-1,C57BL6,1,4,0.6989700043360189
GCCAACCCAAACCTTA-1,C57BL6,0,0,0.0
GCCAACCCAAGCGCTC-1,OTI,3,21,1.3424226808222062
GCCAACCCAAGGCACG-1,OTI,2,418,2.622214022966295
GCCAACCCACGCGACT-1,OTI,3,319,2.505149978319906
GCCAACCCACTGCAAT-1,OTI,2,32,1.5185139398778875
GCCAACCCAGCCTCTT-1,OTI,1,11,1.0791812460476249
GCCAAGGCAATGCTTA-1,C57BL6,0,0,0.0
GCCAAGGCACAGCTCA-1,OTI,1,18,1.2787536009528289
GCCAAGGCACTGGGAG-1,C57BL6,1,1,0.3010299956639812
GCCAAGGCAGCAGCGA-1,OTI,1,10,1.0413926851582251
GCCAATATCAGCTGTA-1,C57BL6,0,0,0.0
GCCAATATCATAGTAC-1,OTI,3,250,2.399673721481038
GCCAATATCCCGTGTC-1,C57BL6,1,13,1.146128035678238
GCCAATATCGCAAGTC-1,C57BL6,0,0,0.0
GCCAATATCGCACCCT-1,OTI,9,296,2.4727564493172123
GCCAATATCGGAATGG-1,OTI,1,58,1.7708520116421442
GCCAATTCAACGCGAG-1,C57BL6,0,0,0.0
GCCAATTCAATCACGT-1,C57BL6,0,0,0.0
GCCAATTCAATCGGCC-1,C57BL6,0,0,0.0
GCCAATTCAATGCGCC-1,OTI,0,0,0.0
GCCAATTCACGATAGA-1,OTI,1,7,0.9030899869919435
GCCAATTCACGTAAAG-1,OTI,3,86,1.9395192526186185
GCCAATTCAGTAGCCC-1,OTI,1,8,0.9542425094393249
GCCACATAGACAGACG-1,OTI,3,77,1.8920946026904804
GCCACATAGAGAATCA-1,OTI,3,22,1.3617278360175928
GCCACATAGCAATGTT-1,OTI,2,325,2.513217600067939
GCCACATAGCTGGTCG-1,OTI,7,40,1.6127838567197355
GCCACATAGGCAATCC-1,C57BL6,2,16,1.2304489213782739
GCCACATAGGTACGTC-1,OTI,6,814,2.9111576087399764
GCCACTACAAATTCCA-1,OTI,1,3,0.6020599913279624
GCCACTACACCACAGC-1,OTI,4,54,1.7403626894942439
GCCACTACACGCAACC-1,OTI,4,68,1.8388490907372552
GCCACTACACGGTCGT-1,OTI,2,89,1.954242509439325
GCCACTACACTATCCC-1,OTI,3,15,1.2041199826559248
GCCACTACAGGGCTCT-1,OTI,5,159,2.2041199826559246
GCCACTACAGTATAGG-1,OTI,2,684,2.8356905714924254
GCCACTCTCAGACAGG-1,OTI,1,1,0.3010299956639812
GCCACTCTCAGCCGTG-1,OTI,0,0,0.0
GCCACTCTCCAATGCA-1,C57BL6,0,0,0.0
GCCACTCTCCAATTCC-1,OTI,2,25,1.414973347970818
GCCACTCTCCTACGCC-1,C57BL6,0,0,0.0
GCCACTCTCCTCCTTC-1,OTI,5,74,1.8750612633917
GCCACTCTCCTCGAAA-1,OTI,3,116,2.0681858617461617
GCCACTCTCGCAGTAC-1,OTI,3,29,1.4771212547196624
GCCACTCTCGGGCAAA-1,OTI,2,5,0.7781512503836436
GCCACTTGTAAACGCT-1,OTI,3,68,1.8388490907372552
GCCACTTGTAAGGCCC-1,OTI,6,332,2.5224442335063197
GCCACTTGTACACTCC-1,C57BL6,0,0,0.0
GCCACTTGTAGCGTAT-1,OTI,3,28,1.462397997898956
GCCACTTGTATTATCC-1,OTI,0,0,0.0
GCCACTTGTCCGCCTA-1,OTI,3,57,1.7634279935629373
GCCACTTGTGTGTTGG-1,C57BL6,2,29,1.4771212547196624
GCCATAATCAATCATA-1,C57BL6,0,0,0.0
GCCATAATCACTCCGC-1,OTI,0,0,0.0
GCCATAATCACTTCGT-1,OTI,0,0,0.0
GCCATAATCCAAGCTA-1,OTI,1,6,0.8450980400142568
GCCATAATCCAGCCCT-1,OTI,1,23,1.380211241711606
GCCATAATCCCTCGGT-1,C57BL6,1,3,0.6020599913279624
GCCATAATCGCACGTG-1,C57BL6,1,10,1.0413926851582251
GCCATAATCGGATACC-1,OTI,0,0,0.0
GCCATAATCGGGCTTG-1,OTI,1,3,0.6020599913279624
GCCATAATCGTTAGCA-1,OTI,2,9,1.0
GCCATACAGACGTCCG-1,OTI,0,0,0.0
GCCATACAGCCATCGG-1,C57BL6,0,0,0.0
GCCATACAGGCACGTT-1,C57BL6,1,4,0.6989700043360189
GCCATACAGGCTCTAA-1,OTI,4,206,2.315970345456918
GCCATAGGTAAAGCTC-1,OTI,4,74,1.8750612633917
GCCATAGGTAACATGC-1,C57BL6,1,3,0.6020599913279624
GCCATAGGTAAGCCCA-1,C57BL6,0,0,0.0
GCCATAGGTAAGTTTG-1,OTI,2,118,2.0755469613925306
GCCATAGGTACATTCT-1,C57BL6,1,1,0.3010299956639812
GCCATAGGTAGAGTGA-1,OTI,0,0,0.0
GCCATAGGTATTCGGG-1,OTI,5,96,1.9867717342662448
GCCATAGGTCCCTTGG-1,OTI,6,67,1.8325089127062364
GCCATAGGTCCTGTAC-1,OTI,1,64,1.8129133566428555
GCCATAGGTGCCTTTA-1,C57BL6,0,0,0.0
GCCATATCAAACATAA-1,C57BL6,0,0,0.0
GCCATATCAAATTAAG-1,OTI,2,26,1.4313637641589874
GCCATATCAACGCTCA-1,OTI,7,72,1.863322860120456
GCCATATCAAGTATCC-1,OTI,5,102,2.012837224705172
GCCATATCAAGTGTTC-1,OTI,5,22,1.3617278360175928
GCCATATCAATCTCTT-1,OTI,4,18,1.2787536009528289
GCCATATCAATGCTTA-1,OTI,3,35,1.5563025007672873
GCCATATCACACCTCT-1,C57BL6,0,0,0.0
GCCATCGAGAAGGTTA-1,OTI,4,58,1.7708520116421442
GCCATCGAGACAATGA-1,OTI,1,39,1.6020599913279623
GCCATCGAGAGTCGTC-1,OTI,6,81,1.9138138523837167
GCCATCGAGCATGTAT-1,OTI,0,0,0.0
GCCATCGAGGGATGAT-1,OTI,7,76,1.8864907251724818
GCCATGGTCACAACTG-1,OTI,2,31,1.505149978319906
GCCATGGTCACTTGTC-1,C57BL6,1,7,0.9030899869919435
GCCATGGTCCACTACT-1,C57BL6,1,4,0.6989700043360189
GCCATGGTCCTCTAGT-1,C57BL6,0,0,0.0
GCCATGGTCGGGCTAT-1,C57BL6,0,0,0.0
GCCATGGTCGGGCTCA-1,OTI,2,9,1.0
GCCATGTAGACCTTTC-1,C57BL6,1,9,1.0
GCCATGTAGAGCTTTG-1,C57BL6,0,0,0.0
GCCATGTAGATCCACA-1,C57BL6,2,9,1.0
GCCATGTAGCCTTAGA-1,C57BL6,2,28,1.462397997898956
GCCATGTAGCGAATTT-1,OTI,3,17,1.255272505103306
GCCATGTAGCGGAATG-1,C57BL6,1,3,0.6020599913279624
GCCATGTAGGTAGAAC-1,C57BL6,3,7,0.9030899869919435
GCCATTAAGAAATTGG-1,OTI,2,124,2.0969100130080562
GCCATTAAGACAGTTT-1,OTI,3,65,1.8195439355418688
GCCATTAAGCAAACGG-1,OTI,0,0,0.0
GCCATTAAGCACGTAC-1,OTI,2,6,0.8450980400142568
GCCATTAAGCATACAT-1,C57BL6,0,0,0.0
GCCATTAAGGTAGGGC-1,OTI,0,0,0.0
GCCATTCGTAAACGCT-1,OTI,1,12,1.1139433523068367
GCCATTCGTCATAAGC-1,C57BL6,1,46,1.6720978579357175
GCCATTCGTCGACTCT-1,C57BL6,0,0,0.0
GCCATTCGTCGACTTC-1,C57BL6,0,0,0.0
GCCATTCGTGGGATAA-1,C57BL6,2,17,1.255272505103306
GCCATTCGTGTGAGTT-1,C57BL6,0,0,0.0
GCCCAACCAACAGGAC-1,OTI,1,10,1.0413926851582251
GCCCAACCAACGTAAG-1,C57BL6,0,0,0.0
GCCCAACCAACGTACT-1,C57BL6,0,0,0.0
GCCCAACCAAGACAGC-1,C57BL6,0,0,0.0
GCCCAACCAAGGGTCG-1,OTI,5,257,2.41161970596323
GCCCAACCAAGTAAAC-1,C57BL6,3,4,0.6989700043360189
GCCCAACCAATGATCC-1,OTI,4,47,1.6812412373755872
GCCCAACCACATGCCA-1,OTI,9,524,2.720159303405957
GCCCAATAGCTCAGGT-1,OTI,2,7,0.9030899869919435
GCCCAATAGCTTGATG-1,OTI,11,99,2.0
GCCCAATAGGGGGTAC-1,OTI,0,0,0.0
GCCCAATAGGTCCAAC-1,OTI,4,36,1.568201724066995
GCCCACAAGAAACTAG-1,OTI,0,0,0.0
GCCCACAAGAAGCCAG-1,OTI,2,35,1.5563025007672873
GCCCACAAGAGCAACG-1,OTI,7,234,2.3710678622717363
GCCCACAAGATTCAGT-1,C57BL6,1,10,1.0413926851582251
GCCCACAAGATTCGAT-1,C57BL6,1,2,0.47712125471966244
GCCCACAAGGTTCAGC-1,C57BL6,0,0,0.0
GCCCATACAGCTACCA-1,C57BL6,1,5,0.7781512503836436
GCCCATACAGGGGCTA-1,C57BL6,0,0,0.0
GCCCATACAGTCACGC-1,C57BL6,0,0,0.0
GCCCATTGTACTACCC-1,OTI,2,51,1.7160033436347992
GCCCATTGTAGCTTCC-1,OTI,0,0,0.0
GCCCATTGTCTGCAAG-1,C57BL6,2,60,1.7853298350107671
GCCCATTGTGTAATTG-1,OTI,2,7,0.9030899869919435
GCCCCAAAGAAGGGCC-1,OTI,2,397,2.5998830720736876
GCCCCAAAGAGGCGGT-1,OTI,9,66,1.8260748027008264
GCCCCAAAGCAGCCAT-1,OTI,7,119,2.0791812460476247
GCCCCAAAGCAGTATT-1,OTI,2,6,0.8450980400142568
GCCCCAAAGCGTAGAG-1,OTI,1,86,1.9395192526186185
GCCCCAAAGGGAAATC-1,C57BL6,0,0,0.0
GCCCCAAAGGGGATTG-1,OTI,2,5,0.7781512503836436
GCCCCATTCACTCGTT-1,OTI,2,106,2.0293837776852097
GCCCCATTCAGCATCA-1,OTI,2,22,1.3617278360175928
GCCCCATTCATAGCGC-1,C57BL6,1,4,0.6989700043360189
GCCCCATTCATGTCAG-1,C57BL6,0,0,0.0
GCCCCATTCGTAACTG-1,C57BL6,1,8,0.9542425094393249
GCCCCGTGTACGTTCC-1,C57BL6,0,0,0.0
GCCCCGTGTACTCCCG-1,OTI,2,98,1.99563519459755
GCCCCGTGTCGTCAGA-1,OTI,3,9,1.0
GCCCCGTGTGTATCTT-1,C57BL6,0,0,0.0
GCCCCTAGTACCATGG-1,OTI,2,76,1.8864907251724818
GCCCCTAGTACGCGCG-1,OTI,3,3,0.6020599913279624
GCCCCTAGTGCCATAG-1,OTI,3,29,1.4771212547196624
GCCCCTAGTGGAGTAA-1,OTI,6,158,2.2013971243204513
GCCCCTAGTGGCGAAG-1,C57BL6,1,17,1.255272505103306
GCCCCTAGTGGTTCGA-1,OTI,1,10,1.0413926851582251
GCCCCTAGTGTAGAAG-1,C57BL6,0,0,0.0
GCCCGAGGTAGGATAG-1,OTI,3,60,1.7853298350107671
GCCCGAGGTATAGCGT-1,C57BL6,1,15,1.2041199826559248
GCCCGAGGTCACTTAT-1,OTI,3,19,1.3010299956639813
GCCCGAGGTCTAGGTG-1,C57BL6,0,0,0.0
GCCCGAGGTGCCAAAT-1,C57BL6,0,0,0.0
GCCCGTAAGAAGGGTT-1,OTI,8,204,2.311753861055754
GCCCGTAAGATTACAC-1,OTI,4,67,1.8325089127062364
GCCCGTAAGGGACGAC-1,OTI,2,35,1.5563025007672873
GCCCGTCGTACCTGCT-1,C57BL6,0,0,0.0
GCCCGTCGTATGTCGG-1,OTI,1,8,0.9542425094393249
GCCCGTCGTCATGGGC-1,OTI,1,24,1.3979400086720377
GCCCGTCGTCGTGTTC-1,C57BL6,1,5,0.7781512503836436
GCCCGTCGTCTCCGGC-1,C57BL6,4,5,0.7781512503836436
GCCCGTTTCATTAACA-1,OTI,4,225,2.3541084391474008
GCCCGTTTCGCGCATG-1,C57BL6,1,6,0.8450980400142568
GCCCGTTTCGCTTCAT-1,OTI,2,13,1.146128035678238
GCCCGTTTCGGATCAC-1,OTI,0,0,0.0
GCCCTAACAAAAGTTA-1,C57BL6,1,21,1.3424226808222062
GCCCTAACACTCCACT-1,OTI,0,0,0.0
GCCCTAACAGTGAAAT-1,C57BL6,0,0,0.0
GCCCTACTCACCAATG-1,OTI,3,46,1.6720978579357175
GCCCTACTCGTGGTTA-1,OTI,6,80,1.9084850188786497
GCCCTATGTACAAGCT-1,OTI,1,37,1.5797835966168101
GCCCTATGTACCCATC-1,C57BL6,0,0,0.0
GCCCTATGTGCGGTTA-1,C57BL6,1,4,0.6989700043360189
GCCCTATGTGGCGGTT-1,OTI,1,91,1.9637878273455553
GCCCTGAAGAGAGGTT-1,C57BL6,1,5,0.7781512503836436
GCCCTGAAGGCGCATT-1,OTI,1,2,0.47712125471966244
GCCCTTATCAACGCAC-1,OTI,1,124,2.0969100130080562
GCCCTTATCAGTCAGC-1,OTI,7,147,2.1702617153949575
GCCCTTATCCCACTTG-1,OTI,1,24,1.3979400086720377
GCCCTTATCCCTAATC-1,OTI,2,10,1.0413926851582251
GCCCTTATCCCTACCA-1,OTI,1,731,2.864511081058392
GCCCTTATCGCGTATA-1,OTI,0,0,0.0
GCCTAAATCAGACACC-1,OTI,6,84,1.9294189257142926
GCCTAAATCAGCCCCT-1,OTI,2,55,1.7481880270062005
GCCTAAATCCCTTCCT-1,C57BL6,0,0,0.0
GCCTAAATCCTAAAGT-1,OTI,4,419,2.6232492903979003
GCCTAAATCGCTCCGT-1,OTI,1,1,0.3010299956639812
GCCTACCTCAGCATTG-1,OTI,1,1,0.3010299956639812
GCCTACCTCAGTACAT-1,OTI,0,0,0.0
GCCTACCTCCACTACT-1,C57BL6,1,361,2.558708570533166
GCCTACCTCGGGTCAT-1,OTI,8,100,2.0043213737826426
GCCTACCTCGGTATGC-1,C57BL6,0,0,0.0
GCCTACCTCGGTTCGG-1,OTI,4,64,1.8129133566428555
GCCTATAAGACATCAT-1,C57BL6,0,0,0.0
GCCTATAAGATGGTGG-1,C57BL6,0,0,0.0
GCCTATAAGCCTACGG-1,OTI,1,20,1.3222192947339193
GCCTATAAGCTACGTA-1,C57BL6,6,20,1.3222192947339193
GCCTATAAGCTCCTCA-1,OTI,0,0,0.0
GCCTATCGTAATTGTG-1,C57BL6,0,0,0.0
GCCTATCGTACCATCC-1,OTI,2,6,0.8450980400142568
GCCTATCGTCAGCTTC-1,OTI,5,91,1.9637878273455553
GCCTATCGTCAGGTTG-1,OTI,4,38,1.591064607026499
GCCTATCGTCCAACTC-1,C57BL6,0,0,0.0
GCCTATCGTCGTGCCC-1,C57BL6,0,0,0.0
GCCTATCGTGGTTCGA-1,C57BL6,0,0,0.0
GCCTCGAAGAAAGGTC-1,OTI,4,34,1.5440680443502757
GCCTCGAAGAGACGAT-1,OTI,1,2,0.47712125471966244
GCCTCGAAGATTAAGG-1,OTI,0,0,0.0
GCCTCGAAGCGAATGG-1,OTI,4,369,2.568201724066995
GCCTCGAAGGGGATAT-1,C57BL6,2,24,1.3979400086720377
GCCTCGAAGGTTGATT-1,OTI,5,204,2.311753861055754
GCCTCGCGTAACTAGC-1,OTI,1,20,1.3222192947339193
GCCTCGCGTACGCCGG-1,OTI,6,467,2.670245853074124
GCCTCGCGTATCAGGT-1,OTI,4,78,1.8976270912904414
GCCTCGCGTATTGTCT-1,OTI,1,16,1.2304489213782739
GCCTCGCGTCTGTGGA-1,OTI,0,0,0.0
GCCTCGCGTGGAATCT-1,OTI,1,4,0.6989700043360189
GCCTCGCGTGGCTTTC-1,OTI,0,0,0.0
GCCTCGCGTGGGGCTT-1,OTI,8,227,2.357934847000454
GCCTCGCGTGTCGGCG-1,C57BL6,3,165,2.220108088040055
GCCTCTATCACTCTCG-1,OTI,0,0,0.0
GCCTCTATCATGGCTA-1,OTI,6,146,2.167317334748176
GCCTCTATCCCATCCA-1,OTI,8,336,2.5276299008713385
GCCTCTATCCGCGGTA-1,C57BL6,1,4,0.6989700043360189
GCCTCTATCGGTGGTT-1,OTI,3,191,2.2833012287035497
GCCTCTATCGTAACGC-1,C57BL6,0,0,0.0
GCCTCTGGTCTAATGA-1,OTI,5,162,2.2121876044039577
GCCTCTTCAACTGAGA-1,OTI,2,14,1.1760912590556813
GCCTCTTCAAGCTATC-1,OTI,4,84,1.9294189257142926
GCCTCTTCAATCGAAG-1,OTI,0,0,0.0
GCCTCTTCAATGCGCC-1,C57BL6,3,4,0.6989700043360189
GCCTCTTCAGGGCTTC-1,C57BL6,0,0,0.0
GCCTCTTCAGTGCACC-1,OTI,4,383,2.584331224367531
GCCTGATAGACAAGAC-1,OTI,2,151,2.1818435879447726
GCCTGATAGAGTGTAA-1,OTI,3,67,1.8325089127062364
GCCTGATAGCTCGAAC-1,C57BL6,0,0,0.0
GCCTGATAGGCTTCGG-1,OTI,3,126,2.103803720955957
GCCTGCAAGAAATGGC-1,C57BL6,2,5,0.7781512503836436
GCCTGCAAGCAATCCA-1,OTI,0,0,0.0
GCCTGCAAGCCCATGG-1,OTI,4,47,1.6812412373755872
GCCTGCAAGGCTAAGG-1,OTI,3,121,2.0863598306747484
GCCTGCAAGGGATGAT-1,OTI,9,201,2.305351369446624
GCCTGCAAGGGGTGTA-1,OTI,3,594,2.7745169657285498
GCCTGCAAGGGTGTTC-1,OTI,7,191,2.2833012287035497
GCCTGCAAGGTATGTT-1,OTI,1,9,1.0
GCCTGCAAGGTTGGTC-1,OTI,1,17,1.255272505103306
GCCTGCCGTATCTCGC-1,OTI,8,329,2.5185139398778875
GCCTGCCGTCACCCTG-1,OTI,3,51,1.7160033436347992
GCCTGCCGTCCAGCTT-1,OTI,2,25,1.414973347970818
GCCTGCCGTCGAAGGG-1,OTI,2,17,1.255272505103306
GCCTGCCGTCTGTGGA-1,OTI,0,0,0.0
GCCTGCTTCGCGTAGT-1,C57BL6,0,0,0.0
GCCTGCTTCGTAACGC-1,C57BL6,1,5,0.7781512503836436
GCCTGGGGTGCCAAAT-1,OTI,1,5,0.7781512503836436
GCCTGGGGTGGATGGG-1,OTI,2,180,2.2576785748691846
GCCTGGGGTGTACGTG-1,C57BL6,0,0,0.0
GCCTGGGGTGTGCCGG-1,OTI,0,0,0.0
GCCTTAGCAACCTGCA-1,OTI,4,50,1.7075701760979363
GCCTTAGCAAGCGTTT-1,C57BL6,0,0,0.0
GCCTTAGCAATCGGCC-1,C57BL6,0,0,0.0
GCCTTAGCACAGTTCG-1,OTI,3,64,1.8129133566428555
GCCTTAGCACCTACTC-1,OTI,5,56,1.7558748556724915
GCCTTAGCAGCACACC-1,OTI,0,0,0.0
GCCTTCGGTAAGTGTC-1,OTI,2,364,2.5622928644564746
GCCTTCGGTACCATCC-1,OTI,0,0,0.0
GCCTTCGGTACCTTTG-1,OTI,2,357,2.5538830266438746
GCCTTCGGTCCTAGTC-1,OTI,0,0,0.0
GCCTTCGGTGTTCGAG-1,OTI,0,0,0.0
GCCTTGCTCAACTGCA-1,OTI,2,58,1.7708520116421442
GCCTTGCTCAAGCACC-1,C57BL6,1,3,0.6020599913279624
GCCTTGCTCAAGCTCA-1,OTI,6,362,2.5599066250361124
GCCTTGCTCACCCTGC-1,OTI,2,23,1.380211241711606
GCCTTGCTCAGAAGTA-1,OTI,0,0,0.0
GCCTTGCTCAGTGGCT-1,OTI,1,11,1.0791812460476249
GCCTTGCTCATTAATG-1,OTI,3,532,2.7267272090265724
GCCTTGCTCCCACCGT-1,OTI,6,167,2.225309281725863
GCCTTGCTCGGATTGC-1,C57BL6,1,23,1.380211241711606
GCCTTGCTCGGTATGC-1,OTI,2,50,1.7075701760979363
GCCTTGCTCGTCAAGC-1,OTI,3,436,2.640481436970422
GCCTTGTGTAATTGTG-1,OTI,9,153,2.187520720836463
GCCTTGTGTCAATCCC-1,OTI,0,0,0.0
GCCTTGTGTGGTGATT-1,OTI,6,187,2.27415784926368
GCCTTTAGTACAAGAG-1,OTI,1,11,1.0791812460476249
GCCTTTAGTAGCGCGT-1,OTI,1,4,0.6989700043360189
GCCTTTAGTCGTCTGT-1,C57BL6,1,162,2.2121876044039577
GCCTTTAGTGGTAATC-1,OTI,1,20,1.3222192947339193
GCCTTTAGTGTCCATC-1,OTI,1,8,0.9542425094393249
GCCTTTCCAAAATCAA-1,OTI,3,3,0.6020599913279624
GCCTTTCCAACATACC-1,OTI,0,0,0.0
GCCTTTCCAATGATCC-1,C57BL6,0,0,0.0
GCCTTTCCAGCGCACT-1,C57BL6,1,5,0.7781512503836436
GCCTTTCCAGTATCAC-1,OTI,0,0,0.0
GCCTTTCCAGTGCGAG-1,C57BL6,1,4,0.6989700043360189
GCGAAACCAAAGGGAG-1,C57BL6,2,54,1.7403626894942439
GCGAAACCAAGGGCAT-1,OTI,3,140,2.1492191126553797
GCGAAACCAATTCGAC-1,OTI,1,13,1.146128035678238
GCGAAACCACCACAGC-1,OTI,3,21,1.3424226808222062
GCGAAACCACTGATTA-1,OTI,3,226,2.3560258571931225
GCGAAACCAGTGGCAG-1,C57BL6,1,6,0.8450980400142568
GCGAAAGTCATCGCCC-1,OTI,4,95,1.9822712330395684
GCGAAAGTCATGTCAG-1,C57BL6,0,0,0.0
GCGAAAGTCCGATAGC-1,OTI,0,0,0.0
GCGAAAGTCCGTTTAC-1,OTI,4,45,1.662757831681574
GCGAAAGTCGTCATCT-1,OTI,3,190,2.2810333672477277
GCGAAGCAGAACGGAT-1,C57BL6,0,0,0.0
GCGAAGCAGACAGCGA-1,OTI,5,145,2.164352855784437
GCGAAGCAGAGAGGTT-1,C57BL6,0,0,0.0
GCGAAGCAGAGTTTCG-1,OTI,5,63,1.806179973983887
GCGAAGCAGCACTCCC-1,OTI,0,0,0.0
GCGAAGCAGCCATTGA-1,OTI,5,81,1.9138138523837167
GCGAAGCAGGCTTACA-1,OTI,3,333,2.5237464668115646
GCGAAGGGTAGGCCGT-1,C57BL6,1,14,1.1760912590556813
GCGAAGGGTATAGTCA-1,OTI,8,251,2.401400540781544
GCGAAGGGTATGCTCC-1,C57BL6,0,0,0.0
GCGAAGGGTCCTTGTA-1,OTI,6,45,1.662757831681574
GCGAAGGGTCGCTAAG-1,C57BL6,0,0,0.0
GCGAAGGGTCGCTCGC-1,OTI,4,109,2.041392685158225
GCGAAGGGTCTCCGCA-1,OTI,4,98,1.99563519459755
GCGAAGGGTGCATTCC-1,OTI,2,247,2.3944516808262164
GCGAAGGGTGCGAGAG-1,C57BL6,0,0,0.0
GCGAAGGGTGTCCGCC-1,C57BL6,8,156,2.1958996524092336
GCGAATACAAAAGGAA-1,OTI,1,119,2.0791812460476247
GCGAATACAATAATTC-1,OTI,6,34,1.5440680443502757
GCGAATACAATTAACT-1,OTI,4,102,2.012837224705172
GCGAATACACTACGCA-1,OTI,2,11,1.0791812460476249
GCGAATACAGCCCAAC-1,OTI,1,4,0.6989700043360189
GCGAATACAGTACGGG-1,OTI,1,3,0.6020599913279624
GCGAATACAGTCGCAC-1,OTI,2,27,1.4471580313422192
GCGAATGAGATCTTGG-1,OTI,6,249,2.3979400086720375
GCGAATGAGCCGCTAG-1,OTI,3,21,1.3424226808222062
GCGAATGAGCGGTCCA-1,OTI,3,121,2.0863598306747484
GCGAATGAGGCCATAC-1,OTI,2,72,1.863322860120456
GCGAATTGTACAGGTT-1,OTI,2,29,1.4771212547196624
GCGAATTGTAGAGGCG-1,OTI,0,0,0.0
GCGAATTGTAGGAGGT-1,OTI,0,0,0.0
GCGAATTGTGGAGTGG-1,OTI,1,6,0.8450980400142568
GCGAATTGTGTCATCC-1,OTI,2,17,1.255272505103306
GCGACAGCAACAGAGC-1,C57BL6,0,0,0.0
GCGACAGCACTGCTCT-1,C57BL6,0,0,0.0
GCGACATTCATCCTAC-1,C57BL6,0,0,0.0
GCGACATTCATGTAAC-1,C57BL6,1,4,0.6989700043360189
GCGACATTCCGGTCAG-1,OTI,1,3,0.6020599913279624
GCGACATTCCTGACAA-1,C57BL6,0,0,0.0
GCGACATTCCTGTATC-1,C57BL6,0,0,0.0
GCGACCTCAAGCGCTC-1,C57BL6,0,0,0.0
GCGACCTCAATGGGGT-1,C57BL6,0,0,0.0
GCGACGACACCAAGCC-1,C57BL6,0,0,0.0
GCGACGACACCTCGAA-1,OTI,0,0,0.0
GCGACGACACTACATA-1,OTI,3,93,1.9731278535996986
GCGACGACACTCGGTA-1,OTI,9,687,2.837588438235511
GCGAGAGGTACTTCTG-1,OTI,4,267,2.428134794028789
GCGAGAGGTAGGGTAA-1,OTI,3,466,2.6693168805661123
GCGAGAGGTATCAGGT-1,OTI,5,216,2.3364597338485296
GCGAGAGGTATCGCAG-1,OTI,0,0,0.0
GCGAGAGGTCAAAGGA-1,OTI,3,11,1.0791812460476249
GCGAGGAGTCTGTACC-1,OTI,5,14,1.1760912590556813
GCGAGGAGTGCCTCGC-1,OTI,3,73,1.8692317197309762
GCGAGTAAGACCCCAG-1,C57BL6,0,0,0.0
GCGAGTAAGCAATACT-1,OTI,1,3,0.6020599913279624
GCGAGTAAGCGAATGG-1,OTI,0,0,0.0
GCGAGTAAGCTAAACT-1,C57BL6,0,0,0.0
GCGAGTAAGGCATCAC-1,C57BL6,0,0,0.0
GCGAGTTTCAATCCTC-1,OTI,1,12,1.1139433523068367
GCGAGTTTCAGGTGTC-1,C57BL6,4,98,1.99563519459755
GCGATAACAATACCTA-1,OTI,5,49,1.6989700043360187
GCGATAACAATCCAAC-1,OTI,1,7,0.9030899869919435
GCGATAACACGTCGGT-1,C57BL6,1,8,0.9542425094393249
GCGATAACAGGTAACA-1,OTI,4,294,2.469822015978163
GCGATAACAGGTCATT-1,C57BL6,4,4,0.6989700043360189
GCGATAGAGCAAGCCT-1,C57BL6,1,2,0.47712125471966244
GCGATAGAGCAAGCGA-1,OTI,4,44,1.6532125137753437
GCGATAGAGCGATGGA-1,OTI,2,40,1.6127838567197355
GCGATAGAGGCACGAA-1,OTI,2,8,0.9542425094393249
GCGATAGAGGCATCGT-1,C57BL6,1,4,0.6989700043360189
GCGATAGAGGCTAAGG-1,C57BL6,0,0,0.0
GCGATAGAGGCTCATA-1,OTI,2,15,1.2041199826559248
GCGATGCGTAACAGGA-1,C57BL6,0,0,0.0
GCGATGCGTAAGTCCG-1,C57BL6,2,3,0.6020599913279624
GCGATGCGTAGCCTTC-1,OTI,8,139,2.146128035678238
GCGATGCGTAGGGGAT-1,OTI,2,7,0.9030899869919435
GCGATGCGTAGTTAGC-1,C57BL6,0,0,0.0
GCGATGCGTCTAACGG-1,OTI,1,8,0.9542425094393249
GCGATGCGTCTGACTC-1,C57BL6,0,0,0.0
GCGATGCGTCTTAGTT-1,OTI,3,32,1.5185139398778875
GCGATGCGTGCTTCGT-1,C57BL6,1,2,0.47712125471966244
GCGATGCGTGGTTAGT-1,OTI,6,53,1.7323937598229686
GCGATGCGTGTCTTAT-1,C57BL6,0,0,0.0
GCGATGCGTGTGTTGG-1,OTI,4,152,2.184691430817599
GCGATGTTCACTTCTA-1,OTI,10,101,2.0086001717619175
GCGATGTTCAGGTTCA-1,OTI,2,23,1.380211241711606
GCGATGTTCATAATTG-1,OTI,4,417,2.621176281775035
GCGATGTTCATTCGTC-1,OTI,2,15,1.2041199826559248
GCGATGTTCCATCTAC-1,OTI,1,121,2.0863598306747484
GCGATGTTCCCCACTA-1,OTI,1,3,0.6020599913279624
GCGATGTTCCCGCCAT-1,OTI,0,0,0.0
GCGATGTTCCTTGTGT-1,OTI,5,76,1.8864907251724818
GCGATGTTCGTATCGA-1,OTI,0,0,0.0
GCGCAATTCAAATGTC-1,OTI,2,71,1.8573324964312685
GCGCAATTCAACTCCT-1,OTI,2,301,2.4800069429571505
GCGCAATTCAGTGGCT-1,OTI,0,0,0.0
GCGCAATTCCCACAGG-1,OTI,3,54,1.7403626894942439
GCGCAATTCCGGAAAG-1,OTI,5,109,2.041392685158225
GCGCAATTCCTCTGAT-1,OTI,5,77,1.8920946026904804
GCGCAATTCCTTGTGT-1,OTI,2,113,2.0569048513364727
GCGCAATTCGGTTGTA-1,OTI,10,28,1.462397997898956
GCGCACTCAAGAGACC-1,OTI,0,0,0.0
GCGCACTCAATTAACT-1,OTI,2,348,2.5428254269591797
GCGCACTCACGCCAAC-1,OTI,1,1,0.3010299956639812
GCGCACTCACTATACA-1,OTI,1,19,1.3010299956639813
GCGCACTCAGCTCGGT-1,C57BL6,6,7,0.9030899869919435
GCGCATCCAAACCGGG-1,OTI,1,20,1.3222192947339193
GCGCATCCAACCCTCT-1,C57BL6,0,0,0.0
GCGCATCCAACGTGCC-1,C57BL6,1,6,0.8450980400142568
GCGCATCCAAGAATAC-1,OTI,3,66,1.8260748027008264
GCGCATCCACATCGCA-1,C57BL6,0,0,0.0
GCGCATCCACGTATCG-1,C57BL6,0,0,0.0
GCGCATCCAGGTGCGA-1,OTI,1,5,0.7781512503836436
GCGCATGTCAACAGGG-1,OTI,0,0,0.0
GCGCATGTCAGCAATT-1,OTI,4,249,2.3979400086720375
GCGCATGTCAGTGAAA-1,OTI,0,0,0.0
GCGCATGTCCAAGCGT-1,OTI,0,0,0.0
GCGCATGTCGCGGTTG-1,OTI,0,0,0.0
GCGCATGTCGGTTATG-1,C57BL6,0,0,0.0
GCGCATTAGAAACGTA-1,OTI,4,101,2.0086001717619175
GCGCATTAGAATACGA-1,OTI,5,160,2.2068258760318495
GCGCATTAGAGGAGCC-1,C57BL6,0,0,0.0
GCGCATTAGCCTTTAC-1,C57BL6,2,27,1.4471580313422192
GCGCATTAGGCTAGAG-1,C57BL6,1,14,1.1760912590556813
GCGCATTAGGTAAGTA-1,C57BL6,0,0,0.0
GCGCCTCGTACTTAAG-1,OTI,4,32,1.5185139398778875
GCGCCTCGTATGAGCT-1,C57BL6,0,0,0.0
GCGCCTCGTATGCCAG-1,C57BL6,0,0,0.0
GCGCCTCGTCGATGGC-1,OTI,1,11,1.0791812460476249
GCGCCTCGTGTCGTGA-1,OTI,3,68,1.8388490907372552
GCGCCTCGTGTTAATG-1,C57BL6,0,0,0.0
GCGCCTTTCCAGGATC-1,OTI,0,0,0.0
GCGCCTTTCCATACCT-1,C57BL6,0,0,0.0
GCGCGAACAATCACTA-1,C57BL6,0,0,0.0
GCGCGAACACAAGGGT-1,OTI,0,0,0.0
GCGCGAACACGTACAT-1,OTI,0,0,0.0
GCGCGAACAGGCCTTA-1,C57BL6,0,0,0.0
GCGCGATGTAAGCATC-1,OTI,3,28,1.462397997898956
GCGCGATGTACTATAG-1,OTI,8,65,1.8195439355418688
GCGCGATGTCATGGAT-1,OTI,2,24,1.3979400086720377
GCGCGATGTCGTAGGC-1,OTI,3,42,1.6334684555795864
GCGCGATGTGGGGAAT-1,C57BL6,0,0,0.0
GCGCGATGTGGTGTCA-1,C57BL6,1,11,1.0791812460476249
GCGCGTATCACTCTGT-1,OTI,6,93,1.9731278535996986
GCGCGTATCATCCTAC-1,OTI,4,33,1.5314789170422551
GCGCGTATCATCGGCG-1,OTI,4,57,1.7634279935629373
GCGCGTATCATTAAGC-1,OTI,8,89,1.954242509439325
GCGCGTATCGCTAACA-1,OTI,5,160,2.2068258760318495
GCGCGTATCGGAGGTA-1,C57BL6,1,1,0.3010299956639812
GCGCGTATCGTAAGCC-1,C57BL6,1,2,0.47712125471966244
GCGCGTATCGTCCAAA-1,OTI,0,0,0.0
GCGCTACCAACCTTAA-1,C57BL6,1,9,1.0
GCGCTACCAACTCTCC-1,OTI,2,12,1.1139433523068367
GCGCTACCAATCTTAG-1,OTI,0,0,0.0
GCGCTACCACCCATTC-1,OTI,1,115,2.0644579892269186
GCGCTACCACCTAGCA-1,OTI,4,64,1.8129133566428555
GCGCTACCACCTGCTT-1,OTI,0,0,0.0
GCGCTACCAGCTATCG-1,OTI,3,44,1.6532125137753437
GCGCTACCAGGAAGCT-1,C57BL6,0,0,0.0
GCGCTCAAGATACCCA-1,OTI,3,42,1.6334684555795864
GCGCTCAAGCAATTGT-1,OTI,4,167,2.225309281725863
GCGCTCAAGCACTTTC-1,C57BL6,1,1,0.3010299956639812
GCGCTCAAGCAGGCTT-1,OTI,5,136,2.1367205671564067
GCGCTCAAGCAGGGTA-1,C57BL6,1,4,0.6989700043360189
GCGCTCAAGCGGAATG-1,OTI,0,0,0.0
GCGCTCCGTAACGTCG-1,OTI,2,36,1.568201724066995
GCGCTCCGTACTAATG-1,OTI,1,15,1.2041199826559248
GCGCTCCGTAGCCAGC-1,C57BL6,0,0,0.0
GCGCTCCGTAGTAAGG-1,C57BL6,0,0,0.0
GCGCTCCGTCAATTCT-1,C57BL6,0,0,0.0
GCGCTCCGTCGGCTCC-1,OTI,2,46,1.6720978579357175
GCGCTGGGTAACTTTC-1,OTI,3,23,1.380211241711606
GCGCTGGGTAAGGAAT-1,OTI,0,0,0.0
GCGCTGGGTACCACGA-1,C57BL6,1,1,0.3010299956639812
GCGCTGGGTATAGCGT-1,OTI,5,38,1.591064607026499
GCGCTGGGTCCACGGG-1,OTI,7,154,2.1903316981702914
GCGCTGGGTGGACTAT-1,OTI,2,23,1.380211241711606
GCGCTGGGTGGCGTGT-1,C57BL6,1,1,0.3010299956639812
GCGCTTACACACCGTA-1,OTI,0,0,0.0
GCGCTTACACATCAGT-1,OTI,1,8,0.9542425094393249
GCGCTTACAGGTAAAT-1,OTI,1,4,0.6989700043360189
GCGCTTACAGTACGGG-1,OTI,8,309,2.4913616938342726
GCGCTTGAGCTATTGG-1,C57BL6,2,6,0.8450980400142568
GCGCTTGAGGCATAGG-1,OTI,2,10,1.0413926851582251
GCGCTTGAGGGGGCAT-1,OTI,1,44,1.6532125137753437
GCGGAAATCACGCTAA-1,OTI,1,10,1.0413926851582251
GCGGAAATCAGTGATT-1,OTI,3,140,2.1492191126553797
GCGGAAATCCCACATT-1,OTI,4,32,1.5185139398778875
GCGGAAATCGCGGAAA-1,OTI,2,71,1.8573324964312685
GCGGACACACTTAGTA-1,OTI,1,7,0.9030899869919435
GCGGACACAGGGCTCT-1,OTI,3,13,1.146128035678238
GCGGACACAGTGGCGA-1,OTI,3,168,2.2278867046136734
GCGGACACAGTTCTCC-1,OTI,1,19,1.3010299956639813
GCGGAGAGTAATTGGC-1,C57BL6,0,0,0.0
GCGGAGAGTACTTGGG-1,OTI,5,143,2.1583624920952498
GCGGAGAGTATCGGGC-1,C57BL6,0,0,0.0
GCGGAGAGTATCTTGT-1,OTI,0,0,0.0
GCGGAGAGTATTCGGG-1,OTI,2,29,1.4771212547196624
GCGGAGAGTATTGGGT-1,OTI,1,1,0.3010299956639812
GCGGAGAGTCCAGTTC-1,OTI,2,36,1.568201724066995
GCGGAGAGTCCGCCTA-1,OTI,0,0,0.0
GCGGAGAGTCGCCCGT-1,OTI,0,0,0.0
GCGGAGAGTCGCGCTC-1,C57BL6,2,2,0.47712125471966244
GCGGAGAGTGTAGGTT-1,OTI,0,0,0.0
GCGGAGTAGAGTGTAA-1,OTI,1,6,0.8450980400142568
GCGGAGTAGATGCGAG-1,OTI,1,7,0.9030899869919435
GCGGAGTAGCCGCCAA-1,OTI,3,94,1.9777236052888478
GCGGAGTAGCCGTCAG-1,OTI,2,22,1.3617278360175928
GCGGAGTAGCGTAACC-1,OTI,4,40,1.6127838567197355
GCGGAGTAGGCTTTAG-1,OTI,3,328,2.5171958979499744
GCGGATAAGAACGGGC-1,OTI,0,0,0.0
GCGGATAAGAATACGA-1,C57BL6,0,0,0.0
GCGGATAAGCCCACGA-1,OTI,2,9,1.0
GCGGATAAGCCTGCAG-1,OTI,0,0,0.0
GCGGATAAGGCCATCG-1,OTI,4,382,2.583198773968623
GCGGATAAGGGTGAAT-1,OTI,2,55,1.7481880270062005
GCGGATTTCCACCCTA-1,C57BL6,1,8,0.9542425094393249
GCGGATTTCCTTATCA-1,OTI,3,213,2.330413773349191
GCGGATTTCGTTGCTT-1,C57BL6,0,0,0.0
GCGGCTATCCCATCGC-1,OTI,6,130,2.1172712956557644
GCGGGATAGAATTCCG-1,OTI,6,243,2.387389826338729
GCGGGATAGGCAATCC-1,OTI,13,555,2.7450747915820575
GCGGGATAGGCACAAG-1,OTI,4,41,1.6232492903979006
GCGGGATAGGGAGCTA-1,OTI,2,24,1.3979400086720377
GCGGGTACAACTTTAG-1,OTI,4,183,2.2648178230095364
GCGGGTACAAGTCGAA-1,OTI,1,4,0.6989700043360189
GCGGGTACACAACTAC-1,C57BL6,0,0,0.0
GCGGGTACACCACTCT-1,OTI,3,75,1.8808135922807914
GCGGGTACACCTTGAG-1,OTI,4,279,2.4471580313422194
GCGGGTACAGCGTAGG-1,OTI,1,7,0.9030899869919435
GCGGGTTGTACATCTT-1,C57BL6,1,1,0.3010299956639812
GCGGGTTGTACTGGGC-1,OTI,5,127,2.1072099696478683
GCGGGTTGTAGCGTTG-1,C57BL6,7,51,1.7160033436347992
GCGGGTTGTCACACCT-1,OTI,3,44,1.6532125137753437
GCGGGTTGTGCTGCCC-1,OTI,3,105,2.0253058652647704
GCGGTAAAGAACGTAA-1,OTI,0,0,0.0
GCGGTAAAGCACTACA-1,C57BL6,1,18,1.2787536009528289
GCGGTAAAGCATTGCA-1,OTI,0,0,0.0
GCGGTAAAGCTCGAGT-1,OTI,3,44,1.6532125137753437
GCGGTAAAGGCACGAA-1,C57BL6,3,18,1.2787536009528289
GCGGTAGCAACCATCG-1,OTI,1,12,1.1139433523068367
GCGGTAGCAACTTAGC-1,OTI,5,133,2.1271047983648077
GCGGTAGCACCTCTTA-1,OTI,5,163,2.214843848047698
GCGGTATTCAATCTGG-1,C57BL6,1,6,0.8450980400142568
GCGGTATTCACATATA-1,C57BL6,0,0,0.0
GCGGTATTCATACTAA-1,OTI,5,420,2.6242820958356683
GCGGTATTCCACGTAA-1,OTI,2,43,1.6434526764861874
GCGGTATTCCGGTAAC-1,OTI,3,36,1.568201724066995
GCGGTCTCAATGACCT-1,OTI,4,100,2.0043213737826426
GCGGTCTCACAATCAC-1,C57BL6,1,7,0.9030899869919435
GCGGTCTCACGTTCGA-1,OTI,9,137,2.1398790864012365
GCGGTCTCACTTAGCG-1,OTI,1,4,0.6989700043360189
GCGGTCTCAGGCGACA-1,OTI,2,112,2.0530784434834195
GCGGTCTCAGGTTCAT-1,OTI,4,111,2.0492180226701815
GCGGTCTCAGTAAAGT-1,OTI,0,0,0.0
GCGGTCTCAGTACGCC-1,OTI,2,190,2.2810333672477277
GCGGTTAGTAAACCGT-1,OTI,3,44,1.6532125137753437
GCGGTTAGTACTGCAG-1,C57BL6,0,0,0.0
GCGGTTAGTACTGGGC-1,OTI,5,142,2.155336037465062
GCGGTTAGTAGTCCGA-1,C57BL6,0,0,0.0
GCGGTTAGTAGTCGCA-1,C57BL6,0,0,0.0
GCGGTTAGTATACTTC-1,OTI,2,7,0.9030899869919435
GCGGTTAGTCGAAGCC-1,OTI,2,12,1.1139433523068367
GCGGTTAGTCTAAGGT-1,C57BL6,0,0,0.0
GCGGTTAGTGGCTAAT-1,OTI,2,40,1.6127838567197355
GCGGTTAGTGTTAAGC-1,OTI,1,2,0.47712125471966244
GCGGTTGTCAATTATG-1,OTI,6,134,2.130333768495006
GCGGTTGTCCCACTTG-1,OTI,0,0,0.0
GCGGTTGTCCCAGTAA-1,OTI,6,85,1.9344984512435677
GCGGTTGTCGGCTAAC-1,C57BL6,6,9,1.0
GCGGTTGTCGGTAGCT-1,C57BL6,0,0,0.0
GCGGTTGTCGTAGTCA-1,C57BL6,2,10,1.0413926851582251
GCGGTTTAGCCAAATT-1,OTI,1,6,0.8450980400142568
GCGGTTTAGGCCATTA-1,OTI,4,35,1.5563025007672873
GCGTAACTCAATGGTT-1,C57BL6,1,11,1.0791812460476249
GCGTAACTCCAAATTA-1,OTI,1,5,0.7781512503836436
GCGTAACTCGGGTATC-1,OTI,4,225,2.3541084391474008
GCGTAGAAGAGACGCA-1,OTI,0,0,0.0
GCGTAGAAGATGGAGT-1,OTI,6,439,2.6434526764861874
GCGTAGAAGATGGGAT-1,C57BL6,0,0,0.0
GCGTAGAAGCATGTTG-1,C57BL6,1,5,0.7781512503836436
GCGTAGAAGCTCGAGT-1,C57BL6,2,30,1.4913616938342726
GCGTAGAAGGCGTCCA-1,C57BL6,3,8,0.9542425094393249
GCGTAGAAGGTTGGAG-1,C57BL6,1,4,0.6989700043360189
GCGTAGCGTACAGCGC-1,C57BL6,3,46,1.6720978579357175
GCGTAGCGTATCAATG-1,OTI,2,85,1.9344984512435677
GCGTAGCGTCAAAGCT-1,OTI,3,133,2.1271047983648077
GCGTAGCGTCATCTCA-1,OTI,3,96,1.9867717342662448
GCGTAGCGTGCCATTC-1,OTI,4,124,2.0969100130080562
GCGTAGGCAAAACTCC-1,OTI,3,49,1.6989700043360187
GCGTAGGCAAAGGAGG-1,OTI,3,103,2.0170333392987803
GCGTAGGCAACTCGCA-1,C57BL6,0,0,0.0
GCGTAGGCAAGTGTCT-1,C57BL6,0,0,0.0
GCGTAGGCACCACACA-1,C57BL6,2,4,0.6989700043360189
GCGTAGGCACCGACTA-1,OTI,2,171,2.2355284469075487
GCGTAGGCACGGTGTC-1,C57BL6,0,0,0.0
GCGTAGGCAGCACCTA-1,C57BL6,1,16,1.2304489213782739
GCGTAGTTCAGACATT-1,OTI,3,460,2.663700925389648
GCGTAGTTCAGCATCA-1,C57BL6,0,0,0.0
GCGTAGTTCATAGTCG-1,OTI,1,50,1.7075701760979363
GCGTAGTTCCAATGCA-1,OTI,3,44,1.6532125137753437
GCGTAGTTCCTATCAC-1,C57BL6,0,0,0.0
GCGTAGTTCGCTGTAA-1,OTI,1,72,1.863322860120456
GCGTATATCACGGTCG-1,OTI,4,27,1.4471580313422192
GCGTATATCACTTGCT-1,C57BL6,4,114,2.060697840353612
GCGTATATCCGGGAAA-1,OTI,1,4,0.6989700043360189
GCGTATATCCGTAAAT-1,C57BL6,0,0,0.0
GCGTATGGTAGTCGAT-1,OTI,0,0,0.0
GCGTATGGTATACAGC-1,C57BL6,2,8,0.9542425094393249
GCGTATGGTATACGTA-1,OTI,3,19,1.3010299956639813
GCGTATGGTATCCCTA-1,OTI,2,156,2.1958996524092336
GCGTATGGTCATATTC-1,OTI,0,0,0.0
GCGTATGGTCCTAGAG-1,OTI,1,12,1.1139433523068367
GCGTATGGTGGAATCT-1,OTI,1,24,1.3979400086720377
GCGTATGGTGGTTCGA-1,C57BL6,0,0,0.0
GCGTATTCAAAACCTC-1,OTI,4,28,1.462397997898956
GCGTATTCAATACGTC-1,OTI,2,4,0.6989700043360189
GCGTATTCACAGTCAT-1,OTI,2,8,0.9542425094393249
GCGTATTCACTGCACA-1,OTI,2,12,1.1139433523068367
GCGTCAGTCACGCTAA-1,OTI,4,247,2.3944516808262164
GCGTCAGTCACGGTGT-1,C57BL6,3,17,1.255272505103306
GCGTCAGTCCGTGAGT-1,C57BL6,0,0,0.0
GCGTCAGTCGCATCGG-1,C57BL6,0,0,0.0
GCGTCAGTCGGAGCTT-1,OTI,5,158,2.2013971243204513
GCGTCATAGAACGACG-1,C57BL6,0,0,0.0
GCGTCCAAGACGTATT-1,OTI,1,16,1.2304489213782739
GCGTCCAAGAGGTTAA-1,C57BL6,2,2,0.47712125471966244
GCGTCCAAGAGTGGGC-1,OTI,3,52,1.724275869600789
GCGTCCAAGCATATCG-1,OTI,5,719,2.8573324964312685
GCGTCCAAGCCAAATT-1,OTI,6,104,2.0211892990699383
GCGTCCAAGCCATCAA-1,OTI,2,11,1.0791812460476249
GCGTCGATCACATACG-1,C57BL6,1,1,0.3010299956639812
GCGTCGATCATTGCTC-1,OTI,3,72,1.863322860120456
GCGTCGATCCAAATTA-1,OTI,9,271,2.4345689040341987
GCGTCGATCCACCGCT-1,C57BL6,0,0,0.0
GCGTCGATCCGGACCA-1,C57BL6,3,16,1.2304489213782739
GCGTCTACAAAAGCCA-1,C57BL6,0,0,0.0
GCGTCTACAACATCCG-1,OTI,2,61,1.792391689498254
GCGTCTACAATCGACT-1,OTI,2,50,1.7075701760979363
GCGTCTACAATGTGAG-1,OTI,2,41,1.6232492903979006
GCGTCTACACAATGCT-1,C57BL6,0,0,0.0
GCGTCTACACGTGCTA-1,OTI,4,101,2.0086001717619175
GCGTCTACAGGAATAT-1,OTI,1,30,1.4913616938342726
GCGTCTTGTCATAAGC-1,OTI,5,25,1.414973347970818
GCGTCTTGTCCCTCTC-1,C57BL6,3,18,1.2787536009528289
GCGTCTTGTCGTGGGT-1,C57BL6,3,48,1.6901960800285136
GCGTCTTGTGCTTGCT-1,OTI,3,58,1.7708520116421442
GCGTGAAAGCAAGCTC-1,OTI,0,0,0.0
GCGTGAAAGCGCATCG-1,C57BL6,1,3,0.6020599913279624
GCGTGAAAGCGTGTCG-1,OTI,1,25,1.414973347970818
GCGTGAAAGGCTATGC-1,C57BL6,1,1,0.3010299956639812
GCGTGAAAGGGCCATT-1,C57BL6,5,7,0.9030899869919435
GCGTGAAAGGTCATGC-1,OTI,0,0,0.0
GCGTGAGCAAAGTACG-1,OTI,4,175,2.24551266781415
GCGTGAGCAACGAGGT-1,OTI,1,35,1.5563025007672873
GCGTGAGCAAGCTTTA-1,C57BL6,0,0,0.0
GCGTGAGCACCTAGGC-1,OTI,7,208,2.3201462861110542
GCGTGAGCACTCTCCG-1,OTI,3,440,2.6444385894678386
GCGTGAGCAGCATAAG-1,OTI,3,47,1.6812412373755872
GCGTGAGCAGGGTCTC-1,OTI,0,0,0.0
GCGTGAGCAGTCCTCT-1,OTI,1,68,1.8388490907372552
GCGTGCATCAAAGCAA-1,OTI,3,79,1.9030899869919435
GCGTGCATCAATGTAC-1,OTI,0,0,0.0
GCGTGCATCACAATCG-1,OTI,5,77,1.8920946026904804
GCGTGCATCCAGGATC-1,C57BL6,1,2,0.47712125471966244
GCGTGCATCCGAACAC-1,C57BL6,0,0,0.0
GCGTGCATCCGGTAAC-1,OTI,2,18,1.2787536009528289
GCGTGCATCCTAGCTT-1,C57BL6,0,0,0.0
GCGTGCTCAAAGTTCC-1,OTI,13,270,2.432969290874406
GCGTGCTCAATATGCC-1,OTI,15,352,2.5477747053878224
GCGTGCTCAATCTCTT-1,OTI,0,0,0.0
GCGTGCTCAGCTCCAA-1,OTI,1,7,0.9030899869919435
GCGTGCTCAGGACATA-1,OTI,5,93,1.9731278535996986
GCGTGCTCAGTAGTAG-1,OTI,3,105,2.0253058652647704
GCGTGTCCAAATTGGG-1,OTI,7,169,2.230448921378274
GCGTGTCCACAGCACC-1,C57BL6,0,0,0.0
GCGTGTCCACAGTCAT-1,OTI,3,9,1.0
GCGTGTCCACGGGTCT-1,C57BL6,1,6,0.8450980400142568
GCGTGTCCACGGTCGT-1,OTI,2,25,1.414973347970818
GCGTGTCCAGCAATCT-1,C57BL6,0,0,0.0
GCGTGTCCAGCACCTA-1,OTI,4,245,2.3909351071033793
GCGTGTCCAGCATCCA-1,C57BL6,2,3,0.6020599913279624
GCGTGTGTCAAGCTCA-1,OTI,10,204,2.311753861055754
GCGTGTGTCAATATTG-1,C57BL6,0,0,0.0
GCGTGTGTCATAACAC-1,OTI,2,190,2.2810333672477277
GCGTGTGTCATGGGCT-1,C57BL6,0,0,0.0
GCGTGTGTCCGGCACA-1,C57BL6,1,4,0.6989700043360189
GCGTGTTAGAAGCTGG-1,C57BL6,1,7,0.9030899869919435
GCGTGTTAGAATTCGT-1,OTI,2,3,0.6020599913279624
GCGTGTTAGACAGAAC-1,C57BL6,1,7,0.9030899869919435
GCGTGTTAGAGTGATA-1,OTI,0,0,0.0
GCGTGTTAGGCATCAC-1,OTI,1,8,0.9542425094393249
GCGTGTTAGGGTATCC-1,OTI,5,203,2.3096301674258988
GCGTGTTAGGTCCTTT-1,OTI,5,462,2.6655809910179533
GCGTTAATCAATTGGT-1,OTI,0,0,0.0
GCGTTAATCACAGCTA-1,OTI,16,483,2.6848453616444123
GCGTTAATCCAATGTG-1,OTI,3,86,1.9395192526186185
GCGTTAATCCCCTTAG-1,OTI,3,35,1.5563025007672873
GCGTTAATCGCTATAG-1,OTI,4,54,1.7403626894942439
GCGTTAATCGCTCCAC-1,OTI,6,127,2.1072099696478683
GCGTTAATCGCTTAAG-1,OTI,1,64,1.8129133566428555
GCGTTAATCGGCTTGG-1,OTI,2,13,1.146128035678238
GCGTTAATCGTGACTA-1,OTI,2,73,1.8692317197309762
GCGTTAATCGTGTATG-1,C57BL6,3,15,1.2041199826559248
GCGTTACAGACACGGA-1,OTI,0,0,0.0
GCGTTACAGACGCCCA-1,OTI,2,19,1.3010299956639813
GCGTTACAGAGGGCGT-1,C57BL6,0,0,0.0
GCGTTACAGATCATCG-1,OTI,0,0,0.0
GCGTTACAGCGCCACA-1,OTI,1,8,0.9542425094393249
GCGTTACAGGGGTAAT-1,OTI,7,121,2.0863598306747484
GCGTTAGGTATCATCT-1,OTI,1,2,0.47712125471966244
GCGTTAGGTCGCTCTG-1,OTI,7,143,2.1583624920952498
GCGTTAGGTGCTCTTA-1,OTI,1,27,1.4471580313422192
GCGTTAGGTGGCTTGA-1,C57BL6,0,0,0.0
GCGTTTAAGAGGGCGT-1,OTI,4,33,1.5314789170422551
GCGTTTAAGAGTTAAG-1,C57BL6,0,0,0.0
GCGTTTAAGATGAAGC-1,C57BL6,0,0,0.0
GCGTTTAAGATTGGTT-1,C57BL6,0,0,0.0
GCGTTTAAGGCATACC-1,OTI,3,63,1.806179973983887
GCGTTTAAGGGAAGCC-1,OTI,5,39,1.6020599913279623
GCGTTTCGTACCTAGG-1,OTI,3,296,2.4727564493172123
GCGTTTCGTATTGCCC-1,C57BL6,1,12,1.1139433523068367
GCGTTTCGTCATAAGC-1,C57BL6,0,0,0.0
GCGTTTCGTGCCCCGT-1,C57BL6,0,0,0.0
GCGTTTCGTGGATATC-1,OTI,0,0,0.0
GCGTTTCGTGGGGTCT-1,OTI,4,109,2.041392685158225
GCTAAAGCAAAACTCC-1,C57BL6,0,0,0.0
GCTAAAGCAAATTGAA-1,OTI,4,36,1.568201724066995
GCTAAAGCAACGAAAT-1,OTI,2,17,1.255272505103306
GCTAAAGCAAGCGCAG-1,OTI,4,37,1.5797835966168101
GCTAAAGCAAGGCGCA-1,OTI,4,165,2.220108088040055
GCTAAAGCACCCTATC-1,OTI,0,0,0.0
GCTAAATTCAGGAATA-1,C57BL6,2,5,0.7781512503836436
GCTAAATTCCAACAGC-1,OTI,1,7,0.9030899869919435
GCTAAATTCGCACCTC-1,OTI,0,0,0.0
GCTAAATTCGCGGTTG-1,OTI,6,121,2.0863598306747484
GCTAAATTCGGGCAAA-1,OTI,3,59,1.7781512503836436
GCTAACATCACCCATT-1,C57BL6,0,0,0.0
GCTAACATCCATCTAC-1,OTI,5,239,2.380211241711606
GCTAACATCCGGGATT-1,OTI,2,7,0.9030899869919435
GCTAACATCGCTAATG-1,OTI,4,758,2.88024177589548
GCTAACATCGTAATCG-1,OTI,4,103,2.0170333392987803
GCTAACCAGACCACGT-1,C57BL6,1,2,0.47712125471966244
GCTAACCAGAGGAGCC-1,C57BL6,1,1,0.3010299956639812
GCTAACCAGCGTTAAT-1,OTI,0,0,0.0
GCTAACCAGCTAGTAT-1,OTI,1,93,1.9731278535996986
GCTAACCAGGGCATGA-1,C57BL6,2,2,0.47712125471966244
GCTAACCAGGTGGGTA-1,OTI,1,1,0.3010299956639812
GCTAACTCAATATTCG-1,OTI,2,39,1.6020599913279623
GCTAACTCAATTCGTA-1,OTI,1,34,1.5440680443502757
GCTAACTCACGGCACT-1,C57BL6,3,57,1.7634279935629373
GCTAACTCAGCGGGTA-1,OTI,0,0,0.0
GCTAAGACAACTGTCG-1,C57BL6,2,5,0.7781512503836436
GCTAAGACACGCGACT-1,OTI,4,17,1.255272505103306
GCTAAGACAGCGTGCT-1,OTI,3,96,1.9867717342662448
GCTAAGACAGGAACGT-1,C57BL6,0,0,0.0
GCTAAGGAGACAGACG-1,OTI,4,588,2.7701152947871015
GCTAAGGAGACATAGA-1,OTI,2,13,1.146128035678238
GCTAAGGAGGGGTTTC-1,OTI,3,148,2.173186268412274
GCTAAGTGTACACCCT-1,OTI,7,133,2.1271047983648077
GCTAAGTGTACCTCCG-1,OTI,4,128,2.110589710299249
GCTAAGTGTATCTCAT-1,OTI,2,7,0.9030899869919435
GCTAAGTGTCATCAGG-1,OTI,1,3,0.6020599913279624
GCTAAGTGTCGGGGTT-1,C57BL6,0,0,0.0
GCTAAGTGTGGGTGCT-1,OTI,1,115,2.0644579892269186
GCTAAGTGTGTAGGTT-1,OTI,1,10,1.0413926851582251
GCTAATCCAACCCACA-1,C57BL6,0,0,0.0
GCTAATCCAATCGAGA-1,OTI,0,0,0.0
GCTAATCCACCCAGTA-1,OTI,3,31,1.505149978319906
GCTAATCCAGTGTTCG-1,OTI,0,0,0.0
GCTAATGTCAAGGGGC-1,C57BL6,1,4,0.6989700043360189
GCTAATGTCACAGGCT-1,OTI,7,174,2.2430380486862944
GCTAATGTCACCCTGC-1,OTI,2,12,1.1139433523068367
GCTACACAGACGGCAA-1,C57BL6,1,6,0.8450980400142568
GCTACACAGATGAGGT-1,C57BL6,1,4,0.6989700043360189
GCTACACAGCAAGAGT-1,OTI,3,49,1.6989700043360187
GCTACACAGCGCTGCA-1,OTI,3,146,2.167317334748176
GCTACACAGCTGTCGG-1,OTI,0,0,0.0
GCTACACAGGTGCGAA-1,OTI,0,0,0.0
GCTACAGGTCCACGGG-1,OTI,2,13,1.146128035678238
GCTACAGGTCCAGCCC-1,C57BL6,1,2,0.47712125471966244
GCTACAGGTCCTGATC-1,OTI,7,116,2.0681858617461617
GCTACAGGTCGCATTC-1,OTI,2,45,1.662757831681574
GCTACAGGTGGGGATG-1,OTI,2,8,0.9542425094393249
GCTACATCAAAATTTC-1,OTI,4,64,1.8129133566428555
GCTACATCAAATTCCA-1,OTI,1,21,1.3424226808222062
GCTACATCACCATTAA-1,OTI,3,120,2.0827853703164503
GCTACATCAGCGTGAG-1,OTI,4,142,2.155336037465062
GCTACCACAAACCATC-1,C57BL6,1,9,1.0
GCTACCACACCGACAC-1,OTI,1,20,1.3222192947339193
GCTACCACACGCAGTC-1,OTI,0,0,0.0
GCTACCACACGGCTTA-1,OTI,2,431,2.635483746814912
GCTACCACACTGCTCT-1,C57BL6,0,0,0.0
GCTACCGAGAACGGAT-1,OTI,2,11,1.0791812460476249
GCTACCGAGAAGCTAA-1,OTI,7,659,2.8195439355418688
GCTACCGAGAAGGTGT-1,OTI,5,187,2.27415784926368
GCTACCGAGAATCTGT-1,OTI,9,68,1.8388490907372552
GCTACCGAGACATCCA-1,C57BL6,0,0,0.0
GCTACCGAGCACAGGA-1,OTI,4,60,1.7853298350107671
GCTACCGAGCACATCA-1,C57BL6,2,8,0.9542425094393249
GCTACCGAGCCTGTGG-1,C57BL6,1,1,0.3010299956639812
GCTACCGAGGCGCTTG-1,OTI,7,283,2.4533183400470375
GCTACCGAGGCGGAGT-1,C57BL6,0,0,0.0
GCTACCGAGGTTGTAT-1,OTI,1,3,0.6020599913279624
GCTACCTGTATCCCTA-1,C57BL6,1,3,0.6020599913279624
GCTACCTGTCGCTGGG-1,OTI,8,213,2.330413773349191
GCTACCTGTGTTAATG-1,C57BL6,1,1,0.3010299956639812
GCTACGCCAAGAGATT-1,C57BL6,0,0,0.0
GCTACGCCAAGTAAAC-1,OTI,2,123,2.093421685162235
GCTACGCCACCTAGGC-1,C57BL6,3,3,0.6020599913279624
GCTACGCCAGGGTATA-1,OTI,6,177,2.250420002308894
GCTACTTTCAACTATA-1,C57BL6,2,134,2.130333768495006
GCTACTTTCACATGTG-1,OTI,10,447,2.651278013998144
GCTACTTTCACGGTGT-1,C57BL6,0,0,0.0
GCTACTTTCACTCTGT-1,OTI,5,32,1.5185139398778875
GCTACTTTCATACGTG-1,OTI,4,71,1.8573324964312685
GCTACTTTCCATATGG-1,C57BL6,0,0,0.0
GCTACTTTCCCTAGTT-1,OTI,4,68,1.8388490907372552
GCTACTTTCCCTTCTC-1,OTI,1,1,0.3010299956639812
GCTACTTTCCGCAGCA-1,OTI,2,3,0.6020599913279624
GCTACTTTCCTCCGAC-1,OTI,3,21,1.3424226808222062
GCTACTTTCGTCCCTA-1,C57BL6,0,0,0.0
GCTAGAACAAATACAA-1,OTI,0,0,0.0
GCTAGAACAAATGCGA-1,OTI,1,17,1.255272505103306
GCTAGAACACACAACT-1,C57BL6,0,0,0.0
GCTAGAACACCAGTGC-1,C57BL6,1,12,1.1139433523068367
GCTAGAACAGTCGGTC-1,C57BL6,1,16,1.2304489213782739
GCTAGAGAGACTTACG-1,C57BL6,0,0,0.0
GCTAGAGAGATCCCAA-1,OTI,2,49,1.6989700043360187
GCTAGAGAGATGCTCA-1,C57BL6,1,6,0.8450980400142568
GCTAGAGAGCCACGAT-1,OTI,0,0,0.0
GCTAGAGAGCCATTAG-1,OTI,2,44,1.6532125137753437
GCTAGAGAGCGTTTAG-1,OTI,7,211,2.326335860928751
GCTAGAGAGGCAAAGT-1,OTI,0,0,0.0
GCTAGAGAGGCTAAGG-1,C57BL6,0,0,0.0
GCTAGATGTACAAGAG-1,OTI,1,28,1.462397997898956
GCTAGATGTGGATTTA-1,C57BL6,1,5,0.7781512503836436
GCTAGCCCAAGAAGCC-1,C57BL6,0,0,0.0
GCTAGCCCAATACACC-1,OTI,1,39,1.6020599913279623
GCTAGCCCAATGAATA-1,OTI,4,78,1.8976270912904414
GCTAGCCCAATTACGC-1,C57BL6,0,0,0.0
GCTAGCCCACCCATAG-1,OTI,0,0,0.0
GCTAGCCCACGTAACT-1,OTI,2,6,0.8450980400142568
GCTAGCCCACGTTTCC-1,OTI,7,414,2.6180480967120925
GCTAGCCCAGGAACTA-1,OTI,1,19,1.3010299956639813
GCTAGGCGTACACTCC-1,OTI,3,282,2.45178643552429
GCTAGGCGTCGACGGT-1,OTI,1,13,1.146128035678238
GCTAGGCGTGCAGTCA-1,C57BL6,0,0,0.0
GCTAGGCGTGTGGATT-1,OTI,1,22,1.3617278360175928
GCTAGGGCAAGTCGGG-1,OTI,0,0,0.0
GCTAGGGCAGCAGGCA-1,OTI,8,586,2.7686381012476144
GCTAGTGGTAGCGTAT-1,C57BL6,0,0,0.0
GCTAGTGGTCATTCTG-1,OTI,1,8,0.9542425094393249
GCTAGTGGTCTCGCCA-1,C57BL6,0,0,0.0
GCTAGTGGTGGGTTGC-1,OTI,3,40,1.6127838567197355
GCTAGTGGTGTTAGGT-1,OTI,7,406,2.60959440922522
GCTATAAGTACTTGCC-1,OTI,2,164,2.2174839442139063
GCTATAAGTATAGTCA-1,C57BL6,1,32,1.5185139398778875
GCTATAAGTATGAGAG-1,OTI,0,0,0.0
GCTATAAGTCAATCGG-1,OTI,1,1,0.3010299956639812
GCTATAAGTCACAGCA-1,C57BL6,0,0,0.0
GCTATAAGTCGTACCT-1,OTI,3,23,1.380211241711606
GCTATAAGTCTGGTCT-1,OTI,5,119,2.0791812460476247
GCTATAAGTGCGCTGG-1,OTI,15,282,2.45178643552429
GCTATAGTCAATCATA-1,OTI,2,43,1.6434526764861874
GCTATAGTCACTGACA-1,OTI,2,95,1.9822712330395684
GCTATAGTCACTTTCA-1,OTI,0,0,0.0
GCTATAGTCCCCAACC-1,OTI,6,287,2.459392487759231
GCTATAGTCCTACTTA-1,C57BL6,1,2,0.47712125471966244
GCTATAGTCCTCATTA-1,OTI,4,306,2.4871383754771865
GCTATAGTCGCATGGT-1,C57BL6,2,6,0.8450980400142568
GCTATAGTCGCTTATC-1,OTI,0,0,0.0
GCTATAGTCGGTCAGT-1,C57BL6,0,0,0.0
GCTATCCGTAAGTCTA-1,C57BL6,0,0,0.0
GCTATCCGTACTGCAG-1,C57BL6,1,29,1.4771212547196624
GCTATCCGTATCGCGA-1,OTI,2,34,1.5440680443502757
GCTATCCGTATTACAG-1,C57BL6,0,0,0.0
GCTATCGCAAGCCGTC-1,OTI,1,17,1.255272505103306
GCTATCGCAAGCGTAA-1,OTI,4,117,2.0718820073061255
GCTATCGCACCAATTA-1,OTI,7,137,2.1398790864012365
GCTATCGCACTCACTC-1,OTI,1,9,1.0
GCTATCGCAGCGGTCT-1,C57BL6,0,0,0.0
GCTATCGCAGGGGCTA-1,OTI,4,5,0.7781512503836436
GCTATCTTCAAGCACC-1,OTI,2,175,2.24551266781415
GCTATCTTCACGCAAC-1,OTI,0,0,0.0
GCTATCTTCCTACATC-1,OTI,1,10,1.0413926851582251
GCTATCTTCGCATAGC-1,C57BL6,0,0,0.0
GCTATCTTCGTGCAGT-1,OTI,10,89,1.954242509439325
GCTATGCAGACCAGAG-1,OTI,1,5,0.7781512503836436
GCTATGCAGCGTTATG-1,C57BL6,0,0,0.0
GCTATGCAGCTAGTCA-1,OTI,3,28,1.462397997898956
GCTATGCAGCTTAAGT-1,C57BL6,0,0,0.0
GCTATGCAGGCCCGTA-1,OTI,10,195,2.292256071356476
GCTATGGGTAGTGCGC-1,OTI,1,3,0.6020599913279624
GCTATGGGTATGAGAG-1,OTI,6,32,1.5185139398778875
GCTATGGGTCAATTTC-1,C57BL6,0,0,0.0
GCTATGGGTCCAGATG-1,C57BL6,3,5,0.7781512503836436
GCTATGGGTCGGTGTA-1,OTI,0,0,0.0
GCTATGGGTCGTAGGC-1,OTI,1,51,1.7160033436347992
GCTATGGGTGTATCTT-1,OTI,2,11,1.0791812460476249
GCTATTACAACACAGA-1,OTI,3,123,2.093421685162235
GCTATTACAAGGACCG-1,OTI,2,10,1.0413926851582251
GCTATTACAATATGCC-1,OTI,0,0,0.0
GCTATTACAGTCAATC-1,OTI,5,198,2.298853076409707
GCTATTGAGAATTGTC-1,C57BL6,0,0,0.0
GCTATTGAGACACGGA-1,OTI,4,154,2.1903316981702914
GCTATTGAGAGACTTT-1,OTI,2,18,1.2787536009528289
GCTATTGAGAGGGACC-1,OTI,5,22,1.3617278360175928
GCTATTGAGCAGCTGT-1,OTI,4,90,1.9590413923210936
GCTATTGAGCAGGGAC-1,OTI,1,36,1.568201724066995
GCTATTGAGCGCCACA-1,OTI,4,203,2.3096301674258988
GCTATTGAGCTGATAT-1,C57BL6,1,2,0.47712125471966244
GCTATTGAGGGGTATG-1,OTI,5,143,2.1583624920952498
GCTCAACAGAAAGGTC-1,OTI,3,46,1.6720978579357175
GCTCAACAGATCTTCC-1,OTI,2,10,1.0413926851582251
GCTCAACAGATGCGAG-1,C57BL6,3,61,1.792391689498254
GCTCAACAGATTAACC-1,OTI,1,60,1.7853298350107671
GCTCAACAGCGATTTG-1,OTI,2,370,2.569373909615046
GCTCAACAGGTATCCA-1,OTI,3,35,1.5563025007672873
GCTCAATCAGTGGCAG-1,OTI,1,5,0.7781512503836436
GCTCAATCAGTTGGGG-1,OTI,3,1072,3.030599721965951
GCTCACGAGCACCTAA-1,C57BL6,1,3,0.6020599913279624
GCTCACGAGCACTCAA-1,OTI,2,152,2.184691430817599
GCTCACGAGCATTCGA-1,C57BL6,0,0,0.0
GCTCACGAGGCGTCAT-1,OTI,2,13,1.146128035678238
GCTCAGTAGAATGCCC-1,OTI,6,25,1.414973347970818
GCTCAGTAGCAACGAG-1,OTI,2,180,2.2576785748691846
GCTCAGTAGCAGCCAT-1,OTI,4,32,1.5185139398778875
GCTCAGTAGCGGCTTG-1,C57BL6,0,0,0.0
GCTCAGTAGGCCTGAT-1,C57BL6,0,0,0.0
GCTCATAAGAGGTTAA-1,OTI,6,279,2.4471580313422194
GCTCATAAGATTACAC-1,C57BL6,0,0,0.0
GCTCATAAGCGCCTAG-1,OTI,1,6,0.8450980400142568
GCTCATAAGGTCATCA-1,OTI,0,0,0.0
GCTCATTTCATACCCT-1,OTI,3,173,2.2405492482826
GCTCATTTCCATTGCT-1,OTI,2,33,1.5314789170422551
GCTCATTTCCCTAGTT-1,OTI,4,32,1.5185139398778875
GCTCATTTCCGTTCGC-1,C57BL6,0,0,0.0
GCTCATTTCGGGTTCG-1,OTI,0,0,0.0
GCTCATTTCGTCGAAC-1,OTI,1,10,1.0413926851582251
GCTCCAACAAATATTC-1,OTI,3,41,1.6232492903979006
GCTCCAACAAGGACCG-1,OTI,0,0,0.0
GCTCCAACAGCTGTAT-1,OTI,7,144,2.161368002234975
GCTCCAACAGGAGTTA-1,OTI,3,84,1.9294189257142926
GCTCCACTCATTGTAA-1,OTI,1,93,1.9731278535996986
GCTCCACTCCTTGTGT-1,OTI,1,9,1.0
GCTCCACTCGGCCCTT-1,OTI,4,212,2.3283796034387376
GCTCCGCGTATCAGTA-1,OTI,2,210,2.3242824552976926
GCTCCGCGTGTCGTAG-1,OTI,4,107,2.03342375548695
GCTCCGTTCAAAGCAA-1,C57BL6,0,0,0.0
GCTCCGTTCACAGTTG-1,OTI,4,206,2.315970345456918
GCTCCGTTCACTATAA-1,OTI,1,32,1.5185139398778875
GCTCCGTTCACTCACT-1,C57BL6,0,0,0.0
GCTCCGTTCAGAGAAC-1,OTI,1,75,1.8808135922807914
GCTCCGTTCGTGTCAA-1,OTI,1,60,1.7853298350107671
GCTCCTATCACATTCC-1,OTI,4,157,2.1986570869544226
GCTCCTATCATGGGTC-1,OTI,3,162,2.2121876044039577
GCTCCTATCATTCATT-1,OTI,4,244,2.3891660843645326
GCTCCTATCCAATTAA-1,OTI,0,0,0.0
GCTCCTATCCCAGAAC-1,OTI,1,16,1.2304489213782739
GCTCCTATCCCTGCAC-1,OTI,3,106,2.0293837776852097
GCTCCTATCCTAATCC-1,C57BL6,0,0,0.0
GCTCCTATCCTGATTC-1,OTI,5,131,2.12057393120585
GCTCCTATCGCCTCTA-1,OTI,3,59,1.7781512503836436
GCTCCTATCGGCTAAC-1,C57BL6,1,6,0.8450980400142568
GCTCCTGGTAACAGAG-1,OTI,3,87,1.9444826721501687
GCTCCTGGTCATACAA-1,OTI,3,141,2.1522883443830563
GCTCCTGGTCGCTATC-1,C57BL6,0,0,0.0
GCTCCTGGTGCCTTCG-1,C57BL6,3,5,0.7781512503836436
GCTCCTGGTGTAAGGA-1,OTI,2,127,2.1072099696478683
GCTCCTGGTGTGGCGT-1,OTI,2,199,2.3010299956639813
GCTCGATAGCGTGTCG-1,OTI,3,50,1.7075701760979363
GCTCGATAGCGTTAAT-1,C57BL6,2,13,1.146128035678238
GCTCGATAGCTACACA-1,OTI,1,26,1.4313637641589874
GCTCGATAGCTGCATA-1,C57BL6,6,87,1.9444826721501687
GCTCGATAGGGGATAT-1,C57BL6,2,10,1.0413926851582251
GCTCGCTTCACGACTA-1,OTI,5,110,2.0453229787866576
GCTCGCTTCATCCTAC-1,C57BL6,1,29,1.4771212547196624
GCTCGCTTCATTGTAA-1,OTI,2,24,1.3979400086720377
GCTCGCTTCCCGCGTT-1,OTI,0,0,0.0
GCTCGCTTCCCTGACC-1,OTI,1,513,2.710963118995276
GCTCGCTTCCTTGTGT-1,C57BL6,0,0,0.0
GCTCGCTTCGCCCTTA-1,OTI,5,203,2.3096301674258988
GCTCGGGGTACCATCC-1,OTI,4,347,2.5415792439465807
GCTCGGGGTATCTCTG-1,OTI,1,53,1.7323937598229686
GCTCGGGGTATGCCTC-1,C57BL6,1,1,0.3010299956639812
GCTCGGGGTCGACTTC-1,C57BL6,0,0,0.0
GCTCGGGGTCGAGGGA-1,OTI,3,339,2.531478917042255
GCTCGGGGTCTATGTT-1,OTI,7,377,2.5774917998372255
GCTCGGGGTCTTCTAG-1,OTI,3,5,0.7781512503836436
GCTCGGGGTGCGCGAT-1,C57BL6,1,6,0.8450980400142568
GCTCGGTCAAACCATC-1,C57BL6,1,5,0.7781512503836436
GCTCGGTCAACGTTTA-1,OTI,3,13,1.146128035678238
GCTCGGTCAAGCTGAA-1,C57BL6,0,0,0.0
GCTCGGTCACCTCTCG-1,OTI,3,299,2.4771212547196626
GCTCGGTCACGGGTCT-1,C57BL6,0,0,0.0
GCTCGGTCAGCGGTCT-1,C57BL6,0,0,0.0
GCTCGTGAGAAGGCAT-1,OTI,5,108,2.037426497940624
GCTCGTGAGAGGCGAC-1,C57BL6,0,0,0.0
GCTCGTGAGATTGTGT-1,OTI,1,4,0.6989700043360189
GCTCGTGAGGGGTATG-1,OTI,1,30,1.4913616938342726
GCTCGTTGTAGCCTCT-1,OTI,4,389,2.591064607026499
GCTCGTTGTCGCGTAA-1,OTI,5,417,2.621176281775035
GCTCGTTGTCGTGTCT-1,C57BL6,2,27,1.4471580313422192
GCTCGTTGTCTGTTAT-1,OTI,0,0,0.0
GCTCTAAAGACATGTT-1,OTI,4,96,1.9867717342662448
GCTCTAAAGACCTATG-1,OTI,2,29,1.4771212547196624
GCTCTAAAGAGTTTCG-1,OTI,3,50,1.7075701760979363
GCTCTAAAGCATGTAT-1,C57BL6,1,3,0.6020599913279624
GCTCTAAAGGCTGGAA-1,OTI,4,107,2.03342375548695
GCTCTAAAGGCTTCCC-1,OTI,2,17,1.255272505103306
GCTCTAAAGGTTCGAC-1,OTI,5,52,1.724275869600789
GCTCTAGCAATAGCAG-1,OTI,2,69,1.845098040014257
GCTCTAGCACCTCTTA-1,OTI,5,240,2.3820170425748683
GCTCTAGCACGTACAT-1,OTI,1,47,1.6812412373755872
GCTCTAGCACTGATTA-1,C57BL6,1,17,1.255272505103306
GCTCTAGCACTTAAAT-1,OTI,0,0,0.0
GCTCTAGCACTTCGTC-1,OTI,2,27,1.4471580313422192
GCTCTAGCAGCTCCAA-1,C57BL6,1,7,0.9030899869919435
GCTCTAGCAGGATCAA-1,C57BL6,1,5,0.7781512503836436
GCTCTATTCAACGTTG-1,OTI,2,23,1.380211241711606
GCTCTATTCACACATG-1,C57BL6,0,0,0.0
GCTCTATTCAGAGTAA-1,OTI,2,19,1.3010299956639813
GCTCTATTCATTACTT-1,OTI,4,88,1.9493900066449128
GCTCTATTCCACTTCG-1,OTI,9,132,2.123851640967086
GCTCTATTCCCAATTC-1,OTI,4,30,1.4913616938342726
GCTCTATTCCCACATT-1,OTI,2,349,2.5440680443502757
GCTCTATTCGGGCATT-1,C57BL6,2,32,1.5185139398778875
GCTCTATTCGTATGTG-1,C57BL6,1,12,1.1139433523068367
GCTCTCATCAGGCTTA-1,OTI,1,20,1.3222192947339193
GCTCTCATCATGCAGC-1,C57BL6,0,0,0.0
GCTCTCATCCAGCTAA-1,C57BL6,0,0,0.0
GCTCTCATCCGGAAAG-1,OTI,0,0,0.0
GCTCTGTGTATTACCT-1,OTI,3,46,1.6720978579357175
GCTCTGTGTCACATGG-1,C57BL6,0,0,0.0
GCTCTGTGTCAGGGTC-1,OTI,0,0,0.0
GCTCTGTGTCGATTGG-1,C57BL6,0,0,0.0
GCTCTGTGTGGGATAA-1,OTI,0,0,0.0
GCTCTGTGTGGGGTCT-1,C57BL6,0,0,0.0
GCTCTTAGTAGAGGTA-1,C57BL6,0,0,0.0
GCTCTTAGTATGCGGC-1,OTI,4,62,1.7993405494535817
GCTCTTAGTGGACGCT-1,OTI,0,0,0.0
GCTCTTAGTGGATTTA-1,OTI,12,167,2.225309281725863
GCTGACCCAAACGTTC-1,C57BL6,6,315,2.499687082618404
GCTGACCCAAAGTTCC-1,OTI,3,38,1.591064607026499
GCTGACCCAAATTGCC-1,OTI,8,688,2.8382192219076257
GCTGACCCAACACTAC-1,OTI,4,90,1.9590413923210936
GCTGACCCAGCTTCAG-1,C57BL6,0,0,0.0
GCTGACCCAGGATTTC-1,OTI,5,96,1.9867717342662448
GCTGACCCAGGGCAAT-1,OTI,1,11,1.0791812460476249
GCTGAGTTCAAAGCAA-1,OTI,2,19,1.3010299956639813
GCTGAGTTCACAACCA-1,C57BL6,1,1,0.3010299956639812
GCTGAGTTCATAAGCT-1,OTI,4,38,1.591064607026499
GCTGAGTTCATCCTTA-1,OTI,1,3,0.6020599913279624
GCTGAGTTCCACCCAC-1,OTI,1,30,1.4913616938342726
GCTGAGTTCCAGCAAC-1,OTI,3,208,2.3201462861110542
GCTGAGTTCCGATGTA-1,OTI,2,8,0.9542425094393249
GCTGAGTTCGCGTCAG-1,C57BL6,0,0,0.0
GCTGAGTTCGGCGTAT-1,OTI,6,199,2.3010299956639813
GCTGCCCGTAAGTAGG-1,OTI,3,72,1.863322860120456
GCTGCCCGTACTATAG-1,OTI,3,56,1.7558748556724915
GCTGCCCGTCCGACAA-1,OTI,3,205,2.3138672203691533
GCTGCCCGTCGCGTAA-1,OTI,2,13,1.146128035678238
GCTGCCCGTCGTAGTG-1,OTI,3,42,1.6334684555795864
GCTGCCCGTCTACTAT-1,C57BL6,0,0,0.0
GCTGGAAAGAGGACGC-1,OTI,0,0,0.0
GCTGGAAAGATCACAT-1,OTI,0,0,0.0
GCTGGAAAGCAGCGTT-1,OTI,0,0,0.0
GCTGGAAAGCGCTGTG-1,C57BL6,1,3,0.6020599913279624
GCTGGAAAGCTGACGT-1,OTI,0,0,0.0
GCTGGAAAGGGCGGAT-1,OTI,3,29,1.4771212547196624
GCTGGAAAGGTCGAAG-1,C57BL6,0,0,0.0
GCTGGCATCAGAATAG-1,OTI,7,304,2.484299839346786
GCTGGCATCCAGCTCC-1,OTI,3,143,2.1583624920952498
GCTGGCATCCTCCAAT-1,OTI,4,40,1.6127838567197355
GCTGGCATCGCAACTA-1,C57BL6,1,3,0.6020599913279624
GCTGGCATCGGTGGTT-1,C57BL6,0,0,0.0
GCTGGCATCGTCCGCT-1,OTI,8,329,2.5185139398778875
GCTGGGTGTAACTCCC-1,C57BL6,3,51,1.7160033436347992
GCTGGGTGTATGCCTC-1,OTI,0,0,0.0
GCTGGGTGTCAAACGT-1,OTI,0,0,0.0
GCTGGGTGTCCAGATG-1,OTI,2,22,1.3617278360175928
GCTGGGTGTCCAGCTT-1,OTI,4,245,2.3909351071033793
GCTGGGTGTCCGAAAT-1,C57BL6,0,0,0.0
GCTGGGTGTCCTGTAC-1,OTI,2,26,1.4313637641589874
GCTGGGTGTCGCTTCG-1,OTI,1,16,1.2304489213782739
GCTGGGTGTCGTGAGC-1,C57BL6,0,0,0.0
GCTGGGTGTCTTGATT-1,C57BL6,0,0,0.0
GCTGGGTGTGCCTGCC-1,OTI,3,21,1.3424226808222062
GCTGGGTGTGGATGGG-1,OTI,3,88,1.9493900066449128
GCTGGGTGTGGTGATT-1,OTI,6,116,2.0681858617461617
GCTGGTTAGACTCAGC-1,OTI,5,147,2.1702617153949575
GCTGGTTAGCATGGAG-1,OTI,6,343,2.53655844257153
GCTGGTTAGCCTTAAG-1,C57BL6,1,6,0.8450980400142568
GCTGGTTAGCTAAGCC-1,OTI,3,47,1.6812412373755872
GCTGGTTAGGGAGTTG-1,C57BL6,2,5,0.7781512503836436
GCTGGTTAGGGGACGT-1,C57BL6,0,0,0.0
GCTGTAATCAACCCAA-1,C57BL6,0,0,0.0
GCTGTAATCACGCATA-1,OTI,4,95,1.9822712330395684
GCTGTAATCAGACATT-1,OTI,0,0,0.0
GCTGTAATCATCTCTA-1,OTI,2,59,1.7781512503836436
GCTGTAATCCAGTCCC-1,C57BL6,1,5,0.7781512503836436
GCTGTAATCCCTTGTG-1,OTI,6,64,1.8129133566428555
GCTGTAATCGCATACA-1,OTI,10,567,2.754348335711019
GCTGTAATCGGTCAAC-1,C57BL6,0,0,0.0
GCTGTATCAAAGCCAA-1,C57BL6,2,19,1.3010299956639813
GCTGTATCAACAGCGG-1,OTI,2,65,1.8195439355418688
GCTGTATCAATAGCCT-1,OTI,8,300,2.4785664955938436
GCTGTATCAATGTGTC-1,C57BL6,0,0,0.0
GCTGTATCACGACACC-1,C57BL6,1,47,1.6812412373755872
GCTGTATCACTCATAA-1,OTI,1,6,0.8450980400142568
GCTGTATCACTGAAAG-1,C57BL6,0,0,0.0
GCTGTATCAGCACACC-1,OTI,2,135,2.1335389083702174
GCTGTCGAGACAACCC-1,OTI,2,22,1.3617278360175928
GCTGTCTGTAGCAATC-1,OTI,1,4,0.6989700043360189
GCTGTCTGTATGAGCT-1,C57BL6,0,0,0.0
GCTGTCTGTATTCGTT-1,OTI,5,239,2.380211241711606
GCTGTCTGTCGAAGGG-1,OTI,1,9,1.0
GCTGTCTGTCTATTGT-1,OTI,1,12,1.1139433523068367
GCTGTGGTCAACGGCT-1,OTI,8,86,1.9395192526186185
GCTGTGGTCAAGCATT-1,C57BL6,0,0,0.0
GCTGTGGTCCAAGTAT-1,OTI,0,0,0.0
GCTGTGGTCCCATCCA-1,OTI,2,169,2.230448921378274
GCTGTGGTCCCGGTTC-1,OTI,2,11,1.0791812460476249
GCTGTGGTCGGTTAGC-1,C57BL6,0,0,0.0
GCTGTGGTCGTTATAA-1,OTI,1,4,0.6989700043360189
GCTGTTAAGAACAGGT-1,OTI,6,281,2.450249108319361
GCTGTTAAGCAATCCA-1,C57BL6,0,0,0.0
GCTGTTAAGCCTAAGC-1,OTI,2,147,2.1702617153949575
GCTGTTAAGCGCAGTT-1,OTI,2,19,1.3010299956639813
GCTGTTAAGGTAACCC-1,OTI,3,9,1.0
GCTGTTAAGGTCTGTA-1,C57BL6,0,0,0.0
GCTGTTAAGGTGAGTG-1,OTI,4,54,1.7403626894942439
GCTTAAGTCCAAGCGT-1,OTI,2,7,0.9030899869919435
GCTTAAGTCCCACTAT-1,OTI,3,56,1.7558748556724915
GCTTAAGTCCCTACGC-1,C57BL6,1,64,1.8129133566428555
GCTTAATAGAAGCGTG-1,OTI,1,1,0.3010299956639812
GCTTAATAGATAACGA-1,C57BL6,0,0,0.0
GCTTAATAGATTGTGT-1,OTI,3,56,1.7558748556724915
GCTTAATAGCACCCGA-1,OTI,3,92,1.968482948553935
GCTTAATAGCGGCATT-1,C57BL6,1,17,1.255272505103306
GCTTAATAGCTCCTCA-1,C57BL6,1,1,0.3010299956639812
GCTTAATAGGTATGTT-1,C57BL6,2,8,0.9542425094393249
GCTTACAAGAACAGGT-1,OTI,2,85,1.9344984512435677
GCTTACAAGACCCCGA-1,OTI,0,0,0.0
GCTTACAAGCAAAGCG-1,OTI,3,39,1.6020599913279623
GCTTACAAGCCATGGT-1,OTI,1,3,0.6020599913279624
GCTTACAAGCGCATCG-1,OTI,3,4,0.6989700043360189
GCTTACAAGCTAATCG-1,C57BL6,1,6,0.8450980400142568
GCTTACAAGGGAATTA-1,OTI,4,64,1.8129133566428555
GCTTACAAGGGTTCGT-1,OTI,1,14,1.1760912590556813
GCTTACGCAAAACGGC-1,C57BL6,0,0,0.0
GCTTACGCAAAAGCAT-1,OTI,2,138,2.143014800254095
GCTTACGCAAGGACCG-1,C57BL6,7,8,0.9542425094393249
GCTTACGCACAATCCG-1,OTI,2,28,1.462397997898956
GCTTACGCACATGCGC-1,OTI,2,12,1.1139433523068367
GCTTACGCACTGACCA-1,OTI,4,57,1.7634279935629373
GCTTACGCAGCCCTAA-1,C57BL6,0,0,0.0
GCTTACGCAGTGACCC-1,OTI,0,0,0.0
GCTTACGCAGTGTCGC-1,OTI,3,36,1.568201724066995
GCTTACTTCAAACTAC-1,OTI,4,25,1.414973347970818
GCTTACTTCAATCCCT-1,OTI,8,109,2.041392685158225
GCTTACTTCAGTGAAA-1,OTI,2,4,0.6989700043360189
GCTTACTTCCGCTCTA-1,C57BL6,0,0,0.0
GCTTACTTCGGCTTAA-1,C57BL6,0,0,0.0
GCTTAGGGTAAGGTAG-1,OTI,3,182,2.2624510897304293
GCTTAGGGTAAGTTGC-1,C57BL6,0,0,0.0
GCTTAGGGTACTTGCC-1,OTI,0,0,0.0
GCTTAGGGTATATCCT-1,C57BL6,0,0,0.0
GCTTAGGGTATCCTGC-1,OTI,0,0,0.0
GCTTAGGGTATTGTAG-1,C57BL6,0,0,0.0
GCTTAGGGTCGCCGTC-1,C57BL6,0,0,0.0
GCTTAGGGTGGCGAGA-1,OTI,1,150,2.1789769472931693
GCTTAGTCAATATCTG-1,C57BL6,1,467,2.670245853074124
GCTTAGTCACATCTCC-1,C57BL6,2,15,1.2041199826559248
GCTTAGTCACATGCCA-1,OTI,6,100,2.0043213737826426
GCTTAGTCACCCTAAG-1,C57BL6,0,0,0.0
GCTTAGTCACTTCGTC-1,C57BL6,0,0,0.0
GCTTAGTCAGCTTCGA-1,OTI,8,172,2.2380461031287955
GCTTAGTCAGGTTCAT-1,C57BL6,0,0,0.0
GCTTATACAAGGGGAA-1,OTI,3,18,1.2787536009528289
GCTTATACAATCTGAC-1,OTI,4,112,2.0530784434834195
GCTTATACACACTACG-1,OTI,2,2,0.47712125471966244
GCTTATACACCAAGCC-1,C57BL6,0,0,0.0
GCTTATACACGCAGGA-1,OTI,1,31,1.505149978319906
GCTTATACACGCTTTC-1,C57BL6,0,0,0.0
GCTTATACACTGCACA-1,OTI,2,180,2.2576785748691846
GCTTATACAGGAAAGG-1,C57BL6,1,10,1.0413926851582251
GCTTATCTCACTCGCC-1,OTI,5,73,1.8692317197309762
GCTTATCTCACTCTGT-1,C57BL6,0,0,0.0
GCTTATCTCAGACATT-1,OTI,0,0,0.0
GCTTATCTCGCACTCC-1,C57BL6,2,14,1.1760912590556813
GCTTATCTCGGCTTAA-1,C57BL6,2,11,1.0791812460476249
GCTTATCTCGTATAGT-1,OTI,1,3,0.6020599913279624
GCTTATGAGAACGAAC-1,OTI,1,17,1.255272505103306
GCTTATGAGAACGTAA-1,C57BL6,0,0,0.0
GCTTATGAGACCCCGA-1,OTI,1,9,1.0
GCTTATGAGAGAATTG-1,OTI,7,261,2.4183012913197452
GCTTATGAGAGTCAGG-1,C57BL6,0,0,0.0
GCTTATGAGAGTCCCG-1,C57BL6,1,3,0.6020599913279624
GCTTATGAGCGGTCCA-1,OTI,4,45,1.662757831681574
GCTTATGAGCTCAGTA-1,OTI,3,57,1.7634279935629373
GCTTATGAGGCTCGAT-1,OTI,2,14,1.1760912590556813
GCTTATGAGGCTGGAA-1,OTI,3,72,1.863322860120456
GCTTCAAAGATAATCC-1,C57BL6,0,0,0.0
GCTTCAAAGGCCCTGA-1,OTI,3,75,1.8808135922807914
GCTTCAGCAAACTCCG-1,C57BL6,1,2,0.47712125471966244
GCTTCAGCAAATCCCG-1,OTI,1,2,0.47712125471966244
GCTTCAGCAAGTGTTC-1,OTI,2,6,0.8450980400142568
GCTTCAGCAATAGGGC-1,OTI,1,37,1.5797835966168101
GCTTCAGCAGCATCGC-1,C57BL6,0,0,0.0
GCTTCAGCAGGAACTA-1,OTI,0,0,0.0
GCTTCAGCAGTAGGCG-1,C57BL6,0,0,0.0
GCTTCAGCAGTGAAAT-1,C57BL6,0,0,0.0
GCTTCAGCAGTGCTCA-1,OTI,5,6,0.8450980400142568
GCTTCAGCAGTTCAGT-1,OTI,3,29,1.4771212547196624
GCTTCATTCACACCTT-1,C57BL6,1,6,0.8450980400142568
GCTTCATTCATAATTG-1,C57BL6,0,0,0.0
GCTTCATTCATGGCGT-1,OTI,0,0,0.0
GCTTCATTCATTACTT-1,OTI,1,172,2.2380461031287955
GCTTCATTCCTGCATT-1,C57BL6,0,0,0.0
GCTTCATTCGTATTAA-1,OTI,4,125,2.100370545117563
GCTTCCATCAGCCAAC-1,OTI,0,0,0.0
GCTTCCATCCGAATTG-1,OTI,4,44,1.6532125137753437
GCTTCCCAGAGACTTT-1,OTI,5,134,2.130333768495006
GCTTCCCAGATCAGGG-1,OTI,3,10,1.0413926851582251
GCTTCCCAGCACAGGA-1,OTI,0,0,0.0
GCTTCCCAGCCTTATC-1,OTI,3,13,1.146128035678238
GCTTCCCAGCGTAGAG-1,C57BL6,5,6,0.8450980400142568
GCTTCCCAGGCGGTTT-1,C57BL6,1,3,0.6020599913279624
GCTTCCGGTACAGTTA-1,OTI,0,0,0.0
GCTTCCGGTCACGCTT-1,OTI,2,124,2.0969100130080562
GCTTCCGGTCCCTAGT-1,OTI,4,98,1.99563519459755
GCTTCCGGTGGGGTTC-1,OTI,1,11,1.0791812460476249
GCTTCCGGTGTCTCCG-1,OTI,1,47,1.6812412373755872
GCTTCGACAAATCTAT-1,OTI,2,10,1.0413926851582251
GCTTCGACACCTATAA-1,OTI,0,0,0.0
GCTTCGACACTTATCT-1,OTI,0,0,0.0
GCTTCGCTCACTCGGG-1,C57BL6,0,0,0.0
GCTTCGCTCGCGCGTA-1,C57BL6,1,2,0.47712125471966244
GCTTCGCTCGTTCATC-1,OTI,1,25,1.414973347970818
GCTTCGGAGATTCAGT-1,C57BL6,0,0,0.0
GCTTCGGAGCACTATG-1,C57BL6,0,0,0.0
GCTTCGGAGGTCCACG-1,OTI,1,9,1.0
GCTTCGTGTCAATGTA-1,OTI,1,14,1.1760912590556813
GCTTCGTGTCCTAGTC-1,OTI,2,39,1.6020599913279623
GCTTCGTGTCTAACGG-1,OTI,3,179,2.255272505103306
GCTTCGTGTCTCTAGC-1,C57BL6,0,0,0.0
GCTTCGTGTGCCACTT-1,OTI,7,110,2.0453229787866576
GCTTCGTGTGGCGAGA-1,C57BL6,0,0,0.0
GCTTCTAGTAGGTTGT-1,OTI,0,0,0.0
GCTTCTAGTATTCAGA-1,OTI,2,33,1.5314789170422551
GCTTCTAGTCAAGGCC-1,OTI,2,24,1.3979400086720377
GCTTCTAGTCGAAGTT-1,OTI,0,0,0.0
GCTTCTGTCACAATTA-1,OTI,0,0,0.0
GCTTCTGTCACCCTGC-1,OTI,2,6,0.8450980400142568
GCTTCTGTCATTGTCC-1,OTI,0,0,0.0
GCTTCTGTCCAATGTG-1,OTI,0,0,0.0
GCTTCTGTCCCAACTT-1,C57BL6,3,16,1.2304489213782739
GCTTGACAGAATGACA-1,C57BL6,0,0,0.0
GCTTGACAGAATGCAA-1,OTI,4,253,2.404833716619938
GCTTGACAGATCGTTG-1,C57BL6,0,0,0.0
GCTTGACAGCACTGTA-1,OTI,2,53,1.7323937598229686
GCTTGACAGCTGTAAT-1,OTI,0,0,0.0
GCTTGACAGGCTATTG-1,C57BL6,0,0,0.0
GCTTGCGAGAACGACG-1,OTI,1,15,1.2041199826559248
GCTTGCGAGAGAGAGA-1,C57BL6,0,0,0.0
GCTTGCGAGAGCAGCA-1,OTI,4,570,2.756636108245848
GCTTGCGAGAGGACAT-1,OTI,5,118,2.0755469613925306
GCTTGCGAGCTACTTC-1,OTI,1,5,0.7781512503836436
GCTTGCTGTATGTTGA-1,OTI,6,363,2.561101383649056
GCTTGCTGTCACGCCC-1,C57BL6,0,0,0.0
GCTTGCTGTCCTACGT-1,OTI,5,131,2.12057393120585
GCTTGCTGTCCTGATC-1,OTI,2,41,1.6232492903979006
GCTTGCTGTGCGGTTA-1,OTI,3,49,1.6989700043360187
GCTTGCTGTGGCTGTA-1,OTI,2,117,2.0718820073061255
GCTTGCTGTGGGCAAG-1,OTI,3,22,1.3617278360175928
GCTTGCTGTGTTATAG-1,OTI,1,123,2.093421685162235
GCTTGGAGTACCCCAT-1,C57BL6,1,7,0.9030899869919435
GCTTGGAGTACCTCCG-1,C57BL6,0,0,0.0
GCTTGGAGTCACCCAT-1,OTI,5,219,2.342422680822206
GCTTGGAGTCGACCCC-1,OTI,2,101,2.0086001717619175
GCTTGGAGTCTGTCCG-1,OTI,6,320,2.506505032404872
GCTTGTAAGAACGTGG-1,C57BL6,0,0,0.0
GCTTGTAAGAACGTTT-1,OTI,1,237,2.376576957056512
GCTTGTAAGACTATGT-1,OTI,12,327,2.515873843711679
GCTTGTAAGCGTCTAA-1,OTI,0,0,0.0
GCTTGTAAGCGTTCCC-1,C57BL6,1,7,0.9030899869919435
GCTTGTAAGGCCATAC-1,OTI,0,0,0.0
GCTTGTCGTAACGCAT-1,OTI,2,49,1.6989700043360187
GCTTGTCGTATGCGGC-1,OTI,1,25,1.414973347970818
GCTTGTCGTCGTAGTG-1,OTI,3,301,2.4800069429571505
GCTTGTCGTCTAACTT-1,OTI,3,77,1.8920946026904804
GCTTGTCGTGCAATGT-1,OTI,2,199,2.3010299956639813
GCTTGTCGTGGCTTAG-1,OTI,3,48,1.6901960800285136
GCTTGTCGTGGGTCTA-1,OTI,0,0,0.0
GCTTGTCGTGTCCCGC-1,OTI,3,64,1.8129133566428555
GCTTTAACAACCAGAA-1,OTI,1,24,1.3979400086720377
GCTTTAACAACCCATG-1,OTI,9,603,2.7810369386211318
GCTTTAACAACGTAAG-1,OTI,3,40,1.6127838567197355
GCTTTAACACCTAGGC-1,OTI,2,17,1.255272505103306
GCTTTAACACGTCAGC-1,OTI,0,0,0.0
GCTTTAACACTCGCAA-1,OTI,0,0,0.0
GCTTTACTCATAACAC-1,OTI,1,2,0.47712125471966244
GCTTTACTCCCGAATA-1,OTI,5,142,2.155336037465062
GCTTTACTCCTATGTC-1,OTI,6,85,1.9344984512435677
GCTTTAGAGAGAGGTT-1,C57BL6,1,1,0.3010299956639812
GCTTTAGAGATGCGGA-1,OTI,3,87,1.9444826721501687
GCTTTAGAGATGGAGT-1,OTI,6,255,2.4082399653118496
GCTTTAGAGATTCAGT-1,C57BL6,0,0,0.0
GCTTTAGAGCCCATTT-1,OTI,4,44,1.6532125137753437
GCTTTAGAGCGTAATT-1,OTI,11,357,2.5538830266438746
GCTTTAGAGCGTAGCT-1,OTI,3,22,1.3617278360175928
GCTTTCAGTAGCAATC-1,OTI,3,4,0.6989700043360189
GCTTTCAGTAGGGGAT-1,OTI,6,56,1.7558748556724915
GCTTTCAGTCACTAGG-1,OTI,3,78,1.8976270912904414
GCTTTCAGTCGAAGGG-1,OTI,2,174,2.2430380486862944
GCTTTCAGTCGCTTCG-1,OTI,2,2,0.47712125471966244
GCTTTCAGTCTCGCCA-1,OTI,1,12,1.1139433523068367
GCTTTCAGTGCTATGG-1,OTI,0,0,0.0
GCTTTCAGTGGCTTTC-1,C57BL6,2,13,1.146128035678238
GCTTTCAGTGTGTAGT-1,OTI,6,71,1.8573324964312685
GCTTTCGTCACAGACC-1,OTI,5,159,2.2041199826559246
GCTTTCGTCACTCGGG-1,OTI,2,20,1.3222192947339193
GCTTTCGTCACTCTCG-1,OTI,14,297,2.4742162640762553
GCTTTCGTCCATATGG-1,OTI,0,0,0.0
GCTTTCGTCCATTCAC-1,OTI,5,123,2.093421685162235
GCTTTCGTCCGCATAA-1,OTI,8,74,1.8750612633917
GCTTTCGTCCTGTATC-1,C57BL6,1,77,1.8920946026904804
GCTTTCGTCGCGCATG-1,OTI,4,205,2.3138672203691533
GCTTTCGTCGGAAACG-1,C57BL6,0,0,0.0
GCTTTGAAGACAATTC-1,OTI,0,0,0.0
GCTTTGAAGAGGGGCT-1,OTI,2,16,1.2304489213782739
GCTTTGAAGAGTAATG-1,OTI,1,7,0.9030899869919435
GCTTTGAAGCGAAGCA-1,OTI,3,25,1.414973347970818
GCTTTGAAGCGGTCCA-1,OTI,3,67,1.8325089127062364
GGAAACCCAAGGTTAG-1,C57BL6,1,9,1.0
GGAAACCCAATCGACT-1,OTI,1,1,0.3010299956639812
GGAAACCCACAATCCG-1,OTI,0,0,0.0
GGAAACCCAGTGAGGT-1,OTI,0,0,0.0
GGAAACGTCCGGACCA-1,C57BL6,0,0,0.0
GGAAACTAGAAGTGTA-1,OTI,2,1283,3.1085650237328344
GGAAACTAGACGCCAT-1,OTI,1,2,0.47712125471966244
GGAAACTAGAGTTAAG-1,OTI,3,35,1.5563025007672873
GGAAACTAGCAGCGAA-1,OTI,2,40,1.6127838567197355
GGAAACTAGCCAGAGA-1,OTI,0,0,0.0
GGAAAGCGTACATATG-1,OTI,1,2,0.47712125471966244
GGAAAGCGTAGAGATG-1,OTI,4,122,2.089905111439398
GGAAAGCGTAGGCCGT-1,OTI,6,48,1.6901960800285136
GGAAAGCGTATACTTC-1,OTI,2,105,2.0253058652647704
GGAAAGCGTGTCGCGG-1,OTI,1,11,1.0791812460476249
GGAAAGCGTGTGCCGG-1,OTI,5,162,2.2121876044039577
GGAAAGGCAATAACTT-1,OTI,1,9,1.0
GGAAAGGCACAGGTAA-1,OTI,6,41,1.6232492903979006
GGAAAGGCACTAGCGC-1,OTI,3,27,1.4471580313422192
GGAAAGGCACTGTACG-1,OTI,1,19,1.3010299956639813
GGAAAGTTCCCTGATT-1,OTI,1,9,1.0
GGAAAGTTCCGGCAAT-1,C57BL6,0,0,0.0
GGAAAGTTCGCGTATA-1,OTI,1,3,0.6020599913279624
GGAAATCAGAATTGAG-1,OTI,8,137,2.1398790864012365
GGAAATCAGAGGTACG-1,OTI,4,35,1.5563025007672873
GGAAATCAGCATGCCG-1,OTI,6,112,2.0530784434834195
GGAAATCAGCTACACA-1,C57BL6,1,8,0.9542425094393249
GGAAATCAGGTAGAGT-1,OTI,0,0,0.0
GGAAATGGTAAGTCCG-1,C57BL6,5,10,1.0413926851582251
GGAAATGGTATGCGAT-1,OTI,1,46,1.6720978579357175
GGAAATGGTATGCTGG-1,OTI,4,160,2.2068258760318495
GGAAATGGTCCAGTGA-1,C57BL6,5,5,0.7781512503836436
GGAAATGGTCCCTGTG-1,OTI,1,25,1.414973347970818
GGAAATGGTCGCGTCC-1,OTI,4,66,1.8260748027008264
GGAAATGGTCGGAATT-1,OTI,1,6,0.8450980400142568
GGAAATGGTGCTAGTG-1,C57BL6,1,2,0.47712125471966244
GGAAATGGTGGGGCTT-1,OTI,5,117,2.0718820073061255
GGAACCCGTACACTCC-1,OTI,12,616,2.7902851640332416
GGAACCCGTCGTTCGT-1,OTI,5,214,2.3324384599156054
GGAACCCGTGGATTTA-1,C57BL6,2,7,0.9030899869919435
GGAACCCGTGGCTAGC-1,C57BL6,0,0,0.0
GGAACCCGTGGTGTAT-1,C57BL6,1,3,0.6020599913279624
GGAACCGCAAATTGGG-1,OTI,5,72,1.863322860120456
GGAACCGCAAGTGCAA-1,OTI,2,39,1.6020599913279623
GGAACCGCACATTCAA-1,OTI,0,0,0.0
GGAACCGCACCTGCAA-1,C57BL6,1,9,1.0
GGAACGGGTAAGCATC-1,OTI,6,51,1.7160033436347992
GGAACGGGTAGCTGAT-1,OTI,2,10,1.0413926851582251
GGAACGGGTAGTTGCG-1,OTI,3,45,1.662757831681574
GGAACGGGTCATTGGG-1,OTI,0,0,0.0
GGAACGGGTCGATCAG-1,C57BL6,0,0,0.0
GGAACGGGTCTGTTAT-1,OTI,4,9,1.0
GGAACGGGTGGCGAAG-1,OTI,4,17,1.255272505103306
GGAACGGGTGGCGCAT-1,OTI,7,41,1.6232492903979006
GGAACGGGTGGTGATT-1,C57BL6,0,0,0.0
GGAACGTCACATGGGG-1,C57BL6,1,38,1.591064607026499
GGAACGTCACGAAGGT-1,OTI,1,112,2.0530784434834195
GGAACGTCAGTCTGCA-1,C57BL6,0,0,0.0
GGAACTACACAGTGGG-1,OTI,0,0,0.0
GGAACTACACTCGTTC-1,OTI,5,448,2.6522463410033232
GGAACTACACTGATTA-1,OTI,6,19,1.3010299956639813
GGAACTACAGCATTAC-1,C57BL6,2,10,1.0413926851582251
GGAACTTGTACTACGG-1,OTI,3,517,2.714329759745233
GGAACTTGTACTATAG-1,OTI,6,203,2.3096301674258988
GGAACTTGTAGACGTT-1,OTI,0,0,0.0
GGAACTTGTATGTTGA-1,C57BL6,0,0,0.0
GGAACTTGTATTCGGG-1,OTI,4,131,2.12057393120585
GGAACTTGTCAGTTGG-1,C57BL6,0,0,0.0
GGAACTTGTCGAAGGG-1,OTI,0,0,0.0
GGAAGCATCAAGTCCA-1,OTI,0,0,0.0
GGAAGCATCCAGCCTC-1,OTI,3,68,1.8388490907372552
GGAAGCATCCATATCC-1,C57BL6,0,0,0.0
GGAAGCATCCCTTTCC-1,OTI,2,28,1.462397997898956
GGAAGCATCCGAACAC-1,OTI,2,86,1.9395192526186185
GGAAGCATCCTATACC-1,OTI,0,0,0.0
GGAAGCATCGCAAAGG-1,C57BL6,1,6,0.8450980400142568
GGAAGCATCGTAATTA-1,OTI,0,0,0.0
GGAAGCCAGAACGTTT-1,OTI,0,0,0.0
GGAAGCCAGACATGCC-1,C57BL6,0,0,0.0
GGAAGCCAGAGGCCAA-1,OTI,1,4,0.6989700043360189
GGAAGCCAGCGGGGAT-1,OTI,1,10,1.0413926851582251
GGAAGCCAGGCGCTTG-1,OTI,1,6,0.8450980400142568
GGAAGCCAGGTTGATT-1,C57BL6,0,0,0.0
GGAAGCTCAAACCAGA-1,OTI,5,195,2.292256071356476
GGAAGCTCAAGCGCGA-1,OTI,5,175,2.24551266781415
GGAAGCTCACGTAACT-1,C57BL6,2,11,1.0791812460476249
GGAAGCTCAGGCGTAG-1,OTI,3,248,2.3961993470957363
GGAAGCTCAGTCATCG-1,OTI,1,24,1.3979400086720377
GGAAGGACACAGTCCA-1,C57BL6,0,0,0.0
GGAAGGACACCGCATA-1,OTI,1,15,1.2041199826559248
GGAAGGACACTCATAA-1,OTI,2,84,1.9294189257142926
GGAAGGACAGCTGACC-1,OTI,0,0,0.0
GGAAGGACAGGACATA-1,OTI,0,0,0.0
GGAAGGACAGGGCTAG-1,OTI,4,49,1.6989700043360187
GGAAGTAGTCCACGTT-1,OTI,3,105,2.0253058652647704
GGAAGTAGTCTCGCTG-1,C57BL6,1,3,0.6020599913279624
GGAAGTAGTGCTACCT-1,C57BL6,0,0,0.0
GGAAGTAGTGGTAGCC-1,OTI,1,4,0.6989700043360189
GGAAGTAGTGTAGGTT-1,OTI,4,188,2.2764618041732443
GGAATACAGGCCCTGA-1,C57BL6,0,0,0.0
GGAATACAGGTTATCG-1,OTI,2,33,1.5314789170422551
GGAATATCAACCCTAG-1,C57BL6,0,0,0.0
GGAATATCACGCTCAA-1,OTI,8,149,2.1760912590556813
GGAATATCAGTACGAA-1,C57BL6,0,0,0.0
GGAATCACAAAACCAG-1,OTI,4,150,2.1789769472931693
GGAATCACAAAAGCCA-1,C57BL6,0,0,0.0
GGAATCACAAAAGGGG-1,OTI,1,4,0.6989700043360189
GGAATCACAGGAAAGG-1,OTI,3,282,2.45178643552429
GGAATCGAGAGACGCA-1,OTI,4,94,1.9777236052888478
GGAATCGAGCCACATA-1,OTI,1,10,1.0413926851582251
GGAATCGAGCGCATTA-1,C57BL6,0,0,0.0
GGAATCGAGGCTTCGG-1,OTI,4,500,2.699837725867246
GGAATCTGTAGAATGG-1,OTI,2,252,2.403120521175818
GGAATCTGTAGGCGCT-1,OTI,4,59,1.7781512503836436
GGAATCTGTATGAGGA-1,OTI,4,247,2.3944516808262164
GGAATGAGTAATGTCA-1,OTI,2,2413,3.3827372657613304
GGAATGAGTAATGTTG-1,C57BL6,3,32,1.5185139398778875
GGAATGAGTAGTGCGC-1,OTI,0,0,0.0
GGAATGAGTCTAGGTG-1,OTI,2,172,2.2380461031287955
GGAATGAGTGCAGTCA-1,C57BL6,0,0,0.0
GGAATGAGTGTTACGG-1,OTI,3,18,1.2787536009528289
GGAATGGTCAGAGTAA-1,OTI,0,0,0.0
GGAATGGTCATCAGCA-1,C57BL6,5,6,0.8450980400142568
GGAATGGTCCCACACC-1,OTI,1,6,0.8450980400142568
GGAATGGTCCCCAATT-1,C57BL6,0,0,0.0
GGAATGGTCGTAGTGC-1,OTI,5,19,1.3010299956639813
GGAATGGTCGTTACCT-1,C57BL6,0,0,0.0
GGAATGTAGACCCGAT-1,OTI,3,27,1.4471580313422192
GGAATGTAGCTGTCGG-1,OTI,1,38,1.591064607026499
GGAATGTAGGGAATAC-1,C57BL6,1,1,0.3010299956639812
GGAATGTAGGTCGGTT-1,C57BL6,2,43,1.6434526764861874
GGAATTAAGAACACCC-1,OTI,1,75,1.8808135922807914
GGAATTAAGACATGAA-1,C57BL6,0,0,0.0
GGAATTAAGACTGCGT-1,C57BL6,0,0,0.0
GGAATTAAGATTCGAT-1,C57BL6,1,2,0.47712125471966244
GGAATTAAGCACCTTT-1,OTI,0,0,0.0
GGAATTAAGCCGCAAT-1,OTI,0,0,0.0
GGAATTAAGCTAAGGG-1,C57BL6,1,11,1.0791812460476249
GGAATTAAGCTGTACA-1,C57BL6,0,0,0.0
GGAATTAAGGGAGGTC-1,C57BL6,0,0,0.0
GGAATTAAGGTCGTAC-1,C57BL6,0,0,0.0
GGAATTAAGGTTGCCG-1,C57BL6,1,10,1.0413926851582251
GGAATTCGTACCACTC-1,OTI,4,24,1.3979400086720377
GGAATTCGTATGGCGC-1,OTI,2,8,0.9542425094393249
GGAATTCGTATTGCGG-1,OTI,4,198,2.298853076409707
GGAATTCGTCATGGAT-1,OTI,2,9,1.0
GGAATTCGTCCATAGG-1,OTI,1,49,1.6989700043360187
GGAATTCGTCGAAGTT-1,OTI,3,31,1.505149978319906
GGACAACCAAAGTATA-1,OTI,6,129,2.113943352306837
GGACAACCAACACAGA-1,OTI,2,40,1.6127838567197355
GGACAACCAACTGCAT-1,OTI,3,11,1.0791812460476249
GGACAACCAAGTGTCT-1,OTI,2,42,1.6334684555795864
GGACAACCAATCTGAC-1,OTI,14,2145,3.3316297176299323
GGACAACCACCCTTCG-1,OTI,6,209,2.322219294733919
GGACAACCAGTCTCGA-1,C57BL6,0,0,0.0
GGACAACCAGTGTCGC-1,C57BL6,0,0,0.0
GGACAATAGATCGTTG-1,OTI,0,0,0.0
GGACAATAGCAAAGGT-1,OTI,0,0,0.0
GGACAATAGCATAACT-1,OTI,1,6,0.8450980400142568
GGACAATAGCTAAGGG-1,C57BL6,0,0,0.0
GGACAATAGGTTGCGT-1,OTI,1,5,0.7781512503836436
GGACACAAGCATAATC-1,C57BL6,0,0,0.0
GGACACAAGGCCATGT-1,C57BL6,0,0,0.0
GGACACGCAACACTTA-1,C57BL6,0,0,0.0
GGACACGCAACGAGGT-1,C57BL6,1,9,1.0
GGACACGCACCGTACA-1,OTI,6,176,2.247973266361807
GGACACGCACCTCATC-1,OTI,0,0,0.0
GGACACGCACTCCACT-1,OTI,4,33,1.5314789170422551
GGACACGCACTTCGTC-1,OTI,3,45,1.662757831681574
GGACACTTCCATTCGT-1,OTI,2,170,2.2329961103921536
GGACACTTCCCTTCAG-1,C57BL6,1,4,0.6989700043360189
GGACACTTCCGGCATG-1,OTI,2,34,1.5440680443502757
GGACACTTCCTCGTCA-1,OTI,1,20,1.3222192947339193
GGACACTTCGTACAAT-1,OTI,0,0,0.0
GGACATACAACTATCA-1,OTI,3,74,1.8750612633917
GGACATACAATAATTC-1,C57BL6,0,0,0.0
GGACATACAATTCGAC-1,OTI,0,0,0.0
GGACATACACAACTTA-1,OTI,4,36,1.568201724066995
GGACATACACAGCAGG-1,OTI,2,11,1.0791812460476249
GGACATACAGCCAACC-1,OTI,0,0,0.0
GGACATACAGGCAATA-1,OTI,14,240,2.3820170425748683
GGACATACAGTGAAAT-1,OTI,2,42,1.6334684555795864
GGACATCTCAATATCA-1,C57BL6,2,11,1.0791812460476249
GGACATCTCAGTACTG-1,C57BL6,1,12,1.1139433523068367
GGACATCTCAGTCCTT-1,OTI,3,119,2.0791812460476247
GGACATCTCATCGGGT-1,OTI,3,118,2.0755469613925306
GGACATCTCCCAACTT-1,C57BL6,0,0,0.0
GGACATGAGAATTCCG-1,OTI,3,127,2.1072099696478683
GGACATGAGCACAGCT-1,OTI,3,18,1.2787536009528289
GGACATGAGCCGCAAT-1,OTI,1,2,0.47712125471966244
GGACATGAGGTCGCCA-1,OTI,1,7,0.9030899869919435
GGACCCATCACTTTCA-1,OTI,6,288,2.4608978427565478
GGACCCATCATCGACA-1,OTI,4,100,2.0043213737826426
GGACCCATCCGGGATT-1,OTI,3,136,2.1367205671564067
GGACCCATCGCATACA-1,OTI,2,10,1.0413926851582251
GGACCCATCGTCTCGC-1,C57BL6,0,0,0.0
GGACCGACAACACTAC-1,OTI,1,49,1.6989700043360187
GGACCGACAACGTCGC-1,OTI,0,0,0.0
GGACCGACAACTATCA-1,OTI,1,18,1.2787536009528289
GGACCGACACACAAGA-1,OTI,11,273,2.437750562820388
GGACCGACACGCATCA-1,OTI,1,3,0.6020599913279624
GGACCGACACGCGTAC-1,C57BL6,3,19,1.3010299956639813
GGACCGACACTAGCGC-1,OTI,4,88,1.9493900066449128
GGACCGACAGGCTTCA-1,C57BL6,1,5,0.7781512503836436
GGACCGTGTAGAGAAT-1,C57BL6,1,1,0.3010299956639812
GGACCGTGTATGTTGA-1,OTI,3,79,1.9030899869919435
GGACCGTGTCAATCGG-1,OTI,7,249,2.3979400086720375
GGACCGTGTGGTGTGC-1,C57BL6,0,0,0.0
GGACCTCCAATTAATC-1,OTI,0,0,0.0
GGACCTCCACAATAGG-1,OTI,2,4,0.6989700043360189
GGACCTCCACGATGTT-1,OTI,0,0,0.0
GGACCTCCACGTTTCC-1,OTI,3,28,1.462397997898956
GGACCTGTCACTAATA-1,OTI,3,93,1.9731278535996986
GGACCTGTCCCCTATG-1,OTI,1,1,0.3010299956639812
GGACCTGTCCTCTCCT-1,C57BL6,0,0,0.0
GGACCTGTCGCACGTG-1,C57BL6,0,0,0.0
GGACCTGTCGCGAGTT-1,C57BL6,1,12,1.1139433523068367
GGACGACAGACCCGCA-1,C57BL6,0,0,0.0
GGACGACAGCATCTTC-1,OTI,3,206,2.315970345456918
GGACGACAGCTTAGGC-1,OTI,1,144,2.161368002234975
GGACGACAGGTATGGG-1,OTI,2,123,2.093421685162235
GGACGCACAACCAAGA-1,OTI,3,141,2.1522883443830563
GGACGCACAAGGCACG-1,OTI,7,99,2.0
GGACGCACAATCGCCA-1,OTI,5,139,2.146128035678238
GGACGCACACGCACTA-1,OTI,2,15,1.2041199826559248
GGACGCACACTTCTAT-1,C57BL6,0,0,0.0
GGACGCACAGCATCAT-1,C57BL6,0,0,0.0
GGACGCACAGTTCAGT-1,OTI,5,154,2.1903316981702914
GGACGCTGTACCATGG-1,OTI,3,79,1.9030899869919435
GGACGCTGTCAACTCC-1,OTI,2,207,2.3180633349627615
GGACGCTGTGTGTATA-1,OTI,0,0,0.0
GGACGGAGTATGGCGC-1,OTI,2,17,1.255272505103306
GGACGGAGTATGTACA-1,OTI,4,63,1.806179973983887
GGACGGAGTCAATCCC-1,OTI,4,106,2.0293837776852097
GGACGGTAGAACCATT-1,OTI,9,109,2.041392685158225
GGACGGTAGACGCGTT-1,OTI,0,0,0.0
GGACGGTAGCACTATG-1,OTI,1,8,0.9542425094393249
GGACGGTAGCCGGTAT-1,OTI,0,0,0.0
GGACGGTAGCGAAGTG-1,C57BL6,0,0,0.0
GGACGTAAGAACGTAA-1,OTI,1,3,0.6020599913279624
GGACGTAAGAACTGAA-1,OTI,0,0,0.0
GGACGTAAGAGAAGCT-1,C57BL6,0,0,0.0
GGACGTAAGCGTGAGA-1,C57BL6,0,0,0.0
GGACGTAAGGGTAAGT-1,OTI,6,43,1.6434526764861874
GGACGTAAGGTGTCCG-1,OTI,0,0,0.0
GGACGTAAGGTTAGGG-1,OTI,5,47,1.6812412373755872
GGACGTAAGGTTAGTT-1,C57BL6,0,0,0.0
GGACGTTTCAAATGTC-1,OTI,6,85,1.9344984512435677
GGACGTTTCAGCCAAC-1,OTI,4,214,2.3324384599156054
GGACGTTTCATGTAAC-1,OTI,2,68,1.8388490907372552
GGACGTTTCCATAACG-1,OTI,3,191,2.2833012287035497
GGACGTTTCCGACTAA-1,C57BL6,0,0,0.0
GGACGTTTCGTCTTCG-1,OTI,2,21,1.3424226808222062
GGACGTTTCGTGACGT-1,C57BL6,1,7,0.9030899869919435
GGACTAACAATGTGAG-1,C57BL6,0,0,0.0
GGACTAACACCACACA-1,OTI,2,11,1.0791812460476249
GGACTACTCAATGTTA-1,OTI,1,5,0.7781512503836436
GGACTACTCACATTGG-1,OTI,5,741,2.870403905279027
GGACTACTCCCACTCA-1,OTI,3,20,1.3222192947339193
GGACTACTCGCTCTAT-1,OTI,5,767,2.885361220031512
GGACTACTCGTTGGCG-1,OTI,11,216,2.3364597338485296
GGACTATGTAAGCAAG-1,OTI,5,301,2.4800069429571505
GGACTATGTACTACAA-1,C57BL6,0,0,0.0
GGACTATGTAGTAAGG-1,C57BL6,6,12,1.1139433523068367
GGACTATGTGCATAGT-1,C57BL6,2,14,1.1760912590556813
GGACTATGTGGGACCT-1,OTI,0,0,0.0
GGACTGAAGAAGTACA-1,OTI,1,10,1.0413926851582251
GGACTGAAGACCTTAG-1,OTI,2,13,1.146128035678238
GGACTGAAGCCACTTT-1,OTI,3,25,1.414973347970818
GGACTGAAGCTGTAGC-1,OTI,0,0,0.0
GGACTGAAGGGTTCGT-1,OTI,0,0,0.0
GGACTGAAGGTAAGCG-1,C57BL6,0,0,0.0
GGACTGAAGGTAGAGT-1,C57BL6,0,0,0.0
GGACTGAAGGTATATC-1,OTI,3,135,2.1335389083702174
GGACTGCGTAACCCCT-1,OTI,4,33,1.5314789170422551
GGACTGCGTAGCATCG-1,OTI,5,51,1.7160033436347992
GGACTGCGTAGCGCGT-1,C57BL6,1,12,1.1139433523068367
GGACTGCGTATATTGG-1,OTI,2,41,1.6232492903979006
GGACTGCGTCAGGTGC-1,OTI,3,23,1.380211241711606
GGACTGCGTGGATTCG-1,C57BL6,0,0,0.0
GGACTGCGTGGGTGAG-1,C57BL6,0,0,0.0
GGACTTATCAGCATTG-1,C57BL6,0,0,0.0
GGACTTATCATGAAAG-1,C57BL6,0,0,0.0
GGACTTATCCACTCTG-1,OTI,2,46,1.6720978579357175
GGACTTATCCCATCGC-1,OTI,1,31,1.505149978319906
GGACTTATCCTACTTA-1,OTI,1,7,0.9030899869919435
GGACTTTCAACGTTTA-1,C57BL6,0,0,0.0
GGACTTTCACGCACTA-1,OTI,0,0,0.0
GGAGAGGAGCAACATT-1,OTI,1,3,0.6020599913279624
GGAGAGGAGCGTAGCT-1,C57BL6,0,0,0.0
GGAGAGGAGGCTACCG-1,OTI,0,0,0.0
GGAGATTAGCAGCCCA-1,OTI,3,242,2.385606273598312
GGAGATTAGCGGGGAT-1,OTI,0,0,0.0
GGAGATTAGGTCGCCA-1,OTI,0,0,0.0
GGAGCAGGTAACTAGC-1,OTI,0,0,0.0
GGAGCAGGTCAGGGTC-1,OTI,1,7,0.9030899869919435
GGAGCAGGTCTCTAAT-1,OTI,4,254,2.406540180433955
GGAGCAGGTGTATCTT-1,OTI,2,150,2.1789769472931693
GGAGCCACAACCCGAC-1,OTI,4,58,1.7708520116421442
GGAGCCACACCGTTAG-1,OTI,1,5,0.7781512503836436
GGAGCCACACTACTCC-1,OTI,1,7,0.9030899869919435
GGAGCCACAGCTCAAT-1,OTI,7,435,2.639486489268586
GGAGCCACAGCTGTAT-1,C57BL6,1,1,0.3010299956639812
GGAGCCTGTAGCGCGT-1,C57BL6,1,3,0.6020599913279624
GGAGCCTGTAGGAGTA-1,OTI,9,84,1.9294189257142926
GGAGCCTGTCCGTCTG-1,C57BL6,0,0,0.0
GGAGCCTGTCCTCATA-1,OTI,3,56,1.7558748556724915
GGAGCCTGTGGGTTGC-1,C57BL6,2,9,1.0
GGAGCCTGTGTAAGTC-1,C57BL6,0,0,0.0
GGAGCGAGTATGTCGG-1,OTI,2,54,1.7403626894942439
GGAGCGAGTCACCGGG-1,OTI,3,62,1.7993405494535817
GGAGCGAGTCTATCGC-1,OTI,1,7,0.9030899869919435
GGAGCGAGTGGACTAT-1,OTI,0,0,0.0
GGAGCGAGTGTCATGG-1,OTI,3,46,1.6720978579357175
GGAGCGAGTGTCTTAT-1,OTI,8,79,1.9030899869919435
GGAGCGTAGACGCGAA-1,OTI,4,33,1.5314789170422551
GGAGCGTAGAGGTTGG-1,OTI,0,0,0.0
GGAGCGTAGAGTCAGG-1,OTI,0,0,0.0
GGAGCGTAGATCGTAT-1,C57BL6,6,93,1.9731278535996986
GGAGCGTAGCGACAGA-1,OTI,2,11,1.0791812460476249
GGAGCGTAGCTGGTTA-1,C57BL6,0,0,0.0
GGAGCGTAGGTGTTAT-1,C57BL6,0,0,0.0
GGAGCTAAGAGTATTC-1,OTI,0,0,0.0
GGAGCTAAGAGTCCCG-1,OTI,1,12,1.1139433523068367
GGAGCTAAGATCCTAG-1,OTI,0,0,0.0
GGAGCTAAGCGGATAG-1,C57BL6,1,3,0.6020599913279624
GGAGCTAAGCGGATTC-1,OTI,1,288,2.4608978427565478
GGAGCTAAGCGGCCTA-1,OTI,4,272,2.436162647040756
GGAGCTAAGCTATTGG-1,OTI,1,16,1.2304489213782739
GGAGCTCGTAGTCAGT-1,C57BL6,0,0,0.0
GGAGCTCGTATCCGGA-1,C57BL6,0,0,0.0
GGAGCTCGTATCGCTC-1,OTI,1,10,1.0413926851582251
GGAGCTCGTCTCGCAT-1,OTI,5,71,1.8573324964312685
GGAGCTCGTCTGTGGA-1,OTI,2,5,0.7781512503836436
GGAGCTCGTGGCTTGA-1,OTI,7,79,1.9030899869919435
GGAGCTCGTGTAAAGG-1,C57BL6,0,0,0.0
GGAGCTCGTGTGTAGT-1,OTI,1,137,2.1398790864012365
GGAGCTTTCAATCTCC-1,OTI,11,56,1.7558748556724915
GGAGCTTTCACGAGCT-1,OTI,1,54,1.7403626894942439
GGAGCTTTCAGTTTCC-1,OTI,6,75,1.8808135922807914
GGAGCTTTCCGCTTCA-1,OTI,5,62,1.7993405494535817
GGAGCTTTCGTGCAAC-1,C57BL6,0,0,0.0
GGAGGTATCACCACAA-1,OTI,0,0,0.0
GGAGGTATCAGTACGC-1,OTI,1,5,0.7781512503836436
GGAGGTATCCGGAAAG-1,C57BL6,1,3,0.6020599913279624
GGAGGTATCCTCATTA-1,OTI,2,7,0.9030899869919435
GGAGGTCAGAGGACCA-1,OTI,1,5,0.7781512503836436
GGAGGTCAGCCATAGC-1,OTI,11,292,2.4668676203541096
GGAGGTCAGCCGATTA-1,OTI,3,6,0.8450980400142568
GGAGGTCAGCGGTTTA-1,C57BL6,0,0,0.0
GGAGGTCAGGTATGTT-1,OTI,1,11,1.0791812460476249
GGAGTAAGTAAACCGT-1,C57BL6,0,0,0.0
GGAGTAAGTAAGGTAG-1,OTI,9,110,2.0453229787866576
GGAGTAAGTAAGTCTA-1,C57BL6,1,7,0.9030899869919435
GGAGTAAGTATCATGA-1,OTI,0,0,0.0
GGAGTAAGTATGCGAT-1,C57BL6,0,0,0.0
GGAGTAAGTATTATCC-1,OTI,1,47,1.6812412373755872
GGAGTAAGTGTCTTCA-1,OTI,11,116,2.0681858617461617
GGAGTATAGAGGGGTC-1,OTI,5,70,1.8512583487190752
GGAGTATAGCCCTAGG-1,OTI,3,37,1.5797835966168101
GGAGTATAGCTAAATC-1,OTI,2,6,0.8450980400142568
GGAGTCGCAAAATCAA-1,C57BL6,2,5,0.7781512503836436
GGAGTCGCAAACTAGG-1,OTI,21,473,2.6757783416740852
GGAGTCGCAACCCGTA-1,OTI,3,27,1.4471580313422192
GGAGTCGCAACCTATA-1,OTI,3,25,1.414973347970818
GGAGTCGCAATGTGAG-1,OTI,2,128,2.110589710299249
GGAGTCGCACAATGGA-1,C57BL6,1,10,1.0413926851582251
GGAGTCGCACATACCG-1,OTI,2,241,2.383815365980431
GGAGTCGCACATAGAG-1,OTI,6,57,1.7634279935629373
GGAGTCGCACGATTAC-1,OTI,2,163,2.214843848047698
GGAGTCGCAGGAAGCT-1,C57BL6,1,3,0.6020599913279624
GGAGTCTTCATCGCCC-1,OTI,0,0,0.0
GGAGTCTTCCGATACA-1,OTI,2,69,1.845098040014257
GGAGTCTTCGCTAATG-1,C57BL6,0,0,0.0
GGAGTCTTCGTGGCCA-1,C57BL6,0,0,0.0
GGAGTGGGTACAAGTC-1,OTI,4,242,2.385606273598312
GGAGTGGGTCCGCTAT-1,OTI,4,97,1.9912260756924949
GGAGTGGGTCCTATTG-1,OTI,3,68,1.8388490907372552
GGAGTGGGTCGGTTCT-1,OTI,6,397,2.5998830720736876
GGAGTTACAACATAGG-1,OTI,3,35,1.5563025007672873
GGAGTTACAATGCGCC-1,OTI,5,242,2.385606273598312
GGAGTTACAATTACGC-1,C57BL6,0,0,0.0
GGAGTTACACACAGAA-1,OTI,1,27,1.4471580313422192
GGAGTTACACGTAATC-1,C57BL6,1,3,0.6020599913279624
GGAGTTACAGGGAGAA-1,C57BL6,1,5,0.7781512503836436
GGAGTTACAGTCGGAG-1,OTI,1,89,1.954242509439325
GGAGTTGAGAGAGGAA-1,C57BL6,1,152,2.184691430817599
GGAGTTGAGAGCGGTA-1,OTI,3,59,1.7781512503836436
GGAGTTGAGAGTCTTG-1,C57BL6,0,0,0.0
GGAGTTGAGCCACAAC-1,C57BL6,0,0,0.0
GGAGTTGAGCTGCAGT-1,OTI,4,132,2.123851640967086
GGAGTTGAGGGTAAGT-1,OTI,5,78,1.8976270912904414
GGATAAGGTACCTGTC-1,C57BL6,0,0,0.0
GGATAAGGTAGGATTC-1,OTI,8,127,2.1072099696478683
GGATAAGGTATGCGAT-1,C57BL6,0,0,0.0
GGATAAGGTCGGGGTT-1,OTI,2,29,1.4771212547196624
GGATAAGGTGCGCTGG-1,OTI,5,57,1.7634279935629373
GGATAAGGTGGTAAAG-1,OTI,0,0,0.0
GGATAAGGTGTTGTCC-1,OTI,2,21,1.3424226808222062
GGATACCTCAATACGT-1,OTI,3,81,1.9138138523837167
GGATACCTCACGAACC-1,C57BL6,0,0,0.0
GGATACCTCCATCGTT-1,OTI,0,0,0.0
GGATACCTCGGGTATC-1,C57BL6,0,0,0.0
GGATACCTCGTGATAT-1,C57BL6,1,8,0.9542425094393249
GGATACCTCGTGGCCA-1,OTI,3,36,1.568201724066995
GGATAGCCAATATGTT-1,C57BL6,0,0,0.0
GGATAGCCAATCAGTC-1,OTI,3,38,1.591064607026499
GGATAGCCAATTCATG-1,OTI,4,30,1.4913616938342726
GGATAGCCACATAGCT-1,OTI,1,32,1.5185139398778875
GGATAGCCACGACGGA-1,OTI,2,403,2.606381365110605
GGATAGCCAGGTAAGC-1,C57BL6,0,0,0.0
GGATAGTAGAATATCC-1,OTI,4,33,1.5314789170422551
GGATAGTAGAATGGTA-1,C57BL6,0,0,0.0
GGATAGTAGACTTTGG-1,C57BL6,0,0,0.0
GGATAGTAGAGCGGAC-1,OTI,1,15,1.2041199826559248
GGATAGTAGATCCTGA-1,OTI,2,20,1.3222192947339193
GGATAGTAGCCACAAC-1,C57BL6,1,4,0.6989700043360189
GGATAGTAGCTACGTA-1,OTI,0,0,0.0
GGATAGTAGGGCTAAG-1,OTI,6,164,2.2174839442139063
GGATAGTAGGGGGTAC-1,OTI,1,31,1.505149978319906
GGATAGTAGGGTACAG-1,OTI,4,37,1.5797835966168101
GGATAGTAGGTAGACG-1,OTI,4,138,2.143014800254095
GGATAGTAGGTAGGGC-1,OTI,4,50,1.7075701760979363
GGATATCGTAACCCGA-1,OTI,0,0,0.0
GGATATCGTAATTTCC-1,OTI,1,345,2.5390760987927767
GGATATCGTACCACTC-1,OTI,4,363,2.561101383649056
GGATATCGTAGTGTTA-1,C57BL6,0,0,0.0
GGATATCGTATGGCCA-1,OTI,6,32,1.5185139398778875
GGATATCGTCATCAGG-1,OTI,0,0,0.0
GGATATCGTCTGATAA-1,OTI,1,109,2.041392685158225
GGATATCGTGGGTCTA-1,OTI,5,35,1.5563025007672873
GGATATCGTGTTCGTC-1,OTI,0,0,0.0
GGATCAACAAATACAA-1,OTI,1,1,0.3010299956639812
GGATCAACAAATTGCC-1,OTI,3,122,2.089905111439398
GGATCAACAACAATGG-1,OTI,1,7,0.9030899869919435
GGATCAACAACGTCGC-1,OTI,0,0,0.0
GGATCAACAAGCAAAT-1,OTI,0,0,0.0
GGATCAACAAGGCCGA-1,C57BL6,0,0,0.0
GGATCAACACCGCTAA-1,OTI,4,16,1.2304489213782739
GGATCAACACTAAGCT-1,OTI,1,2,0.47712125471966244
GGATCAACAGCGTGCT-1,OTI,2,75,1.8808135922807914
GGATCACTCCCACGCT-1,OTI,3,32,1.5185139398778875
GGATCACTCCTCGAAA-1,OTI,0,0,0.0
GGATCACTCGCGTAGT-1,OTI,5,120,2.0827853703164503
GGATCACTCGCTTAAG-1,C57BL6,0,0,0.0
GGATCACTCGGTAGCT-1,OTI,3,37,1.5797835966168101
GGATCCGTCAAATGTC-1,OTI,2,16,1.2304489213782739
GGATCCGTCAATCTCC-1,OTI,2,33,1.5314789170422551
GGATCCGTCCTTAACC-1,OTI,4,60,1.7853298350107671
GGATCCGTCGCGCCTT-1,OTI,2,36,1.568201724066995
GGATCCGTCGGGTTAC-1,C57BL6,3,3,0.6020599913279624
GGATCGCGTCAAACGT-1,C57BL6,0,0,0.0
GGATCGCGTCTTCTAG-1,OTI,1,355,2.5514499979728753
GGATCGCGTGGGTATT-1,C57BL6,2,4,0.6989700043360189
GGATGACCAACTAAGG-1,OTI,2,150,2.1789769472931693
GGATGACCAAGCGCCT-1,OTI,2,46,1.6720978579357175
GGATGACCAATTAACT-1,OTI,8,237,2.376576957056512
GGATGACCACGAGTAA-1,OTI,4,86,1.9395192526186185
GGATGATAGAACTTGT-1,C57BL6,1,11,1.0791812460476249
GGATGATAGACCCGCA-1,OTI,3,36,1.568201724066995
GGATGATAGACTAATC-1,C57BL6,0,0,0.0
GGATGATAGAGGTGAT-1,C57BL6,2,48,1.6901960800285136
GGATGATAGATACCAT-1,OTI,3,58,1.7708520116421442
GGATGATAGATGGTTT-1,C57BL6,1,2,0.47712125471966244
GGATGATAGCCACAAC-1,OTI,0,0,0.0
GGATGATAGCCGGTAT-1,OTI,3,92,1.968482948553935
GGATGATAGCTGCGAT-1,C57BL6,0,0,0.0
GGATGATAGGCAAGGC-1,OTI,3,7,0.9030899869919435
GGATGATAGGTAGAGT-1,OTI,4,57,1.7634279935629373
GGATGATAGGTCCTCC-1,OTI,8,15,1.2041199826559248
GGATGGGGTCGATGAT-1,OTI,4,109,2.041392685158225
GGATGGGGTGCTATAA-1,OTI,2,9,1.0
GGATGGGGTGGAATGA-1,OTI,6,73,1.8692317197309762
GGATGGGGTGGATAAG-1,OTI,1,53,1.7323937598229686
GGATGGGGTGGCTTAG-1,OTI,3,86,1.9395192526186185
GGATGGGGTGTCTAGG-1,OTI,6,200,2.303196057420489
GGATGGGGTGTTCGAG-1,OTI,0,0,0.0
GGATGTCTCACTTTCA-1,OTI,2,39,1.6020599913279623
GGATGTCTCAGTATGT-1,C57BL6,2,3,0.6020599913279624
GGATGTCTCATTGGCA-1,C57BL6,0,0,0.0
GGATGTCTCCGATCGG-1,OTI,3,56,1.7558748556724915
GGATGTCTCCGCCTAC-1,C57BL6,0,0,0.0
GGATGTCTCCGTCATT-1,OTI,1,4,0.6989700043360189
GGATGTCTCCTGGGTG-1,C57BL6,0,0,0.0
GGATGTTGTCAGTCTC-1,OTI,3,192,2.285557309007774
GGATGTTGTCATAGGT-1,C57BL6,1,15,1.2041199826559248
GGATGTTGTCATAGTA-1,OTI,0,0,0.0
GGATGTTGTCGCTGCC-1,OTI,4,61,1.792391689498254
GGATGTTGTGCTGTCT-1,C57BL6,0,0,0.0
GGATGTTGTGTATAGC-1,OTI,1,12,1.1139433523068367
GGATTAAAGAATACAG-1,C57BL6,0,0,0.0
GGATTAAAGAATTCCG-1,OTI,1,4,0.6989700043360189
GGATTAAAGACCTATG-1,C57BL6,1,2,0.47712125471966244
GGATTAAAGCTGCGTG-1,OTI,2,130,2.1172712956557644
GGATTAGCAACAATTT-1,OTI,3,31,1.505149978319906
GGATTAGCAACGGTCC-1,C57BL6,0,0,0.0
GGATTAGCAAGCAGTA-1,C57BL6,2,13,1.146128035678238
GGATTAGCACGCGTTA-1,C57BL6,0,0,0.0
GGATTAGCACGTTATA-1,OTI,2,37,1.5797835966168101
GGATTAGCAGCATTAC-1,C57BL6,0,0,0.0
GGATTCGGTCAAACGT-1,OTI,5,43,1.6434526764861874
GGATTCGGTCCACGTT-1,OTI,4,83,1.9242792860618816
GGATTCGGTCCTTGCG-1,OTI,2,90,1.9590413923210936
GGATTCGGTCGACCCC-1,C57BL6,0,0,0.0
GGATTCGGTCGTACCT-1,OTI,0,0,0.0
GGATTCGGTCGTTCGT-1,OTI,3,83,1.9242792860618816
GGATTGCTCACCAACA-1,OTI,2,11,1.0791812460476249
GGATTGCTCACTATCC-1,OTI,6,1570,3.1961761850399735
GGATTGCTCCCGAAAC-1,OTI,0,0,0.0
GGATTGCTCCTCCGGT-1,OTI,2,18,1.2787536009528289
GGATTGCTCGCTCATT-1,OTI,1,1,0.3010299956639812
GGATTGCTCGTAGCTA-1,OTI,3,25,1.414973347970818
GGATTGCTCGTGGCAT-1,OTI,0,0,0.0
GGATTGTGTACTAATG-1,C57BL6,3,3,0.6020599913279624
GGATTGTGTATGTTAG-1,C57BL6,0,0,0.0
GGATTGTGTGCCTATC-1,C57BL6,0,0,0.0
GGATTGTGTGCCTGCC-1,OTI,4,12,1.1139433523068367
GGATTTAGTACTACGG-1,C57BL6,0,0,0.0
GGATTTAGTACTTAAG-1,OTI,5,66,1.8260748027008264
GGATTTAGTAGTACGT-1,C57BL6,1,7,0.9030899869919435
GGATTTAGTAGTTATG-1,C57BL6,1,3,0.6020599913279624
GGATTTAGTCACCCTG-1,OTI,0,0,0.0
GGATTTAGTCACGCCC-1,C57BL6,1,6,0.8450980400142568
GGATTTAGTCTTCAAT-1,OTI,0,0,0.0
GGATTTAGTGGACGGA-1,OTI,4,47,1.6812412373755872
GGATTTAGTGGCGCTG-1,OTI,3,62,1.7993405494535817
GGATTTAGTGGTACTG-1,OTI,4,124,2.0969100130080562
GGATTTCCAAGAGAGG-1,OTI,2,25,1.414973347970818
GGATTTCCAAGCGAGT-1,OTI,7,73,1.8692317197309762
GGATTTCCAAGTCCAT-1,OTI,1,116,2.0681858617461617
GGATTTCCAGCAATCT-1,OTI,1,7,0.9030899869919435
GGATTTCCAGCATTTA-1,OTI,2,3,0.6020599913279624
GGATTTCCAGGAACTA-1,C57BL6,0,0,0.0
GGATTTCCAGTGTCGC-1,OTI,0,0,0.0
GGCAACTTCACAAGCC-1,OTI,5,92,1.968482948553935
GGCAACTTCAGTGAAA-1,OTI,1,8,0.9542425094393249
GGCAACTTCCCAAAGC-1,OTI,1,10,1.0413926851582251
GGCAACTTCCCAGCTC-1,OTI,4,161,2.2095150145426308
GGCAACTTCCCCTATG-1,OTI,0,0,0.0
GGCAACTTCCGAGCAT-1,C57BL6,0,0,0.0
GGCAACTTCCGATACA-1,OTI,6,341,2.534026106056135
GGCAACTTCGGCATTA-1,OTI,4,107,2.03342375548695
GGCAACTTCGGCTGCA-1,OTI,0,0,0.0
GGCAACTTCGTAGCGT-1,OTI,6,27,1.4471580313422192
GGCAAGGGTAGCCCTT-1,OTI,0,0,0.0
GGCAAGGGTATATTCC-1,OTI,5,113,2.0569048513364727
GGCAAGGGTCAATATG-1,OTI,3,114,2.060697840353612
GGCAAGGGTCCAGGGT-1,OTI,1,10,1.0413926851582251
GGCAAGGGTCCGTGTT-1,OTI,6,231,2.3654879848909
GGCAAGGGTCGGTTTC-1,OTI,3,115,2.0644579892269186
GGCAAGGGTCTCGAAG-1,OTI,0,0,0.0
GGCAAGGGTGCCTGCC-1,C57BL6,0,0,0.0
GGCAATACAACTGGGG-1,C57BL6,0,0,0.0
GGCAATACACACGGTC-1,OTI,3,34,1.5440680443502757
GGCAATACACCAGACC-1,C57BL6,3,9,1.0
GGCAATACAGGAGTTA-1,OTI,6,60,1.7853298350107671
GGCAATCTCAACCTCT-1,C57BL6,1,4,0.6989700043360189
GGCAATCTCAGAATAG-1,OTI,1,54,1.7403626894942439
GGCAATCTCAGACTCA-1,OTI,5,598,2.7774268223893115
GGCAATCTCAGTTTGG-1,OTI,1,1,0.3010299956639812
GGCAATCTCATATGTA-1,OTI,1,6,0.8450980400142568
GGCAATCTCCCGCGTT-1,C57BL6,0,0,0.0
GGCAATCTCGCATAGC-1,C57BL6,0,0,0.0
GGCAATTGTATACCCC-1,OTI,1,14,1.1760912590556813
GGCACGTGTACTTTCG-1,OTI,0,0,0.0
GGCACGTGTGGTCTAG-1,OTI,1,30,1.4913616938342726
GGCACGTGTGGTTGTG-1,OTI,3,12,1.1139433523068367
GGCACTCCAACATTAT-1,C57BL6,3,3,0.6020599913279624
GGCACTCCAAGTCCGC-1,C57BL6,0,0,0.0
GGCACTCCAATAAGAC-1,C57BL6,0,0,0.0
GGCACTCCAATACACC-1,OTI,0,0,0.0
GGCACTCCAATCACTA-1,OTI,0,0,0.0
GGCACTCCACATAGCT-1,OTI,4,81,1.9138138523837167
GGCACTCCACGACCTA-1,C57BL6,0,0,0.0
GGCATAACAACTATAT-1,OTI,3,41,1.6232492903979006
GGCATAACAATGGGCG-1,OTI,0,0,0.0
GGCATAACACCGAATT-1,OTI,7,198,2.298853076409707
GGCATAACAGCCCAAC-1,C57BL6,1,4,0.6989700043360189
GGCATAACAGGGCTTC-1,OTI,0,0,0.0
GGCATAACAGTGAAGC-1,OTI,8,232,2.367355921026019
GGCATAGAGACAGGAT-1,OTI,0,0,0.0
GGCATAGAGCGTTCAA-1,OTI,5,128,2.110589710299249
GGCATAGAGCTTCGTT-1,OTI,0,0,0.0
GGCATAGAGGCGATAG-1,C57BL6,0,0,0.0
GGCATAGAGGGGATCA-1,OTI,2,36,1.568201724066995
GGCATAGAGGTTGGTC-1,OTI,4,31,1.505149978319906
GGCATATGTATACGGT-1,C57BL6,1,1,0.3010299956639812
GGCATATGTATAGCGT-1,OTI,3,117,2.0718820073061255
GGCATATGTATCCGAG-1,OTI,6,148,2.173186268412274
GGCATATGTCATATTC-1,OTI,3,106,2.0293837776852097
GGCATATGTGGTGTCA-1,C57BL6,0,0,0.0
GGCATGAAGATCCCAA-1,OTI,8,241,2.383815365980431
GGCATGAAGCCATTTC-1,OTI,0,0,0.0
GGCATGAAGGTCGAAG-1,OTI,0,0,0.0
GGCATGCGTATATTGG-1,OTI,0,0,0.0
GGCATGCGTGCGGAGA-1,OTI,3,42,1.6334684555795864
GGCATGCGTGGTCTCT-1,OTI,6,80,1.9084850188786497
GGCATTATCATAGCAT-1,OTI,0,0,0.0
GGCATTATCATTCAAA-1,OTI,4,133,2.1271047983648077
GGCATTATCCTCTCGA-1,C57BL6,1,7,0.9030899869919435
GGCATTATCCTGTCAT-1,OTI,10,402,2.6053050461411096
GGCATTATCGCTATCT-1,C57BL6,1,1,0.3010299956639812
GGCATTATCGGACTAC-1,C57BL6,0,0,0.0
GGCATTATCGGCCCTT-1,OTI,0,0,0.0
GGCATTATCGTATGCA-1,C57BL6,2,7,0.9030899869919435
GGCATTGGTATGTGTA-1,C57BL6,0,0,0.0
GGCATTGGTCAGCCCC-1,OTI,5,425,2.629409599102719
GGCATTGGTCTAGCTC-1,C57BL6,0,0,0.0
GGCATTGGTGCCACTT-1,OTI,0,0,0.0
GGCATTGGTGGCGAAG-1,OTI,1,13,1.146128035678238
GGCATTGGTGGCGTGT-1,C57BL6,7,897,2.9532763366673045
GGCATTGGTGTCATGG-1,OTI,2,74,1.8750612633917
GGCATTGGTGTCGTCT-1,OTI,7,459,2.662757831681574
GGCATTTCAACAACCT-1,OTI,1,198,2.298853076409707
GGCATTTCAAGTGCCC-1,OTI,1,16,1.2304489213782739
GGCATTTCAATCACTA-1,OTI,2,38,1.591064607026499
GGCATTTCAATGCGCC-1,C57BL6,0,0,0.0
GGCATTTCACGTAGGG-1,OTI,4,183,2.2648178230095364
GGCATTTCAGCTAACT-1,C57BL6,0,0,0.0
GGCCAATTCACCTCCA-1,OTI,5,204,2.311753861055754
GGCCAATTCACTTGTC-1,OTI,3,25,1.414973347970818
GGCCAATTCATCCCAT-1,OTI,1,6,0.8450980400142568
GGCCAATTCCCTAACT-1,OTI,6,383,2.584331224367531
GGCCAATTCGGTAATT-1,C57BL6,1,8,0.9542425094393249
GGCCATGTCAGTACAT-1,OTI,5,66,1.8260748027008264
GGCCATGTCATTACAA-1,C57BL6,0,0,0.0
GGCCATGTCCCATAAG-1,C57BL6,1,72,1.863322860120456
GGCCATGTCCGAACAC-1,OTI,1,8,0.9542425094393249
GGCCATTAGAAACGTA-1,OTI,3,149,2.1760912590556813
GGCCATTAGACTGCGT-1,OTI,2,2,0.47712125471966244
GGCCATTAGAGGTACG-1,C57BL6,0,0,0.0
GGCCATTAGCAAAGTA-1,OTI,1,288,2.4608978427565478
GGCCATTAGCAATGCC-1,OTI,1,25,1.414973347970818
GGCCATTAGCCAGTAC-1,OTI,5,59,1.7781512503836436
GGCCCCTGTAAGGTCT-1,C57BL6,2,6,0.8450980400142568
GGCCCCTGTAAGTGCT-1,OTI,1,6,0.8450980400142568
GGCCCCTGTATCTCAT-1,OTI,0,0,0.0
GGCCCCTGTCGCGTAA-1,C57BL6,8,54,1.7403626894942439
GGCCCCTGTCTGTTGC-1,OTI,0,0,0.0
GGCCCTTTCACATCAG-1,OTI,2,2,0.47712125471966244
GGCCCTTTCCACCATT-1,OTI,5,151,2.1818435879447726
GGCCCTTTCCATTCGT-1,C57BL6,2,18,1.2787536009528289
GGCCCTTTCCCTGAAA-1,OTI,2,18,1.2787536009528289
GGCCCTTTCCTAAGCA-1,OTI,9,375,2.575187844927661
GGCCCTTTCGCAGTGT-1,OTI,7,156,2.1958996524092336
GGCCCTTTCGGCTTCC-1,OTI,3,35,1.5563025007672873
GGCCCTTTCGGTTAGC-1,OTI,3,91,1.9637878273455553
GGCCCTTTCGTCCTAT-1,OTI,11,224,2.3521825181113627
GGCCTCTTCAACGCAC-1,OTI,8,155,2.1931245983544616
GGCCTCTTCACTCGGG-1,C57BL6,0,0,0.0
GGCCTCTTCATGAAAG-1,C57BL6,2,5,0.7781512503836436
GGCCTCTTCCCAGCTC-1,OTI,1,9,1.0
GGCCTCTTCCTGTACT-1,OTI,1,10,1.0413926851582251
GGCCTCTTCGCGCATG-1,OTI,1,1,0.3010299956639812
GGCCTCTTCGTATTCC-1,OTI,0,0,0.0
GGCCTGGGTAAGCAAG-1,OTI,3,53,1.7323937598229686
GGCCTGGGTACTTCAT-1,C57BL6,1,5,0.7781512503836436
GGCCTGGGTCCCAATC-1,OTI,0,0,0.0
GGCCTGGGTCGGAATT-1,C57BL6,0,0,0.0
GGCCTGGGTCGTGTTC-1,OTI,5,173,2.2405492482826
GGCCTGGGTCTGATAA-1,OTI,6,73,1.8692317197309762
GGCCTGGGTCTGTTAT-1,OTI,1,7,0.9030899869919435
GGCCTGGGTGTCCTTA-1,C57BL6,0,0,0.0
GGCCTTACAAAGGAGG-1,C57BL6,0,0,0.0
GGCCTTACACAACATC-1,OTI,2,194,2.290034611362518
GGCCTTACAGCATGCC-1,OTI,5,257,2.41161970596323
GGCCTTACAGCATTTA-1,OTI,2,13,1.146128035678238
GGCCTTACAGTCATAC-1,C57BL6,1,4,0.6989700043360189
GGCCTTCTCAACCATG-1,C57BL6,0,0,0.0
GGCCTTCTCAACGGCT-1,OTI,1,5,0.7781512503836436
GGCCTTCTCAACTATA-1,C57BL6,2,19,1.3010299956639813
GGCCTTCTCCCATCAT-1,OTI,4,334,2.525044807036845
GGCCTTCTCCCCACTA-1,C57BL6,0,0,0.0
GGCCTTCTCCCGCTGT-1,C57BL6,1,23,1.380211241711606
GGCCTTGAGGCTCAGT-1,OTI,2,350,2.545307116465824
GGCCTTGAGGTGCCAT-1,OTI,1,7,0.9030899869919435
GGCGAAATCAAACTTA-1,OTI,0,0,0.0
GGCGAAATCAGGGTCT-1,OTI,2,172,2.2380461031287955
GGCGAAATCCCACGCT-1,C57BL6,0,0,0.0
GGCGAAATCGCTAACA-1,OTI,1,194,2.290034611362518
GGCGAAATCGGGCTCA-1,OTI,4,122,2.089905111439398
GGCGAAATCGGTGTTA-1,C57BL6,0,0,0.0
GGCGAACAGACCTTTC-1,OTI,0,0,0.0
GGCGAACAGAGCTTTG-1,C57BL6,1,5,0.7781512503836436
GGCGAACAGCGCGATT-1,OTI,8,841,2.9253120914996495
GGCGAAGGTAGCTTCC-1,OTI,2,103,2.0170333392987803
GGCGAAGGTATAAGGG-1,OTI,4,64,1.8129133566428555
GGCGACACAAACGCAA-1,OTI,2,14,1.1760912590556813
GGCGACACACCAGGGA-1,OTI,3,27,1.4471580313422192
GGCGACACACTAACCG-1,OTI,1,2,0.47712125471966244
GGCGACACAGTCCACA-1,OTI,4,18,1.2787536009528289
GGCGACACAGTGGTAA-1,C57BL6,1,6,0.8450980400142568
GGCGAGAGTATGCCGA-1,OTI,3,100,2.0043213737826426
GGCGAGAGTCAATATG-1,OTI,3,960,2.9827233876685453
GGCGAGAGTCACTAGG-1,C57BL6,0,0,0.0
GGCGAGAGTCCATTCA-1,C57BL6,1,8,0.9542425094393249
GGCGAGAGTGCTGTCT-1,OTI,9,150,2.1789769472931693
GGCGAGAGTGTCTTCA-1,OTI,4,104,2.0211892990699383
GGCGAGAGTGTTGGGC-1,C57BL6,1,1,0.3010299956639812
GGCGAGTAGACAACCC-1,OTI,4,30,1.4913616938342726
GGCGAGTAGACAGCCT-1,OTI,0,0,0.0
GGCGAGTAGACCCACG-1,OTI,1,1,0.3010299956639812
GGCGAGTAGATAATCC-1,OTI,5,227,2.357934847000454
GGCGAGTAGCATCAAT-1,OTI,3,46,1.6720978579357175
GGCGAGTAGCCTAAGC-1,OTI,1,339,2.531478917042255
GGCGAGTAGGGAGATT-1,OTI,2,113,2.0569048513364727
GGCGAGTAGGGTTCCG-1,C57BL6,0,0,0.0
GGCGAGTAGGTATAGA-1,OTI,2,72,1.863322860120456
GGCGATAAGACTACAT-1,OTI,0,0,0.0
GGCGATAAGCAAACCC-1,OTI,6,98,1.99563519459755
GGCGATAAGCCATCAA-1,OTI,2,2,0.47712125471966244
GGCGATCGTAGAGGCG-1,OTI,3,275,2.4409090820652177
GGCGATCGTAGAGTAG-1,OTI,0,0,0.0
GGCGATCGTATGTCGG-1,OTI,5,372,2.571708831808688
GGCGATCGTGGGTAGG-1,C57BL6,4,4,0.6989700043360189
GGCGATTTCAAAGGGT-1,OTI,2,49,1.6989700043360187
GGCGATTTCACATTGG-1,C57BL6,0,0,0.0
GGCGATTTCAGACAGG-1,OTI,0,0,0.0
GGCGATTTCATGTAGT-1,OTI,4,100,2.0043213737826426
GGCGATTTCGCAAAGG-1,OTI,3,65,1.8195439355418688
GGCGATTTCGTCCTAT-1,OTI,5,482,2.683947130751512
GGCGCAACAAACTCTA-1,OTI,6,83,1.9242792860618816
GGCGCAACAACGTACT-1,C57BL6,0,0,0.0
GGCGCAACACAATAGG-1,C57BL6,0,0,0.0
GGCGCAACACAATGCT-1,OTI,0,0,0.0
GGCGCAACACTAAACC-1,OTI,7,33,1.5314789170422551
GGCGCAACAGGTCTAT-1,OTI,10,223,2.3502480183341627
GGCGCAACAGTCCTAG-1,OTI,0,0,0.0
GGCGCATGTATGTACA-1,OTI,2,26,1.4313637641589874
GGCGCATGTCCACGGG-1,C57BL6,0,0,0.0
GGCGCATGTGCATAGT-1,OTI,0,0,0.0
GGCGCATGTGTCTGAG-1,OTI,3,86,1.9395192526186185
GGCGCTATCAATTCCC-1,OTI,0,0,0.0
GGCGCTATCCCACATT-1,OTI,1,1,0.3010299956639812
GGCGCTATCCCTTCTC-1,C57BL6,0,0,0.0
GGCGCTATCCTCGGCT-1,OTI,6,189,2.278753600952829
GGCGCTGGTCACCGGG-1,OTI,3,43,1.6434526764861874
GGCGCTGGTCACGCTT-1,OTI,1,2,0.47712125471966244
GGCGCTGGTCCAACTC-1,OTI,2,56,1.7558748556724915
GGCGCTGGTGCCACTT-1,OTI,1,59,1.7781512503836436
GGCGCTGGTGGGGTCT-1,OTI,1,7,0.9030899869919435
GGCGCTGGTGGTAGGG-1,OTI,3,86,1.9395192526186185
GGCGCTGGTGTGCAAT-1,OTI,3,22,1.3617278360175928
GGCGGATAGATGCCAC-1,OTI,1,10,1.0413926851582251
GGCGGATAGATGTTCG-1,OTI,4,473,2.6757783416740852
GGCGGATAGCCACAAC-1,OTI,3,37,1.5797835966168101
GGCGGATAGCCTAGCG-1,OTI,0,0,0.0
GGCGGATAGCGGGATA-1,OTI,0,0,0.0
GGCGGATAGCTATCAG-1,C57BL6,0,0,0.0
GGCGGATAGCTTCTAC-1,OTI,0,0,0.0
GGCGGATAGCTTGAAT-1,C57BL6,2,10,1.0413926851582251
GGCGGATAGGTAAATG-1,C57BL6,1,9,1.0
GGCGGTACAAAAGCGC-1,OTI,4,51,1.7160033436347992
GGCGGTACAAGTCGCC-1,OTI,0,0,0.0
GGCGGTACAGTTCACG-1,OTI,11,169,2.230448921378274
GGCGGTTGTAACATTG-1,OTI,6,106,2.0293837776852097
GGCGGTTGTAGTGTAC-1,OTI,2,1240,3.09377178149873
GGCGGTTGTCGAGGAG-1,OTI,3,37,1.5797835966168101
GGCGGTTGTCGCAGTA-1,OTI,3,17,1.255272505103306
GGCGGTTGTCTCATAT-1,OTI,2,13,1.146128035678238
GGCGTAAAGATACAAG-1,OTI,5,100,2.0043213737826426
GGCGTAAAGGCTGGAA-1,C57BL6,0,0,0.0
GGCGTAAAGGCTTGAC-1,OTI,0,0,0.0
GGCGTAAAGGGAATCG-1,OTI,0,0,0.0
GGCGTAGCACTACTAA-1,OTI,4,63,1.806179973983887
GGCGTAGCAGCCAATT-1,C57BL6,1,2,0.47712125471966244
GGCGTAGCAGGCAATA-1,OTI,10,217,2.3384564936046046
GGCGTAGCAGGTCTAT-1,OTI,5,92,1.968482948553935
GGCGTAGCAGTAACCT-1,OTI,1,19,1.3010299956639813
GGCGTAGCAGTAGCCC-1,OTI,5,517,2.714329759745233
GGCGTAGCAGTGAAGC-1,OTI,1,4,0.6989700043360189
GGCGTATTCAAATCCG-1,OTI,4,844,2.926856708949692
GGCGTATTCACAACAT-1,OTI,0,0,0.0
GGCGTATTCACTCTGT-1,C57BL6,0,0,0.0
GGCGTATTCACTGCCC-1,C57BL6,0,0,0.0
GGCGTATTCAGGCTCG-1,OTI,1,15,1.2041199826559248
GGCGTATTCCACAAGC-1,OTI,10,76,1.8864907251724818
GGCGTATTCCAGCGCA-1,OTI,1,3,0.6020599913279624
GGCGTATTCGTAGTTG-1,OTI,6,116,2.0681858617461617
GGCGTATTCGTGCAAC-1,C57BL6,0,0,0.0
GGCGTATTCGTTCGGG-1,C57BL6,0,0,0.0
GGCGTCATCACCCTAT-1,OTI,6,46,1.6720978579357175
GGCGTCATCATAACAC-1,OTI,3,33,1.5314789170422551
GGCGTCATCCACTCTG-1,OTI,3,121,2.0863598306747484
GGCGTCATCCGCACTC-1,C57BL6,1,4,0.6989700043360189
GGCGTCATCGTATTGG-1,OTI,4,118,2.0755469613925306
GGCGTCATCGTTATAA-1,C57BL6,0,0,0.0
GGCGTGTGTAATCGCG-1,C57BL6,1,1,0.3010299956639812
GGCGTGTGTACAGCGC-1,C57BL6,4,30,1.4913616938342726
GGCGTGTGTCAGCTCT-1,OTI,1,60,1.7853298350107671
GGCGTGTGTCCATTTG-1,OTI,0,0,0.0
GGCGTGTGTCGCAGTA-1,C57BL6,2,5,0.7781512503836436
GGCGTGTGTCGTTCTA-1,C57BL6,0,0,0.0
GGCGTGTGTCTATAAG-1,OTI,1,15,1.2041199826559248
GGCGTGTGTGCCTATC-1,OTI,0,0,0.0
GGCGTGTGTGCGAAGG-1,OTI,10,597,2.776701183988411
GGCGTGTGTGCTATCC-1,C57BL6,1,9,1.0
GGCGTTAGTACCTATT-1,OTI,0,0,0.0
GGCGTTAGTAGGCCGT-1,OTI,6,1005,3.0025979807199086
GGCGTTAGTAGGGGAT-1,OTI,4,22,1.3617278360175928
GGCGTTAGTAGTCTGG-1,OTI,1,3,0.6020599913279624
GGCGTTAGTCAATTAG-1,OTI,0,0,0.0
GGCGTTAGTCACGCGG-1,OTI,2,8,0.9542425094393249
GGCGTTAGTCCGTGTT-1,OTI,1,5,0.7781512503836436
GGCGTTCCAACTCACG-1,OTI,7,417,2.621176281775035
GGCGTTCCAAGCGAGT-1,C57BL6,0,0,0.0
GGCGTTCCAATCCGGC-1,OTI,1,142,2.155336037465062
GGCGTTCCACCTATAA-1,OTI,0,0,0.0
GGCGTTCCAGCAACCC-1,OTI,0,0,0.0
GGCGTTCCAGCATAGA-1,C57BL6,0,0,0.0
GGCGTTCCAGTTACCG-1,C57BL6,5,79,1.9030899869919435
GGCGTTGTCACAATCG-1,OTI,3,129,2.113943352306837
GGCGTTGTCACATACG-1,OTI,1,253,2.404833716619938
GGCGTTGTCACCTACT-1,C57BL6,0,0,0.0
GGCGTTGTCACGTGGT-1,OTI,4,190,2.2810333672477277
GGCGTTGTCACTCTTA-1,C57BL6,1,12,1.1139433523068367
GGCGTTGTCCCTAGGG-1,OTI,2,9,1.0
GGCTAACTCACCCCGT-1,OTI,8,592,2.7730546933642626
GGCTAACTCATAGCAT-1,OTI,4,73,1.8692317197309762
GGCTAACTCATGATGT-1,OTI,5,75,1.8808135922807914
GGCTAACTCGCCCTAC-1,OTI,2,11,1.0791812460476249
GGCTAAGAGAAAGCGT-1,OTI,4,81,1.9138138523837167
GGCTAAGAGATCGTTG-1,OTI,1,1,0.3010299956639812
GGCTAAGAGCCAAATT-1,OTI,4,151,2.1818435879447726
GGCTAAGAGCGGCCTA-1,OTI,5,71,1.8573324964312685
GGCTAAGAGGCGGTAA-1,OTI,10,203,2.3096301674258988
GGCTAAGAGGCTCGTG-1,OTI,0,0,0.0
GGCTAAGAGGTCGAAG-1,OTI,1,66,1.8260748027008264
GGCTAATGTACGCTTC-1,C57BL6,0,0,0.0
GGCTAATGTACTTCAT-1,OTI,4,905,2.957128197676813
GGCTAATGTATGGGTT-1,OTI,1,4,0.6989700043360189
GGCTAATGTCAAACGT-1,OTI,8,283,2.4533183400470375
GGCTAATGTGCCCCTA-1,OTI,3,188,2.2764618041732443
GGCTAATGTGGCGCAT-1,OTI,3,30,1.4913616938342726
GGCTAATGTGGCGTGT-1,C57BL6,2,23,1.380211241711606
GGCTAATGTGTGGTGC-1,OTI,8,121,2.0863598306747484
GGCTACCCAATGAATA-1,OTI,0,0,0.0
GGCTACCCACAATCCG-1,OTI,4,179,2.255272505103306
GGCTACCCACTAATAT-1,C57BL6,0,0,0.0
GGCTACCCACTACATA-1,OTI,3,144,2.161368002234975
GGCTACCCAGGACTTT-1,OTI,2,83,1.9242792860618816
GGCTACCCAGTAGTAG-1,C57BL6,2,56,1.7558748556724915
GGCTACCCAGTGCACC-1,C57BL6,0,0,0.0
GGCTACCCAGTGTCAT-1,OTI,4,58,1.7708520116421442
GGCTAGAAGAAATCAG-1,OTI,3,14,1.1760912590556813
GGCTAGAAGCATAATC-1,OTI,0,0,0.0
GGCTAGAAGCATTAGT-1,C57BL6,1,7,0.9030899869919435
GGCTAGAAGGGAGGTC-1,OTI,2,109,2.041392685158225
GGCTAGAAGGTTGCCG-1,C57BL6,1,26,1.4313637641589874
GGCTAGCGTATGAGCT-1,OTI,15,271,2.4345689040341987
GGCTAGCGTCGACTCT-1,OTI,3,61,1.792391689498254
GGCTAGCGTGCCACTT-1,OTI,2,20,1.3222192947339193
GGCTAGCGTGGAATCT-1,C57BL6,2,6,0.8450980400142568
GGCTAGCGTGTTCGAG-1,OTI,6,312,2.4955443375464483
GGCTATATCACGTCAA-1,OTI,1,72,1.863322860120456
GGCTATATCACTTAAA-1,C57BL6,3,27,1.4471580313422192
GGCTATATCATCCGTT-1,OTI,1,25,1.414973347970818
GGCTATATCCATCATC-1,OTI,1,55,1.7481880270062005
GGCTATATCCTACTAC-1,OTI,2,6,0.8450980400142568
GGCTATATCGCAAACC-1,OTI,2,60,1.7853298350107671
GGCTATGGTACAACGT-1,OTI,5,115,2.0644579892269186
GGCTATGGTCTCGCCA-1,C57BL6,0,0,0.0
GGCTATGGTGCATAGT-1,OTI,0,0,0.0
GGCTCATAGACACCCG-1,OTI,4,161,2.2095150145426308
GGCTCATAGAGCTTGC-1,OTI,5,169,2.230448921378274
GGCTCATAGATGGGGC-1,OTI,3,34,1.5440680443502757
GGCTCCCGTACTACTT-1,C57BL6,0,0,0.0
GGCTCCCGTCGCCGTC-1,OTI,1,3,0.6020599913279624
GGCTCCCGTCGTATGG-1,OTI,4,102,2.012837224705172
GGCTCCCGTCTCCTGG-1,C57BL6,1,3,0.6020599913279624
GGCTCCCGTCTCGCAT-1,OTI,4,166,2.2227164711475833
GGCTCCCGTGGGGATG-1,OTI,4,276,2.4424797690644486
GGCTCCTTCACACATG-1,OTI,8,169,2.230448921378274
GGCTCCTTCACAGACC-1,OTI,0,0,0.0
GGCTCCTTCCAATACG-1,OTI,2,14,1.1760912590556813
GGCTCCTTCCGAGCAT-1,OTI,2,30,1.4913616938342726
GGCTCCTTCCGGTATA-1,OTI,14,22,1.3617278360175928
GGCTCGATCACCATTC-1,OTI,1,4,0.6989700043360189
GGCTCGATCAGTATGT-1,OTI,4,91,1.9637878273455553
GGCTCGATCCAATATA-1,C57BL6,1,5,0.7781512503836436
GGCTCGATCCCGCTGT-1,OTI,1,6,0.8450980400142568
GGCTCGATCCTCCAAT-1,OTI,2,10,1.0413926851582251
GGCTCGATCCTCCGAC-1,OTI,2,42,1.6334684555795864
GGCTCGATCCTCTAGT-1,C57BL6,1,2,0.47712125471966244
GGCTCGATCGGATTGC-1,OTI,8,62,1.7993405494535817
GGCTCTACAACATATT-1,OTI,1,9,1.0
GGCTCTACACCGTAAT-1,C57BL6,0,0,0.0
GGCTCTACAGGTAGCG-1,OTI,4,70,1.8512583487190752
GGCTCTACAGTCGGTC-1,C57BL6,0,0,0.0
GGCTCTCTCAGTTGTG-1,C57BL6,2,39,1.6020599913279623
GGCTCTCTCCTCCAGC-1,OTI,5,147,2.1702617153949575
GGCTCTCTCGGGTTAC-1,C57BL6,2,19,1.3010299956639813
GGCTGAAAGAGGAGTT-1,OTI,2,29,1.4771212547196624
GGCTGAAAGATACGGG-1,C57BL6,0,0,0.0
GGCTGAAAGATGTATC-1,C57BL6,1,25,1.414973347970818
GGCTGAAAGCAAAGGT-1,OTI,2,70,1.8512583487190752
GGCTGAAAGGTATTCG-1,C57BL6,0,0,0.0
GGCTGCATCAAGCCTA-1,OTI,2,83,1.9242792860618816
GGCTGCATCACCTCAT-1,C57BL6,1,134,2.130333768495006
GGCTGCATCATGTTAA-1,C57BL6,1,74,1.8750612633917
GGCTGCATCCAATCAG-1,C57BL6,2,7,0.9030899869919435
GGCTGCATCGGGCTCA-1,C57BL6,0,0,0.0
GGCTGCATCGTCATTC-1,C57BL6,11,16,1.2304489213782739
GGCTGTAGTAAGCATC-1,OTI,0,0,0.0
GGCTGTAGTACTGGGC-1,OTI,1,3,0.6020599913279624
GGCTGTAGTATATGGC-1,OTI,0,0,0.0
GGCTGTAGTGGTGGAG-1,C57BL6,1,5,0.7781512503836436
GGCTGTAGTGTCGATG-1,OTI,0,0,0.0
GGCTTAATCACAGCAC-1,C57BL6,2,16,1.2304489213782739
GGCTTAATCATAACAC-1,OTI,4,4,0.6989700043360189
GGCTTAATCATCGGAC-1,OTI,1,3,0.6020599913279624
GGCTTAATCCCAGTAA-1,OTI,2,13,1.146128035678238
GGCTTAATCCGCAATA-1,OTI,0,0,0.0
GGCTTAATCCGCTTGC-1,OTI,6,19,1.3010299956639813
GGCTTAATCCTCCTTC-1,OTI,1,15,1.2041199826559248
GGCTTAATCCTCTAGT-1,OTI,5,233,2.369215857410143
GGCTTAATCGCGCATG-1,C57BL6,1,17,1.255272505103306
GGCTTAATCGCTATCT-1,OTI,1,17,1.255272505103306
GGCTTAATCGCTTTCG-1,C57BL6,0,0,0.0
GGCTTAATCGGGCAAA-1,OTI,3,35,1.5563025007672873
GGCTTAATCGTACTTC-1,OTI,2,9,1.0
GGCTTAGGTACCTTTG-1,OTI,8,80,1.9084850188786497
GGCTTAGGTAGTTTAG-1,OTI,4,229,2.361727836017593
GGCTTAGGTCGGGTTA-1,OTI,3,169,2.230448921378274
GGCTTAGGTCGTGGTA-1,C57BL6,0,0,0.0
GGCTTAGGTGGTAGTT-1,OTI,3,40,1.6127838567197355
GGCTTCACAAGCGAGT-1,C57BL6,0,0,0.0
GGCTTCACAATACGGA-1,OTI,6,56,1.7558748556724915
GGCTTCACAATCCGCA-1,C57BL6,2,28,1.462397997898956
GGCTTCACACCACGGT-1,C57BL6,0,0,0.0
GGCTTCACACGGCTTA-1,OTI,2,22,1.3617278360175928
GGCTTCACAGGCAATA-1,OTI,3,70,1.8512583487190752
GGCTTCCTCCATTCGT-1,OTI,6,261,2.4183012913197452
GGCTTCCTCGCTCTAT-1,OTI,6,99,2.0
GGCTTCCTCGGCGATT-1,OTI,9,86,1.9395192526186185
GGCTTCCTCGGCTCGA-1,OTI,1,3,0.6020599913279624
GGCTTCGAGAGCAGCA-1,OTI,1,18,1.2787536009528289
GGCTTCGAGAGGATTA-1,C57BL6,1,44,1.6532125137753437
GGCTTCGAGAGGCTGA-1,OTI,3,101,2.0086001717619175
GGCTTCGAGAGTCCCG-1,OTI,12,667,2.824776462475546
GGCTTCGAGATAGGCG-1,C57BL6,0,0,0.0
GGCTTCGAGCAGCGTT-1,C57BL6,0,0,0.0
GGCTTCGAGCAGCTAC-1,OTI,0,0,0.0
GGCTTCGAGCGCGTCA-1,OTI,3,20,1.3222192947339193
GGCTTCGAGCGCTATA-1,OTI,3,125,2.100370545117563
GGCTTCGAGCTCGTAA-1,OTI,4,114,2.060697840353612
GGCTTCGAGGCAATTT-1,OTI,1,7,0.9030899869919435
GGCTTCGAGGGAGTAT-1,OTI,3,77,1.8920946026904804
GGCTTCGAGGTGCCAT-1,OTI,2,81,1.9138138523837167
GGCTTCGAGGTTAATC-1,C57BL6,0,0,0.0
GGCTTCTGTACAATTG-1,C57BL6,0,0,0.0
GGCTTCTGTACGCTTC-1,C57BL6,3,35,1.5563025007672873
GGCTTCTGTACGGATT-1,OTI,5,493,2.693726948923647
GGCTTCTGTAGCTGGC-1,C57BL6,0,0,0.0
GGCTTCTGTCAAACGT-1,OTI,6,681,2.833784374656479
GGCTTCTGTGTGTCCT-1,OTI,4,26,1.4313637641589874
GGCTTCTGTGTTAGGT-1,OTI,1,5,0.7781512503836436
GGCTTGAGTCACTTAT-1,C57BL6,0,0,0.0
GGCTTGAGTCCACGTT-1,OTI,1,15,1.2041199826559248
GGCTTGAGTGTGGATT-1,C57BL6,1,10,1.0413926851582251
GGCTTGGTCACAACGC-1,OTI,1,44,1.6532125137753437
GGCTTGGTCACTGGCG-1,C57BL6,0,0,0.0
GGCTTGGTCCCACAGG-1,C57BL6,0,0,0.0
GGCTTGGTCCTTAATT-1,C57BL6,0,0,0.0
GGCTTGGTCGCAATTG-1,OTI,0,0,0.0
GGCTTGGTCGTCGTAA-1,OTI,3,214,2.3324384599156054
GGCTTGGTCGTTCATC-1,OTI,1,17,1.255272505103306
GGCTTGTAGACCCAAC-1,C57BL6,0,0,0.0
GGCTTGTAGACGGCAA-1,OTI,1,26,1.4313637641589874
GGCTTGTAGATTACCG-1,C57BL6,0,0,0.0
GGCTTGTAGCACGGAA-1,OTI,6,170,2.2329961103921536
GGCTTTCGTAATACTG-1,OTI,3,21,1.3424226808222062
GGCTTTCGTATGCGAT-1,C57BL6,1,63,1.806179973983887
GGCTTTCGTCACTCCG-1,C57BL6,0,0,0.0
GGCTTTCGTCCAGAAT-1,OTI,0,0,0.0
GGCTTTCGTCGCATCT-1,OTI,2,17,1.255272505103306
GGCTTTCGTCGCTGCC-1,OTI,0,0,0.0
GGGAATTAGCAAACTT-1,OTI,7,170,2.2329961103921536
GGGAATTAGGTCCGAT-1,C57BL6,0,0,0.0
GGGACATCAACTCCCT-1,OTI,2,11,1.0791812460476249
GGGACATCAACTTACA-1,OTI,5,202,2.307496037913213
GGGACATCAAGCGCTC-1,OTI,1,144,2.161368002234975
GGGACATCAAGCTTTA-1,OTI,4,32,1.5185139398778875
GGGACATCACAGCAGG-1,OTI,7,115,2.0644579892269186
GGGACATCACAGCGAG-1,OTI,6,139,2.146128035678238
GGGACATCACATCGCA-1,C57BL6,1,2,0.47712125471966244
GGGACATCAGCTCGGT-1,C57BL6,2,2,0.47712125471966244
GGGACATCAGGAACGT-1,C57BL6,1,4,0.6989700043360189
GGGACATCAGTGCGTC-1,C57BL6,0,0,0.0
GGGACCTGTAAGTGCT-1,OTI,2,38,1.591064607026499
GGGACCTGTGTCATGG-1,C57BL6,0,0,0.0
GGGACGTAGACATAAG-1,OTI,3,20,1.3222192947339193
GGGACGTAGATGGTGG-1,OTI,5,42,1.6334684555795864
GGGACGTAGCACCACG-1,OTI,3,29,1.4771212547196624
GGGACGTAGCGATTCA-1,OTI,7,49,1.6989700043360187
GGGACGTAGGGTAGGC-1,C57BL6,0,0,0.0
GGGACTCGTCCGCCTA-1,OTI,4,229,2.361727836017593
GGGACTCGTCGCTCTG-1,OTI,2,6,0.8450980400142568
GGGACTCGTGCCTCTG-1,OTI,0,0,0.0
GGGACTCGTGCTAAGT-1,OTI,4,4,0.6989700043360189
GGGAGAACACAGGTCC-1,OTI,2,31,1.505149978319906
GGGAGAACACCAACGC-1,OTI,4,127,2.1072099696478683
GGGAGAACACTACTAA-1,OTI,2,70,1.8512583487190752
GGGAGATGTAATGGAG-1,OTI,10,182,2.2624510897304293
GGGAGATGTAATTCCT-1,OTI,2,14,1.1760912590556813
GGGAGATGTATGTGCG-1,C57BL6,1,13,1.146128035678238
GGGAGATGTCAACCCT-1,C57BL6,1,7,0.9030899869919435
GGGAGATGTCCGTTGT-1,OTI,0,0,0.0
GGGAGCAGTACAAGGA-1,OTI,5,468,2.6711728427150834
GGGAGCAGTATGTTGA-1,OTI,4,121,2.0863598306747484
GGGAGCAGTATTACCT-1,C57BL6,6,7,0.9030899869919435
GGGAGCAGTCATGTGG-1,C57BL6,1,1,0.3010299956639812
GGGAGCAGTCGTCAGA-1,OTI,6,117,2.0718820073061255
GGGAGCAGTGCATAGT-1,C57BL6,0,0,0.0
GGGAGCAGTGCCTTTA-1,OTI,0,0,0.0
GGGAGCAGTGCGCTGG-1,OTI,6,122,2.089905111439398
GGGAGCAGTGGCCCCT-1,OTI,3,201,2.305351369446624
GGGAGCAGTGTAGTGT-1,OTI,1,55,1.7481880270062005
GGGAGCAGTGTATAGC-1,C57BL6,0,0,0.0
GGGAGCTAGACCCTTT-1,C57BL6,0,0,0.0
GGGAGCTAGAGGACCA-1,OTI,3,61,1.792391689498254
GGGAGCTAGAGTTGGG-1,C57BL6,0,0,0.0
GGGAGCTAGATCCGTA-1,OTI,5,79,1.9030899869919435
GGGAGCTAGCATACAT-1,C57BL6,1,5,0.7781512503836436
GGGAGCTAGGCCCAAT-1,OTI,3,82,1.919078092376074
GGGAGCTAGGCTAAGG-1,OTI,3,94,1.9777236052888478
GGGAGTGGTAAGCATC-1,OTI,1,15,1.2041199826559248
GGGAGTGGTAGTATTG-1,OTI,5,26,1.4313637641589874
GGGAGTGGTATCCCTA-1,OTI,5,153,2.187520720836463
GGGAGTGGTATCCGTC-1,C57BL6,1,8,0.9542425094393249
GGGAGTGGTGCCTATC-1,OTI,5,29,1.4771212547196624
GGGAGTGGTGTCGTCT-1,OTI,2,32,1.5185139398778875
GGGAGTGGTGTGAGTT-1,C57BL6,0,0,0.0
GGGATAAGTCATTAAG-1,C57BL6,1,7,0.9030899869919435
GGGATAAGTCCTTCGG-1,OTI,1,4,0.6989700043360189
GGGATAAGTGCTTCGT-1,OTI,2,13,1.146128035678238
GGGATAAGTGGGTTTG-1,OTI,1,63,1.806179973983887
GGGATATAGAACGGCA-1,C57BL6,0,0,0.0
GGGATATAGATGGTGG-1,OTI,3,213,2.330413773349191
GGGATATAGCGAAGCA-1,OTI,1,4,0.6989700043360189
GGGATATAGCTCAGTA-1,C57BL6,1,7,0.9030899869919435
GGGATATAGGTCATGC-1,OTI,3,318,2.503790683057181
GGGATATAGGTCTAGC-1,C57BL6,0,0,0.0
GGGATATAGGTGCCCA-1,OTI,3,128,2.110589710299249
GGGATCAAGACTCGAC-1,OTI,2,3,0.6020599913279624
GGGATCAAGCTGCGAT-1,OTI,10,100,2.0043213737826426
GGGATGGGTGCCCGAG-1,OTI,4,133,2.1271047983648077
GGGATTACAAACACCT-1,C57BL6,1,1,0.3010299956639812
GGGATTACAAAGCAAT-1,C57BL6,2,6,0.8450980400142568
GGGATTACAATCGCCA-1,OTI,2,6,0.8450980400142568
GGGATTACAATGATCC-1,C57BL6,0,0,0.0
GGGATTACACCGTAAT-1,OTI,5,60,1.7853298350107671
GGGATTACACCTTCTA-1,C57BL6,1,5,0.7781512503836436
GGGATTACACGAACCC-1,OTI,1,12,1.1139433523068367
GGGATTGAGCAATAGA-1,C57BL6,0,0,0.0
GGGATTGAGCGTACAC-1,C57BL6,8,16,1.2304489213782739
GGGATTGAGGCATCGT-1,OTI,3,293,2.4683473304121573
GGGATTGAGGCGAAGC-1,OTI,0,0,0.0
GGGATTGAGGGGAATT-1,OTI,3,28,1.462397997898956
GGGCAAATCACCCCGT-1,C57BL6,0,0,0.0
GGGCAAATCCCAAATG-1,OTI,10,277,2.444044795918076
GGGCAAATCCCAACCC-1,OTI,2,51,1.7160033436347992
GGGCAAATCCTGCTAT-1,OTI,0,0,0.0
GGGCAAATCGGTTACA-1,C57BL6,1,8,0.9542425094393249
GGGCAAGGTATAGGGA-1,C57BL6,0,0,0.0
GGGCAAGGTCAACGTG-1,OTI,2,155,2.1931245983544616
GGGCAAGGTCGAGGAG-1,OTI,0,0,0.0
GGGCAAGGTCGTAGAT-1,OTI,2,90,1.9590413923210936
GGGCAAGGTGTAGCAT-1,OTI,7,143,2.1583624920952498
GGGCAATCAATGGGAC-1,C57BL6,1,3,0.6020599913279624
GGGCAATCACGGGTAG-1,OTI,8,96,1.9867717342662448
GGGCATAAGAACACCC-1,OTI,0,0,0.0
GGGCATAAGATAAGTG-1,OTI,0,0,0.0
GGGCATAAGATGAAGC-1,OTI,2,5,0.7781512503836436
GGGCATAAGCACCACG-1,OTI,5,235,2.3729120029701067
GGGCATAAGCACTGCG-1,OTI,5,319,2.505149978319906
GGGCATAAGCCTCATT-1,C57BL6,1,1,0.3010299956639812
GGGCATAAGCGATGGA-1,C57BL6,0,0,0.0
GGGCATAAGCTTGTCT-1,OTI,3,103,2.0170333392987803
GGGCATTTCAATATGC-1,OTI,2,306,2.4871383754771865
GGGCATTTCCCACCGT-1,C57BL6,0,0,0.0
GGGCATTTCCGGGTCA-1,OTI,5,155,2.1931245983544616
GGGCATTTCGGCTTAA-1,OTI,3,392,2.5943925503754266
GGGCATTTCGTCATCT-1,C57BL6,1,6,0.8450980400142568
GGGCATTTCGTTAGGC-1,C57BL6,0,0,0.0
GGGCCTATCACAAGCC-1,OTI,1,16,1.2304489213782739
GGGCCTATCCATGCCC-1,OTI,3,86,1.9395192526186185
GGGCCTATCCCATAAG-1,OTI,2,51,1.7160033436347992
GGGCCTATCCGACCCT-1,C57BL6,0,0,0.0
GGGCCTATCCTCGAAA-1,OTI,7,557,2.7466341989375787
GGGCCTATCGCACCCT-1,OTI,1,45,1.662757831681574
GGGCCTATCGCTGAGT-1,OTI,0,0,0.0
GGGCCTATCGGCCATG-1,OTI,2,18,1.2787536009528289
GGGCCTATCGGTGGTT-1,C57BL6,0,0,0.0
GGGCCTATCGGTTAAT-1,OTI,1,4,0.6989700043360189
GGGCGATAGACGGAGC-1,OTI,1,150,2.1789769472931693
GGGCGATAGAGTGGCA-1,OTI,4,36,1.568201724066995
GGGCGATAGATACCAT-1,OTI,3,99,2.0
GGGCGATAGATCGACC-1,OTI,4,84,1.9294189257142926
GGGCGATAGATCGTAT-1,C57BL6,1,5,0.7781512503836436
GGGCGATAGCACTCCC-1,C57BL6,0,0,0.0
GGGCGATAGCGATTAT-1,OTI,3,142,2.155336037465062
GGGCGATAGCTGACAC-1,OTI,3,56,1.7558748556724915
GGGCGATAGGGACAAT-1,OTI,1,3,0.6020599913279624
GGGCGATAGGGCGATA-1,OTI,1,10,1.0413926851582251
GGGCGATAGGTAGACG-1,C57BL6,0,0,0.0
GGGCGATAGGTAGTAA-1,OTI,0,0,0.0
GGGCGTACAAAATTCT-1,C57BL6,0,0,0.0
GGGCGTACAAGCTGGG-1,OTI,5,27,1.4471580313422192
GGGCGTACACCAGCTA-1,OTI,3,3,0.6020599913279624
GGGCGTACAGGCGTTC-1,OTI,3,25,1.414973347970818
GGGCGTACAGTTGAAG-1,C57BL6,1,5,0.7781512503836436
GGGCGTTGTATGCTGG-1,OTI,0,0,0.0
GGGCGTTGTCCAGGTA-1,OTI,1,180,2.2576785748691846
GGGCGTTGTCCTGTAC-1,OTI,4,301,2.4800069429571505
GGGCGTTGTCGTTCCG-1,C57BL6,0,0,0.0
GGGCGTTGTCTTAGGG-1,C57BL6,0,0,0.0
GGGCTAAAGAAGCATA-1,OTI,0,0,0.0
GGGCTAAAGACAATAG-1,OTI,5,100,2.0043213737826426
GGGCTAAAGCTCATAG-1,OTI,5,140,2.1492191126553797
GGGCTAGCAAACACTC-1,OTI,1,50,1.7075701760979363
GGGCTAGCAAACTAGG-1,C57BL6,1,1,0.3010299956639812
GGGCTAGCAAATATCT-1,OTI,4,57,1.7634279935629373
GGGCTAGCAGCGAATA-1,OTI,0,0,0.0
GGGCTAGCAGGACATA-1,C57BL6,0,0,0.0
GGGCTAGCAGGACCTC-1,OTI,0,0,0.0
GGGCTATTCAGGGTTC-1,OTI,0,0,0.0
GGGCTATTCATCGGGT-1,OTI,3,246,2.392696953259666
GGGCTATTCCATACCT-1,OTI,1,2,0.47712125471966244
GGGCTATTCCTCTCCT-1,OTI,3,18,1.2787536009528289
GGGCTATTCCTGGCTC-1,OTI,4,38,1.591064607026499
GGGCTATTCGGACTAC-1,OTI,3,109,2.041392685158225
GGGCTATTCGTAGCGT-1,OTI,5,83,1.9242792860618816
GGGCTATTCGTATAGT-1,OTI,4,94,1.9777236052888478
GGGCTCATCATAACGT-1,OTI,4,93,1.9731278535996986
GGGCTCATCCATATCC-1,C57BL6,1,5,0.7781512503836436
GGGCTCATCCTATGCT-1,OTI,2,551,2.741939077729199
GGGCTCATCGCACAAC-1,C57BL6,0,0,0.0
GGGCTCATCGCACGTG-1,OTI,7,67,1.8325089127062364
GGGCTCATCGGTTAGC-1,OTI,2,29,1.4771212547196624
GGGCTCATCGTTACTC-1,OTI,3,62,1.7993405494535817
GGGCTCTCAACGTCGC-1,C57BL6,1,19,1.3010299956639813
GGGCTCTCACTCCTAC-1,C57BL6,0,0,0.0
GGGCTTCCAAAGTGCA-1,OTI,2,16,1.2304489213782739
GGGCTTCCAAATTTCG-1,OTI,3,101,2.0086001717619175
GGGCTTCCAACGGCAG-1,OTI,1,97,1.9912260756924949
GGGCTTCCACCGACTA-1,OTI,3,26,1.4313637641589874
GGGCTTCCACGGCAAG-1,OTI,5,36,1.568201724066995
GGGCTTGTCAACACGC-1,OTI,2,29,1.4771212547196624
GGGCTTGTCACCTTAC-1,C57BL6,0,0,0.0
GGGCTTGTCATCGACA-1,C57BL6,2,29,1.4771212547196624
GGGCTTGTCATGGTCA-1,OTI,2,373,2.5728716022004803
GGGCTTGTCATGTGGC-1,C57BL6,1,17,1.255272505103306
GGGCTTGTCCCTACCA-1,OTI,0,0,0.0
GGGCTTGTCCTCGTCA-1,OTI,0,0,0.0
GGGCTTGTCCTCTAAC-1,C57BL6,1,10,1.0413926851582251
GGGCTTGTCCTGGGCA-1,OTI,4,39,1.6020599913279623
GGGCTTGTCGTCCCTA-1,C57BL6,0,0,0.0
GGGCTTGTCGTCGTAA-1,C57BL6,2,7,0.9030899869919435
GGGCTTTAGAGTCCAC-1,OTI,2,61,1.792391689498254
GGGCTTTAGATGAGGT-1,OTI,1,202,2.307496037913213
GGGCTTTAGCCAACCG-1,OTI,8,238,2.3783979009481375
GGGCTTTAGCGACGTT-1,OTI,6,109,2.041392685158225
GGGCTTTAGCGCTCGA-1,C57BL6,0,0,0.0
GGGCTTTAGCGTTTGA-1,OTI,1,12,1.1139433523068367
GGGCTTTAGGTAAGCG-1,C57BL6,0,0,0.0
GGGGAATGTAAGCCGC-1,C57BL6,0,0,0.0
GGGGAATGTAATTCAG-1,C57BL6,1,8,0.9542425094393249
GGGGAATGTACGCTTC-1,OTI,7,89,1.954242509439325
GGGGAATGTCAGCCTT-1,C57BL6,1,1,0.3010299956639812
GGGGAATGTCATTCTG-1,C57BL6,1,9,1.0
GGGGAATGTGCGTCTT-1,OTI,3,232,2.367355921026019
GGGGAATGTGTCGCGG-1,OTI,3,30,1.4913616938342726
GGGGAATGTGTTACCC-1,OTI,4,507,2.7058637122839193
GGGGATGGTACCCCAT-1,C57BL6,0,0,0.0
GGGGATGGTCAAAGGA-1,OTI,3,43,1.6434526764861874
GGGGATGGTCATCATT-1,OTI,3,47,1.6812412373755872
GGGGATGGTCCTAGTC-1,OTI,6,120,2.0827853703164503
GGGGATGGTCGACTAG-1,OTI,2,134,2.130333768495006
GGGGATGGTCTCGATC-1,OTI,7,306,2.4871383754771865
GGGGATGGTGTGTAGT-1,C57BL6,0,0,0.0
GGGGCATAGAAATTGG-1,OTI,9,13,1.146128035678238
GGGGCATAGACAAGCG-1,OTI,0,0,0.0
GGGGCATAGATAAGTG-1,OTI,4,183,2.2648178230095364
GGGGCATAGCGTGCAT-1,OTI,0,0,0.0
GGGGCATAGCTCAGTA-1,C57BL6,1,44,1.6532125137753437
GGGGCATAGGCGGATA-1,C57BL6,0,0,0.0
GGGGCATAGGTAGGTG-1,C57BL6,1,3,0.6020599913279624
GGGGCTACAATCACTA-1,OTI,0,0,0.0
GGGGCTACACAATCCG-1,OTI,3,96,1.9867717342662448
GGGGCTACACAATGTC-1,OTI,3,45,1.662757831681574
GGGGCTACACTTATCT-1,C57BL6,1,2,0.47712125471966244
GGGGCTACAGCAGCCT-1,C57BL6,0,0,0.0
GGGGCTACAGTGATAG-1,OTI,18,349,2.5440680443502757
GGGGCTTGTAACCCGA-1,C57BL6,0,0,0.0
GGGGCTTGTAAGTTGC-1,OTI,1,11,1.0791812460476249
GGGGCTTGTCATAAGC-1,C57BL6,0,0,0.0
GGGGCTTGTCGAGTGC-1,OTI,4,275,2.4409090820652177
GGGGCTTGTCTATTCG-1,OTI,1,2,0.47712125471966244
GGGGCTTGTCTCGATC-1,C57BL6,0,0,0.0
GGGGCTTGTCTTCAAT-1,OTI,2,24,1.3979400086720377
GGGGCTTGTGCACTAG-1,C57BL6,0,0,0.0
GGGGCTTGTGGTATTA-1,C57BL6,0,0,0.0
GGGGCTTGTGTGTGCA-1,OTI,4,112,2.0530784434834195
GGGGTAATCACAATTA-1,OTI,8,140,2.1492191126553797
GGGGTAATCACCTCTG-1,OTI,5,209,2.322219294733919
GGGGTAATCACTCTCG-1,C57BL6,4,79,1.9030899869919435
GGGGTAATCATCCGTT-1,OTI,1,8,0.9542425094393249
GGGGTAATCATCTCCG-1,OTI,1,5,0.7781512503836436
GGGGTAATCATTAACA-1,OTI,1,8,0.9542425094393249
GGGGTAATCCAGCATA-1,OTI,3,71,1.8573324964312685
GGGGTAATCCAGTAAT-1,C57BL6,1,6,0.8450980400142568
GGGGTACAGAAGTGTA-1,OTI,3,63,1.806179973983887
GGGGTACAGCTTGGGT-1,OTI,3,21,1.3424226808222062
GGGGTACAGGTAGTTT-1,OTI,2,22,1.3617278360175928
GGGGTAGGTACTGCAG-1,OTI,1,13,1.146128035678238
GGGGTAGGTAGCGTAT-1,OTI,0,0,0.0
GGGGTAGGTATCATTC-1,C57BL6,1,3,0.6020599913279624
GGGGTAGGTATTGCCC-1,C57BL6,0,0,0.0
GGGGTAGGTCGCCGTC-1,OTI,0,0,0.0
GGGGTAGGTCTACTGC-1,OTI,5,372,2.571708831808688
GGGGTAGGTGGCGATC-1,OTI,1,13,1.146128035678238
GGGGTAGGTGGTACTG-1,OTI,1,10,1.0413926851582251
GGGGTAGGTGTACCCT-1,C57BL6,2,26,1.4313637641589874
GGGGTAGGTGTCGAGC-1,C57BL6,0,0,0.0
GGGGTCTGTAAGCATC-1,OTI,0,0,0.0
GGGGTCTGTATAAGCC-1,OTI,0,0,0.0
GGGGTCTGTGCGAAGG-1,C57BL6,2,17,1.255272505103306
GGGGTCTGTGTGCGCG-1,OTI,0,0,0.0
GGGGTTAAGCCTATTC-1,OTI,0,0,0.0
GGGGTTAAGCTACACA-1,OTI,3,39,1.6020599913279623
GGGGTTCGTCGACTTC-1,OTI,1,3,0.6020599913279624
GGGGTTCGTCGAGGGA-1,OTI,1,4,0.6989700043360189
GGGGTTCGTCGAGTGC-1,OTI,8,110,2.0453229787866576
GGGGTTCGTGGAAGTA-1,OTI,0,0,0.0
GGGGTTCGTGGATTCG-1,C57BL6,0,0,0.0
GGGGTTCGTGGGCGTT-1,C57BL6,0,0,0.0
GGGTAATAGAAGCCGA-1,OTI,2,294,2.469822015978163
GGGTAATAGATTGAGA-1,C57BL6,0,0,0.0
GGGTAATAGCACGGTT-1,OTI,3,52,1.724275869600789
GGGTAATAGCACTCCC-1,OTI,6,129,2.113943352306837
GGGTAATAGCTATGGC-1,OTI,2,314,2.4983105537896004
GGGTACAAGACACCGT-1,C57BL6,0,0,0.0
GGGTACAAGAGGTATA-1,OTI,0,0,0.0
GGGTACAAGATTGCAT-1,C57BL6,0,0,0.0
GGGTACAAGCGCCCAA-1,OTI,5,36,1.568201724066995
GGGTACAAGCTCTAGA-1,OTI,5,62,1.7993405494535817
GGGTACAAGGCTCATA-1,OTI,5,6,0.8450980400142568
GGGTAGCAGCTACACA-1,OTI,3,177,2.250420002308894
GGGTAGCAGCTGGTCG-1,OTI,1,4,0.6989700043360189
GGGTAGCAGGCCTATA-1,OTI,0,0,0.0
GGGTAGGGTATAGGCT-1,OTI,2,9,1.0
GGGTAGGGTATGCCTC-1,OTI,3,77,1.8920946026904804
GGGTAGGGTATGGTCG-1,OTI,5,115,2.0644579892269186
GGGTAGGGTCGTGGGT-1,C57BL6,0,0,0.0
GGGTAGGGTGGGAGCA-1,OTI,6,140,2.1492191126553797
GGGTAGGGTGTCATGG-1,OTI,0,0,0.0
GGGTAGGGTGTCTCCG-1,OTI,2,16,1.2304489213782739
GGGTATACAACGCGAG-1,OTI,5,161,2.2095150145426308
GGGTATACAATTGACC-1,OTI,3,129,2.113943352306837
GGGTATACACAACATC-1,OTI,1,12,1.1139433523068367
GGGTATACACTCGGAC-1,OTI,0,0,0.0
GGGTATCTCAAGTCCA-1,OTI,2,36,1.568201724066995
GGGTATCTCACCAAGC-1,OTI,4,93,1.9731278535996986
GGGTATCTCCAGTATG-1,OTI,1,5,0.7781512503836436
GGGTATCTCCCGCTTA-1,OTI,2,5,0.7781512503836436
GGGTATCTCCCTTCCT-1,OTI,0,0,0.0
GGGTATCTCGCTAAAT-1,OTI,2,2,0.47712125471966244
GGGTATCTCGGAAGCA-1,OTI,1,3,0.6020599913279624
GGGTATCTCGGTATGC-1,C57BL6,1,5,0.7781512503836436
GGGTATGAGAACGGAT-1,OTI,3,290,2.4638929889859074
GGGTATGAGACTGCCG-1,OTI,2,336,2.5276299008713385
GGGTATGAGATTAACC-1,OTI,0,0,0.0
GGGTATGAGCAGCGTT-1,OTI,6,281,2.450249108319361
GGGTATGAGCTACTGA-1,OTI,5,163,2.214843848047698
GGGTATGAGGGAGCGT-1,C57BL6,2,24,1.3979400086720377
GGGTATGAGGTCCATA-1,OTI,1,19,1.3010299956639813
GGGTATTGTCGCATCT-1,OTI,2,17,1.255272505103306
GGGTATTGTCGTTAAA-1,OTI,10,660,2.82020145948564
GGGTATTGTGTTAATG-1,OTI,0,0,0.0
GGGTCAGCAAAGTTCC-1,OTI,4,65,1.8195439355418688
GGGTCAGCAAGCATAG-1,OTI,3,139,2.146128035678238
GGGTCAGCACAGCGTC-1,OTI,6,188,2.2764618041732443
GGGTCAGCACCCACAA-1,OTI,0,0,0.0
GGGTCAGCACCTATAA-1,C57BL6,0,0,0.0
GGGTCAGCAGTTACCG-1,C57BL6,0,0,0.0
GGGTCATTCACAACTG-1,C57BL6,1,3,0.6020599913279624
GGGTCATTCACCAAGC-1,OTI,2,9,1.0
GGGTCATTCATCGCTT-1,OTI,5,370,2.569373909615046
GGGTCATTCATGACCA-1,OTI,2,45,1.662757831681574
GGGTCATTCCGTTCGC-1,OTI,3,96,1.9867717342662448
GGGTCATTCCTACGCC-1,C57BL6,0,0,0.0
GGGTCATTCCTCGGGA-1,OTI,6,99,2.0
GGGTCCATCAACAGGG-1,OTI,2,13,1.146128035678238
GGGTCCATCACATCTC-1,C57BL6,1,1,0.3010299956639812
GGGTCCATCGTAGGTC-1,OTI,3,32,1.5185139398778875
GGGTCTAGTACATATG-1,C57BL6,1,1,0.3010299956639812
GGGTCTAGTCCGTTTA-1,OTI,1,30,1.4913616938342726
GGGTCTCCAACGTCCA-1,C57BL6,1,19,1.3010299956639813
GGGTCTCCAGTTCAGT-1,OTI,1,8,0.9542425094393249
GGGTGAGGTAGGATTC-1,OTI,8,283,2.4533183400470375
GGGTGAGGTATATGGC-1,OTI,2,11,1.0791812460476249
GGGTGAGGTATGGAGA-1,C57BL6,0,0,0.0
GGGTGAGGTCGGCTGG-1,C57BL6,1,4,0.6989700043360189
GGGTGAGGTCGTATAA-1,OTI,0,0,0.0
GGGTGAGGTGTCATGG-1,OTI,3,29,1.4771212547196624
GGGTGAGGTGTGCCTT-1,C57BL6,0,0,0.0
GGGTGCACAAATTTCG-1,OTI,6,358,2.5550944485783194
GGGTGCACACCGGTTA-1,OTI,1,10,1.0413926851582251
GGGTGCACACTCACTC-1,OTI,5,66,1.8260748027008264
GGGTGCACACTGGGAG-1,OTI,4,4,0.6989700043360189
GGGTGCACAGCGTAGG-1,OTI,0,0,0.0
GGGTGCACAGTGTCAT-1,OTI,3,83,1.9242792860618816
GGGTGCTGTATTACCT-1,OTI,2,38,1.591064607026499
GGGTGCTGTCGCGCTC-1,C57BL6,0,0,0.0
GGGTGCTGTGGCGGTT-1,OTI,4,607,2.783903579272735
GGGTGTAAGATCCACA-1,C57BL6,1,4,0.6989700043360189
GGGTGTAAGCCATCGG-1,C57BL6,4,11,1.0791812460476249
GGGTGTAAGCTAGCCG-1,OTI,1,2,0.47712125471966244
GGGTGTAAGCTGCATA-1,OTI,2,24,1.3979400086720377
GGGTGTCGTAACCGTG-1,C57BL6,1,1,0.3010299956639812
GGGTGTCGTACAAGAG-1,OTI,2,30,1.4913616938342726
GGGTGTCGTACCACTC-1,OTI,0,0,0.0
GGGTGTCGTAGGACGG-1,C57BL6,0,0,0.0
GGGTGTCGTATATCAG-1,OTI,5,38,1.591064607026499
GGGTGTCGTATTCGGG-1,C57BL6,0,0,0.0
GGGTGTCGTATTCTGT-1,C57BL6,0,0,0.0
GGGTGTCGTCACCGTT-1,OTI,6,128,2.110589710299249
GGGTGTCGTCTCCGCA-1,OTI,0,0,0.0
GGGTGTCGTGGATGGG-1,OTI,6,169,2.230448921378274
GGGTTAACAAGGATAT-1,OTI,0,0,0.0
GGGTTAACAAGTACAG-1,OTI,4,184,2.2671717284030137
GGGTTAACAAGTTAGG-1,OTI,3,29,1.4771212547196624
GGGTTAACACTGATTA-1,C57BL6,0,0,0.0
GGGTTAACAGTAGTAG-1,C57BL6,1,6,0.8450980400142568
GGGTTACTCAACTGCA-1,OTI,2,5,0.7781512503836436
GGGTTACTCAGACGCT-1,OTI,2,29,1.4771212547196624
GGGTTACTCAGACTTG-1,OTI,4,130,2.1172712956557644
GGGTTACTCATAAGTC-1,OTI,2,45,1.662757831681574
GGGTTACTCCACAACA-1,OTI,4,75,1.8808135922807914
GGGTTACTCCCCTATG-1,OTI,2,2,0.47712125471966244
GGGTTACTCCCTACAT-1,C57BL6,1,3,0.6020599913279624
GGGTTACTCCCTTCAG-1,OTI,1,10,1.0413926851582251
GGGTTACTCCCTTTAA-1,OTI,2,16,1.2304489213782739
GGGTTACTCCGATAAT-1,OTI,9,184,2.2671717284030137
GGGTTAGAGAGGCGTA-1,C57BL6,0,0,0.0
GGGTTAGAGAGTTGGG-1,C57BL6,1,8,0.9542425094393249
GGGTTAGAGCGATGAG-1,OTI,7,148,2.173186268412274
GGGTTAGAGCGGCTTG-1,C57BL6,0,0,0.0
GGGTTAGAGCTACTGA-1,C57BL6,0,0,0.0
GGGTTATGTAGCCCTT-1,C57BL6,1,38,1.591064607026499
GGGTTATGTCAGCAAT-1,C57BL6,0,0,0.0
GGGTTATGTGGCCTGG-1,OTI,1,23,1.380211241711606
GGGTTATGTGTCCCAT-1,OTI,0,0,0.0
GGGTTCAGTCAATTCT-1,OTI,3,67,1.8325089127062364
GGGTTCAGTCCAGAAT-1,OTI,3,30,1.4913616938342726
GGGTTCAGTCCAGTTC-1,OTI,4,257,2.41161970596323
GGGTTCCCAACCTCAG-1,OTI,4,137,2.1398790864012365
GGGTTCCCAATAAGTA-1,C57BL6,0,0,0.0
GGGTTCCCACACTACG-1,C57BL6,0,0,0.0
GGGTTCCCACGAGCGA-1,OTI,3,303,2.482873583608754
GGGTTCCCACTACATA-1,OTI,0,0,0.0
GGGTTCCCACTACGAT-1,OTI,1,4,0.6989700043360189
GGGTTCCCAGTAACCT-1,OTI,2,254,2.406540180433955
GGGTTCCCAGTCTATA-1,C57BL6,0,0,0.0
GGGTTCGTCAAGGCTC-1,C57BL6,0,0,0.0
GGGTTCGTCAGTATGT-1,OTI,2,17,1.255272505103306
GGGTTCGTCCGTCGTC-1,OTI,2,320,2.506505032404872
GGGTTGAAGAAGTACA-1,OTI,2,136,2.1367205671564067
GGGTTGAAGATGGTTT-1,OTI,4,62,1.7993405494535817
GGGTTGAAGCTCCTCA-1,OTI,1,4,0.6989700043360189
GGGTTGAAGCTCGAAC-1,OTI,0,0,0.0
GGGTTGAAGGCACGAA-1,OTI,0,0,0.0
GGGTTGAAGGCATCAC-1,OTI,1,164,2.2174839442139063
GGGTTGAAGGCTTCCC-1,OTI,6,209,2.322219294733919
GGGTTGAAGGTCTGGT-1,OTI,4,47,1.6812412373755872
GGGTTGAAGGTTCAGC-1,OTI,2,71,1.8573324964312685
GGGTTGCGTAGTCGGC-1,C57BL6,0,0,0.0
GGGTTGCGTATGGCGC-1,C57BL6,1,16,1.2304489213782739
GGGTTGCGTCTGCATC-1,OTI,2,164,2.2174839442139063
GGGTTTCAGAACTTCG-1,C57BL6,0,0,0.0
GGGTTTCAGAAGGCGC-1,OTI,1,15,1.2041199826559248
GGGTTTCAGACCTATG-1,OTI,0,0,0.0
GGGTTTCAGATAAGCA-1,OTI,2,11,1.0791812460476249
GGGTTTCAGATCGATT-1,OTI,3,58,1.7708520116421442
GGGTTTCAGCAAGCCT-1,OTI,5,92,1.968482948553935
GGGTTTCAGCCGGATT-1,C57BL6,0,0,0.0
GGGTTTCAGCTAACAT-1,C57BL6,1,10,1.0413926851582251
GGGTTTCAGGGGCTTT-1,OTI,1,23,1.380211241711606
GGGTTTCAGGTGCCAT-1,OTI,0,0,0.0
GGGTTTGGTACAAGGA-1,C57BL6,0,0,0.0
GGGTTTGGTAGCGGAG-1,C57BL6,0,0,0.0
GGGTTTGGTCGTGGTA-1,OTI,0,0,0.0
GGTAAAGGTAGTCTGG-1,OTI,4,245,2.3909351071033793
GGTAAAGGTCCTCGAT-1,OTI,0,0,0.0
GGTAAAGGTGGGTTGC-1,OTI,1,76,1.8864907251724818
GGTAAAGGTGGTAGGG-1,C57BL6,0,0,0.0
GGTAAATCAAACGCGG-1,OTI,6,143,2.1583624920952498
GGTAAATCAAGGATAT-1,OTI,2,106,2.0293837776852097
GGTAAATCACACTAAC-1,C57BL6,1,1,0.3010299956639812
GGTAAATCACATATCA-1,OTI,3,264,2.423245873936808
GGTAAATCACCAACGC-1,OTI,6,105,2.0253058652647704
GGTAAATCACCGGACT-1,OTI,5,127,2.1072099696478683
GGTAAATCAGCCAAGG-1,OTI,0,0,0.0
GGTAACACAATACGCT-1,OTI,3,14,1.1760912590556813
GGTAACACACCAGCTA-1,OTI,4,26,1.4313637641589874
GGTAACACAGTGTAAG-1,C57BL6,0,0,0.0
GGTAAGCCAAACCCAT-1,OTI,4,70,1.8512583487190752
GGTAAGCCACTATGGT-1,OTI,1,2,0.47712125471966244
GGTAAGCCAGTGTGGG-1,OTI,1,8,0.9542425094393249
GGTAAGTAGAAACCGG-1,OTI,1,21,1.3424226808222062
GGTAAGTAGAATACAG-1,OTI,4,36,1.568201724066995
GGTAAGTAGACTGCGT-1,C57BL6,1,1,0.3010299956639812
GGTAAGTAGGCAAAGT-1,OTI,3,70,1.8512583487190752
GGTAAGTAGGCTATTG-1,C57BL6,0,0,0.0
GGTAAGTAGGGCATGA-1,C57BL6,0,0,0.0
GGTAATCGTACGGTTG-1,OTI,8,144,2.161368002234975
GGTAATCGTCATCTCA-1,OTI,3,76,1.8864907251724818
GGTAATCGTGCCTTGT-1,OTI,3,101,2.0086001717619175
GGTAATCGTGGCTTTC-1,OTI,3,107,2.03342375548695
GGTAATTTCAGTTATA-1,OTI,1,8,0.9542425094393249
GGTAATTTCATACTAA-1,C57BL6,1,5,0.7781512503836436
GGTAATTTCATATCCC-1,C57BL6,1,3,0.6020599913279624
GGTAATTTCCTAAAGT-1,OTI,3,9,1.0
GGTAATTTCCTACTAC-1,OTI,0,0,0.0
GGTAATTTCCTTCATA-1,C57BL6,1,12,1.1139433523068367
GGTAATTTCGGCATTA-1,OTI,1,53,1.7323937598229686
GGTAATTTCGGGTCCA-1,C57BL6,3,52,1.724275869600789
GGTAATTTCGTTGGCG-1,OTI,3,8,0.9542425094393249
GGTACAACAAAACGCA-1,OTI,2,30,1.4913616938342726
GGTACAACAACCAGAA-1,C57BL6,1,15,1.2041199826559248
GGTACAACAACTCCCT-1,C57BL6,0,0,0.0
GGTACAACAATACGCT-1,OTI,4,32,1.5185139398778875
GGTACAACACCATACG-1,OTI,1,53,1.7323937598229686
GGTACAACACCTAGCA-1,OTI,2,50,1.7075701760979363
GGTACAACACGGCTTA-1,OTI,9,50,1.7075701760979363
GGTACAACACTCTCCG-1,OTI,1,4,0.6989700043360189
GGTACAACACTTAGCG-1,OTI,6,116,2.0681858617461617
GGTACAGAGAGTTGGG-1,C57BL6,0,0,0.0
GGTACAGAGCAACATT-1,OTI,0,0,0.0
GGTACAGAGCGATGGA-1,C57BL6,0,0,0.0
GGTACAGAGCTAATCG-1,OTI,2,50,1.7075701760979363
GGTACAGAGCTACACA-1,OTI,5,55,1.7481880270062005
GGTACAGAGCTACGAC-1,C57BL6,1,7,0.9030899869919435
GGTACAGAGGGAATTA-1,C57BL6,1,2,0.47712125471966244
GGTACAGAGGGTGAAT-1,C57BL6,0,0,0.0
GGTACGAAGACGATGG-1,OTI,0,0,0.0
GGTACGAAGCTGAATT-1,OTI,5,236,2.374748346010104
GGTACGAAGGTTCTAG-1,OTI,2,7,0.9030899869919435
GGTACGTTCAGTTGCA-1,OTI,4,175,2.24551266781415
GGTACGTTCATGTCAG-1,OTI,2,143,2.1583624920952498
GGTACGTTCCAAGCGT-1,C57BL6,1,8,0.9542425094393249
GGTACGTTCGTGTACA-1,C57BL6,2,11,1.0791812460476249
GGTACTATCAAATCAC-1,OTI,2,70,1.8512583487190752
GGTACTATCAACGCAC-1,OTI,3,21,1.3424226808222062
GGTACTATCACCAAAT-1,OTI,5,124,2.0969100130080562
GGTACTATCATATCCC-1,C57BL6,0,0,0.0
GGTACTATCCTGACAA-1,OTI,6,248,2.3961993470957363
GGTACTATCGTATAAC-1,OTI,1,113,2.0569048513364727
GGTACTATCGTATCAG-1,OTI,4,23,1.380211241711606
GGTACTGGTACAGCGC-1,C57BL6,1,5,0.7781512503836436
GGTACTGGTACGCAAT-1,OTI,4,221,2.346352974450639
GGTACTGGTATATTGG-1,C57BL6,1,8,0.9542425094393249
GGTACTGGTATCCGAG-1,OTI,8,217,2.3384564936046046
GGTACTGGTATTACCT-1,OTI,1,80,1.9084850188786497
GGTACTGGTCAGGTAT-1,C57BL6,1,1,0.3010299956639812
GGTACTGGTCCATTTG-1,OTI,0,0,0.0
GGTACTGGTCCGGCCT-1,OTI,0,0,0.0
GGTACTGGTCGCCCGT-1,OTI,3,1478,3.1699681739968923
GGTACTGGTGCACAGC-1,OTI,0,0,0.0
GGTAGCAAGACCATGC-1,C57BL6,0,0,0.0
GGTAGCAAGAGCATGG-1,C57BL6,0,0,0.0
GGTAGCAAGATTGAAG-1,C57BL6,0,0,0.0
GGTAGCAAGCACCTCC-1,OTI,2,6,0.8450980400142568
GGTAGCAAGCTAGCGT-1,OTI,4,43,1.6434526764861874
GGTAGCAAGGGCGTAA-1,OTI,0,0,0.0
GGTAGCAAGGTAGGCA-1,OTI,6,239,2.380211241711606
GGTAGCCGTACCAGAT-1,OTI,0,0,0.0
GGTAGCCGTACTTATC-1,OTI,0,0,0.0
GGTAGCCGTAGGCCGT-1,OTI,2,20,1.3222192947339193
GGTAGCCGTCAGCCCC-1,OTI,3,117,2.0718820073061255
GGTAGCCGTCCATCCG-1,OTI,5,51,1.7160033436347992
GGTAGCCGTCGTAGAT-1,C57BL6,0,0,0.0
GGTAGCCGTCGTAGTG-1,OTI,4,23,1.380211241711606
GGTAGCCGTGTCGCTT-1,OTI,1,47,1.6812412373755872
GGTAGCGCAACTATCA-1,OTI,4,200,2.303196057420489
GGTAGCGCACAGTTTA-1,C57BL6,0,0,0.0
GGTAGCGCAGCGTGAG-1,OTI,6,395,2.597695185925512
GGTAGCGCAGTGATTC-1,OTI,0,0,0.0
GGTAGCTTCACATTGG-1,C57BL6,1,7,0.9030899869919435
GGTAGCTTCATCCTAC-1,C57BL6,0,0,0.0
GGTAGCTTCATTCTCA-1,OTI,4,672,2.828015064223977
GGTAGCTTCCAAGTAT-1,OTI,2,693,2.841359470454855
GGTAGCTTCCCACTTG-1,C57BL6,0,0,0.0
GGTAGCTTCGTGCATA-1,OTI,0,0,0.0
GGTAGGCAGACAACCC-1,OTI,3,38,1.591064607026499
GGTAGGCAGAGAGTTA-1,OTI,2,58,1.7708520116421442
GGTAGGCAGATCACAT-1,OTI,1,6,0.8450980400142568
GGTAGGCAGCACAGGA-1,OTI,0,0,0.0
GGTAGGCAGGCGATAG-1,OTI,0,0,0.0
GGTAGGCAGGTCATCA-1,OTI,5,111,2.0492180226701815
GGTAGGCAGGTCCTTT-1,OTI,1,7,0.9030899869919435
GGTAGGCAGGTCGGAA-1,C57BL6,0,0,0.0
GGTAGGGGTACTTGCC-1,C57BL6,0,0,0.0
GGTAGGGGTCACTATT-1,OTI,1,20,1.3222192947339193
GGTAGGGGTCGACGGT-1,OTI,5,76,1.8864907251724818
GGTAGGGGTCTTCTCT-1,OTI,1,15,1.2041199826559248
GGTAGGGGTGGCTTAG-1,C57BL6,0,0,0.0
GGTAGGGGTGTGCAAT-1,C57BL6,0,0,0.0
GGTAGGGGTGTTGGGC-1,OTI,0,0,0.0
GGTAGTGAGAACAGAC-1,C57BL6,1,1,0.3010299956639812
GGTAGTGAGACTTTGG-1,OTI,0,0,0.0
GGTAGTGAGAGTAAGC-1,OTI,1,24,1.3979400086720377
GGTAGTGAGCGCTGCA-1,OTI,4,136,2.1367205671564067
GGTAGTGAGGGAGCGT-1,C57BL6,2,16,1.2304489213782739
GGTAGTGAGGGGCGAT-1,C57BL6,0,0,0.0
GGTAGTTGTAAAGCTC-1,C57BL6,0,0,0.0
GGTAGTTGTACCTATT-1,C57BL6,0,0,0.0
GGTAGTTGTATAAGCC-1,OTI,7,126,2.103803720955957
GGTAGTTGTCCGTCTG-1,C57BL6,0,0,0.0
GGTAGTTGTCGCCTAT-1,C57BL6,2,30,1.4913616938342726
GGTAGTTGTGCAAGGG-1,OTI,0,0,0.0
GGTAGTTGTGGACCGT-1,OTI,2,42,1.6334684555795864
GGTAGTTGTGGAGTAA-1,OTI,0,0,0.0
GGTAGTTGTGTAGGTT-1,C57BL6,0,0,0.0
GGTATATTCAACCCTT-1,OTI,5,447,2.651278013998144
GGTATATTCACATAAC-1,OTI,1,5,0.7781512503836436
GGTATATTCCACCCGT-1,OTI,2,16,1.2304489213782739
GGTATATTCCAGCCCT-1,OTI,2,4,0.6989700043360189
GGTATATTCCTGCACC-1,OTI,3,114,2.060697840353612
GGTATATTCGTTATAA-1,OTI,4,733,2.8656960599160706
GGTATCCAGAGTTGAA-1,OTI,2,16,1.2304489213782739
GGTATCCAGATTACGT-1,OTI,5,28,1.462397997898956
GGTATCCAGCCGTCAG-1,C57BL6,0,0,0.0
GGTATCCAGCGCTTGG-1,OTI,5,246,2.392696953259666
GGTATCCAGCGTAACC-1,OTI,0,0,0.0
GGTATCCAGCGTATAT-1,OTI,2,18,1.2787536009528289
GGTATCCAGGCTTCAA-1,C57BL6,1,6,0.8450980400142568
GGTATCCAGGTCGTAC-1,C57BL6,5,32,1.5185139398778875
GGTATCTCAAACGAGC-1,OTI,1,247,2.3944516808262164
GGTATCTCAACCAAGA-1,OTI,3,29,1.4771212547196624
GGTATCTCAACCCATG-1,C57BL6,3,9,1.0
GGTATCTCAACGAAAT-1,OTI,8,66,1.8260748027008264
GGTATCTCACCAGGGA-1,OTI,8,137,2.1398790864012365
GGTATCTCACCCTTAC-1,OTI,1,45,1.662757831681574
GGTATCTCACGACACC-1,OTI,4,23,1.380211241711606
GGTATCTCACGGAAAC-1,OTI,0,0,0.0
GGTATCTCAGGGCTCT-1,OTI,5,81,1.9138138523837167
GGTATGCTCAAGCACC-1,OTI,0,0,0.0
GGTATGCTCAATATTG-1,OTI,2,45,1.662757831681574
GGTATGCTCACCCATT-1,C57BL6,0,0,0.0
GGTATGCTCCGCTAAA-1,OTI,7,43,1.6434526764861874
GGTATGCTCCGCTCTA-1,OTI,1,24,1.3979400086720377
GGTATGCTCCGTGTCC-1,OTI,9,114,2.060697840353612
GGTATGCTCCTAATGG-1,OTI,9,331,2.5211380837040362
GGTATGCTCCTGTCGC-1,OTI,2,76,1.8864907251724818
GGTATGTGTAATGTCA-1,OTI,1,7,0.9030899869919435
GGTATGTGTACGCTTC-1,OTI,1,2,0.47712125471966244
GGTATGTGTATAAGGG-1,OTI,4,390,2.5921767573958667
GGTATGTGTATAGGAG-1,C57BL6,1,73,1.8692317197309762
GGTATGTGTCAGCAAT-1,C57BL6,3,22,1.3617278360175928
GGTATGTGTCATTCTG-1,C57BL6,1,11,1.0791812460476249
GGTATGTGTCCGCCGT-1,OTI,8,266,2.4265112613645754
GGTATGTGTCCGCTAT-1,OTI,4,220,2.3443922736851106
GGTATGTGTCTATGGG-1,OTI,9,425,2.629409599102719
GGTATGTGTCTTGGAG-1,C57BL6,1,41,1.6232492903979006
GGTATGTGTGGGGTCT-1,OTI,4,125,2.100370545117563
GGTATTAGTCTAAGGT-1,C57BL6,3,196,2.294466226161593
GGTATTAGTGCGTTTC-1,OTI,0,0,0.0
GGTATTAGTGTAAGGA-1,OTI,1,2,0.47712125471966244
GGTATTAGTGTGTCCT-1,OTI,2,23,1.380211241711606
GGTATTAGTGTGTGCA-1,OTI,0,0,0.0
GGTATTCCAAACCGGG-1,OTI,8,512,2.7101173651118162
GGTATTCCAACGAGAC-1,OTI,2,12,1.1139433523068367
GGTATTCCACCGCAGT-1,C57BL6,0,0,0.0
GGTATTCCACGGGGTA-1,OTI,6,127,2.1072099696478683
GGTATTCCACTATGAC-1,OTI,4,137,2.1398790864012365
GGTATTCCACTTCTAT-1,C57BL6,1,2,0.47712125471966244
GGTATTCCAGCTTATA-1,C57BL6,0,0,0.0
GGTATTCCAGTTACTA-1,C57BL6,1,3,0.6020599913279624
GGTATTGTCAATGTTA-1,OTI,3,94,1.9777236052888478
GGTATTGTCAGCATTG-1,C57BL6,0,0,0.0
GGTATTGTCCATCGTT-1,C57BL6,1,5,0.7781512503836436
GGTATTGTCCGTGAGT-1,C57BL6,1,4,0.6989700043360189
GGTATTGTCGCCAATA-1,OTI,1,131,2.12057393120585
GGTATTGTCGGCGTTG-1,OTI,2,14,1.1760912590556813
GGTCAACTCACGCGCA-1,OTI,3,46,1.6720978579357175
GGTCAACTCAGCATTG-1,C57BL6,5,245,2.3909351071033793
GGTCAACTCATCCCCA-1,C57BL6,3,22,1.3617278360175928
GGTCAACTCCGAGCAT-1,C57BL6,0,0,0.0
GGTCAACTCCTATTGC-1,OTI,0,0,0.0
GGTCAACTCCTGCGTC-1,OTI,1,3,0.6020599913279624
GGTCAACTCCTTCATA-1,OTI,4,380,2.5809249756756194
GGTCAACTCGCTGTGG-1,OTI,1,131,2.12057393120585
GGTCAATGTAATCTCT-1,C57BL6,1,2,0.47712125471966244
GGTCAATGTAGTGCGC-1,OTI,3,99,2.0
GGTCAATGTGCTATCC-1,OTI,3,53,1.7323937598229686
GGTCAATGTGGGTGAG-1,OTI,2,357,2.5538830266438746
GGTCAATGTGTTCAGG-1,C57BL6,0,0,0.0
GGTCAATGTGTTGCAG-1,C57BL6,1,4,0.6989700043360189
GGTCAGTTCATAACAC-1,OTI,3,69,1.845098040014257
GGTCAGTTCATTCAAA-1,OTI,1,473,2.6757783416740852
GGTCAGTTCCCCAGCT-1,OTI,6,187,2.27415784926368
GGTCAGTTCCCTTTGG-1,OTI,3,144,2.161368002234975
GGTCAGTTCGCGTCGA-1,OTI,16,258,2.413299764081252
GGTCAGTTCGCGTGCA-1,OTI,0,0,0.0
GGTCAGTTCGTGCAGT-1,OTI,4,38,1.591064607026499
GGTCATATCAAACCCA-1,OTI,0,0,0.0
GGTCATATCCCTAATC-1,C57BL6,0,0,0.0
GGTCATATCCCTACGC-1,OTI,1,2,0.47712125471966244
GGTCATATCGTTCGTT-1,C57BL6,2,2,0.47712125471966244
GGTCATTCAACGGGAT-1,OTI,4,27,1.4471580313422192
GGTCATTCAAGCTGAA-1,C57BL6,1,10,1.0413926851582251
GGTCATTCAAGTACTC-1,C57BL6,1,4,0.6989700043360189
GGTCATTCAATATTCG-1,OTI,3,30,1.4913616938342726
GGTCATTCACACTAAC-1,C57BL6,2,30,1.4913616938342726
GGTCATTCAGCGACGA-1,OTI,2,150,2.1789769472931693
GGTCCCCGTATCACGG-1,C57BL6,0,0,0.0
GGTCCCCGTCATAGGT-1,OTI,6,141,2.1522883443830563
GGTCCCCGTCCGTGTT-1,OTI,1,1,0.3010299956639812
GGTCCCCGTCGCGTCC-1,OTI,5,52,1.724275869600789
GGTCCCCGTCTAGCTC-1,C57BL6,0,0,0.0
GGTCCCTTCACGACTA-1,OTI,3,173,2.2405492482826
GGTCCCTTCCACTCCA-1,OTI,3,103,2.0170333392987803
GGTCCCTTCCAGGTTA-1,OTI,0,0,0.0
GGTCCTCTCAAGGCTC-1,C57BL6,0,0,0.0
GGTCCTCTCACAAGCC-1,OTI,2,105,2.0253058652647704
GGTCCTCTCCCTATAC-1,C57BL6,0,0,0.0
GGTCCTCTCCGCTTCA-1,C57BL6,2,11,1.0791812460476249
GGTCCTCTCCTCGCAC-1,OTI,0,0,0.0
GGTCGCATCAATCGTG-1,OTI,4,63,1.806179973983887
GGTCGCATCAATTGGT-1,OTI,3,64,1.8129133566428555
GGTCGCATCACGCTAA-1,OTI,3,10,1.0413926851582251
GGTCGCATCAGACACC-1,OTI,7,194,2.290034611362518
GGTCGCATCATTCATT-1,OTI,2,28,1.462397997898956
GGTCGCATCCAAACCA-1,C57BL6,0,0,0.0
GGTCGCATCCAGCAAC-1,C57BL6,0,0,0.0
GGTCGCATCCCCTATG-1,C57BL6,1,1,0.3010299956639812
GGTCGCATCGTCTCAT-1,C57BL6,0,0,0.0
GGTCGTCCAACAATTT-1,OTI,1,10,1.0413926851582251
GGTCGTCCAACCTATA-1,OTI,3,64,1.8129133566428555
GGTCGTCCACCACAAT-1,OTI,2,8,0.9542425094393249
GGTCGTCCACTTAAAT-1,C57BL6,0,0,0.0
GGTCGTCCACTTAACA-1,OTI,4,18,1.2787536009528289
GGTCGTTAGACTCCAA-1,OTI,1,60,1.7853298350107671
GGTCGTTAGGGAAACT-1,OTI,5,134,2.130333768495006
GGTCGTTAGGTAGAAC-1,OTI,3,32,1.5185139398778875
GGTCTAATCAACGAAA-1,OTI,4,99,2.0
GGTCTAATCACTACCT-1,OTI,2,25,1.414973347970818
GGTCTAATCCGGTATA-1,OTI,9,102,2.012837224705172
GGTCTAATCCTTAACC-1,C57BL6,3,3,0.6020599913279624
GGTCTAATCGCTCCTA-1,C57BL6,0,0,0.0
GGTCTAATCGGTAATT-1,OTI,2,11,1.0791812460476249
GGTCTAATCGGTTATG-1,OTI,1,20,1.3222192947339193
GGTCTAGGTAGTTGCG-1,OTI,4,54,1.7403626894942439
GGTCTAGGTCGCGTAA-1,OTI,0,0,0.0
GGTCTAGGTCTGGAAT-1,C57BL6,1,19,1.3010299956639813
GGTCTAGGTGCGTTTC-1,C57BL6,2,8,0.9542425094393249
GGTCTAGGTGGGGTAG-1,OTI,2,94,1.9777236052888478
GGTCTATCAAAAGGGG-1,C57BL6,0,0,0.0
GGTCTATCAAACATTT-1,OTI,3,958,2.9818186071706636
GGTCTATCAAGAAGCC-1,OTI,0,0,0.0
GGTCTCTGTACCACGA-1,C57BL6,1,3,0.6020599913279624
GGTCTCTGTACGCAAT-1,OTI,2,51,1.7160033436347992
GGTCTCTGTAGGAAAT-1,OTI,2,7,0.9030899869919435
GGTCTCTGTAGGGGCA-1,C57BL6,0,0,0.0
GGTCTCTGTAGTGTAC-1,OTI,2,1174,3.070037866607755
GGTCTCTGTCAGCCCC-1,OTI,5,136,2.1367205671564067
GGTCTCTGTCCAAAGT-1,OTI,0,0,0.0
GGTCTCTGTGGCTTGA-1,OTI,2,6,0.8450980400142568
GGTCTGTAGAGGGTAT-1,OTI,3,45,1.662757831681574
GGTCTGTAGCTACGCG-1,OTI,3,601,2.7795964912578244
GGTGAATAGACAATTC-1,OTI,1,3,0.6020599913279624
GGTGAATAGAGTTGAA-1,OTI,1,6,0.8450980400142568
GGTGAATAGCCGCCAA-1,OTI,2,11,1.0791812460476249
GGTGAATAGCCTGACG-1,OTI,4,103,2.0170333392987803
GGTGAATAGGCAGGGT-1,OTI,7,104,2.0211892990699383
GGTGATACAAGCGATA-1,OTI,2,34,1.5440680443502757
GGTGATACAATTAACT-1,OTI,1,6,0.8450980400142568
GGTGATACACACTACG-1,OTI,3,10,1.0413926851582251
GGTGATACACATTCCC-1,OTI,4,69,1.845098040014257
GGTGATACACCAAGGG-1,OTI,10,175,2.24551266781415
GGTGATACAGGAAGCT-1,C57BL6,0,0,0.0
GGTGATGAGAAGCGTG-1,OTI,1,28,1.462397997898956
GGTGATGAGCGCTCGA-1,C57BL6,2,8,0.9542425094393249
GGTGATGAGGCGTTTA-1,C57BL6,0,0,0.0
GGTGATGAGGCTCGAT-1,OTI,5,243,2.387389826338729
GGTGATGAGGGGGCAT-1,OTI,2,11,1.0791812460476249
GGTGATGAGGGTAGCA-1,OTI,5,28,1.462397997898956
GGTGATTGTAACCGGC-1,OTI,4,1654,3.2187979981117376
GGTGATTGTAACGAGA-1,OTI,4,28,1.462397997898956
GGTGATTGTAATGGGA-1,OTI,1,9,1.0
GGTGATTGTACAGAAG-1,OTI,0,0,0.0
GGTGATTGTAGCAGTT-1,OTI,6,750,2.8756399370041685
GGTGATTGTCAACCTC-1,C57BL6,2,10,1.0413926851582251
GGTGATTGTCATGTCC-1,OTI,2,15,1.2041199826559248
GGTGATTGTCCTTAGC-1,C57BL6,0,0,0.0
GGTGATTGTCGAGTGC-1,OTI,2,4,0.6989700043360189
GGTGATTGTCGCATAG-1,OTI,2,340,2.5327543789924976
GGTGATTGTGGCCCCT-1,C57BL6,1,3,0.6020599913279624
GGTGATTGTGTTGTAA-1,OTI,0,0,0.0
GGTGATTGTGTTGTGG-1,OTI,1,3,0.6020599913279624
GGTGCATTCAAACCAT-1,OTI,8,445,2.649334858712142
GGTGCATTCACAACTG-1,OTI,7,47,1.6812412373755872
GGTGCATTCACTCCCA-1,OTI,2,29,1.4771212547196624
GGTGCATTCACTCTTA-1,OTI,3,5,0.7781512503836436
GGTGCATTCAGTGAAA-1,OTI,4,423,2.6273658565927325
GGTGCATTCATAATTG-1,OTI,4,23,1.380211241711606
GGTGCATTCCCAACTT-1,C57BL6,0,0,0.0
GGTGCATTCCCGAAAC-1,C57BL6,0,0,0.0
GGTGCATTCCGAATCA-1,OTI,5,167,2.225309281725863
GGTGCATTCCGCCTAC-1,C57BL6,0,0,0.0
GGTGCATTCGGCCCTT-1,OTI,1,4,0.6989700043360189
GGTGCCGGTAAGCCAT-1,OTI,2,60,1.7853298350107671
GGTGCCGGTATTGCTT-1,OTI,7,339,2.531478917042255
GGTGCCGGTCGCAGTA-1,C57BL6,0,0,0.0
GGTGCCGGTCGTATGG-1,C57BL6,1,5,0.7781512503836436
GGTGCCGGTCTGGTCT-1,C57BL6,2,5,0.7781512503836436
GGTGCCGGTCTTATAC-1,OTI,1,12,1.1139433523068367
GGTGCGACAAAAGTTA-1,C57BL6,0,0,0.0
GGTGCGACAAAGTGCA-1,OTI,0,0,0.0
GGTGCGACAAGAAGCC-1,OTI,2,13,1.146128035678238
GGTGCGACAAGCTTCG-1,C57BL6,1,5,0.7781512503836436
GGTGCGACAATCTGAC-1,OTI,10,175,2.24551266781415
GGTGCGACAATTCAGC-1,OTI,0,0,0.0
GGTGCGACACAATAGG-1,OTI,8,536,2.7299742856995555
GGTGCGACACTGTACG-1,OTI,5,10,1.0413926851582251
GGTGCGACAGCTAACT-1,OTI,5,141,2.1522883443830563
GGTGCGTGTACAAGGA-1,OTI,2,30,1.4913616938342726
GGTGCGTGTATCTCGC-1,C57BL6,2,14,1.1760912590556813
GGTGCGTGTCAATTAG-1,OTI,2,97,1.9912260756924949
GGTGCGTGTCGATGAT-1,OTI,6,94,1.9777236052888478
GGTGCGTGTCGCATAG-1,OTI,1,1,0.3010299956639812
GGTGCGTGTCGCCCGT-1,OTI,2,12,1.1139433523068367
GGTGGAGGTAGGATTC-1,C57BL6,1,6,0.8450980400142568
GGTGGAGGTAGTATGC-1,C57BL6,1,2,0.47712125471966244
GGTGGAGGTATGCTCC-1,OTI,0,0,0.0
GGTGGAGGTATGTTAG-1,OTI,0,0,0.0
GGTGGAGGTCACAGCA-1,OTI,5,152,2.184691430817599
GGTGGAGGTCCTGATC-1,C57BL6,0,0,0.0
GGTGGAGGTGCTAGTG-1,OTI,1,25,1.414973347970818
GGTGGAGGTGCTATCC-1,OTI,1,1,0.3010299956639812
GGTGGAGGTGGTTGAT-1,OTI,5,38,1.591064607026499
GGTGGTTTCATGGTGC-1,OTI,2,12,1.1139433523068367
GGTGGTTTCCAACTTC-1,OTI,3,164,2.2174839442139063
GGTGGTTTCCCATCAT-1,C57BL6,0,0,0.0
GGTGGTTTCCGTACTT-1,OTI,2,24,1.3979400086720377
GGTGGTTTCCTAATGG-1,OTI,1,10,1.0413926851582251
GGTGGTTTCGGCTTCC-1,C57BL6,2,52,1.724275869600789
GGTGTATGTAGCAGTT-1,C57BL6,0,0,0.0
GGTGTATGTCATACCC-1,OTI,7,171,2.2355284469075487
GGTGTATGTGCCTATC-1,OTI,0,0,0.0
GGTGTATGTGCTTCCG-1,OTI,3,29,1.4771212547196624
GGTGTATGTGGAGCAG-1,C57BL6,1,1,0.3010299956639812
GGTGTATGTGGCTTCT-1,OTI,6,183,2.2648178230095364
GGTGTATGTGTATTCT-1,OTI,4,76,1.8864907251724818
GGTGTATGTGTCCATC-1,OTI,4,144,2.161368002234975
GGTGTCAGTAGAGAAT-1,C57BL6,0,0,0.0
GGTGTCAGTCTGTCTA-1,C57BL6,0,0,0.0
GGTGTCAGTGGGGTCT-1,C57BL6,2,11,1.0791812460476249
GGTGTCGTCACTATAA-1,OTI,2,109,2.041392685158225
GGTGTCGTCAGAAGTA-1,OTI,3,29,1.4771212547196624
GGTGTCGTCAGCCGCA-1,C57BL6,0,0,0.0
GGTGTCGTCATCGCGG-1,OTI,2,542,2.734799829588847
GGTGTCGTCCAGTACA-1,OTI,3,149,2.1760912590556813
GGTGTCGTCCTACAAG-1,C57BL6,0,0,0.0
GGTGTCGTCGCAATAT-1,OTI,4,248,2.3961993470957363
GGTGTCGTCGCTAACA-1,OTI,1,273,2.437750562820388
GGTGTGCGTGCACAGC-1,OTI,5,59,1.7781512503836436
GGTGTGCGTGGCTAGC-1,OTI,2,33,1.5314789170422551
GGTGTGCGTGTCTCCG-1,OTI,10,34,1.5440680443502757
GGTGTGCGTGTGCGTA-1,C57BL6,1,2,0.47712125471966244
GGTGTGCGTGTGTCGA-1,OTI,6,54,1.7403626894942439
GGTGTTATCAACCCAA-1,C57BL6,0,0,0.0
GGTGTTATCAACGCAC-1,OTI,6,56,1.7558748556724915
GGTGTTATCACTCACT-1,C57BL6,0,0,0.0
GGTGTTATCCCACTCA-1,OTI,0,0,0.0
GGTGTTATCGCACTCC-1,OTI,1,10,1.0413926851582251
GGTGTTATCGCTATCT-1,C57BL6,4,10,1.0413926851582251
GGTGTTATCGGGCTCA-1,OTI,6,372,2.571708831808688
GGTGTTCAGACTACAT-1,C57BL6,0,0,0.0
GGTGTTCAGCAACATT-1,OTI,0,0,0.0
GGTGTTCAGCACCGCA-1,OTI,4,218,2.3404441148401185
GGTGTTCAGCGTATTG-1,C57BL6,2,19,1.3010299956639813
GGTGTTCAGGGTAGGC-1,OTI,4,270,2.432969290874406
GGTGTTCAGGTATTCG-1,C57BL6,1,6,0.8450980400142568
GGTTAATTCATACCCT-1,C57BL6,0,0,0.0
GGTTAATTCCCCAATT-1,OTI,8,186,2.271841606536499
GGTTAATTCGGCTTCC-1,OTI,8,112,2.0530784434834195
GGTTAATTCGTCGAAC-1,C57BL6,0,0,0.0
GGTTAATTCGTGCAAC-1,C57BL6,1,8,0.9542425094393249
GGTTACATCCAGCCTC-1,OTI,5,99,2.0
GGTTACATCCCCACTA-1,C57BL6,0,0,0.0
GGTTACATCCCTTAGT-1,OTI,3,27,1.4471580313422192
GGTTACATCCGGGTAT-1,OTI,6,305,2.48572142648158
GGTTACATCGCCCTAC-1,C57BL6,0,0,0.0
GGTTACATCGGCTCTC-1,OTI,11,172,2.2380461031287955
GGTTACTCAAAAGCCA-1,OTI,3,478,2.680335513414563
GGTTACTCAAATGGCA-1,OTI,4,73,1.8692317197309762
GGTTACTCAACAATGG-1,C57BL6,0,0,0.0
GGTTACTCAACCTAAC-1,C57BL6,0,0,0.0
GGTTACTCACACAATC-1,OTI,5,77,1.8920946026904804
GGTTACTCACGACCTA-1,OTI,3,63,1.806179973983887
GGTTACTCACGCCTAA-1,OTI,6,174,2.2430380486862944
GGTTACTCAGGAATAT-1,C57BL6,0,0,0.0
GGTTACTCAGGATTAG-1,OTI,2,84,1.9294189257142926
GGTTACTCAGGTGATA-1,OTI,4,106,2.0293837776852097
GGTTACTCAGTACGGG-1,OTI,7,441,2.645422269349092
GGTTAGACAAACCCAT-1,C57BL6,1,5,0.7781512503836436
GGTTAGACAACACCCA-1,OTI,1,12,1.1139433523068367
GGTTAGACAACACTCG-1,OTI,2,16,1.2304489213782739
GGTTAGACAATGCGCC-1,OTI,8,157,2.1986570869544226
GGTTAGACACCCAGAC-1,OTI,1,7,0.9030899869919435
GGTTAGACACGATGTT-1,OTI,2,22,1.3617278360175928
GGTTAGACAGCTCTAG-1,OTI,3,52,1.724275869600789
GGTTAGCTCAAGCACC-1,OTI,1,1,0.3010299956639812
GGTTAGCTCAAGGCTC-1,OTI,0,0,0.0
GGTTAGCTCATCCCCA-1,OTI,4,33,1.5314789170422551
GGTTAGCTCGGCGTCA-1,C57BL6,0,0,0.0
GGTTAGCTCGTAGTTG-1,OTI,4,26,1.4313637641589874
GGTTAGCTCGTCAACA-1,OTI,1,3,0.6020599913279624
GGTTAGGAGAACCCAC-1,OTI,1,20,1.3222192947339193
GGTTAGGAGAATGTAG-1,C57BL6,0,0,0.0
GGTTAGGAGACAAGTA-1,OTI,3,85,1.9344984512435677
GGTTAGGAGACCTGCG-1,OTI,2,364,2.5622928644564746
GGTTAGGAGACTGCAC-1,OTI,7,30,1.4913616938342726
GGTTAGGAGCAGCGAA-1,OTI,4,145,2.164352855784437
GGTTAGGAGCCAACCG-1,OTI,0,0,0.0
GGTTAGGAGCCGCTAG-1,OTI,9,283,2.4533183400470375
GGTTAGTGTAAGGTTC-1,OTI,2,8,0.9542425094393249
GGTTAGTGTAATCTTC-1,OTI,5,65,1.8195439355418688
GGTTAGTGTACGCCGG-1,C57BL6,1,8,0.9542425094393249
GGTTAGTGTACGCGCG-1,C57BL6,0,0,0.0
GGTTAGTGTACTCCCG-1,OTI,5,161,2.2095150145426308
GGTTAGTGTCACCGCC-1,OTI,4,129,2.113943352306837
GGTTAGTGTCTGTGAG-1,OTI,2,13,1.146128035678238
GGTTAGTGTGCCTTCG-1,C57BL6,0,0,0.0
GGTTATAGTCAATTAG-1,OTI,4,171,2.2355284469075487
GGTTATAGTCGCGGAT-1,OTI,0,0,0.0
GGTTATGTCACGAACC-1,C57BL6,0,0,0.0
GGTTATGTCACGGTCG-1,OTI,0,0,0.0
GGTTATGTCAGTACTG-1,OTI,2,14,1.1760912590556813
GGTTATGTCATACTCC-1,OTI,2,16,1.2304489213782739
GGTTATGTCGTTAGGC-1,OTI,0,0,0.0
GGTTCAATCAATATTG-1,OTI,0,0,0.0
GGTTCAATCACCTCCA-1,OTI,0,0,0.0
GGTTCAATCACGCATA-1,OTI,2,69,1.845098040014257
GGTTCAATCATTCGCT-1,C57BL6,0,0,0.0
GGTTCAATCCCACATT-1,C57BL6,0,0,0.0
GGTTCAATCCTCTCCT-1,C57BL6,0,0,0.0
GGTTCAATCGCAGTAC-1,C57BL6,1,11,1.0791812460476249
GGTTCAATCGCATAGC-1,C57BL6,0,0,0.0
GGTTCAATCGTAGTGC-1,OTI,7,162,2.2121876044039577
GGTTCAGGTAAGTCTA-1,OTI,2,6,0.8450980400142568
GGTTCAGGTAGCAATC-1,OTI,7,373,2.5728716022004803
GGTTCAGGTATCCAGG-1,OTI,6,104,2.0211892990699383
GGTTCAGGTCGACGGT-1,OTI,2,3,0.6020599913279624
GGTTCAGGTCGTGTTC-1,OTI,2,16,1.2304489213782739
GGTTCAGGTGTGTTAA-1,OTI,2,219,2.342422680822206
GGTTCATCAATACCTA-1,OTI,5,114,2.060697840353612
GGTTCATCACACTATA-1,OTI,1,6,0.8450980400142568
GGTTCATCACCCAACA-1,C57BL6,0,0,0.0
GGTTCATCACTGACCA-1,OTI,3,54,1.7403626894942439
GGTTCATCACTGGGAG-1,C57BL6,0,0,0.0
GGTTCCCTCACCAATG-1,OTI,4,25,1.414973347970818
GGTTCCCTCACTGACA-1,OTI,4,106,2.0293837776852097
GGTTCCCTCACTGTCT-1,C57BL6,0,0,0.0
GGTTCCCTCAGTACAT-1,C57BL6,1,3,0.6020599913279624
GGTTCCCTCCTCGGCT-1,OTI,2,201,2.305351369446624
GGTTCCCTCCTCTGGC-1,OTI,10,140,2.1492191126553797
GGTTCCCTCCTGTTCG-1,OTI,0,0,0.0
GGTTCCCTCGCTATCT-1,OTI,5,215,2.3344537511509307
GGTTCCCTCGTATACG-1,OTI,2,15,1.2041199826559248
GGTTCCGAGAAAGCGT-1,OTI,3,4,0.6989700043360189
GGTTCCGAGCAAAGGT-1,OTI,3,22,1.3617278360175928
GGTTCCGAGCCGACAT-1,C57BL6,0,0,0.0
GGTTCCGAGCGTCTAA-1,C57BL6,1,9,1.0
GGTTCCGAGGTCTGGT-1,OTI,1,3,0.6020599913279624
GGTTCGAGTATGTCTT-1,OTI,1,19,1.3010299956639813
GGTTCGAGTCAAACGT-1,OTI,0,0,0.0
GGTTCGAGTCATCATT-1,OTI,1,1,0.3010299956639812
GGTTCGAGTCCAGAAT-1,OTI,0,0,0.0
GGTTCGAGTCCCTGAT-1,C57BL6,1,5,0.7781512503836436
GGTTCGCCAAACGCAA-1,OTI,2,11,1.0791812460476249
GGTTCGCCAAATGACG-1,C57BL6,1,1,0.3010299956639812
GGTTCGCCAAGTATCC-1,C57BL6,1,7,0.9030899869919435
GGTTCGCCACCTACGA-1,OTI,1,51,1.7160033436347992
GGTTCGCCACGAACCC-1,OTI,9,234,2.3710678622717363
GGTTCGCCAGCTACCA-1,C57BL6,0,0,0.0
GGTTCGGTCACAATCG-1,OTI,3,224,2.3521825181113627
GGTTCGGTCATGAATC-1,OTI,6,236,2.374748346010104
GGTTCGGTCCAGTATG-1,C57BL6,1,6,0.8450980400142568
GGTTCGGTCCCAACTT-1,OTI,1,3,0.6020599913279624
GGTTCGGTCGCGTTAA-1,C57BL6,0,0,0.0
GGTTCGGTCGTAACGC-1,OTI,4,513,2.710963118995276
GGTTCGGTCGTCTCTG-1,OTI,1,36,1.568201724066995
GGTTCGTAGAAAGGAG-1,OTI,3,21,1.3424226808222062
GGTTCGTAGAACATAG-1,OTI,7,52,1.724275869600789
GGTTCGTAGACCTATG-1,OTI,0,0,0.0
GGTTCGTAGACGCCCA-1,OTI,1,37,1.5797835966168101
GGTTCGTAGATCCGTA-1,OTI,0,0,0.0
GGTTCGTAGATTAACC-1,C57BL6,0,0,0.0
GGTTCGTAGGTCGACT-1,OTI,3,32,1.5185139398778875
GGTTGATGTAGGGAGT-1,OTI,3,18,1.2787536009528289
GGTTGATGTATTACAG-1,C57BL6,3,80,1.9084850188786497
GGTTGATGTCAACCCT-1,C57BL6,1,1,0.3010299956639812
GGTTGATGTCACCGTT-1,OTI,2,13,1.146128035678238
GGTTGATGTCTAATCT-1,OTI,0,0,0.0
GGTTGATGTCTCGTCG-1,C57BL6,1,20,1.3222192947339193
GGTTGATGTCTGGTGA-1,OTI,1,8,0.9542425094393249
GGTTGATGTGCCCGAG-1,OTI,11,177,2.250420002308894
GGTTGATGTGGTTCAG-1,OTI,11,379,2.57978359661681
GGTTGATGTGTATGCG-1,OTI,5,209,2.322219294733919
GGTTGCCCAACGGCAG-1,C57BL6,1,12,1.1139433523068367
GGTTGCCCAATGATCC-1,C57BL6,1,10,1.0413926851582251
GGTTGCCCACGTCGGT-1,OTI,1,7,0.9030899869919435
GGTTGGCGTATGCGAT-1,OTI,0,0,0.0
GGTTGGCGTCACCCGC-1,OTI,1,201,2.305351369446624
GGTTGGCGTCATACGG-1,OTI,9,485,2.6866362692622934
GGTTGGCGTCATCGGA-1,OTI,10,329,2.5185139398778875
GGTTGGCGTCCTTAGC-1,C57BL6,2,4,0.6989700043360189
GGTTGGCGTCCTTCCC-1,OTI,0,0,0.0
GGTTGGCGTGGTCAAT-1,OTI,0,0,0.0
GGTTGGCGTGTACTCC-1,OTI,5,22,1.3617278360175928
GGTTGGGCAACTCACG-1,C57BL6,0,0,0.0
GGTTGGGCACAACTCG-1,C57BL6,1,1,0.3010299956639812
GGTTGGGCACACTATA-1,OTI,2,3,0.6020599913279624
GGTTGGGCACAGCGAG-1,OTI,3,105,2.0253058652647704
GGTTGGGCACCGCATA-1,C57BL6,1,5,0.7781512503836436
GGTTGGTTCACTTCTA-1,OTI,5,81,1.9138138523837167
GGTTGGTTCATAAGTC-1,C57BL6,3,3,0.6020599913279624
GGTTGGTTCATCCGTT-1,OTI,0,0,0.0
GGTTGGTTCATTCATT-1,OTI,3,104,2.0211892990699383
GGTTGGTTCATTGGCA-1,OTI,0,0,0.0
GGTTGGTTCCCACAGG-1,OTI,5,328,2.5171958979499744
GGTTGGTTCGGTATAT-1,OTI,1,2,0.47712125471966244
GGTTGTATCACTAACG-1,OTI,2,701,2.846337112129805
GGTTGTATCATGGCCG-1,OTI,1,11,1.0791812460476249
GGTTGTATCCCTACCA-1,OTI,0,0,0.0
GGTTGTATCCGGACCA-1,OTI,2,39,1.6020599913279623
GGTTGTATCCGTAAAT-1,OTI,0,0,0.0
GGTTGTATCGGGTTAC-1,C57BL6,1,6,0.8450980400142568
GGTTGTATCGGTCAGT-1,C57BL6,0,0,0.0
GGTTGTCAGAAGGCGC-1,OTI,1,10,1.0413926851582251
GGTTGTCAGACAGAAC-1,C57BL6,1,4,0.6989700043360189
GGTTGTCAGATCGTTG-1,OTI,4,87,1.9444826721501687
GGTTGTCAGGTTGTGC-1,OTI,1,34,1.5440680443502757
GGTTGTGGTACCACTC-1,OTI,3,160,2.2068258760318495
GGTTGTGGTATTGCCC-1,OTI,2,244,2.3891660843645326
GGTTGTGGTCAATCGG-1,OTI,4,205,2.3138672203691533
GGTTGTGGTGGCAAGG-1,C57BL6,0,0,0.0
GGTTTAAGTAAATCTG-1,OTI,5,103,2.0170333392987803
GGTTTAAGTCATTATC-1,C57BL6,1,3,0.6020599913279624
GGTTTAAGTCCTTCCC-1,OTI,3,197,2.296665190261531
GGTTTAAGTCGCTAAG-1,OTI,3,29,1.4771212547196624
GGTTTAAGTCTCCTGG-1,OTI,9,144,2.161368002234975
GGTTTAAGTGCCACTT-1,OTI,3,121,2.0863598306747484
GGTTTACCAAACCACT-1,C57BL6,0,0,0.0
GGTTTACCAACAATTT-1,OTI,1,4,0.6989700043360189
GGTTTACCAAGAGGTC-1,C57BL6,0,0,0.0
GGTTTACCACACAAGA-1,OTI,5,304,2.484299839346786
GGTTTACCAGCGACGA-1,C57BL6,1,3,0.6020599913279624
GGTTTACCAGTAATCC-1,OTI,5,97,1.9912260756924949
GGTTTAGTCACGCGCA-1,OTI,4,102,2.012837224705172
GGTTTAGTCAGTAAAG-1,C57BL6,1,1,0.3010299956639812
GGTTTAGTCATAACGT-1,OTI,3,28,1.462397997898956
GGTTTAGTCCGTACAA-1,OTI,1,13,1.146128035678238
GGTTTAGTCCTATTGC-1,OTI,1,6,0.8450980400142568
GGTTTAGTCGGTCGCA-1,OTI,4,274,2.439332693830263
GGTTTCAAGACATCCA-1,OTI,2,2,0.47712125471966244
GGTTTCAAGCAGCTAC-1,OTI,0,0,0.0
GGTTTCAAGCTGATTG-1,OTI,4,97,1.9912260756924949
GGTTTCCGTACAGCGC-1,OTI,6,357,2.5538830266438746
GGTTTCCGTAGTCGAT-1,OTI,2,30,1.4913616938342726
GGTTTCCGTATGGTTA-1,C57BL6,2,19,1.3010299956639813
GGTTTCCGTCTATCGC-1,OTI,1,10,1.0413926851582251
GGTTTCCGTGCACAGC-1,C57BL6,1,4,0.6989700043360189
GGTTTCCGTGGACGCT-1,OTI,5,412,2.615950051656401
GGTTTCGCAAAATGAC-1,OTI,2,12,1.1139433523068367
GGTTTCGCAAATTTCG-1,OTI,0,0,0.0
GGTTTCGCAATAACTT-1,OTI,1,7,0.9030899869919435
GGTTTCGCACCTTACC-1,OTI,1,1,0.3010299956639812
GGTTTCGCACGGTCGT-1,OTI,3,33,1.5314789170422551
GGTTTCGCACTATAAT-1,OTI,2,19,1.3010299956639813
GGTTTCGCAGTCATCG-1,C57BL6,3,4,0.6989700043360189
GGTTTGGGTAAAGCGA-1,OTI,5,31,1.505149978319906
GGTTTGGGTACACTCC-1,OTI,4,116,2.0681858617461617
GGTTTGGGTCAGCCCC-1,OTI,4,100,2.0043213737826426
GGTTTGGGTGGGGTAG-1,OTI,0,0,0.0
GTAAACGCAAAATGGT-1,C57BL6,0,0,0.0
GTAAACGCAATCTCTT-1,C57BL6,2,9,1.0
GTAAACGCACATAGAG-1,OTI,2,17,1.255272505103306
GTAAACGCACCTGACA-1,OTI,0,0,0.0
GTAAACGCAGGAAGCT-1,OTI,4,110,2.0453229787866576
GTAAACGCAGGTCATT-1,OTI,0,0,0.0
GTAAACGCAGTTGGAA-1,C57BL6,0,0,0.0
GTAAAGGGTACGCCGG-1,OTI,6,173,2.2405492482826
GTAAAGGGTCTATCCA-1,C57BL6,0,0,0.0
GTAAAGGGTCTGCGCC-1,OTI,2,39,1.6020599913279623
GTAAAGGGTGTGTGCA-1,OTI,5,42,1.6334684555795864
GTAAAGTCAAACATAA-1,OTI,0,0,0.0
GTAAAGTCAAATACAA-1,OTI,3,28,1.462397997898956
GTAAAGTCACCTAGCA-1,OTI,2,217,2.3384564936046046
GTAAAGTCACGCCATA-1,OTI,2,4,0.6989700043360189
GTAAAGTCACTCCATC-1,OTI,3,49,1.6989700043360187
GTAAAGTCAGGTGATA-1,OTI,1,183,2.2648178230095364
GTAAATCTCACCCTAT-1,OTI,7,12,1.1139433523068367
GTAAATCTCACCCTGC-1,C57BL6,0,0,0.0
GTAAATCTCACTTACC-1,OTI,6,69,1.845098040014257
GTAAATCTCAGCTGTA-1,C57BL6,0,0,0.0
GTAAATCTCGCTAACA-1,OTI,0,0,0.0
GTAAATCTCGCTTATC-1,C57BL6,0,0,0.0
GTAAATCTCGGGCTCA-1,OTI,4,84,1.9294189257142926
GTAAATGAGAAGGGCC-1,C57BL6,0,0,0.0
GTAAATGAGACCCCGA-1,C57BL6,0,0,0.0
GTAAATGAGACTGCGT-1,OTI,1,80,1.9084850188786497
GTAAATGAGAGGTTAA-1,OTI,2,58,1.7708520116421442
GTAAATGAGCGACCAT-1,OTI,4,185,2.2695129442179165
GTAAATGAGCTAGCTA-1,OTI,6,179,2.255272505103306
GTAAATGAGGCGCTCA-1,C57BL6,6,13,1.146128035678238
GTAAATGAGGGGATTG-1,OTI,2,4,0.6989700043360189
GTAACCATCACCACAA-1,C57BL6,1,6,0.8450980400142568
GTAACCATCACCTCAT-1,C57BL6,0,0,0.0
GTAACCATCCTATGTC-1,OTI,5,125,2.100370545117563
GTAACCATCGCGATGT-1,OTI,1,1,0.3010299956639812
GTAACCATCGGACTTA-1,OTI,0,0,0.0
GTAACCATCGGTATGC-1,OTI,2,34,1.5440680443502757
GTAACCATCGGTCGCA-1,C57BL6,0,0,0.0
GTAACCATCGTAGTCA-1,C57BL6,4,31,1.505149978319906
GTAACCCAGACAGAAC-1,OTI,3,39,1.6020599913279623
GTAACCCAGCAAGTAA-1,OTI,2,42,1.6334684555795864
GTAACCCAGCACTTAG-1,OTI,4,34,1.5440680443502757
GTAACCCAGCCATATG-1,OTI,0,0,0.0
GTAACCCAGCGCCTGA-1,OTI,5,237,2.376576957056512
GTAACCCAGGCTAACC-1,C57BL6,1,18,1.2787536009528289
GTAACCCAGGTCCATA-1,C57BL6,0,0,0.0
GTAACCTCAACTCCCT-1,OTI,2,10,1.0413926851582251
GTAACCTCACATAGTC-1,OTI,0,0,0.0
GTAACCTCACGCTCAA-1,OTI,1,3,0.6020599913279624
GTAACCTCACGTACGC-1,OTI,2,12,1.1139433523068367
GTAACCTCAGCCAAGG-1,OTI,3,49,1.6989700043360187
GTAACGCTCACCTACT-1,C57BL6,0,0,0.0
GTAACGCTCACCTTAC-1,OTI,3,55,1.7481880270062005
GTAACGCTCACGCATA-1,OTI,3,22,1.3617278360175928
GTAACGCTCCCTGAAA-1,OTI,3,34,1.5440680443502757
GTAACGCTCCCTGCAC-1,OTI,1,4,0.6989700043360189
GTAACGCTCGTGAACC-1,OTI,0,0,0.0
GTAACGCTCGTGTCAA-1,OTI,3,164,2.2174839442139063
GTAACGCTCGTTAGGC-1,OTI,8,124,2.0969100130080562
GTAACGTGTAAACGCT-1,C57BL6,0,0,0.0
GTAACGTGTAACGAGA-1,OTI,1,22,1.3617278360175928
GTAACGTGTAAGGGTA-1,OTI,2,113,2.0569048513364727
GTAACGTGTACTGGAT-1,C57BL6,1,6,0.8450980400142568
GTAACGTGTAGCATCG-1,C57BL6,0,0,0.0
GTAACGTGTCACGAAT-1,OTI,0,0,0.0
GTAACGTGTCACGCGG-1,C57BL6,0,0,0.0
GTAACGTGTCATTATC-1,OTI,0,0,0.0
GTAACGTGTCGTTGCT-1,OTI,1,2,0.47712125471966244
GTAACGTGTGTTCGAG-1,OTI,0,0,0.0
GTAACTGTCAAGCATT-1,C57BL6,0,0,0.0
GTAACTGTCACAGGTC-1,OTI,0,0,0.0
GTAACTGTCCAAGTGC-1,OTI,3,19,1.3010299956639813
GTAACTGTCCGTTACT-1,C57BL6,1,4,0.6989700043360189
GTAAGACAGAAGTAGC-1,OTI,1,16,1.2304489213782739
GTAAGACAGCGGTGTT-1,C57BL6,0,0,0.0
GTAAGACAGGTCCATA-1,C57BL6,0,0,0.0
GTAAGATCAACTAATT-1,OTI,7,459,2.662757831681574
GTAAGATCACAGGTAA-1,OTI,1,48,1.6901960800285136
GTAAGATCACCGTTTC-1,OTI,2,12,1.1139433523068367
GTAAGATCACCTTCCG-1,OTI,0,0,0.0
GTAAGATCACTACTTT-1,OTI,5,297,2.4742162640762553
GTAAGATCACTCCTAC-1,OTI,1,47,1.6812412373755872
GTAAGCCTCCATCTGT-1,OTI,2,18,1.2787536009528289
GTAAGCCTCCGCATAA-1,OTI,2,359,2.5563025007672873
GTAAGCCTCCGCCGTT-1,OTI,1,5,0.7781512503836436
GTAAGCCTCGTGGCAT-1,OTI,2,33,1.5314789170422551
GTAAGCCTCGTTGGCG-1,OTI,4,120,2.0827853703164503
GTAAGCGAGACAGCCT-1,OTI,7,23,1.380211241711606
GTAAGCGAGACGAGGC-1,OTI,0,0,0.0
GTAAGCGAGCAATATC-1,OTI,0,0,0.0
GTAAGCGAGCTAAATC-1,OTI,2,18,1.2787536009528289
GTAAGCGAGGGTAGTG-1,OTI,4,151,2.1818435879447726
GTAAGCGAGGTCCCGA-1,C57BL6,1,1,0.3010299956639812
GTAAGCGAGGTGTATT-1,C57BL6,0,0,0.0
GTAAGCTGTAACTAGC-1,OTI,6,56,1.7558748556724915
GTAAGCTGTAATGGAG-1,OTI,3,38,1.591064607026499
GTAAGCTGTATCACCC-1,C57BL6,0,0,0.0
GTAAGCTGTGGGTGCT-1,OTI,8,356,2.552668216112193
GTAAGCTGTGGGTTAT-1,C57BL6,1,10,1.0413926851582251
GTAAGGAGTACAGTTA-1,C57BL6,2,9,1.0
GTAAGGAGTATGAAGG-1,OTI,0,0,0.0
GTAAGGAGTCCAGATG-1,OTI,4,58,1.7708520116421442
GTAAGGAGTGGGATGG-1,OTI,1,154,2.1903316981702914
GTAAGGAGTGGTTCGA-1,OTI,1,19,1.3010299956639813
GTAAGGTAGAGGTTGG-1,OTI,1,20,1.3222192947339193
GTAAGGTAGAGTGGGC-1,C57BL6,0,0,0.0
GTAAGGTAGCATCGAC-1,OTI,0,0,0.0
GTAAGGTAGCGTGAGA-1,OTI,0,0,0.0
GTAAGGTAGGGAGCGT-1,OTI,1,7,0.9030899869919435
GTAAGGTAGGTTATGT-1,OTI,2,132,2.123851640967086
GTAAGTAAGAATGGGT-1,OTI,3,16,1.2304489213782739
GTAAGTAAGACAGCGA-1,C57BL6,0,0,0.0
GTAAGTAAGCGTCAAC-1,OTI,7,63,1.806179973983887
GTAAGTAAGCTAAGCC-1,C57BL6,1,2,0.47712125471966244
GTAAGTAAGGGACGTA-1,OTI,11,105,2.0253058652647704
GTAAGTCGTATCCTAT-1,OTI,5,157,2.1986570869544226
GTAAGTCGTATGCGCA-1,OTI,3,89,1.954242509439325
GTAAGTCGTATGTACA-1,OTI,0,0,0.0
GTAAGTCGTCAATTAG-1,OTI,0,0,0.0
GTAAGTCGTCTTCTCT-1,OTI,6,36,1.568201724066995
GTAAGTCGTGCCCATT-1,C57BL6,3,14,1.1760912590556813
GTAAGTCGTGGTGATT-1,OTI,0,0,0.0
GTAATAGAGAACTCAT-1,OTI,1,7,0.9030899869919435
GTAATAGAGACAAGAC-1,OTI,1,8,0.9542425094393249
GTAATAGAGACCCACG-1,OTI,4,85,1.9344984512435677
GTAATAGAGAGAGGAA-1,OTI,0,0,0.0
GTAATAGAGATCGACC-1,OTI,0,0,0.0
GTAATAGAGCAATTGT-1,OTI,0,0,0.0
GTAATAGAGCTACATG-1,OTI,4,49,1.6989700043360187
GTAATAGAGCTCACCC-1,OTI,1,1,0.3010299956639812
GTAATAGAGGGCATAG-1,C57BL6,0,0,0.0
GTAATCCCAAATTACT-1,OTI,1,14,1.1760912590556813
GTAATCCCACTGACGC-1,C57BL6,0,0,0.0
GTAATCCCAGTGTTCG-1,OTI,4,20,1.3222192947339193
GTAATCGTCAAGCGTC-1,C57BL6,0,0,0.0
GTAATCGTCCCATACT-1,OTI,1,12,1.1139433523068367
GTAATCGTCGTCCCTA-1,OTI,3,103,2.0170333392987803
GTAATGAAGATCGATT-1,OTI,3,44,1.6532125137753437
GTAATGAAGCCATAGC-1,C57BL6,0,0,0.0
GTAATGAAGCGGCCTA-1,OTI,6,123,2.093421685162235
GTAATTATCAATCGCA-1,C57BL6,3,22,1.3617278360175928
GTAATTATCAGTCCTT-1,C57BL6,0,0,0.0
GTAATTATCCATGGGT-1,OTI,3,3,0.6020599913279624
GTAATTATCGCTTACT-1,OTI,4,130,2.1172712956557644
GTAATTATCGGCCAAT-1,OTI,3,28,1.462397997898956
GTAATTATCGGCTATA-1,OTI,7,55,1.7481880270062005
GTAATTATCGGTGTTA-1,OTI,0,0,0.0
GTAATTATCGTACGTA-1,C57BL6,1,34,1.5440680443502757
GTAATTCAGAATCTGT-1,OTI,6,396,2.598790506763115
GTAATTCAGACCCGTG-1,OTI,0,0,0.0
GTAATTCAGACGACAG-1,OTI,1,1,0.3010299956639812
GTAATTCAGAGAATCA-1,C57BL6,0,0,0.0
GTAATTCAGATACGGG-1,OTI,4,18,1.2787536009528289
GTAATTCAGCAAATTC-1,OTI,0,0,0.0
GTAATTCAGCTGGGTT-1,C57BL6,2,17,1.255272505103306
GTAATTCAGGCGTCCA-1,OTI,7,173,2.2405492482826
GTAATTGGTAAGTTGC-1,OTI,1,16,1.2304489213782739
GTAATTGGTACATAGC-1,OTI,1,7,0.9030899869919435
GTAATTGGTAGTCTCC-1,OTI,2,6,0.8450980400142568
GTAATTGGTAGTGTTA-1,OTI,2,64,1.8129133566428555
GTAATTGGTATGCCGA-1,OTI,2,17,1.255272505103306
GTAATTGGTGCCTCGC-1,OTI,0,0,0.0
GTAATTGGTGCTTAGG-1,OTI,5,162,2.2121876044039577
GTAATTGGTGGCTAGC-1,OTI,0,0,0.0
GTACAAGCACAAGCGG-1,OTI,5,45,1.662757831681574
GTACAAGCACGTACGC-1,OTI,2,8,0.9542425094393249
GTACAAGCACTAATAT-1,C57BL6,0,0,0.0
GTACAAGCAGTTGAGA-1,OTI,0,0,0.0
GTACAATTCAAATCAC-1,OTI,3,128,2.110589710299249
GTACAATTCAGAGAAC-1,OTI,6,45,1.662757831681574
GTACAATTCCCTAACT-1,OTI,2,49,1.6989700043360187
GTACAATTCCGGAATC-1,OTI,2,8,0.9542425094393249
GTACAATTCCGGCTTC-1,OTI,0,0,0.0
GTACAATTCCGGTCAG-1,OTI,2,13,1.146128035678238
GTACAATTCGCTCTAT-1,OTI,0,0,0.0
GTACATCCAAAGCTTC-1,C57BL6,1,1,0.3010299956639812
GTACATCCAAATTAAG-1,C57BL6,0,0,0.0
GTACATCCAAGCATTC-1,OTI,3,217,2.3384564936046046
GTACATCCACAAGTAG-1,C57BL6,0,0,0.0
GTACATCCACTCGTTC-1,OTI,2,58,1.7708520116421442
GTACATCCAGCTCGGT-1,OTI,2,14,1.1760912590556813
GTACATCCAGCTGTAT-1,C57BL6,1,1,0.3010299956639812
GTACATCCAGCTTACG-1,OTI,3,80,1.9084850188786497
GTACATCCAGTCTAAC-1,C57BL6,1,1,0.3010299956639812
GTACATGTCCACTCCA-1,C57BL6,1,12,1.1139433523068367
GTACATGTCGCTCCAC-1,OTI,4,45,1.662757831681574
GTACATGTCGTACGTA-1,OTI,9,65,1.8195439355418688
GTACCCGAGAAGGTTA-1,OTI,3,35,1.5563025007672873
GTACCCGAGATCCACA-1,OTI,2,4,0.6989700043360189
GTACCCGAGATGACGG-1,C57BL6,0,0,0.0
GTACCCGAGATGGAGT-1,C57BL6,0,0,0.0
GTACCCGAGCAACCCG-1,C57BL6,0,0,0.0
GTACCCGAGCAAGACG-1,C57BL6,0,0,0.0
GTACCCGAGCCAGTAC-1,OTI,0,0,0.0
GTACCCGAGCGACGTT-1,OTI,4,51,1.7160033436347992
GTACCCGAGGCCCTGA-1,OTI,3,4,0.6989700043360189
GTACCCGAGGTACGTC-1,C57BL6,0,0,0.0
GTACCCGAGGTCAATT-1,OTI,3,138,2.143014800254095
GTACCCGAGGTCGGAA-1,C57BL6,3,3,0.6020599913279624
GTACCCTGTACGGTGC-1,OTI,0,0,0.0
GTACCCTGTCATCGAG-1,C57BL6,0,0,0.0
GTACCTTTCGCAAGTC-1,C57BL6,1,1,0.3010299956639812
GTACCTTTCGTGTATG-1,C57BL6,0,0,0.0
GTACGAACAATCATCA-1,OTI,6,92,1.968482948553935
GTACGAACAATCTTAG-1,C57BL6,0,0,0.0
GTACGAACACAACATC-1,C57BL6,0,0,0.0
GTACGAACACAATGTC-1,OTI,0,0,0.0
GTACGAACACAGTGGG-1,OTI,9,235,2.3729120029701067
GTACGAACACGTTTCC-1,OTI,2,2,0.47712125471966244
GTACGAACAGTATACC-1,OTI,2,20,1.3222192947339193
GTACGAACAGTTCGCA-1,C57BL6,0,0,0.0
GTACGCCCAATCGTCG-1,C57BL6,2,21,1.3424226808222062
GTACGCCCACAGCGGA-1,OTI,1,91,1.9637878273455553
GTACGCCCACCTGACA-1,OTI,0,0,0.0
GTACGCCCAGGAAAGG-1,OTI,4,4,0.6989700043360189
GTACGCCCAGGTAGCG-1,C57BL6,0,0,0.0
GTACGCCCAGTAGGGT-1,OTI,1,4,0.6989700043360189
GTACGGGCAACGTTAC-1,OTI,3,167,2.225309281725863
GTACGGGCACATCATA-1,OTI,7,128,2.110589710299249
GTACGGGCACCTGTAG-1,C57BL6,0,0,0.0
GTACGGGCAGCCTCTT-1,OTI,2,6,0.8450980400142568
GTACGGGCAGGAAGCT-1,OTI,2,7,0.9030899869919435
GTACGGGCAGGTGATA-1,OTI,7,86,1.9395192526186185
GTACGGTTCACTCGTT-1,OTI,4,20,1.3222192947339193
GTACGGTTCCAGCTAA-1,OTI,3,378,2.578639209968072
GTACGGTTCCAGGTGT-1,OTI,0,0,0.0
GTACGGTTCCCAACTT-1,C57BL6,0,0,0.0
GTACGGTTCCGTATTC-1,OTI,0,0,0.0
GTACGGTTCGGATCCG-1,OTI,3,172,2.2380461031287955
GTACGGTTCGGGTATC-1,OTI,2,12,1.1139433523068367
GTACGGTTCGTCCATT-1,OTI,3,68,1.8388490907372552
GTACGTATCACAATCG-1,OTI,0,0,0.0
GTACGTATCATAGCGC-1,C57BL6,1,3,0.6020599913279624
GTACGTATCCATAGGC-1,OTI,0,0,0.0
GTACGTATCCCACCGT-1,OTI,3,821,2.9148718175400505
GTACGTATCCCCTAGC-1,OTI,5,91,1.9637878273455553
GTACGTATCCGGGCTA-1,OTI,0,0,0.0
GTACGTATCGTAGCGT-1,OTI,2,24,1.3979400086720377
GTACGTATCGTGACTA-1,OTI,0,0,0.0
GTACGTCAGAGCCTGT-1,C57BL6,0,0,0.0
GTACGTCAGAGGTTGG-1,OTI,1,7,0.9030899869919435
GTACGTCAGATAACGA-1,OTI,1,1,0.3010299956639812
GTACGTCAGGCTAAGG-1,C57BL6,1,4,0.6989700043360189
GTACGTCAGGCTTCCC-1,OTI,3,17,1.255272505103306
GTACGTCAGGTGGGTA-1,OTI,1,117,2.0718820073061255
GTACGTGGTATGCCTC-1,OTI,5,44,1.6532125137753437
GTACGTGGTCCGTTGT-1,C57BL6,0,0,0.0
GTACGTGGTGCCCTAT-1,C57BL6,2,8,0.9542425094393249
GTACGTGGTGGAAAGC-1,C57BL6,0,0,0.0
GTACGTGGTGTGCGGT-1,C57BL6,1,9,1.0
GTACGTGGTGTTCTAT-1,OTI,3,151,2.1818435879447726
GTACTCCGTATCTGTT-1,OTI,0,0,0.0
GTACTCCGTCCGTAAG-1,C57BL6,1,5,0.7781512503836436
GTACTCCGTCCTAGCT-1,C57BL6,0,0,0.0
GTACTCCGTCGGATAT-1,OTI,2,449,2.6532125137753435
GTACTCCGTGGGTGCT-1,OTI,2,7,0.9030899869919435
GTACTCGCAAGCGTAA-1,OTI,5,591,2.77232170672292
GTACTCGCAAGTCTCG-1,OTI,2,36,1.568201724066995
GTACTCGCAGCTAACT-1,OTI,2,64,1.8129133566428555
GTACTCGCAGGAGCCA-1,OTI,6,122,2.089905111439398
GTACTCGCAGGATGAC-1,OTI,1,8,0.9542425094393249
GTACTCGCAGGGTCAG-1,OTI,3,40,1.6127838567197355
GTACTCGCAGTCTATA-1,OTI,1,75,1.8808135922807914
GTACTTACAAACATAA-1,C57BL6,0,0,0.0
GTACTTACAAGGAGGA-1,OTI,1,3,0.6020599913279624
GTACTTACAATCATGC-1,OTI,3,15,1.2041199826559248
GTACTTACACAAATGG-1,OTI,1,16,1.2304489213782739
GTACTTACACCAGACC-1,C57BL6,0,0,0.0
GTACTTACACCCTTAC-1,C57BL6,1,6,0.8450980400142568
GTACTTACACGAATCT-1,OTI,5,241,2.383815365980431
GTACTTACACTCGGGT-1,OTI,3,59,1.7781512503836436
GTACTTACACTTAAGC-1,OTI,1,3,0.6020599913279624
GTACTTACAGTACGGG-1,OTI,1,8,0.9542425094393249
GTACTTACAGTGAGGT-1,OTI,5,289,2.462397997898956
GTACTTCTCAATCGTG-1,OTI,1,414,2.6180480967120925
GTACTTCTCACGACAC-1,OTI,0,0,0.0
GTACTTCTCACGCATA-1,OTI,5,258,2.413299764081252
GTACTTCTCCGGCTTC-1,C57BL6,0,0,0.0
GTACTTCTCCTTCGCA-1,OTI,3,78,1.8976270912904414
GTACTTCTCGCGACAT-1,C57BL6,0,0,0.0
GTAGAACAGAATTGAG-1,OTI,3,35,1.5563025007672873
GTAGAACAGACGACAG-1,OTI,2,11,1.0791812460476249
GTAGAACAGCGCGATT-1,OTI,2,43,1.6434526764861874
GTAGAACAGCTGATAT-1,OTI,3,73,1.8692317197309762
GTAGAACAGGCGGGAT-1,OTI,0,0,0.0
GTAGAACAGGCTATGC-1,OTI,0,0,0.0
GTAGAACAGGGGTTGA-1,OTI,1,2,0.47712125471966244
GTAGAAGGTACGTGCA-1,OTI,4,50,1.7075701760979363
GTAGAAGGTACTTATC-1,C57BL6,0,0,0.0
GTAGAAGGTAGTGTGT-1,C57BL6,0,0,0.0
GTAGAAGGTATTGCGG-1,OTI,2,107,2.03342375548695
GTAGAAGGTCCGCTAT-1,OTI,2,4,0.6989700043360189
GTAGAAGGTCTTGTAT-1,OTI,5,61,1.792391689498254
GTAGAAGGTGCACTCT-1,OTI,4,92,1.968482948553935
GTAGACGAGACACATT-1,OTI,1,316,2.5010592622177517
GTAGACGAGAGGTACG-1,C57BL6,0,0,0.0
GTAGACGAGATCAGGG-1,C57BL6,0,0,0.0
GTAGACGAGATGTGAA-1,OTI,1,7,0.9030899869919435
GTAGACGAGCCGCACA-1,C57BL6,2,16,1.2304489213782739
GTAGACGAGCGTGTCG-1,OTI,0,0,0.0
GTAGACGAGGCACGAA-1,OTI,0,0,0.0
GTAGAGTAGACTTTGG-1,C57BL6,0,0,0.0
GTAGAGTAGAGCCGTT-1,OTI,2,15,1.2041199826559248
GTAGAGTAGCATGGAG-1,OTI,0,0,0.0
GTAGAGTAGGTGTTAT-1,OTI,1,322,2.509202522331103
GTAGAGTAGGTTCGAC-1,C57BL6,1,10,1.0413926851582251
GTAGATTTCACTTTCA-1,OTI,4,82,1.919078092376074
GTAGATTTCCTGTTAC-1,C57BL6,0,0,0.0
GTAGATTTCGGATACC-1,C57BL6,0,0,0.0
GTAGCACTCACAGGTC-1,OTI,0,0,0.0
GTAGCACTCCAATTCC-1,OTI,1,17,1.255272505103306
GTAGCACTCGGGCTCA-1,OTI,3,22,1.3617278360175928
GTAGCACTCGTCCAAA-1,OTI,9,287,2.459392487759231
GTAGCACTCGTCCGCT-1,OTI,0,0,0.0
GTAGCAGAGAAACCGG-1,C57BL6,1,5,0.7781512503836436
GTAGCAGAGACTGCAC-1,OTI,2,47,1.6812412373755872
GTAGCAGAGGGCTCAT-1,OTI,0,0,0.0
GTAGCAGAGGGTGTTC-1,OTI,1,21,1.3424226808222062
GTAGCATGTGCAAGCC-1,C57BL6,0,0,0.0
GTAGCATGTGTAGTGT-1,C57BL6,0,0,0.0
GTAGCCCCACATGCGC-1,C57BL6,0,0,0.0
GTAGCCCCACGCAGTC-1,OTI,1,17,1.255272505103306
GTAGCGCGTATCGCGA-1,OTI,0,0,0.0
GTAGCGCGTCCCTTGG-1,C57BL6,0,0,0.0
GTAGCGCGTCCGTGTT-1,OTI,2,68,1.8388490907372552
GTAGCGCGTGTCTATT-1,C57BL6,0,0,0.0
GTAGCGCGTGTTCAGG-1,C57BL6,1,23,1.380211241711606
GTAGCGGCAACTGGGG-1,C57BL6,0,0,0.0
GTAGCGGCAACTTAGC-1,OTI,2,12,1.1139433523068367
GTAGCGGCAAGTCGGG-1,OTI,1,32,1.5185139398778875
GTAGCGGCAATACCTA-1,OTI,2,15,1.2041199826559248
GTAGCGGCACCCTTCG-1,OTI,0,0,0.0
GTAGCGTTCAGGCTGT-1,OTI,1,4,0.6989700043360189
GTAGCGTTCATAAGTC-1,C57BL6,0,0,0.0
GTAGCGTTCATTCGTC-1,OTI,1,112,2.0530784434834195
GTAGCGTTCCTCCAAT-1,OTI,1,312,2.4955443375464483
GTAGCGTTCGCATCGG-1,OTI,6,79,1.9030899869919435
GTAGCTATCAGTCAGC-1,C57BL6,0,0,0.0
GTAGCTATCATCTCCG-1,OTI,2,154,2.1903316981702914
GTAGCTATCATGCTTC-1,OTI,7,172,2.2380461031287955
GTAGCTCAGAACTGAA-1,OTI,1,26,1.4313637641589874
GTAGCTCAGAAGTGTA-1,OTI,6,160,2.2068258760318495
GTAGCTCAGCCGGTAT-1,OTI,4,170,2.2329961103921536
GTAGCTCAGCGTACGT-1,C57BL6,0,0,0.0
GTAGCTCAGCTATGGC-1,OTI,0,0,0.0
GTAGCTCAGCTCGGCA-1,C57BL6,0,0,0.0
GTAGCTCAGGCATCGT-1,OTI,3,26,1.4313637641589874
GTAGGATAGACCTGTA-1,OTI,4,30,1.4913616938342726
GTAGGATAGATTACGT-1,OTI,4,112,2.0530784434834195
GTAGGATAGCCAGGTT-1,OTI,6,82,1.919078092376074
GTAGGATAGCCGTAAC-1,OTI,3,243,2.387389826338729
GTAGGATAGCCTTTCG-1,OTI,2,41,1.6232492903979006
GTAGGATAGCGCCCAA-1,OTI,1,37,1.5797835966168101
GTAGGATAGCGTGCAT-1,C57BL6,1,14,1.1760912590556813
GTAGGATAGGCTCATA-1,OTI,2,7,0.9030899869919435
GTAGGCAAGATCATCG-1,C57BL6,0,0,0.0
GTAGGCAAGCAAAGGT-1,OTI,3,88,1.9493900066449128
GTAGGCAAGCAATGCC-1,OTI,0,0,0.0
GTAGGCAAGCTGAATT-1,OTI,4,480,2.682145076373832
GTAGGCAAGGCGATAG-1,C57BL6,2,47,1.6812412373755872
GTAGGCAAGGGTTAGG-1,C57BL6,0,0,0.0
GTAGGCAAGGTCCATA-1,OTI,7,32,1.5185139398778875
GTAGGCGCAACTCTCC-1,OTI,5,155,2.1931245983544616
GTAGGCGCAAGAGAGG-1,C57BL6,1,17,1.255272505103306
GTAGGCGCACGGCAAG-1,OTI,4,118,2.0755469613925306
GTAGGCGCAGGATAGC-1,OTI,5,192,2.285557309007774
GTAGGCGCAGTGAAGC-1,OTI,8,137,2.1398790864012365
GTAGGCTTCACACAAT-1,C57BL6,0,0,0.0
GTAGGCTTCCCAATTC-1,C57BL6,1,7,0.9030899869919435
GTAGGCTTCGCCCTTA-1,OTI,4,66,1.8260748027008264
GTAGGCTTCGCTTCTG-1,C57BL6,1,4,0.6989700043360189
GTAGGCTTCGGAAAGT-1,OTI,4,4,0.6989700043360189
GTAGGGCAGCTTAGGC-1,OTI,2,27,1.4471580313422192
GTAGGGCAGGCGCATT-1,C57BL6,0,0,0.0
GTAGGGCAGGTATTCG-1,OTI,2,20,1.3222192947339193
GTAGGGTCACTTATCT-1,OTI,4,422,2.6263403673750423
GTAGGGTCACTTGACG-1,OTI,2,86,1.9395192526186185
GTAGGGTCAGGCGACA-1,C57BL6,0,0,0.0
GTAGGTCTCCGACTCC-1,OTI,0,0,0.0
GTAGGTCTCGGTGCAT-1,OTI,0,0,0.0
GTAGGTGAGCACTACA-1,OTI,5,74,1.8750612633917
GTAGGTGAGCAGCCAT-1,OTI,5,42,1.6334684555795864
GTAGGTGAGCAGCGTT-1,OTI,1,5,0.7781512503836436
GTAGGTGAGGCGGGAT-1,OTI,0,0,0.0
GTAGGTGAGGCGTTAC-1,OTI,4,173,2.2405492482826
GTAGGTTGTAGTCCGA-1,OTI,0,0,0.0
GTAGGTTGTCGGATAT-1,OTI,0,0,0.0
GTAGGTTGTGCCTCGC-1,OTI,4,23,1.380211241711606
GTAGTAAAGGGGTTGA-1,OTI,5,316,2.5010592622177517
GTAGTAGCAACCCATG-1,C57BL6,0,0,0.0
GTAGTAGCAACGCGAG-1,OTI,5,380,2.5809249756756194
GTAGTAGCAGCGATAA-1,OTI,1,3,0.6020599913279624
GTAGTCATCAACCCTT-1,OTI,0,0,0.0
GTAGTCATCACTAATA-1,C57BL6,0,0,0.0
GTAGTCATCATACCCT-1,OTI,0,0,0.0
GTAGTCATCATACGCA-1,OTI,2,234,2.3710678622717363
GTAGTCATCATGGCGT-1,OTI,4,153,2.187520720836463
GTAGTCATCATGGTGC-1,C57BL6,0,0,0.0
GTAGTCATCCATCGCC-1,OTI,4,687,2.837588438235511
GTAGTCATCCCAAGTA-1,OTI,5,398,2.6009728956867484
GTAGTCATCCCCTAAT-1,C57BL6,0,0,0.0
GTAGTCATCCCTTCTC-1,C57BL6,0,0,0.0
GTAGTCATCCGATGTA-1,OTI,1,6,0.8450980400142568
GTAGTCATCGGGTTAC-1,OTI,0,0,0.0
GTAGTGCTCACAGTTG-1,C57BL6,0,0,0.0
GTAGTGCTCATCCCGC-1,OTI,3,208,2.3201462861110542
GTAGTGCTCCTAAGCA-1,C57BL6,0,0,0.0
GTAGTGCTCGGAAACG-1,OTI,1,40,1.6127838567197355
GTAGTGCTCGTATGTG-1,C57BL6,0,0,0.0
GTAGTGGAGACCAATT-1,C57BL6,0,0,0.0
GTAGTGGAGAGGATTA-1,OTI,3,48,1.6901960800285136
GTAGTGGAGATCGGTC-1,OTI,0,0,0.0
GTAGTGGAGCAGTCTA-1,OTI,3,15,1.2041199826559248
GTAGTGGAGGCCCAAT-1,C57BL6,1,6,0.8450980400142568
GTAGTGGAGGTTATGT-1,OTI,16,321,2.507855871695831
GTAGTGTGTACAGCGC-1,C57BL6,0,0,0.0
GTAGTGTGTCACGCGG-1,OTI,3,21,1.3424226808222062
GTAGTGTGTCTACTAT-1,OTI,2,10,1.0413926851582251
GTAGTGTGTGCGCCTC-1,OTI,7,272,2.436162647040756
GTAGTGTGTGGTGCCG-1,OTI,2,60,1.7853298350107671
GTAGTGTGTGTACCCT-1,OTI,0,0,0.0
GTAGTTAGTCTATAAG-1,OTI,7,203,2.3096301674258988
GTAGTTAGTCTGTCCG-1,OTI,3,210,2.3242824552976926
GTAGTTAGTGGTGATT-1,OTI,1,7,0.9030899869919435
GTAGTTAGTGTAAAGG-1,C57BL6,0,0,0.0
GTAGTTAGTGTAGTGT-1,OTI,0,0,0.0
GTAGTTGTCAAGCCGT-1,OTI,3,106,2.0293837776852097
GTAGTTGTCCTACAAG-1,C57BL6,0,0,0.0
GTAGTTGTCCTTCATA-1,C57BL6,0,0,0.0
GTAGTTGTCGCAGTGT-1,OTI,2,26,1.4313637641589874
GTAGTTTAGACCCATA-1,OTI,4,94,1.9777236052888478
GTAGTTTAGACGTCCG-1,C57BL6,1,11,1.0791812460476249
GTAGTTTAGCAAATTC-1,OTI,5,93,1.9731278535996986
GTAGTTTAGCACGTAC-1,OTI,2,5,0.7781512503836436
GTAGTTTAGCTACGAC-1,C57BL6,0,0,0.0
GTAGTTTAGGGGTATG-1,OTI,3,51,1.7160033436347992
GTAGTTTAGGTGTCCG-1,OTI,4,110,2.0453229787866576
GTATAACTCAGCTGTA-1,OTI,5,154,2.1903316981702914
GTATAACTCCTAGCAA-1,C57BL6,0,0,0.0
GTATAACTCCTGCACC-1,OTI,1,104,2.0211892990699383
GTATAACTCGGAGTCT-1,OTI,1,3,0.6020599913279624
GTATAACTCGTAACTG-1,C57BL6,5,7,0.9030899869919435
GTATACCCAACCTACG-1,C57BL6,1,26,1.4313637641589874
GTATACCCAACCTGCA-1,OTI,4,173,2.2405492482826
GTATACCCAACGTGGG-1,OTI,5,28,1.462397997898956
GTATACCCACCCAAGC-1,C57BL6,0,0,0.0
GTATACCCAGTGCATT-1,OTI,3,127,2.1072099696478683
GTATACGTCAAACCGC-1,OTI,0,0,0.0
GTATACGTCAGAGAAC-1,C57BL6,0,0,0.0
GTATACGTCGTAAATC-1,OTI,2,13,1.146128035678238
GTATACTAGACCTTAG-1,OTI,6,64,1.8129133566428555
GTATACTAGCGCAGTT-1,OTI,0,0,0.0
GTATACTAGGCGTGTT-1,OTI,2,48,1.6901960800285136
GTATAGAAGAAGGCAT-1,OTI,6,116,2.0681858617461617
GTATAGAAGCCATCAA-1,C57BL6,0,0,0.0
GTATAGAAGCCTATGA-1,OTI,3,98,1.99563519459755
GTATAGAAGCTAGTTG-1,OTI,2,5,0.7781512503836436
GTATAGAAGGTTGTAT-1,OTI,4,182,2.2624510897304293
GTATAGCGTAACTTTC-1,C57BL6,1,6,0.8450980400142568
GTATAGCGTATCCGAG-1,OTI,3,44,1.6532125137753437
GTATAGCGTATCTCGC-1,OTI,1,9,1.0
GTATAGCGTCCCTTGG-1,C57BL6,2,8,0.9542425094393249
GTATAGCGTGCTGGGT-1,C57BL6,0,0,0.0
GTATAGCGTGGCTTAG-1,C57BL6,1,3,0.6020599913279624
GTATAGGCAAAGGGAG-1,OTI,3,28,1.462397997898956
GTATAGGCAACACAAG-1,OTI,0,0,0.0
GTATAGGCAATCCGCA-1,C57BL6,0,0,0.0
GTATAGGCACATAGAG-1,OTI,0,0,0.0
GTATAGTTCACTGACA-1,C57BL6,0,0,0.0
GTATAGTTCAGTTAGT-1,OTI,2,83,1.9242792860618816
GTATAGTTCCAACGTA-1,OTI,0,0,0.0
GTATAGTTCCCAACTT-1,C57BL6,0,0,0.0
GTATAGTTCCGCTTGC-1,OTI,3,26,1.4313637641589874
GTATAGTTCGCGGCTA-1,C57BL6,0,0,0.0
GTATAGTTCGGAAAGT-1,C57BL6,1,11,1.0791812460476249
GTATAGTTCGGACATC-1,C57BL6,1,5,0.7781512503836436
GTATAGTTCGGTATAT-1,OTI,1,5,0.7781512503836436
GTATAGTTCGTCCTGC-1,OTI,8,273,2.437750562820388
GTATATCAGAGCATGG-1,C57BL6,3,59,1.7781512503836436
GTATATCAGAGGGTGC-1,OTI,3,23,1.380211241711606
GTATATCAGCATGGTC-1,OTI,4,282,2.45178643552429
GTATATCAGCCGTAAC-1,OTI,6,132,2.123851640967086
GTATATCAGGCAAAGT-1,C57BL6,0,0,0.0
GTATATCAGGCAACGA-1,OTI,4,43,1.6434526764861874
GTATATCAGGGTAGCA-1,OTI,0,0,0.0
GTATATCAGGTCACGT-1,OTI,7,68,1.8388490907372552
GTATCACCACCATGCA-1,OTI,1,74,1.8750612633917
GTATCACCACCTTCCG-1,OTI,0,0,0.0
GTATCACCACTTAGTA-1,C57BL6,0,0,0.0
GTATCACCAGGGTTAA-1,OTI,2,36,1.568201724066995
GTATCAGTCCACTCCA-1,OTI,2,32,1.5185139398778875
GTATCAGTCCGACCCT-1,OTI,0,0,0.0
GTATCAGTCCGACGCA-1,OTI,0,0,0.0
GTATCAGTCGCATAGC-1,OTI,1,11,1.0791812460476249
GTATCAGTCGTTGACA-1,C57BL6,1,50,1.7075701760979363
GTATCAGTCGTTGCCC-1,OTI,5,205,2.3138672203691533
GTATCCAAGATGGTTT-1,OTI,3,254,2.406540180433955
GTATCCAAGGCTAAGG-1,OTI,9,371,2.5705429398818973
GTATCCAAGGTCGAAG-1,C57BL6,2,2,0.47712125471966244
GTATCCCGTACAGCAT-1,OTI,5,722,2.859138297294531
GTATCCCGTACGGGCT-1,OTI,5,40,1.6127838567197355
GTATCCCGTACTTCTG-1,OTI,0,0,0.0
GTATCCCGTCCAGTAG-1,OTI,0,0,0.0
GTATCCCGTGCACGTA-1,C57BL6,2,2,0.47712125471966244
GTATCCCGTGTTAGTA-1,OTI,0,0,0.0
GTATCGATCACTTCTA-1,C57BL6,0,0,0.0
GTATCGATCATGTAAC-1,OTI,4,243,2.387389826338729
GTATCGATCCCTAAAG-1,OTI,3,325,2.513217600067939
GTATCGATCCTAGGGT-1,OTI,11,218,2.3404441148401185
GTATCGATCCTGCACC-1,OTI,5,41,1.6232492903979006
GTATCGATCGCCTAAA-1,OTI,0,0,0.0
GTATCGATCGGACCTG-1,C57BL6,1,6,0.8450980400142568
GTATCGGGTAAGTGTC-1,C57BL6,0,0,0.0
GTATCGGGTAGCCAGC-1,C57BL6,0,0,0.0
GTATCGGGTCTAACCC-1,OTI,1,14,1.1760912590556813
GTATCGGGTGTGGTGC-1,OTI,2,87,1.9444826721501687
GTATCTCTCACGCCTC-1,OTI,6,338,2.530199698203082
GTATCTCTCACGGTGT-1,C57BL6,1,17,1.255272505103306
GTATCTCTCGCAAAGG-1,C57BL6,0,0,0.0
GTATCTCTCGCGCGTA-1,OTI,3,81,1.9138138523837167
GTATCTCTCGGAAGCA-1,OTI,0,0,0.0
GTATCTTGTACATAGC-1,OTI,4,298,2.4756711883244296
GTATCTTGTAGTAAGG-1,C57BL6,1,1,0.3010299956639812
GTATCTTGTATTCTGT-1,OTI,3,135,2.1335389083702174
GTATCTTGTCCCAATC-1,C57BL6,0,0,0.0
GTATCTTGTCGCAGTA-1,C57BL6,0,0,0.0
GTATCTTGTCTTAGGG-1,OTI,1,109,2.041392685158225
GTATCTTGTGCGTTAG-1,OTI,1,31,1.505149978319906
GTATGCATCAACCTCT-1,C57BL6,2,69,1.845098040014257
GTATGCATCAATGGTT-1,C57BL6,1,8,0.9542425094393249
GTATGCATCAGGAATA-1,OTI,0,0,0.0
GTATGCATCCGGTATA-1,OTI,2,50,1.7075701760979363
GTATGCATCCTGACAA-1,OTI,6,298,2.4756711883244296
GTATGCGGTCCCTGTG-1,C57BL6,1,6,0.8450980400142568
GTATGCGGTGCATCAG-1,OTI,6,164,2.2174839442139063
GTATGCTCAACACTTA-1,OTI,0,0,0.0
GTATGCTCAACAGAAT-1,C57BL6,0,0,0.0
GTATGCTCAACATACC-1,OTI,0,0,0.0
GTATGCTCAATTCAGC-1,OTI,3,27,1.4471580313422192
GTATGCTCACAGTTTA-1,OTI,2,21,1.3424226808222062
GTATGCTCACCTAGGC-1,OTI,5,77,1.8920946026904804
GTATGCTCACGACACC-1,C57BL6,0,0,0.0
GTATGCTCAGCTAAAG-1,C57BL6,0,0,0.0
GTATGGACAAAAGCGC-1,OTI,0,0,0.0
GTATGGACACACGCAC-1,OTI,3,20,1.3222192947339193
GTATGGACACTGACAT-1,OTI,5,32,1.5185139398778875
GTATGGGAGACATAGA-1,C57BL6,1,3,0.6020599913279624
GTATGGGAGATATACC-1,OTI,5,76,1.8864907251724818
GTATGGGAGCCGTGAT-1,OTI,2,125,2.100370545117563
GTATGGGAGCCTGTAA-1,C57BL6,0,0,0.0
GTATGGGAGCCTTTCG-1,OTI,5,50,1.7075701760979363
GTATGGGAGGCTCAGT-1,OTI,4,148,2.173186268412274
GTATGGGAGGGCTGAA-1,OTI,4,34,1.5440680443502757
GTATGGGAGGGTTGTC-1,OTI,3,189,2.278753600952829
GTATGGGAGGTCGAAG-1,OTI,3,18,1.2787536009528289
GTATGTAGTAATTCAG-1,OTI,4,158,2.2013971243204513
GTATGTAGTATTGTCT-1,C57BL6,0,0,0.0
GTATGTAGTCGACTAG-1,OTI,0,0,0.0
GTATGTAGTGCTCGTT-1,OTI,3,38,1.591064607026499
GTATGTAGTGTCGCTT-1,OTI,3,484,2.6857417386022635
GTATGTAGTGTTCGTC-1,OTI,1,4,0.6989700043360189
GTATGTCCAAACCAGA-1,C57BL6,0,0,0.0
GTATGTCCAACAATGG-1,C57BL6,0,0,0.0
GTATGTCCAACCCTCT-1,OTI,2,15,1.2041199826559248
GTATGTCCAACGCACC-1,OTI,5,126,2.103803720955957
GTATGTCCAATATTCG-1,OTI,7,294,2.469822015978163
GTATGTCCACAGTGCC-1,C57BL6,0,0,0.0
GTATGTCCACCACGTA-1,C57BL6,0,0,0.0
GTATGTCCACCTACTC-1,OTI,3,38,1.591064607026499
GTATGTCCACCTGACA-1,OTI,2,69,1.845098040014257
GTATGTCCAGCATGGG-1,OTI,5,146,2.167317334748176
GTATGTCCAGCCTTTC-1,OTI,3,96,1.9867717342662448
GTATGTGTCACCCCGT-1,OTI,1,12,1.1139433523068367
GTATGTGTCAGCTGTA-1,OTI,0,0,0.0
GTATGTGTCAGTGGCT-1,OTI,2,25,1.414973347970818
GTATGTGTCCATACCT-1,OTI,5,105,2.0253058652647704
GTATGTGTCCGAATGC-1,C57BL6,0,0,0.0
GTATGTTAGAACGAAC-1,OTI,6,107,2.03342375548695
GTATGTTAGAACGTTT-1,OTI,0,0,0.0
GTATGTTAGAATTGTC-1,C57BL6,1,55,1.7481880270062005
GTATGTTAGAGCCCAT-1,OTI,5,140,2.1492191126553797
GTATGTTAGCAATACT-1,OTI,1,6,0.8450980400142568
GTATGTTAGCATCTTC-1,OTI,2,8,0.9542425094393249
GTATGTTAGCGTGTTA-1,C57BL6,0,0,0.0
GTATGTTAGGGATAGT-1,OTI,6,8,0.9542425094393249
GTATGTTAGGTAATTC-1,C57BL6,0,0,0.0
GTATTAATCAATTGGT-1,OTI,0,0,0.0
GTATTAATCACATACG-1,OTI,2,56,1.7558748556724915
GTATTAATCACCTTAC-1,OTI,4,25,1.414973347970818
GTATTAATCACTTTCA-1,C57BL6,7,7,0.9030899869919435
GTATTAATCAGGCTTA-1,C57BL6,0,0,0.0
GTATTAATCCCATACT-1,OTI,4,150,2.1789769472931693
GTATTAATCGCCCTTA-1,OTI,6,128,2.110589710299249
GTATTATCAAAATCTT-1,C57BL6,4,117,2.0718820073061255
GTATTATCACAAGCCC-1,OTI,1,7,0.9030899869919435
GTATTATCACCGTAAT-1,OTI,1,49,1.6989700043360187
GTATTATCACGGTGTC-1,OTI,4,127,2.1072099696478683
GTATTATCAGCACGGA-1,OTI,0,0,0.0
GTATTATCAGTACTTA-1,OTI,0,0,0.0
GTATTATCAGTTAGCT-1,C57BL6,0,0,0.0
GTATTCACAAGCATTC-1,C57BL6,2,10,1.0413926851582251
GTATTCACACTGTAAC-1,C57BL6,1,7,0.9030899869919435
GTATTCACAGTACATC-1,OTI,0,0,0.0
GTATTCACAGTGCGGA-1,C57BL6,0,0,0.0
GTATTCCTCACAACTG-1,OTI,3,24,1.3979400086720377
GTATTCCTCAGTACTG-1,OTI,0,0,0.0
GTATTCCTCAGTTAGT-1,OTI,3,22,1.3617278360175928
GTATTCCTCATACCCT-1,OTI,7,24,1.3979400086720377
GTATTCCTCATATGGT-1,OTI,5,62,1.7993405494535817
GTATTCCTCCTCAGCC-1,OTI,3,30,1.4913616938342726
GTATTCCTCGCAAACC-1,C57BL6,1,7,0.9030899869919435
GTATTCCTCGCTAAAT-1,C57BL6,0,0,0.0
GTATTCCTCGGCAATC-1,OTI,5,89,1.954242509439325
GTATTCGAGATGAGGT-1,OTI,3,6,0.8450980400142568
GTATTCGAGGCTTGCG-1,OTI,0,0,0.0
GTATTCTGTCGCTGCC-1,OTI,0,0,0.0
GTATTCTGTCGTCTGT-1,OTI,0,0,0.0
GTATTCTGTCGTGGTA-1,C57BL6,0,0,0.0
GTATTCTGTGGTAGCC-1,C57BL6,2,38,1.591064607026499
GTATTGGTCAAGGTAA-1,C57BL6,2,31,1.505149978319906
GTATTGGTCAATCCCT-1,C57BL6,0,0,0.0
GTATTGGTCACACATG-1,OTI,0,0,0.0
GTATTGGTCACGCATA-1,OTI,1,26,1.4313637641589874
GTATTGGTCAGTACTG-1,C57BL6,0,0,0.0
GTATTGGTCGGTTCGG-1,OTI,0,0,0.0
GTATTGGTCGTTACTC-1,OTI,1,3,0.6020599913279624
GTATTGTAGACGTGTC-1,C57BL6,0,0,0.0
GTCAAATTCCGTATCT-1,OTI,3,41,1.6232492903979006
GTCAAATTCGTCAATG-1,OTI,3,1059,3.0253058652647704
GTCAAATTCGTTCTAC-1,OTI,1,5,0.7781512503836436
GTCAACATCAATTGTA-1,C57BL6,0,0,0.0
GTCAACATCACAATCG-1,OTI,3,17,1.255272505103306
GTCAACATCATGGTGC-1,OTI,2,55,1.7481880270062005
GTCAACATCCCAAAGC-1,C57BL6,1,9,1.0
GTCAACATCCCACAGG-1,OTI,0,0,0.0
GTCAACATCCTCTAAC-1,C57BL6,1,10,1.0413926851582251
GTCAACATCGCGGTTG-1,OTI,0,0,0.0
GTCAACATCGGTGTTA-1,OTI,3,14,1.1760912590556813
GTCAACATCGTACGGT-1,OTI,2,605,2.782472624166286
GTCAACTCAAACCAGA-1,OTI,1,22,1.3617278360175928
GTCAACTCAAAGTCTC-1,OTI,3,914,2.9614210940664485
GTCAACTCAACCATAC-1,OTI,6,64,1.8129133566428555
GTCAACTCAAGCGATA-1,C57BL6,0,0,0.0
GTCAACTCAGCATGGG-1,OTI,2,7,0.9030899869919435
GTCAACTCAGCGTATT-1,OTI,0,0,0.0
GTCAACTCAGGACTAA-1,C57BL6,0,0,0.0
GTCAAGACAATCAACC-1,C57BL6,2,25,1.414973347970818
GTCAAGACACAGTGGG-1,OTI,1,17,1.255272505103306
GTCAAGACACATATGC-1,OTI,1,22,1.3617278360175928
GTCAAGACACCCAGTA-1,OTI,4,42,1.6334684555795864
GTCAAGACACCGTTAG-1,OTI,6,193,2.287801729930226
GTCAAGACACGAACCC-1,OTI,2,35,1.5563025007672873
GTCAAGACACGCGTAC-1,OTI,2,16,1.2304489213782739
GTCAAGCTCACGCTAA-1,C57BL6,0,0,0.0
GTCAAGCTCCCTATAC-1,OTI,1,4,0.6989700043360189
GTCAAGCTCCGATCAA-1,OTI,8,1247,3.0962145853464054
GTCAAGCTCCTACTTA-1,OTI,4,48,1.6901960800285136
GTCAAGCTCCTTCGCA-1,OTI,1,1,0.3010299956639812
GTCAAGCTCGTTCGCC-1,C57BL6,1,5,0.7781512503836436
GTCAATCCAAACTCCG-1,OTI,10,180,2.2576785748691846
GTCAATCCAAGGGGAA-1,C57BL6,1,8,0.9542425094393249
GTCAATCCACCGGACT-1,C57BL6,0,0,0.0
GTCAATCCACTAGAAG-1,OTI,2,218,2.3404441148401185
GTCAATCCAGCTAACT-1,OTI,2,5,0.7781512503836436
GTCAATGTCACTGTCT-1,OTI,3,24,1.3979400086720377
GTCAATGTCACTTACC-1,C57BL6,1,1,0.3010299956639812
GTCAATGTCAGACATT-1,OTI,4,216,2.3364597338485296
GTCAATGTCCGTATCT-1,OTI,2,106,2.0293837776852097
GTCAATGTCCTTAATT-1,C57BL6,0,0,0.0
GTCAATGTCGCGCAAT-1,C57BL6,0,0,0.0
GTCAATGTCGCTCCGT-1,OTI,15,402,2.6053050461411096
GTCAATGTCGTGGCAT-1,OTI,3,27,1.4471580313422192
GTCAATTAGACCAGGA-1,OTI,3,129,2.113943352306837
GTCAATTAGATTGGTT-1,OTI,0,0,0.0
GTCAATTAGCATCAAT-1,C57BL6,0,0,0.0
GTCAATTAGCATCTAG-1,OTI,2,11,1.0791812460476249
GTCAATTAGGCAAAGT-1,OTI,1,1,0.3010299956639812
GTCAATTAGGTCATGC-1,C57BL6,5,5,0.7781512503836436
GTCACCCTCACTTGCT-1,C57BL6,2,8,0.9542425094393249
GTCACCCTCAGCCAAC-1,C57BL6,0,0,0.0
GTCACCCTCAGTTGGC-1,OTI,4,23,1.380211241711606
GTCACCCTCCTGCGTC-1,C57BL6,0,0,0.0
GTCACGAGTACGAGTT-1,C57BL6,0,0,0.0
GTCACGAGTCCAGCTT-1,OTI,1,8,0.9542425094393249
GTCACGAGTCCGGTAA-1,C57BL6,0,0,0.0
GTCACGAGTCTGGTAG-1,OTI,0,0,0.0
GTCACGAGTCTGGTGA-1,OTI,4,55,1.7481880270062005
GTCACGAGTCTTGTGC-1,OTI,2,17,1.255272505103306
GTCACGAGTGCGTTAG-1,OTI,0,0,0.0
GTCACGAGTGGAAAGC-1,C57BL6,2,7,0.9030899869919435
GTCACGAGTGGGTGTC-1,OTI,1,459,2.662757831681574
GTCACGAGTGTGTCTC-1,C57BL6,0,0,0.0
GTCACGCCACACCCAA-1,C57BL6,0,0,0.0
GTCACGCCACCGGAAG-1,OTI,5,107,2.03342375548695
GTCACGCCACTCGCAA-1,OTI,1,1,0.3010299956639812
GTCACGCCACTGACGC-1,OTI,2,28,1.462397997898956
GTCACGCCAGCATCAT-1,OTI,0,0,0.0
GTCACGCCAGTGAGGT-1,C57BL6,1,9,1.0
GTCACGTAGCAACAGG-1,OTI,2,49,1.6989700043360187
GTCACGTAGCAGTCTA-1,C57BL6,1,6,0.8450980400142568
GTCACGTAGCGGCATT-1,C57BL6,0,0,0.0
GTCATACCAACCAGAA-1,OTI,0,0,0.0
GTCATACCACCGTCAA-1,C57BL6,0,0,0.0
GTCATACCAGGTTAGA-1,C57BL6,1,16,1.2304489213782739
GTCATCAAGCACAGCT-1,OTI,6,210,2.3242824552976926
GTCATCAAGCGATGGA-1,OTI,3,49,1.6989700043360187
GTCATCAAGCGGTCAT-1,OTI,3,15,1.2041199826559248
GTCATCAAGGCTCGAT-1,C57BL6,1,3,0.6020599913279624
GTCATCAAGGGTTTCA-1,C57BL6,1,9,1.0
GTCATCCGTCGAGGAG-1,OTI,3,182,2.2624510897304293
GTCATCCGTGTGGTGC-1,OTI,1,134,2.130333768495006
GTCATCCGTGTTCGAG-1,OTI,0,0,0.0
GTCATCGCAAACGGGT-1,OTI,4,100,2.0043213737826426
GTCATCGCAACGAAAT-1,C57BL6,0,0,0.0
GTCATCGCACACTATA-1,OTI,3,35,1.5563025007672873
GTCATCGCACAGTAAG-1,OTI,2,13,1.146128035678238
GTCATCGCACCACGTA-1,C57BL6,1,1,0.3010299956639812
GTCATCGCACTCCACT-1,OTI,4,163,2.214843848047698
GTCATCGCACTCGTTC-1,C57BL6,0,0,0.0
GTCATCGCAGCATTCG-1,OTI,3,473,2.6757783416740852
GTCATCGCAGTTAGCT-1,OTI,0,0,0.0
GTCATCTTCAATTCGG-1,OTI,6,129,2.113943352306837
GTCATCTTCACACCTT-1,C57BL6,0,0,0.0
GTCATCTTCGCGACAT-1,C57BL6,0,0,0.0
GTCATCTTCGCGGCTA-1,C57BL6,0,0,0.0
GTCATCTTCGTGTAAT-1,OTI,0,0,0.0
GTCATGCAGCACCTCC-1,OTI,2,71,1.8573324964312685
GTCATGCAGCTATTGG-1,OTI,3,25,1.414973347970818
GTCATGCAGCTGTGGT-1,OTI,1,15,1.2041199826559248
GTCATGCAGGGAATTA-1,OTI,6,72,1.863322860120456
GTCATGGGTACATTTC-1,OTI,2,17,1.255272505103306
GTCATGGGTACCACTC-1,OTI,6,95,1.9822712330395684
GTCATGGGTCCGAAAT-1,OTI,2,41,1.6232492903979006
GTCATGGGTCTGTGAG-1,OTI,2,5,0.7781512503836436
GTCATGGGTGCGCGAT-1,C57BL6,1,36,1.568201724066995
GTCATGGGTGCTACAG-1,C57BL6,0,0,0.0
GTCATGGGTGGCTAGC-1,C57BL6,0,0,0.0
GTCATGGGTGGTATTA-1,C57BL6,0,0,0.0
GTCATGGGTGTTATGA-1,C57BL6,2,9,1.0
GTCATTCTCAACGCTA-1,OTI,7,516,2.7134905430939424
GTCATTCTCAGGCTGT-1,C57BL6,1,2,0.47712125471966244
GTCATTCTCAGTCAAT-1,OTI,4,23,1.380211241711606
GTCATTCTCATCGCCC-1,OTI,1,3,0.6020599913279624
GTCATTCTCCAAGACC-1,OTI,3,117,2.0718820073061255
GTCATTCTCCTACAAG-1,OTI,2,51,1.7160033436347992
GTCATTCTCGCGTAGT-1,OTI,5,224,2.3521825181113627
GTCCAAATCCTTGTAC-1,C57BL6,0,0,0.0
GTCCAACAGAACGGCA-1,OTI,8,57,1.7634279935629373
GTCCAACAGCAACATT-1,C57BL6,0,0,0.0
GTCCAACAGCACGAAG-1,OTI,1,12,1.1139433523068367
GTCCAACAGCGCCTAG-1,OTI,2,158,2.2013971243204513
GTCCACACAAACTACC-1,OTI,1,1,0.3010299956639812
GTCCACACACCCTCAT-1,OTI,1,31,1.505149978319906
GTCCACACAGCATCGC-1,C57BL6,1,19,1.3010299956639813
GTCCACACAGCTAGGG-1,C57BL6,1,7,0.9030899869919435
GTCCACGAGAACGCGA-1,OTI,2,103,2.0170333392987803
GTCCACGAGCACCAAC-1,OTI,1,48,1.6901960800285136
GTCCACGAGGGGAATT-1,OTI,1,148,2.173186268412274
GTCCAGTAGAAGTGTA-1,C57BL6,0,0,0.0
GTCCAGTAGACAACGG-1,OTI,4,17,1.255272505103306
GTCCAGTAGAGTTGAA-1,C57BL6,1,5,0.7781512503836436
GTCCAGTAGATAGGCG-1,C57BL6,0,0,0.0
GTCCAGTAGCAACCCG-1,C57BL6,0,0,0.0
GTCCAGTAGCCGCCAA-1,OTI,2,160,2.2068258760318495
GTCCAGTAGCCTCTTG-1,C57BL6,0,0,0.0
GTCCAGTAGCTGCAAC-1,C57BL6,1,6,0.8450980400142568
GTCCATAAGACGATGG-1,OTI,3,34,1.5440680443502757
GTCCATAAGCGAAGCA-1,C57BL6,0,0,0.0
GTCCATAAGCTGTACA-1,OTI,11,403,2.606381365110605
GTCCATCGTAAATCCA-1,OTI,0,0,0.0
GTCCATCGTAACCCCT-1,OTI,0,0,0.0
GTCCATCGTAATTGTG-1,OTI,0,0,0.0
GTCCATCGTCCAGATG-1,C57BL6,0,0,0.0
GTCCATCGTCCAGTAG-1,C57BL6,1,2,0.47712125471966244
GTCCATCGTCCGGCCT-1,OTI,4,107,2.03342375548695
GTCCATCGTGTTAGGT-1,OTI,0,0,0.0
GTCCATGCAAACTAGG-1,OTI,5,34,1.5440680443502757
GTCCATGCAACTTACA-1,C57BL6,0,0,0.0
GTCCATGCAATCGCGC-1,C57BL6,0,0,0.0
GTCCATGCACTTAGCG-1,C57BL6,0,0,0.0
GTCCATGCAGGAAGCT-1,OTI,4,40,1.6127838567197355
GTCCATTTCAAGCCAC-1,OTI,4,287,2.459392487759231
GTCCATTTCACATTGG-1,OTI,6,87,1.9444826721501687
GTCCATTTCACGCATA-1,OTI,1,18,1.2787536009528289
GTCCATTTCAGACTTG-1,C57BL6,0,0,0.0
GTCCATTTCCATAGGC-1,OTI,1,174,2.2430380486862944
GTCCATTTCCCCTATG-1,OTI,3,21,1.3424226808222062
GTCCATTTCCTGTCAT-1,OTI,5,356,2.552668216112193
GTCCCATGTAGTGTAC-1,OTI,3,1376,3.1389339402569236
GTCCCATGTCAATGCG-1,C57BL6,3,4,0.6989700043360189
GTCCCATGTCAGTAGT-1,OTI,4,1218,3.0860037056183818
GTCCCATGTCCAACGA-1,OTI,3,27,1.4471580313422192
GTCCCATGTCGATGGC-1,OTI,0,0,0.0
GTCCCATGTCGCGTAA-1,OTI,3,101,2.0086001717619175
GTCCCATGTCGCGTCC-1,OTI,3,155,2.1931245983544616
GTCCCATGTGTCCCTG-1,OTI,4,94,1.9777236052888478
GTCCCCAGTAGTCGCA-1,OTI,3,8,0.9542425094393249
GTCCCCAGTCACGAAT-1,OTI,4,255,2.4082399653118496
GTCCCCAGTCACTAGG-1,OTI,2,17,1.255272505103306
GTCCCCAGTCATTGGG-1,OTI,1,37,1.5797835966168101
GTCCCCAGTCCAGGGT-1,OTI,1,218,2.3404441148401185
GTCCCCAGTGGATGTT-1,OTI,3,66,1.8260748027008264
GTCCCGAAGATTCACG-1,OTI,1,1,0.3010299956639812
GTCCCGAAGCAGCGTT-1,OTI,2,151,2.1818435879447726
GTCCCGAAGCATTAAC-1,OTI,0,0,0.0
GTCCCGAAGCGAGTAG-1,C57BL6,0,0,0.0
GTCCCGCGTAAACTGC-1,C57BL6,1,29,1.4771212547196624
GTCCCGCGTAAGTGAG-1,OTI,3,24,1.3979400086720377
GTCCCGCGTACAAGCT-1,C57BL6,0,0,0.0
GTCCCGCGTACTCATT-1,C57BL6,0,0,0.0
GTCCCTATCATTCATT-1,OTI,1,2,0.47712125471966244
GTCCCTATCCAAAGCC-1,C57BL6,5,8,0.9542425094393249
GTCCCTATCCCATATC-1,OTI,2,422,2.6263403673750423
GTCCCTATCCCATGCC-1,OTI,2,16,1.2304489213782739
GTCCCTATCGCCCTTA-1,OTI,3,29,1.4771212547196624
GTCCCTATCGCTCGCT-1,C57BL6,1,4,0.6989700043360189
GTCCCTATCGCTCTAT-1,OTI,6,80,1.9084850188786497
GTCCCTGGTATGGCGC-1,OTI,1,7,0.9030899869919435
GTCCCTGGTCCTTGTA-1,OTI,1,3,0.6020599913279624
GTCCCTGGTCGCTGGG-1,OTI,0,0,0.0
GTCCCTGGTGCCAAAT-1,OTI,3,35,1.5563025007672873
GTCCCTGGTGTATTCT-1,C57BL6,1,2,0.47712125471966244
GTCCCTGGTGTGTCGA-1,OTI,7,84,1.9294189257142926
GTCCGATAGACAATAG-1,OTI,4,300,2.4785664955938436
GTCCGATAGATACAAG-1,OTI,0,0,0.0
GTCCGATAGATGGGTG-1,OTI,1,22,1.3617278360175928
GTCCGATAGCATGGAG-1,C57BL6,0,0,0.0
GTCCGATAGCCTTATC-1,OTI,5,322,2.509202522331103
GTCCGATAGCGTAACC-1,OTI,5,697,2.843855422623161
GTCCGATAGCTAAGCC-1,OTI,0,0,0.0
GTCCGATAGGGACACA-1,OTI,12,582,2.765668554759014
GTCCGATAGGTAATTC-1,OTI,0,0,0.0
GTCCGCAAGAAACCGG-1,C57BL6,0,0,0.0
GTCCGCAAGACTTCAG-1,C57BL6,0,0,0.0
GTCCGCAAGGGACTGA-1,OTI,6,81,1.9138138523837167
GTCCGCCGTAGCCAGC-1,OTI,1,38,1.591064607026499
GTCCGCCGTAGGCCCG-1,OTI,1,10,1.0413926851582251
GTCCGCCGTAGTTTAG-1,C57BL6,3,18,1.2787536009528289
GTCCGCCGTCTAAGGT-1,OTI,6,374,2.574031267727719
GTCCGCCGTCTTCTCT-1,OTI,2,30,1.4913616938342726
GTCCGCCGTGGCTAAT-1,OTI,2,20,1.3222192947339193
GTCCGCCGTGGCTTGA-1,C57BL6,4,4,0.6989700043360189
GTCCGCCGTGTAAGCT-1,C57BL6,0,0,0.0
GTCCGCCGTGTCTTCA-1,OTI,13,73,1.8692317197309762
GTCCGCCGTGTGTAGT-1,OTI,4,67,1.8325089127062364
GTCCGCTTCAAACTAC-1,C57BL6,1,12,1.1139433523068367
GTCCGCTTCAAGCTCA-1,OTI,0,0,0.0
GTCCGCTTCACACCTT-1,OTI,3,157,2.1986570869544226
GTCCGCTTCCACTCTG-1,OTI,1,20,1.3222192947339193
GTCCGCTTCCAGGTGT-1,OTI,2,8,0.9542425094393249
GTCCGCTTCGTCCTGC-1,OTI,1,196,2.294466226161593
GTCCGCTTCGTTAAGT-1,OTI,0,0,0.0
GTCCGGGGTATGTCTT-1,OTI,3,47,1.6812412373755872
GTCCGGGGTATTACAG-1,C57BL6,0,0,0.0
GTCCGGGGTCAGCAAT-1,C57BL6,1,8,0.9542425094393249
GTCCGGGGTCAGCTCT-1,OTI,3,12,1.1139433523068367
GTCCGGGGTCCCAATC-1,C57BL6,0,0,0.0
GTCCGGGGTGGTTGTG-1,OTI,4,137,2.1398790864012365
GTCCGTACAAATGCGA-1,OTI,3,13,1.146128035678238
GTCCGTACAAATTGGG-1,C57BL6,0,0,0.0
GTCCGTACACCATAAC-1,C57BL6,0,0,0.0
GTCCGTACACCCAGAC-1,OTI,1,61,1.792391689498254
GTCCGTACACCTTGAG-1,OTI,1,225,2.3541084391474008
GTCCGTACACTAGAAG-1,OTI,3,56,1.7558748556724915
GTCCGTACACTCACTC-1,C57BL6,1,3,0.6020599913279624
GTCCGTACAGGTATTC-1,C57BL6,0,0,0.0
GTCCTAAAGAACATAG-1,OTI,3,59,1.7781512503836436
GTCCTAAAGAACTAGA-1,C57BL6,1,9,1.0
GTCCTAAAGATCGTAT-1,OTI,3,225,2.3541084391474008
GTCCTAAAGCACTGCG-1,C57BL6,0,0,0.0
GTCCTAAAGCCGTCGA-1,OTI,5,45,1.662757831681574
GTCCTAAAGGCCTCGA-1,C57BL6,1,3,0.6020599913279624
GTCCTAAAGGCTCGTG-1,C57BL6,1,7,0.9030899869919435
GTCCTAAAGGTCACGT-1,OTI,5,77,1.8920946026904804
GTCCTAGCAACTTCAA-1,OTI,3,120,2.0827853703164503
GTCCTAGCAATGACAG-1,OTI,5,44,1.6532125137753437
GTCCTAGCAGCATAAG-1,OTI,3,59,1.7781512503836436
GTCCTATTCAAACCGC-1,OTI,3,119,2.0791812460476247
GTCCTATTCAATATTG-1,C57BL6,6,23,1.380211241711606
GTCCTATTCATGTTAA-1,C57BL6,0,0,0.0
GTCCTATTCATTCGCT-1,C57BL6,0,0,0.0
GTCCTATTCCAATGTG-1,C57BL6,1,1,0.3010299956639812
GTCCTATTCGGGTTAC-1,OTI,1,5,0.7781512503836436
GTCCTCCAGAAACTAG-1,C57BL6,0,0,0.0
GTCCTCCAGACAACCC-1,C57BL6,0,0,0.0
GTCCTCCAGACGCCCA-1,C57BL6,1,1,0.3010299956639812
GTCCTCCAGAGGACCA-1,OTI,5,95,1.9822712330395684
GTCCTCCAGAGGTATA-1,OTI,3,9,1.0
GTCCTCCAGATGGAGT-1,C57BL6,1,3,0.6020599913279624
GTCCTCCAGCCAAAGG-1,OTI,2,5,0.7781512503836436
GTCCTCCAGCGGATAG-1,OTI,3,52,1.724275869600789
GTCCTCCAGGCGAAGC-1,C57BL6,0,0,0.0
GTCCTCCAGGCTGTCG-1,C57BL6,1,7,0.9030899869919435
GTCCTCCAGGCTTATG-1,C57BL6,1,1,0.3010299956639812
GTCCTCTCAAGCTTAC-1,OTI,1,53,1.7323937598229686
GTCCTCTCAAGTGTCT-1,C57BL6,0,0,0.0
GTCCTCTCACCAGATT-1,C57BL6,0,0,0.0
GTCCTCTCACGTAACT-1,OTI,3,76,1.8864907251724818
GTCCTCTCAGCGAATA-1,OTI,6,47,1.6812412373755872
GTCCTCTCAGGATAGC-1,OTI,1,34,1.5440680443502757
GTCCTCTCAGGGTATA-1,C57BL6,0,0,0.0
GTCCTGCTCACCTTAC-1,OTI,1,11,1.0791812460476249
GTCCTGCTCAGGGACA-1,OTI,3,120,2.0827853703164503
GTCCTGCTCCAGGTTA-1,C57BL6,0,0,0.0
GTCCTGCTCCCACAGG-1,C57BL6,1,4,0.6989700043360189
GTCCTGCTCCGAGCAT-1,OTI,0,0,0.0
GTCCTGCTCGTTGCCC-1,OTI,1,12,1.1139433523068367
GTCCTTAGTACGAGTT-1,C57BL6,0,0,0.0
GTCCTTAGTAGGGCGA-1,C57BL6,0,0,0.0
GTCCTTAGTATTGTAG-1,C57BL6,0,0,0.0
GTCCTTAGTCAATGTA-1,OTI,3,89,1.954242509439325
GTCCTTAGTCAATTTC-1,OTI,0,0,0.0
GTCCTTAGTCATCTCA-1,OTI,0,0,0.0
GTCCTTAGTCTGTGAG-1,OTI,2,153,2.187520720836463
GTCCTTAGTGCGTATG-1,OTI,3,81,1.9138138523837167
GTCCTTTAGATGAAGC-1,OTI,1,99,2.0
GTCCTTTAGCGACAAG-1,OTI,2,12,1.1139433523068367
GTCCTTTAGCTATGGC-1,C57BL6,4,405,2.6085260335771943
GTCCTTTAGGCGAAGC-1,C57BL6,0,0,0.0
GTCCTTTAGGGAAGCC-1,C57BL6,1,31,1.505149978319906
GTCCTTTAGGGACATG-1,C57BL6,0,0,0.0
GTCCTTTAGGGACGGT-1,OTI,4,53,1.7323937598229686
GTCCTTTAGGTCCGAT-1,C57BL6,0,0,0.0
GTCGAACTCAGGGCTT-1,C57BL6,1,1,0.3010299956639812
GTCGAACTCCCTATAC-1,OTI,0,0,0.0
GTCGAACTCGCGACAT-1,C57BL6,0,0,0.0
GTCGAAGAGCTACACA-1,OTI,4,49,1.6989700043360187
GTCGAAGAGGGAAACT-1,C57BL6,1,2,0.47712125471966244
GTCGAAGAGGGAGATT-1,OTI,0,0,0.0
GTCGAATGTCACGGCG-1,OTI,2,61,1.792391689498254
GTCGAATGTCACTTTG-1,OTI,4,94,1.9777236052888478
GTCGAATGTCTGACTC-1,C57BL6,0,0,0.0
GTCGAATGTGTGCCCC-1,OTI,3,61,1.792391689498254
GTCGACTAGACGACGA-1,OTI,4,122,2.089905111439398
GTCGACTAGATGGGTG-1,OTI,2,46,1.6720978579357175
GTCGACTAGCTCAGGT-1,C57BL6,2,39,1.6020599913279623
GTCGACTAGGGAATAC-1,OTI,1,2,0.47712125471966244
GTCGAGAAGACGCCAT-1,C57BL6,0,0,0.0
GTCGAGAAGAGACGCA-1,OTI,6,90,1.9590413923210936
GTCGAGAAGATAATCC-1,OTI,2,7,0.9030899869919435
GTCGAGAAGCCGATAC-1,OTI,5,49,1.6989700043360187
GTCGAGAAGCCTACGG-1,OTI,3,239,2.380211241711606
GTCGAGAAGCGGCATT-1,OTI,6,109,2.041392685158225
GTCGAGAAGCTATGTG-1,C57BL6,0,0,0.0
GTCGAGCGTACTTAAG-1,OTI,1,26,1.4313637641589874
GTCGAGCGTGTGGCGT-1,C57BL6,1,11,1.0791812460476249
GTCGAGCGTGTTGTGG-1,C57BL6,0,0,0.0
GTCGAGTTCATAGTCG-1,C57BL6,0,0,0.0
GTCGAGTTCCAACACA-1,OTI,1,115,2.0644579892269186
GTCGAGTTCCCAGCCT-1,OTI,1,5,0.7781512503836436
GTCGAGTTCGCGCAAT-1,OTI,3,132,2.123851640967086
GTCGAGTTCGTACCTT-1,OTI,2,23,1.380211241711606
GTCGAGTTCGTTGCAA-1,C57BL6,0,0,0.0
GTCGATGGTAAGTGTC-1,OTI,2,22,1.3617278360175928
GTCGATGGTAATTTCC-1,C57BL6,0,0,0.0
GTCGATGGTAGGATTC-1,OTI,0,0,0.0
GTCGATGGTCCAGCCC-1,C57BL6,1,28,1.462397997898956
GTCGATGGTCCTGATC-1,C57BL6,1,5,0.7781512503836436
GTCGATGGTCGACTAG-1,C57BL6,0,0,0.0
GTCGATGGTCTGGCCC-1,C57BL6,1,10,1.0413926851582251
GTCGATGGTGTGTGAT-1,C57BL6,0,0,0.0
GTCGCACCAAGCATTC-1,OTI,3,70,1.8512583487190752
GTCGCACCACAACTTA-1,C57BL6,1,5,0.7781512503836436
GTCGCACCACCCATAG-1,OTI,3,129,2.113943352306837
GTCGCACCACCTAGCA-1,C57BL6,2,114,2.060697840353612
GTCGCACCAGGGCTAG-1,OTI,2,138,2.143014800254095
GTCGCACCAGGTAAGC-1,OTI,1,3,0.6020599913279624
GTCGCACCAGGTTGGG-1,OTI,0,0,0.0
GTCGCACCAGTCTTCC-1,C57BL6,0,0,0.0
GTCGCCAAGAACGGAT-1,OTI,2,19,1.3010299956639813
GTCGCCAAGAGTCCAC-1,OTI,1,10,1.0413926851582251
GTCGCCAAGGGTGATG-1,C57BL6,1,6,0.8450980400142568
GTCGCCCGTACATTTC-1,OTI,6,88,1.9493900066449128
GTCGCCCGTAGCATCG-1,C57BL6,0,0,0.0
GTCGCCCGTAGTTAGC-1,OTI,4,21,1.3424226808222062
GTCGCCCGTCGAGGGA-1,OTI,4,445,2.649334858712142
GTCGCCCGTGGCGCTG-1,OTI,6,168,2.2278867046136734
GTCGCCCGTGGGATGG-1,C57BL6,0,0,0.0
GTCGCCCGTGGTCTCT-1,OTI,2,36,1.568201724066995
GTCGCGGGTATTCTGT-1,C57BL6,3,4,0.6989700043360189
GTCGCGGGTCTGTTAT-1,OTI,2,37,1.5797835966168101
GTCGCGGGTGGCTTTC-1,OTI,5,76,1.8864907251724818
GTCGCGGGTGTCGGGT-1,C57BL6,0,0,0.0
GTCGCTCTCCAACATG-1,OTI,4,157,2.1986570869544226
GTCGCTCTCCCATCAT-1,C57BL6,0,0,0.0
GTCGCTCTCCCCACGT-1,C57BL6,0,0,0.0
GTCGCTCTCGGATGTC-1,OTI,1,4,0.6989700043360189
GTCGCTCTCGTTCTAC-1,C57BL6,1,8,0.9542425094393249
GTCGCTTGTACGGGTC-1,C57BL6,0,0,0.0
GTCGCTTGTAGTGCGC-1,OTI,0,0,0.0
GTCGCTTGTCTAATGA-1,OTI,2,32,1.5185139398778875
GTCGCTTGTGCCCTAT-1,OTI,8,607,2.783903579272735
GTCGCTTGTGTTACCC-1,C57BL6,1,14,1.1760912590556813
GTCGGAAAGACTTGTG-1,OTI,3,87,1.9444826721501687
GTCGGAAAGGTCTGCG-1,OTI,3,81,1.9138138523837167
GTCGGAAAGGTTAGTT-1,OTI,4,68,1.8388490907372552
GTCGGAGCAAATTACT-1,OTI,3,32,1.5185139398778875
GTCGGAGCAATGCGCC-1,C57BL6,1,9,1.0
GTCGGAGCAGCTCAAT-1,C57BL6,1,8,0.9542425094393249
GTCGGAGCAGTCTTAA-1,OTI,3,29,1.4771212547196624
GTCGGCGGTAACGAAG-1,C57BL6,0,0,0.0
GTCGGCGGTAAGTGCT-1,OTI,4,20,1.3222192947339193
GTCGGCGGTACAGCAT-1,OTI,3,32,1.5185139398778875
GTCGGCGGTCAATATG-1,OTI,0,0,0.0
GTCGGCGGTGCTTGCT-1,OTI,1,158,2.2013971243204513
GTCGGGTGTAAGGGTA-1,C57BL6,0,0,0.0
GTCGGGTGTGTAAGCT-1,OTI,0,0,0.0
GTCGGGTGTGTATGTA-1,C57BL6,0,0,0.0
GTCGGGTGTGTCCCGC-1,OTI,2,355,2.5514499979728753
GTCGGGTGTGTCCCTG-1,OTI,0,0,0.0
GTCGGTCCACGAATCT-1,C57BL6,2,13,1.146128035678238
GTCGGTCCAGCGACGA-1,OTI,3,22,1.3617278360175928
GTCGGTTAGCATGCCG-1,OTI,2,44,1.6532125137753437
GTCGGTTAGCGACAGA-1,OTI,2,271,2.4345689040341987
GTCGGTTAGCGCTATA-1,OTI,5,46,1.6720978579357175
GTCGGTTAGGCGTCCA-1,C57BL6,1,1,0.3010299956639812
GTCGGTTAGGTTGATT-1,C57BL6,1,8,0.9542425094393249
GTCGTAATCATGAGTT-1,C57BL6,0,0,0.0
GTCGTAATCCATAACG-1,OTI,3,130,2.1172712956557644
GTCGTAATCCCTTCGA-1,C57BL6,0,0,0.0
GTCGTAATCGGACTAC-1,OTI,4,173,2.2405492482826
GTCGTAATCGTTCATC-1,C57BL6,2,16,1.2304489213782739
GTCGTACAGAGGTAAC-1,OTI,6,72,1.863322860120456
GTCGTACAGGCATAGG-1,OTI,4,21,1.3424226808222062
GTCGTACAGGTATTGT-1,OTI,2,30,1.4913616938342726
GTCGTAGGTCATTCCA-1,OTI,3,203,2.3096301674258988
GTCGTAGGTGCTCCTG-1,C57BL6,0,0,0.0
GTCGTAGGTGGAGCGA-1,C57BL6,1,2,0.47712125471966244
GTCGTCTGTAATTGTG-1,OTI,2,166,2.2227164711475833
GTCGTCTGTAGAGAAT-1,C57BL6,1,4,0.6989700043360189
GTCGTCTGTATTCGTT-1,C57BL6,0,0,0.0
GTCGTCTGTCAAGGTT-1,C57BL6,0,0,0.0
GTCGTCTGTCACGGGT-1,C57BL6,0,0,0.0
GTCGTCTGTCGGGCAT-1,OTI,1,6,0.8450980400142568
GTCGTGAGTACCCATC-1,C57BL6,0,0,0.0
GTCGTGAGTACTGGGC-1,OTI,1,1,0.3010299956639812
GTCGTGAGTAGCCCTT-1,C57BL6,0,0,0.0
GTCGTGAGTATAGGAG-1,OTI,1,38,1.591064607026499
GTCGTGAGTATTCGGG-1,C57BL6,6,309,2.4913616938342726
GTCGTGAGTCGTCAGA-1,C57BL6,0,0,0.0
GTCGTGAGTGGGTGAG-1,OTI,8,90,1.9590413923210936
GTCGTGAGTGGTAGTT-1,OTI,4,81,1.9138138523837167
GTCTAACCAAATACAA-1,OTI,2,9,1.0
GTCTAACCAATGATCC-1,OTI,2,35,1.5563025007672873
GTCTAACCAATTACCA-1,C57BL6,0,0,0.0
GTCTAACCACAGGTCC-1,C57BL6,0,0,0.0
GTCTAACCACATTGGT-1,OTI,0,0,0.0
GTCTAACCACGGTATT-1,OTI,1,62,1.7993405494535817
GTCTACAAGAAAGTCA-1,OTI,3,153,2.187520720836463
GTCTACAAGACACCGT-1,OTI,1,7,0.9030899869919435
GTCTACAAGACAGCCT-1,C57BL6,0,0,0.0
GTCTACAAGATCGTAT-1,OTI,0,0,0.0
GTCTACAAGCACGCCA-1,OTI,2,188,2.2764618041732443
GTCTACAAGCATAATC-1,OTI,1,3,0.6020599913279624
GTCTACAAGCCAGCAT-1,OTI,1,5,0.7781512503836436
GTCTACAAGCCTGTGG-1,OTI,5,66,1.8260748027008264
GTCTACAAGCTAGTTG-1,OTI,2,49,1.6989700043360187
GTCTAGCAGGGATTAA-1,C57BL6,0,0,0.0
GTCTAGCAGGGTAGCA-1,OTI,1,5,0.7781512503836436
GTCTAGGGTAATGGTC-1,OTI,2,32,1.5185139398778875
GTCTAGGGTAGGGGCA-1,OTI,4,30,1.4913616938342726
GTCTAGGGTAGTTTAG-1,C57BL6,1,5,0.7781512503836436
GTCTAGGGTCAATTCT-1,OTI,4,372,2.571708831808688
GTCTAGGGTCGACTTC-1,OTI,1,4,0.6989700043360189
GTCTAGGGTGCGTTTC-1,OTI,9,301,2.4800069429571505
GTCTAGGGTGGGTCTA-1,OTI,5,768,2.885926339801431
GTCTAGGGTGTCCTTA-1,C57BL6,0,0,0.0
GTCTATACAAAGCGTA-1,OTI,4,105,2.0253058652647704
GTCTATACACAAACCT-1,OTI,0,0,0.0
GTCTATACACATTCAA-1,OTI,2,62,1.7993405494535817
GTCTATACAGTAATCC-1,OTI,1,3,0.6020599913279624
GTCTATGAGATACAAG-1,C57BL6,0,0,0.0
GTCTATGAGCACTACA-1,C57BL6,0,0,0.0
GTCTATGAGCCAATAT-1,OTI,0,0,0.0
GTCTATGAGCTTGTCT-1,C57BL6,0,0,0.0
GTCTATTGTACCATCC-1,OTI,1,23,1.380211241711606
GTCTATTGTCTTGTCA-1,OTI,0,0,0.0
GTCTATTGTGTATTCT-1,OTI,0,0,0.0
GTCTATTGTGTTATGA-1,OTI,3,53,1.7323937598229686
GTCTCATTCAAGCATT-1,OTI,5,110,2.0453229787866576
GTCTCATTCAGGCACT-1,OTI,0,0,0.0
GTCTCATTCCGGTGCA-1,OTI,0,0,0.0
GTCTCATTCCTTAACC-1,C57BL6,1,5,0.7781512503836436
GTCTCATTCGCTTAAG-1,OTI,4,826,2.9175055095525466
GTCTCCATCAGGGGTA-1,OTI,3,112,2.0530784434834195
GTCTCCATCAGTTAGT-1,C57BL6,0,0,0.0
GTCTCCATCATGGCGT-1,OTI,4,14,1.1760912590556813
GTCTCCATCCTCAGGG-1,OTI,3,44,1.6532125137753437
GTCTCCCAGAATGGGT-1,OTI,2,433,2.637489729512511
GTCTCCCAGACAGCCT-1,OTI,2,217,2.3384564936046046
GTCTCCCAGACGGCAA-1,OTI,0,0,0.0
GTCTCCCAGAGAGGAA-1,OTI,0,0,0.0
GTCTCCCAGATCGTAT-1,OTI,0,0,0.0
GTCTCCCAGATCTGCA-1,OTI,1,31,1.505149978319906
GTCTCCCAGCCCACGA-1,OTI,5,223,2.3502480183341627
GTCTCCCAGCGTGGAA-1,OTI,3,149,2.1760912590556813
GTCTCCCAGGCTTGAC-1,OTI,1,3,0.6020599913279624
GTCTCCCAGGGGTAGC-1,C57BL6,2,9,1.0
GTCTCCCAGGTCGCCA-1,OTI,6,160,2.2068258760318495
GTCTCCCAGGTTGGTC-1,OTI,4,428,2.6324572921847245
GTCTCCGGTAACCGTG-1,OTI,2,11,1.0791812460476249
GTCTCCGGTAATCCGG-1,C57BL6,0,0,0.0
GTCTCCGGTAATGGAG-1,OTI,1,82,1.919078092376074
GTCTCCGGTCATCAGG-1,C57BL6,0,0,0.0
GTCTCCGGTCGGGTAC-1,C57BL6,1,3,0.6020599913279624
GTCTCCGGTGTCGATG-1,OTI,1,6,0.8450980400142568
GTCTCGACAACGTTAC-1,OTI,3,60,1.7853298350107671
GTCTCGACAACTCCGA-1,C57BL6,6,42,1.6334684555795864
GTCTCGACAATCTCTT-1,OTI,3,907,2.958085848521085
GTCTCGACACAAGACA-1,OTI,5,169,2.230448921378274
GTCTCGACACGTATCG-1,OTI,3,222,2.3483048630481607
GTCTCGACACTAAAGG-1,C57BL6,0,0,0.0
GTCTCGCTCACGGTCG-1,OTI,1,50,1.7075701760979363
GTCTCGCTCACTGCCC-1,OTI,0,0,0.0
GTCTCGCTCCCTGACC-1,OTI,0,0,0.0
GTCTCGCTCCGACTAA-1,C57BL6,1,3,0.6020599913279624
GTCTCGCTCCGGCTTC-1,OTI,0,0,0.0
GTCTCGCTCCTCCGAC-1,C57BL6,1,5,0.7781512503836436
GTCTCGCTCGCTTTCG-1,C57BL6,0,0,0.0
GTCTCGCTCGGTGCAT-1,OTI,0,0,0.0
GTCTCTGTCAGCTAAT-1,OTI,7,97,1.9912260756924949
GTCTCTGTCAGGCCAT-1,OTI,3,37,1.5797835966168101
GTCTCTGTCATAGGGG-1,C57BL6,0,0,0.0
GTCTCTGTCCACCCAC-1,C57BL6,0,0,0.0
GTCTCTGTCCAGCATA-1,C57BL6,0,0,0.0
GTCTCTGTCCTCTCGA-1,OTI,3,307,2.4885507165004443
GTCTGAGGTAGTGAGA-1,OTI,4,127,2.1072099696478683
GTCTGAGGTATGCTCC-1,C57BL6,0,0,0.0
GTCTGAGGTATTACCT-1,OTI,5,16,1.2304489213782739
GTCTGAGGTCCAGTAG-1,OTI,7,320,2.506505032404872
GTCTGAGGTCCGAAAT-1,OTI,2,60,1.7853298350107671
GTCTGAGGTGCTCGTT-1,OTI,1,1,0.3010299956639812
GTCTGAGGTGGTGCCG-1,OTI,3,23,1.380211241711606
GTCTGAGGTGTTGTGG-1,OTI,5,13,1.146128035678238
GTCTGCACAAAATCTT-1,C57BL6,0,0,0.0
GTCTGCACAACTGGGG-1,OTI,1,12,1.1139433523068367
GTCTGCACACAGTCCA-1,OTI,7,63,1.806179973983887
GTCTGCACAGCTACAT-1,C57BL6,1,1,0.3010299956639812
GTCTGCACAGTATTCA-1,C57BL6,0,0,0.0
GTCTGCACAGTGCGAG-1,OTI,0,0,0.0
GTCTGCGAGAGGACCA-1,OTI,0,0,0.0
GTCTGCGAGATCTCGA-1,C57BL6,0,0,0.0
GTCTGCGAGCCATAGC-1,OTI,2,3,0.6020599913279624
GTCTGCGAGCCCAACG-1,C57BL6,0,0,0.0
GTCTGCGAGCCTGGTG-1,C57BL6,0,0,0.0
GTCTGGTAGACGGGGT-1,OTI,2,194,2.290034611362518
GTCTGGTAGGGAGTTG-1,C57BL6,0,0,0.0
GTCTGGTAGGGTAGCA-1,C57BL6,1,3,0.6020599913279624
GTCTGGTAGGTGGGTA-1,C57BL6,0,0,0.0
GTCTGTAAGACCAATT-1,C57BL6,0,0,0.0
GTCTGTAAGAGCTTGC-1,OTI,1,33,1.5314789170422551
GTCTGTAAGAGGACAT-1,C57BL6,0,0,0.0
GTCTGTAAGATGAGGT-1,C57BL6,0,0,0.0
GTCTGTAAGCACCACG-1,OTI,1,1,0.3010299956639812
GTCTGTAAGCATAATC-1,OTI,2,14,1.1760912590556813
GTCTGTAAGCATTAGT-1,C57BL6,1,2,0.47712125471966244
GTCTGTAAGCGGTGTT-1,OTI,1,13,1.146128035678238
GTCTGTAAGCGTTATG-1,OTI,6,45,1.662757831681574
GTCTGTAAGGTAAATG-1,C57BL6,0,0,0.0
GTCTGTAAGGTATAGA-1,OTI,3,261,2.4183012913197452
GTCTGTAAGGTATTGT-1,C57BL6,0,0,0.0
GTCTGTAAGGTGTATT-1,OTI,1,78,1.8976270912904414
GTCTTAACAAAGCTAG-1,C57BL6,1,19,1.3010299956639813
GTCTTAACAACGAAAT-1,OTI,1,16,1.2304489213782739
GTCTTAACAACTCGAT-1,C57BL6,1,3,0.6020599913279624
GTCTTAACACCAGGCT-1,C57BL6,1,2,0.47712125471966244
GTCTTAACACGTAGAA-1,OTI,2,31,1.505149978319906
GTCTTAACACTAAAGG-1,C57BL6,0,0,0.0
GTCTTAACAGGCCTTA-1,C57BL6,0,0,0.0
GTCTTACTCACTTACC-1,OTI,3,540,2.7331972651065692
GTCTTACTCACTTCTA-1,OTI,3,32,1.5185139398778875
GTCTTACTCAGCCTCC-1,OTI,2,32,1.5185139398778875
GTCTTACTCATTCGTC-1,OTI,1,6,0.8450980400142568
GTCTTACTCCTAAAGT-1,C57BL6,0,0,0.0
GTCTTACTCGGTTGTA-1,C57BL6,2,8,0.9542425094393249
GTCTTACTCGTTGCTT-1,OTI,1,9,1.0
GTCTTATGTAGTGAGA-1,OTI,1,2,0.47712125471966244
GTCTTATGTCACCCGC-1,OTI,13,490,2.6910814921229687
GTCTTATGTCAGCTTC-1,C57BL6,1,1,0.3010299956639812
GTCTTATGTCGCATAG-1,OTI,2,68,1.8388490907372552
GTCTTATGTCGGGTTA-1,OTI,7,135,2.1335389083702174
GTCTTATGTCTGTTGC-1,C57BL6,1,8,0.9542425094393249
GTCTTATGTGCTAAGT-1,OTI,5,180,2.2576785748691846
GTCTTCAGTACTACAA-1,OTI,1,2,0.47712125471966244
GTCTTCAGTAGCCAGC-1,C57BL6,0,0,0.0
GTCTTCAGTCCACGTT-1,C57BL6,0,0,0.0
GTCTTCAGTCTTATAC-1,OTI,4,240,2.3820170425748683
GTCTTCAGTGGTAGCC-1,OTI,4,50,1.7075701760979363
GTCTTCAGTGGTATGT-1,C57BL6,1,3,0.6020599913279624
GTCTTCCCAACGTTAC-1,OTI,0,0,0.0
GTCTTCCCAACTTACA-1,OTI,0,0,0.0
GTCTTCCCAATAGGCA-1,OTI,0,0,0.0
GTCTTCCCAATCACTA-1,OTI,4,25,1.414973347970818
GTCTTCCCACCAAGGG-1,C57BL6,2,6,0.8450980400142568
GTCTTCCCACCTCTTA-1,OTI,5,185,2.2695129442179165
GTCTTCCCACGTAGGG-1,C57BL6,0,0,0.0
GTCTTCCCACGTTTCC-1,OTI,2,11,1.0791812460476249
GTCTTCCCAGTCGGAG-1,OTI,10,225,2.3541084391474008
GTCTTCGTCAAGGGCA-1,OTI,7,146,2.167317334748176
GTCTTCGTCACAGATT-1,OTI,1,51,1.7160033436347992
GTCTTCGTCACATCAG-1,OTI,0,0,0.0
GTCTTCGTCACCATCT-1,OTI,1,1,0.3010299956639812
GTCTTCGTCATGGCCG-1,C57BL6,2,8,0.9542425094393249
GTCTTCGTCCCTGTCA-1,C57BL6,1,25,1.414973347970818
GTCTTCGTCGTTCGCC-1,OTI,3,229,2.361727836017593
GTGAAAGGTATCGTGG-1,OTI,0,0,0.0
GTGAAAGGTATCTGTT-1,OTI,0,0,0.0
GTGAAAGGTGTTGTGG-1,OTI,3,105,2.0253058652647704
GTGAAATCACACTCGA-1,C57BL6,0,0,0.0
GTGAAATCACATGAAG-1,OTI,1,1,0.3010299956639812
GTGAAATCAGTGTAAG-1,OTI,2,7,0.9030899869919435
GTGAACCTCAACATTA-1,OTI,1,8,0.9542425094393249
GTGAACCTCAAGCATT-1,OTI,0,0,0.0
GTGAACCTCACCCTAT-1,OTI,0,0,0.0
GTGAACCTCCCTGACC-1,C57BL6,1,5,0.7781512503836436
GTGAACCTCCTATGTC-1,C57BL6,1,12,1.1139433523068367
GTGAACCTCGCATCGG-1,OTI,2,101,2.0086001717619175
GTGAACCTCGCATGGT-1,C57BL6,3,18,1.2787536009528289
GTGAACCTCGTAACTG-1,OTI,1,11,1.0791812460476249
GTGAAGCCAGCCAATT-1,C57BL6,0,0,0.0
GTGAAGCCAGTGCGTC-1,OTI,0,0,0.0
GTGACCCCAAAATCCC-1,C57BL6,0,0,0.0
GTGACCCCAACATAGG-1,C57BL6,0,0,0.0
GTGACCCCAATCCAAC-1,OTI,1,65,1.8195439355418688
GTGACCCCAATCGTCG-1,C57BL6,0,0,0.0
GTGACCCCAATGCATC-1,OTI,0,0,0.0
GTGACCCCACAGCATT-1,OTI,4,783,2.8943160626844384
GTGACGTTCAGCATAT-1,OTI,3,39,1.6020599913279623
GTGACGTTCAGTCAGC-1,C57BL6,2,9,1.0
GTGACGTTCCGCTTCA-1,OTI,0,0,0.0
GTGACGTTCGCTATCT-1,OTI,5,220,2.3443922736851106
GTGACGTTCGTGACGT-1,OTI,1,5,0.7781512503836436
GTGACTATCACTACTC-1,C57BL6,0,0,0.0
GTGACTATCAGCCCCT-1,OTI,0,0,0.0
GTGACTATCCCGAAAC-1,OTI,3,24,1.3979400086720377
GTGAGATAGAATGCAA-1,OTI,4,113,2.0569048513364727
GTGAGATAGATGCGAG-1,OTI,6,165,2.220108088040055
GTGAGATAGCCTTTCG-1,OTI,5,132,2.123851640967086
GTGAGCGCACCATCGA-1,C57BL6,1,7,0.9030899869919435
GTGAGCGCACTAATCA-1,OTI,0,0,0.0
GTGAGCGCACTGACAT-1,C57BL6,0,0,0.0
GTGAGCGCAGCGTAGG-1,C57BL6,1,6,0.8450980400142568
GTGAGCGCAGGAATAT-1,OTI,1,12,1.1139433523068367
GTGAGCTTCATACAAC-1,OTI,5,88,1.9493900066449128
GTGAGCTTCCATCACT-1,OTI,3,42,1.6334684555795864
GTGAGCTTCCCATGCC-1,OTI,2,19,1.3010299956639813
GTGAGCTTCCTACGCC-1,C57BL6,0,0,0.0
GTGAGGTCAAACATTT-1,OTI,4,51,1.7160033436347992
GTGAGGTCAACACAAG-1,OTI,9,289,2.462397997898956
GTGAGGTCACAGTAAG-1,OTI,0,0,0.0
GTGAGGTCACCGTACA-1,OTI,9,713,2.8536982117761744
GTGAGGTCACCTAGGC-1,C57BL6,0,0,0.0
GTGAGGTCAGTATCAC-1,C57BL6,1,10,1.0413926851582251
GTGAGGTCAGTATGCT-1,OTI,2,32,1.5185139398778875
GTGAGTGAGCAGGGAC-1,OTI,3,19,1.3010299956639813
GTGAGTGAGGCTCATA-1,OTI,1,5,0.7781512503836436
GTGAGTTGTACAGGCC-1,C57BL6,0,0,0.0
GTGAGTTGTACCTATT-1,OTI,4,22,1.3617278360175928
GTGAGTTGTCAACCCT-1,OTI,0,0,0.0
GTGAGTTGTCAGTCTC-1,OTI,0,0,0.0
GTGAGTTGTCGACGTA-1,OTI,5,345,2.5390760987927767
GTGAGTTGTGCGAGGA-1,OTI,3,42,1.6334684555795864
GTGAGTTGTGCTATCC-1,C57BL6,0,0,0.0
GTGATAGCAACCTATA-1,OTI,5,992,2.996949248495381
GTGATAGCAACGGACG-1,OTI,5,140,2.1492191126553797
GTGATAGCAAGCGAAC-1,C57BL6,0,0,0.0
GTGATAGCAATATGCC-1,OTI,0,0,0.0
GTGATAGCACAGCGAG-1,OTI,4,213,2.330413773349191
GTGATAGCACCACTGA-1,OTI,1,11,1.0791812460476249
GTGATAGCACGTTCGA-1,OTI,4,42,1.6334684555795864
GTGATAGCAGCGTGAG-1,C57BL6,8,16,1.2304489213782739
GTGATAGCAGGGCGTA-1,OTI,4,40,1.6127838567197355
GTGATAGCAGGTATTC-1,OTI,2,21,1.3424226808222062
GTGATATTCCCATTAC-1,OTI,6,152,2.184691430817599
GTGATATTCCGGTTAA-1,OTI,3,103,2.0170333392987803
GTGATATTCCTCATTA-1,C57BL6,0,0,0.0
GTGATATTCCTCCAGC-1,OTI,0,0,0.0
GTGATATTCGTAGATT-1,C57BL6,0,0,0.0
GTGATTCCAAGGGTTA-1,C57BL6,0,0,0.0
GTGATTCCACCTAACG-1,C57BL6,0,0,0.0
GTGATTCCACTCACCT-1,C57BL6,0,0,0.0
GTGATTCCAGTGGTAA-1,OTI,1,7,0.9030899869919435
GTGATTTAGAACTAAG-1,OTI,5,72,1.863322860120456
GTGATTTAGACGTGTC-1,OTI,7,171,2.2355284469075487
GTGATTTAGCAAAGCG-1,OTI,1,4,0.6989700043360189
GTGATTTAGCCGCGTA-1,OTI,1,1,0.3010299956639812
GTGATTTAGCGGCATT-1,OTI,1,104,2.0211892990699383
GTGATTTAGGGGGCAT-1,OTI,1,3,0.6020599913279624
GTGATTTAGGGGTACA-1,OTI,1,29,1.4771212547196624
GTGCAACTCATGAATC-1,OTI,1,4,0.6989700043360189
GTGCAACTCCGGGTAT-1,OTI,3,76,1.8864907251724818
GTGCAACTCCGGTATA-1,C57BL6,1,2,0.47712125471966244
GTGCAACTCCTCTCCT-1,C57BL6,0,0,0.0
GTGCAACTCGCCTAAA-1,C57BL6,0,0,0.0
GTGCAACTCGGTATTG-1,OTI,1,3,0.6020599913279624
GTGCAATGTAACGCCA-1,OTI,4,46,1.6720978579357175
GTGCAATGTACTCGCT-1,OTI,2,22,1.3617278360175928
GTGCAATGTATAGTGC-1,C57BL6,0,0,0.0
GTGCAATGTCCCTGAT-1,OTI,3,52,1.724275869600789
GTGCAATGTCGGGTTA-1,OTI,5,5,0.7781512503836436
GTGCAATGTGCTATAA-1,OTI,8,461,2.6646419755561257
GTGCACCCAACGCACC-1,OTI,2,46,1.6720978579357175
GTGCACCCAAGCAAAT-1,C57BL6,0,0,0.0
GTGCACCCAAGCATTC-1,OTI,6,705,2.8488047010518036
GTGCACCCAATGACAG-1,C57BL6,0,0,0.0
GTGCACCCACCAGACC-1,OTI,1,4,0.6989700043360189
GTGCACCCACGTCGTA-1,C57BL6,0,0,0.0
GTGCAGGCACAAGCCC-1,OTI,1,140,2.1492191126553797
GTGCAGGCACATCTCC-1,C57BL6,0,0,0.0
GTGCAGGCACTCGACA-1,OTI,1,54,1.7403626894942439
GTGCAGGCAGCTTCGA-1,OTI,10,492,2.69284691927723
GTGCAGGCAGGACCTC-1,OTI,1,6,0.8450980400142568
GTGCAGGCAGGCGACA-1,C57BL6,0,0,0.0
GTGCAGTTCAGTTTCC-1,OTI,3,297,2.4742162640762553
GTGCAGTTCCCAACCC-1,OTI,7,216,2.3364597338485296
GTGCAGTTCCCTTAAC-1,OTI,2,41,1.6232492903979006
GTGCAGTTCCTCCATG-1,OTI,9,366,2.5646660642520893
GTGCAGTTCCTTATCA-1,OTI,4,271,2.4345689040341987
GTGCAGTTCGGCCAAT-1,C57BL6,1,5,0.7781512503836436
GTGCAGTTCGTGACTA-1,OTI,6,11,1.0791812460476249
GTGCATATCAATCGCA-1,C57BL6,0,0,0.0
GTGCATATCACCATCT-1,OTI,2,136,2.1367205671564067
GTGCATATCGTATGTG-1,C57BL6,3,635,2.803457115648414
GTGCATGGTACCACTC-1,OTI,0,0,0.0
GTGCATGGTCACCGCC-1,OTI,1,3,0.6020599913279624
GTGCATGGTCACTTTG-1,OTI,2,96,1.9867717342662448
GTGCATGGTGCTATGG-1,OTI,11,451,2.655138434811382
GTGCATTCAACTGTCG-1,OTI,4,5,0.7781512503836436
GTGCATTCAAGCTGCC-1,OTI,4,117,2.0718820073061255
GTGCATTCACAATGGA-1,OTI,5,55,1.7481880270062005
GTGCATTCACTCAATA-1,C57BL6,1,8,0.9542425094393249
GTGCATTCAGCCAACC-1,C57BL6,0,0,0.0
GTGCATTCAGCTTATA-1,C57BL6,4,14,1.1760912590556813
GTGCATTCAGGAATCA-1,OTI,5,92,1.968482948553935
GTGCCATAGGGTCTGT-1,OTI,1,2,0.47712125471966244
GTGCCCAAGAAACCGG-1,OTI,9,56,1.7558748556724915
GTGCCCAAGAAGCCAG-1,OTI,0,0,0.0
GTGCCCAAGACGACGA-1,OTI,7,138,2.143014800254095
GTGCCCAAGACGCCCA-1,OTI,3,56,1.7558748556724915
GTGCCCAAGACTATCG-1,C57BL6,0,0,0.0
GTGCCCAAGAGTTGGG-1,OTI,1,4,0.6989700043360189
GTGCCCAAGATGGAGT-1,OTI,5,86,1.9395192526186185
GTGCCCAAGCCGCGTA-1,OTI,0,0,0.0
GTGCCCAAGCTGACCG-1,OTI,4,90,1.9590413923210936
GTGCCCAAGGCAGGGT-1,OTI,3,36,1.568201724066995
GTGCCCAAGGCCATCG-1,OTI,3,14,1.1760912590556813
GTGCCCAAGGCCATTA-1,OTI,5,243,2.387389826338729
GTGCCCAAGGCGTCCA-1,OTI,1,6,0.8450980400142568
GTGCCCAAGGTTCAGC-1,OTI,4,12,1.1139433523068367
GTGCCCAAGGTTCGCG-1,C57BL6,0,0,0.0
GTGCCCCGTAGGCTCA-1,OTI,3,300,2.4785664955938436
GTGCCCCGTCGCGTCC-1,OTI,0,0,0.0
GTGCCCCGTGCGAAGG-1,OTI,4,5,0.7781512503836436
GTGCCCCGTGGACGCT-1,OTI,5,239,2.380211241711606
GTGCCCCGTGGTTCAG-1,OTI,1,11,1.0791812460476249
GTGCCGGGTAAGGTCT-1,C57BL6,1,9,1.0
GTGCCGGGTACTTGGG-1,OTI,0,0,0.0
GTGCCGGGTCTACGGA-1,OTI,6,250,2.399673721481038
GTGCCGGGTGGGTTGC-1,OTI,7,220,2.3443922736851106
GTGCCTTGTAAATCTG-1,OTI,3,19,1.3010299956639813
GTGCCTTGTCAATTAG-1,OTI,3,52,1.724275869600789
GTGCCTTGTCATCGGA-1,OTI,3,48,1.6901960800285136
GTGCCTTGTCCAACCT-1,OTI,4,55,1.7481880270062005
GTGCCTTGTGGTTTAA-1,OTI,2,167,2.225309281725863
GTGCGAAAGAACCATT-1,OTI,2,15,1.2041199826559248
GTGCGAAAGAACTTGT-1,OTI,0,0,0.0
GTGCGAAAGAGGGTAT-1,C57BL6,0,0,0.0
GTGCGAAAGATAACAG-1,OTI,1,6,0.8450980400142568
GTGCGAAAGCATCGCG-1,C57BL6,1,12,1.1139433523068367
GTGCGAAAGCATTTCC-1,OTI,6,892,2.9508514588885464
GTGCGAAAGCGGTGTT-1,OTI,1,13,1.146128035678238
GTGCGAAAGGTCGGTT-1,OTI,0,0,0.0
GTGCGAAAGGTGCTAC-1,OTI,6,139,2.146128035678238
GTGCGAGCAAAGTGCA-1,OTI,1,6,0.8450980400142568
GTGCGAGCAAGGTTCT-1,OTI,3,90,1.9590413923210936
GTGCGAGCAATCCTAA-1,OTI,6,111,2.0492180226701815
GTGCGAGCAATCGGGG-1,OTI,5,17,1.255272505103306
GTGCGAGCACCTCTAC-1,OTI,4,143,2.1583624920952498
GTGCGAGCACTACTCC-1,OTI,5,315,2.499687082618404
GTGCGCATCACTCCAT-1,OTI,5,162,2.2121876044039577
GTGCGCATCCATAAGT-1,OTI,3,203,2.3096301674258988
GTGCGCATCCGGACCA-1,C57BL6,0,0,0.0
GTGCGCATCGGCTATA-1,C57BL6,0,0,0.0
GTGCGCGGTATCACCC-1,C57BL6,1,3,0.6020599913279624
GTGCGCGGTATGTTAG-1,OTI,3,91,1.9637878273455553
GTGCGGACAACCTCAG-1,OTI,0,0,0.0
GTGCGGACAACTGGGG-1,OTI,12,219,2.342422680822206
GTGCGGACAATCGTAC-1,OTI,1,6,0.8450980400142568
GTGCGGACACATGTCG-1,OTI,2,82,1.919078092376074
GTGCGGACACCTCATC-1,C57BL6,1,1,0.3010299956639812
GTGCGGACACGCGAAG-1,C57BL6,2,2,0.47712125471966244
GTGCGGACACGTAATC-1,OTI,1,3,0.6020599913279624
GTGCGGACACTCCACT-1,OTI,1,1,0.3010299956639812
GTGCGGACAGTACAAG-1,C57BL6,0,0,0.0
GTGCGGTGTAACGCTG-1,OTI,4,64,1.8129133566428555
GTGCGGTGTACTAAGC-1,OTI,5,170,2.2329961103921536
GTGCGGTGTAGGCCGT-1,C57BL6,0,0,0.0
GTGCGGTGTATTCTGT-1,C57BL6,0,0,0.0
GTGCGGTGTCTGTCCG-1,OTI,4,158,2.2013971243204513
GTGCGGTGTGCCCCTA-1,C57BL6,1,6,0.8450980400142568
GTGCGTAGTAAAGCCT-1,C57BL6,0,0,0.0
GTGCGTAGTAGGACTT-1,C57BL6,2,9,1.0
GTGCGTCCAAACGGCG-1,C57BL6,0,0,0.0
GTGCGTCCAAGGTTTC-1,OTI,3,96,1.9867717342662448
GTGCGTCCACAACTTA-1,C57BL6,0,0,0.0
GTGCGTCCACGTACAT-1,OTI,6,415,2.6190933306267428
GTGCGTCCACGTCAGC-1,C57BL6,0,0,0.0
GTGCGTCCACTAATAT-1,C57BL6,0,0,0.0
GTGCGTGTCAGCGTGT-1,C57BL6,1,1,0.3010299956639812
GTGCGTGTCAGTTGTG-1,OTI,4,124,2.0969100130080562
GTGCGTGTCCGTACTT-1,OTI,2,16,1.2304489213782739
GTGCGTGTCCGTCATT-1,OTI,8,202,2.307496037913213
GTGCGTGTCGGTGTCG-1,OTI,0,0,0.0
GTGCGTGTCGTAACGC-1,OTI,2,92,1.968482948553935
GTGCGTTAGACTTACG-1,C57BL6,0,0,0.0
GTGCGTTAGGTTCAGC-1,OTI,1,5,0.7781512503836436
GTGCTAATCACAGACC-1,C57BL6,2,13,1.146128035678238
GTGCTAATCCGCCTAC-1,C57BL6,0,0,0.0
GTGCTAATCCTAGTTC-1,OTI,0,0,0.0
GTGCTAATCCTGCACC-1,OTI,2,44,1.6532125137753437
GTGCTAATCGCAACGT-1,OTI,1,20,1.3222192947339193
GTGCTAATCGCGTAGT-1,C57BL6,0,0,0.0
GTGCTAATCGGCCATG-1,OTI,6,14,1.1760912590556813
GTGCTAATCGTAGCTA-1,OTI,4,54,1.7403626894942439
GTGCTACAGACCTTTC-1,OTI,0,0,0.0
GTGCTACAGACGCCAT-1,OTI,2,22,1.3617278360175928
GTGCTACAGATGGTAA-1,OTI,4,46,1.6720978579357175
GTGCTACAGATGGTTT-1,OTI,2,782,2.8937617620579434
GTGCTACAGCTACTTC-1,OTI,1,45,1.662757831681574
GTGCTACAGCTCCGGA-1,OTI,1,6,0.8450980400142568
GTGCTACAGGTTAGGG-1,OTI,5,785,2.895422546039408
GTGCTCACAAGCTTAC-1,OTI,0,0,0.0
GTGCTCACACGCTTTC-1,OTI,1,133,2.1271047983648077
GTGCTCACAGTATCAC-1,OTI,7,151,2.1818435879447726
GTGCTCCTCAAACCGC-1,OTI,3,54,1.7403626894942439
GTGCTCCTCACAACAT-1,OTI,5,377,2.5774917998372255
GTGCTCCTCAGGACTC-1,OTI,4,440,2.6444385894678386
GTGCTCCTCCATAAGT-1,OTI,3,81,1.9138138523837167
GTGCTCCTCCATTCAC-1,OTI,2,10,1.0413926851582251
GTGCTCCTCGCACCTC-1,C57BL6,0,0,0.0
GTGCTCCTCGCTGAGT-1,OTI,0,0,0.0
GTGCTGTAGAGTAAGC-1,OTI,4,30,1.4913616938342726
GTGCTGTAGATGTATC-1,OTI,0,0,0.0
GTGCTGTAGCATTTCC-1,OTI,7,434,2.6384892569546374
GTGCTGTAGGCCATAC-1,OTI,0,0,0.0
GTGCTGTAGGTATCCA-1,C57BL6,0,0,0.0
GTGGACGCAAACTCCG-1,C57BL6,0,0,0.0
GTGGACGCAAGGCGCA-1,C57BL6,2,14,1.1760912590556813
GTGGACGCACCTCATC-1,OTI,4,193,2.287801729930226
GTGGACGCACGTTCGA-1,OTI,0,0,0.0
GTGGACGCAGCCCATA-1,OTI,0,0,0.0
GTGGACGCAGTCATCG-1,C57BL6,0,0,0.0
GTGGATTGTACGTTGG-1,OTI,0,0,0.0
GTGGATTGTAGTATGC-1,C57BL6,0,0,0.0
GTGGATTGTCGTTGCT-1,C57BL6,0,0,0.0
GTGGATTGTCTAGCTC-1,OTI,3,96,1.9867717342662448
GTGGATTGTGCAGTCA-1,OTI,1,2,0.47712125471966244
GTGGATTGTGTGGTGC-1,C57BL6,5,145,2.164352855784437
GTGGCAGCAAGCCATT-1,OTI,1,9,1.0
GTGGCAGCAAGTACAG-1,C57BL6,0,0,0.0
GTGGCAGCACACGCAC-1,OTI,6,94,1.9777236052888478
GTGGCAGCAGGGCTAG-1,C57BL6,2,48,1.6901960800285136
GTGGCAGCAGGTCATT-1,OTI,5,53,1.7323937598229686
GTGGCAGCAGTATTCA-1,OTI,0,0,0.0
GTGGCATTCAGGAATA-1,OTI,11,255,2.4082399653118496
GTGGCATTCATAATGC-1,C57BL6,0,0,0.0
GTGGCATTCCCACACC-1,OTI,0,0,0.0
GTGGCATTCCCCAGCT-1,OTI,2,93,1.9731278535996986
GTGGCATTCCGATGTA-1,OTI,5,42,1.6334684555795864
GTGGCATTCCTACATC-1,OTI,0,0,0.0
GTGGCATTCGTAGTCA-1,OTI,0,0,0.0
GTGGCCATCAGGCTGT-1,OTI,2,9,1.0
GTGGCCATCAGTACAT-1,C57BL6,2,90,1.9590413923210936
GTGGCCATCAGTTATA-1,OTI,3,106,2.0293837776852097
GTGGCCATCATGGTAT-1,C57BL6,0,0,0.0
GTGGCCATCCACCAAA-1,OTI,7,171,2.2355284469075487
GTGGCCATCCATAGCA-1,OTI,1,4,0.6989700043360189
GTGGCCATCCGCTTCA-1,OTI,1,7,0.9030899869919435
GTGGCCATCCGGTCCT-1,OTI,2,19,1.3010299956639813
GTGGCCATCCTCCTCT-1,OTI,0,0,0.0
GTGGCCATCCTGGTAA-1,OTI,0,0,0.0
GTGGCCATCGCTGAGT-1,C57BL6,0,0,0.0
GTGGCCATCGGATGTC-1,OTI,0,0,0.0
GTGGCCGGTACTCATT-1,C57BL6,0,0,0.0
GTGGCCGGTAGAATGG-1,C57BL6,0,0,0.0
GTGGCCGGTAGGAGGT-1,C57BL6,2,11,1.0791812460476249
GTGGCCGGTCCATAGG-1,OTI,3,139,2.146128035678238
GTGGCCGGTCGTGGTA-1,OTI,3,20,1.3222192947339193
GTGGCCGGTGCCCCGT-1,OTI,4,65,1.8195439355418688
GTGGCCGGTGGTGATT-1,C57BL6,0,0,0.0
GTGGCCGGTGTAGAAG-1,C57BL6,1,6,0.8450980400142568
GTGGCGACAAAACGCA-1,OTI,3,122,2.089905111439398
GTGGCGACAACAGGAC-1,OTI,6,205,2.3138672203691533
GTGGCGACAAGCTTCG-1,OTI,2,152,2.184691430817599
GTGGCGACAAGGGTCG-1,C57BL6,1,4,0.6989700043360189
GTGGCGACAATGGGCG-1,OTI,2,360,2.5575072019056577
GTGGCGACACATGATC-1,C57BL6,2,32,1.5185139398778875
GTGGCGACACCGCAGT-1,C57BL6,0,0,0.0
GTGGCGACACCGGTTA-1,OTI,1,38,1.591064607026499
GTGGCGACACCTCATC-1,OTI,5,11,1.0791812460476249
GTGGCGACAGCACCTA-1,OTI,4,316,2.5010592622177517
GTGGCGACAGTTACCG-1,OTI,4,361,2.558708570533166
GTGGCGTGTAAGTCCG-1,OTI,4,175,2.24551266781415
GTGGCGTGTATACAGC-1,OTI,0,0,0.0
GTGGCGTGTCCATATT-1,C57BL6,1,4,0.6989700043360189
GTGGCGTGTCTAATTC-1,OTI,1,8,0.9542425094393249
GTGGGATCAATAGGCA-1,C57BL6,1,1,0.3010299956639812
GTGGGATCAATCGACT-1,C57BL6,2,13,1.146128035678238
GTGGGATCACCAAGCC-1,C57BL6,4,20,1.3222192947339193
GTGGGATCACCTAGGC-1,OTI,4,95,1.9822712330395684
GTGGGATCACTTAGTA-1,C57BL6,1,2,0.47712125471966244
GTGGGATCAGCAGCGA-1,C57BL6,0,0,0.0
GTGGGATCAGCGGGTA-1,OTI,7,497,2.6972293427597176
GTGGGCTGTAAGCGTT-1,C57BL6,0,0,0.0
GTGGGCTGTACGTGAT-1,OTI,0,0,0.0
GTGGGCTGTAGGAGTA-1,C57BL6,0,0,0.0
GTGGGCTGTGGAAGTA-1,OTI,1,2,0.47712125471966244
GTGGGCTGTGGATCGC-1,OTI,4,5,0.7781512503836436
GTGGGCTGTGGCGAAG-1,OTI,2,68,1.8388490907372552
GTGGGCTGTGTGCGTA-1,OTI,0,0,0.0
GTGGGTAAGACCCATA-1,OTI,2,414,2.6180480967120925
GTGGGTAAGAGGAGCC-1,OTI,5,187,2.27415784926368
GTGGGTAAGAGGGCGT-1,C57BL6,1,59,1.7781512503836436
GTGGGTAAGCAAGCGA-1,C57BL6,0,0,0.0
GTGGGTAAGCACCACG-1,OTI,2,2,0.47712125471966244
GTGGGTAAGCCTAAGC-1,OTI,3,36,1.568201724066995
GTGGGTAAGCGGTCAT-1,OTI,0,0,0.0
GTGGGTAAGCTCCGGA-1,OTI,1,171,2.2355284469075487
GTGGGTAAGGGAATCG-1,C57BL6,0,0,0.0
GTGGGTTTCACAGTTG-1,OTI,7,705,2.8488047010518036
GTGGGTTTCACTCCGC-1,C57BL6,0,0,0.0
GTGGGTTTCACTGGCG-1,C57BL6,0,0,0.0
GTGGGTTTCAGGGCAA-1,OTI,5,37,1.5797835966168101
GTGGGTTTCATGTTAA-1,OTI,4,47,1.6812412373755872
GTGGGTTTCCACACCC-1,C57BL6,0,0,0.0
GTGGGTTTCCATACCT-1,OTI,4,168,2.2278867046136734
GTGGGTTTCCCTTTGG-1,OTI,2,12,1.1139433523068367
GTGGGTTTCGGCATTA-1,OTI,3,63,1.806179973983887
GTGGGTTTCGGCTTGG-1,OTI,4,31,1.505149978319906
GTGGGTTTCGGGCTCA-1,OTI,0,0,0.0
GTGGGTTTCGTATACG-1,C57BL6,1,15,1.2041199826559248
GTGGGTTTCGTATTAA-1,OTI,5,80,1.9084850188786497
GTGGGTTTCGTCTCCA-1,C57BL6,0,0,0.0
GTGGGTTTCGTGTACA-1,C57BL6,0,0,0.0
GTGGTAACAACATTAT-1,OTI,4,84,1.9294189257142926
GTGGTAACAATACCTA-1,OTI,3,174,2.2430380486862944
GTGGTAACACGTTTCC-1,C57BL6,2,14,1.1760912590556813
GTGGTCAGTAAGTCTA-1,OTI,0,0,0.0
GTGGTCAGTACCTAGG-1,C57BL6,0,0,0.0
GTGGTCAGTATGCTGG-1,OTI,4,56,1.7558748556724915
GTGGTCAGTCGCACCC-1,OTI,3,239,2.380211241711606
GTGGTCAGTCGTTCCG-1,C57BL6,0,0,0.0
GTGGTCAGTCTAAGGT-1,C57BL6,2,38,1.591064607026499
GTGGTCAGTGCCTATC-1,OTI,4,29,1.4771212547196624
GTGGTGCGTAGCAGTT-1,OTI,0,0,0.0
GTGGTGCGTATGCTGG-1,C57BL6,1,3,0.6020599913279624
GTGGTGCGTCAATATG-1,OTI,3,102,2.012837224705172
GTGGTGCGTCTGTGGA-1,OTI,4,73,1.8692317197309762
GTGGTTATCAAGCCAC-1,C57BL6,3,3,0.6020599913279624
GTGGTTATCAATTATG-1,OTI,5,168,2.2278867046136734
GTGGTTATCACCCCTA-1,OTI,2,43,1.6434526764861874
GTGGTTATCAGGGCAA-1,OTI,3,14,1.1760912590556813
GTGGTTATCCATAGCA-1,OTI,1,4,0.6989700043360189
GTGGTTATCCGCTCTA-1,OTI,2,145,2.164352855784437
GTGGTTATCGGACATC-1,OTI,2,37,1.5797835966168101
GTGGTTATCGGTACTA-1,C57BL6,0,0,0.0
GTGTAAGCAAACTCCG-1,OTI,4,74,1.8750612633917
GTGTAAGCAAATTGGG-1,C57BL6,0,0,0.0
GTGTAAGCAACTGCCA-1,C57BL6,2,11,1.0791812460476249
GTGTAAGCAATCATCA-1,OTI,0,0,0.0
GTGTAAGCACATATGC-1,OTI,3,13,1.146128035678238
GTGTAAGCACTAGGAA-1,C57BL6,0,0,0.0
GTGTAATTCAACATTA-1,C57BL6,0,0,0.0
GTGTAATTCAGGGCAA-1,OTI,3,74,1.8750612633917
GTGTAATTCATGGTGC-1,OTI,4,142,2.155336037465062
GTGTAATTCATGTTAA-1,C57BL6,1,18,1.2787536009528289
GTGTAATTCCCAGTAA-1,OTI,4,26,1.4313637641589874
GTGTAATTCCTGCACC-1,C57BL6,1,6,0.8450980400142568
GTGTAATTCGTGCTAA-1,OTI,4,40,1.6127838567197355
GTGTACATCCCATCTG-1,C57BL6,0,0,0.0
GTGTACATCCTTCGTG-1,OTI,1,19,1.3010299956639813
GTGTAGCTCAAACCTG-1,OTI,3,82,1.919078092376074
GTGTAGCTCAATTCCC-1,C57BL6,0,0,0.0
GTGTAGCTCACCAATG-1,OTI,4,23,1.380211241711606
GTGTAGCTCCTCCATG-1,C57BL6,0,0,0.0
GTGTAGCTCGTAGCGT-1,OTI,5,17,1.255272505103306
GTGTAGCTCGTTCTAC-1,OTI,7,172,2.2380461031287955
GTGTAGTGTACACTCC-1,C57BL6,0,0,0.0
GTGTAGTGTACAGCGC-1,C57BL6,1,5,0.7781512503836436
GTGTAGTGTCACACTC-1,C57BL6,0,0,0.0
GTGTAGTGTCACCGGG-1,C57BL6,0,0,0.0
GTGTAGTGTCATTCCA-1,OTI,4,89,1.954242509439325
GTGTAGTGTCGCGTCC-1,C57BL6,1,3,0.6020599913279624
GTGTAGTGTCTTAGCC-1,C57BL6,3,74,1.8750612633917
GTGTAGTGTGCAGTCA-1,C57BL6,1,3,0.6020599913279624
GTGTAGTGTGTGCCTT-1,C57BL6,1,205,2.3138672203691533
GTGTATAGTACGTTCC-1,OTI,6,726,2.8615344108590377
GTGTATAGTGGCTTTC-1,OTI,0,0,0.0
GTGTATAGTGGGATGG-1,OTI,1,28,1.462397997898956
GTGTATAGTGTGCAAT-1,C57BL6,1,23,1.380211241711606
GTGTATAGTGTTGCAG-1,OTI,6,74,1.8750612633917
GTGTATGTCACTCGCC-1,OTI,0,0,0.0
GTGTATGTCCACGAGT-1,OTI,2,41,1.6232492903979006
GTGTATGTCCACGTAA-1,C57BL6,0,0,0.0
GTGTATGTCGCGACAT-1,OTI,1,7,0.9030899869919435
GTGTATGTCGTGAGCT-1,C57BL6,0,0,0.0
GTGTATTAGAAGGTGT-1,OTI,4,19,1.3010299956639813
GTGTATTAGAATGCCC-1,OTI,1,6,0.8450980400142568
GTGTATTAGAATTCGT-1,OTI,2,6,0.8450980400142568
GTGTATTAGAGTTTAC-1,OTI,3,75,1.8808135922807914
GTGTATTAGATCGCGT-1,OTI,3,16,1.2304489213782739
GTGTATTAGCTGGGTT-1,OTI,3,864,2.9370161074648142
GTGTATTAGCTTCTAC-1,OTI,0,0,0.0
GTGTATTAGGTCTACA-1,C57BL6,0,0,0.0
GTGTCAATCCCCATTG-1,OTI,4,149,2.1760912590556813
GTGTCAATCGGACTAC-1,C57BL6,0,0,0.0
GTGTCAATCGGGCCTA-1,OTI,3,49,1.6989700043360187
GTGTCAATCGTATACG-1,OTI,1,9,1.0
GTGTCAGGTACAAGTC-1,OTI,0,0,0.0
GTGTCAGGTCAATTCT-1,OTI,1,51,1.7160033436347992
GTGTCAGGTCGGGGTT-1,OTI,3,47,1.6812412373755872
GTGTCAGGTCTCTCGG-1,OTI,0,0,0.0
GTGTCAGGTGTGTCCT-1,C57BL6,0,0,0.0
GTGTCATCAAACGGCG-1,OTI,0,0,0.0
GTGTCATCAAGTAACG-1,OTI,0,0,0.0
GTGTCATCAGGAATAT-1,C57BL6,2,10,1.0413926851582251
GTGTCCGAGAACGTTT-1,OTI,2,92,1.968482948553935
GTGTCCGAGAGTTAGA-1,OTI,3,26,1.4313637641589874
GTGTCCGAGCACCTTT-1,OTI,3,78,1.8976270912904414
GTGTCCGAGCAGTATT-1,C57BL6,1,5,0.7781512503836436
GTGTCCGAGCCTAGCG-1,OTI,1,14,1.1760912590556813
GTGTCCGAGCTTAAGT-1,OTI,0,0,0.0
GTGTCCGAGGTTGCCG-1,C57BL6,0,0,0.0
GTGTCCGAGGTTGTGC-1,OTI,3,64,1.8129133566428555
GTGTCCTGTACACCCT-1,C57BL6,0,0,0.0
GTGTCCTGTATATCAG-1,OTI,2,96,1.9867717342662448
GTGTCCTGTCATACCC-1,C57BL6,0,0,0.0
GTGTCGAGTCTAACGG-1,OTI,4,43,1.6434526764861874
GTGTCGCCAATACCTA-1,OTI,1,4,0.6989700043360189
GTGTCGCCAATTCGTA-1,C57BL6,1,8,0.9542425094393249
GTGTCGGTCAAGGCTC-1,OTI,4,65,1.8195439355418688
GTGTCGGTCATCAGCA-1,OTI,2,8,0.9542425094393249
GTGTCGGTCATTAACA-1,OTI,1,9,1.0
GTGTCGGTCCCTTAGT-1,OTI,5,9,1.0
GTGTCGGTCGCTCCTA-1,OTI,0,0,0.0
GTGTCGGTCGTCACCC-1,C57BL6,0,0,0.0
GTGTCGTAGCGAATTT-1,OTI,3,137,2.1398790864012365
GTGTCGTAGCGCATTA-1,C57BL6,1,8,0.9542425094393249
GTGTCGTAGGGGGTAC-1,OTI,6,133,2.1271047983648077
GTGTCGTAGGTGTTAT-1,C57BL6,0,0,0.0
GTGTCTCGTAACCCCT-1,OTI,0,0,0.0
GTGTCTCGTAAGGAAT-1,C57BL6,0,0,0.0
GTGTCTCGTAATCCCC-1,OTI,3,218,2.3404441148401185
GTGTCTCGTAGAGTGA-1,C57BL6,0,0,0.0
GTGTCTCGTCCAGATG-1,OTI,1,75,1.8808135922807914
GTGTCTCGTCGGCTGG-1,OTI,5,121,2.0863598306747484
GTGTCTCGTGCTGGGT-1,OTI,1,17,1.255272505103306
GTGTCTCGTGGTGTAT-1,OTI,5,362,2.5599066250361124
GTGTCTCGTGTCGCGG-1,OTI,2,67,1.8325089127062364
GTGTGATGTATCCAGG-1,OTI,5,152,2.184691430817599
GTGTGCAGTACTTCAT-1,OTI,4,64,1.8129133566428555
GTGTGCAGTAGCGTTG-1,C57BL6,0,0,0.0
GTGTGCAGTCGTTGGA-1,OTI,1,7,0.9030899869919435
GTGTGCAGTCTCATTG-1,OTI,1,5,0.7781512503836436
GTGTGCAGTGGTAAAG-1,OTI,2,105,2.0253058652647704
GTGTGCAGTGTAAAGG-1,OTI,4,70,1.8512583487190752
GTGTGGGCAAAGGCAC-1,C57BL6,7,10,1.0413926851582251
GTGTGGGCAACACGAA-1,C57BL6,0,0,0.0
GTGTGGGCAACATTAT-1,OTI,4,13,1.146128035678238
GTGTGGGCAAGAGGTC-1,OTI,5,21,1.3424226808222062
GTGTGGGCAATGCAGA-1,OTI,1,3,0.6020599913279624
GTGTGGGCACTAGCGC-1,OTI,5,176,2.247973266361807
GTGTGGGCACTGACGC-1,OTI,11,34,1.5440680443502757
GTGTTAAGTATAGGGA-1,OTI,4,35,1.5563025007672873
GTGTTAAGTCAGCTCT-1,OTI,4,4,0.6989700043360189
GTGTTAAGTCATCAGG-1,C57BL6,0,0,0.0
GTGTTAAGTCATTAAG-1,OTI,4,142,2.155336037465062
GTGTTAAGTCGACAGC-1,OTI,5,59,1.7781512503836436
GTGTTAAGTCGAGGCT-1,OTI,5,24,1.3979400086720377
GTGTTAAGTCTTCTAG-1,OTI,5,144,2.161368002234975
GTGTTACCACAAGTAG-1,OTI,2,49,1.6989700043360187
GTGTTACCAGTAAACG-1,OTI,0,0,0.0
GTGTTACCAGTGCGTC-1,OTI,2,14,1.1760912590556813
GTGTTATAGATGCATT-1,C57BL6,1,22,1.3617278360175928
GTGTTATAGCCGACAT-1,OTI,7,63,1.806179973983887
GTGTTATAGCTACTTC-1,OTI,1,8,0.9542425094393249
GTGTTATAGGCCCCAA-1,OTI,3,81,1.9138138523837167
GTGTTATAGGCTTACA-1,OTI,2,21,1.3424226808222062
GTGTTATAGGGACATG-1,C57BL6,0,0,0.0
GTGTTATAGGGCGTAA-1,C57BL6,1,32,1.5185139398778875
GTGTTATAGGGGATTG-1,OTI,2,43,1.6434526764861874
GTGTTCCGTAATTGTG-1,C57BL6,2,16,1.2304489213782739
GTGTTCCGTCATGGGC-1,OTI,4,63,1.806179973983887
GTGTTCCGTCTAGCTC-1,OTI,3,21,1.3424226808222062
GTGTTCCGTCTGGTGA-1,C57BL6,0,0,0.0
GTGTTCCGTGGCGAAG-1,OTI,2,129,2.113943352306837
GTGTTCCGTGGGGTTC-1,OTI,8,262,2.419955748489758
GTGTTCGCAAACACTC-1,C57BL6,1,9,1.0
GTGTTCGCAACGTGGG-1,C57BL6,4,9,1.0
GTGTTCGCAATAGCGA-1,OTI,7,103,2.0170333392987803
GTGTTCGCACCAGTGC-1,OTI,3,79,1.9030899869919435
GTGTTCGCACTCTAGG-1,OTI,3,61,1.792391689498254
GTGTTCGCACTTATCT-1,OTI,3,32,1.5185139398778875
GTGTTCGCAGCGGTCT-1,OTI,2,140,2.1492191126553797
GTGTTCGCAGCTAATC-1,OTI,1,30,1.4913616938342726
GTGTTCGCAGGAGTCG-1,OTI,0,0,0.0
GTGTTCGCAGGATGGT-1,C57BL6,0,0,0.0
GTGTTCGCAGGGATTA-1,OTI,0,0,0.0
GTGTTCGCAGGTCTAT-1,OTI,5,49,1.6989700043360187
GTGTTGATCAGCCAAC-1,OTI,4,68,1.8388490907372552
GTGTTGATCCACTACT-1,OTI,2,28,1.462397997898956
GTGTTGATCCATCTGT-1,OTI,2,20,1.3222192947339193
GTGTTGATCCTACGCC-1,OTI,4,209,2.322219294733919
GTGTTGATCGTAGCAC-1,C57BL6,2,31,1.505149978319906
GTGTTGGGTACCCGTT-1,OTI,5,394,2.59659709562646
GTGTTGGGTAGCATCG-1,C57BL6,0,0,0.0
GTGTTGGGTATGGAGA-1,C57BL6,1,2,0.47712125471966244
GTGTTGGGTCAGCTCT-1,OTI,0,0,0.0
GTGTTGGGTGGCATGC-1,C57BL6,1,5,0.7781512503836436
GTTAACCCAAATTTCG-1,OTI,5,44,1.6532125137753437
GTTAACCCAATTATCG-1,OTI,2,338,2.530199698203082
GTTAACCCACGTACGC-1,C57BL6,0,0,0.0
GTTAACCCAGCCAACC-1,C57BL6,0,0,0.0
GTTAACCCAGCCTTTC-1,OTI,5,214,2.3324384599156054
GTTAACCCAGTATGCT-1,OTI,0,0,0.0
GTTAAGCGTACTTGGG-1,OTI,1,27,1.4471580313422192
GTTAAGCGTAGGAGGT-1,OTI,5,242,2.385606273598312
GTTAAGCGTCATAGCG-1,OTI,2,54,1.7403626894942439
GTTAAGCGTCTCTAAT-1,OTI,4,73,1.8692317197309762
GTTAAGGCAACGTTAC-1,C57BL6,0,0,0.0
GTTAAGGCACAAGTAG-1,OTI,0,0,0.0
GTTAAGGCACAAGTCT-1,C57BL6,1,9,1.0
GTTAAGGCACAGTTAC-1,OTI,4,159,2.2041199826559246
GTTAAGGCACGTCTAG-1,C57BL6,1,7,0.9030899869919435
GTTAAGGCAGCCAACC-1,OTI,0,0,0.0
GTTAAGGCAGTGCAGG-1,OTI,3,46,1.6720978579357175
GTTAAGTTCATCCCCA-1,OTI,3,92,1.968482948553935
GTTAAGTTCCAATTCC-1,OTI,4,102,2.012837224705172
GTTAAGTTCCCACAGG-1,OTI,5,168,2.2278867046136734
GTTAAGTTCCGATACA-1,OTI,1,5,0.7781512503836436
GTTAAGTTCGGCGCTA-1,C57BL6,0,0,0.0
GTTAATATCAGCGTGT-1,OTI,3,5,0.7781512503836436
GTTAATATCAGGCTTA-1,C57BL6,0,0,0.0
GTTAATATCAGTATCG-1,OTI,5,539,2.7323937598229686
GTTAATATCCATGCCC-1,OTI,9,225,2.3541084391474008
GTTAATATCCCCTAAT-1,OTI,1,30,1.4913616938342726
GTTAATATCCCTTAGT-1,OTI,2,14,1.1760912590556813
GTTAATATCCTCGTTG-1,OTI,3,11,1.0791812460476249
GTTAATATCGCCTCTA-1,OTI,2,47,1.6812412373755872
GTTAATCAGAACGTTT-1,OTI,4,31,1.505149978319906
GTTAATCAGATCTCGA-1,OTI,3,16,1.2304489213782739
GTTAATCAGCAAGTTT-1,C57BL6,2,9,1.0
GTTAATCAGCGATTGC-1,C57BL6,0,0,0.0
GTTAATCAGGCAGGGT-1,OTI,2,5,0.7781512503836436
GTTAATGGTAGTTAGC-1,OTI,0,0,0.0
GTTAATGGTCCTCGAT-1,C57BL6,0,0,0.0
GTTAATGGTCTAGTGG-1,OTI,1,51,1.7160033436347992
GTTAATGGTGGAGCAG-1,OTI,10,74,1.8750612633917
GTTAATGGTGGCGCTG-1,C57BL6,0,0,0.0
GTTAATGGTGGGCGTT-1,OTI,0,0,0.0
GTTAATGGTGTATTCT-1,C57BL6,3,13,1.146128035678238
GTTAATTCAAATTGCC-1,C57BL6,1,1,0.3010299956639812
GTTAATTCAAGCTTTA-1,C57BL6,0,0,0.0
GTTAATTCAAGTCGCC-1,OTI,2,5,0.7781512503836436
GTTAATTCAGTTAAGG-1,C57BL6,1,2,0.47712125471966244
GTTACCCGTAAGCCAT-1,C57BL6,0,0,0.0
GTTACCCGTCAATTAG-1,OTI,4,100,2.0043213737826426
GTTACCCGTCGATTGG-1,C57BL6,0,0,0.0
GTTACCCGTCGCCTAT-1,OTI,1,1,0.3010299956639812
GTTACCCGTCGGTTCT-1,C57BL6,0,0,0.0
GTTACCCGTCTATGTT-1,OTI,5,33,1.5314789170422551
GTTACCCGTGGTAGTT-1,OTI,3,112,2.0530784434834195
GTTACCGCAAACGAGC-1,OTI,3,979,2.9912260756924947
GTTACCGCAATCAGAG-1,OTI,4,76,1.8864907251724818
GTTACCGCACCCTGAA-1,OTI,4,200,2.303196057420489
GTTACCGCACGATGGG-1,OTI,5,111,2.0492180226701815
GTTACCGCACTCGAGC-1,OTI,1,119,2.0791812460476247
GTTACCGCAGTGCTCA-1,C57BL6,1,3,0.6020599913279624
GTTACCTTCAAACTTA-1,OTI,5,54,1.7403626894942439
GTTACCTTCAAATGTC-1,OTI,5,304,2.484299839346786
GTTACCTTCAGACTGC-1,OTI,0,0,0.0
GTTACCTTCGCATCGG-1,OTI,4,47,1.6812412373755872
GTTACCTTCGGACTAC-1,OTI,4,36,1.568201724066995
GTTACCTTCGTCCGCT-1,OTI,0,0,0.0
GTTACGGGTACGTCAG-1,C57BL6,0,0,0.0
GTTACGGGTCACTAGG-1,OTI,0,0,0.0
GTTACGGGTCTTGGAG-1,C57BL6,2,8,0.9542425094393249
GTTACGGGTGTCCCCA-1,C57BL6,2,2,0.47712125471966244
GTTACTACAACTTTAG-1,OTI,4,115,2.0644579892269186
GTTACTACAAGCGAAC-1,C57BL6,1,3,0.6020599913279624
GTTACTACACATCAGT-1,C57BL6,2,19,1.3010299956639813
GTTACTACACCGTAAT-1,C57BL6,1,8,0.9542425094393249
GTTACTACACGCCTAA-1,OTI,2,24,1.3979400086720377
GTTACTCTCAACGAAA-1,C57BL6,0,0,0.0
GTTACTCTCCGCTAAA-1,C57BL6,1,7,0.9030899869919435
GTTACTCTCGTGTCGG-1,C57BL6,0,0,0.0
GTTACTTGTACTGCGA-1,OTI,0,0,0.0
GTTACTTGTATGTTCT-1,C57BL6,1,6,0.8450980400142568
GTTACTTGTCAGCGTA-1,OTI,8,369,2.568201724066995
GTTACTTGTCATACAA-1,OTI,3,202,2.307496037913213
GTTACTTGTCCTAATT-1,OTI,2,34,1.5440680443502757
GTTACTTGTGCCCGAG-1,OTI,1,22,1.3617278360175928
GTTACTTGTGGTGATT-1,OTI,2,8,0.9542425094393249
GTTAGAGCAACAGAAT-1,OTI,0,0,0.0
GTTAGAGCAAGCGGCA-1,OTI,5,15,1.2041199826559248
GTTAGAGCACCATCGA-1,OTI,1,4,0.6989700043360189
GTTAGAGCACCGACAC-1,OTI,4,229,2.361727836017593
GTTAGAGCACTGGCAC-1,OTI,11,566,2.7535830588929064
GTTAGCATCAATCTCC-1,C57BL6,1,5,0.7781512503836436
GTTAGCATCACTCACT-1,OTI,1,21,1.3424226808222062
GTTAGCATCATACTAA-1,C57BL6,0,0,0.0
GTTAGCATCATGGGCT-1,OTI,12,925,2.966610986681934
GTTAGCATCCAAATGT-1,OTI,7,54,1.7403626894942439
GTTAGCATCCCACTCA-1,OTI,2,331,2.5211380837040362
GTTAGCATCCCTAGGG-1,OTI,4,200,2.303196057420489
GTTAGCATCCTCCAAT-1,OTI,2,17,1.255272505103306
GTTAGCATCGCGTCGA-1,OTI,3,12,1.1139433523068367
GTTAGCCAGAAAGCGT-1,OTI,4,165,2.220108088040055
GTTAGCCAGAACGACG-1,C57BL6,0,0,0.0
GTTAGCCAGACTGCGT-1,OTI,3,73,1.8692317197309762
GTTAGCCAGATATGAG-1,C57BL6,0,0,0.0
GTTAGCCAGATCGCGT-1,C57BL6,0,0,0.0
GTTAGCCAGCCACTAA-1,OTI,7,249,2.3979400086720375
GTTAGCCAGCCGTTGG-1,OTI,1,5,0.7781512503836436
GTTAGCCAGCTGTCGG-1,OTI,4,58,1.7708520116421442
GTTAGCGGTAGGTAAG-1,C57BL6,0,0,0.0
GTTAGCGGTGCGAGGA-1,OTI,0,0,0.0
GTTAGCGGTGGTTGTG-1,C57BL6,0,0,0.0
GTTAGCGGTGTTGTGG-1,OTI,3,154,2.1903316981702914
GTTAGCTCAAGACAAT-1,C57BL6,1,105,2.0253058652647704
GTTAGCTCAAGCAAGC-1,C57BL6,0,0,0.0
GTTAGCTCAATAAGAC-1,C57BL6,0,0,0.0
GTTAGCTCAATCGGGG-1,OTI,3,15,1.2041199826559248
GTTAGCTCAATTCGAC-1,C57BL6,0,0,0.0
GTTAGCTCACACTGCA-1,OTI,1,44,1.6532125137753437
GTTAGCTCACCGGACT-1,OTI,0,0,0.0
GTTAGCTCACTATAAT-1,OTI,0,0,0.0
GTTAGCTCAGCAGCCT-1,C57BL6,3,4,0.6989700043360189
GTTAGCTCAGCTACGC-1,OTI,0,0,0.0
GTTAGGCTCAAACTAC-1,C57BL6,12,17,1.255272505103306
GTTAGGCTCATATGGT-1,OTI,4,80,1.9084850188786497
GTTAGGGAGATGAGTA-1,OTI,1,12,1.1139433523068367
GTTAGGGAGATGCGGA-1,OTI,1,36,1.568201724066995
GTTAGGGAGCACCTAA-1,OTI,4,23,1.380211241711606
GTTAGGTGTCACATGG-1,OTI,3,209,2.322219294733919
GTTAGGTGTCCTAGAG-1,C57BL6,1,16,1.2304489213782739
GTTAGGTGTCGCTCTG-1,OTI,2,13,1.146128035678238
GTTAGGTGTGGAGCGA-1,C57BL6,0,0,0.0
GTTAGTAGTAACGCCA-1,OTI,3,98,1.99563519459755
GTTAGTAGTACCCATC-1,OTI,0,0,0.0
GTTAGTAGTACTAAGC-1,OTI,6,216,2.3364597338485296
GTTAGTAGTCGTTCCG-1,OTI,2,83,1.9242792860618816
GTTAGTAGTCTAATGA-1,C57BL6,2,35,1.5563025007672873
GTTAGTAGTGCGCCTC-1,OTI,5,157,2.1986570869544226
GTTAGTCCAAGTAACG-1,OTI,2,13,1.146128035678238
GTTAGTCCACCCAGAC-1,OTI,0,0,0.0
GTTAGTTAGAAGCTAA-1,OTI,5,30,1.4913616938342726
GTTAGTTAGACTAATC-1,C57BL6,1,13,1.146128035678238
GTTAGTTAGAGAGGTT-1,OTI,4,41,1.6232492903979006
GTTAGTTAGATCCGAC-1,OTI,0,0,0.0
GTTAGTTAGCATATCG-1,OTI,8,157,2.1986570869544226
GTTAGTTAGCCAACCG-1,C57BL6,0,0,0.0
GTTAGTTAGCCCTAGG-1,C57BL6,0,0,0.0
GTTATAATCATACTCC-1,OTI,2,270,2.432969290874406
GTTATAATCGTAGCAC-1,OTI,0,0,0.0
GTTATAGGTACGTCTC-1,OTI,3,22,1.3617278360175928
GTTATAGGTATCAGCG-1,OTI,0,0,0.0
GTTATAGGTATTATCC-1,OTI,0,0,0.0
GTTATAGGTGTGTTCC-1,C57BL6,0,0,0.0
GTTATCGAGACTAATC-1,OTI,4,4,0.6989700043360189
GTTATCGAGCCAGTAC-1,OTI,9,133,2.1271047983648077
GTTATCGAGCCATAAT-1,OTI,0,0,0.0
GTTATCGAGCGTTCAA-1,OTI,0,0,0.0
GTTATCGAGCTCATAG-1,C57BL6,0,0,0.0
GTTATCGAGGCTTCCC-1,C57BL6,1,5,0.7781512503836436
GTTATCGAGGCTTCGG-1,OTI,0,0,0.0
GTTATCGAGGTCGCAT-1,OTI,4,29,1.4771212547196624
GTTATGAGTAATTTGG-1,OTI,6,116,2.0681858617461617
GTTATGAGTAGGCTTG-1,C57BL6,0,0,0.0
GTTATGAGTAGGGGCA-1,OTI,1,6,0.8450980400142568
GTTATGAGTATCTCTG-1,C57BL6,1,6,0.8450980400142568
GTTATGAGTATGGTCG-1,OTI,0,0,0.0
GTTATGAGTCTCTCGG-1,C57BL6,0,0,0.0
GTTATGAGTGCGTAGC-1,OTI,4,65,1.8195439355418688
GTTATGAGTGGCTTAG-1,OTI,3,104,2.0211892990699383
GTTATGGTCACATTCC-1,OTI,1,2,0.47712125471966244
GTTATGGTCAGCGTAC-1,OTI,6,69,1.845098040014257
GTTATGGTCCTACATC-1,OTI,3,31,1.505149978319906
GTTATGGTCCTCCTTC-1,OTI,1,198,2.298853076409707
GTTATGTAGATACAAG-1,C57BL6,0,0,0.0
GTTATGTAGATACAGA-1,OTI,1,2,0.47712125471966244
GTTATGTAGCAGTCCG-1,C57BL6,0,0,0.0
GTTATGTAGCATGTAT-1,C57BL6,0,0,0.0
GTTATGTAGGTTATGT-1,OTI,0,0,0.0
GTTATGTAGGTTGTAT-1,OTI,1,85,1.9344984512435677
GTTCAATAGCCAAATT-1,C57BL6,1,3,0.6020599913279624
GTTCAATAGCCATAAT-1,C57BL6,0,0,0.0
GTTCAATAGGCGGGAT-1,OTI,3,20,1.3222192947339193
GTTCAATAGGGGGCAT-1,OTI,2,64,1.8129133566428555
GTTCAATAGGGGTTTC-1,OTI,0,0,0.0
GTTCACGCAAGGGGAA-1,C57BL6,0,0,0.0
GTTCACGCAAGTACTC-1,OTI,4,72,1.863322860120456
GTTCACGCACATAGAG-1,C57BL6,1,69,1.845098040014257
GTTCACGCACCATAAC-1,OTI,0,0,0.0
GTTCACGCACTAAGGA-1,OTI,0,0,0.0
GTTCACGCACTATGAC-1,OTI,1,541,2.733999286538387
GTTCACTTCAAATCAC-1,OTI,1,11,1.0791812460476249
GTTCACTTCACTTGCT-1,OTI,1,2,0.47712125471966244
GTTCACTTCAGTACAT-1,OTI,1,10,1.0413926851582251
GTTCACTTCATCCGCC-1,OTI,2,43,1.6434526764861874
GTTCACTTCCGGACAT-1,C57BL6,1,5,0.7781512503836436
GTTCACTTCGCATCGG-1,OTI,2,51,1.7160033436347992
GTTCACTTCGCCCGTT-1,OTI,1,24,1.3979400086720377
GTTCACTTCGGATACC-1,OTI,9,43,1.6434526764861874
GTTCACTTCGGCGATT-1,OTI,3,22,1.3617278360175928
GTTCACTTCGTGTATG-1,OTI,7,89,1.954242509439325
GTTCAGCAGACTTTGG-1,OTI,5,686,2.8369567370595505
GTTCAGCAGATGACGG-1,OTI,1,3,0.6020599913279624
GTTCAGCAGCCACTAA-1,OTI,2,25,1.414973347970818
GTTCAGCAGCGCGATT-1,OTI,1,43,1.6434526764861874
GTTCAGCAGCTAGTTG-1,OTI,1,11,1.0791812460476249
GTTCAGCAGGTAATTC-1,OTI,6,66,1.8260748027008264
GTTCAGCAGGTCTGTA-1,C57BL6,1,6,0.8450980400142568
GTTCAGGGTAGGTTGT-1,C57BL6,4,107,2.03342375548695
GTTCAGGGTATGTCTT-1,OTI,3,120,2.0827853703164503
GTTCAGGGTCACTTTG-1,C57BL6,4,4,0.6989700043360189
GTTCAGGGTCTAAGGT-1,OTI,3,212,2.3283796034387376
GTTCAGGGTCTATGGG-1,C57BL6,0,0,0.0
GTTCAGGGTCTGCGCC-1,OTI,9,874,2.942008053022313
GTTCAGGGTCTTGGAG-1,OTI,2,310,2.4927603890268375
GTTCAGGGTGCTCTGT-1,OTI,8,211,2.326335860928751
GTTCAGTCAACTGAAG-1,OTI,0,0,0.0
GTTCAGTCAGGACCTC-1,OTI,5,258,2.413299764081252
GTTCATCTCAATTATG-1,OTI,5,525,2.7209857441537393
GTTCATCTCACTATAA-1,C57BL6,0,0,0.0
GTTCATCTCATGAAAG-1,OTI,2,62,1.7993405494535817
GTTCATCTCCACTTCG-1,OTI,6,90,1.9590413923210936
GTTCATCTCCGGGCTA-1,OTI,2,43,1.6434526764861874
GTTCATCTCGTTAAGT-1,OTI,1,2,0.47712125471966244
GTTCATGAGATAAGTG-1,C57BL6,0,0,0.0
GTTCATGAGATGACGG-1,OTI,1,12,1.1139433523068367
GTTCATGAGCAATTCG-1,OTI,1,5,0.7781512503836436
GTTCATGAGCCTAGCG-1,OTI,8,50,1.7075701760979363
GTTCATGAGGCTTTAG-1,C57BL6,2,21,1.3424226808222062
GTTCATTGTATCTCTG-1,OTI,0,0,0.0
GTTCATTGTCAGTATA-1,OTI,4,72,1.863322860120456
GTTCATTGTCCGGTAA-1,OTI,3,64,1.8129133566428555
GTTCATTGTCGAGGCT-1,OTI,0,0,0.0
GTTCATTGTCTAAGTA-1,C57BL6,0,0,0.0
GTTCGACAGACAGCGA-1,OTI,0,0,0.0
GTTCGACAGAGGTACG-1,C57BL6,1,17,1.255272505103306
GTTCGACAGCCGTCGA-1,OTI,4,107,2.03342375548695
GTTCGACAGCGTTATG-1,C57BL6,0,0,0.0
GTTCGAGGTAATTCAG-1,OTI,2,80,1.9084850188786497
GTTCGAGGTACAGGTT-1,C57BL6,0,0,0.0
GTTCGAGGTAGCGTCA-1,OTI,4,135,2.1335389083702174
GTTCGAGGTAGGCGGA-1,C57BL6,0,0,0.0
GTTCGAGGTCCCATGT-1,OTI,1,7,0.9030899869919435
GTTCGAGGTCCGCCTA-1,C57BL6,1,1,0.3010299956639812
GTTCGAGGTGTGGATT-1,OTI,2,77,1.8920946026904804
GTTCGCACAATCGCCA-1,OTI,6,79,1.9030899869919435
GTTCGCACACCACCAA-1,OTI,2,7,0.9030899869919435
GTTCGCCTCAAGCATT-1,OTI,4,162,2.2121876044039577
GTTCGCGAGACCCTTT-1,OTI,4,122,2.089905111439398
GTTCGCGAGACCTGCG-1,OTI,0,0,0.0
GTTCGCGAGAGACGCA-1,OTI,4,15,1.2041199826559248
GTTCGCGAGATCGACC-1,OTI,5,257,2.41161970596323
GTTCGCGAGCAGTAGG-1,OTI,0,0,0.0
GTTCGCGAGCCGCTAG-1,OTI,6,360,2.5575072019056577
GTTCGCTGTCCAGTTC-1,OTI,1,32,1.5185139398778875
GTTCGCTGTGGCTTGA-1,OTI,0,0,0.0
GTTCGCTGTGTGTGAT-1,OTI,3,144,2.161368002234975
GTTCGGGTCAAATCAC-1,OTI,1,5,0.7781512503836436
GTTCGGGTCATCCCAT-1,OTI,2,26,1.4313637641589874
GTTCGGGTCCTAAAGT-1,OTI,1,18,1.2787536009528289
GTTCGTCGTAACTGCG-1,OTI,5,216,2.3364597338485296
GTTCGTCGTACAGAAG-1,OTI,1,237,2.376576957056512
GTTCGTCGTAGTGTTA-1,OTI,1,39,1.6020599913279623
GTTCGTCGTCCATATT-1,OTI,4,222,2.3483048630481607
GTTCGTCGTCTGATAA-1,OTI,0,0,0.0
GTTCGTCGTGCGCTCC-1,C57BL6,0,0,0.0
GTTCGTTTCACCTTAC-1,OTI,3,20,1.3222192947339193
GTTCGTTTCATCCCGC-1,OTI,3,28,1.462397997898956
GTTCGTTTCCAATTAA-1,OTI,1,5,0.7781512503836436
GTTCGTTTCCAGGGTT-1,C57BL6,0,0,0.0
GTTCGTTTCCCTAGTT-1,OTI,2,130,2.1172712956557644
GTTCGTTTCGCTCCTA-1,OTI,4,72,1.863322860120456
GTTCTACTCAATCTCC-1,OTI,6,65,1.8195439355418688
GTTCTACTCCAACACA-1,OTI,5,87,1.9444826721501687
GTTCTACTCCGAAACC-1,OTI,4,36,1.568201724066995
GTTCTAGAGAGGGGCT-1,OTI,1,6,0.8450980400142568
GTTCTAGAGATGGGGC-1,OTI,7,621,2.7937903846908188
GTTCTAGAGCCTAGCG-1,OTI,3,31,1.505149978319906
GTTCTAGAGCGTAGAG-1,C57BL6,1,3,0.6020599913279624
GTTCTAGAGGCTCGAT-1,OTI,1,18,1.2787536009528289
GTTCTAGAGGGACTGA-1,OTI,2,6,0.8450980400142568
GTTCTAGAGGGGTTAG-1,C57BL6,0,0,0.0
GTTCTATGTAAGGGAC-1,C57BL6,0,0,0.0
GTTCTATGTACTAAGC-1,C57BL6,0,0,0.0
GTTCTATGTACTGCGA-1,OTI,1,79,1.9030899869919435
GTTCTATGTAGGGCGA-1,OTI,5,154,2.1903316981702914
GTTCTATGTAGTGTAC-1,C57BL6,0,0,0.0
GTTCTATGTCACTTTG-1,OTI,1,37,1.5797835966168101
GTTCTATGTCCGCATT-1,OTI,2,613,2.788168371141168
GTTCTATGTCGAAGCC-1,OTI,0,0,0.0
GTTCTATGTCGCCCTA-1,OTI,1,16,1.2304489213782739
GTTCTATGTCTTGTCA-1,OTI,3,285,2.456366033129043
GTTCTATGTGCTATGG-1,OTI,6,174,2.2430380486862944
GTTCTATGTGGGGTAG-1,OTI,4,22,1.3617278360175928
GTTCTATGTGTATGCG-1,OTI,1,82,1.919078092376074
GTTCTATGTGTGAGTT-1,OTI,0,0,0.0
GTTCTATGTGTGGTCA-1,C57BL6,2,10,1.0413926851582251
GTTCTCAGTACACCCT-1,OTI,7,223,2.3502480183341627
GTTCTCAGTACAGTTA-1,C57BL6,1,9,1.0
GTTCTCAGTCAAGTTA-1,OTI,0,0,0.0
GTTCTCAGTCGGGGTT-1,OTI,0,0,0.0
GTTCTCAGTCTCGCTG-1,OTI,3,64,1.8129133566428555
GTTCTCAGTGTCGATG-1,OTI,10,851,2.9304395947667
GTTCTCCCAAGGGTTA-1,C57BL6,1,3,0.6020599913279624
GTTCTCCCACCTTCTA-1,OTI,0,0,0.0
GTTCTCCCACTGGGCT-1,OTI,2,27,1.4471580313422192
GTTGAAGCAAGCTATC-1,C57BL6,1,6,0.8450980400142568
GTTGAAGCAAGGGGAA-1,OTI,1,3,0.6020599913279624
GTTGAAGCAAGGTTCT-1,OTI,3,104,2.0211892990699383
GTTGAAGCAATCTTAG-1,OTI,2,18,1.2787536009528289
GTTGAAGCACAATAGG-1,OTI,0,0,0.0
GTTGAAGCACAATGTC-1,OTI,0,0,0.0
GTTGAAGCACTTCTCA-1,OTI,1,4,0.6989700043360189
GTTGAAGCAGTATACC-1,OTI,0,0,0.0
GTTGACATCCTACAAG-1,C57BL6,1,1,0.3010299956639812
GTTGAGACAAATGCGA-1,OTI,2,15,1.2041199826559248
GTTGATCCAAAGCTCT-1,OTI,0,0,0.0
GTTGATCCAAGAATTA-1,OTI,4,48,1.6901960800285136
GTTGATCCAATGGGAC-1,OTI,1,34,1.5440680443502757
GTTGATCCACTATAAT-1,C57BL6,1,5,0.7781512503836436
GTTGATCCAGCATGCC-1,OTI,3,174,2.2430380486862944
GTTGATCCAGCCTTTC-1,OTI,6,362,2.5599066250361124
GTTGATCCAGCGAAAC-1,C57BL6,0,0,0.0
GTTGATTAGATTACCG-1,OTI,3,58,1.7708520116421442
GTTGATTAGATTGAGA-1,C57BL6,0,0,0.0
GTTGATTAGCCCAAGT-1,C57BL6,0,0,0.0
GTTGATTAGGTAGCAG-1,C57BL6,0,0,0.0
GTTGCAATCACAGTTG-1,C57BL6,0,0,0.0
GTTGCAATCCCATCGC-1,C57BL6,1,4,0.6989700043360189
GTTGCAATCCGGAATC-1,OTI,2,21,1.3424226808222062
GTTGCAATCGCGTCAG-1,OTI,6,67,1.8325089127062364
GTTGCAGGTAAGGTAG-1,C57BL6,0,0,0.0
GTTGCAGGTAAGTGTC-1,OTI,3,383,2.584331224367531
GTTGCAGGTACTGCGA-1,C57BL6,3,18,1.2787536009528289
GTTGCAGGTCACTAGG-1,OTI,0,0,0.0
GTTGCAGGTCGTAATA-1,OTI,0,0,0.0
GTTGCAGGTCTGGTGA-1,OTI,4,60,1.7853298350107671
GTTGCCACAATAAGAC-1,OTI,4,84,1.9294189257142926
GTTGCCACACAAGGGT-1,C57BL6,0,0,0.0
GTTGCCACACCTATAA-1,C57BL6,0,0,0.0
GTTGCCACACGAGCGA-1,C57BL6,0,0,0.0
GTTGCCACACTAGAAG-1,OTI,0,0,0.0
GTTGCCACACTCCTTA-1,C57BL6,2,15,1.2041199826559248
GTTGCCACACTTAGCG-1,OTI,3,19,1.3010299956639813
GTTGCCACAGCGTAGG-1,OTI,6,750,2.8756399370041685
GTTGCCACAGCTATCG-1,OTI,0,0,0.0
GTTGCCACAGGATAGC-1,OTI,4,160,2.2068258760318495
GTTGCCACAGTGCGGA-1,OTI,3,171,2.2355284469075487
GTTGCCCTCAATTCCC-1,OTI,1,223,2.3502480183341627
GTTGCCCTCACAATTA-1,OTI,9,271,2.4345689040341987
GTTGCCCTCAGCCAAC-1,OTI,0,0,0.0
GTTGCCCTCCCTTCTC-1,OTI,2,111,2.0492180226701815
GTTGCCCTCGGACTTA-1,C57BL6,1,5,0.7781512503836436
GTTGCCCTCGGGCCTA-1,OTI,1,16,1.2304489213782739
GTTGCCCTCGTATAGT-1,OTI,1,15,1.2041199826559248
GTTGCCCTCGTATCTC-1,C57BL6,3,87,1.9444826721501687
GTTGCCCTCGTGATAT-1,OTI,0,0,0.0
GTTGCCCTCGTTCGCC-1,C57BL6,0,0,0.0
GTTGCCGAGATTCAAC-1,C57BL6,0,0,0.0
GTTGCCGAGCATAGGG-1,C57BL6,1,1,0.3010299956639812
GTTGCCGAGCCGCAAT-1,OTI,0,0,0.0
GTTGCCGAGCGTTCCC-1,OTI,2,124,2.0969100130080562
GTTGCCGAGGCTAACC-1,OTI,1,4,0.6989700043360189
GTTGCCGAGGGCGGAT-1,OTI,0,0,0.0
GTTGCCGAGGTTCTAG-1,OTI,0,0,0.0
GTTGCGAGTACTCGAG-1,C57BL6,0,0,0.0
GTTGCGAGTAGCTGAT-1,C57BL6,1,9,1.0
GTTGCGAGTCTGTCCG-1,OTI,5,422,2.6263403673750423
GTTGCGAGTGGGGCTT-1,OTI,2,22,1.3617278360175928
GTTGCGCCAAAGCTCT-1,OTI,0,0,0.0
GTTGCGCCAAATATTC-1,C57BL6,0,0,0.0
GTTGCGCCAAGCGCGA-1,OTI,3,19,1.3010299956639813
GTTGCGCCAATTCAGC-1,C57BL6,0,0,0.0
GTTGCGTAGAAATGGC-1,OTI,3,140,2.1492191126553797
GTTGCGTAGAATATCC-1,OTI,4,48,1.6901960800285136
GTTGCGTAGACAAGTA-1,OTI,1,5,0.7781512503836436
GTTGCGTAGCGCAGTT-1,C57BL6,0,0,0.0
GTTGCTTTCACGCAAC-1,C57BL6,0,0,0.0
GTTGCTTTCACTATCC-1,OTI,4,188,2.2764618041732443
GTTGCTTTCAGGGCAA-1,C57BL6,1,11,1.0791812460476249
GTTGGAACAACATGTC-1,OTI,2,25,1.414973347970818
GTTGGAACAACGACCC-1,OTI,3,540,2.7331972651065692
GTTGGAACAATTCTAG-1,OTI,4,118,2.0755469613925306
GTTGGAACACACCTCT-1,OTI,2,11,1.0791812460476249
GTTGGAACACATTGGT-1,C57BL6,0,0,0.0
GTTGGAACACCGAATT-1,C57BL6,0,0,0.0
GTTGGAACACTAGTTA-1,C57BL6,0,0,0.0
GTTGGAACAGGTAAAT-1,OTI,0,0,0.0
GTTGGAACAGTGCACC-1,OTI,5,31,1.505149978319906
GTTGGAACAGTGGCGA-1,OTI,1,6,0.8450980400142568
GTTGGAGAGACGATGG-1,OTI,5,159,2.2041199826559246
GTTGGAGAGACTTAAC-1,OTI,3,67,1.8325089127062364
GTTGGAGAGATGTATC-1,OTI,0,0,0.0
GTTGGAGAGCAAATGA-1,OTI,4,101,2.0086001717619175
GTTGGAGAGCACTGCG-1,OTI,3,82,1.919078092376074
GTTGGAGAGCCACAAC-1,C57BL6,0,0,0.0
GTTGGAGAGGCGTCAT-1,OTI,1,17,1.255272505103306
GTTGGAGAGGTATTCG-1,OTI,6,1069,3.0293837776852097
GTTGGAGAGGTGTCCG-1,OTI,0,0,0.0
GTTGGATGTAGCCCTT-1,C57BL6,0,0,0.0
GTTGGATGTCGATAGT-1,OTI,2,6,0.8450980400142568
GTTGGATGTGCATGGC-1,C57BL6,1,4,0.6989700043360189
GTTGGATGTGCTATGG-1,OTI,0,0,0.0
GTTGGCGTCAATGTAC-1,OTI,2,15,1.2041199826559248
GTTGGCGTCACCATCT-1,OTI,3,16,1.2304489213782739
GTTGGCGTCCCTTAAC-1,OTI,6,216,2.3364597338485296
GTTGGCGTCCTTGTCG-1,C57BL6,2,8,0.9542425094393249
GTTGGGCGTACCATGG-1,C57BL6,0,0,0.0
GTTGGGCGTACTTGGG-1,C57BL6,0,0,0.0
GTTGGGCGTCTACGGA-1,C57BL6,0,0,0.0
GTTGGGCGTCTCATTG-1,OTI,2,71,1.8573324964312685
GTTGGGGCAACCTATA-1,C57BL6,0,0,0.0
GTTGGGGCAACGTAAG-1,C57BL6,0,0,0.0
GTTGGGGCAATGCTCG-1,C57BL6,1,4,0.6989700043360189
GTTGGGGCACCTAATA-1,OTI,4,4,0.6989700043360189
GTTGGGGCACGACACC-1,C57BL6,0,0,0.0
GTTGGGGCACGCATCA-1,C57BL6,0,0,0.0
GTTGGGGCAGCAGCCT-1,OTI,4,213,2.330413773349191
GTTGGGGCAGCTAGGG-1,OTI,4,210,2.3242824552976926
GTTGGGGCAGTACTTA-1,C57BL6,1,7,0.9030899869919435
GTTGGGTTCAATCCCT-1,C57BL6,0,0,0.0
GTTGGGTTCACACATG-1,OTI,3,8,0.9542425094393249
GTTGGGTTCAGCATTG-1,OTI,5,41,1.6232492903979006
GTTGGGTTCATACGTG-1,C57BL6,0,0,0.0
GTTGGGTTCATCGGAC-1,OTI,1,66,1.8260748027008264
GTTGGGTTCCAGTATG-1,OTI,3,30,1.4913616938342726
GTTGGGTTCCATCTGT-1,OTI,4,31,1.505149978319906
GTTGGGTTCCTTCAAC-1,OTI,6,38,1.591064607026499
GTTGGGTTCGTCGCTC-1,OTI,4,148,2.173186268412274
GTTGGTCAGATTCGTG-1,OTI,0,0,0.0
GTTGGTTCACACCTCT-1,OTI,1,7,0.9030899869919435
GTTGGTTCACATAGAG-1,OTI,0,0,0.0
GTTGGTTCACCTGACA-1,OTI,2,51,1.7160033436347992
GTTGGTTCACGCGCAT-1,C57BL6,0,0,0.0
GTTGGTTCAGCGCTAC-1,C57BL6,1,14,1.1760912590556813
GTTGTAAGTAACATGC-1,OTI,0,0,0.0
GTTGTAAGTAGTGTAC-1,OTI,3,45,1.662757831681574
GTTGTAAGTGCGTAGC-1,OTI,3,53,1.7323937598229686
GTTGTAAGTGGACGCT-1,OTI,0,0,0.0
GTTGTAAGTGTGGCCG-1,OTI,7,271,2.4345689040341987
GTTGTAAGTGTTGCGA-1,C57BL6,3,98,1.99563519459755
GTTGTATAGACTATGT-1,C57BL6,3,7,0.9030899869919435
GTTGTATAGATCTGCA-1,OTI,4,50,1.7075701760979363
GTTGTATAGCAAACGG-1,OTI,1,3,0.6020599913279624
GTTGTATAGCTACATG-1,OTI,2,65,1.8195439355418688
GTTGTATAGGCGGAGT-1,OTI,0,0,0.0
GTTGTATAGGGGGTAC-1,OTI,2,168,2.2278867046136734
GTTGTATAGGTGCGTT-1,OTI,0,0,0.0
GTTGTCCGTATCCGAG-1,OTI,4,83,1.9242792860618816
GTTGTCCGTATGCCTC-1,OTI,0,0,0.0
GTTGTCCGTATTATCC-1,OTI,2,39,1.6020599913279623
GTTGTCCGTCAATTAG-1,OTI,3,207,2.3180633349627615
GTTGTCCGTGTCTCCG-1,C57BL6,0,0,0.0
GTTGTCCGTGTGGATT-1,OTI,3,25,1.414973347970818
GTTGTCTTCAAACCAT-1,C57BL6,0,0,0.0
GTTGTCTTCAACTCCT-1,C57BL6,0,0,0.0
GTTGTCTTCCACTCCA-1,OTI,4,232,2.367355921026019
GTTGTCTTCCCCATTG-1,OTI,2,44,1.6532125137753437
GTTGTCTTCCGCCCAT-1,OTI,1,53,1.7323937598229686
GTTGTCTTCCGCTAAA-1,C57BL6,0,0,0.0
GTTGTCTTCCGTAACA-1,OTI,4,103,2.0170333392987803
GTTGTCTTCCTCTAGT-1,C57BL6,1,4,0.6989700043360189
GTTGTCTTCGGCCCTT-1,C57BL6,8,112,2.0530784434834195
GTTGTGCAGAAGCTGG-1,OTI,4,20,1.3222192947339193
GTTGTGCAGAGTAAGC-1,C57BL6,0,0,0.0
GTTGTGCAGATAGTGA-1,OTI,2,5,0.7781512503836436
GTTGTGCAGCGATTCA-1,OTI,5,264,2.423245873936808
GTTGTGCAGCTACATG-1,OTI,0,0,0.0
GTTGTGCAGGCCCGTA-1,OTI,2,12,1.1139433523068367
GTTGTGGGTACCTTGC-1,C57BL6,1,3,0.6020599913279624
GTTGTGGGTACGGGTC-1,C57BL6,2,12,1.1139433523068367
GTTGTGGGTCCCAATC-1,OTI,4,23,1.380211241711606
GTTGTGGGTGTGCGCG-1,C57BL6,1,2,0.47712125471966244
